# time, position (1), position (2), position (3), velocity (1), velocity (2), velocity (3), acceleration (1), acceleration (2), acceleration (3), attitude (1), attitude (2), attitude (3), angle_rates (1), angle_rates (2), angle_rates (3)
0.000000000000000000e+00,0.000000000000000000e+00,0.000000000000000000e+00,1.000000000000000000e+03,1.012018854539455077e+02,6.196828254442570055e-15,0.000000000000000000e+00,-3.149743987065420374e-07,-3.585312554585909322e-26,-9.760849034449490702e+00,8.999999999999998579e+01,-1.845449660150130537e-06,0.000000000000000000e+00,2.558332872076199750e-19,-5.100799477977486195e-03,-8.240178542724818705e-27
9.500000000000000000e+00,4.063836029069089439e-22,8.635210164080850404e-03,9.999999914150685072e+02,1.012018853264115990e+02,-1.627450441788444197e-14,2.461633267669642165e-10,-3.005798349458375825e-07,5.424836933097216784e-25,-9.760849034430897575e+00,9.000000000000000000e+01,-1.720840916960894805e-06,0.000000000000000000e+00,1.475334726074050190e-19,-1.375534982537678571e-05,3.126414207188579397e-26
1.950000000000000000e+01,4.063836027404060936e-22,1.772490506190609397e-02,9.999999880241230130e+02,1.012018851924781870e+02,-1.627450441686721530e-14,8.982601029821624930e-10,-2.860419432418635808e-07,1.128030368680827985e-24,-9.760790826705235901e+00,9.000000000000000000e+01,-1.755539547202664021e-06,0.000000000000000000e+00,1.475334725978002619e-19,-4.670984547123822959e-05,3.166004582502953967e-26
2.950000000000000000e+01,4.063836025740055113e-22,2.681459994770252556e-02,9.999999869503080845e+02,1.012018850586087808e+02,-1.627450441585790564e-14,1.832569105721582379e-09,-3.519931700175964497e-07,-2.201314204612636550e-24,-9.761023657243562468e+00,9.000000000000000000e+01,-1.691834512710322132e-06,0.000000000000000000e+00,1.475334725881431196e-19,8.510792698090181190e-05,3.055678845348624197e-26
3.950000000000000000e+01,4.063836024074107843e-22,3.590429482147266399e-02,9.999999867705628276e+02,1.012018849243880396e+02,-1.627450441486460670e-14,3.008497972550973679e-09,-2.185231140942910135e-07,5.314145177741501173e-24,-9.760907241881783492e+00,9.000000000000000000e+01,-1.694725484249147712e-06,0.000000000000000000e+00,1.475334725788030575e-19,1.919898711437427756e-05,3.118325076030406137e-26
4.950000000000000000e+01,4.063836022408788288e-22,4.499398968321847297e-02,9.999999868059530854e+02,1.012018847908974379e+02,-1.627450441383048894e-14,4.411383574059439419e-09,-2.083381413931795166e-07,5.977233102944346021e-24,-9.760849034055576467e+00,9.000000000000000000e+01,-1.731485368368879812e-06,0.000000000000000000e+00,1.475334725689686814e-19,-1.375556543083275136e-05,3.140569386051392685e-26
5.950000000000000000e+01,4.063836020741776961e-22,5.408368453292610595e-02,9.999999869940802455e+02,1.012018846565557624e+02,-1.627450441283899175e-14,6.036567155117786190e-09,-3.466259974153827459e-07,-2.439803902429049520e-24,-9.760907241411107549e+00,9.000000000000000000e+01,-1.703480253620906619e-06,0.000000000000000000e+00,1.475334725593498650e-19,1.919871908707234930e-05,3.116123788934705706e-26
6.950000000000000000e+01,4.063836019079714465e-22,6.317337937061805186e-02,9.999999871952459216e+02,1.012018845232073403e+02,-1.627450441181544473e-14,7.873718001753905136e-09,-1.464077479877894730e-07,8.511043055128319774e-24,-9.760732618115683934e+00,9.000000000000000000e+01,-1.676851759272383361e-06,0.000000000000000000e+00,1.475334725497922932e-19,-7.966483335966548370e-05,3.218073775076324603e-26
7.950000000000000000e+01,4.063836017418000386e-22,7.226307419631694540e-02,9.999999875612556934e+02,1.012018843899647607e+02,-1.627450441078587712e-14,9.932088154004182828e-09,2.458444622902845133e-10,1.894686199830562781e-23,-9.760907241132006362e+00,9.000000000000000000e+01,-1.717731504926546279e-06,0.000000000000000000e+00,1.475334725401680120e-19,1.919855954219277990e-05,3.112530062898679800e-26
8.950000000000000000e+01,4.063836015757707715e-22,8.135276901002379268e-02,9.999999878108501434e+02,1.012018842556185376e+02,-1.627450440983213482e-14,1.221971656539238963e-08,-4.573007682799423562e-07,-1.103166815435531996e-23,-9.760907240136768692e+00,9.000000000000000000e+01,-1.507784311736137210e-06,0.000000000000000000e+00,1.475334725305017215e-19,1.919799524686812973e-05,3.156823024455223510e-26
9.950000000000000000e+01,4.063836014098268452e-22,9.044246381175458094e-02,9.999999879794195294e+02,1.012018841228058221e+02,-1.627450440878973402e-14,1.471120938458889967e-08,-2.542613957479760767e-07,2.898344239184120871e-24,-9.760849032345134901e+00,9.000000000000000000e+01,-1.706341098945789449e-06,0.000000000000000000e+00,1.475334725208302069e-19,-1.375653771600208745e-05,3.147241654813041461e-26
1.095000000000000000e+02,4.063836012442660361e-22,9.953215860151892747e-02,9.999999881079420447e+02,1.012018839899997005e+02,-1.627450440776702949e-14,1.742438789845302067e-08,-3.252572401895042287e-07,-9.391127217783382301e-25,-9.760965447306857001e+00,9.000000000000000000e+01,-1.720443194959087212e-06,0.000000000000000000e+00,1.475334725110186290e-19,5.215217408926686504e-05,3.097125787744001459e-26
1.195000000000000000e+02,4.063836010790265131e-22,1.086218533793629759e-01,9.999999883892014623e+02,1.012018838572456474e+02,-1.627450440675881477e-14,2.034908447594845437e-08,-6.213999584432210529e-08,1.461467764656390753e-23,-9.761023655081288553e+00,9.000000000000000000e+01,-1.572292194563392977e-06,0.000000000000000000e+00,1.475334725016829484e-19,8.510669577404956208e-05,3.069986148376401207e-26
1.295000000000000000e+02,4.063836009139624208e-22,1.177115481452912504e-01,9.999999885875731707e+02,1.012018837240378275e+02,-1.627450440578965182e-14,2.349199124333025500e-08,-5.359253028319599033e-07,-1.520572482107672058e-23,-9.760907238644199069e+00,9.000000000000000000e+01,-1.578475625419594706e-06,0.000000000000000000e+00,1.475334724918853817e-19,1.919714713839739914e-05,3.142777615094937576e-26
1.395000000000000000e+02,4.063836007493960329e-22,1.268012428993164076e-01,9.999999887319281697e+02,1.012018835922229840e+02,-1.627450440476317339e-14,2.684725447847874456e-08,-3.547777907309199584e-07,-3.193520333627814013e-24,-9.760674407320935941e+00,9.000000000000000000e+01,-1.811726157539025583e-06,0.000000000000000000e+00,1.475334724823274728e-19,-1.126210712499551593e-04,3.215418152248063972e-26
1.495000000000000000e+02,4.063836005850162194e-22,1.358909376415111669e-01,9.999999889656901360e+02,1.012018834610319260e+02,-1.627450440370635852e-14,3.042278767846357256e-08,4.580608163936009199e-08,2.228615513571661698e-23,-9.760907238969798172e+00,9.000000000000000000e+01,-1.782342921169793067e-06,0.000000000000000000e+00,1.475334724727377621e-19,1.919732998766236073e-05,3.101221142074972821e-26
1.595000000000000000e+02,4.063836004210711978e-22,1.449806323718865197e-01,9.999999891864135861e+02,1.012018833283973578e+02,-1.627450440276341099e-14,3.421453574215324798e-08,-7.905426829945509594e-07,-2.999985043107777098e-23,-9.760849028436267005e+00,9.000000000000000000e+01,-1.701468870840349095e-06,0.000000000000000000e+00,1.475334724627753839e-19,-1.375875537582625343e-05,3.148908798263170475e-26
1.695000000000000000e+02,4.063836002572398700e-22,1.540703270904520694e-01,9.999999894527718425e+02,1.012018831984404557e+02,-1.627450440166275124e-14,3.820877248862023494e-08,-2.673022453155999322e-07,2.701040724961189158e-24,-9.760790821262041561e+00,9.000000000000000000e+01,-1.767061144702921795e-06,0.000000000000000000e+00,1.475334724529225189e-19,-4.671293872207599927e-05,3.146961534516733712e-26
1.795000000000000000e+02,4.063836000940555343e-22,1.631600217972526690e-01,9.999999896576628089e+02,1.012018830668852303e+02,-1.627450440069478419e-14,4.241941757777497213e-08,-2.755987166296532246e-07,2.248044346247560163e-24,-9.760965444239566580e+00,9.000000000000000000e+01,-1.704725453500918413e-06,0.000000000000000000e+00,1.475334724436695570e-19,5.215043214735493591e-05,3.084879583612915082e-26
1.895000000000000000e+02,4.063835999308998336e-22,1.722497164923079416e-01,9.999999899016693234e+02,1.012018829363040311e+02,-1.627450439966995290e-14,4.683284865569398587e-08,-7.230139710106393879e-08,1.374334540561184296e-23,-9.760907236210854876e+00,9.000000000000000000e+01,-1.646511048721843047e-06,0.000000000000000000e+00,1.475334724341195686e-19,1.919576494985518637e-05,3.131655386720236468e-26
1.995000000000000000e+02,4.063835997683914542e-22,1.813394111756540250e-01,9.999999898271635175e+02,1.012018828050288732e+02,-1.627450439872228168e-14,5.146576980108911412e-08,-3.284935656663584508e-07,-1.476662345171872383e-24,-9.760849026765942682e+00,9.000000000000000000e+01,-1.724460922521586882e-06,0.000000000000000000e+00,1.475334724247922417e-19,-1.375970410592195864e-05,3.143374256623944342e-26
2.095000000000000000e+02,4.063835996062860342e-22,1.904291058473274734e-01,9.999999897545203567e+02,1.012018826763342219e+02,-1.627450439763842781e-14,5.632001509870185641e-08,-8.959126848975391152e-08,1.467689380364455610e-23,-9.760849026810360485e+00,9.000000000000000000e+01,-1.859711211462703044e-06,0.000000000000000000e+00,1.475334724148068246e-19,-1.375967962305330975e-05,3.100654422275571933e-26
2.195000000000000000e+02,4.063835994447884859e-22,1.995188005073583737e-01,9.999999899137765169e+02,1.012018825471335504e+02,-1.627450439662057005e-14,6.139130838791417258e-08,-6.983275004026850921e-08,1.475355976814334051e-23,-9.760790818004348779e+00,9.000000000000000000e+01,-1.795447671568296026e-06,0.000000000000000000e+00,1.475334724051217562e-19,-4.671478687660211908e-05,3.157004988335654419e-26
2.295000000000000000e+02,4.063835992839090125e-22,2.086084951558088985e-01,9.999999900450929999e+02,1.012018824171420874e+02,-1.627450439568440042e-14,6.667516505197833179e-08,-9.110395863569883529e-07,-3.751394532017343749e-23,-9.760849022055486657e+00,9.000000000000000000e+01,-1.690083197524958470e-06,0.000000000000000000e+00,1.475334723952329726e-19,-1.376237314484395539e-05,3.152570844645563048e-26
2.395000000000000000e+02,4.063835991233637086e-22,2.176981897927109944e-01,9.999999903086572886e+02,1.012018822887454377e+02,-1.627450439467022822e-14,7.216835738490681872e-08,-8.970464374129870548e-07,-3.598513063710671121e-23,-9.760790813038047631e+00,9.000000000000000000e+01,-1.787706099695864085e-06,0.000000000000000000e+00,1.475334723856079451e-19,-4.671760008677545723e-05,3.159244051364735565e-26
2.495000000000000000e+02,4.063835989634774809e-22,2.267878844180832854e-01,9.999999904902651906e+02,1.012018821614377515e+02,-1.627450439362585211e-14,7.786854251242502248e-08,-6.238717138128377581e-07,-1.921610037796765538e-23,-9.760674396784034812e+00,9.000000000000000000e+01,-1.857864632303520342e-06,0.000000000000000000e+00,1.475334723759896343e-19,-1.126270449794951084e-04,3.204679987589485046e-26
2.595000000000000000e+02,4.063835988043208120e-22,2.358775790320394306e-01,9.999999905992299318e+02,1.012018820360747782e+02,-1.627450439250109739e-14,8.377689801056228605e-08,1.745262067355211822e-07,2.876111495525820749e-23,-9.760849021095749478e+00,9.000000000000000000e+01,-1.703059046403331187e-06,0.000000000000000000e+00,1.475334723662140472e-19,-1.376291852945782444e-05,3.166449818547553150e-26
2.695000000000000000e+02,4.063835986455059769e-22,2.449672736345023527e-01,9.999999908115714788e+02,1.012018819068931208e+02,-1.627450439163049471e-14,8.989382432415000059e-08,-2.414428350041958146e-07,4.141019043929701560e-24,-9.760790810116747096e+00,9.000000000000000000e+01,-1.817846944190221174e-06,0.000000000000000000e+00,1.475334723574158696e-19,-4.671925622020561987e-05,3.168719795718622369e-26
2.795000000000000000e+02,4.063835984872776664e-22,2.540569682256563766e-01,9.999999910099431872e+02,1.012018817808187094e+02,-1.627450439060030233e-14,9.621242521086598821e-08,6.238159076604307013e-07,5.698447268799192281e-23,-9.760965437407246981e+00,9.000000000000000000e+01,-1.675169831067950472e-06,0.000000000000000000e+00,1.475334723485781141e-19,5.214655652594362724e-05,3.093712790444368522e-26
2.895000000000000000e+02,4.063835983297614234e-22,2.631466628055415535e-01,9.999999912260100245e+02,1.012018816549686449e+02,-1.627450438959716471e-14,1.027423782776070835e-07,-2.552530473561536385e-07,2.075720904010350716e-24,-9.760965432294776534e+00,9.000000000000000000e+01,-1.571850606351418628e-06,0.000000000000000000e+00,1.475334723380496570e-19,5.214366141772712557e-05,3.120468977660179683e-26
2.995000000000000000e+02,4.063835981727823813e-22,2.722363573741068410e-01,9.999999914560467005e+02,1.012018815319552942e+02,-1.627450438845086777e-14,1.094709370677019648e-07,1.191667165657323576e-06,9.241258440684001977e-23,-9.760849021494658828e+00,9.000000000000000000e+01,-1.812948915425204954e-06,0.000000000000000000e+00,1.475334723288459748e-19,-1.376269562724354302e-05,3.125590693527335949e-26
3.095000000000000000e+02,4.063835980164009135e-22,2.813260519314975117e-01,9.999999914998188615e+02,1.012018814064959429e+02,-1.627450438748620133e-14,1.164063787564816427e-07,1.710652158956295196e-07,2.829079406427510141e-23,-9.760790806922678087e+00,9.000000000000000000e+01,-1.681934998097610646e-06,0.000000000000000000e+00,1.475334723185052958e-19,-4.672106727634320344e-05,3.187496146530293108e-26
3.195000000000000000e+02,4.063835978608554103e-22,2.904157464777105679e-01,9.999999916572123766e+02,1.012018812833157853e+02,-1.627450438642869542e-14,1.235446473613853650e-07,4.869691636803715984e-07,4.883037443496229246e-23,-9.760732598893815393e+00,9.000000000000000000e+01,-1.829886081548246794e-06,0.000000000000000000e+00,1.475334723088518609e-19,-7.967573446237089798e-05,3.181249589250754909e-26
3.295000000000000000e+02,4.063835977058251028e-22,2.995054410128165090e-01,9.999999918173998594e+02,1.012018811579400932e+02,-1.627450438553343295e-14,1.308829806556432869e-07,-2.206947836958449634e-07,5.395129897753118837e-24,-9.760790802284748935e+00,9.000000000000000000e+01,-1.787437864436248177e-06,0.000000000000000000e+00,1.475334722995080673e-19,-4.672369454522984112e-05,3.160666120561602832e-26
3.395000000000000000e+02,4.063835975516966815e-22,3.085951355369124238e-01,9.999999920269474387e+02,1.012018810379152427e+02,-1.627450438436057980e-14,1.384228616076144725e-07,-2.659995871582824630e-07,2.596202596327090220e-24,-9.760849009078564009e+00,9.000000000000000000e+01,-1.752524890253385700e-06,0.000000000000000000e+00,1.475334722884029145e-19,-1.376972767665057433e-05,3.138145032649512183e-26
3.495000000000000000e+02,4.063835973983583805e-22,3.176848300499836575e-01,9.999999922197312117e+02,1.012018809172560907e+02,-1.627450438327054127e-14,1.461602513361190753e-07,8.898907166152391384e-07,7.411819805676280200e-23,-9.760849014090895892e+00,9.000000000000000000e+01,-1.824259298650176137e-06,0.000000000000000000e+00,1.475334722793796198e-19,-1.376689056727085111e-05,3.119850781008582392e-26
3.595000000000000000e+02,4.063835972455637692e-22,3.267745245521543884e-01,9.999999924609437585e+02,1.012018807945518262e+02,-1.627450438233595567e-14,1.541005088712509691e-07,2.479105378009248579e-07,3.426073406223671965e-23,-9.760849009058707892e+00,9.000000000000000000e+01,-1.772186315961069591e-06,0.000000000000000000e+00,1.475334722697525460e-19,-1.376974032571382359e-05,3.133445553035205639e-26
3.695000000000000000e+02,4.063835970938034988e-22,3.358642190435098818e-01,9.999999925885349512e+02,1.012018806713830372e+02,-1.627450438148660491e-14,1.622301975771297805e-07,-3.954452047194179349e-07,-5.595119402387217987e-24,-9.760849003779235034e+00,9.000000000000000000e+01,-1.728355931562256827e-06,0.000000000000000000e+00,1.475334722608969756e-19,-1.377273020512006148e-05,3.144924093049792017e-26
3.795000000000000000e+02,4.063835969425037401e-22,3.449539135239964027e-01,9.999999927664175630e+02,1.012018805528677063e+02,-1.627450438037762109e-14,1.705649193963093681e-07,-9.471893319191640051e-07,-3.906609510135365170e-23,-9.760907207595474588e+00,9.000000000000000000e+01,-1.725927514451865745e-06,0.000000000000000000e+00,1.475334722498246840e-19,1.917955085407595678e-05,3.114058357623219465e-26
3.895000000000000000e+02,4.063835967923818738e-22,3.540436079938042990e-01,9.999999928995966911e+02,1.012018804357698230e+02,-1.627450437924784290e-14,1.790907277494865562e-07,1.845082655286257535e-06,1.316288907944032209e-22,-9.760790805597029163e+00,9.000000000000000000e+01,-1.765147824784303270e-06,0.000000000000000000e+00,1.475334722422381089e-19,-4.672182317789186064e-05,3.167522287977170518e-26
3.995000000000000000e+02,4.063835966430959720e-22,3.631333024529822540e-01,9.999999931352213025e+02,1.012018803156452691e+02,-1.627450437834929562e-14,1.878061973511091932e-07,2.970261951062973094e-07,3.664774435620346728e-23,-9.760790794373193080e+00,9.000000000000000000e+01,-1.747395088107621848e-06,0.000000000000000000e+00,1.475334722319563634e-19,-4.672817832508742073e-05,3.172303999697931156e-26
4.095000000000000000e+02,4.063835964945545814e-22,3.722229969015498074e-01,9.999999930532649159e+02,1.012018802000470572e+02,-1.627450437721283105e-14,1.967205562452094564e-07,1.174305609944462745e-06,9.027026743038141041e-23,-9.760907216159511179e+00,9.000000000000000000e+01,-1.661882694941793734e-06,0.000000000000000000e+00,1.475334722222168875e-19,1.918439748462306754e-05,3.126251681893834053e-26
4.195000000000000000e+02,4.063835963473008272e-22,3.813126913396885365e-01,9.999999930765479803e+02,1.012018800840395869e+02,-1.627450437617426727e-14,2.058300147304215329e-07,-1.922133650103492893e-08,1.787863149187221352e-23,-9.760848997877834776e+00,9.000000000000000000e+01,-1.772499257097288220e-06,0.000000000000000000e+00,1.475334722110950995e-19,-1.377607422532410033e-05,3.134577761317360140e-26
4.295000000000000000e+02,4.063835962007958630e-22,3.904023857673822318e-01,9.999999932432547212e+02,1.012018799680058123e+02,-1.627450437517876583e-14,2.151298350008438351e-07,2.376614593802236375e-07,3.371132496844035163e-23,-9.760848997887055845e+00,9.000000000000000000e+01,-1.782877228911841440e-06,0.000000000000000000e+00,1.475334722019439952e-19,-1.377606968303465503e-05,3.132123732886409398e-26
4.395000000000000000e+02,4.063835960552911974e-22,3.994920801847304248e-01,9.999999933512881398e+02,1.012018798559856236e+02,-1.627450437399363800e-14,2.246237390724371655e-07,1.244423773932140962e-06,9.625172773506672325e-23,-9.760674376028141808e+00,9.000000000000000000e+01,-1.967853810964768183e-06,0.000000000000000000e+00,1.475334721919334447e-19,-1.126388084912130526e-04,3.179771930874498028e-26
4.495000000000000000e+02,4.063835959103264599e-22,4.085817745918413624e-01,9.999999935906380415e+02,1.012018797379644326e+02,-1.627450437320422174e-14,2.342996573979275555e-07,-5.953600584671714970e-07,-1.815545254977583947e-23,-9.760848988299933637e+00,9.000000000000000000e+01,-1.701547672263137203e-06,0.000000000000000000e+00,1.475334721822972468e-19,-1.378149874446822774e-05,3.153519313621714969e-26
4.595000000000000000e+02,4.063835957666594211e-22,4.176714689886987797e-01,9.999999937582761049e+02,1.012018796245434800e+02,-1.627450437220462768e-14,2.441714618508944128e-07,-2.411231954238440906e-07,3.264662847975098754e-24,-9.761023616503727851e+00,9.000000000000000000e+01,-1.577341286953560225e-06,0.000000000000000000e+00,1.475334721732193038e-19,8.508483115893770987e-05,3.090672134203869981e-26
4.695000000000000000e+02,4.063835956239429341e-22,4.267611633754666012e-01,9.999999939491972327e+02,1.012018795117033392e+02,-1.627450437122383377e-14,2.542224959370005589e-07,3.934817843801805871e-07,4.265112782873733126e-23,-9.760907200993214516e+00,9.000000000000000000e+01,-1.694345140798119628e-06,0.000000000000000000e+00,1.475334721646355304e-19,1.917580721354720030e-05,3.124151009791685347e-26
4.795000000000000000e+02,4.063835954819965370e-22,4.358508577522227090e-01,9.999999941186979413e+02,1.012018794033791380e+02,-1.627450437000971372e-14,2.644547561615503155e-07,1.948750211266864295e-06,1.385244942340950842e-22,-9.760674373699334438e+00,9.000000000000000000e+01,-1.887997970688829229e-06,0.000000000000000000e+00,1.475334721549737898e-19,-1.126401295938417129e-04,3.201267762731617129e-26
4.895000000000000000e+02,4.063835953410577736e-22,4.449405521189529478e-01,9.999999942239373922e+02,1.012018792923272343e+02,-1.627450436901569534e-14,2.748669954124897232e-07,4.231494315153142263e-07,4.517383566056728076e-23,-9.760848988209078314e+00,9.000000000000000000e+01,-1.796047676847844808e-06,0.000000000000000000e+00,1.475334721438948297e-19,-1.378155247660293953e-05,3.130136607732106813e-26
4.995000000000000000e+02,4.063835952012571708e-22,4.540302464758080303e-01,9.999999944083392620e+02,1.012018791810359346e+02,-1.627450436810058514e-14,2.854612981672424864e-07,-1.128960721067754629e-06,-5.036983153490026792e-23,-9.760848973874852064e+00,9.000000000000000000e+01,-1.748266407423718134e-06,0.000000000000000000e+00,1.475334721334871765e-19,-1.378966848316901992e-05,3.142696810699953451e-26
5.095000000000000000e+02,4.063835950626455101e-22,4.631199408229072501e-01,9.999999945722520351e+02,1.012018790750209831e+02,-1.627450436692806646e-14,2.962323905181361821e-07,9.548343113455799154e-07,7.684066204808506228e-23,-9.760848988409751570e+00,9.000000000000000000e+01,-1.711902438750734433e-06,0.000000000000000000e+00,1.475334721247732824e-19,-1.378143997269570420e-05,3.152305315910202807e-26
5.195000000000000000e+02,4.063835949249806395e-22,4.722096351603555231e-01,9.999999947519972920e+02,1.012018789678799351e+02,-1.627450436587553353e-14,3.071806983436644204e-07,-1.515423593849322117e-06,-7.468395122079468766e-23,-9.761081807559861545e+00,9.000000000000000000e+01,-1.555389352986473508e-06,0.000000000000000000e+00,1.475334721121330190e-19,1.180298854502072461e-04,3.066128480481156255e-26
5.295000000000000000e+02,4.063835947886921788e-22,4.812993294880105188e-01,9.999999948376789689e+02,1.012018788589854950e+02,-1.627450436500889410e-14,3.183107759792583919e-07,-2.676576575676115747e-07,2.956622251787288755e-24,-9.760848977314973141e+00,9.000000000000000000e+01,-1.806252143043415000e-06,0.000000000000000000e+00,1.475334721052855676e-19,-1.378772254799578536e-05,3.128536348204644162e-26
5.395000000000000000e+02,4.063835946531904059e-22,4.903890238061915374e-01,9.999999950034543872e+02,1.012018787543976686e+02,-1.627450436392096025e-14,3.296115900488578087e-07,-4.635968052199559800e-07,-9.054447355502030819e-24,-9.760848973450258370e+00,9.000000000000000000e+01,-1.805578705117380621e-06,0.000000000000000000e+00,1.475334720948409847e-19,-1.378991099869674323e-05,3.128977644447583005e-26
5.495000000000000000e+02,4.063835945188072334e-22,4.994787181150346367e-01,9.999999948246404529e+02,1.012018786486513733e+02,-1.627450436296356079e-14,3.410834548404797877e-07,-3.537464337947643761e-07,-2.900900357288489443e-24,-9.761023601686964923e+00,9.000000000000000000e+01,-1.652491890967054203e-06,0.000000000000000000e+00,1.475334720859069087e-19,8.507643756397872622e-05,3.073608061105503602e-26
5.595000000000000000e+02,4.063835943855875653e-22,5.085684124146603313e-01,9.999999948358163238e+02,1.012018785462867214e+02,-1.627450436186651401e-14,3.527393004345730818e-07,-7.886745667765276456e-07,-2.928474844028996427e-23,-9.760790756006933577e+00,9.000000000000000000e+01,-1.808574533182944698e-06,0.000000000000000000e+00,1.475334720751334010e-19,-4.674990858494335505e-05,3.160443447606804640e-26
5.695000000000000000e+02,4.063835942538243816e-22,5.176581067051070351e-01,9.999999948833137751e+02,1.012018784438910615e+02,-1.627450436085030340e-14,3.645623231985306388e-07,1.686651232564621999e-06,1.219777450055500876e-22,-9.760848985888392448e+00,9.000000000000000000e+01,-1.746785006830842101e-06,0.000000000000000000e+00,1.475334720682811349e-19,-1.378287084167709124e-05,3.144935824958815740e-26
5.795000000000000000e+02,4.063835941230257616e-22,5.267478009863397759e-01,9.999999950462952256e+02,1.012018783412304685e+02,-1.627450435990373026e-14,3.765574040047692037e-07,-1.407118419557018235e-06,-6.694556882727989116e-23,-9.760965375722852500e+00,9.000000000000000000e+01,-1.730993909059500103e-06,0.000000000000000000e+00,1.475334720559441091e-19,5.211161542375767334e-05,3.085927381545602803e-26
5.895000000000000000e+02,4.063835939935845555e-22,5.358374952584543660e-01,9.999999952027574182e+02,1.012018782410707303e+02,-1.627450435887995920e-14,3.887228139655148995e-07,-1.509066072304403145e-06,-7.459601345663003291e-23,-9.760907161946803967e+00,9.000000000000000000e+01,-1.617232516212724229e-06,0.000000000000000000e+00,1.475334720461745406e-19,1.915369461111020167e-05,3.141676247279203099e-26
5.995000000000000000e+02,4.063835938655397426e-22,5.449271895216856176e-01,9.999999953377991915e+02,1.012018781451271963e+02,-1.627450435767472173e-14,4.010446884940793560e-07,-1.865869865312600743e-08,1.814742766063282825e-23,-9.760965384100579456e+00,9.000000000000000000e+01,-1.739410292857588761e-06,0.000000000000000000e+00,1.475334720365839150e-19,5.211635770215026928e-05,3.084332945052728491e-26
6.095000000000000000e+02,4.063835937388486290e-22,5.540168837761557663e-01,9.999999955119565129e+02,1.012018780457501492e+02,-1.627450435675528857e-14,4.135290550987669907e-07,-5.840131900908498199e-07,-1.621955677819492210e-23,-9.760907166035108773e+00,9.000000000000000000e+01,-1.797067947900783330e-06,0.000000000000000000e+00,1.475334720272803975e-19,1.915600831067544517e-05,3.101474701813789144e-26
6.195000000000000000e+02,4.063835936132361491e-22,5.631065780219489669e-01,9.999999956730753183e+02,1.012018779525111114e+02,-1.627450435551891634e-14,4.261757387644676893e-07,-8.907181050433356145e-07,-3.597936259863380370e-23,-9.760965370861431012e+00,9.000000000000000000e+01,-1.670906081239730331e-06,0.000000000000000000e+00,1.475334720153964708e-19,5.210886160613944530e-05,3.102573099739045685e-26
6.295000000000000000e+02,4.063835934891795534e-22,5.721962722591886763e-01,9.999999957904219627e+02,1.012018778536357502e+02,-1.627450435471458114e-14,4.389779530629441996e-07,-1.759291086122735810e-06,-8.930697495340374973e-23,-9.760848938563839283e+00,9.000000000000000000e+01,-1.723749699605936540e-06,0.000000000000000000e+00,1.475334720067962788e-19,-1.380966646949705536e-05,3.152649601349331841e-26
6.395000000000000000e+02,4.063835933661549478e-22,5.812859664877390031e-01,9.999999959552660584e+02,1.012018777564830714e+02,-1.627450435386130501e-14,4.519372873188267096e-07,-3.319730994332498701e-06,-1.848496745162469006e-22,-9.760848919898451825e+00,9.000000000000000000e+01,-1.725087186460585713e-06,0.000000000000000000e+00,1.475334719970005658e-19,-1.382023455775013845e-05,3.152621609205616198e-26
6.495000000000000000e+02,4.063835932440763800e-22,5.903756607078995966e-01,9.999999961312860250e+02,1.012018776697642437e+02,-1.627450435242218606e-14,4.650466497133812257e-07,1.318832312086769930e-06,9.934011857561395890e-23,-9.760732543096661828e+00,9.000000000000000000e+01,-1.806922425859205385e-06,0.000000000000000000e+00,1.475334719887671190e-19,-7.970734285126742410e-05,3.195210792766736100e-26
6.595000000000000000e+02,4.063835931236719512e-22,5.994653549198249998e-01,9.999999961415305734e+02,1.012018775775042911e+02,-1.627450435141228002e-14,4.783141435375401249e-07,-8.452397308554262929e-07,-3.285815836050276589e-23,-9.760965361275362184e+00,9.000000000000000000e+01,-1.705925387726703578e-06,0.000000000000000000e+00,1.475334719769185813e-19,5.210343263444899641e-05,3.094793528219529184e-26
6.695000000000000000e+02,4.063835930044933280e-22,6.085550491236269011e-01,9.999999960949644446e+02,1.012018774841796755e+02,-1.627450435053652135e-14,4.917349675845084145e-07,-1.499802092077549243e-06,-7.384194643838865076e-23,-9.760965351548971825e+00,9.000000000000000000e+01,-1.620040258996645306e-06,0.000000000000000000e+00,1.475334719679186625e-19,5.209792539297778129e-05,3.117231633422916003e-26
6.795000000000000000e+02,4.063835928867409556e-22,6.176447433193821279e-01,9.999999961676076055e+02,1.012018773981193362e+02,-1.627450434929567470e-14,5.053099242360664466e-07,1.165088002296082449e-06,9.065475052894351082e-23,-9.760907166705386828e+00,9.000000000000000000e+01,-1.788377883733464067e-06,0.000000000000000000e+00,1.475334719593330112e-19,1.915638500814195247e-05,3.109559225788627618e-26
6.895000000000000000e+02,4.063835927702361588e-22,6.267344375070830198e-01,9.999999962709844112e+02,1.012018773052735980e+02,-1.627450434853957677e-14,5.190287918123791002e-07,-9.404395516640469720e-07,-3.885243733479680243e-23,-9.760790718808999955e+00,9.000000000000000000e+01,-1.791057946330252441e-06,0.000000000000000000e+00,1.475334719498231544e-19,-4.677097431430434036e-05,3.168904491516650256e-26
6.995000000000000000e+02,4.063835926550605640e-22,6.358241316868490367e-01,9.999999963985756040e+02,1.012018772218793004e+02,-1.627450434727738670e-14,5.328915661323524107e-07,1.405334886596089736e-06,1.050549924927497790e-22,-9.760848953083577584e+00,9.000000000000000000e+01,-1.784745868398294992e-06,0.000000000000000000e+00,1.475334719406831723e-19,-1.380144887225345931e-05,3.139154995255093669e-26
7.095000000000000000e+02,4.063835925415867089e-22,6.449138258589184325e-01,9.999999965820461512e+02,1.012018771361876048e+02,-1.627450434625072525e-14,5.468961709803742340e-07,-1.733565131191787156e-07,9.512994915938347740e-24,-9.760848932901525998e+00,9.000000000000000000e+01,-1.913128907226694695e-06,0.000000000000000000e+00,1.475334719293617376e-19,-1.381287526686328262e-05,3.115273968853227859e-26
7.195000000000000000e+02,4.063835924292291503e-22,6.540035200234127766e-01,9.999999966956675053e+02,1.012018770517180144e+02,-1.627450434521050171e-14,5.610461273946402114e-07,7.846780958007255841e-07,6.603259249387396622e-23,-9.760790729077340799e+00,9.000000000000000000e+01,-1.709219373710326651e-06,0.000000000000000000e+00,1.475334719206551861e-19,-4.676516172677742738e-05,3.185448661030222889e-26
7.295000000000000000e+02,4.063835923187023535e-22,6.630932141804372071e-01,9.999999968688935041e+02,1.012018769683613613e+02,-1.627450434420404456e-14,5.753305874874889704e-07,8.039469553762036629e-07,6.799132409506425749e-23,-9.760732514980597685e+00,9.000000000000000000e+01,-1.829934069757280772e-06,0.000000000000000000e+00,1.475334719112767739e-19,-7.972326399095974378e-05,3.191913352639099953e-26
7.395000000000000000e+02,4.063835922093063354e-22,6.721829083301094077e-01,9.999999969694763422e+02,1.012018768832656548e+02,-1.627450434336484171e-14,5.897502730375978680e-07,-5.126075089020342859e-08,1.520170108225951904e-23,-9.760907136813935736e+00,9.000000000000000000e+01,-1.691350279621178568e-06,0.000000000000000000e+00,1.475334719024226240e-19,1.913945932719269305e-05,3.132883581006051808e-26
7.495000000000000000e+02,4.063835921019174973e-22,6.812726024723466667e-01,9.999999971333891153e+02,1.012018768044086414e+02,-1.627450434225587367e-14,6.043045868597331384e-07,1.100298344387580678e-06,8.615593698764728752e-23,-9.760907147686522123e+00,9.000000000000000000e+01,-1.734448983776630097e-06,0.000000000000000000e+00,1.475334718933734977e-19,1.914561455940910685e-05,3.122125500246068322e-26
7.595000000000000000e+02,4.063835919956279815e-22,6.903622966075313450e-01,9.999999969629570842e+02,1.012018767290311416e+02,-1.627450434099379089e-14,6.189929065815188423e-07,2.332144871110855448e-07,3.299519896623213253e-23,-9.760848922575972253e+00,9.000000000000000000e+01,-1.761723665058677131e-06,0.000000000000000000e+00,1.475334718807310917e-19,-1.381872271496072463e-05,3.147145016295552727e-26
7.695000000000000000e+02,4.063835918910522895e-22,6.994519907357733546e-01,9.999999969247728586e+02,1.012018766525258258e+02,-1.627450433989532101e-14,6.338214292050275965e-07,-2.206369470444331104e-07,5.318511796848785775e-24,-9.760907126004866541e+00,9.000000000000000000e+01,-1.740490180227476899e-06,0.000000000000000000e+00,1.475334718700186360e-19,1.913333936738263318e-05,3.121281891350676487e-26
7.795000000000000000e+02,4.063835917877161328e-22,7.085416848571682857e-01,9.999999969080090523e+02,1.012018765751608811e+02,-1.627450433891809590e-14,6.487778281825001033e-07,-1.605387656468095842e-06,-7.917558658915396440e-23,-9.760965318001016300e+00,9.000000000000000000e+01,-1.736881650108075663e-06,0.000000000000000000e+00,1.475334718593783064e-19,5.207892863406571353e-05,3.090889262357623940e-26
7.895000000000000000e+02,4.063835916858872419e-22,7.176313789718348213e-01,9.999999970123171806e+02,1.012018765033817829e+02,-1.627450433768364849e-14,6.638701011705898653e-07,9.613031421866947182e-08,2.480903554699847692e-23,-9.760848911623599022e+00,9.000000000000000000e+01,-1.784033831260646432e-06,0.000000000000000000e+00,1.475334718498154864e-19,-1.382492398018366695e-05,3.142469585391960664e-26
7.995000000000000000e+02,4.063835915856169626e-22,7.267210730797347695e-01,9.999999971445649862e+02,1.012018764249535963e+02,-1.627450433694202142e-14,6.790828077664182622e-07,3.549597694134255113e-07,4.064277784310349077e-23,-9.760848911708542630e+00,9.000000000000000000e+01,-1.791645992724198875e-06,0.000000000000000000e+00,1.475334718431001539e-19,-1.382487666653778316e-05,3.144550076258015105e-26
8.095000000000000000e+02,4.063835914868736033e-22,7.358107671810800721e-01,9.999999972674995661e+02,1.012018763572430800e+02,-1.627450433562869738e-14,6.944118203051370218e-07,2.256349884184517665e-06,1.579324683979455204e-22,-9.760790720651989716e+00,9.000000000000000000e+01,-1.899881006423088443e-06,0.000000000000000000e+00,1.475334718330778793e-19,-4.676993421937859980e-05,3.145041941233448820e-26
8.195000000000000000e+02,4.063835913893394516e-22,7.449004612760496968e-01,9.999999973801895976e+02,1.012018762818927087e+02,-1.627450433484906615e-14,7.098616618490987764e-07,-2.610519419236713590e-06,-1.410845059136893973e-22,-9.760907079269161457e+00,9.000000000000000000e+01,-1.738330481821013233e-06,0.000000000000000000e+00,1.475334718203749991e-19,1.910687836237378467e-05,3.123666218862720034e-26
8.295000000000000000e+02,4.063835912937383298e-22,7.539901553647667676e-01,9.999999975096434355e+02,1.012018762154899747e+02,-1.627450433362952506e-14,7.254272377407750868e-07,-6.837537137595114024e-07,-2.322728238276663520e-23,-9.760848888270087897e+00,9.000000000000000000e+01,-1.760268421347501423e-06,0.000000000000000000e+00,1.475334718112155411e-19,-1.383814678543923688e-05,3.150063432826906318e-26
8.395000000000000000e+02,4.063835911995068470e-22,7.630798494473901572e-01,9.999999976651743054e+02,1.012018761496440931e+02,-1.627450433245184092e-14,7.411098741733194745e-07,-1.492505237644187981e-06,-7.129920291116237750e-23,-9.760790661505478027e+00,9.000000000000000000e+01,-1.945371284143500994e-06,0.000000000000000000e+00,1.475334717994554277e-19,-4.680342055969751255e-05,3.139981622248772365e-26
8.495000000000000000e+02,4.063835911070868951e-22,7.721695435240309990e-01,9.999999975748360157e+02,1.012018760825144028e+02,-1.627450433145146432e-14,7.569045085623970039e-07,2.419700552150193962e-06,1.678420350858797958e-22,-9.760790710369381173e+00,9.000000000000000000e+01,-1.894311753398096148e-06,0.000000000000000000e+00,1.475334717944588913e-19,-4.677575667364790497e-05,3.147963532376370596e-26
8.595000000000000000e+02,4.063835910159651121e-22,7.812592375946422196e-01,9.999999975226819515e+02,1.012018760169443397e+02,-1.627450433042661094e-14,7.728178097770165163e-07,3.212032191789438840e-07,3.844760042123853678e-23,-9.760965317573855771e+00,9.000000000000000000e+01,-1.710250102427057923e-06,0.000000000000000000e+00,1.475334717826258333e-19,5.207868498665401904e-05,3.100686229892277922e-26
8.695000000000000000e+02,4.063835909265879038e-22,7.903489316595253555e-01,9.999999976139515638e+02,1.012018759509284536e+02,-1.627450432952877995e-14,7.888400949796917915e-07,-8.693004677948544293e-07,-3.514048380885599824e-23,-9.760674231804332024e+00,9.000000000000000000e+01,-1.809535620474370674e-06,0.000000000000000000e+00,1.475334717729384057e-19,-1.127204788629212719e-04,3.233955224211400638e-26
8.795000000000000000e+02,4.063835908390074620e-22,7.994386257188402789e-01,9.999999977312982082e+02,1.012018758867806412e+02,-1.627450432861291244e-14,8.049722981038466751e-07,-1.972450222513330628e-07,6.212766394485790700e-24,-9.760907090474390202e+00,9.000000000000000000e+01,-1.698009521457727293e-06,0.000000000000000000e+00,1.475334717651595746e-19,1.911322084546407616e-05,3.136294992792720957e-26
8.895000000000000000e+02,4.063835907530426668e-22,8.085283197727168858e-01,9.999999978365376592e+02,1.012018758308619937e+02,-1.627450432728383012e-14,8.212049021449409583e-07,-1.773451198341893249e-06,-8.988984412101694707e-23,-9.760907064840941061e+00,9.000000000000000000e+01,-1.738399919690819081e-06,0.000000000000000000e+00,1.475334717512055622e-19,1.909870875002510899e-05,3.126293917489726143e-26
8.995000000000000000e+02,4.063835906686324863e-22,8.176180138212922888e-01,9.999999979315325618e+02,1.012018757759009873e+02,-1.627450432598169213e-14,8.375338558801944103e-07,-2.353654315977636949e-06,-1.254804040947107246e-22,-9.760965266361083081e+00,9.000000000000000000e+01,-1.700266824726255563e-06,0.000000000000000000e+00,1.475334717385860988e-19,5.204969065668296340e-05,3.104816044339727591e-26
9.095000000000000000e+02,4.063835905857930484e-22,8.267077078645164168e-01,9.999999980963766575e+02,1.012018757191701326e+02,-1.627450432487708807e-14,8.539611566841221637e-07,2.418635858111822293e-07,3.497809359318094148e-23,-9.760674231800308576e+00,9.000000000000000000e+01,-2.012329033741919500e-06,0.000000000000000000e+00,1.475334717312661687e-19,-1.127204811234075173e-04,3.183277800454240656e-26
9.195000000000000000e+02,4.063835905047465216e-22,8.357974019026248591e-01,9.999999981829896569e+02,1.012018756632864154e+02,-1.627450432381650245e-14,8.704929043195665330e-07,1.684069763113542866e-06,1.229681305707353368e-22,-9.760907104118302868e+00,9.000000000000000000e+01,-1.861807934886473650e-06,0.000000000000000000e+00,1.475334717230477442e-19,1.912094562915056561e-05,3.100560638436422656e-26
9.295000000000000000e+02,4.063835904253210954e-22,8.448870959358456556e-01,9.999999981634318829e+02,1.012018756060254816e+02,-1.627450432293133109e-14,8.871073639227408287e-07,-8.953313887357125586e-07,-3.507311301680184976e-23,-9.760790634736288496e+00,9.000000000000000000e+01,-1.908156199037757590e-06,0.000000000000000000e+00,1.475334717119930026e-19,-4.681857734086973733e-05,3.147519889866019369e-26
9.395000000000000000e+02,4.063835903475954341e-22,8.539767899643575522e-01,9.999999979967251420e+02,1.012018755578243372e+02,-1.627450432158361903e-14,9.038200977062519262e-07,1.295492340824679622e-06,9.782287337622151511e-23,-9.760907091277879033e+00,9.000000000000000000e+01,-1.723024940249562276e-06,0.000000000000000000e+00,1.475334717020190688e-19,1.911367602306706935e-05,3.132192416595139496e-26
9.495000000000000000e+02,4.063835902716876043e-22,8.630664839882672412e-01,9.999999979557469487e+02,1.012018755045301788e+02,-1.627450432064933951e-14,9.206270517922533169e-07,-2.796160411149131983e-07,1.722319271950977871e-24,-9.760907064151600920e+00,9.000000000000000000e+01,-1.748957910900343190e-06,0.000000000000000000e+00,1.475334716916482972e-19,1.909831823229976732e-05,3.122248342514197214e-26
9.595000000000000000e+02,4.063835901971672810e-22,8.721561780076495518e-01,9.999999980004504323e+02,1.012018754541562089e+02,-1.627450431961309814e-14,9.375237157184762917e-07,8.818834268208192824e-07,7.410469506438230182e-23,-9.760965292780401370e+00,9.000000000000000000e+01,-1.846043808218830408e-06,0.000000000000000000e+00,1.475334716833909447e-19,5.206464730968550964e-05,3.069631563272752947e-26
9.695000000000000000e+02,4.063835901246101743e-22,8.812458720224856101e-01,9.999999981317669153e+02,1.012018754056056480e+02,-1.627450431857604897e-14,9.545019403720886303e-07,2.890630048909661775e-06,1.958464199514360816e-22,-9.760674247146292615e+00,9.000000000000000000e+01,-1.890931129104949842e-06,0.000000000000000000e+00,1.475334716760172812e-19,-1.127117936557940647e-04,3.216908524385550441e-26
9.795000000000000000e+02,4.063835900536929292e-22,8.903355660331050414e-01,9.999999982789158821e+02,1.012018753566497224e+02,-1.627450431765111902e-14,9.715610315952633426e-07,4.676845263893490933e-07,4.782865010180728103e-23,-9.760965279107246317e+00,9.000000000000000000e+01,-1.760269311902812252e-06,0.000000000000000000e+00,1.475334716648103189e-19,5.205690588900570656e-05,3.092531509188689382e-26
9.895000000000000000e+02,4.063835899844011578e-22,8.994252600396264175e-01,9.999999983524903655e+02,1.012018753144459566e+02,-1.627450431640511007e-14,9.887008087969600903e-07,-2.926251469431024014e-06,-1.594095578688956886e-22,-9.760790577845101623e+00,9.000000000000000000e+01,-1.915641011091864675e-06,0.000000000000000000e+00,1.475334716496626633e-19,-4.685078636355342272e-05,3.148029074307603150e-26
9.995000000000000000e+02,4.063835899168331783e-22,9.085149540421519898e-01,9.999999984707683325e+02,1.012018752679565239e+02,-1.627450431551561575e-14,1.005913061190780856e-06,8.779991786672682928e-08,2.321392587825727581e-23,-9.760848835480379293e+00,9.000000000000000000e+01,-1.698205163737293570e-06,0.000000000000000000e+00,1.475334716447250122e-19,-1.386803548436651159e-05,3.172712193153342888e-26
1.009500000000000000e+03,4.063835898512379134e-22,9.176046480409090211e-01,9.999999985443428159e+02,1.012018752373951003e+02,-1.627450431376077258e-14,1.023197312853418511e-06,4.932866584600171695e-06,3.202559432004751012e-22,-9.760732478862331973e+00,9.000000000000000000e+01,-1.800144511166381759e-06,0.000000000000000000e+00,1.475334716340781345e-19,-7.974371578119263029e-05,3.210212097785068822e-26
1.019500000000000000e+03,4.063835897872682161e-22,9.266943420360922445e-01,9.999999984065070748e+02,1.012018751914200152e+02,-1.627450431303682546e-14,1.040556678634760153e-06,-2.203135657004668623e-06,-1.160913786896614681e-22,-9.760965221066260966e+00,9.000000000000000000e+01,-1.727583336663473172e-06,0.000000000000000000e+00,1.475334716195267467e-19,5.202404663475860424e-05,3.102612520697741914e-26
1.029500000000000000e+03,4.063835897248191383e-22,9.357840360277531744e-01,9.999999984242022038e+02,1.012018751499592497e+02,-1.627450431212306579e-14,1.057989912500320033e-06,-3.310084200026960364e-06,-1.843954594812119793e-22,-9.760848791281601322e+00,9.000000000000000000e+01,-1.735985344354401729e-06,0.000000000000000000e+00,1.475334716098830377e-19,-1.389305810541823520e-05,3.160561029248571839e-26
1.039500000000000000e+03,4.063835896644306551e-22,9.448737300160670038e-01,9.999999985489994287e+02,1.012018751106783157e+02,-1.627450431118860325e-14,1.075488259887845524e-06,-5.028413555180744276e-06,-2.892040850086396376e-22,-9.761023405288156596e+00,9.000000000000000000e+01,-1.685562916878350035e-06,0.000000000000000000e+00,1.475334715994023917e-19,8.496523460696200122e-05,3.082586375457010552e-26
1.049500000000000000e+03,4.063835896056432892e-22,9.539634240006715782e-01,9.999999986579641700e+02,1.012018750737850468e+02,-1.627450431019804954e-14,1.093051232841439862e-06,7.786346377945684847e-07,6.634639279266499212e-23,-9.760907066168385882e+00,9.000000000000000000e+01,-1.749551936737090692e-06,0.000000000000000000e+00,1.475334715966930657e-19,1.909945974674282686e-05,3.129854684655993435e-26
1.059500000000000000e+03,4.063835895483893322e-22,9.630531179821836263e-01,9.999999987613409758e+02,1.012018750421970168e+02,-1.627450430896716147e-14,1.110671954183136914e-06,-3.464704783675160362e-06,-1.925754244742156415e-22,-9.760848775429245450e+00,9.000000000000000000e+01,-1.878716196128570492e-06,0.000000000000000000e+00,1.475334715807924436e-19,-1.390203283894514557e-05,3.132420295918682910e-26
1.069500000000000000e+03,4.063835894929828292e-22,9.721428119607590235e-01,9.999999988917261362e+02,1.012018750077010765e+02,-1.627450430801468451e-14,1.128351012206558123e-06,-3.504171438045538813e-06,-1.958949354728453108e-22,-9.761081634032240828e+00,9.000000000000000000e+01,-1.653146983453685846e-06,0.000000000000000000e+00,1.475334715719894993e-19,1.179316291954248398e-04,3.060486009090954867e-26
1.079500000000000000e+03,4.063835894394391085e-22,9.812325059365687441e-01,9.999999989606440067e+02,1.012018749710871077e+02,-1.627450430729684001e-14,1.146084656868128043e-06,-4.938279860053186900e-06,-2.829790470439982283e-22,-9.760965173219947388e+00,9.000000000000000000e+01,-1.789914066200173576e-06,0.000000000000000000e+00,1.475334715637969785e-19,5.199695781830686780e-05,3.089084880700365737e-26
1.089500000000000000e+03,4.063835893880354459e-22,9.903221999098258399e-01,9.999999987343326211e+02,1.012018749488699711e+02,-1.627450430581438420e-14,1.163874371964700097e-06,-3.696984597697422214e-06,-2.066732216051959180e-22,-9.760906973766251937e+00,9.000000000000000000e+01,-1.852393060473905049e-06,0.000000000000000000e+00,1.475334715516858162e-19,1.904714685637874810e-05,3.105102817846341450e-26
1.099500000000000000e+03,4.063835893383058282e-22,9.994118938806263452e-01,9.999999986654147506e+02,1.012018749282365633e+02,-1.627450430432826492e-14,1.181720729740556003e-06,-1.532124114025406256e-06,-7.355522447261112730e-23,-9.760848790534964792e+00,9.000000000000000000e+01,-1.956257661262776998e-06,0.000000000000000000e+00,1.475334715405642690e-19,-1.389347978867034695e-05,3.117804581160186930e-26
1.109500000000000000e+03,4.063835892901878603e-22,1.008501587849240710e+00,9.999999986728653312e+02,1.012018748970038473e+02,-1.627450430357950339e-14,1.199619597609524232e-06,-2.266475396240589893e-06,-1.204505251705353149e-22,-9.760906989237321696e+00,9.000000000000000000e+01,-1.722865047404615570e-06,0.000000000000000000e+00,1.475334715328354639e-19,1.905590618029665966e-05,3.139287986822423509e-26
1.119500000000000000e+03,4.063835892439861363e-22,1.017591281815655835e+00,9.999999988079071045e+02,1.012018748753156387e+02,-1.627450430235256909e-14,1.217563574763829536e-06,-2.272374401777822138e-06,-1.204143095807725010e-22,-9.761023418438183441e+00,9.000000000000000000e+01,-1.696053149550940442e-06,0.000000000000000000e+00,1.475334715216583295e-19,8.497268068192189133e-05,3.083236373490115845e-26
1.129500000000000000e+03,4.063835891995805677e-22,1.026680975780097427e+00,9.999999989131465554e+02,1.012018748511019055e+02,-1.627450430138119733e-14,1.235549041835564741e-06,1.784153574686726714e-07,2.963246219189906479e-23,-9.760848807127887383e+00,9.000000000000000000e+01,-1.793777829471652958e-06,0.000000000000000000e+00,1.475334715154779481e-19,-1.388408574800211605e-05,3.153548177874914221e-26
1.139500000000000000e+03,4.063835891570734224e-22,1.035770669742640093e+00,9.999999990658834577e+02,1.012018748328983833e+02,-1.627450430014592635e-14,1.253572392237962858e-06,-1.396963363898800749e-06,-6.589706516369629939e-23,-9.760848774570801467e+00,9.000000000000000000e+01,-1.884342470137892104e-06,0.000000000000000000e+00,1.475334715025213025e-19,-1.390251745994975708e-05,3.130671173317383482e-26
1.149500000000000000e+03,4.063835891163795007e-22,1.044860363703385753e+00,9.999999991981312633e+02,1.012018748051161197e+02,-1.627450429959755127e-14,1.271625874580789608e-06,-5.682330332535498592e-06,-3.284678937782878429e-22,-9.760848691724497428e+00,9.000000000000000000e+01,-1.885744534974793659e-06,0.000000000000000000e+00,1.475334714927400099e-19,-1.394942152160400844e-05,3.138142149342751105e-26
1.159500000000000000e+03,4.063835890772831699e-22,1.053950057662110806e+00,9.999999991497024894e+02,1.012018747933480398e+02,-1.627450429815490138e-14,1.289715973783408426e-06,-3.170135366731536731e-06,-1.752231338212335234e-22,-9.761023384935489489e+00,9.000000000000000000e+01,-1.715530484753661083e-06,0.000000000000000000e+00,1.475334714824056624e-19,8.495371371317499739e-05,3.079943015143864457e-26
1.169500000000000000e+03,4.063835890402020595e-22,1.063039751619436757e+00,9.999999990509822965e+02,1.012018747763535060e+02,-1.627450429714543710e-14,1.307844165180509508e-06,-1.695051570326900036e-06,-8.451657742711771625e-23,-9.760906972569115325e+00,9.000000000000000000e+01,-1.819123542506048330e-06,0.000000000000000000e+00,1.475334714748464115e-19,1.904647053470683686e-05,3.117066271143118475e-26
1.179500000000000000e+03,4.063835890049868819e-22,1.072129445575441098e+00,9.999999990966171026e+02,1.012018747688733384e+02,-1.627450429565673035e-14,1.326001985695363641e-06,-3.561229037222642373e-07,-2.556806731608229185e-24,-9.760848775126117260e+00,9.000000000000000000e+01,-1.850514726656782527e-06,0.000000000000000000e+00,1.475334714628286086e-19,-1.390220195493587289e-05,3.141092149546538746e-26
1.189500000000000000e+03,4.063835889716834812e-22,1.081219139530431583e+00,9.999999992148950696e+02,1.012018747511998669e+02,-1.627450429489779883e-14,1.344188100572021477e-06,-1.909130084881251315e-06,-9.808252811962004302e-23,-9.760848741044137356e+00,9.000000000000000000e+01,-1.810133030421299368e-06,0.000000000000000000e+00,1.475334714541819054e-19,-1.392149769028981774e-05,3.151937485012264935e-26
1.199500000000000000e+03,4.063835889399732986e-22,1.090308833484459727e+00,9.999999992903321981e+02,1.012018747387045039e+02,-1.627450429390975370e-14,1.362395535016741897e-06,-1.648102329303570281e-06,-8.224684488794077870e-23,-9.760848741038378407e+00,9.000000000000000000e+01,-1.796939249936152749e-06,0.000000000000000000e+00,1.475334714454841409e-19,-1.392150089133970297e-05,3.155763991920124866e-26
1.209500000000000000e+03,4.063835889099644325e-22,1.099398527437557727e+00,9.999999997206032276e+02,1.012018747362358511e+02,-1.627450429240205434e-14,1.380625690911251787e-06,-2.934815792876052243e-06,-1.602111077589102592e-22,-9.761023366810116286e+00,9.000000000000000000e+01,-1.778132426549159267e-06,0.000000000000000000e+00,1.475334714304316021e-19,8.494345382942231461e-05,3.065976722839529723e-26
1.219500000000000000e+03,4.063835888820794025e-22,1.108488221389974049e+00,9.999999997448176146e+02,1.012018747219803885e+02,-1.627450429173346632e-14,1.398871143667929414e-06,-3.392254184513738124e-06,-1.884807343196036263e-22,-9.760965134684752798e+00,9.000000000000000000e+01,-1.787148510293547321e-06,0.000000000000000000e+00,1.475334714238247717e-19,5.197514465250757220e-05,3.095783989779863955e-26
1.229500000000000000e+03,4.063835888557808197e-22,1.117577915341849693e+00,9.999999998202547431e+02,1.012018747229825095e+02,-1.627450429021852206e-14,1.417130491357194766e-06,-2.017305055551429419e-06,-1.042592749296546373e-22,-9.760906937853958354e+00,9.000000000000000000e+01,-1.823917885188448943e-06,0.000000000000000000e+00,1.475334714116410259e-19,1.902681886771450832e-05,3.118426180578221577e-26
1.239500000000000000e+03,4.063835888314269277e-22,1.126667609293438677e+00,9.999999995557591319e+02,1.012018747161749701e+02,-1.627450428928845190e-14,1.435408317230765494e-06,-1.291574142407270019e-06,-6.018388985029832829e-23,-9.760790509249755331e+00,9.000000000000000000e+01,-1.855960930382258388e-06,0.000000000000000000e+00,1.475334714040036785e-19,-4.688961736534183640e-05,3.173984928252447636e-26
1.249500000000000000e+03,4.063835888088194442e-22,1.135757303244756988e+00,9.999999995380640030e+02,1.012018747158597307e+02,-1.627450428805693590e-14,1.453702627095397987e-06,-2.165111300048488977e-06,-1.141058862840533453e-22,-9.760848705567298111e+00,9.000000000000000000e+01,-1.751511514642996612e-06,0.000000000000000000e+00,1.475334713918986310e-19,-1.394158060664648838e-05,3.152799738371689919e-26
1.259500000000000000e+03,4.063835887877141955e-22,1.144846997195937188e+00,9.999999996107071638e+02,1.012018747030843855e+02,-1.627450428767240723e-14,1.472004499445259347e-06,-3.340928019410932482e-07,-2.767503521131660139e-24,-9.760906956077676000e+00,9.000000000000000000e+01,-1.675794746451764503e-06,0.000000000000000000e+00,1.475334713903726445e-19,1.903713613123823406e-05,3.157850209696137115e-26
1.269500000000000000e+03,4.063835887687650855e-22,1.153936691146710602e+00,9.999999996796250343e+02,1.012018747033608861e+02,-1.627450428660793410e-14,1.490312151502092414e-06,-5.549267972246948891e-06,-3.215743816968305170e-22,-9.760906846421145033e+00,9.000000000000000000e+01,-1.727661832753011683e-06,0.000000000000000000e+00,1.475334713750199013e-19,1.897505434260566540e-05,3.144978420327117827e-26
1.279500000000000000e+03,4.063835887520248704e-22,1.163026385097708060e+00,9.999999998314306140e+02,1.012018747107825050e+02,-1.627450428522839624e-14,1.508620233517647103e-06,-5.030110241240182660e-06,-2.893161107255862960e-22,-9.760848631705359324e+00,9.000000000000000000e+01,-1.775574624474326435e-06,0.000000000000000000e+00,1.475334713631491673e-19,-1.398339718818216141e-05,3.147937087889144597e-26
1.289500000000000000e+03,4.063835887366479937e-22,1.172116079049073001e+00,9.999999999236315489e+02,1.012018747191136043e+02,-1.627450428386864301e-14,1.526927825972482100e-06,-1.130391824222076367e-06,-5.108632936663380414e-23,-9.760848705620681187e+00,9.000000000000000000e+01,-1.753858840331228883e-06,0.000000000000000000e+00,1.475334713551620469e-19,-1.394154917859020466e-05,3.170750415351722905e-26
1.299500000000000000e+03,4.063835887232167482e-22,1.181205773000971959e+00,1.000000000008381903e+03,1.012018747267699723e+02,-1.627450428265640676e-14,1.545228442162881564e-06,9.943316268926758531e-07,7.839865698102620252e-23,-9.761023404104047785e+00,9.000000000000000000e+01,-1.596876482807046150e-06,0.000000000000000000e+00,1.475334713465531401e-19,8.496457084814292048e-05,3.116504472568535241e-26
1.309500000000000000e+03,4.063835887117743922e-22,1.190295466953634529e+00,9.999999998379498720e+02,1.012018747270224424e+02,-1.627450428200798834e-14,1.563527015579060730e-06,-4.857493260836605319e-06,-2.788521422342186506e-22,-9.760965058308661568e+00,9.000000000000000000e+01,-1.733429399723502743e-06,0.000000000000000000e+00,1.475334713342774552e-19,5.193190745081257360e-05,3.113534418612934469e-26
1.319500000000000000e+03,4.063835887021646789e-22,1.199385160907147974e+00,9.999999998491257429e+02,1.012018747511503278e+02,-1.627450427999961790e-14,1.581819572384002911e-06,-3.508211397780231248e-07,-3.256645022395037838e-24,-9.760848706089802818e+00,9.000000000000000000e+01,-1.734873117104512537e-06,0.000000000000000000e+00,1.475334713211569852e-19,-1.394128143375449261e-05,3.160098493101083259e-26
1.329500000000000000e+03,4.063835886942098735e-22,1.208474854861656622e+00,9.999999999441206455e+02,1.012018747539981405e+02,-1.627450427938604504e-14,1.600104012029622737e-06,-1.927317673599585618e-06,-9.910206707113916866e-23,-9.760848667966394387e+00,9.000000000000000000e+01,-1.832688964444614617e-06,0.000000000000000000e+00,1.475334713138955312e-19,-1.396286528281472184e-05,3.152193136371898014e-26
1.339500000000000000e+03,4.063835886879968686e-22,1.217564548817123171e+00,1.000000000029802322e+03,1.012018747737383393e+02,-1.627450427783438404e-14,1.618374495035818011e-06,1.506957524367087358e-07,2.776733827202507507e-23,-9.760848706608570069e+00,9.000000000000000000e+01,-1.828904511484672177e-06,0.000000000000000000e+00,1.475334713022151513e-19,-1.394098684382320997e-05,3.170406680059127020e-26
1.349500000000000000e+03,4.063835886837355605e-22,1.226654242773844938e+00,1.000000000224448740e+03,1.012018747889018897e+02,-1.627450427667097513e-14,1.636626261532152262e-06,-1.788651763792658681e-07,8.869403194310578675e-24,-9.760790473667546152e+00,9.000000000000000000e+01,-1.954726236905870806e-06,0.000000000000000000e+00,1.475334712914075306e-19,-4.690975685517137094e-05,3.153304082859614577e-26
1.359500000000000000e+03,4.063835886813177567e-22,1.235743936732023762e+00,1.000000000317580998e+03,1.012018748070020706e+02,-1.627450427542896097e-14,1.654853329078173972e-06,-1.142283194407382694e-06,-5.159353371157958370e-23,-9.760848668062109823e+00,9.000000000000000000e+01,-1.781777647547365977e-06,0.000000000000000000e+00,1.475334712791556309e-19,-1.396280861293963553e-05,3.166581683204419673e-26
1.369500000000000000e+03,4.063835886806244502e-22,1.244833630691720261e+00,1.000000000243075192e+03,1.012018748091114446e+02,-1.627450427526110399e-14,1.673058305453099913e-06,-7.607671203768546727e-06,-4.475765297137987998e-22,-9.760906743549860209e+00,9.000000000000000000e+01,-1.763777590938653935e-06,0.000000000000000000e+00,1.475334712705341333e-19,1.891681880472457730e-05,3.153186063445883388e-26
1.379500000000000000e+03,4.063835886818407107e-22,1.253923324652779669e+00,1.000000000044703484e+03,1.012018748402151544e+02,-1.627450427342321585e-14,1.691247945458651999e-06,1.180627697627411242e-06,9.143128529461268824e-23,-9.760848708138263774e+00,9.000000000000000000e+01,-1.859174410165784518e-06,0.000000000000000000e+00,1.475334712637179302e-19,-1.394011879422487109e-05,3.147488829593849270e-26
1.389500000000000000e+03,4.063835886847544320e-22,1.263013018615763983e+00,1.000000000005587935e+03,1.012018748549118925e+02,-1.627450427268359880e-14,1.709411628511341861e-06,-1.107541916636687977e-06,-4.985582784807767708e-23,-9.760965095662283986e+00,9.000000000000000000e+01,-1.681450001675343725e-06,0.000000000000000000e+00,1.475334712545473500e-19,5.195305997274560320e-05,3.130321654637998223e-26
1.399500000000000000e+03,4.063835886896135495e-22,1.272102712580686523e+00,1.000000000068917871e+03,1.012018748767049630e+02,-1.627450427161806860e-14,1.727553836693079653e-06,-3.998087888096979341e-06,-2.259564316847401225e-22,-9.761023248711875766e+00,9.000000000000000000e+01,-1.766192904163757317e-06,0.000000000000000000e+00,1.475334712418286290e-19,8.487660049286301338e-05,3.094099985100989312e-26
1.409500000000000000e+03,4.063835886965372112e-22,1.281192406547791096e+00,1.000000000193715096e+03,1.012018749004228653e+02,-1.627450427054942713e-14,1.745656195930675853e-06,6.626706951050671551e-07,5.924563879112187801e-23,-9.760906902826299358e+00,9.000000000000000000e+01,-1.784060013586784082e-06,0.000000000000000000e+00,1.475334712373738086e-19,1.900699584455695047e-05,3.136425454748159168e-26
1.419500000000000000e+03,4.063835887049273257e-22,1.290282100517198938e+00,1.000000000331550837e+03,1.012018749212722497e+02,-1.627450426973721279e-14,1.763722464408431146e-06,-8.177709571724045201e-06,-4.822468575134825060e-22,-9.760906698428730266e+00,9.000000000000000000e+01,-1.768267948926818857e-06,0.000000000000000000e+00,1.475334712203765139e-19,1.889127621451134212e-05,3.141004800467315171e-26
1.429500000000000000e+03,4.063835887149837739e-22,1.299371794489084131e+00,1.000000000450760126e+03,1.012018749634446095e+02,-1.627450426771241826e-14,1.781750044943252162e-06,-1.654048666207867917e-06,-8.294734976195584335e-23,-9.760790394534980763e+00,9.000000000000000000e+01,-1.850713116935593479e-06,0.000000000000000000e+00,1.475334712093939465e-19,-4.695455321684854308e-05,3.200359740370902554e-26
1.439500000000000000e+03,4.063835887270654108e-22,1.308461488463546596e+00,1.000000000394880772e+03,1.012018749907455089e+02,-1.627450426670623564e-14,1.799734860488196899e-06,-7.774884397066195126e-07,-2.743589218723862877e-23,-9.761081523132233428e+00,9.000000000000000000e+01,-1.801213050317166319e-06,0.000000000000000000e+00,1.475334712013958483e-19,1.178688577897592303e-04,3.021384476606848332e-26
1.449500000000000000e+03,4.063835887405220940e-22,1.317551182440809932e+00,1.000000000311061740e+03,1.012018750222798076e+02,-1.627450426552014225e-14,1.817681891523682393e-06,-5.144409104035352851e-06,-2.956824451699501092e-22,-9.760964971461207895e+00,9.000000000000000000e+01,-1.817579345041541573e-06,0.000000000000000000e+00,1.475334711859708106e-19,5.188274787491472303e-05,3.097866743087488399e-26
1.459500000000000000e+03,4.063835887559338593e-22,1.326640876420939197e+00,1.000000000342726707e+03,1.012018750647838914e+02,-1.627450426377121869e-14,1.835586244152025812e-06,2.307758685806347951e-06,1.604513228290388380e-22,-9.760732244821161530e+00,9.000000000000000000e+01,-1.932913204122833109e-06,0.000000000000000000e+00,1.475334711785069413e-19,-7.987620184762749876e-05,3.195273111842707228e-26
1.469500000000000000e+03,4.063835887734245100e-22,1.335730570404149553e+00,1.000000000474974513e+03,1.012018750854173277e+02,-1.627450426347471743e-14,1.853441902295166494e-06,-3.318247370809715580e-06,-1.835096003584939650e-22,-9.760906778617254531e+00,9.000000000000000000e+01,-1.917134192459280509e-06,0.000000000000000000e+00,1.475334711697206563e-19,1.893667922706060566e-05,3.121575063470165533e-26
1.479500000000000000e+03,4.063835887925684229e-22,1.344820264390415687e+00,1.000000000547617674e+03,1.012018751245840917e+02,-1.627450426213496655e-14,1.871242684632524621e-06,-3.054828857732392466e-06,-1.679144012865919279e-22,-9.760906778389715654e+00,9.000000000000000000e+01,-1.835852751241797511e-06,0.000000000000000000e+00,1.475334711580298764e-19,1.893655144497284162e-05,3.126084111827777757e-26
1.489500000000000000e+03,4.063835888137086544e-22,1.353909958379593714e+00,1.000000000700354576e+03,1.012018751612725964e+02,-1.627450426105828817e-14,1.888988050470976256e-06,2.658253428436389751e-06,1.810850337021836603e-22,-9.760906907139853317e+00,9.000000000000000000e+01,-1.788495945923239987e-06,0.000000000000000000e+00,1.475334711546958268e-19,1.900944398133970663e-05,3.155457344404682835e-26
1.499500000000000000e+03,4.063835888361740441e-22,1.362999652372274495e+00,1.000000000797212124e+03,1.012018752008418687e+02,-1.627450425987798817e-14,1.906673900654478720e-06,-1.172037286850943811e-06,-5.259068299761457286e-23,-9.760848586862566734e+00,9.000000000000000000e+01,-1.874077573403374289e-06,0.000000000000000000e+00,1.475334711399700942e-19,-1.400877125728390072e-05,3.148748275434280369e-26
1.509500000000000000e+03,4.063835888606657040e-22,1.372089346368611684e+00,1.000000000639818609e+03,1.012018752467289460e+02,-1.627450425842162472e-14,1.924307068976888772e-06,9.016369722905841221e-07,7.491728914361630731e-23,-9.760848630529826764e+00,9.000000000000000000e+01,-1.895013638205201555e-06,0.000000000000000000e+00,1.475334711292655108e-19,-1.398404776540357966e-05,3.126911444079090241e-26
1.519500000000000000e+03,4.063835888866407437e-22,1.381179040368814004e+00,1.000000000547617674e+03,1.012018752823440195e+02,-1.627450425767714829e-14,1.941881669991791607e-06,-4.281945974443229198e-06,-2.436140308653894006e-22,-9.760848499437747350e+00,9.000000000000000000e+01,-1.818790373042055794e-06,0.000000000000000000e+00,1.475334711169458906e-19,-1.405826545429252111e-05,3.163850390894820167e-26
1.529500000000000000e+03,4.063835889147075051e-22,1.390268734372833936e+00,1.000000000527128577e+03,1.012018753302104699e+02,-1.627450425629841191e-14,1.959395966178618298e-06,-5.856996902612368380e-06,-3.394493274496946514e-22,-9.760848454920843409e+00,9.000000000000000000e+01,-1.909044922349071133e-06,0.000000000000000000e+00,1.475334711029353521e-19,-1.408346753941114642e-05,3.157873214304678438e-26
1.539500000000000000e+03,4.063835889442159398e-22,1.399358428380947705e+00,1.000000000657513738e+03,1.012018753695089970e+02,-1.627450425552423644e-14,1.976840977968891933e-06,-1.192540931430945534e-07,1.043445374558903296e-23,-9.760848587556225198e+00,9.000000000000000000e+01,-1.770693999704527049e-06,0.000000000000000000e+00,1.475334711023626769e-19,-1.400837581612028624e-05,3.193820064393233733e-26
1.549500000000000000e+03,4.063835889752184278e-22,1.408448122393230806e+00,1.000000000760890543e+03,1.012018754268196119e+02,-1.627450425372968201e-14,1.994216792093016747e-06,1.554132694853181651e-06,1.141991443964877552e-22,-9.760790397755977565e+00,9.000000000000000000e+01,-1.898134627458590434e-06,0.000000000000000000e+00,1.475334710882098362e-19,-4.695272039923158836e-05,3.176264135458880980e-26
1.559500000000000000e+03,4.063835890083278249e-22,1.417537816409828011e+00,1.000000000931322575e+03,1.012018754739256963e+02,-1.627450425267669154e-14,2.011521018041154726e-06,3.629633879734435289e-06,2.419469064631525799e-22,-9.760790443299457664e+00,9.000000000000000000e+01,-1.962274278387045261e-06,0.000000000000000000e+00,1.475334710811538548e-19,-4.692693528457599436e-05,3.160124734758586550e-26
1.569500000000000000e+03,4.063835890430833372e-22,1.426627510430916512e+00,1.000000000991858542e+03,1.012018755250804105e+02,-1.627450425146642745e-14,2.028745626446431117e-06,2.887649696171363191e-07,3.565779704328820607e-23,-9.760790353600770075e+00,9.000000000000000000e+01,-1.798344546216610486e-06,0.000000000000000000e+00,1.475334710666927210e-19,-4.697771729835760701e-05,3.202784374427412176e-26
1.579500000000000000e+03,4.063835890797944960e-22,1.435717204456672613e+00,1.000000000880099833e+03,1.012018755762869233e+02,-1.627450425035917282e-14,2.045897515753485948e-06,-1.935064087811839013e-07,7.167865413915812609e-24,-9.760965013255137990e+00,9.000000000000000000e+01,-1.769238832326663739e-06,0.000000000000000000e+00,1.475334710563613827e-19,5.190641992635630907e-05,3.098766929268200940e-26
1.589500000000000000e+03,4.063835891178365495e-22,1.444806898487077662e+00,1.000000000951811671e+03,1.012018756179544425e+02,-1.627450424991261443e-14,2.062970720409232184e-06,-6.116791303243322004e-06,-3.554424111176649455e-22,-9.760848405889978707e+00,9.000000000000000000e+01,-1.875319465506517290e-06,0.000000000000000000e+00,1.475334710459623962e-19,-1.411122230700080661e-05,3.152154946504567405e-26
1.599500000000000000e+03,4.063835891577185337e-22,1.453896592522020859e+00,1.000000000949017704e+03,1.012018756746794139e+02,-1.627450424864454262e-14,2.079963281664462290e-06,-7.460922143121942853e-07,-2.615863415953755785e-23,-9.760790308600656218e+00,9.000000000000000000e+01,-1.918682995366966209e-06,0.000000000000000000e+00,1.475334710406215758e-19,-4.700319260582850684e-05,3.156176305098968963e-26
1.609500000000000000e+03,4.063835891992322452e-22,1.462986286561960059e+00,1.000000001097097993e+03,1.012018757328920486e+02,-1.627450424737506347e-14,2.096873242706327980e-06,-4.600859916913099121e-06,-2.627265338647753660e-22,-9.761023109967801759e+00,9.000000000000000000e+01,-1.767883050921486903e-06,0.000000000000000000e+00,1.475334710251053694e-19,8.479806664624044382e-05,3.085501009541741654e-26
1.619500000000000000e+03,4.063835892423853952e-22,1.472075980607028045e+00,1.000000001242384315e+03,1.012018757844367656e+02,-1.627450424660763750e-14,2.113692269266452843e-06,9.624124705888556240e-07,7.810687570368275241e-23,-9.760673885374156811e+00,9.000000000000000000e+01,-1.983667554285442052e-06,0.000000000000000000e+00,1.475334710244759996e-19,-1.129165829868061837e-04,3.220428841461540452e-26
1.629500000000000000e+03,4.063835892869937131e-22,1.481165674657426878e+00,1.000000001365318894e+03,1.012018758476354634e+02,-1.627450424520255316e-14,2.130419677519943215e-06,-7.787863160950287737e-06,-4.568093093176542465e-22,-9.761023015098796662e+00,9.000000000000000000e+01,-1.840791898217735812e-06,0.000000000000000000e+00,1.475334710023936238e-19,8.474435809097783669e-05,3.050721100289152157e-26
1.639500000000000000e+03,4.063835893333101653e-22,1.490255368713272244e+00,1.000000001448206604e+03,1.012018759079113863e+02,-1.627450424407465877e-14,2.147050873375596156e-06,-1.472309359585523632e-06,-7.205031970658798487e-23,-9.760790262269802398e+00,9.000000000000000000e+01,-1.801173433328054048e-06,0.000000000000000000e+00,1.475334709993276397e-19,-4.702941924583392438e-05,3.196423534609292696e-26
1.649500000000000000e+03,4.063835893814975814e-22,1.499345062774770865e+00,1.000000001208856702e+03,1.012018759757935271e+02,-1.627450424258281867e-14,2.163591205478341624e-06,1.297504157796457890e-09,1.920373243060688359e-23,-9.760673839272078212e+00,9.000000000000000000e+01,-1.996784594347234280e-06,0.000000000000000000e+00,1.475334709877343359e-19,-1.129426800267530246e-04,3.226643798259548337e-26
1.659500000000000000e+03,4.063835894310807324e-22,1.508434756842028213e+00,1.000000001149252057e+03,1.012018760380067306e+02,-1.627450424151301600e-14,2.180041761706251903e-06,-5.549994076209640990e-06,-3.208803189678770133e-22,-9.760964824903622272e+00,9.000000000000000000e+01,-1.801691100408008943e-06,0.000000000000000000e+00,1.475334709721840404e-19,5.179979121205614205e-05,3.110442309878315741e-26
1.669500000000000000e+03,4.063835894822503777e-22,1.517524450915064715e+00,1.000000001255422831e+03,1.012018761092367356e+02,-1.627450423998232292e-14,2.196394468849037977e-06,-6.864743249892201799e-07,-2.300372030666124252e-23,-9.760790262580908205e+00,9.000000000000000000e+01,-1.908170218922793655e-06,0.000000000000000000e+00,1.475334709639553603e-19,-4.702923933590737507e-05,3.178425386583315176e-26
1.679500000000000000e+03,4.063835895351970883e-22,1.526614144994078659e+00,1.000000001303851604e+03,1.012018761720183164e+02,-1.627450423906597578e-14,2.212648343904387164e-06,-4.051702166138026685e-06,-2.292824833727231756e-22,-9.760790165849943634e+00,9.000000000000000000e+01,-1.888162926976828637e-06,0.000000000000000000e+00,1.475334709521955117e-19,-4.708400304294990338e-05,3.184002759208537048e-26
1.689500000000000000e+03,4.063835895895810523e-22,1.535703839079203492e+00,1.000000001431442797e+03,1.012018762365457718e+02,-1.627450423812180710e-14,2.228797649738598749e-06,-5.335510614843376049e-06,-3.080750138731815392e-22,-9.760848352258840066e+00,9.000000000000000000e+01,-1.807677438651709871e-06,0.000000000000000000e+00,1.475334709424788581e-19,-1.414157598881192934e-05,3.156591734191548381e-26
1.699500000000000000e+03,4.063835896455506171e-22,1.544793533170359723e+00,1.000000001593492925e+03,1.012018763153897396e+02,-1.627450423639081277e-14,2.244838327583165557e-06,1.688614059226556628e-06,1.219690106733152041e-22,-9.760732076770725740e+00,9.000000000000000000e+01,-1.930482268013134550e-06,0.000000000000000000e+00,1.475334709348401385e-19,-7.997132366279091533e-05,3.222296303876203008e-26
1.709500000000000000e+03,4.063835897029347249e-22,1.553883227267528921e+00,1.000000001745298505e+03,1.012018763811539372e+02,-1.627450423553586741e-14,2.260766069132605200e-06,-7.050271033366165913e-07,-2.466084277599046477e-23,-9.760964921012581286e+00,9.000000000000000000e+01,-1.762724776450214487e-06,0.000000000000000000e+00,1.475334709247159340e-19,5.185420856184381577e-05,3.122275922807845829e-26
1.719500000000000000e+03,4.063835897622342301e-22,1.562972921371249324e+00,1.000000001637265086e+03,1.012018764498107259e+02,-1.627450423461184938e-14,2.276585579096809337e-06,6.498138600210671847e-07,5.869011041879296176e-23,-9.760790263953216694e+00,9.000000000000000000e+01,-1.930761342603104779e-06,0.000000000000000000e+00,1.475334709181148573e-19,-4.702845812928601726e-05,3.191276764495928155e-26
1.729500000000000000e+03,4.063835898230201715e-22,1.572062615481580661e+00,1.000000001612119377e+03,1.012018765218988534e+02,-1.627450423355784602e-14,2.292295901006415334e-06,-2.260674934581232881e-06,-1.201445862874561690e-22,-9.760906635859251779e+00,9.000000000000000000e+01,-1.775472032502521105e-06,0.000000000000000000e+00,1.475334709056395979e-19,1.885587941136274284e-05,3.151442354638747501e-26
1.739500000000000000e+03,4.063835898852134617e-22,1.581152309598653716e+00,1.000000001697801054e+03,1.012018766009731934e+02,-1.627450423215530182e-14,2.307889997112057367e-06,3.228833312194841757e-06,2.164741483130478247e-22,-9.760848550679524394e+00,9.000000000000000000e+01,-1.824412168830385936e-06,0.000000000000000000e+00,1.475334708992952717e-19,-1.402923461685626610e-05,3.153946533384779198e-26
1.749500000000000000e+03,4.063835899490981002e-22,1.590242003722591058e+00,1.000000001812353730e+03,1.012018766691733447e+02,-1.627450423151220032e-14,2.323362806129214487e-06,-5.410429488576569541e-06,-3.122763607333983101e-22,-9.760906534812177071e+00,9.000000000000000000e+01,-1.847586148239403320e-06,0.000000000000000000e+00,1.475334708842321403e-19,1.879867319056420489e-05,3.133638831182645017e-26
1.759500000000000000e+03,4.063835900143280214e-22,1.599331697853504597e+00,1.000000001987442374e+03,1.012018767584596617e+02,-1.627450422965223985e-14,2.338713489268145921e-06,-3.347672445430286001e-06,-1.853426198524562641e-22,-9.760906585016932979e+00,9.000000000000000000e+01,-1.877436875257935987e-06,0.000000000000000000e+00,1.475334708700208717e-19,1.882709885412251399e-05,3.109450735475609046e-26
1.769500000000000000e+03,4.063835900808989467e-22,1.608421391991513349e+00,1.000000002101995051e+03,1.012018768457135849e+02,-1.627450422799098714e-14,2.353938488182609174e-06,4.185495656546786352e-06,2.752800519179005237e-22,-9.760906789008604534e+00,9.000000000000000000e+01,-1.815694472003994076e-06,0.000000000000000000e+00,1.475334708635944046e-19,1.894259075462815099e-05,3.125579332153360236e-26
1.779500000000000000e+03,4.063835901490555197e-22,1.617511086136752985e+00,1.000000002194195986e+03,1.012018769270776346e+02,-1.627450422677729939e-14,2.369041085722578775e-06,-6.881878451394879976e-07,-2.200115140479632562e-23,-9.761023107557482703e+00,9.000000000000000000e+01,-1.860510141354249359e-06,0.000000000000000000e+00,1.475334708475792619e-19,8.479672034254209117e-05,3.051064354167477352e-26
1.789500000000000000e+03,4.063835902186720567e-22,1.626600780289417791e+00,1.000000002050772309e+03,1.012018770025103578e+02,-1.627450422600874377e-14,2.384017519000895402e-06,8.710586373977533295e-07,7.266287371534732049e-23,-9.760848451862100816e+00,9.000000000000000000e+01,-1.913205596761174435e-06,0.000000000000000000e+00,1.475334708426129627e-19,-1.408517422292754272e-05,3.149762414493401198e-26
1.799500000000000000e+03,4.063835902897143274e-22,1.635690474449654097e+00,1.000000001989305019e+03,1.012018770761855109e+02,-1.627450422542488572e-14,2.398869963437709792e-06,-1.127220993663863816e-05,-6.716508460215919090e-22,-9.760964560575343896e+00,9.000000000000000000e+01,-1.776058399563595605e-06,0.000000000000000000e+00,1.475334708242376169e-19,5.165015577263946565e-05,3.122190700320664565e-26
1.809500000000000000e+03,4.063835903621747614e-22,1.644780168617265170e+00,1.000000002019107342e+03,1.012018771605242620e+02,-1.627450422426784450e-14,2.413593655169893235e-06,-3.912528863069314831e-06,-2.206334117199909114e-22,-9.760906532034805849e+00,9.000000000000000000e+01,-1.844807997336238411e-06,0.000000000000000000e+00,1.475334708221889812e-19,1.879710772571339990e-05,3.136410926675139808e-26
1.819500000000000000e+03,4.063835904359865437e-22,1.653869862792223255e+00,1.000000002199783921e+03,1.012018772428768614e+02,-1.627450422330818890e-14,2.428187130926205122e-06,-5.737167984449343151e-06,-3.337870726879669755e-22,-9.760790007388960632e+00,9.000000000000000000e+01,-1.790167747241567048e-06,0.000000000000000000e+00,1.475334708117796428e-19,-4.717370191724044680e-05,3.222657652331318838e-26
1.829500000000000000e+03,4.063835905113164535e-22,1.662959556975001085e+00,1.000000002308748662e+03,1.012018773375386615e+02,-1.627450422167578956e-14,2.442639986072681054e-06,-1.325540094691611315e-06,-6.262625082736145308e-23,-9.761023056078215632e+00,9.000000000000000000e+01,-1.711042340431554464e-06,0.000000000000000000e+00,1.475334708022386821e-19,8.476757977331348846e-05,3.091250063395439328e-26
1.839500000000000000e+03,4.063835905875220126e-22,1.672049251165694583e+00,1.000000002463348210e+03,1.012018774286489844e+02,-1.627450422031265685e-14,2.456954674151175954e-06,3.594561509020529527e-07,4.052047109115236261e-23,-9.760848401379091044e+00,9.000000000000000000e+01,-1.838689271684476325e-06,0.000000000000000000e+00,1.475334707920996240e-19,-1.411374986714048361e-05,3.170611373127491317e-26
1.849500000000000000e+03,4.063835906656667141e-22,1.681138945364428539e+00,1.000000002629123628e+03,1.012018775146641758e+02,-1.627450421936672427e-14,2.471127839805647998e-06,-2.797901124906379233e-06,-1.527683938622635946e-22,-9.760964766945198434e+00,9.000000000000000000e+01,-1.777753507986628381e-06,0.000000000000000000e+00,1.475334707803891273e-19,5.176699825480208839e-05,3.123277264498167574e-26
1.859500000000000000e+03,4.063835907451265587e-22,1.690228639571330405e+00,1.000000002698041499e+03,1.012018776121172721e+02,-1.627450421779396282e-14,2.485155373272429246e-06,-8.599927112418864053e-07,-3.293285462590372803e-23,-9.760906584460501634e+00,9.000000000000000000e+01,-1.934799451160003155e-06,0.000000000000000000e+00,1.475334707686799547e-19,1.882679534329307217e-05,3.119734852060429649e-26
1.869500000000000000e+03,4.063835908257173699e-22,1.699318333786585811e+00,1.000000002568587661e+03,1.012018776987730178e+02,-1.627450421694224232e-14,2.499046248686600853e-06,-5.770348152312211915e-06,-3.344173668788328808e-22,-9.761081130808625161e+00,9.000000000000000000e+01,-1.716979087466661880e-06,0.000000000000000000e+00,1.475334707558870614e-19,1.176467840834254975e-04,3.059380667545049067e-26
1.879500000000000000e+03,4.063835909073800910e-22,1.708408028010193647e+00,1.000000002615153790e+03,1.012018777927206656e+02,-1.627450421570700921e-14,2.512791771531203381e-06,-2.243609263865054669e-06,-1.187881708134205359e-22,-9.760848294578430284e+00,9.000000000000000000e+01,-1.841304654521262592e-06,0.000000000000000000e+00,1.475334707489381135e-19,-1.417421057420231317e-05,3.167577940596233319e-26
1.889500000000000000e+03,4.063835909907333609e-22,1.717497722242269154e+00,1.000000002731569111e+03,1.012018778757508670e+02,-1.627450421523244311e-14,2.526390499643047101e-06,-8.927767873419575465e-08,1.256625882891362023e-23,-9.760906585067569807e+00,9.000000000000000000e+01,-1.794496329496414094e-06,0.000000000000000000e+00,1.475334707473115453e-19,1.882714120853898326e-05,3.168714185779592840e-26
1.899500000000000000e+03,4.063835910752530034e-22,1.726587416482906256e+00,1.000000002901069820e+03,1.012018779851036356e+02,-1.627450421321073776e-14,2.539842871039806309e-06,-3.543965040446721468e-06,-1.984398850058202229e-22,-9.760848239693590500e+00,9.000000000000000000e+01,-1.848254929833383894e-06,0.000000000000000000e+00,1.475334707256416075e-19,-1.420528100947398291e-05,3.170101390716091838e-26
1.909500000000000000e+03,4.063835911612458225e-22,1.735677110732221307e+00,1.000000003062188625e+03,1.012018780886178178e+02,-1.627450421162760121e-14,2.553138615323361348e-06,4.177779369030565567e-07,4.343577668237390404e-23,-9.760906585665974688e+00,9.000000000000000000e+01,-1.747746119566705614e-06,0.000000000000000000e+00,1.475334707160511986e-19,1.882748432505748426e-05,3.164518232562457306e-26
1.919500000000000000e+03,4.063835912484965615e-22,1.744766804990137476e+00,1.000000003173016012e+03,1.012018781777261438e+02,-1.627450421099664501e-14,2.566280193148428058e-06,-1.215167504480515961e-06,-5.543059557890860697e-23,-9.760848294585988683e+00,9.000000000000000000e+01,-1.889001550190799411e-06,0.000000000000000000e+00,1.475334707088976689e-19,-1.417420133765157485e-05,3.160170366168476469e-26
1.929500000000000000e+03,4.063835913370475854e-22,1.753856499256690071e+00,1.000000003292225301e+03,1.012018782841002604e+02,-1.627450420938047727e-14,2.579261526972542060e-06,-9.710520525025249894e-07,-3.991530823978270846e-23,-9.760848294689605353e+00,9.000000000000000000e+01,-1.985996356423209886e-06,0.000000000000000000e+00,1.475334706949538879e-19,-1.417414078296674780e-05,3.157219043270542789e-26
1.939500000000000000e+03,4.063835914265204320e-22,1.762946193532276329e+00,1.000000003222376108e+03,1.012018783757828260e+02,-1.627450420871333761e-14,2.592086595886945459e-06,-6.143887419373776953e-06,-3.577358551908827717e-22,-9.760848126955279369e+00,9.000000000000000000e+01,-1.841668255532447474e-06,0.000000000000000000e+00,1.475334706835537549e-19,-1.426910329061133096e-05,3.173025865638082353e-26
1.949500000000000000e+03,4.063835915177681339e-22,1.772035887817068778e+00,1.000000003155320883e+03,1.012018784782067797e+02,-1.627450420748638438e-14,2.604759834570155048e-06,-4.037914734093104377e-06,-2.283430975828935978e-22,-9.760964654671104412e+00,9.000000000000000000e+01,-1.818480688793830884e-06,0.000000000000000000e+00,1.475334706751648855e-19,5.170344658424137128e-05,3.115845761990298318e-26
1.959500000000000000e+03,4.063835916097529649e-22,1.781125582111088956e+00,1.000000003232620656e+03,1.012018785887972854e+02,-1.627450420580214110e-14,2.617275606388255488e-06,-1.941180256075785888e-07,7.926296231933976935e-24,-9.760848295249493489e+00,9.000000000000000000e+01,-1.982632016570032388e-06,0.000000000000000000e+00,1.475334706645877023e-19,-1.417381995601675315e-05,3.142098881822352277e-26
1.969500000000000000e+03,4.063835917030358707e-22,1.790215276414403700e+00,1.000000003305263817e+03,1.012018786910135475e+02,-1.627450420470161072e-14,2.629637011415854099e-06,1.096071236367740443e-07,2.344687730390714352e-23,-9.760848295518366413e+00,9.000000000000000000e+01,-1.688432031645404848e-06,0.000000000000000000e+00,1.475334706552921533e-19,-1.417366657910142492e-05,3.221215637212715444e-26
1.979500000000000000e+03,4.063835917975290656e-22,1.799304970726929742e+00,1.000000003426335752e+03,1.012018787885301663e+02,-1.627450420395550607e-14,2.641827424350409707e-06,-6.955018939062763970e-06,-4.062834217719115360e-22,-9.760906303447502097e+00,9.000000000000000000e+01,-1.918580937728347461e-06,0.000000000000000000e+00,1.475334706411849572e-19,1.866771398572605401e-05,3.122651766089943229e-26
1.989500000000000000e+03,4.063835918930893272e-22,1.808394665048969951e+00,1.000000003582797945e+03,1.012018789039545084e+02,-1.627450420217279402e-14,2.653848333919184695e-06,6.039698841511388190e-07,5.544711422219643267e-23,-9.760848296178298966e+00,9.000000000000000000e+01,-1.844200638614266224e-06,0.000000000000000000e+00,1.475334706337835121e-19,-1.417329008326837818e-05,3.173631643781924063e-26
1.999500000000000000e+03,4.063835919898650029e-22,1.817484359380564518e+00,1.000000003769062459e+03,1.012018790179915158e+02,-1.627450420054198503e-14,2.665700369620689348e-06,4.458890363667963908e-06,2.918956535203508528e-22,-9.760906648019757270e+00,9.000000000000000000e+01,-1.881376768286270777e-06,0.000000000000000000e+00,1.475334706237030744e-19,1.886279823641196380e-05,3.149401085427881014e-26
2.009500000000000000e+03,4.063835920875108736e-22,1.826574053721784940e+00,1.000000003963708878e+03,1.012018790965293675e+02,-1.627450420113271563e-14,2.677378404324599110e-06,-1.164025550204383047e-05,-6.944269393114420320e-22,-9.760906127214495243e+00,9.000000000000000000e+01,-1.799992302541545802e-06,0.000000000000000000e+00,1.475334706116133622e-19,1.856794224003995586e-05,3.154029177870918497e-26
2.019500000000000000e+03,4.063835921863934114e-22,1.835663748072818846e+00,1.000000003961846232e+03,1.012018792196161314e+02,-1.627450419906292447e-14,2.688884429997425711e-06,-4.205295784783173600e-06,-2.395487919337310815e-22,-9.761022830845673681e+00,9.000000000000000000e+01,-1.698020844232393334e-06,0.000000000000000000e+00,1.475334706015251726e-19,8.464008821353116838e-05,3.117046047711392323e-26
2.029500000000000000e+03,4.063835922864929620e-22,1.844753442433797019e+00,1.000000003939494491e+03,1.012018793312268770e+02,-1.627450419776547863e-14,2.700223332022391248e-06,3.563656160944104693e-06,2.369549949460991083e-22,-9.760731884450560614e+00,9.000000000000000000e+01,-1.939138999967391995e-06,0.000000000000000000e+00,1.475334705987669039e-19,-8.008016701955578424e-05,3.213585845689470892e-26
2.039500000000000000e+03,4.063835923875171564e-22,1.853843136804720126e+00,1.000000004005618393e+03,1.012018794402121813e+02,-1.627450419667748483e-14,2.711390859920833632e-06,-5.442647565276173243e-06,-3.146254505416920988e-22,-9.760906299209523240e+00,9.000000000000000000e+01,-1.831062301558326924e-06,0.000000000000000000e+00,1.475334705794232006e-19,1.866532288596900796e-05,3.146691550219181543e-26
2.049500000000000000e+03,4.063835924895228416e-22,1.862932831185622362e+00,1.000000004184432328e+03,1.012018795524597863e+02,-1.627450419544545133e-14,2.722379071005101647e-06,-9.141183888159820541e-06,-5.403867964161811842e-22,-9.760847885214161579e+00,9.000000000000000000e+01,-1.901666926043386537e-06,0.000000000000000000e+00,1.475334705646392086e-19,-1.440595053426603710e-05,3.143738968510881712e-26
2.059500000000000000e+03,4.063835925922503274e-22,1.872022525576636509e+00,1.000000004307366908e+03,1.012018796715283742e+02,-1.627450419383543040e-14,2.733190876938907520e-06,-8.957680856169934953e-06,-5.299758249243597128e-22,-9.760906119847955864e+00,9.000000000000000000e+01,-1.821089176188067717e-06,0.000000000000000000e+00,1.475334705507063573e-19,1.856378052736524592e-05,3.149852356377677288e-26
2.069500000000000000e+03,4.063835926961384492e-22,1.881112219977842503e+00,1.000000004493631423e+03,1.012018797884529846e+02,-1.627450419242044744e-14,2.743820145061901179e-06,-3.369207647960319547e-06,-1.860908150841144283e-22,-9.760964533625079653e+00,9.000000000000000000e+01,-1.919582710675258448e-06,0.000000000000000000e+00,1.475334705445182240e-19,5.163493345225201843e-05,3.076091133704928835e-26
2.079500000000000000e+03,4.063835928007699537e-22,1.890201914389221693e+00,1.000000004714354873e+03,1.012018799101677899e+02,-1.627450419075504847e-14,2.754269345354695165e-06,7.142324437689244707e-07,6.342184017450773209e-23,-9.760848181183490624e+00,9.000000000000000000e+01,-1.966444367241005474e-06,0.000000000000000000e+00,1.475334705343871344e-19,-1.423838130602477113e-05,3.144417849482804854e-26
2.089500000000000000e+03,4.063835929069191154e-22,1.899291608810021126e+00,1.000000004888512194e+03,1.012018800015520696e+02,-1.627450419102961309e-14,2.764529733157214110e-06,-8.274217792959664688e-07,-3.205547916240459041e-23,-9.760848121084254814e+00,9.000000000000000000e+01,-1.863622861165466679e-06,0.000000000000000000e+00,1.475334705354892719e-19,-1.427240746146367493e-05,3.171152937682453820e-26
2.099500000000000000e+03,4.063835930136776534e-22,1.908381303241265536e+00,1.000000005062669516e+03,1.012018801339376495e+02,-1.627450418882776031e-14,2.774605464504556349e-06,5.003961687280402112e-06,3.249550061195423684e-22,-9.760790066793312292e+00,9.000000000000000000e+01,-1.906778789860746973e-06,0.000000000000000000e+00,1.475334705224791577e-19,-4.714003217526678368e-05,3.200268949819023390e-26
2.109500000000000000e+03,4.063835931212895063e-22,1.917470997683114797e+00,1.000000004844740033e+03,1.012018802594076163e+02,-1.627450418709501471e-14,2.784500886520408801e-06,5.391660710685082333e-06,3.492989688146115934e-22,-9.760731831723616025e+00,9.000000000000000000e+01,-1.998118162758515891e-06,0.000000000000000000e+00,1.475334705077185417e-19,-8.011000568009535457e-05,3.208661293107207119e-26
2.119500000000000000e+03,4.063835932296393815e-22,1.926560692135551811e+00,1.000000004859641194e+03,1.012018803625479109e+02,-1.627450418677033849e-14,2.794218572996745065e-06,1.028788799109329958e-07,2.397499852056008304e-23,-9.760789885106673225e+00,9.000000000000000000e+01,-1.808431535444465992e-06,0.000000000000000000e+00,1.475334704993206927e-19,-4.724289200099106181e-05,3.217693039830421043e-26
2.129500000000000000e+03,4.063835933390815731e-22,1.935650386598616768e+00,1.000000004942528903e+03,1.012018804795773264e+02,-1.627450418565532147e-14,2.803748979048107076e-06,5.376346165351951668e-06,3.471214932020793150e-22,-9.760964777172420170e+00,9.000000000000000000e+01,-1.732939212635995647e-06,0.000000000000000000e+00,1.475334704954751402e-19,5.177282580146265782e-05,3.142129657038904969e-26
2.139500000000000000e+03,4.063835934496135891e-22,1.944740081072417803e+00,1.000000005072914064e+03,1.012018806093373655e+02,-1.627450418382259564e-14,2.813090787676759785e-06,2.125843964524782507e-06,1.488309837026910720e-22,-9.760906418768117376e+00,9.000000000000000000e+01,-1.837841463028585414e-06,0.000000000000000000e+00,1.475334704758189788e-19,1.873302644254995735e-05,3.147082501269609475e-26
2.149500000000000000e+03,4.063835935605372797e-22,1.953829775556969572e+00,1.000000005275011063e+03,1.012018807198867449e+02,-1.627450418318842720e-14,2.822237272370287602e-06,-9.366947465608987221e-07,-3.812290408001986590e-23,-9.760789823465337633e+00,9.000000000000000000e+01,-1.959110695145361817e-06,0.000000000000000000e+00,1.475334704671312533e-19,-4.727778608771707007e-05,3.179518674955101857e-26
2.159500000000000000e+03,4.063835936722552754e-22,1.962919470052363557e+00,1.000000005385838449e+03,1.012018808524150444e+02,-1.627450418125098481e-14,2.831192987578790495e-06,-2.833535718399863745e-06,-1.548891752015369994e-22,-9.760906232700824248e+00,9.000000000000000000e+01,-1.865373921906455607e-06,0.000000000000000000e+00,1.475334704480034467e-19,1.862768720303037442e-05,3.157306175318456167e-26
2.169500000000000000e+03,4.063835937850525630e-22,1.972009164558662375e+00,1.000000005539506674e+03,1.012018809805474007e+02,-1.627450417964258578e-14,2.839955096469471478e-06,8.319765482726816408e-06,5.286006357591967099e-22,-9.760906607882171571e+00,9.000000000000000000e+01,-1.887055305170118389e-06,0.000000000000000000e+00,1.475334704462090819e-19,1.884009872946809178e-05,3.134870050371479277e-26
2.179500000000000000e+03,4.063835938982002419e-22,1.981098859075957508e+00,1.000000005752779543e+03,1.012018810751890641e+02,-1.627450418010481725e-14,2.848518699904707935e-06,-2.327907785648202078e-06,-1.240124041161601630e-22,-9.760906231980856163e+00,9.000000000000000000e+01,-1.827168590183966917e-06,0.000000000000000000e+00,1.475334704390111835e-19,1.862728047595578091e-05,3.150673328109631640e-26
2.189500000000000000e+03,4.063835940122560137e-22,1.990188553604258503e+00,1.000000005946494639e+03,1.012018812194630186e+02,-1.627450417757843340e-14,2.856886557608402126e-06,-6.628642807570309938e-08,1.504226827940507668e-23,-9.760848059126621123e+00,9.000000000000000000e+01,-1.915119349235229818e-06,0.000000000000000000e+00,1.475334704191950737e-19,-1.430746841900756032e-05,3.159860086769558234e-26
2.199500000000000000e+03,4.063835941270707788e-22,1.999278248143663284e+00,1.000000005957670510e+03,1.012018813404877307e+02,-1.627450417651698004e-14,2.865056376211042537e-06,4.045548966884880517e-06,2.665416705700473808e-22,-9.760789950417303018e+00,9.000000000000000000e+01,-1.921738210749542492e-06,0.000000000000000000e+00,1.475334704145630677e-19,-4.720590384213761486e-05,3.189961723748417086e-26
2.209500000000000000e+03,4.063835942426799899e-22,2.008367942694605279e+00,1.000000005894340575e+03,1.012018814665028543e+02,-1.627450417519292118e-14,2.873036714123451076e-06,5.905293879314504554e-06,3.806636451460760783e-22,-9.760848250528328052e+00,9.000000000000000000e+01,-1.912564778603953168e-06,0.000000000000000000e+00,1.475334704051091591e-19,-1.419910314354368948e-05,3.160710749568559388e-26
2.219500000000000000e+03,4.063835943587990834e-22,2.017457637256786285e+00,1.000000006064772606e+03,1.012018815761725250e+02,-1.627450417489995402e-14,2.880822718313290009e-06,4.829746707325549303e-06,3.133567780541753324e-22,-9.760731716267819991e+00,9.000000000000000000e+01,-1.855536644387751149e-06,0.000000000000000000e+00,1.475334704016531741e-19,-8.017535703326133774e-05,3.247444900322285068e-26
2.229500000000000000e+03,4.063835944756651331e-22,2.026547331830200527e+00,1.000000006210990250e+03,1.012018817142952827e+02,-1.627450417290424953e-14,2.888406569231190188e-06,-8.376864389679253822e-07,-3.290116698095978866e-23,-9.760847995284558820e+00,9.000000000000000000e+01,-1.848656468500809326e-06,0.000000000000000000e+00,1.475334703778962264e-19,-1.434360697887197117e-05,3.177656076891696619e-26
2.239500000000000000e+03,4.063835945931873438e-22,2.035637026414951478e+00,1.000000006431713700e+03,1.012018818322491285e+02,-1.627450417218159298e-14,2.895788323345815147e-06,1.242588659847295121e-06,9.360660693108995029e-23,-9.760848059833275414e+00,9.000000000000000000e+01,-1.827245508718383430e-06,0.000000000000000000e+00,1.475334703740661295e-19,-1.430706192461099974e-05,3.216945158562241659e-26
2.249500000000000000e+03,4.063835947113483180e-22,2.044726721011065784e+00,1.000000006644986570e+03,1.012018819516385690e+02,-1.627450417140468174e-14,2.902964572892155462e-06,-9.680916324879405125e-06,-5.736261625412576192e-22,-9.760905906191048587e+00,9.000000000000000000e+01,-1.890044848459631800e-06,0.000000000000000000e+00,1.475334703554929185e-19,1.844284493632792225e-05,3.135765318932852387e-26
2.259500000000000000e+03,4.063835948303510403e-22,2.053816415618579860e+00,1.000000006851740181e+03,1.012018820860419908e+02,-1.627450416975424589e-14,2.909937581136488066e-06,-6.859956610356225116e-06,-4.011040273528840850e-22,-9.761138976933683153e+00,9.000000000000000000e+01,-1.707248142252067980e-06,0.000000000000000000e+00,1.475334703441617338e-19,1.503966126474796374e-04,3.039266810067588715e-26
2.269500000000000000e+03,4.063835949500331983e-22,2.062906110237670898e+00,1.000000007080845535e+03,1.012018822194539354e+02,-1.627450416820569300e-14,2.916702523159040500e-06,-1.924482443358391399e-06,-9.783249384510290328e-23,-9.760906165206662877e+00,9.000000000000000000e+01,-1.984242344127476200e-06,0.000000000000000000e+00,1.475334703360960595e-19,1.858949120427482018e-05,3.117151006727810654e-26
2.279500000000000000e+03,4.063835950698717911e-22,2.071995804868203450e+00,1.000000007255934179e+03,1.012018823407136381e+02,-1.627450416740671259e-14,2.923261227742164435e-06,-4.328158453773336289e-06,-2.465305818001890606e-22,-9.761080805316481701e+00,9.000000000000000000e+01,-1.728129959513248140e-06,0.000000000000000000e+00,1.475334703266457139e-19,1.174625634564075029e-04,3.082648179984575901e-26
2.289500000000000000e+03,4.063835951902096868e-22,2.081085499510313408e+00,1.000000007411465049e+03,1.012018824914013493e+02,-1.627450416483552460e-14,2.929614442188765904e-06,7.681634290521007367e-06,4.892607111742831611e-22,-9.760906495048864429e+00,9.000000000000000000e+01,-1.865692155485664136e-06,0.000000000000000000e+00,1.475334703171684052e-19,1.877623638665761475e-05,3.142236239941873710e-26
2.299500000000000000e+03,4.063835953111101272e-22,2.090175194163941708e+00,1.000000007572583854e+03,1.012018825944714422e+02,-1.627450416521034081e-14,2.935764460306972526e-06,9.945424729143232341e-07,7.799838833457650313e-23,-9.760847995691332102e+00,9.000000000000000000e+01,-1.710383660279241969e-06,0.000000000000000000e+00,1.475334703135479699e-19,-1.434336739743700205e-05,3.206827756300093940e-26
2.309500000000000000e+03,4.063835954325310764e-22,2.099264888828448861e+00,1.000000007442198694e+03,1.012018827056919292e+02,-1.627450416511317524e-14,2.941709287381061121e-06,-9.992346042941687153e-06,-5.929297752591088656e-22,-9.760905831353989370e+00,9.000000000000000000e+01,-1.838369638661208133e-06,0.000000000000000000e+00,1.475334703010325308e-19,1.840048330639275018e-05,3.133030030145695482e-26
2.319500000000000000e+03,4.063835955546405832e-22,2.108354583504686630e+00,1.000000007517635822e+03,1.012018828507006560e+02,-1.627450416298669654e-14,2.947450724602429868e-06,-2.471524119607636771e-06,-1.327489356892242108e-22,-9.760906097513426971e+00,9.000000000000000000e+01,-1.837143674775909905e-06,0.000000000000000000e+00,1.475334702906063887e-19,1.855117285914465740e-05,3.150139701047345448e-26
2.329500000000000000e+03,4.063835956769434353e-22,2.117444278192644358e+00,1.000000007672235370e+03,1.012018829837834204e+02,-1.627450416160145679e-14,2.952986162277179596e-06,5.384254363662296755e-06,3.481339493460771564e-22,-9.760848130896984998e+00,9.000000000000000000e+01,-1.856220972533014924e-06,0.000000000000000000e+00,1.475334702872086390e-19,-1.426681601003973493e-05,3.176858108996284563e-26
2.339500000000000000e+03,4.063835957998975583e-22,2.126533972892361568e+00,1.000000007767230272e+03,1.012018831139714479e+02,-1.627450416042927890e-14,2.958314886768677861e-06,4.160662288391608984e-06,2.736206261465733460e-22,-9.760789829252139782e+00,9.000000000000000000e+01,-1.928783597368858459e-06,0.000000000000000000e+00,1.475334702757511614e-19,-4.727448197318543077e-05,3.190031925577914369e-26
2.349500000000000000e+03,4.063835959230301684e-22,2.135623667603904874e+00,1.000000007972121239e+03,1.012018832517726565e+02,-1.627450415880049886e-14,2.963435409690259313e-06,2.266199180311660261e-06,1.572084630539791639e-22,-9.760847997211119065e+00,9.000000000000000000e+01,-1.856802479706536171e-06,0.000000000000000000e+00,1.475334702594380533e-19,-1.434249876330943571e-05,3.176992965416715920e-26
2.359500000000000000e+03,4.063835960466897291e-22,2.144713362327215211e+00,1.000000008203089237e+03,1.012018833777484019e+02,-1.627450415792608441e-14,2.968340104917492347e-06,3.232387045507411357e-06,2.172138549382103162e-22,-9.760731527721317136e+00,9.000000000000000000e+01,-2.003732859548797151e-06,0.000000000000000000e+00,1.475334702530706641e-19,-8.028208165072761669e-05,3.202645940444450270e-26
2.369500000000000000e+03,4.063835961706321607e-22,2.153803057062479542e+00,1.000000008394941688e+03,1.012018835168113071e+02,-1.627450415626408701e-14,2.973033284278804907e-06,2.410816491455496693e-06,1.662451928714150281e-22,-9.760906233007471400e+00,9.000000000000000000e+01,-1.841629071098771849e-06,0.000000000000000000e+00,1.475334702376378023e-19,1.862789170618017764e-05,3.149364736843176436e-26
2.379500000000000000e+03,4.063835962947788463e-22,2.162892751809588621e+00,1.000000008608214557e+03,1.012018836536849591e+02,-1.627450415474924688e-14,2.977511905277229821e-06,3.408802889021432980e-06,2.279484338565275862e-22,-9.760789763773319194e+00,9.000000000000000000e+01,-1.964642214069613647e-06,0.000000000000000000e+00,1.475334702255508104e-19,-4.731154538268043827e-05,3.181165983020763937e-26
2.389500000000000000e+03,4.063835964191916167e-22,2.171982446568522462e+00,1.000000008840113878e+03,1.012018837806177771e+02,-1.627450415385716195e-14,2.981778788475798425e-06,-9.420582832426692467e-06,-5.588512902945688799e-22,-9.760847516597316087e+00,9.000000000000000000e+01,-1.845520797807010538e-06,0.000000000000000000e+00,1.475334702038157280e-19,-1.461459260772442046e-05,3.197302131351857290e-26
2.399500000000000000e+03,4.063835965438850952e-22,2.181072141339450710e+00,1.000000009063631296e+03,1.012018839095000544e+02,-1.627450415286058134e-14,2.985831218466225801e-06,-5.532299729140689344e-06,-3.197579503706056061e-22,-9.760847653624420417e+00,9.000000000000000000e+01,-1.879977934892925828e-06,0.000000000000000000e+00,1.475334701995718210e-19,-1.453701335204744067e-05,3.154755945596853785e-26
2.409500000000000000e+03,4.063835966690165159e-22,2.190161836122330730e+00,1.000000009302981198e+03,1.012018840534844486e+02,-1.627450415096484761e-14,2.989669289408979930e-06,7.852960188092542615e-06,4.997726426017352614e-22,-9.760789904765006852e+00,9.000000000000000000e+01,-1.936048594927819625e-06,0.000000000000000000e+00,1.475334701976796430e-19,-4.723171789632171004e-05,3.188644641352250518e-26
2.419500000000000000e+03,4.063835967943537891e-22,2.199251530917176733e+00,1.000000009486451745e+03,1.012018841862444987e+02,-1.627450414976656474e-14,2.993290036761810060e-06,-3.619183139044415805e-06,-2.028901845757522009e-22,-9.760905956438081787e+00,9.000000000000000000e+01,-1.882632883829949292e-06,0.000000000000000000e+00,1.475334701747099191e-19,1.847131989121029533e-05,3.156110954516918923e-26
2.429500000000000000e+03,4.063835969202967240e-22,2.208341225724119283e+00,1.000000009512528777e+03,1.012018843225909706e+02,-1.627450414838097159e-14,2.996697843417477497e-06,-1.977605506700450708e-06,-1.017082460132078669e-22,-9.760964260546911575e+00,9.000000000000000000e+01,-1.851521970157745750e-06,0.000000000000000000e+00,1.475334701645034052e-19,5.148038409892293708e-05,3.098768545586328101e-26
2.439500000000000000e+03,4.063835970458129075e-22,2.217430920543177919e+00,1.000000009523704648e+03,1.012018844433516875e+02,-1.627450414792809285e-14,2.999894222664126208e-06,2.768377936634140581e-06,1.884915711622587874e-22,-9.760847932154161910e+00,9.000000000000000000e+01,-1.909363944705840555e-06,0.000000000000000000e+00,1.475334701660685603e-19,-1.437931705699777998e-05,3.164109716768310002e-26
2.449500000000000000e+03,4.063835971716899677e-22,2.226520615374306011e+00,1.000000009669922292e+03,1.012018845800256770e+02,-1.627450414652022226e-14,3.002882650786052118e-06,1.201452365091716467e-06,9.303732939321535346e-23,-9.760847861993649843e+00,9.000000000000000000e+01,-1.956639862157739139e-06,0.000000000000000000e+00,1.475334701521266331e-19,-1.441903665097145118e-05,3.151994572804735973e-26
2.459500000000000000e+03,4.063835972976670861e-22,2.235610310217414742e+00,1.000000009930692613e+03,1.012018847146718912e+02,-1.627450414524177219e-14,3.005655730154680502e-06,5.590656734444728792e-07,5.340360852688775186e-23,-9.760964330881536810e+00,9.000000000000000000e+01,-1.862138229129034251e-06,0.000000000000000000e+00,1.475334701403475493e-19,5.152020810612888168e-05,3.112941850688113432e-26
2.469500000000000000e+03,4.063835974241288372e-22,2.244700005072547189e+00,1.000000010117888451e+03,1.012018848417671819e+02,-1.627450414445324892e-14,3.008213379657247371e-06,-9.637446416358710902e-06,-5.713518372288011802e-22,-9.760905669326925604e+00,9.000000000000000000e+01,-1.857116362286940492e-06,0.000000000000000000e+00,1.475334701224612934e-19,1.830877811070581005e-05,3.146194353416460988e-26
2.479500000000000000e+03,4.063835975506453193e-22,2.253789699939826807e+00,1.000000010348856449e+03,1.012018849735328985e+02,-1.627450414338149618e-14,3.010553813249679144e-06,-2.109447870001482608e-06,-1.108897294357709237e-22,-9.760905954000605789e+00,9.000000000000000000e+01,-1.801337371838555366e-06,0.000000000000000000e+00,1.475334701215246896e-19,1.846994783407498577e-05,3.156750009754985560e-26
2.489500000000000000e+03,4.063835976771263956e-22,2.262879394819189649e+00,1.000000010574236512e+03,1.012018851148571628e+02,-1.627450414172257218e-14,3.012674657760974237e-06,-3.656497942471640232e-06,-2.070640226543501145e-22,-9.760905881909190285e+00,9.000000000000000000e+01,-1.664605834971187758e-06,0.000000000000000000e+00,1.475334701053149799e-19,1.842913546803651707e-05,3.194273319321999809e-26
2.499500000000000000e+03,4.063835978037195670e-22,2.271969089710548673e+00,1.000000010815449059e+03,1.012018852577107282e+02,-1.627450413997566180e-14,3.014577778088383201e-06,-3.068143209683946961e-07,1.281360800005295980e-24,-9.760964259626199180e+00,9.000000000000000000e+01,-1.917434564043398233e-06,0.000000000000000000e+00,1.475334700937855928e-19,5.147987370351308161e-05,3.081985925159792149e-26
2.509500000000000000e+03,4.063835979305568181e-22,2.281058784614058865e+00,1.000000011025927961e+03,1.012018853907055984e+02,-1.627450413884740137e-14,3.016262019843876694e-06,-2.679241686310084710e-06,-1.457766961787804938e-22,-9.760847646978779935e+00,9.000000000000000000e+01,-1.842893710528996658e-06,0.000000000000000000e+00,1.475334700814296448e-19,-1.454075764577135835e-05,3.181496479864185691e-26
2.519500000000000000e+03,4.063835980570023474e-22,2.290148479529482195e+00,1.000000011327676475e+03,1.012018855141052711e+02,-1.627450413828434086e-14,3.017725763237854362e-06,-6.112918608809722741e-07,-1.863913070659034270e-23,-9.760847719309246884e+00,9.000000000000000000e+01,-1.891993739701807984e-06,0.000000000000000000e+00,1.475334700790724270e-19,-1.449980715057957167e-05,3.168833545661857267e-26
2.529500000000000000e+03,4.063835981836804835e-22,2.299238174456144979e+00,1.000000011546537280e+03,1.012018856580120172e+02,-1.627450413647848994e-14,3.018974270604248600e-06,5.610826825861603535e-06,3.627779439304166991e-22,-9.760789704430926861e+00,9.000000000000000000e+01,-1.965230667574559190e-06,0.000000000000000000e+00,1.475334700701231842e-19,-4.734511879544779135e-05,3.181532890855588037e-26
2.539500000000000000e+03,4.063835983102062756e-22,2.308327869394912302e+00,1.000000011760741472e+03,1.012018857860728218e+02,-1.627450413563343059e-14,3.020007631263679382e-06,-2.988783440782680616e-06,-1.630940432324945290e-22,-9.760964113412851972e+00,9.000000000000000000e+01,-1.964831444350941787e-06,0.000000000000000000e+00,1.475334700535052495e-19,5.139710016530805748e-05,3.103515555909091699e-26
2.549500000000000000e+03,4.063835984366855180e-22,2.317417564345729986e+00,1.000000011999160051e+03,1.012018859088302207e+02,-1.627450413511100903e-14,3.020822706023192122e-06,-6.353958079168221313e-06,-3.706341860744730868e-22,-9.760963965907640372e+00,9.000000000000000000e+01,-1.791790262684550194e-06,0.000000000000000000e+00,1.475334700455024569e-19,5.131359030795990428e-05,3.131305193964113100e-26
2.559500000000000000e+03,4.063835985629353040e-22,2.326507259308754794e+00,1.000000012231990695e+03,1.012018860522263566e+02,-1.627450413331313507e-14,3.021419318462783201e-06,-1.390748184732818773e-06,-6.654812229727917933e-23,-9.760847645601844036e+00,9.000000000000000000e+01,-1.874518143837850547e-06,0.000000000000000000e+00,1.475334700352339762e-19,-1.454153035710398974e-05,3.173301883172218530e-26
2.569500000000000000e+03,4.063835986893187202e-22,2.335596954283853499e+00,1.000000012429431081e+03,1.012018861924902779e+02,-1.627450413171387420e-14,3.021800653575754717e-06,-4.802293020417479928e-06,-2.732823175360952157e-22,-9.760847497191209143e+00,9.000000000000000000e+01,-2.105352726621241947e-06,0.000000000000000000e+00,1.475334700175746190e-19,-1.462555111628787295e-05,3.124405086303659652e-26
2.579500000000000000e+03,4.063835988154483707e-22,2.344686649270936396e+00,1.000000012687407434e+03,1.012018863233461587e+02,-1.627450413067671460e-14,3.021963509230011492e-06,-2.151329414895101882e-06,-1.116182734550827437e-22,-9.760789337574378166e+00,9.000000000000000000e+01,-2.051358714348969012e-06,0.000000000000000000e+00,1.475334700115792713e-19,-4.755280786115350381e-05,3.159448100072140330e-26
2.589500000000000000e+03,4.063835989415343868e-22,2.353776344270117171e+00,1.000000012934207916e+03,1.012018864495619823e+02,-1.627450412992045258e-14,3.021909517629629163e-06,-3.017535324673775890e-06,-1.653912831878332179e-22,-9.760905803818079818e+00,9.000000000000000000e+01,-1.915127873121776111e-06,0.000000000000000000e+00,1.475334700042370004e-19,1.838493900805209251e-05,3.131099411067806228e-26
2.599500000000000000e+03,4.063835990673649445e-22,2.362866039281495745e+00,1.000000012874603271e+03,1.012018865846412297e+02,-1.627450412860692975e-14,3.021639940773670621e-06,-9.486403979310881697e-07,-3.882381322223685580e-23,-9.760905878402832414e+00,9.000000000000000000e+01,-1.903867742660771860e-06,0.000000000000000000e+00,1.475334699951353926e-19,1.842716696702117039e-05,3.133906319381724115e-26
2.609500000000000000e+03,4.063835991929102332e-22,2.371955734304946439e+00,1.000000012930482626e+03,1.012018867162068858e+02,-1.627450412749217778e-14,3.021166360950691911e-06,-5.502864369576400940e-06,-3.182395443294231798e-22,-9.761022193898895694e+00,9.000000000000000000e+01,-1.754285110991857440e-06,0.000000000000000000e+00,1.475334699805226158e-19,8.427956847446227081e-05,3.092225580972207077e-26
2.619500000000000000e+03,4.063835993183096196e-22,2.381045429340464370e+00,1.000000013064593077e+03,1.012018868506299185e+02,-1.627450412619772646e-14,3.020475505659139551e-06,-4.574342573412794453e-07,-9.176864517719306359e-24,-9.760731103780200257e+00,9.000000000000000000e+01,-1.961210497346064019e-06,0.000000000000000000e+00,1.475334699748644503e-19,-8.052205603847912695e-05,3.214179578165249522e-26
2.629500000000000000e+03,4.063835994436018479e-22,2.390135124387896770e+00,1.000000013305805624e+03,1.012018870046532157e+02,-1.627450412369465503e-14,3.019577066328253102e-06,7.059302404666809900e-06,4.521515004021265444e-22,-9.760906181708927321e+00,9.000000000000000000e+01,-1.980214489678870702e-06,0.000000000000000000e+00,1.475334699610834826e-19,1.859889089435263435e-05,3.121272001288621694e-26
2.639500000000000000e+03,4.063835995684410406e-22,2.399224819447359547e+00,1.000000013532117009e+03,1.012018871433956946e+02,-1.627450412210317233e-14,3.018459562044581929e-06,3.680122947294911512e-06,2.445399687497959178e-22,-9.760906030604754591e+00,9.000000000000000000e+01,-1.927888080392745630e-06,0.000000000000000000e+00,1.475334699434722255e-19,1.851334513489129877e-05,3.144244603588383345e-26
2.649500000000000000e+03,4.063835996932965022e-22,2.408314514518797633e+00,1.000000013791956007e+03,1.012018872582010971e+02,-1.627450412197932748e-14,3.017125231504981591e-06,6.462000803163366161e-06,4.140926738655728319e-22,-9.760673100526393142e+00,9.000000000000000000e+01,-1.952972835276636313e-06,0.000000000000000000e+00,1.475334699458173341e-19,-1.133607833985219687e-04,3.247681827783536835e-26
2.659500000000000000e+03,4.063835998177514964e-22,2.417404209602168397e+00,1.000000014006160200e+03,1.012018873841453370e+02,-1.627450412114768507e-14,3.015575504760536541e-06,-4.339746063078858819e-06,-2.474882022652398840e-22,-9.761022190226718465e+00,9.000000000000000000e+01,-1.708599063769691562e-06,0.000000000000000000e+00,1.475334699268751150e-19,8.427749758168254202e-05,3.103670909861180630e-26
2.669500000000000000e+03,4.063835999419080091e-22,2.426493904697471393e+00,1.000000014234334230e+03,1.012018875306755774e+02,-1.627450411904302942e-14,3.013814143960413396e-06,2.111708070724687814e-06,1.473762587996617805e-22,-9.760789413699928474e+00,9.000000000000000000e+01,-1.843444709822013372e-06,0.000000000000000000e+00,1.475334699154748856e-19,-4.750969436989777061e-05,3.207500358063084618e-26
2.679500000000000000e+03,4.063836000656906205e-22,2.435583599804648891e+00,1.000000014490447938e+03,1.012018876475080447e+02,-1.627450411873376439e-14,3.011837548870421593e-06,-5.065245881765986404e-06,-2.906086387719503712e-22,-9.760963879336664206e+00,9.000000000000000000e+01,-1.897139241065479623e-06,0.000000000000000000e+00,1.475334699052379420e-19,5.126459898080847061e-05,3.103530576181704852e-26
2.689500000000000000e+03,4.063836001887335169e-22,2.444673294923579654e+00,1.000000014768913388e+03,1.012018877960853445e+02,-1.627450411644042898e-14,3.009648547466207758e-06,7.241374859411980938e-06,4.623161194854596705e-22,-9.761022653993569165e+00,9.000000000000000000e+01,-1.802487842077934280e-06,0.000000000000000000e+00,1.475334698985702763e-19,8.454006623928704567e-05,3.095817371693607764e-26
2.699500000000000000e+03,4.063836003117112908e-22,2.453762990054342730e+00,1.000000015010125935e+03,1.012018879089926884e+02,-1.627450411632867264e-14,3.007245554540385055e-06,-9.362708100495054656e-06,-5.536961646681374752e-22,-9.760905412108920487e+00,9.000000000000000000e+01,-1.946217388022082646e-06,0.000000000000000000e+00,1.475334698797213684e-19,1.816318952317803385e-05,3.127463775741859841e-26
2.709500000000000000e+03,4.063836004339884702e-22,2.462852685196916802e+00,1.000000015247613192e+03,1.012018880430934757e+02,-1.627450411487985385e-14,3.004631462321822534e-06,7.938484306876916191e-06,5.049738021712225503e-22,-9.760847882121245433e+00,9.000000000000000000e+01,-1.898225642211355200e-06,0.000000000000000000e+00,1.475334698861295633e-19,-1.440760113085483877e-05,3.166105964415089395e-26
2.719500000000000000e+03,4.063836005558625960e-22,2.471942380351173973e+00,1.000000015549361706e+03,1.012018882054377968e+02,-1.627450411168002261e-14,3.001800660757484688e-06,9.573815046093460217e-06,6.057106258784995838e-22,-9.760731419545646048e+00,9.000000000000000000e+01,-2.021548164097172312e-06,0.000000000000000000e+00,1.475334698595998783e-19,-8.034326576581639042e-05,3.197642543161511551e-26
2.729500000000000000e+03,4.063836006774798057e-22,2.481032075517195068e+00,1.000000015803612769e+03,1.012018883007414303e+02,-1.627450411257018588e-14,2.998757741770981569e-06,2.583716570782529379e-06,1.775795034716220732e-22,-9.760731106174237226e+00,9.000000000000000000e+01,-2.010832010264448503e-06,0.000000000000000000e+00,1.475334698603055149e-19,-8.052068345663401501e-05,3.200461321926328982e-26
2.739500000000000000e+03,4.063836007985471193e-22,2.490121770694620373e+00,1.000000016016885638e+03,1.012018884123103390e+02,-1.627450411243314496e-14,2.995505180465423534e-06,-9.452253813770321588e-06,-5.602528832102666248e-22,-9.760847095930852646e+00,9.000000000000000000e+01,-1.864266071099808372e-06,0.000000000000000000e+00,1.475334698462208763e-19,-1.485270152769241072e-05,3.174944858202537631e-26
2.749500000000000000e+03,4.063836009191384046e-22,2.499211465882984040e+00,1.000000016218982637e+03,1.012018885551214566e+02,-1.627450411035840922e-14,2.992045692925709654e-06,-4.794035933365389238e-07,-1.133621002309732430e-23,-9.760730948544871666e+00,9.000000000000000000e+01,-1.911575142653706440e-06,0.000000000000000000e+00,1.475334698378453199e-19,-8.060992299073664277e-05,3.242698399301050818e-26
2.759500000000000000e+03,4.063836010390116509e-22,2.508301161082940212e+00,1.000000016522593796e+03,1.012018886852730901e+02,-1.627450410901748452e-14,2.988377975788288131e-06,1.964419468370945466e-06,1.390952338144936758e-22,-9.760847570746992830e+00,9.000000000000000000e+01,-1.890137160878706716e-06,0.000000000000000000e+00,1.475334698288980753e-19,-1.458387900637086036e-05,3.167775511337620271e-26
2.769500000000000000e+03,4.063836011587322241e-22,2.517390856294375201e+00,1.000000016791746020e+03,1.012018888374583554e+02,-1.627450410631911322e-14,2.984499750410490500e-06,5.449613939655940773e-06,3.526117467923637269e-22,-9.761022504953379197e+00,9.000000000000000000e+01,-1.832383758417381388e-06,0.000000000000000000e+00,1.475334698088919725e-19,8.445569953113067033e-05,3.104119459058328423e-26
2.779500000000000000e+03,4.063836012777933919e-22,2.526480551517273909e+00,1.000000017140060663e+03,1.012018889466272640e+02,-1.627450410621929392e-14,2.980410764820829940e-06,-9.921191318607685191e-06,-5.885309888650324696e-22,-9.760963552974310176e+00,9.000000000000000000e+01,-1.839030278035204198e-06,0.000000000000000000e+00,1.475334697914796158e-19,5.107984403782468870e-05,3.117530387045210875e-26
2.789500000000000000e+03,4.063836013961437618e-22,2.535570246751643442e+00,1.000000017402693629e+03,1.012018890731339411e+02,-1.627450410501820270e-14,2.976114602078104065e-06,-6.041475514421891438e-06,-3.512664303661038061e-22,-9.760963712411411919e+00,9.000000000000000000e+01,-1.809908228816413358e-06,0.000000000000000000e+00,1.475334697853438197e-19,5.117011106626065322e-05,3.124799819881830090e-26
2.799500000000000000e+03,4.063836015139438593e-22,2.544659941997438946e+00,1.000000017646700144e+03,1.012018891922516133e+02,-1.627450410423929722e-14,2.971613447749666750e-06,-6.845952502439705859e-06,-4.008471478599959058e-22,-9.760905399737998422e+00,9.000000000000000000e+01,-1.800768103439448315e-06,0.000000000000000000e+00,1.475334697778458373e-19,1.815620051870464786e-05,3.153814584182749829e-26
2.809500000000000000e+03,4.063836016313088829e-22,2.553749637254680849e+00,1.000000017847865820e+03,1.012018893159791730e+02,-1.627450410315345543e-14,2.966907818042525404e-06,-5.561160794926820153e-06,-3.218299126595598396e-22,-9.760963710668143278e+00,9.000000000000000000e+01,-1.811701756323509379e-06,0.000000000000000000e+00,1.475334697699006300e-19,5.116912614348284339e-05,3.124038278265702975e-26
2.819500000000000000e+03,4.063836017476078271e-22,2.562839332523171976e+00,1.000000018136575818e+03,1.012018894457466729e+02,-1.627450410164074207e-14,2.962001722384346150e-06,-2.183803635311032521e-06,-1.146971378981322178e-22,-9.760730786745332566e+00,9.000000000000000000e+01,-1.974668721869646456e-06,0.000000000000000000e+00,1.475334697604171584e-19,-8.070151527595279114e-05,3.208710282059485825e-26
2.829500000000000000e+03,4.063836018635327289e-22,2.571929027802947854e+00,1.000000018450431526e+03,1.012018895652286972e+02,-1.627450410073380446e-14,2.956885354804373441e-06,-4.046098492366352056e-06,-2.294702092170500840e-22,-9.761022021351122291e+00,9.000000000000000000e+01,-1.707629020036282647e-06,0.000000000000000000e+00,1.475334697505902934e-19,8.418191345810281776e-05,3.101941761529920598e-26
2.839500000000000000e+03,4.063836019788316096e-22,2.581018723093837064e+00,1.000000018711201847e+03,1.012018897051363524e+02,-1.627450409854510673e-14,2.951567371313199483e-06,-4.260372016349518861e-06,-2.412388999837943119e-22,-9.760788934848051213e+00,9.000000000000000000e+01,-1.999646737338427261e-06,0.000000000000000000e+00,1.475334697311004120e-19,-4.778077204411800759e-05,3.170295098966901243e-26
2.849500000000000000e+03,4.063836020931086094e-22,2.590108418395896894e+00,1.000000018975697458e+03,1.012018898102382423e+02,-1.627450409842945025e-14,2.946047612355421973e-06,-1.125434502749158906e-05,-6.698908217108445048e-22,-9.760788605440485100e+00,9.000000000000000000e+01,-1.961619236789288481e-06,0.000000000000000000e+00,1.475334697227378075e-19,-4.796726695297765073e-05,3.180093543708938474e-26
2.859500000000000000e+03,4.063836022064172841e-22,2.599198113709091373e+00,1.000000019253231585e+03,1.012018899361179933e+02,-1.627450409698766811e-14,2.940328232078228957e-06,-2.716554043845416184e-06,-1.475058971375088233e-22,-9.760847246440171432e+00,9.000000000000000000e+01,-1.889321641213941997e-06,0.000000000000000000e+00,1.475334697195447601e-19,-1.476747136902170042e-05,3.166610343352853337e-26
2.869500000000000000e+03,4.063836023192730643e-22,2.608287809033214888e+00,1.000000019527971745e+03,1.012018900539873698e+02,-1.627450409601133914e-14,2.934410992602900133e-06,-8.722823324260971757e-06,-5.163833209093214365e-22,-9.760905227879632662e+00,9.000000000000000000e+01,-1.750712737418075095e-06,0.000000000000000000e+00,1.475334697045205566e-19,1.805891234062797444e-05,3.170555858327837933e-26
2.879500000000000000e+03,4.063836024315237470e-22,2.617377504368387342e+00,1.000000019791536033e+03,1.012018901939129165e+02,-1.627450409365163845e-14,2.928291564616086748e-06,1.437599088453999160e-06,1.067242205512366994e-22,-9.760847411887002778e+00,9.000000000000000000e+01,-1.875132703335621765e-06,0.000000000000000000e+00,1.475334696948891735e-19,-1.467379899892558337e-05,3.169804188749052068e-26
2.889500000000000000e+03,4.063836025426452498e-22,2.626467199714305423e+00,1.000000020062550902e+03,1.012018903000769114e+02,-1.627450409329683090e-14,2.921975873544381486e-06,-6.543243074013882512e-06,-3.816851793834359238e-22,-9.760788765545116874e+00,9.000000000000000000e+01,-1.934357888392466132e-06,0.000000000000000000e+00,1.475334696832944252e-19,-4.787661726749084463e-05,3.186286565862241399e-26
2.899500000000000000e+03,4.063836026530631017e-22,2.635556895071171191e+00,1.000000020291656256e+03,1.012018904236813057e+02,-1.627450409183334877e-14,2.915463787939516565e-06,-3.395649890540546854e-06,-1.890410465752698247e-22,-9.760963704702131594e+00,9.000000000000000000e+01,-1.795339354598064150e-06,0.000000000000000000e+00,1.475334696739747058e-19,5.116576209583089530e-05,3.109825519698442725e-26
2.909500000000000000e+03,4.063836027626482804e-22,2.644646590438721301e+00,1.000000020603649318e+03,1.012018905415929169e+02,-1.627450409067472036e-14,2.908758165575058049e-06,-4.740873781380013574e-07,-1.018847190160218247e-23,-9.760905558565594831e+00,9.000000000000000000e+01,-1.854757128601980735e-06,0.000000000000000000e+00,1.475334696671404471e-19,1.824613729864085505e-05,3.142808047349550051e-26
2.919500000000000000e+03,4.063836028709722948e-22,2.653736285816954421e+00,1.000000020914711058e+03,1.012018906712949757e+02,-1.627450408872336247e-14,2.901855184178796128e-06,1.648989720031930377e-06,1.197732555047818908e-22,-9.761022185909414617e+00,9.000000000000000000e+01,-1.815523256384381539e-06,0.000000000000000000e+00,1.475334696523038050e-19,8.427509308284652709e-05,3.106049779727682969e-26
2.929500000000000000e+03,4.063836029787668665e-22,2.662825981205716452e+00,1.000000021201558411e+03,1.012018907730483619e+02,-1.627450408845576823e-14,2.894763220586290156e-06,-2.751395706045882843e-06,-1.504258989976026783e-22,-9.760730617117385322e+00,9.000000000000000000e+01,-1.876807328986505899e-06,0.000000000000000000e+00,1.475334696454005499e-19,-8.079753502048015476e-05,3.231944329235105641e-26
2.939500000000000000e+03,4.063836030857692020e-22,2.671915676605035816e+00,1.000000021437183022e+03,1.012018908991311434e+02,-1.627450408665200937e-14,2.887482516293307168e-06,-3.362592071646654530e-06,-1.868592338341140143e-22,-9.760905389070400062e+00,9.000000000000000000e+01,-1.872573705372228508e-06,0.000000000000000000e+00,1.475334696288980025e-19,1.815018206737678032e-05,3.137701180809786747e-26
2.949500000000000000e+03,4.063836031916190829e-22,2.681005372014884536e+00,1.000000021747313440e+03,1.012018910193890520e+02,-1.627450408514281118e-14,2.880012786967774913e-06,4.161022202433752357e-06,2.731396222046623950e-22,-9.760905728940633352e+00,9.000000000000000000e+01,-1.836686921679214140e-06,0.000000000000000000e+00,1.475334696239529607e-19,1.834260205264427165e-05,3.163346195449371104e-26
2.959500000000000000e+03,4.063836032965891768e-22,2.690095067434628007e+00,1.000000022068619728e+03,1.012018911276638136e+02,-1.627450408431812336e-14,2.872350307569705536e-06,-2.862865360766000973e-06,-1.562896786723190454e-22,-9.760905388180802333e+00,9.000000000000000000e+01,-1.868615746793302829e-06,0.000000000000000000e+00,1.475334696091756854e-19,1.814968102005973724e-05,3.138232329100758533e-26
2.969500000000000000e+03,4.063836034007125856e-22,2.699184762864115239e+00,1.000000022362917662e+03,1.012018912418577230e+02,-1.627450408308407038e-14,2.864501866073334472e-06,4.660052700695404324e-06,3.043483019596164158e-22,-9.760905730436938654e+00,9.000000000000000000e+01,-1.836238743357939742e-06,0.000000000000000000e+00,1.475334696067080636e-19,1.834345132650486938e-05,3.129343036925851045e-26
2.979500000000000000e+03,4.063836035033121305e-22,2.708274458303753907e+00,1.000000022606924176e+03,1.012018913452348272e+02,-1.627450408242890878e-14,2.856469993129370712e-06,-3.236675817891808077e-06,-1.798209018428918029e-22,-9.760847072906377875e+00,9.000000000000000000e+01,-1.839072286801436896e-06,0.000000000000000000e+00,1.475334695924638857e-19,-1.486570110524535486e-05,3.177141085177289734e-26
2.989500000000000000e+03,4.063836036052894158e-22,2.717364153753575540e+00,1.000000022892840207e+03,1.012018914560606788e+02,-1.627450408128270966e-14,2.848253412778443495e-06,6.607846199515662279e-07,5.854222033100777711e-23,-9.760847244934973688e+00,9.000000000000000000e+01,-1.810879544771694886e-06,0.000000000000000000e+00,1.475334695867854257e-19,-1.476830551012750768e-05,3.184068221434439570e-26
2.999500000000000000e+03,4.063836037064704682e-22,2.726453849213399838e+00,1.000000023094937205e+03,1.012018915618624106e+02,-1.627450408039948522e-14,2.839856086298661550e-06,-1.867397772091539986e-06,-9.515028520328161391e-23,-9.760905386878230061e+00,9.000000000000000000e+01,-1.884288375263869797e-06,0.000000000000000000e+00,1.475334695764257523e-19,1.814894747407318369e-05,3.133294187223604975e-26
3.009500000000000000e+03,4.063836038064545852e-22,2.735543544683299633e+00,1.000000023348256946e+03,1.012018917012240991e+02,-1.627450407739562280e-14,2.831276019413277794e-06,-7.692618458361839012e-07,-2.778613218102984544e-23,-9.760963701604437048e+00,9.000000000000000000e+01,-1.893424454975280228e-06,0.000000000000000000e+00,1.475334695509847473e-19,5.116402507059099580e-05,3.115760482688480094e-26
3.019500000000000000e+03,4.063836039053465270e-22,2.744633240163056875e+00,1.000000023632310331e+03,1.012018917862095861e+02,-1.627450407766110289e-14,2.822518422546859921e-06,-5.005992343930075082e-06,-2.870872739598688668e-22,-9.760905212258926156e+00,9.000000000000000000e+01,-1.906900897716077717e-06,0.000000000000000000e+00,1.475334695490356099e-19,1.805008961205256538e-05,3.127068055595670544e-26
3.029500000000000000e+03,4.063836040031352907e-22,2.753722935652598736e+00,1.000000023940578103e+03,1.012018919115614892e+02,-1.627450407539379674e-14,2.813584258462148706e-06,-1.142204386692312294e-06,-4.897426921253886474e-23,-9.760905386312490606e+00,9.000000000000000000e+01,-2.041121017718086725e-06,0.000000000000000000e+00,1.475334695332688400e-19,1.814863334436849323e-05,3.084136597872575870e-26
3.039500000000000000e+03,4.063836041000736549e-22,2.762812631151824849e+00,1.000000024268403649e+03,1.012018919976503781e+02,-1.627450407548393199e-14,2.804472933944010561e-06,-4.490410836267430485e-06,-2.565123431943580550e-22,-9.760905210849720959e+00,9.000000000000000000e+01,-1.810228497950618067e-06,0.000000000000000000e+00,1.475334695306669809e-19,1.804929400579387855e-05,3.151399902774179891e-26
3.049500000000000000e+03,4.063836041955295326e-22,2.771902326660674820e+00,1.000000024579465389e+03,1.012018921241980252e+02,-1.627450407301487940e-14,2.795180955036001431e-06,5.832020107095612667e-06,3.761410269101462537e-22,-9.760847422511398364e+00,9.000000000000000000e+01,-1.898723386296785573e-06,0.000000000000000000e+00,1.475334695201675090e-19,-1.466776072704912191e-05,3.159872571103962016e-26
3.059500000000000000e+03,4.063836042901263120e-22,2.780992022179037626e+00,1.000000024886801839e+03,1.012018922297073118e+02,-1.627450407178722566e-14,2.785720163359561934e-06,1.093051636678543255e-05,6.882771957907593980e-22,-9.760672829670831163e+00,9.000000000000000000e+01,-1.991346303841805732e-06,0.000000000000000000e+00,1.475334695150574390e-19,-1.135140693246347755e-04,3.230749755140786530e-26
3.069500000000000000e+03,4.063836043835335382e-22,2.790081717706890618e+00,1.000000025163404644e+03,1.012018923272840283e+02,-1.627450407097700871e-14,2.776089682236729228e-06,-9.363568876992289126e-08,1.184707217825031830e-23,-9.760905386116467852e+00,9.000000000000000000e+01,-1.725357177386385741e-06,0.000000000000000000e+00,1.475334694959354825e-19,1.814852678322421240e-05,3.172349865064041854e-26
3.079500000000000000e+03,4.063836044758165215e-22,2.799171413244025963e+00,1.000000025428831577e+03,1.012018924216005757e+02,-1.627450407030556502e-14,2.766283718763767603e-06,-2.709602974071137061e-06,-1.472516828422571314e-22,-9.760963524377707756e+00,9.000000000000000000e+01,-1.826684509761448150e-06,0.000000000000000000e+00,1.475334694873495905e-19,5.106369484479817680e-05,3.131187567319165718e-26
3.089500000000000000e+03,4.063836045667565261e-22,2.808261108790483629e+00,1.000000025721266866e+03,1.012018925398809728e+02,-1.627450406809298373e-14,2.756308831850256051e-06,3.233235795389548499e-06,2.170380469748530739e-22,-9.760847248497283246e+00,9.000000000000000000e+01,-1.898810533495057639e-06,0.000000000000000000e+00,1.475334694743181948e-19,-1.476627388673276895e-05,3.158798459320273466e-26
3.099500000000000000e+03,4.063836046566513281e-22,2.817350804346067328e+00,1.000000026028603315e+03,1.012018926413137478e+02,-1.627450406685425438e-14,2.746170046880762263e-06,2.717498629767192288e-06,1.855830397844695381e-22,-9.760788932959187036e+00,9.000000000000000000e+01,-1.943120062095523517e-06,0.000000000000000000e+00,1.475334694629209747e-19,-4.778180575589627212e-05,3.178847825077222076e-26
3.109500000000000000e+03,4.063836047453050902e-22,2.826440499910741089e+00,1.000000026265159249e+03,1.012018927222689655e+02,-1.627450406679916665e-14,2.735866175464043766e-06,-9.250387942931579617e-06,-5.477492253933204579e-22,-9.760963164622086907e+00,9.000000000000000000e+01,-1.794971148143700536e-06,0.000000000000000000e+00,1.475334694495442116e-19,5.086002211700416207e-05,3.121861425814178539e-26
3.119500000000000000e+03,4.063836048322270669e-22,2.835530195484245564e+00,1.000000026630237699e+03,1.012018928240537150e+02,-1.627450406537470158e-14,2.725398002147196477e-06,-2.500732541501128653e-06,-1.342197708467679882e-22,-9.760905206794564748e+00,9.000000000000000000e+01,-1.849363798417529431e-06,0.000000000000000000e+00,1.475334694444609362e-19,1.804700900340309018e-05,3.139112134039852172e-26
3.129500000000000000e+03,4.063836049181511901e-22,2.844619891066653583e+00,1.000000026924535632e+03,1.012018929315097324e+02,-1.627450406354754826e-14,2.714769836043499050e-06,4.277700115705356764e-06,2.804381566562882160e-22,-9.760847251073339947e+00,9.000000000000000000e+01,-1.842902590637667198e-06,0.000000000000000000e+00,1.475334694357792773e-19,-1.476481097076700046e-05,3.171981575640354454e-26
3.139500000000000000e+03,4.063836050029278897e-22,2.853709586657732444e+00,1.000000027275644243e+03,1.012018930234259386e+02,-1.627450406260765835e-14,2.703982608989998432e-06,-8.520626790968982168e-06,-5.035780593614237059e-22,-9.760963160533204785e+00,9.000000000000000000e+01,-1.743719232006723343e-06,0.000000000000000000e+00,1.475334694135294179e-19,5.085771177786848149e-05,3.134168422611044556e-26
3.149500000000000000e+03,4.063836050862099247e-22,2.862799282257529665e+00,1.000000027555041015e+03,1.012018931206215058e+02,-1.627450406126250536e-14,2.693037869551516207e-06,1.898404629090138350e-06,1.341261784773193545e-22,-9.760905387625321339e+00,9.000000000000000000e+01,-1.738176186752306023e-06,0.000000000000000000e+00,1.475334694131752153e-19,1.814939109534331074e-05,3.161853466380004087e-26
3.159500000000000000e+03,4.063836051682701509e-22,2.871888977865720172e+00,1.000000027906149626e+03,1.012018932349456009e+02,-1.627450405880145813e-14,2.681935105026418399e-06,1.232354183794653717e-05,7.729511457614414010e-22,-9.760847617981685431e+00,9.000000000000000000e+01,-1.826104427476424102e-06,0.000000000000000000e+00,1.475334694028127493e-19,-1.455707969240022429e-05,3.175236719853046568e-26
3.169500000000000000e+03,4.063836052490998696e-22,2.880978673482506469e+00,1.000000028135254979e+03,1.012018933161281211e+02,-1.627450405830116885e-14,2.670678760885458317e-06,9.543444068179899373e-07,7.801582950611700475e-23,-9.760788754512816467e+00,9.000000000000000000e+01,-1.976350192074205162e-06,0.000000000000000000e+00,1.475334693861010940e-19,-4.788282491266867722e-05,3.168279657851916805e-26
3.179500000000000000e+03,4.063836053287915217e-22,2.890068369106935098e+00,1.000000028800219297e+03,1.012018933898630166e+02,-1.627450405819448331e-14,2.659267942973351462e-06,-4.623386619000141793e-06,-2.649770267524880679e-22,-9.760905021991776565e+00,9.000000000000000000e+01,-1.770205644616516261e-06,0.000000000000000000e+00,1.475334693792327704e-19,1.794238962305921744e-05,3.157684242813401704e-26
3.189500000000000000e+03,4.063836054070390555e-22,2.899158064738913687e+00,1.000000029278919101e+03,1.012018934530785543e+02,-1.627450405865211098e-14,2.647699200680002002e-06,-4.384918750318375734e-06,-2.496895014637929436e-22,-9.760905021328289521e+00,9.000000000000000000e+01,-1.835364777820348507e-06,0.000000000000000000e+00,1.475334693838684838e-19,1.794201259002109244e-05,3.140655066555220203e-26
3.199500000000000000e+03,4.063836054837826148e-22,2.908247760379057301e+00,1.000000029644928873e+03,1.012018935709016461e+02,-1.627450405568310044e-14,2.635977794245855086e-06,5.403639123857329440e-06,3.497451566858158991e-22,-9.760788939890719718e+00,9.000000000000000000e+01,-1.905895918770047660e-06,0.000000000000000000e+00,1.475334693682178956e-19,-4.777787099750832324e-05,3.185359613228300591e-26
3.209500000000000000e+03,4.063836055589756500e-22,2.917337456027090159e+00,1.000000029892660677e+03,1.012018936574497019e+02,-1.627450405454195634e-14,2.624108968579431018e-06,-4.559504588995855205e-06,-2.601854114180230632e-22,-9.760846702729011781e+00,9.000000000000000000e+01,-1.885530191033700398e-06,0.000000000000000000e+00,1.475334693472578797e-19,-1.507524887678059417e-05,3.158832967720626487e-26
3.219500000000000000e+03,4.063836056329116586e-22,2.926427151683065109e+00,1.000000030266121030e+03,1.012018937471283806e+02,-1.627450405314106243e-14,2.612097013775366775e-06,-4.976886575992695353e-06,-2.851613958247609407e-22,-9.760788384590068034e+00,9.000000000000000000e+01,-2.004462962237036388e-06,0.000000000000000000e+00,1.475334693344655400e-19,-4.809225301979224457e-05,3.176455280067977723e-26
3.229500000000000000e+03,4.063836057056349332e-22,2.935516847346703262e+00,1.000000030589289963e+03,1.012018938251722489e+02,-1.627450405238401787e-14,2.599943079387963508e-06,3.227561386517623239e-06,2.164640822169378613e-22,-9.760847074080736263e+00,9.000000000000000000e+01,-1.867563873749049284e-06,0.000000000000000000e+00,1.475334693369128914e-19,-1.486500552127897453e-05,3.162638678024404426e-26
3.239500000000000000e+03,4.063836057769593224e-22,2.944606543017961542e+00,1.000000030893832445e+03,1.012018938857770394e+02,-1.627450405261737555e-14,2.587643595372986584e-06,-9.743985675613322188e-06,-5.788080271312974733e-22,-9.760962962508106244e+00,9.000000000000000000e+01,-1.705870936630556812e-06,0.000000000000000000e+00,1.475334693249545276e-19,5.074560761385633374e-05,3.140805403935802306e-26
3.249500000000000000e+03,4.063836058466066104e-22,2.953696238696895460e+00,1.000000031176954508e+03,1.012018939878884254e+02,-1.627450405021841167e-14,2.575210107448103994e-06,3.120195828959371017e-06,2.090375553960024215e-22,-9.760788757490162837e+00,9.000000000000000000e+01,-1.848185517408015584e-06,0.000000000000000000e+00,1.475334693177866015e-19,-4.788113278391909822e-05,3.215480846857564040e-26
3.259500000000000000e+03,4.063836059151508145e-22,2.962785934383058262e+00,1.000000031491741538e+03,1.012018940863763419e+02,-1.627450404797807194e-14,2.562642721609417865e-06,9.952893048366944639e-07,7.979451032856697095e-23,-9.760905205799543793e+00,9.000000000000000000e+01,-1.833875947451736881e-06,0.000000000000000000e+00,1.475334692955649570e-19,1.804646262478803951e-05,3.138552737539420268e-26
3.269500000000000000e+03,4.063836059818391481e-22,2.971875630076568964e+00,1.000000031828880310e+03,1.012018941557572305e+02,-1.627450404741849188e-14,2.549940425374493524e-06,1.245615363275320562e-06,9.508095977686975116e-23,-9.760905206026857073e+00,9.000000000000000000e+01,-1.829215925954643671e-06,0.000000000000000000e+00,1.475334692910289346e-19,1.804659132555021473e-05,3.139452531612683961e-26
3.279500000000000000e+03,4.063836060471243646e-22,2.980965325777257036e+00,1.000000032141804695e+03,1.012018942531376098e+02,-1.627450404506709631e-14,2.537105336167001976e-06,5.116366260874255580e-06,3.325045914901796481e-22,-9.760905395481024982e+00,9.000000000000000000e+01,-1.898443955484690885e-06,0.000000000000000000e+00,1.475334692743855776e-19,1.815385408418787851e-05,3.138004813004373166e-26
3.289500000000000000e+03,4.063836061108804510e-22,2.990055021484975928e+00,1.000000032382085919e+03,1.012018943064155820e+02,-1.627450404533038337e-14,2.524140908810612073e-06,-1.219349430900257733e-05,-7.276399966224330401e-22,-9.760962765714054967e+00,9.000000000000000000e+01,-1.813023951071250086e-06,0.000000000000000000e+00,1.475334692579143025e-19,5.063419967553736559e-05,3.111585103672596768e-26
3.299500000000000000e+03,4.063836061734177379e-22,2.999144717199660359e+00,1.000000032669864595e+03,1.012018943773640700e+02,-1.627450404444545183e-14,2.511052124614994999e-06,-1.622965127289298159e-06,-8.151410780353331271e-23,-9.760905016600196049e+00,9.000000000000000000e+01,-1.736341006701101762e-06,0.000000000000000000e+00,1.475334692617752143e-19,1.793934921475925104e-05,3.162409995375002305e-26
3.309500000000000000e+03,4.063836062343258836e-22,3.008234412921123369e+00,1.000000032988376915e+03,1.012018944713256445e+02,-1.627450404206138165e-14,2.497839864760454548e-06,2.231680797402697531e-06,1.559036907546858381e-22,-9.760905207325915711e+00,9.000000000000000000e+01,-1.899522850521518259e-06,0.000000000000000000e+00,1.475334692448235881e-19,1.804733183148921229e-05,3.136759498569569676e-26
3.319500000000000000e+03,4.063836062934938746e-22,3.017324108649218850e+00,1.000000033290125430e+03,1.012018945389040709e+02,-1.627450404119587817e-14,2.484505591071361836e-06,-4.780492454721329190e-06,-2.733926789348353548e-22,-9.760904824758227960e+00,9.000000000000000000e+01,-1.875195067651815843e-06,0.000000000000000000e+00,1.475334692295292248e-19,1.783074087167080938e-05,3.126037468078843388e-26
3.329500000000000000e+03,4.063836063512296432e-22,3.026413804384017414e+00,1.000000033593736589e+03,1.012018946146217644e+02,-1.627450403975346494e-14,2.471050287848794058e-06,-1.455298359274884365e-06,-6.992544064218241664e-23,-9.760846697590960019e+00,9.000000000000000000e+01,-1.893519006504850773e-06,0.000000000000000000e+00,1.475334692204150020e-19,-1.507814454711684695e-05,3.152547274321451608e-26
3.339500000000000000e+03,4.063836064075580629e-22,3.035503500125090071e+00,1.000000033890828490e+03,1.012018946649284885e+02,-1.627450403978841148e-14,2.457477234079542725e-06,-1.153268817510425760e-05,-6.877094632612729853e-22,-9.760904438124896387e+00,9.000000000000000000e+01,-1.782687795075013429e-06,0.000000000000000000e+00,1.475334692098129744e-19,1.761184802361319586e-05,3.145649202800615584e-26
3.349500000000000000e+03,4.063836064621262975e-22,3.044593195872287161e+00,1.000000034531578422e+03,1.012018947749915867e+02,-1.627450403606873983e-14,2.443784132560878367e-06,-4.029525433065413345e-06,-2.275209504940923017e-22,-9.760904822806871550e+00,9.000000000000000000e+01,-1.862007979053718998e-06,0.000000000000000000e+00,1.475334691848382611e-19,1.782964126045388483e-05,3.128328344967313849e-26
3.359500000000000000e+03,4.063836065150110360e-22,3.053682891625694840e+00,1.000000034959055483e+03,1.012018948112599332e+02,-1.627450403677460626e-14,2.429973538600935111e-06,2.441138649506121380e-06,1.673506486803367493e-22,-9.760788572222129034e+00,9.000000000000000000e+01,-1.813727795100039062e-06,0.000000000000000000e+00,1.475334691984383599e-19,-4.798601101179785546e-05,3.212082960014937490e-26
3.369500000000000000e+03,4.063836065667027418e-22,3.062772587385000911e+00,1.000000035301782191e+03,1.012018948832020442e+02,-1.627450403522776993e-14,2.416045591730098493e-06,-3.015389560462490785e-06,-1.649321927923078088e-22,-9.760963140603982069e+00,9.000000000000000000e+01,-1.874390565428467781e-06,0.000000000000000000e+00,1.475334691787414169e-19,5.084645306236004270e-05,3.092642704925885832e-26
3.379500000000000000e+03,4.063836066164641918e-22,3.071862283150274209e+00,1.000000035618431866e+03,1.012018949430493393e+02,-1.627450403431623800e-14,2.402007026147417096e-06,7.636744764395702711e-06,4.856777732345338218e-22,-9.760905406081354485e+00,9.000000000000000000e+01,-1.748491921472852638e-06,0.000000000000000000e+00,1.475334691824005394e-19,1.815986334566407033e-05,3.156110300618500454e-26
3.389500000000000000e+03,4.063836066644593440e-22,3.080951978921346868e+00,1.000000035959295928e+03,1.012018950102301176e+02,-1.627450403285741646e-14,2.387861852909345075e-06,-3.031726522856464222e-06,-1.660368762020620438e-22,-9.760904820767230206e+00,9.000000000000000000e+01,-1.864771194072099688e-06,0.000000000000000000e+00,1.475334691577435565e-19,1.782848797678948221e-05,3.109299380759194780e-26
3.399500000000000000e+03,4.063836067109340649e-22,3.090041674697542096e+00,1.000000036227516830e+03,1.012018950681416669e+02,-1.627450403188282298e-14,2.373613725434077013e-06,3.562026101342678692e-07,4.106016943814771362e-23,-9.760846697326211796e+00,9.000000000000000000e+01,-1.893779684766543403e-06,0.000000000000000000e+00,1.475334691528594463e-19,-1.507828855780724867e-05,3.149892803246065750e-26
3.409500000000000000e+03,4.063836067557486585e-22,3.099131370478664049e+00,1.000000036570243537e+03,1.012018951224737719e+02,-1.627450403103640679e-14,2.359264564825415611e-06,1.006560569631282212e-05,6.348356349613621465e-22,-9.760672329859843899e+00,9.000000000000000000e+01,-1.934744669286169679e-06,0.000000000000000000e+00,1.475334691560653011e-19,-1.137970021650565268e-04,3.242292322440980695e-26
3.419500000000000000e+03,4.063836067989776984e-22,3.108221066265193677e+00,1.000000036818906665e+03,1.012018951761108241e+02,-1.627450403014113801e-14,2.344818219715972492e-06,1.833225827650772940e-06,1.314457190600983815e-22,-9.760963336202769014e+00,9.000000000000000000e+01,-1.789732749138892749e-06,0.000000000000000000e+00,1.475334691391207769e-19,5.095719474840231417e-05,3.095583990745598021e-26
3.429500000000000000e+03,4.063836068406502896e-22,3.117310762057062590e+00,1.000000037110410631e+03,1.012018952342954776e+02,-1.627450402888489595e-14,2.330278965688726920e-06,6.775941956315800504e-07,6.017825714646301810e-23,-9.760788378464686943e+00,9.000000000000000000e+01,-1.854849033910056330e-06,0.000000000000000000e+00,1.475334691266898861e-19,-4.809570166888875594e-05,3.182080395559797746e-26
3.439500000000000000e+03,4.063836068803232240e-22,3.126400457853888426e+00,1.000000037420541048e+03,1.012018952864252270e+02,-1.627450402788718570e-14,2.315640613480863306e-06,-1.767330265856878851e-06,-8.990577479334789245e-23,-9.760904819107196317e+00,9.000000000000000000e+01,-1.767578735449564504e-06,0.000000000000000000e+00,1.475334691151583324e-19,1.782755095323194775e-05,3.149189526647731602e-26
3.449500000000000000e+03,4.063836069186181968e-22,3.135490153655688950e+00,1.000000037714838982e+03,1.012018953533018220e+02,-1.627450402591076097e-14,2.300917169184876151e-06,-1.527506109942074085e-06,-7.461638641772736394e-23,-9.760904818891471990e+00,9.000000000000000000e+01,-1.824629973214972577e-06,0.000000000000000000e+00,1.475334690978026221e-19,1.782743086297130212e-05,3.134102760522813043e-26
3.459500000000000000e+03,4.063836069551858513e-22,3.144579849462275867e+00,1.000000038067810237e+03,1.012018954105239601e+02,-1.627450402443019842e-14,2.286101148425435372e-06,-1.278672794502366266e-06,-5.932573072090613331e-23,-9.760904818716451103e+00,9.000000000000000000e+01,-1.828916139592587603e-06,0.000000000000000000e+00,1.475334690848934508e-19,1.782733295590684764e-05,3.132601146466138308e-26
3.469500000000000000e+03,4.063836069899891357e-22,3.153669545273459107e+00,1.000000038646161556e+03,1.012018954698375808e+02,-1.627450402272447604e-14,2.271193771381595878e-06,1.350898668926206020e-05,8.459862542269263489e-22,-9.760905619143990464e+00,9.000000000000000000e+01,-1.780214341310332915e-06,0.000000000000000000e+00,1.475334690859388455e-19,1.828049832264404847e-05,3.127474354057392990e-26
3.479500000000000000e+03,4.063836070232025405e-22,3.162759241088976214e+00,1.000000039142556489e+03,1.012018955101520703e+02,-1.627450402209459270e-14,2.256195523458498993e-06,-8.473655074918754775e-06,-4.990444857718813031e-22,-9.760846097336449034e+00,9.000000000000000000e+01,-1.910556958044638960e-06,0.000000000000000000e+00,1.475334690562196520e-19,-1.541796680134095170e-05,3.125910416801964144e-26
3.489500000000000000e+03,4.063836070547468373e-22,3.171848936908921335e+00,1.000000039532780647e+03,1.012018955744302104e+02,-1.627450401990465802e-14,2.241109136666855617e-06,9.950862271976035987e-06,6.285967316874791090e-22,-9.760847102525968211e+00,9.000000000000000000e+01,-1.888917659880521276e-06,0.000000000000000000e+00,1.475334690569029961e-19,-1.484887436660566648e-05,3.147438735361854044e-26
3.499500000000000000e+03,4.063836070845599602e-22,3.180938632733092852e+00,1.000000039853155613e+03,1.012018956337907554e+02,-1.627450401792056556e-14,2.225940108875478809e-06,1.990057040149101334e-05,1.237772713417627651e-21,-9.760672750236608408e+00,9.000000000000000000e+01,-1.979953506083928899e-06,0.000000000000000000e+00,1.475334690501176319e-19,-1.135589936820924464e-04,3.218426748871097787e-26
3.509500000000000000e+03,4.063836071124912106e-22,3.190028328561466786e+00,1.000000040204264224e+03,1.012018956458194481e+02,-1.627450401872905964e-14,2.210695229667381303e-06,-8.218857432951075221e-07,-3.102832946404439876e-23,-9.760788178619186795e+00,9.000000000000000000e+01,-1.921746810969401185e-06,0.000000000000000000e+00,1.475334690346726849e-19,-4.820883728924988575e-05,3.170173185004747048e-26
3.519500000000000000e+03,4.063836071388108112e-22,3.199118024393960535e+00,1.000000040515325963e+03,1.012018956774201115e+02,-1.627450401824943536e-14,2.195382158551523535e-06,-1.067517105756003386e-05,-6.345048138744244174e-22,-9.760904209440672830e+00,9.000000000000000000e+01,-1.802883324969246244e-06,0.000000000000000000e+00,1.475334690196051719e-19,1.748239347298537771e-05,3.116696811277878435e-26
3.529500000000000000e+03,4.063836071633840974e-22,3.208207720230005222e+00,1.000000040791928768e+03,1.012018957138365067e+02,-1.627450401737941329e-14,2.179992552000950762e-06,-6.413396101088704275e-06,-3.741735052847842811e-22,-9.760962731447232699e+00,9.000000000000000000e+01,-1.747938835735964670e-06,0.000000000000000000e+00,1.475334690165431118e-19,5.061481941570307642e-05,3.119087344752941636e-26
3.539500000000000000e+03,4.063836071863520345e-22,3.217297416069889504e+00,1.000000041094608605e+03,1.012018957639200636e+02,-1.627450401558413627e-14,2.164535010395487236e-06,3.632041434232790565e-07,4.094370450877283392e-23,-9.760846498660184167e+00,9.000000000000000000e+01,-1.798110533725367226e-06,0.000000000000000000e+00,1.475334690079451828e-19,-1.519075315561155514e-05,3.152196314943334733e-26
3.549500000000000000e+03,4.063836072074346198e-22,3.226387111913243011e+00,1.000000041372142732e+03,1.012018958062069345e+02,-1.627450401416188947e-14,2.149011653515444018e-06,4.243053176801620606e-06,2.788860138634259964e-22,-9.760846703535106528e+00,9.000000000000000000e+01,-1.863503424976068210e-06,0.000000000000000000e+00,1.475334689995093689e-19,-1.507476169859332524e-05,3.151663732298553223e-26
3.559500000000000000e+03,4.063836072266857378e-22,3.235476807760099494e+00,1.000000041678547859e+03,1.012018958350319906e+02,-1.627450401346244753e-14,2.133424401196601090e-06,-2.765057939282180980e-06,-1.500728325454031320e-22,-9.760846293624652503e+00,9.000000000000000000e+01,-1.878544827842333157e-06,0.000000000000000000e+00,1.475334689855789250e-19,-1.530683343750270959e-05,3.147598137061969887e-26
3.569500000000000000e+03,4.063836072440965488e-22,3.244566503610291974e+00,1.000000042148865759e+03,1.012018958830381337e+02,-1.627450401148800757e-14,2.117775130852023736e-06,4.111324453956605557e-06,2.692423641239853813e-22,-9.760730064542899598e+00,9.000000000000000000e+01,-1.776381264030420402e-06,0.000000000000000000e+00,1.475334689754245075e-19,-8.111030794003641349e-05,3.236757956073928132e-26
3.579500000000000000e+03,4.063836072599481842e-22,3.253656199463221821e+00,1.000000042656436563e+03,1.012018959148338553e+02,-1.627450401041871292e-14,2.102058004443566038e-06,1.383022768133594395e-06,1.040481172756821103e-22,-9.760846499406932608e+00,9.000000000000000000e+01,-1.888470550225619830e-06,0.000000000000000000e+00,1.475334689628944555e-19,-1.519032694175170560e-05,3.144095285568336329e-26
3.589500000000000000e+03,4.063836072736358755e-22,3.262745895319095979e+00,1.000000042986124754e+03,1.012018959593118836e+02,-1.627450400845343953e-14,2.086283661745510288e-06,4.966706464365976646e-06,3.229232024194304155e-22,-9.760788386386693105e+00,9.000000000000000000e+01,-1.851022801183818177e-06,0.000000000000000000e+00,1.475334689492127454e-19,-4.809120238499884644e-05,3.176536562608346905e-26
3.599500000000000000e+03,4.063836072856628284e-22,3.271835591177805647e+00,1.000000043384730816e+03,1.012018959736194859e+02,-1.627450400824358991e-14,2.070454314309872597e-06,-1.422868961768151017e-06,-6.798234754507253341e-23,-9.760904612809097713e+00,9.000000000000000000e+01,-1.863666905486695557e-06,0.000000000000000000e+00,1.475334689403370491e-19,1.771076756108309422e-05,3.134838520637186670e-26
3.609500000000000000e+03,4.063836072959194398e-22,3.280925287039244242e+00,1.000000043609179556e+03,1.012018960067902498e+02,-1.627450400678042332e-14,2.054575579072444421e-06,5.796446802197062473e-06,3.740164443385274406e-22,-9.760846708606122135e+00,9.000000000000000000e+01,-1.859069909861170269e-06,0.000000000000000000e+00,1.475334689351641457e-19,-1.507188638155692173e-05,3.150289011791542184e-26
3.619500000000000000e+03,4.063836073045831623e-22,3.290014982902583096e+00,1.000000043907202780e+03,1.012018960253073487e+02,-1.627450400612706032e-14,2.038648711500907376e-06,1.843857488156091855e-06,1.321080054731225197e-22,-9.760729859794698982e+00,9.000000000000000000e+01,-1.904557617693400057e-06,0.000000000000000000e+00,1.475334689249723411e-19,-8.122622432773342956e-05,3.184929246979730118e-26
3.629500000000000000e+03,4.063836073114242573e-22,3.299104678767939891e+00,1.000000044273212552e+03,1.012018960491721060e+02,-1.627450400504497666e-14,2.022675421148760390e-06,-9.569941936657013101e-07,-3.906082309097087212e-23,-9.760846291906267069e+00,9.000000000000000000e+01,-1.900712912305572118e-06,0.000000000000000000e+00,1.475334689121930256e-19,-1.530780179064162929e-05,3.138945973891475527e-26
3.639500000000000000e+03,4.063836073163043456e-22,3.308194374635671675e+00,1.000000044537708163e+03,1.012018960761700299e+02,-1.627450400366260521e-14,2.006658568211754680e-06,-4.332287201720042017e-06,-2.455926998431566694e-22,-9.760846081887855519e+00,9.000000000000000000e+01,-1.913801276486356334e-06,0.000000000000000000e+00,1.475334688960771809e-19,-1.542670330936562863e-05,3.135265476077593036e-26
3.649500000000000000e+03,4.063836073193151628e-22,3.317284070505523097e+00,1.000000044901855290e+03,1.012018960904502052e+02,-1.627450400295662834e-14,1.990603437758391503e-06,6.575777605126610857e-06,4.209674210094537256e-22,-9.760788392170319128e+00,9.000000000000000000e+01,-1.845469374598920718e-06,0.000000000000000000e+00,1.475334689017115371e-19,-4.808792702183280752e-05,3.200669948238553031e-26
3.659500000000000000e+03,4.063836073205587418e-22,3.326373766377128227e+00,1.000000045290216804e+03,1.012018961206848928e+02,-1.627450400117440539e-14,1.974510745486181473e-06,7.344512691752173861e-06,4.688693531640604683e-22,-9.760905034644821399e+00,9.000000000000000000e+01,-1.827186350401308209e-06,0.000000000000000000e+00,1.475334688865598369e-19,1.794959415300880271e-05,3.124623764067661535e-26
3.669500000000000000e+03,4.063836073199117497e-22,3.335463462250075839e+00,1.000000045885331929e+03,1.012018961325353104e+02,-1.627450400041579256e-14,1.958374188919371815e-06,-1.599269879789304619e-07,9.363587760604942353e-24,-9.760787971105983729e+00,9.000000000000000000e+01,-1.893274867127501472e-06,0.000000000000000000e+00,1.475334688714758814e-19,-4.832631208064930485e-05,3.170903142272466576e-26
3.679500000000000000e+03,4.063836073175930166e-22,3.344553158124693226e+00,1.000000046285800636e+03,1.012018961403113479e+02,-1.627450399981206154e-14,1.942201615634020939e-06,-1.420859261260650237e-05,-8.486515291521022653e-22,-9.760845442946971318e+00,9.000000000000000000e+01,-2.030161996729886441e-06,0.000000000000000000e+00,1.475334688506235008e-19,-1.578844009206673737e-05,3.079071983251522210e-26
3.689500000000000000e+03,4.063836073134990989e-22,3.353642854000886686e+00,1.000000046687200665e+03,1.012018961646610080e+02,-1.627450399809688860e-14,1.925995914193259529e-06,4.010022833408659374e-06,2.645949948539062997e-22,-9.760788184056950811e+00,9.000000000000000000e+01,-1.881228808882489093e-06,0.000000000000000000e+00,1.475334688551928659e-19,-4.820574849181414581e-05,3.173031938611907933e-26
3.699500000000000000e+03,4.063836073075486995e-22,3.362732549878414634e+00,1.000000047028996050e+03,1.012018961745909280e+02,-1.627450399716080101e-14,1.909761311115299250e-06,-2.777231574650611340e-06,-1.504260583947023365e-22,-9.760846078807515980e+00,9.000000000000000000e+01,-1.913893003683369805e-06,0.000000000000000000e+00,1.475334688393022346e-19,-1.542844498167876135e-05,3.137554632157800385e-26
3.709500000000000000e+03,4.063836072995843020e-22,3.371822245757202463e+00,1.000000047341920435e+03,1.012018961947493665e+02,-1.627450399548704011e-14,1.893501441625757231e-06,-2.508285677163907451e-06,-1.345635776225947177e-22,-9.760846078437069195e+00,9.000000000000000000e+01,-1.843940596463509688e-06,0.000000000000000000e+00,1.475334688245199760e-19,-1.542865341643792258e-05,3.150259308762917417e-26
3.719500000000000000e+03,4.063836072901410387e-22,3.380911941637062768e+00,1.000000047607347369e+03,1.012018962043341901e+02,-1.627450399437889880e-14,1.877226367263370110e-06,-2.253911536231323908e-06,-1.187037472919514653e-22,-9.760846078107922708e+00,9.000000000000000000e+01,-1.870191266360312761e-06,0.000000000000000000e+00,1.475334688148140595e-19,-1.542883944739378057e-05,3.143068823912206153e-26
3.729500000000000000e+03,4.063836072784386633e-22,3.390001637517776611e+00,1.000000047923065722e+03,1.012018962131185589e+02,-1.627450399319499844e-14,1.860930731525599223e-06,1.841003580461207214e-06,1.308210168665591262e-22,-9.760904613871153046e+00,9.000000000000000000e+01,-1.750459921487554914e-06,0.000000000000000000e+00,1.475334688086163928e-19,1.771137524175333652e-05,3.158435218230670588e-26
3.739500000000000000e+03,4.063836072652075810e-22,3.399091333399221870e+00,1.000000048196874559e+03,1.012018962117071652e+02,-1.627450399255078623e-14,1.844620894116129352e-06,-8.984325208381155155e-06,-5.317198039495085348e-22,-9.760845646178777812e+00,9.000000000000000000e+01,-1.782506732458107124e-06,0.000000000000000000e+00,1.475334687908780725e-19,-1.567337690788716105e-05,3.165019763938910041e-26
3.749500000000000000e+03,4.063836072498930055e-22,3.408181029281016627e+00,1.000000048764981329e+03,1.012018962025456403e+02,-1.627450399226728540e-14,1.828294216266272128e-06,-8.911042040511103844e-06,-5.263367186241184155e-22,-9.760787323837634588e+00,9.000000000000000000e+01,-1.900404703834719481e-06,0.000000000000000000e+00,1.475334687883641320e-19,-4.869276276532411572e-05,3.165978500245175428e-26
3.759500000000000000e+03,4.063836072331502514e-22,3.417270725163241707e+00,1.000000049237161875e+03,1.012018962202091359e+02,-1.627450399026087448e-14,1.811949208140206142e-06,-1.051235686244543550e-06,-4.534510475323001869e-23,-9.760904398218011480e+00,9.000000000000000000e+01,-1.806171865843254831e-06,0.000000000000000000e+00,1.475334687789163864e-19,1.758928303993089289e-05,3.126108195822555985e-26
3.769500000000000000e+03,4.063836072143655225e-22,3.426360421045794968e+00,1.000000049557536840e+03,1.012018962191391296e+02,-1.627450398928914931e-14,1.795594606999444594e-06,-9.529730403112954664e-07,-3.939734684762807818e-23,-9.760846077083453309e+00,9.000000000000000000e+01,-1.831510123657476863e-06,0.000000000000000000e+00,1.475334687702251701e-19,-1.542941858506532572e-05,3.150872232356761295e-26
3.779500000000000000e+03,4.063836071938319402e-22,3.435450116928553843e+00,1.000000049879774451e+03,1.012018962260724209e+02,-1.627450398772964703e-14,1.779233993162046095e-06,-4.172967996593383909e-06,-2.367933604747008678e-22,-9.760904180058693314e+00,9.000000000000000000e+01,-1.744841942364842398e-06,0.000000000000000000e+00,1.475334687525959778e-19,1.746577275221990582e-05,3.124296705115176137e-26
3.789500000000000000e+03,4.063836071712232342e-22,3.444539812811298951e+00,1.000000050170347095e+03,1.012018962286277315e+02,-1.627450398632435444e-14,1.762869049715223557e-06,-3.088383908227980519e-07,5.377780961429107788e-25,-9.760904398041221341e+00,9.000000000000000000e+01,-1.843872863371013311e-06,0.000000000000000000e+00,1.475334687441550120e-19,1.758918474150970515e-05,3.115078658800010705e-26
3.799500000000000000e+03,4.063836071469081335e-22,3.453629508693916161e+00,1.000000050438567996e+03,1.012018962356292349e+02,-1.627450398455274008e-14,1.746501664139322761e-06,3.335717809710014999e-06,2.228956222574589249e-22,-9.760787975009606043e+00,9.000000000000000000e+01,-1.831416615349841945e-06,0.000000000000000000e+00,1.475334687321494388e-19,-4.832409554489769090e-05,3.181231614861891706e-26
3.809500000000000000e+03,4.063836071206851115e-22,3.462719204576135024e+00,1.000000050720758736e+03,1.012018962134372515e+02,-1.627450398446187908e-14,1.730144171984890520e-06,1.109611524898031166e-05,6.981938111970749384e-22,-9.760905057316973554e+00,9.000000000000000000e+01,-1.774852893006008693e-06,0.000000000000000000e+00,1.475334687397771084e-19,1.796243494870392705e-05,3.131630437857132330e-26
3.819500000000000000e+03,4.063836070927688134e-22,3.471808900457933778e+00,1.000000051060691476e+03,1.012018962130198361e+02,-1.627450398294532870e-14,1.713791615170619730e-06,3.402844622037062489e-07,3.990747462967322742e-23,-9.760846077082611316e+00,9.000000000000000000e+01,-1.837768641048598798e-06,0.000000000000000000e+00,1.475334687142294311e-19,-1.542941656291179346e-05,3.147105371837330091e-26
3.829500000000000000e+03,4.063836070629213661e-22,3.480898596338872775e+00,1.000000051666051149e+03,1.012018962165236360e+02,-1.627450398108281864e-14,1.697445347961404317e-06,4.135796891691478008e-06,2.721721359238355459e-22,-9.760787976931586840e+00,9.000000000000000000e+01,-1.855916529838905263e-06,0.000000000000000000e+00,1.475334687015592194e-19,-4.832300652406419157e-05,3.173628445236567691e-26
3.839500000000000000e+03,4.063836070313785269e-22,3.489988292218354271e+00,1.000000052104704082e+03,1.012018961770466916e+02,-1.627450398175641119e-14,1.681100257586013674e-06,-2.585001131925396411e-06,-1.399542302752754170e-22,-9.760962498255338460e+00,9.000000000000000000e+01,-1.699082309829566125e-06,0.000000000000000000e+00,1.475334687000903367e-19,5.048281132162861577e-05,3.118580126224018948e-26
3.849500000000000000e+03,4.063836069980670388e-22,3.499077988096554126e+00,1.000000052548944950e+03,1.012018961701347024e+02,-1.627450398033922573e-14,1.664765287994739929e-06,4.924057107882490960e-06,3.194691530771756566e-22,-9.760962941981382812e+00,9.000000000000000000e+01,-1.662032995233820983e-06,0.000000000000000000e+00,1.475334686954925642e-19,5.073402842002233638e-05,3.127448742551700811e-26
3.859500000000000000e+03,4.063836069628112361e-22,3.508167683973745898e+00,1.000000052851624787e+03,1.012018961594216648e+02,-1.627450397904610600e-14,1.648444797974787055e-06,-9.310786051072518068e-06,-5.506132161365650043e-22,-9.761020373576908327e+00,9.000000000000000000e+01,-1.746248256422798437e-06,0.000000000000000000e+00,1.475334686681236071e-19,8.324911617036969910e-05,3.057239446042105539e-26
3.869500000000000000e+03,4.063836069255623122e-22,3.517257379849667576e+00,1.000000053151510656e+03,1.012018961523883007e+02,-1.627450397741981876e-14,1.632146941435713677e-06,5.203065295859897044e-06,3.378739828130944329e-22,-9.760787980093045491e+00,9.000000000000000000e+01,-1.885665657218693364e-06,0.000000000000000000e+00,1.475334686693452485e-19,-4.832121730562184789e-05,3.164247402337415555e-26
3.879500000000000000e+03,4.063836068862624797e-22,3.526347075724193925e+00,1.000000053359195590e+03,1.012018961290746830e+02,-1.627450397667462919e-14,1.615868738781462384e-06,-1.745326702471324416e-06,-8.726691129799349285e-23,-9.760845854677537403e+00,9.000000000000000000e+01,-1.883164214572815794e-06,0.000000000000000000e+00,1.475334686548788424e-19,-1.555533151300383222e-05,3.132958978836884707e-26
3.889500000000000000e+03,4.063836068454345517e-22,3.535436771597108230e+00,1.000000053664669394e+03,1.012018961100678069e+02,-1.627450397558157721e-14,1.599618003712016407e-06,2.210986763540612464e-06,1.534850414559346803e-22,-9.760904400033423300e+00,9.000000000000000000e+01,-1.705066714296020809e-06,0.000000000000000000e+00,1.475334686492423918e-19,1.759031379732231375e-05,3.146520881960471212e-26
3.899500000000000000e+03,4.063836068027344372e-22,3.544526467468541941e+00,1.000000054051168263e+03,1.012018960854581167e+02,-1.627450397472870813e-14,1.583393469448910392e-06,2.458866256111272037e-06,1.687801704313718836e-22,-9.760904400451172691e+00,9.000000000000000000e+01,-1.715316649701317079e-06,0.000000000000000000e+00,1.475334686417050001e-19,1.759054998566762706e-05,3.143454909673781695e-26
3.909500000000000000e+03,4.063836067585475576e-22,3.553616163338081613e+00,1.000000054650940001e+03,1.012018960694681908e+02,-1.627450397326657337e-14,1.567192866442981039e-06,-9.394201174973327263e-07,-3.826080600766410595e-23,-9.760904175415481276e+00,9.000000000000000000e+01,-1.814575730978117234e-06,0.000000000000000000e+00,1.475334686246916239e-19,1.746314613519090163e-05,3.117592709348933370e-26
3.919500000000000000e+03,4.063836067121263453e-22,3.562705859205589576e+00,1.000000054968520999e+03,1.012018960477921894e+02,-1.627450397202907465e-14,1.551020733476894147e-06,2.926251878141995727e-06,1.973470638728603475e-22,-9.760787758932691460e+00,9.000000000000000000e+01,-1.805343140515452688e-06,0.000000000000000000e+00,1.475334686176462351e-19,-4.844642747117523443e-05,3.199748888772256820e-26
3.929500000000000000e+03,4.063836066642503882e-22,3.571795555070891304e+00,1.000000055287964642e+03,1.012018960203359370e+02,-1.627450397106339531e-14,1.534881505205513113e-06,3.185222118776605960e-06,2.143792770937079177e-22,-9.760846080702277661e+00,9.000000000000000000e+01,-1.853134791270059713e-06,0.000000000000000000e+00,1.475334686091112117e-19,-1.542736644158593378e-05,3.138468184282072391e-26
3.939500000000000000e+03,4.063836066146118008e-22,3.580885250933944164e+00,1.000000055542215705e+03,1.012018959858203999e+02,-1.627450397043190900e-14,1.518783093049203027e-06,-1.847670451481416756e-07,7.062418082454888488e-24,-9.761020817769658464e+00,9.000000000000000000e+01,-1.660818964789687565e-06,0.000000000000000000e+00,1.475334685995432399e-19,8.350059712996831180e-05,3.092417539272246973e-26
3.949500000000000000e+03,4.063836065631302264e-22,3.589974946794303179e+00,1.000000055789016187e+03,1.012018959587409768e+02,-1.627450396924488790e-14,1.502724989655165100e-06,-7.198187210768642531e-06,-4.217231998240059385e-22,-9.760903719743510010e+00,9.000000000000000000e+01,-1.789621556947228726e-06,0.000000000000000000e+00,1.475334685810012290e-19,1.720516608111067176e-05,3.122572990785591492e-26
3.959500000000000000e+03,4.063836065096351712e-22,3.599064642652028301e+00,1.000000056171789765e+03,1.012018959389622523e+02,-1.627450396749895886e-14,1.486710668047628495e-06,-3.321246621317747565e-06,-1.837775363567021103e-22,-9.760903947040489470e+00,9.000000000000000000e+01,-1.810526528646490014e-06,0.000000000000000000e+00,1.475334685694062159e-19,1.733385190471528056e-05,3.099843244146401903e-26
3.969500000000000000e+03,4.063836064543852440e-22,3.608154338507152836e+00,1.000000056528486311e+03,1.012018958965654605e+02,-1.627450396704117341e-14,1.470742571193819888e-06,-3.068169554171930749e-06,-1.684780170353452693e-22,-9.760903946584280177e+00,9.000000000000000000e+01,-1.790639181778672299e-06,0.000000000000000000e+00,1.475334685653762075e-19,1.733359265254527616e-05,3.104515937018043607e-26
3.979500000000000000e+03,4.063836063975346226e-22,3.617244034359061278e+00,1.000000057204626501e+03,1.012018958711700805e+02,-1.627450396545632976e-14,1.454814736909162089e-06,1.545922985504753435e-05,9.657392932061385373e-22,-9.760730130118149717e+00,9.000000000000000000e+01,-1.894184200433150706e-06,0.000000000000000000e+00,1.475334685713100217e-19,-8.107317064342483388e-05,3.188885824482441916e-26
3.989500000000000000e+03,4.063836063390461614e-22,3.626333730208069817e+00,1.000000057603232563e+03,1.012018958446010686e+02,-1.627450396384941379e-14,1.438932330397193723e-06,-6.193990817136228677e-06,-3.605180528195854451e-22,-9.760903715685806503e+00,9.000000000000000000e+01,-1.758634430463227649e-06,0.000000000000000000e+00,1.475334685328480211e-19,1.720287048157875139e-05,3.128879743990177597e-26
3.999500000000000000e+03,4.063836062785751585e-22,3.635423426053893792e+00,1.000000057948753238e+03,1.012018958330823750e+02,-1.627450396121261782e-14,1.423100454651079641e-06,1.952107460022184168e-05,1.214661593631459616e-21,-9.760847008292261151e+00,9.000000000000000000e+01,-1.858545092894291417e-06,0.000000000000000000e+00,1.475334685372503599e-19,-1.490220584014983529e-05,3.139226855601821956e-26
4.009500000000000000e+03,4.063836062163701604e-22,3.644513121896529206e+00,1.000000058229081333e+03,1.012018957633768537e+02,-1.627450396204202617e-14,1.407328358420659235e-06,5.265951804246371537e-06,3.412680128003820705e-22,-9.760846086456963278e+00,9.000000000000000000e+01,-1.795728781713262647e-06,0.000000000000000000e+00,1.475334685287959608e-19,-1.542410807743988774e-05,3.149840246742934992e-26
4.019500000000000000e+03,4.063836061522598740e-22,3.653602817735730035e+00,1.000000058483332396e+03,1.012018957121060367e+02,-1.627450396163732159e-14,1.391615693647892547e-06,5.517833011603563836e-06,3.571282642886734749e-22,-9.760846087362342161e+00,9.000000000000000000e+01,-1.837144132775783876e-06,0.000000000000000000e+00,1.475334685252255034e-19,-1.542359670785936748e-05,3.138963759407689780e-26
4.029500000000000000e+03,4.063836060863694190e-22,3.662692513571382147e+00,1.000000058777630329e+03,1.012018956988888050e+02,-1.627450395880471141e-14,1.375963143093621983e-06,2.245426076275841643e-06,1.559050095508123276e-22,-9.760787534729852055e+00,9.000000000000000000e+01,-1.803328577180213633e-06,0.000000000000000000e+00,1.475334684959416663e-19,-4.857335884366793263e-05,3.187378276303373067e-26
4.039500000000000000e+03,4.063836060189641279e-22,3.671782209403361641e+00,1.000000058963894844e+03,1.012018956429705270e+02,-1.627450395850128395e-14,1.360379090981858031e-06,-1.327129435633670127e-06,-6.170890037792634868e-23,-9.760903944489461637e+00,9.000000000000000000e+01,-1.830562521917900370e-06,0.000000000000000000e+00,1.475334684890774835e-19,1.733240753376736227e-05,3.108172172838723374e-26
4.049500000000000000e+03,4.063836059498575673e-22,3.680871905231227537e+00,1.000000059562735260e+03,1.012018955840480317e+02,-1.627450395829004909e-14,1.344857902663062896e-06,2.588912758504837789e-06,1.758961299525118276e-22,-9.760904177905937118e+00,9.000000000000000000e+01,-1.620211296505195719e-06,0.000000000000000000e+00,1.475334684912032046e-19,1.746455525058354273e-05,3.161802215265909832e-26
4.059500000000000000e+03,4.063836058788794316e-22,3.689961601055083751e+00,1.000000059921294451e+03,1.012018955535664020e+02,-1.627450395623298068e-14,1.329400669447823484e-06,-8.166834797425074390e-07,-3.110989938537292603e-23,-9.760903944247703024e+00,9.000000000000000000e+01,-1.765779279388542276e-06,0.000000000000000000e+00,1.475334684687627985e-19,1.733227047004395072e-05,3.124040743918374727e-26
4.069500000000000000e+03,4.063836058062269688e-22,3.699051296874840578e+00,1.000000060217455029e+03,1.012018954989951851e+02,-1.627450395555816067e-14,1.314014213106747997e-06,-7.823504087445572191e-06,-4.604066088655044236e-22,-9.760903474772316457e+00,9.000000000000000000e+01,-1.740655721737537541e-06,0.000000000000000000e+00,1.475334684547400545e-19,1.706647521073635418e-05,3.130245004076042695e-26
4.079500000000000000e+03,4.063836057317463302e-22,3.708140992690331927e+00,1.000000060509890318e+03,1.012018954603917109e+02,-1.627450395380448816e-14,1.298703747434202313e-06,-1.136105601087312986e-05,-6.759387507875663162e-22,-9.760961559396189813e+00,9.000000000000000000e+01,-1.841694997636209243e-06,0.000000000000000000e+00,1.475334684348613759e-19,4.995127679538007682e-05,3.089155589739194946e-26
4.089500000000000000e+03,4.063836056555209759e-22,3.717230688501438340e+00,1.000000060761347413e+03,1.012018953962399195e+02,-1.627450395351794233e-14,1.283470445477077243e-06,-1.475591999818608589e-05,-8.828474093455521564e-22,-9.760961321806727042e+00,9.000000000000000000e+01,-1.871694574613834423e-06,0.000000000000000000e+00,1.475334684283101086e-19,4.981676352272185936e-05,3.047497197013083861e-26
4.099500000000604814e+03,4.063836055778117245e-22,3.726320384307987510e+00,1.000000061031430960e+03,1.012018953466943714e+02,-1.627450395225668627e-14,1.268319573683293383e-06,-1.418592174171706842e-05,-8.497297728895642644e-22,-9.760844677462840124e+00,9.000000000000000000e+01,-1.796659132124246893e-06,0.000000000000000000e+00,1.475334684173102078e-19,-1.622181441902394240e-05,3.146748249422286707e-26
4.109500000002332854e+03,4.063836054982855820e-22,3.735410080109820896e+00,1.000000061309896410e+03,1.012018952938644816e+02,-1.627450395109628450e-14,1.253249833759761401e-06,8.359613589602156179e-06,5.294629996389384181e-22,-9.760671134312879360e+00,9.000000000000000000e+01,-1.782579452660344228e-06,0.000000000000000000e+00,1.475334684313901280e-19,-1.144738399215142568e-04,3.252863742314895966e-26
4.119500000004059984e+03,4.063836054171116315e-22,3.744499775906496186e+00,1.000000061959959567e+03,1.012018952373207412e+02,-1.627450395007068328e-14,1.238260222544058563e-06,-6.567242612067372558e-06,-3.838881344913631971e-22,-9.760903469241577923e+00,9.000000000000000000e+01,-1.689320118845781661e-06,0.000000000000000000e+00,1.475334684054849739e-19,1.706334309608225475e-05,3.137894165800624540e-26
4.129500000005788024e+03,4.063836053342634949e-22,3.753589471698158153e+00,1.000000062391161919e+03,1.012018951769989883e+02,-1.627450394918509225e-14,1.223350166262536458e-06,9.412373210522862314e-07,7.566133146767381315e-23,-9.760903944652994824e+00,9.000000000000000000e+01,-1.707068097412659766e-06,0.000000000000000000e+00,1.475334684054986721e-19,1.733249782647519906e-05,3.153206237812919591e-26
4.139500000007516064e+03,4.063836052496853128e-22,3.762679167484645149e+00,1.000000062744133174e+03,1.012018951071298716e+02,-1.627450394878745587e-14,1.208526469587033364e-06,-5.863630367670861746e-06,-3.413417892806834929e-22,-9.760845146464230737e+00,9.000000000000000000e+01,-1.646368636205425785e-06,0.000000000000000000e+00,1.475334683941450502e-19,-1.595629057761399728e-05,3.166791701541688214e-26
4.149500000009243195e+03,4.063836051636370575e-22,3.771768863266057092e+00,1.000000062984414399e+03,1.012018950717181127e+02,-1.627450394619893818e-14,1.193794471626339218e-06,1.621785032501716035e-06,1.187613096417994401e-22,-9.760845624359980377e+00,9.000000000000000000e+01,-1.852518399772792187e-06,0.000000000000000000e+00,1.475334683788673221e-19,-1.568572667568435763e-05,3.133564991250422496e-26
4.159500000010971235e+03,4.063836050758714989e-22,3.780858559042123090e+00,1.000000063287094235e+03,1.012018950256793772e+02,-1.627450394416488558e-14,1.179157836402911991e-06,-6.020151733359220437e-06,-3.481739992777921736e-22,-9.761020107365727227e+00,9.000000000000000000e+01,-1.840443029535835488e-06,0.000000000000000000e+00,1.475334683519095751e-19,8.309840123484435004e-05,3.037637311072818946e-26
4.169500000012698365e+03,4.063836049863636226e-22,3.789948254811063677e+00,1.000000063549727201e+03,1.012018948887855885e+02,-1.627450394760027385e-14,1.164617558862287367e-06,-8.297113542208672427e-06,-4.895400547599354771e-22,-9.760728261867074096e+00,9.000000000000000000e+01,-1.802997952159966110e-06,0.000000000000000000e+00,1.475334683799200595e-19,-8.213089275596332725e-05,3.197351578657359917e-26
4.179500000014426405e+03,4.063836048955262622e-22,3.799037950573974864e+00,1.000000063764862716e+03,1.012018948760294137e+02,-1.627450394335831317e-14,1.150179337667344989e-06,2.186768728212870422e-06,1.524770026152554949e-22,-9.760903946128342668e+00,9.000000000000000000e+01,-1.724353063551228977e-06,0.000000000000000000e+00,1.475334683530438034e-19,1.733333218095421647e-05,3.129971559278961376e-26
4.189500000016154445e+03,4.063836048029982118e-22,3.808127646330890848e+00,1.000000064277090132e+03,1.012018948101253955e+02,-1.627450394227949855e-14,1.135838983214640957e-06,9.934665009536012992e-06,6.267645721817206300e-22,-9.760846109021725781e+00,9.000000000000000000e+01,-1.743420717866539888e-06,0.000000000000000000e+00,1.475334683515525799e-19,-1.541133627456132643e-05,3.156198198474579540e-26
4.199500000017882485e+03,4.063836047087237530e-22,3.817217342081896003e+00,1.000000064616091549e+03,1.012018947222831287e+02,-1.627450394244615015e-14,1.121598223768985635e-06,-9.328504484586820283e-07,-3.918967973763317656e-23,-9.760903704806528580e+00,9.000000000000000000e+01,-1.661031832953408553e-06,0.000000000000000000e+00,1.475334683407630870e-19,1.719670478740681355e-05,3.145686090381047892e-26
4.209500000019609615e+03,4.063836046128060941e-22,3.826307037826889523e+00,1.000000064864754677e+03,1.012018946561545647e+02,-1.627450394119238196e-14,1.107464347140017866e-06,2.927600392584979035e-06,1.983743348413494365e-22,-9.760903947494112387e+00,9.000000000000000000e+01,-1.773142314365005116e-06,0.000000000000000000e+00,1.475334683334428680e-19,1.733410274946966569e-05,3.116315183649055307e-26
4.219500000021337655e+03,4.063836045153128496e-22,3.835396733565723082e+00,1.000000065122731030e+03,1.012018945796742742e+02,-1.627450394048537957e-14,1.093440439399340281e-06,3.186792884541885672e-06,2.136759232981996826e-22,-9.760903948028628818e+00,9.000000000000000000e+01,-1.717736390258537069e-06,0.000000000000000000e+00,1.475334683270353713e-19,1.733440451265109121e-05,3.130214114916516932e-26
4.229500000023064786e+03,4.063836044164423018e-22,3.844486429298306973e+00,1.000000065358355641e+03,1.012018945360488402e+02,-1.627450393769069782e-14,1.079531914467510452e-06,7.343607591153137193e-06,4.679468552400412020e-22,-9.760845871905241111e+00,9.000000000000000000e+01,-1.724374487767563310e-06,0.000000000000000000e+00,1.475334683061654407e-19,-1.554558129151849838e-05,3.159567712160613847e-26
4.239500000024792826e+03,4.063836043157479511e-22,3.853576125024485322e+00,1.000000065647996962e+03,1.012018944260404254e+02,-1.627450393885947414e-14,1.065733948799830477e-06,-7.211101076559289467e-06,-4.225046183973786462e-22,-9.760903215722773751e+00,9.000000000000000000e+01,-1.765102889907763563e-06,0.000000000000000000e+00,1.475334683003239026e-19,1.691980615762980582e-05,3.117686284115161357e-26
4.249500000026519956e+03,4.063836042138310863e-22,3.862665820743964584e+00,1.000000066076405346e+03,1.012018943921344913e+02,-1.627450393530200807e-14,1.052052539414074120e-06,-3.046240389699636536e-06,-1.670996414269518538e-22,-9.760845139715776497e+00,9.000000000000000000e+01,-1.844515615305480822e-06,0.000000000000000000e+00,1.475334682726085911e-19,-1.596011261634617973e-05,3.133341949787048199e-26
4.259500000028247996e+03,4.063836041102980107e-22,3.871755516456549806e+00,1.000000066596083343e+03,1.012018942896208955e+02,-1.627450393585557070e-14,1.038479538220095143e-06,-6.695488597224925075e-06,-3.918905865570956250e-22,-9.760903213603057793e+00,9.000000000000000000e+01,-1.671500386965289893e-06,0.000000000000000000e+00,1.475334682731838904e-19,1.691860664333372141e-05,3.141006308093317006e-26
4.269500000029976036e+03,4.063836040049909731e-22,3.880845212162335578e+00,1.000000066945329309e+03,1.012018942321261079e+02,-1.627450393355393963e-14,1.025022695571514079e-06,-3.464133025632754204e-06,-1.926187975450724254e-22,-9.761020099662950145e+00,9.000000000000000000e+01,-1.770701862035699499e-06,0.000000000000000000e+00,1.475334682557305114e-19,8.309403433049264616e-05,3.068377211714805695e-26
4.279500000031704076e+03,4.063836038982333755e-22,3.889934907861264168e+00,1.000000067193992436e+03,1.012018941431405921e+02,-1.627450393309969775e-14,1.011685592755458759e-06,4.048901441894470112e-06,2.666989209442543536e-22,-9.761020592786060490e+00,9.000000000000000000e+01,-1.638418190945952818e-06,0.000000000000000000e+00,1.475334682595385323e-19,8.337321567501329263e-05,3.068158004292632677e-26
4.289500000033431206e+03,4.063836037904101218e-22,3.899024603553130852e+00,1.000000067418441176e+03,1.012018940507563656e+02,-1.627450393279623242e-14,9.984777386353041233e-07,-5.968260822918924517e-06,-3.459713860409407737e-22,-9.760903210757556181e+00,9.000000000000000000e+01,-1.802745365229383127e-06,0.000000000000000000e+00,1.475334682454410863e-19,1.691699416999790085e-05,3.106345344954754605e-26
4.299500000035159246e+03,4.063836036808566814e-22,3.908114299237916534e+00,1.000000067614950240e+03,1.012018939892904257e+02,-1.627450393050379632e-14,9.853965739972945594e-07,2.554164617874600391e-06,1.758570439907843480e-22,-9.760728744989398464e+00,9.000000000000000000e+01,-1.898508279022568957e-06,0.000000000000000000e+00,1.475334682338536565e-19,-8.185737215617339038e-05,3.176193593241410487e-26
4.309500000036886377e+03,4.063836035697791891e-22,3.917203994915431586e+00,1.000000067775137722e+03,1.012018938950098317e+02,-1.627450393013557183e-14,9.724484933340624245e-07,-7.804247088436030212e-07,-2.970393171188209844e-23,-9.760728496940204835e+00,9.000000000000000000e+01,-1.796910879388394120e-06,0.000000000000000000e+00,1.475334682264782115e-19,-8.199780736560238683e-05,3.218978890212814247e-26
4.319500000038614417e+03,4.063836034573308822e-22,3.926293690585324292e+00,1.000000068278983235e+03,1.012018938186467096e+02,-1.627450392859400825e-14,9.596320477056228993e-07,9.696096786926868553e-06,6.108782745223585183e-22,-9.760845883644698517e+00,9.000000000000000000e+01,-1.582668003600762967e-06,0.000000000000000000e+00,1.475334682237514077e-19,-1.553893991179040968e-05,3.179087820696938418e-26
4.329500000040342456e+03,4.063836033434780948e-22,3.935383386247608417e+00,1.000000068670138717e+03,1.012018937245505441e+02,-1.627450392806147665e-14,9.469430481572064297e-07,2.303141480361798832e-06,1.597243058297372695e-22,-9.760903706830188042e+00,9.000000000000000000e+01,-1.724215103811365860e-06,0.000000000000000000e+00,1.475334682104740948e-19,1.719784546093753848e-05,3.124813443190388192e-26
4.339500000042069587e+03,4.063836032281297023e-22,3.944473081902169387e+00,1.000000069021247327e+03,1.012018936327123271e+02,-1.627450392730755912e-14,9.343846757331416361e-07,-5.079964530953141125e-06,-2.923883060769884816e-22,-9.760961526786058329e+00,9.000000000000000000e+01,-1.688105197846337627e-06,0.000000000000000000e+00,1.475334681951869055e-19,4.993280272233027956e-05,3.102305044651730079e-26
4.349500000043797627e+03,4.063836031112938864e-22,3.953562777549168405e+00,1.000000069224275649e+03,1.012018935863348190e+02,-1.627450392368822112e-14,9.219636992160911839e-07,6.811599330035065509e-06,4.360699554796482790e-22,-9.760845638590284423e+00,9.000000000000000000e+01,-1.782648127197026296e-06,0.000000000000000000e+00,1.475334681753688456e-19,-1.567767675510431413e-05,3.140721563733125599e-26
4.359500000045525667e+03,4.063836029933841858e-22,3.962652473188199576e+00,1.000000069428235292e+03,1.012018934754338062e+02,-1.627450392396008783e-14,9.096820144725759110e-07,1.942893752056879593e-07,3.155505921959656954e-23,-9.760786817017335082e+00,9.000000000000000000e+01,-1.880231463267694502e-06,0.000000000000000000e+00,1.475334681701449292e-19,-4.897970551146093823e-05,3.147287016773513322e-26
4.369500000047252797e+03,4.063836028740763052e-22,3.971742168819335728e+00,1.000000069595873356e+03,1.012018933936554248e+02,-1.627450392237094962e-14,8.975493074928204059e-07,-2.769460490617351019e-06,-1.492681160648690051e-22,-9.760728245287845439e+00,9.000000000000000000e+01,-1.944392716523545785e-06,0.000000000000000000e+00,1.475334681522202992e-19,-8.214028178193462815e-05,3.145496272303688481e-26
4.379500000048980837e+03,4.063836027533330520e-22,3.980831864442305523e+00,1.000000069891102612e+03,1.012018933014536515e+02,-1.627450392134040067e-14,8.855578844350062080e-07,3.553943123730002447e-06,2.362309801780907451e-22,-9.760903709390230887e+00,9.000000000000000000e+01,-1.712632897661098129e-06,0.000000000000000000e+00,1.475334681494781842e-19,1.719929443449847608e-05,3.126169582835444030e-26
4.389500000050707968e+03,4.063836026312758782e-22,3.989921560056901129e+00,1.000000070470385253e+03,1.012018931913549551e+02,-1.627450392133479660e-14,8.737100800427721253e-07,-7.089574862824563211e-06,-4.151344384139727304e-22,-9.760902950619597007e+00,9.000000000000000000e+01,-1.747060900866131010e-06,0.000000000000000000e+00,1.475334681373051995e-19,1.676971244203510333e-05,3.117399043941008411e-26
4.399500000052436008e+03,4.063836025073578498e-22,3.999011255663055042e+00,1.000000070845708251e+03,1.012018930928327620e+02,-1.627450392051739471e-14,8.620020766969034276e-07,4.907670268255907895e-06,3.195224122671978853e-22,-9.760787071396082482e+00,9.000000000000000000e+01,-1.815521729718134404e-06,0.000000000000000000e+00,1.475334681427370923e-19,-4.883569204513259421e-05,3.162547635038257641e-26
4.409500000054164047e+03,4.063836023826077125e-22,4.008100951261207356e+00,1.000000071191228926e+03,1.012018930029187089e+02,-1.627450391912472389e-14,8.504412399477292085e-07,-7.464173942293847760e-06,-4.383397311711669993e-22,-9.761019587708926082e+00,9.000000000000000000e+01,-1.654050998871907643e-06,0.000000000000000000e+00,1.475334681161891592e-19,8.280418227597289541e-05,3.077244861456113439e-26
4.419500000055891178e+03,4.063836022567685031e-22,4.017190646850886004e+00,1.000000071343034506e+03,1.012018928945388723e+02,-1.627450391880356599e-14,8.390363729080495439e-07,-6.785126195047112712e-06,-3.966863185595788155e-22,-9.760961267082420179e+00,9.000000000000000000e+01,-1.693421202385373096e-06,0.000000000000000000e+00,1.475334681136281538e-19,4.978576639046829796e-05,3.098547667646073237e-26
4.429500000057619218e+03,4.063836021292729282e-22,4.026280342432368542e+00,1.000000071626156569e+03,1.012018928229755090e+02,-1.627450391613656611e-14,8.277838336161792517e-07,4.335603755606826905e-06,2.846911607500014146e-22,-9.760962032382940023e+00,9.000000000000000000e+01,-1.733457159604762602e-06,0.000000000000000000e+00,1.475334681014805914e-19,5.021904499994504236e-05,3.087522078119145502e-26
4.439500000059347258e+03,4.063836020003401939e-22,4.035370038004681525e+00,1.000000071791931987e+03,1.012018927401885264e+02,-1.627450391407866467e-14,8.166882566473088411e-07,6.899406422796632967e-06,4.424795769121827792e-22,-9.760670436311018605e+00,9.000000000000000000e+01,-1.974528828352536671e-06,0.000000000000000000e+00,1.475334680853960190e-19,-1.148690270384903982e-04,3.183894128073477489e-26
4.449500000061074388e+03,4.063836018703985563e-22,4.044459733568311677e+00,1.000000071970745921e+03,1.012018926193128294e+02,-1.627450391429485989e-14,8.057541263287968129e-07,-1.600211776670537085e-05,-9.610498491629697573e-22,-9.760843855819153703e+00,9.000000000000000000e+01,-1.790224488337084306e-06,0.000000000000000000e+00,1.475334680616865936e-19,-1.668700452645623754e-05,3.153493423051877704e-26
4.459500000062802428e+03,4.063836017393630978e-22,4.053549429122564440e+00,1.000000072501599789e+03,1.012018925343789704e+02,-1.627450391225136620e-14,7.949761415291564835e-07,-8.973490702055808544e-06,-5.305018032396302442e-22,-9.760902686891039792e+00,9.000000000000000000e+01,-1.772468189439159568e-06,0.000000000000000000e+00,1.475334680506157705e-19,1.662040031626599632e-05,3.125747817623847687e-26
4.469500000064530468e+03,4.063836016071237919e-22,4.062639124668137924e+00,1.000000072831287980e+03,1.012018924225229313e+02,-1.627450391179014763e-14,7.843535421848212026e-07,1.816545743818835128e-05,1.131479146007247845e-21,-9.760729532313886736e+00,9.000000000000000000e+01,-1.857954578389912156e-06,0.000000000000000000e+00,1.475334680758779769e-19,-8.141163529623889809e-05,3.180876375939140999e-26
4.479500000066257599e+03,4.063836014734720590e-22,4.071728820204232768e+00,1.000000073065981269e+03,1.012018923129583641e+02,-1.627450391110844559e-14,7.738929896040481988e-07,9.702532845663215249e-06,6.114443175187523227e-22,-9.760903975805740984e+00,9.000000000000000000e+01,-1.583204219675620260e-06,0.000000000000000000e+00,1.475334680599606956e-19,1.735011935031194636e-05,3.156382552934774515e-26
4.489500000067985638e+03,4.063836013385269532e-22,4.080818515731195362e+00,1.000000073290430009e+03,1.012018922167990524e+02,-1.627450390953540961e-14,7.636004422881926872e-07,1.408451548567721782e-05,8.807060162692028379e-22,-9.760845917280541073e+00,9.000000000000000000e+01,-1.674483518256565591e-06,0.000000000000000000e+00,1.475334680502122400e-19,-1.551990533890965657e-05,3.147219427960594761e-26
4.499500000069712769e+03,4.063836012026263586e-22,4.089908211248702408e+00,1.000000073531642556e+03,1.012018920825998549e+02,-1.627450391023848031e-14,7.534728480702590977e-07,-1.625957169654715614e-05,-9.776652494701847799e-22,-9.761018800570465004e+00,9.000000000000000000e+01,-1.606558345701795582e-06,0.000000000000000000e+00,1.475334680226838159e-19,8.235853518382291747e-05,3.104152817036241278e-26
4.509500000071440809e+03,4.063836010656091384e-22,4.098997906757201548e+00,1.000000073722563684e+03,1.012018920000077742e+02,-1.627450390772101375e-14,7.435162675285358415e-07,6.033933894334804037e-07,5.591655568171412423e-23,-9.760786562984927528e+00,9.000000000000000000e+01,-1.804454442648576894e-06,0.000000000000000000e+00,1.475334680181763454e-19,-4.912353533629617707e-05,3.162526100996275096e-26
4.519500000073168849e+03,4.063836009274652304e-22,4.108087602255900528e+00,1.000000073944218457e+03,1.012018918978956350e+02,-1.627450390633608323e-14,7.337300226815147884e-07,8.675045216792843662e-06,5.497150000431988313e-22,-9.760728765662898709e+00,9.000000000000000000e+01,-1.809123140698840984e-06,0.000000000000000000e+00,1.475334680141400777e-19,-8.184567962582470668e-05,3.200940085444410355e-26
4.529500000074895979e+03,4.063836007880530110e-22,4.117177297744653686e+00,1.000000074497424066e+03,1.012018917856628235e+02,-1.627450390550088464e-14,7.241114693897922526e-07,1.564631676646259737e-05,9.775405058831992856e-22,-9.760787608136979543e+00,9.000000000000000000e+01,-1.851655375343304998e-06,0.000000000000000000e+00,1.475334680138445438e-19,-4.853182143474131277e-05,3.149288519682421396e-26
4.539500000076624019e+03,4.063836006479113268e-22,4.126266993223664414e+00,1.000000074795447290e+03,1.012018916597677389e+02,-1.627450390546049812e-14,7.146651371175768234e-07,3.364373977788885694e-06,2.246059374651751689e-22,-9.760961781032744256e+00,9.000000000000000000e+01,-1.667944704942475888e-06,0.000000000000000000e+00,1.475334679994805490e-19,5.007673385850495626e-05,3.101517061658214426e-26
4.549500000078352059e+03,4.063836005065940542e-22,4.135356688693190286e+00,1.000000075024552643e+03,1.012018915867124633e+02,-1.627450390212073557e-14,7.053902884147954004e-07,5.421114848721292745e-07,5.198071313062838502e-23,-9.760903200811616998e+00,9.000000000000000000e+01,-1.718509850268194016e-06,0.000000000000000000e+00,1.475334679659044641e-19,1.691135226364171612e-05,3.120098942056772936e-26
4.559500000080079190e+03,4.063836003642507161e-22,4.144446384152526974e+00,1.000000075244344771e+03,1.012018914669098422e+02,-1.627450390158564490e-14,6.962915880996025910e-07,-3.413151696611013885e-06,-1.899729732460270184e-22,-9.760961256425847665e+00,9.000000000000000000e+01,-1.676878679487207254e-06,0.000000000000000000e+00,1.475334679562706496e-19,4.977972757930106666e-05,3.082166702027924575e-26
4.569500000081807229e+03,4.063836002209728600e-22,4.153536079602035080e+00,1.000000075474381447e+03,1.012018913533530053e+02,-1.627450390061848881e-14,6.873732905240532130e-07,-1.426239111297342336e-06,-6.762802771621669066e-23,-9.760786301120083053e+00,9.000000000000000000e+01,-1.871589438198284079e-06,0.000000000000000000e+00,1.475334679492967610e-19,-4.927179382359750967e-05,3.143849856905618213e-26
4.579500000083535269e+03,4.063836000765264685e-22,4.162625775041311371e+00,1.000000075677409768e+03,1.012018912333824119e+02,-1.627450389997694926e-14,6.786349561826739983e-07,-1.082455502055816377e-05,-6.420288403853805173e-22,-9.761019045554350626e+00,9.000000000000000000e+01,-1.873882414568119732e-06,0.000000000000000000e+00,1.475334679327283468e-19,8.249723056424939412e-05,3.033150034204241985e-26
4.589500000085262400e+03,4.063835999309772752e-22,4.171715470470877207e+00,1.000000075825490057e+03,1.012018910796550415e+02,-1.627450390134195630e-14,6.700789596075370925e-07,-1.417224253419924073e-05,-8.496918244886193507e-22,-9.761018779266809275e+00,9.000000000000000000e+01,-1.586003056906433259e-06,0.000000000000000000e+00,1.475334679407675635e-19,8.234646656836175924e-05,3.090358660299445738e-26
4.599500000086990440e+03,4.063835997844356355e-22,4.180805165889693420e+00,1.000000076269730926e+03,1.012018910198641493e+02,-1.627450389690357873e-14,6.617061829144048175e-07,-3.006033467729214961e-06,-1.651347832509257751e-22,-9.760669399576997307e+00,9.000000000000000000e+01,-1.862101258361416930e-06,0.000000000000000000e+00,1.475334679126994939e-19,-1.154559874276417527e-04,3.209222825118776863e-26
4.609500000088718480e+03,4.063835996365483370e-22,4.189894861296369122e+00,1.000000076554715633e+03,1.012018908694973476e+02,-1.627450389793399515e-14,6.535127455083024979e-07,2.868150614428029910e-07,3.638023157843563198e-23,-9.760727982869019215e+00,9.000000000000000000e+01,-1.817607155811676294e-06,0.000000000000000000e+00,1.475334679250727752e-19,-8.228886870017063093e-05,3.188588566499325334e-26
4.619500000090445610e+03,4.063835994883205682e-22,4.198984556692702874e+00,1.000000076783820987e+03,1.012018907472388918e+02,-1.627450389722424122e-14,6.455051432814971309e-07,1.082197980651578347e-05,6.810742306197262086e-22,-9.760787099904321806e+00,9.000000000000000000e+01,-1.745436833312463404e-06,0.000000000000000000e+00,1.475334679297775091e-19,-4.881956727372634630e-05,3.174769011204710025e-26
4.629500000092173650e+03,4.063835993392005052e-22,4.208074252078473521e+00,1.000000076936557889e+03,1.012018906408946464e+02,-1.627450389549007251e-14,6.376853139530037895e-07,9.804236156524538231e-06,6.187592288574700533e-22,-9.760903737071783937e+00,9.000000000000000000e+01,-1.679320862038259666e-06,0.000000000000000000e+00,1.475334679125797492e-19,1.721494820938517043e-05,3.128075153524861889e-26
4.639500000093900780e+03,4.063835991888441042e-22,4.217163947453792971e+00,1.000000077093020082e+03,1.012018905197443104e+02,-1.627450389459520132e-14,6.300565737982053372e-07,3.443191639328603652e-06,2.296833811041709165e-22,-9.760844886052394642e+00,9.000000000000000000e+01,-1.752966936465234232e-06,0.000000000000000000e+00,1.475334678970462816e-19,-1.610375012139441379e-05,3.140941704239913842e-26
4.649500000095628820e+03,4.063835990377335061e-22,4.226253642818324607e+00,1.000000077246688306e+03,1.012018903841086370e+02,-1.627450389454445864e-14,6.226228991575569496e-07,1.031685765953328357e-05,6.496855202569030663e-22,-9.760903738542481278e+00,9.000000000000000000e+01,-1.592327602612742101e-06,0.000000000000000000e+00,1.475334679036258842e-19,1.721577729708732540e-05,3.128431378303381748e-26
4.659500000097356860e+03,4.063835988856937972e-22,4.235343338172568473e+00,1.000000077462755144e+03,1.012018902789318844e+02,-1.627450389257974691e-14,6.153800346492976185e-07,1.674347413542394736e-06,1.214212589653368883e-22,-9.760727983888914494e+00,9.000000000000000000e+01,-1.822846241816295462e-06,0.000000000000000000e+00,1.475334678759760302e-19,-8.228829522150546763e-05,3.186188829711407641e-26
4.669500000099083991e+03,4.063835987328859733e-22,4.244433033515746523e+00,1.000000077672302723e+03,1.012018901644806448e+02,-1.627450389113876940e-14,6.083280036079581134e-07,1.216220384225117530e-05,7.630826053448801691e-22,-9.760787109255563365e+00,9.000000000000000000e+01,-1.753195427513550607e-06,0.000000000000000000e+00,1.475334678740437447e-19,-4.881427581196080552e-05,3.180162686868599308e-26
4.679500000100812031e+03,4.063835985792164650e-22,4.253522728847756618e+00,1.000000078233890235e+03,1.012018900286535796e+02,-1.627450389095986206e-14,6.014642010197910634e-07,4.495795168622141099e-06,2.931774408246982570e-22,-9.760844886805291054e+00,9.000000000000000000e+01,-1.648272694348811986e-06,0.000000000000000000e+00,1.475334678634684152e-19,-1.610332812158237950e-05,3.162216557711450460e-26
4.689500000102540071e+03,4.063835984248642767e-22,4.262612424169038405e+00,1.000000078443437815e+03,1.012018898930566309e+02,-1.627450389072793380e-14,5.947930843005447710e-07,-1.046310586499836038e-05,-6.219872207463695742e-22,-9.760902124979811134e+00,9.000000000000000000e+01,-1.672565084006019078e-06,0.000000000000000000e+00,1.475334678444244588e-19,1.630225107947145415e-05,3.112689898468339368e-26
4.699500000104267201e+03,4.063835982695355816e-22,4.271702119479290793e+00,1.000000078721903265e+03,1.012018897827006469e+02,-1.627450388889824982e-14,5.883154787496503876e-07,2.071310313809151100e-06,1.461155307197601760e-22,-9.760786302441621487e+00,9.000000000000000000e+01,-1.825328957356208300e-06,0.000000000000000000e+00,1.475334678412622744e-19,-4.927105944799653670e-05,3.153065211070210490e-26
4.709500000105995241e+03,4.063835981137474093e-22,4.280791814778507565e+00,1.000000078888610005e+03,1.012018896236355658e+02,-1.627450389002363247e-14,5.820357696167438999e-07,-1.359394168822621202e-05,-8.138170221797813938e-22,-9.760901850267519109e+00,9.000000000000000000e+01,-1.691202829106145929e-06,0.000000000000000000e+00,1.475334678336011659e-19,1.614671807199045335e-05,3.124497572140328101e-26
4.719500000107722371e+03,4.063835979572214028e-22,4.289881510066577697e+00,1.000000079054385424e+03,1.012018895797557008e+02,-1.627450388405651819e-14,5.759561993546921943e-07,1.349709596299720711e-05,8.454130043845814530e-22,-9.760787119669036116e+00,9.000000000000000000e+01,-1.792445024393494915e-06,0.000000000000000000e+00,1.475334678092839410e-19,-4.880838148305245418e-05,3.160741652215794001e-26
4.729500000109450411e+03,4.063835978001034172e-22,4.298971205343825375e+00,1.000000079186633229e+03,1.012018894332168202e+02,-1.627450388434159359e-14,5.700772509078402881e-07,-1.472585463227699806e-06,-7.174665252261576219e-23,-9.760844347626601802e+00,9.000000000000000000e+01,-1.708617841764530945e-06,0.000000000000000000e+00,1.475334677948401165e-19,-1.640858767951759451e-05,3.150929474581305330e-26
4.739500000111178451e+03,4.063835976421548744e-22,4.308060900609735455e+00,1.000000079322606325e+03,1.012018892966110144e+02,-1.627450388397252344e-14,5.644014619426665179e-07,-9.223017393728155609e-06,-5.457273901983917433e-22,-9.760902117409274936e+00,9.000000000000000000e+01,-1.732887865761218013e-06,0.000000000000000000e+00,1.475334677824791851e-19,1.629796311955063431e-05,3.113134261428999971e-26
4.749500000112906491e+03,4.063835974834581530e-22,4.317150595864368334e+00,1.000000079498626292e+03,1.012018891647454097e+02,-1.627450388327280381e-14,5.589294117444190585e-07,1.356372921357361434e-05,8.483813397077055018e-22,-9.760845442767092095e+00,9.000000000000000000e+01,-1.667067049961454076e-06,0.000000000000000000e+00,1.475334678007023102e-19,-1.578857463929661477e-05,3.169117794481256830e-26
4.759500000114633622e+03,4.063835973241474003e-22,4.326240291107742664e+00,1.000000079915858805e+03,1.012018890451710860e+02,-1.627450388178638161e-14,5.536557846022387334e-07,-1.235779771129949934e-05,-7.372219960138884063e-22,-9.760901840226495096e+00,9.000000000000000000e+01,-1.775962397701090324e-06,0.000000000000000000e+00,1.475334677583260014e-19,1.614103379634835957e-05,3.101867076023200610e-26
4.769500000116361662e+03,4.063835971640275313e-22,4.335329986339560904e+00,1.000000080119818449e+03,1.012018889140077249e+02,-1.627450388096353973e-14,5.485823361767795973e-07,-1.442311190826961019e-05,-8.638202281398570691e-22,-9.761076786694733443e+00,9.000000000000000000e+01,-1.663806243524267811e-06,0.000000000000000000e+00,1.475334677481208116e-19,1.151875497076171876e-04,3.035366106592550957e-26
4.779500000118088792e+03,4.063835970032413452e-22,4.344419681559932300e+00,1.000000080344267190e+03,1.012018887816165744e+02,-1.627450388018185746e-14,5.437161511843315365e-07,5.969885233953864464e-07,5.553286203050551074e-23,-9.760786031245473282e+00,9.000000000000000000e+01,-1.793206067517675543e-06,0.000000000000000000e+00,1.475334677570712580e-19,-4.942460425863291681e-05,3.160190772585488560e-26
4.789500000119816832e+03,4.063835968419275031e-22,4.353509376768957218e+00,1.000000080436468124e+03,1.012018886451601958e+02,-1.627450387961704883e-14,5.390561249949280029e-07,-7.177581367717451692e-07,-2.488973771363432096e-23,-9.760902663153846248e+00,9.000000000000000000e+01,-1.734822151896296900e-06,0.000000000000000000e+00,1.475334677500115933e-19,1.660693191149737903e-05,3.111597892787923999e-26
4.799500000121543962e+03,4.063835966801467076e-22,4.362599071966532627e+00,1.000000080596655607e+03,1.012018885175998122e+02,-1.627450387848262267e-14,5.346034720766698533e-07,-4.654114033899696183e-07,-9.590977358785296409e-24,-9.760902663108783628e+00,9.000000000000000000e+01,-1.719855962787139207e-06,0.000000000000000000e+00,1.475334677395521807e-19,1.660690547296730964e-05,3.115317678605389371e-26
4.809500000123272002e+03,4.063835965177087638e-22,4.371688767152449806e+00,1.000000080708414316e+03,1.012018883798887572e+02,-1.627450387793223757e-14,5.303624099415566851e-07,-1.636031228223360678e-05,-9.815594632325219701e-22,-9.761018185098892630e+00,9.000000000000000000e+01,-1.749184569949162834e-06,0.000000000000000000e+00,1.475334677166027995e-19,8.201005864347577271e-05,3.027925026561006067e-26
4.819500000000001819e+03,4.063835963547220522e-22,4.380776644387716523e+00,1.000000080879051211e+03,1.012018882569978757e+02,-1.627450387644588479e-14,5.263336291153098352e-07,2.656016320307348844e-06,1.822705102220090370e-22,-9.760844141348878011e+00,9.000000000000000000e+01,-1.822534140346512799e-06,0.000000000000000000e+00,1.475334677236142438e-19,-1.652538186185253819e-05,3.120518956367165521e-26
4.829500000000038199e+03,4.063835961913566433e-22,4.389866339550756891e+00,1.000000080993929828e+03,1.012018881308289764e+02,-1.627450387513777670e-14,5.225132630338538054e-07,-6.983226649060759060e-07,-2.397084856126524511e-23,-9.760844197576824754e+00,9.000000000000000000e+01,-1.675017317109864919e-06,0.000000000000000000e+00,1.475334677076110419e-19,-1.649354901764275906e-05,3.128961048542284612e-26
4.839500000000074579e+03,4.063835960274062615e-22,4.398956034701596352e+00,1.000000081422282392e+03,1.012018879965043681e+02,-1.627450387429923018e-14,5.189033140392902307e-07,-4.483861109893976172e-06,-2.558016310045787062e-22,-9.760873090059703827e+00,9.000000000000000000e+01,-1.738089751998282662e-06,0.000000000000000000e+00,1.475334676953562052e-19,-1.359755499729188826e-07,3.133881981670858499e-26
4.849500000000110958e+03,4.063835958631285750e-22,4.408045729840534221e+00,1.000000081714214730e+03,1.012018878690245174e+02,-1.627450387302204544e-14,5.154957654394654360e-07,-4.802782765267978402e-06,-2.746532315827847833e-22,-9.760873083708306197e+00,9.000000000000000000e+01,-1.779529835054007017e-06,0.000000000000000000e+00,1.475334676829896164e-19,-1.395725412092133307e-07,3.108220941627941900e-26
4.859500000000147338e+03,4.063835956980484020e-22,4.417135424967965740e+00,1.000000081989504451e+03,1.012018877261446903e+02,-1.627450387264284316e-14,5.122964853784488244e-07,4.660926316917105320e-06,3.044701109459012632e-22,-9.760902932431504198e+00,9.000000000000000000e+01,-1.668532089781048479e-06,0.000000000000000000e+00,1.475334676894280002e-19,1.675937832419924898e-05,3.098543846276260823e-26
4.869500000000183718e+03,4.063835955330993201e-22,4.426225120083374875e+00,1.000000082140369386e+03,1.012018876092760991e+02,-1.627450387067902127e-14,5.093084302193377209e-07,-2.342077004085458004e-06,-1.245159439062452444e-22,-9.760902383141088379e+00,9.000000000000000000e+01,-1.700715206603029621e-06,0.000000000000000000e+00,1.475334676635278295e-19,1.644839519202587883e-05,3.115976167998861781e-26
4.879500000000220098e+03,4.063835953676258267e-22,4.435314815187083148e+00,1.000000082288468207e+03,1.012018874830430946e+02,-1.627450386925806190e-14,5.065336710523974572e-07,5.630128210123282412e-06,3.637605517765120640e-22,-9.760873773399154629e+00,9.000000000000000000e+01,-1.613581799216027959e-06,0.000000000000000000e+00,1.475334676589790237e-19,2.508957387949668392e-07,3.120781044365245779e-26
4.889500000000256478e+03,4.063835952014833829e-22,4.444404510279095000e+00,1.000000082411663584e+03,1.012018873244315245e+02,-1.627450386978418164e-14,5.039756831177682324e-07,-5.465201006219767190e-06,-3.158753936685092648e-22,-9.760902088785947228e+00,9.000000000000000000e+01,-1.639755219800727597e-06,0.000000000000000000e+00,1.475334676509370384e-19,1.628174313650024505e-05,3.106150526731960585e-26
4.899500000000292857e+03,4.063835950353636498e-22,4.453494205359122660e+00,1.000000082487836494e+03,1.012018872176397366e+02,-1.627450386714003663e-14,5.016357095114442467e-07,-2.532165304261596922e-07,2.562243869138867067e-24,-9.760807556030005827e+00,9.000000000000000000e+01,-1.784008514045381863e-06,0.000000000000000000e+00,1.475334676323504904e-19,-3.723828742118154598e-05,3.160591739989522268e-26
4.909500000000329237e+03,4.063835948687554281e-22,4.462583900427336658e+00,1.000000082638654817e+03,1.012018870759808777e+02,-1.627450386660039582e-14,4.995106007567726500e-07,2.746070890739693039e-06,1.864741877199586066e-22,-9.760873505077677592e+00,9.000000000000000000e+01,-1.661728806984085632e-06,0.000000000000000000e+00,1.475334676302462434e-19,9.898102340886686222e-08,3.141433281336375816e-26
4.919500000000365617e+03,4.063835947019508520e-22,4.471673595483678376e+00,1.000000082712080371e+03,1.012018869604823266e+02,-1.627450386444915004e-14,4.976026464362115639e-07,-2.651256771394152725e-06,-1.438965062639096750e-22,-9.760873079985451284e+00,9.000000000000000000e+01,-1.659471503715557362e-06,0.000000000000000000e+00,1.475334676044298266e-19,-1.416858549883852385e-07,3.138364645568817117e-26
4.929500000000401997e+03,4.063835945350344157e-22,4.480763290527888465e+00,1.000000082975430360e+03,1.012018868159979661e+02,-1.627450386406789988e-14,4.959113617298266810e-07,3.247082762349223793e-06,2.176088862651863619e-22,-9.760873512265188623e+00,9.000000000000000000e+01,-1.738027387682088584e-06,0.000000000000000000e+00,1.475334676069346188e-19,1.030484153028221871e-07,3.132602654005912352e-26
4.939500000000438376e+03,4.063835943677533882e-22,4.489852985559939391e+00,1.000000083291279111e+03,1.012018866757519646e+02,-1.627450386340667982e-14,4.944306580589940636e-07,-2.412023741272600176e-06,-1.283013447432199549e-22,-9.760902245906788011e+00,9.000000000000000000e+01,-1.797200258975532301e-06,0.000000000000000000e+00,1.475334675942148627e-19,1.637069384813908402e-05,3.105593291009046878e-26
4.949500000000474756e+03,4.063835941999582464e-22,4.498942680580010567e+00,1.000000083489138660e+03,1.012018865842001532e+02,-1.627450385973560832e-14,4.931662907777673608e-07,2.399944814187072972e-06,1.664144727004693250e-22,-9.760844223586321533e+00,9.000000000000000000e+01,-1.868303136434771332e-06,0.000000000000000000e+00,1.475334675659702334e-19,-1.647883263541363033e-05,3.136760078093705222e-26
4.959500000000511136e+03,4.063835940321848748e-22,4.508032375588109986e+00,1.000000083609558601e+03,1.012018864117215458e+02,-1.627450386101961512e-14,4.921163056030036871e-07,8.638768127740611184e-07,7.138341945951304267e-23,-9.760844068313803135e+00,9.000000000000000000e+01,-1.725899118459669580e-06,0.000000000000000000e+00,1.475334675752314286e-19,-1.656674379613048138e-05,3.148006630672225110e-26
4.969500000000547516e+03,4.063835938642145843e-22,4.517122070584200344e+00,1.000000083706006421e+03,1.012018862936278651e+02,-1.627450385896252463e-14,4.912854928786354880e-07,1.124520736229107626e-06,8.719392770734622844e-23,-9.760844061820913353e+00,9.000000000000000000e+01,-1.661696009104210396e-06,0.000000000000000000e+00,1.475334675564748450e-19,-1.657041987558323129e-05,3.149487258415677253e-26
4.979500000000583896e+03,4.063835936960048692e-22,4.526211765568199041e+00,1.000000083808004888e+03,1.012018861139019492e+02,-1.627450386066628748e-14,4.906738989475683375e-07,-4.545049487413440325e-06,-2.594345823207034666e-22,-9.760872784875314068e+00,9.000000000000000000e+01,-1.681129936096638676e-06,0.000000000000000000e+00,1.475334675649856980e-19,-3.087708756359988996e-07,3.118335603096547741e-26
4.989500000000620275e+03,4.063835935277615820e-22,4.535301460540384078e+00,1.000000083943167738e+03,1.012018860141258472e+02,-1.627450385747381788e-14,4.902834981273537894e-07,-1.824787826850883531e-07,8.028677783547349081e-24,-9.760843712677830908e+00,9.000000000000000000e+01,-1.778312191499755633e-06,0.000000000000000000e+00,1.475334675405501488e-19,-1.676808937549870729e-05,3.134656156861855433e-26
4.999500000000656655e+03,4.063835933593029442e-22,4.544391155500419721e+00,1.000000083992565010e+03,1.012018858640583829e+02,-1.627450385734739504e-14,4.901134185886704782e-07,-4.534197218014456738e-06,-2.584600447199159640e-22,-9.760902301431247707e+00,9.000000000000000000e+01,-1.727199532768951496e-06,1.895758319773387099e-24,1.475334675340626538e-19,1.640212237316439702e-05,3.108957775506843108e-26
5.009500000000693035e+03,4.063835931907039994e-22,4.553480850448277550e+00,1.000000084100086269e+03,1.012018857570258774e+02,-1.627450385457949984e-14,4.901622528871224406e-07,7.193876397118763012e-06,4.604341300114659359e-22,-9.760805471400761490e+00,9.000000000000000000e+01,-1.866169136910134020e-06,0.000000000000000000e+00,1.475334675215492610e-19,-3.841851560013917314e-05,3.139472973622220307e-26
5.019500000000729415e+03,4.063835930220209832e-22,4.562570545384306619e+00,1.000000084249069914e+03,1.012018856054880729e+02,-1.627450385453115529e-14,4.904298955553361029e-07,-1.165868599465510765e-05,-6.955883401913732044e-22,-9.760901362886480470e+00,9.000000000000000000e+01,-1.670195138212892261e-06,0.000000000000000000e+00,1.475334674997808841e-19,1.587076203422279071e-05,3.112507541349895202e-26
5.029500000000765795e+03,4.063835928532995519e-22,4.571660240308081491e+00,1.000000084354784349e+03,1.012018855074128254e+02,-1.627450385120753284e-14,4.909177713742632205e-07,-4.291778665470886939e-06,-2.437448962143622506e-22,-9.760931545256541497e+00,9.000000000000000000e+01,-1.763210205427918266e-06,0.000000000000000000e+00,1.475334674774785913e-19,3.295861017480381617e-05,3.105285329913125630e-26
5.039500000000802174e+03,4.063835926847450408e-22,4.580749935219322388e+00,1.000000084756417209e+03,1.012018853239791127e+02,-1.627450385312016397e-14,4.916220343720594049e-07,-5.350684550802293025e-06,-3.082776326864330038e-22,-9.760901802295867569e+00,9.000000000000000000e+01,-1.743963447717384831e-06,0.000000000000000000e+00,1.475334674929246458e-19,1.611953181009923963e-05,3.104439226655710965e-26
5.049500000000838554e+03,4.063835925161366920e-22,4.589839630116723690e+00,1.000000084973461981e+03,1.012018851921617255e+02,-1.627450385186867401e-14,4.925375825494475142e-07,-5.739322294602065964e-06,-3.320749481265163165e-22,-9.760872634582101526e+00,9.000000000000000000e+01,-1.705690026680275305e-06,0.000000000000000000e+00,1.475334674806872869e-19,-3.938664646394022526e-07,3.111502554894296620e-26
5.059500000000874934e+03,4.063835923473862965e-22,4.598929325001848589e+00,1.000000085118617903e+03,1.012018850290025966e+02,-1.627450385252987197e-14,4.936693118602811661e-07,-1.743375925054682196e-07,8.245203960846316771e-24,-9.760843787951385409e+00,9.000000000000000000e+01,-1.784639866871871145e-06,1.895758319773387099e-24,1.475334674921711498e-19,-1.672548325087373504e-05,3.144184185520454638e-26
5.069500000000911314e+03,4.063835921785636316e-22,4.608019019874752153e+00,1.000000085291378241e+03,1.012018849355244754e+02,-1.627450384891847622e-14,4.950218687811651720e-07,-1.476179775274717513e-06,-7.256681426466178260e-23,-9.760931879472915185e+00,9.000000000000000000e+01,-1.612781749769234041e-06,0.000000000000000000e+00,1.475334674577139038e-19,3.314782010648013508e-05,3.130958036702444638e-26
5.079500000000947693e+03,4.063835920100143867e-22,4.617108714735906005e+00,1.000000085433861273e+03,1.012018847811194888e+02,-1.627450384905324521e-14,4.965901722793217838e-07,1.352061873916242120e-06,1.023758372834388771e-22,-9.760902311726578517e+00,9.000000000000000000e+01,-1.758310497330030112e-06,0.000000000000000000e+00,1.475334674614995839e-19,1.640794332178680041e-05,3.100572663386033903e-26
5.089500000000984073e+03,4.063835918415982548e-22,4.626198409584771909e+00,1.000000085466513383e+03,1.012018846272697346e+02,-1.627450384916215851e-14,4.983798014994644778e-07,2.954122929475152313e-06,1.995947469871904452e-22,-9.760807490666083552e+00,9.000000000000000000e+01,-1.764018956872320812e-06,0.000000000000000000e+00,1.475334674636597310e-19,-3.727531381186089440e-05,3.165486767579560319e-26
5.099500000001020453e+03,4.063835916732466810e-22,4.635288104421535493e+00,1.000000085498262251e+03,1.012018845267883194e+02,-1.627450384600651294e-14,5.003920975854212425e-07,1.390054420554686172e-06,1.045665980676259488e-22,-9.760814644138390506e+00,9.000000000000000000e+01,-1.900592331116488510e-06,0.000000000000000000e+00,1.475334674330455097e-19,-3.322535121770682861e-05,3.151919436749790437e-26
5.109500000001056833e+03,4.063835915050594413e-22,4.644377799246562688e+00,1.000000085600065063e+03,1.012018843841022147e+02,-1.627450384544287497e-14,5.026240469638797092e-07,5.550830154955213644e-06,3.588973848258079464e-22,-9.760843929896404703e+00,9.000000000000000000e+01,-1.767606189997574978e-06,0.000000000000000000e+00,1.475334674319864168e-19,-1.664512365133122675e-05,3.137153872070086147e-26
5.119500000001093213e+03,4.063835913371683792e-22,4.653467494059349896e+00,1.000000085584744852e+03,1.012018842483706749e+02,-1.627450384447102043e-14,5.050753475895646596e-07,-5.050737540931633749e-07,-1.246861278997292177e-23,-9.760843494688284494e+00,9.000000000000000000e+01,-1.784540379121434947e-06,1.895758319773387099e-24,1.475334674160249353e-19,-1.689151930745406538e-05,3.144238178364115456e-26
5.129500000001129592e+03,4.063835911694653022e-22,4.662557188860166235e+00,1.000000085677309016e+03,1.012018841094409822e+02,-1.627450384370389106e-14,5.077489719295116191e-07,1.084668847730371242e-06,8.536230411430331600e-23,-9.760872932994351103e+00,9.000000000000000000e+01,-1.720398132860360243e-06,0.000000000000000000e+00,1.475334674103289012e-19,-2.249284994949920232e-07,3.122458779662018822e-26
5.139500000001165972e+03,4.063835910021221615e-22,4.671646883649062332e+00,1.000000085733933361e+03,1.012018839786723561e+02,-1.627450384245798939e-14,5.106409082158265196e-07,-2.286679941519109684e-06,-1.208805141047816186e-22,-9.760872998178331983e+00,9.000000000000000000e+01,-1.740171437759519325e-06,0.000000000000000000e+00,1.475334673948723504e-19,-1.880231216504872148e-07,3.117926418151865281e-26
5.149500000001202352e+03,4.063835908350867182e-22,4.680736578425883643e+00,1.000000085786869704e+03,1.012018838622061736e+02,-1.627450384035432455e-14,5.137537655740850010e-07,3.445330099274127062e-07,3.995859792812056039e-23,-9.760843649718168535e+00,9.000000000000000000e+01,-1.811811396404488941e-06,0.000000000000000000e+00,1.475334673783067048e-19,-1.680375127968382402e-05,3.151855121855910384e-26
5.159500000001238732e+03,4.063835906681721627e-22,4.689826273190834449e+00,1.000000085788164256e+03,1.012018837408631384e+02,-1.627450383855466146e-14,5.170837614748288360e-07,1.500816689885028950e-05,9.375058914117692389e-22,-9.760785846680274602e+00,9.000000000000000000e+01,-1.770172312403454654e-06,0.000000000000000000e+00,1.475334673777070906e-19,-4.952912917912635944e-05,3.175436357761597415e-26
5.169500000001275112e+03,4.063835905015542551e-22,4.698915967943657179e+00,1.000000086139831637e+03,1.012018836066755654e+02,-1.627450383755959862e-14,5.206296594628444825e-07,8.503348990280999384e-06,5.403603834151377529e-22,-9.760814946434321016e+00,9.000000000000000000e+01,-1.913293583625882468e-06,0.000000000000000000e+00,1.475334673610698244e-19,-3.305421046656882740e-05,3.148990710798840125e-26
5.179500000001311491e+03,4.063835903351979654e-22,4.708005662684435322e+00,1.000000086362417733e+03,1.012018834120841575e+02,-1.627450384027526175e-14,5.243842347319010469e-07,-1.837142992336653721e-06,-9.363220955714737448e-23,-9.760901787024881315e+00,9.000000000000000000e+01,-1.681744826372096604e-06,0.000000000000000000e+00,1.475334673735106096e-19,1.611087103932507247e-05,3.110377903346759503e-26
5.189500000001347871e+03,4.063835901695769709e-22,4.717095357413253254e+00,1.000000086509380480e+03,1.012018832942447375e+02,-1.627450383833389716e-14,5.283519628304178795e-07,-2.817873398620059468e-06,-1.538593348680573961e-22,-9.760872494588815229e+00,9.000000000000000000e+01,-1.730822973328699627e-06,0.000000000000000000e+00,1.475334673544340809e-19,-4.731381732297847425e-07,3.135679686882728671e-26
5.199500000001384251e+03,4.063835900041541649e-22,4.726185052130205122e+00,1.000000086567914082e+03,1.012018831947515309e+02,-1.627450383528025761e-14,5.325358557402434024e-07,4.334002187906327712e-06,2.846680896329245311e-22,-9.760843801520607599e+00,9.000000000000000000e+01,-1.898190248998859876e-06,0.000000000000000000e+00,1.475334673343296593e-19,-1.671781199543236526e-05,3.130225837422144324e-26
5.209500000001420631e+03,4.063835898392630113e-22,4.735274746835687054e+00,1.000000086594102868e+03,1.012018830680577963e+02,-1.627450383391845650e-14,5.369340938879753457e-07,-2.309709290679456074e-06,-1.228204380425232100e-22,-9.760872476859660196e+00,9.000000000000000000e+01,-1.656812229224167015e-06,0.000000000000000000e+00,1.475334673142259840e-19,-4.831754954693809050e-07,3.124999447181391744e-26
5.219500000001457011e+03,4.063835896746790380e-22,4.744364441529038245e+00,1.000000086719878027e+03,1.012018829283884429e+02,-1.627450383337002777e-14,5.415488537624045061e-07,-3.251767958068953946e-06,-1.800460142664118548e-22,-9.760930785523832753e+00,9.000000000000000000e+01,-1.667857786744140807e-06,0.000000000000000000e+00,1.475334673077185316e-19,3.252846400724402248e-05,3.090432018762037409e-26
5.229500000001493390e+03,4.063835895106450080e-22,4.753454136210638836e+00,1.000000086748842136e+03,1.012018827505905705e+02,-1.627450383518709629e-14,5.463779912586938853e-07,-6.375464575162782918e-06,-3.730895835226180490e-22,-9.760872157699322926e+00,9.000000000000000000e+01,-1.535780953486438972e-06,-9.478791598866935495e-25,1.475334673200214202e-19,-6.638744328830442467e-07,3.133610984769313030e-26
5.239500000001529770e+03,4.063835893469520594e-22,4.762543830880842322e+00,1.000000086751068011e+03,1.012018826756557388e+02,-1.627450383072465215e-14,5.514203193823413976e-07,-3.454786572332619079e-07,-1.923368274490463683e-24,-9.760901802846158049e+00,9.000000000000000000e+01,-1.783510261071202444e-06,0.000000000000000000e+00,1.475334672860606067e-19,1.611982565955433672e-05,3.113739317871030305e-26
5.249500000001566150e+03,4.063835891836234670e-22,4.771633525539257015e+00,1.000000086752362563e+03,1.012018825529107886e+02,-1.627450382921023800e-14,5.566787470105999690e-07,5.972083630819738241e-06,3.843008647473471256e-22,-9.760785196012390585e+00,9.000000000000000000e+01,-1.823276329142541646e-06,0.000000000000000000e+00,1.475334672788497565e-19,-4.989751677742267343e-05,3.181600904813093885e-26
5.259500000001602530e+03,4.063835890208198974e-22,4.780723220186009925e+00,1.000000086856931489e+03,1.012018823891597208e+02,-1.627450383023408480e-14,5.621497157514386217e-07,1.556610864097049407e-07,2.878226752292075803e-23,-9.760901803159521606e+00,9.000000000000000000e+01,-1.786270270090464277e-06,0.000000000000000000e+00,1.475334672811121946e-19,1.611999918272829548e-05,3.109647200372426892e-26
5.269500000001638909e+03,4.063835888586759212e-22,4.789812914821352408e+00,1.000000086940294182e+03,1.012018822860694769e+02,-1.627450382758085527e-14,5.678334881931868508e-07,8.378186063183999744e-06,5.321683322554240433e-22,-9.760902561963350266e+00,9.000000000000000000e+01,-1.768098717973327639e-06,0.000000000000000000e+00,1.475334672657796255e-19,1.654959963534652072e-05,3.114118373076401298e-26
5.279500000001675289e+03,4.063835886968939973e-22,4.798902609445016232e+00,1.000000086934221940e+03,1.012018821320723987e+02,-1.627450382806430710e-14,5.737263018244761605e-07,1.909162261468805287e-06,1.356756068453997851e-22,-9.760843326380225449e+00,9.000000000000000000e+01,-1.707888527853852601e-06,0.000000000000000000e+00,1.475334672624581186e-19,-1.698682256581326359e-05,3.139669227647361977e-26
5.289500000001711669e+03,4.063835885355777102e-22,4.807992304057144395e+00,1.000000086960401404e+03,1.012018820073476491e+02,-1.627450382678147096e-14,5.798316325933041374e-07,-8.723137442030947668e-06,-5.144075058105851950e-22,-9.760842563217623891e+00,9.000000000000000000e+01,-1.800465899855834282e-06,0.000000000000000000e+00,1.475334672387178783e-19,-1.741888970231273337e-05,3.112847907523779980e-26
5.299500000001748049e+03,4.063835883746612792e-22,4.817081998658077069e+00,1.000000086914664166e+03,1.012018818798433699e+02,-1.627450382569050788e-14,5.861494753259473762e-07,-6.084848618069026122e-06,-3.539114222737595946e-22,-9.760901183939095560e+00,9.000000000000000000e+01,-1.683825519800272502e-06,0.000000000000000000e+00,1.475334672312647220e-19,1.576942242431942902e-05,3.122264746269302084e-26
5.309500000001784429e+03,4.063835882143534722e-22,4.826171693247407468e+00,1.000000087005319074e+03,1.012018817553519625e+02,-1.627450382445022606e-14,5.926780500941736039e-07,-8.288852401655439156e-06,-4.886361057965166010e-22,-9.760930206485545213e+00,9.000000000000000000e+01,-1.787810854444852857e-06,0.000000000000000000e+00,1.475334672171661204e-19,3.220063096451827379e-05,3.120021300529101991e-26
5.319500000001820808e+03,4.063835880548316008e-22,4.835261387825326551e+00,1.000000087086809799e+03,1.012018816236528522e+02,-1.627450382369283124e-14,5.994141658623195225e-07,4.817357525023308448e-07,4.903100148298947948e-23,-9.760872474832119394e+00,9.000000000000000000e+01,-1.749353342902780081e-06,0.000000000000000000e+00,1.475334672194860715e-19,-4.843339864757774568e-07,3.102909682094049758e-26
5.329500000001857188e+03,4.063835878957606489e-22,4.844351082391741947e+00,1.000000087156323730e+03,1.012018814825559758e+02,-1.627450382353749506e-14,6.063559628004299898e-07,2.030729288319485407e-06,1.437223922042416766e-22,-9.760813588980539635e+00,9.000000000000000000e+01,-1.800311375787190086e-06,0.000000000000000000e+00,1.475334672192578007e-19,-3.382275305695200398e-05,3.138472814940892044e-26
5.339500000001893568e+03,4.063835877377281758e-22,4.853440776947205215e+00,1.000000087188966518e+03,1.012018813705720959e+02,-1.627450382165564212e-14,6.135045108361004877e-07,3.464419805698496802e-06,2.309975325307554707e-22,-9.760833696507122070e+00,9.000000000000000000e+01,-1.707453580640053163e-06,0.000000000000000000e+00,1.475334672033936750e-19,-2.243881215500930163e-05,3.140326144199850082e-26
5.349500000001929948e+03,4.063835875799294850e-22,4.862530471491296247e+00,1.000000087242815653e+03,1.012018812516639343e+02,-1.627450382021239586e-14,6.208563570814742287e-07,3.731930939485062210e-06,2.468819225032377894e-22,-9.760843509146035046e+00,9.000000000000000000e+01,-1.770559653074781897e-06,0.000000000000000000e+00,1.475334671901867789e-19,-1.688335487843947458e-05,3.165285988685455748e-26
5.359500000001966328e+03,4.063835874228470464e-22,4.871620166024197118e+00,1.000000087233036766e+03,1.012018811227026163e+02,-1.627450381942122832e-14,6.284166263263526375e-07,-4.581047757896006035e-06,-2.619285308463960700e-22,-9.760901160057004589e+00,9.000000000000000000e+01,-1.626150537095173498e-06,0.000000000000000000e+00,1.475334671734153236e-19,1.575589630867245178e-05,3.112064427727772624e-26
5.369500000002002707e+03,4.063835872666645193e-22,4.880709860546157408e+00,1.000000087238019319e+03,1.012018809931002181e+02,-1.627450381872187473e-14,6.361817395094279333e-07,-4.518178496961994085e-06,-2.565626395253940516e-22,-9.760901207406927682e+00,9.000000000000000000e+01,-1.869229924624512262e-06,0.000000000000000000e+00,1.475334671667075744e-19,1.578270185409592802e-05,3.123371437672073564e-26
5.379500000002039087e+03,4.063835871108958603e-22,4.889799555056900893e+00,1.000000087392358068e+03,1.012018808668610035e+02,-1.627450381783865659e-14,6.441470575194076169e-07,-4.578074999047508060e-07,-9.315666597263191175e-24,-9.760901641415891561e+00,9.000000000000000000e+01,-1.706215734202464986e-06,0.000000000000000000e+00,1.475334671626912401e-19,1.602841611402757636e-05,3.117624509009700739e-26
5.389500000002075467e+03,4.063835869558822917e-22,4.898889249556154901e+00,1.000000087808566150e+03,1.012018807808664036e+02,-1.627450381453435808e-14,6.523072601262567816e-07,-2.512582816562522853e-06,-1.336657432421927729e-22,-9.760842871431133716e+00,9.000000000000000000e+01,-1.863104710641200063e-06,0.000000000000000000e+00,1.475334671302506835e-19,-1.724440107468131592e-05,3.112641366836446344e-26
5.399500000002111847e+03,4.063835868018033823e-22,4.907978944044398162e+00,1.000000087969359015e+03,1.012018806449345902e+02,-1.627450381433721542e-14,6.606604199309904021e-07,2.540337283064050818e-06,1.736810994638621830e-22,-9.760872456229881422e+00,9.000000000000000000e+01,-1.550657603620203960e-06,9.478791598866935495e-25,1.475334671334815273e-19,-4.948731753672945690e-07,3.125409420193632824e-26
5.409500000002148226e+03,4.063835866483229875e-22,4.917068638521996604e+00,1.000000088019538680e+03,1.012018805433353918e+02,-1.627450381207308996e-14,6.692113897880002609e-07,4.114877329504855787e-06,2.712279182332580870e-22,-9.760872650450229671e+00,9.000000000000000000e+01,-1.790565087576812858e-06,0.000000000000000000e+00,1.475334671143832356e-19,-3.849131823489810407e-07,3.119191461543360325e-26
5.419500000002184606e+03,4.063835864959884647e-22,4.926158332988640254e+00,1.000000088029131348e+03,1.012018804026399295e+02,-1.627450381226516813e-14,6.779607364930277960e-07,-5.923382101494997674e-07,-1.670245605268134813e-23,-9.760872194487369313e+00,9.000000000000000000e+01,-1.858466266027065984e-06,0.000000000000000000e+00,1.475334671104262681e-19,-6.430603989622325551e-07,3.120661317048094784e-26
5.429500000002220986e+03,4.063835863438737123e-22,4.935248027444529839e+00,1.000000088045168695e+03,1.012018802727757674e+02,-1.627450381180506974e-14,6.869066744004009510e-07,-3.961511643740275548e-06,-2.233863844243795765e-22,-9.760871861292757856e+00,9.000000000000000000e+01,-1.752728013197562644e-06,0.000000000000000000e+00,1.475334671020715599e-19,-8.317019333105563056e-07,3.122094580805572180e-26
5.439500000002257366e+03,4.063835861928488312e-22,4.944337721889900727e+00,1.000000088056605364e+03,1.012018801758013637e+02,-1.627450380939272047e-14,6.960508784639211076e-07,-7.358770668612951228e-08,1.416604988057627644e-23,-9.760872194597190799e+00,9.000000000000000000e+01,-1.769947968798442827e-06,0.000000000000000000e+00,1.475334670841660207e-19,-6.429993418128578865e-07,3.143747148407474119e-26
5.449500000002293746e+03,4.063835860428003157e-22,4.953427416324496235e+00,1.000000088064400529e+03,1.012018800573528665e+02,-1.627450380834786789e-14,7.053888221557079032e-07,-2.338961379551142052e-06,-1.241013383653664384e-22,-9.760901481961585802e+00,9.000000000000000000e+01,-1.747270995586169786e-06,0.000000000000000000e+00,1.475334670717953875e-19,1.593813710659710788e-05,3.108274217155214087e-26
5.459500000002330125e+03,4.063835858937940876e-22,4.962517110748612126e+00,1.000000088129304345e+03,1.012018798980544858e+02,-1.627450380986297939e-14,7.149232943793548590e-07,-8.132308116119232012e-06,-4.792266044037315859e-22,-9.760871545199705679e+00,9.000000000000000000e+01,-1.719874868004165851e-06,0.000000000000000000e+00,1.475334670785242978e-19,-1.010661652672788459e-06,3.128267758858953263e-26
5.469500000002366505e+03,4.063835857457299476e-22,4.971606805162137377e+00,1.000000088131530219e+03,1.012018797815215407e+02,-1.627450380881160135e-14,7.246484047326831300e-07,-2.174021910430521358e-06,-1.147892488941306042e-22,-9.760901184517653206e+00,9.000000000000000000e+01,-1.716182854685485588e-06,0.000000000000000000e+00,1.475334670751320611e-19,1.576973365944913519e-05,3.135280873275705260e-26
5.479500000002402885e+03,4.063835855984377313e-22,4.980696499565412161e+00,1.000000088183563207e+03,1.012018796616917626e+02,-1.627450380800438207e-14,7.345645037201772802e-07,-1.247564770063316164e-06,-5.761357508916292971e-23,-9.760803966014336197e+00,9.000000000000000000e+01,-1.739059057843005547e-06,0.000000000000000000e+00,1.475334670684148026e-19,-3.927084197366308773e-05,3.159145184314297391e-26
5.489500000002439265e+03,4.063835854521689003e-22,4.989786193956329718e+00,1.000000088162533984e+03,1.012018795403018601e+02,-1.627450380734934984e-14,7.446701048413673726e-07,1.208808436097247721e-06,9.249714261684573923e-23,-9.760872185725739669e+00,9.000000000000000000e+01,-1.722214382250100535e-06,0.000000000000000000e+00,1.475334670647390209e-19,-6.480290399159253873e-07,3.142989094669649705e-26
5.499500000002475645e+03,4.063835853069850977e-22,4.998875888337000362e+00,1.000000088104708084e+03,1.012018794612292112e+02,-1.627450380416288190e-14,7.549652801710839471e-07,3.984835599318032512e-06,2.632568622910612939e-22,-9.760842873851872881e+00,9.000000000000000000e+01,-1.796497738057490588e-06,0.000000000000000000e+00,1.475334670387018203e-19,-1.724304108854926771e-05,3.136129060596523360e-26
5.509500000002512024e+03,4.063835851627502952e-22,5.007965582707691432e+00,1.000000088183339699e+03,1.012018793453452332e+02,-1.627450380328315684e-14,7.654471832662525917e-07,8.455935901722998850e-06,5.366335128272802160e-22,-9.760843494870821146e+00,9.000000000000000000e+01,-1.733458330048885278e-06,0.000000000000000000e+00,1.475334670352266723e-19,-1.689145112090831378e-05,3.133642611343581879e-26
5.519500000002548404e+03,4.063835850197041995e-22,5.017055277068157793e+00,1.000000088221337592e+03,1.012018792254954036e+02,-1.627450380271169969e-14,7.761131571283634457e-07,-3.123652893210096313e-06,-1.724794729381091561e-22,-9.760939767545924184e+00,9.000000000000000000e+01,-1.687225761754694157e-06,0.000000000000000000e+00,1.475334670168763395e-19,3.761364004567845185e-05,3.097984320892782976e-26
5.529500000002584784e+03,4.063835848775576862e-22,5.026144971418735174e+00,1.000000088187446863e+03,1.012018790920987357e+02,-1.627450380302000862e-14,7.869625128482761871e-07,-3.276733315681376432e-07,-1.251085509663122635e-24,-9.760901783822113487e+00,9.000000000000000000e+01,-1.723957148104480367e-06,1.895758319773387099e-24,1.475334670222464581e-19,1.610902596766222911e-05,3.116866917508413563e-26
5.539500000002621164e+03,4.063835847364938032e-22,5.035234665759324102e+00,1.000000088165476882e+03,1.012018790199061300e+02,-1.627450379964018456e-14,7.979937989615077300e-07,2.463210909979736812e-06,1.701838888539660586e-22,-9.760872176182418869e+00,9.000000000000000000e+01,-1.774408327794852473e-06,0.000000000000000000e+00,1.475334669944977558e-19,-6.534350352812976257e-07,3.115328927216831132e-26
5.549500000002657544e+03,4.063835845966932945e-22,5.044324360090376658e+00,1.000000088143534981e+03,1.012018788965202276e+02,-1.627450379946492491e-14,8.092089573478993076e-07,1.667520936285435544e-06,1.205740643069998475e-22,-9.760842860101400120e+00,9.000000000000000000e+01,-1.689824224040574886e-06,0.000000000000000000e+00,1.475334669915650460e-19,-1.725083277844868115e-05,3.149410893863958783e-26
5.559500000002693923e+03,4.063835844579392109e-22,5.053414054411595302e+00,1.000000088121555791e+03,1.012018788022628968e+02,-1.627450379756322423e-14,8.206026498077289278e-07,-3.190535720553023331e-06,-1.775084163325772568e-22,-9.760900830645919513e+00,9.000000000000000000e+01,-1.565721372146988931e-06,-9.478791598866935495e-25,1.475334669686660278e-19,1.556938196035073110e-05,3.131736700277148507e-26
5.569500000002730303e+03,4.063835843201704266e-22,5.062503748723206520e+00,1.000000088131874804e+03,1.012018786632304881e+02,-1.627450379845959426e-14,8.321748430366728854e-07,4.067551183930766681e-06,2.679592063017311343e-22,-9.760872189010505906e+00,9.000000000000000000e+01,-1.769949622686877224e-06,1.895758319773387099e-24,1.475334669842578270e-19,-6.461763995526816859e-07,3.132382095351484997e-26
5.579500000002766683e+03,4.063835841836189843e-22,5.071593443025215642e+00,1.000000088104400788e+03,1.012018785858496273e+02,-1.627450379564706532e-14,8.439235710922708319e-07,-4.229530124508741880e-06,-2.402043414366683664e-22,-9.760871546183020442e+00,9.000000000000000000e+01,-1.768044495877118070e-06,0.000000000000000000e+00,1.475334669494116877e-19,-1.010114200270912185e-06,3.133157630998026547e-26
5.589500000002803063e+03,4.063835840481958284e-22,5.080683137318115605e+00,1.000000088121239060e+03,1.012018784502659088e+02,-1.627450379646078481e-14,8.558451994774424876e-07,-6.767454065155326918e-06,-3.948470524907724962e-22,-9.760900552380181949e+00,9.000000000000000000e+01,-1.830895233382018936e-06,-1.895758319773387099e-24,1.475334669534889536e-19,1.541183722110696480e-05,3.123943471839586233e-26
5.599500000002839442e+03,4.063835839138893922e-22,5.089772831601484526e+00,1.000000088047655254e+03,1.012018783746661512e+02,-1.627450379366305805e-14,8.679408258826349630e-07,-3.244726279400934330e-06,-1.799178880783954130e-22,-9.760871229637130497e+00,9.000000000000000000e+01,-1.754861351166826325e-06,-1.895758319773387099e-24,1.475334669317735397e-19,-1.189328376461016324e-06,3.137225985314946590e-26
5.609500000002875822e+03,4.063835837810299426e-22,5.098862525875593299e+00,1.000000088044134941e+03,1.012018782847283518e+02,-1.627450379182390774e-14,8.802091448728528245e-07,6.851502844689030076e-06,4.378088329501943515e-22,-9.760843208502913981e+00,9.000000000000000000e+01,-1.741020213304033252e-06,0.000000000000000000e+00,1.475334669259066756e-19,-1.705358645143781752e-05,3.163717987718458969e-26
5.619500000002912202e+03,4.063835836491063745e-22,5.107952220140413502e+00,1.000000088060926601e+03,1.012018781883205776e+02,-1.627450379043206996e-14,8.926425913392724362e-07,8.997888132059363040e-06,5.704436315157580352e-22,-9.760872527668340126e+00,9.000000000000000000e+01,-1.823699877248362854e-06,0.000000000000000000e+00,1.475334669153464647e-19,-4.544453835812987835e-07,3.134204524893342183e-26
5.629500000002948582e+03,4.063835835186970782e-22,5.117041914396516233e+00,1.000000088074943051e+03,1.012018780294406071e+02,-1.627450379294938506e-14,9.052413969218603208e-07,-3.801595788954908226e-06,-2.139371722168063841e-22,-9.760871532876752354e+00,9.000000000000000000e+01,-1.740348938155182314e-06,0.000000000000000000e+00,1.475334669234293279e-19,-1.017653740682681157e-06,3.127420030979576997e-26
5.639500000002984962e+03,4.063835833894635584e-22,5.126131608643466286e+00,1.000000088082477419e+03,1.012018779666903612e+02,-1.627450378964516543e-14,9.180053558555816118e-07,-1.153024933737037604e-05,-6.884485229811386320e-22,-9.760969677583322124e+00,9.000000000000000000e+01,-1.570515205940640709e-06,0.000000000000000000e+00,1.475334668847950528e-19,5.454729650615290740e-05,3.098393841363883867e-26
5.649500000003021341e+03,4.063835832614883348e-22,5.135221302881496364e+00,1.000000088091902398e+03,1.012018778624092334e+02,-1.627450378895335335e-14,9.309325384695098667e-07,-6.738236966523213705e-06,-3.936159434478621259e-22,-9.760976292026093404e+00,9.000000000000000000e+01,-1.636861194929407746e-06,0.000000000000000000e+00,1.475334668834492611e-19,5.829208383133556730e-05,3.088733229707294603e-26
5.659500000003057721e+03,4.063835831349277951e-22,5.144310997111127826e+00,1.000000087791541546e+03,1.012018777339278017e+02,-1.627450378982203435e-14,9.440229471049572307e-07,2.933718360167327621e-06,1.980654751237142088e-22,-9.760901957962394349e+00,9.000000000000000000e+01,-1.661717280653920142e-06,0.000000000000000000e+00,1.475334669014636154e-19,1.620760495647649693e-05,3.125090186036246179e-26
5.669500000003094101e+03,4.063835830097922367e-22,5.153400691332491235e+00,1.000000087512396249e+03,1.012018776888268690e+02,-1.627450378566421673e-14,9.572841984796622522e-07,-8.636373702038284318e-07,-3.410004900362187815e-23,-9.760783600301675023e+00,9.000000000000000000e+01,-1.794130921930170228e-06,0.000000000000000000e+00,1.475334668595363131e-19,-5.080096865400270659e-05,3.180740172830646126e-26
5.679500000003130481e+03,4.063835828857662980e-22,5.162490385545430271e+00,1.000000087357675625e+03,1.012018775545473801e+02,-1.627450378702622295e-14,9.707085371359469104e-07,-9.461140838252860561e-06,-5.608303047899768066e-22,-9.760911563565043636e+00,9.000000000000000000e+01,-1.617132163351414740e-06,0.000000000000000000e+00,1.475334668618962032e-19,2.164584938070811902e-05,3.119608433912927163e-26
5.689500000003166861e+03,4.063835827631485074e-22,5.171580079749802827e+00,1.000000087299784695e+03,1.012018774647480512e+02,-1.627450378574546625e-14,9.842912391116289130e-07,-4.577294463147215303e-06,-2.610298553944850791e-22,-9.760871215431508929e+00,9.000000000000000000e+01,-1.792967169694441492e-06,0.000000000000000000e+00,1.475334668553692748e-19,-1.197379211277953268e-06,3.126811535056745015e-26
5.699500000003203240e+03,4.063835826424751726e-22,5.180669773946045886e+00,1.000000087303640271e+03,1.012018773882759035e+02,-1.627450378375563719e-14,9.980274447873082734e-07,7.424110464314257317e-06,4.746722354767478042e-22,-9.760828402603943132e+00,9.000000000000000000e+01,-1.903355927801430772e-06,0.000000000000000000e+00,1.475334668503090383e-19,-2.543600202147456598e-05,3.129573093675704320e-26
5.709500000003239620e+03,4.063835825228887469e-22,5.189759468133883225e+00,1.000000087315822043e+03,1.012018772988536170e+02,-1.627450378261846264e-14,1.011912965902477099e-06,-4.372912109811792009e-06,-2.474706505358948378e-22,-9.760871238612514489e+00,9.000000000000000000e+01,-1.913858857248309557e-06,-1.895758319773387099e-24,1.475334668267226317e-19,-1.184255152801999575e-06,3.129675391001552029e-26
5.719500000003276000e+03,4.063835824047870175e-22,5.198849162314112426e+00,1.000000087319705585e+03,1.012018772169196410e+02,-1.627450378110457230e-14,1.025948288103830604e-06,-2.831398679640769501e-06,-1.538239757957683887e-22,-9.760900847134337255e+00,9.000000000000000000e+01,-1.806760064903825852e-06,0.000000000000000000e+00,1.475334668144120634e-19,1.557870610754246091e-05,3.101361629287511783e-26
5.729500000003312380e+03,4.063835822878183237e-22,5.207938856486246770e+00,1.000000087217567511e+03,1.012018771180319163e+02,-1.627450378069143954e-14,1.040130316523600052e-06,-9.002417987404737447e-07,-3.669187868753887064e-23,-9.760841408920619244e+00,9.000000000000000000e+01,-1.699443849841317502e-06,0.000000000000000000e+00,1.475334668124164388e-19,-1.807243249108815515e-05,3.153140103803562255e-26
5.739500000003348759e+03,4.063835821723919254e-22,5.217028550650572249e+00,1.000000087144896384e+03,1.012018770440507325e+02,-1.627450377883862300e-14,1.054460341684448626e-06,3.236784430185577116e-07,3.882629135297390903e-23,-9.760871530986834799e+00,9.000000000000000000e+01,-1.755360672807378695e-06,0.000000000000000000e+00,1.475334667967469524e-19,-1.018727897375578815e-06,3.126856268816533532e-26
5.749500000003385139e+03,4.063835820582299359e-22,5.226118244807157254e+00,1.000000087151546040e+03,1.012018769379082528e+02,-1.627450377902463640e-14,1.068934287323054571e-06,-8.348001313667499602e-06,-4.919289748576727533e-22,-9.760929153041473683e+00,9.000000000000000000e+01,-1.713067412319460920e-06,0.000000000000000000e+00,1.475334667885013482e-19,3.160418621692670288e-05,3.092119961707856611e-26
5.759500000003421519e+03,4.063835819452343659e-22,5.235207938955955598e+00,1.000000087136980142e+03,1.012018768299802645e+02,-1.627450377938508903e-14,1.083549367232692992e-06,-4.467818513334895175e-06,-2.548016374776753594e-22,-9.760929976203952307e+00,9.000000000000000000e+01,-1.669975221939997041e-06,0.000000000000000000e+00,1.475334667956206686e-19,3.207021873343181496e-05,3.103652710833013216e-26
5.769500000003457899e+03,4.063835818336959388e-22,5.244297633097687594e+00,1.000000087150987270e+03,1.012018767658939851e+02,-1.627450377714132880e-14,1.098303806624508257e-06,1.103507030327311940e-06,8.588166312996867172e-23,-9.760871493650522979e+00,9.000000000000000000e+01,-1.592446250024579465e-06,0.000000000000000000e+00,1.475334667812138941e-19,-1.039868740048201352e-06,3.125839631188334622e-26
5.779500000003494279e+03,4.063835817235922730e-22,5.253387327231854087e+00,1.000000087176105012e+03,1.012018767573647153e+02,-1.627450377157522092e-14,1.113194116052611366e-06,-7.727057850675132995e-06,-4.527364955553671313e-22,-9.760959138560693304e+00,9.000000000000000000e+01,-1.775486434054118742e-06,0.000000000000000000e+00,1.475334667211762300e-19,4.858058837218658961e-05,3.071688096945524287e-26
5.789500000003530658e+03,4.063835816148863640e-22,5.262477021358733076e+00,1.000000087053682705e+03,1.012018765803342433e+02,-1.627450377640579490e-14,1.128220254436367282e-06,-5.229174254559775956e-06,-3.018556866941653736e-22,-9.760841902687298344e+00,9.000000000000000000e+01,-1.770299356479651051e-06,0.000000000000000000e+00,1.475334667669124198e-19,-1.779289365048990689e-05,3.163083903125618416e-26
5.799500000003567038e+03,4.063835815075760490e-22,5.271566715478403609e+00,1.000000087068630364e+03,1.012018765555604176e+02,-1.627450377198828742e-14,1.143381704315034899e-06,-2.118149353436050742e-06,-1.107921161799802895e-22,-9.760871197772276631e+00,9.000000000000000000e+01,-1.757479634669481852e-06,0.000000000000000000e+00,1.475334667303083879e-19,-1.207381312478783094e-06,3.128394082157726759e-26
5.809500000003603418e+03,4.063835814017752567e-22,5.280656409590935851e+00,1.000000087051224000e+03,1.012018764863941840e+02,-1.627450377037378261e-14,1.158674182430665182e-06,1.002255399291669754e-05,6.336592070255855207e-22,-9.760861798861967031e+00,9.000000000000000000e+01,-1.924781441802079314e-06,0.000000000000000000e+00,1.475334667288266015e-19,-6.528605526391087377e-06,3.117892420505851606e-26
5.819500000003639798e+03,4.063835812974149153e-22,5.289746103696668200e+00,1.000000087113194127e+03,1.012018764072046935e+02,-1.627450376945176198e-14,1.174091817069365408e-06,4.096077840135981533e-06,2.703674677780199743e-22,-9.760806093048888243e+00,9.000000000000000000e+01,-1.838307579678263228e-06,1.895758319773387099e-24,1.475334667136684976e-19,-3.806663592165895020e-05,3.143861834898355281e-26
5.829500000003676178e+03,4.063835811945290670e-22,5.298835797795719671e+00,1.000000087050674438e+03,1.012018763371813748e+02,-1.627450376805016757e-14,1.189637614747639008e-06,3.544738721542982724e-06,2.364234810262319930e-22,-9.760901684078287843e+00,9.000000000000000000e+01,-1.830561733140339477e-06,0.000000000000000000e+00,1.475334667001272120e-19,1.605253771306077202e-05,3.112681311690131229e-26
5.839500000003712557e+03,4.063835810934893090e-22,5.307925491888001446e+00,1.000000086989123361e+03,1.012018762534988525e+02,-1.627450376758624793e-14,1.205309029569613732e-06,1.956692927894182729e-06,1.380813563783695563e-22,-9.760842198344661824e+00,9.000000000000000000e+01,-1.659423210173274000e-06,0.000000000000000000e+00,1.475334666938570341e-19,-1.762550373595008610e-05,3.154187224486113339e-26
5.849500000003748937e+03,4.063835809937913543e-22,5.317015185973715141e+00,1.000000087017882606e+03,1.012018761749854150e+02,-1.627450376688138494e-14,1.221101630232947857e-06,-2.264815141572662541e-06,-1.197750628249230690e-22,-9.760929833904320674e+00,9.000000000000000000e+01,-1.754424597397967693e-06,0.000000000000000000e+00,1.475334666825599864e-19,3.198965314216517753e-05,3.112164620673760026e-26
5.859500000003785317e+03,4.063835808955217193e-22,5.326104880052887403e+00,1.000000086999628707e+03,1.012018761166030032e+02,-1.627450376502101742e-14,1.237012642604066720e-06,3.294853529478108895e-06,2.203502869921330724e-22,-9.760973881905526284e+00,9.000000000000000000e+01,-1.602047225052669959e-06,0.000000000000000000e+00,1.475334666716320432e-19,5.692757507812301273e-05,3.105198287767373195e-26
5.869500000003821697e+03,4.063835807988195824e-22,5.335194574126080447e+00,1.000000086660515535e+03,1.012018760516856020e+02,-1.627450376364925773e-14,1.253044668461981876e-06,-1.773576568168328497e-06,-8.975044168950143639e-23,-9.760929517348586160e+00,9.000000000000000000e+01,-1.783238361812593497e-06,0.000000000000000000e+00,1.475334666534250479e-19,3.181043547457630270e-05,3.121922339191739388e-26
5.879500000003858077e+03,4.063835807038642773e-22,5.344284268193622900e+00,1.000000086512258235e+03,1.012018759726257713e+02,-1.627450376323911948e-14,1.269201190829619576e-06,-3.354885916538146291e-06,-1.861395691230341546e-22,-9.760863586103607048e+00,9.000000000000000000e+01,-1.826743260967524050e-06,0.000000000000000000e+00,1.475334666476954785e-19,-5.516755330548742475e-06,3.130629287647898144e-26
5.889500000003894456e+03,4.063835806102362463e-22,5.353373962254985408e+00,1.000000086493082335e+03,1.012018758720300866e+02,-1.627450376422135228e-14,1.285472207925288939e-06,1.493389933993984034e-06,1.094887635261726209e-22,-9.760864164464969406e+00,9.000000000000000000e+01,-1.691828049823209344e-06,0.000000000000000000e+00,1.475334666615152295e-19,-5.189318979670047893e-06,3.152210242534443987e-26
5.899500000003930836e+03,4.063835805182095207e-22,5.362463656310263005e+00,1.000000086488658553e+03,1.012018757981375785e+02,-1.627450376365760072e-14,1.301852809283304568e-06,4.406671762430180444e-06,2.875947529479398592e-22,-9.760842214035397646e+00,9.000000000000000000e+01,-1.699332174205341971e-06,0.000000000000000000e+00,1.475334666593432861e-19,-1.761662695822928227e-05,3.158912147780518420e-26
5.909500000003967216e+03,4.063835804277717343e-22,5.371553350359814516e+00,1.000000086438134304e+03,1.012018757553041723e+02,-1.627450376127851298e-14,1.318343104251238252e-06,-2.571875803521412195e-06,-1.391191482887533976e-22,-9.760870843310318179e+00,9.000000000000000000e+01,-1.674946556129311809e-06,0.000000000000000000e+00,1.475334666300083157e-19,-1.408066490652377055e-06,3.144704335884024996e-26
5.919500000004003596e+03,4.063835803388583290e-22,5.380643044403346842e+00,1.000000086429081875e+03,1.012018756720559196e+02,-1.627450376145963860e-14,1.334939191086298779e-06,3.144396859487999881e-06,2.108288896576830029e-22,-9.760801509853262559e+00,9.000000000000000000e+01,-1.689134399896821763e-06,0.000000000000000000e+00,1.475334666376239964e-19,-4.066143226473625561e-05,3.170376293344382517e-26
5.929500000004039975e+03,4.063835802516005370e-22,5.389732738439574788e+00,1.000000086417030502e+03,1.012018756201533876e+02,-1.627450375981269267e-14,1.351638766488838088e-06,4.683815366787202769e-06,3.059690283839691215e-22,-9.760842215810745515e+00,9.000000000000000000e+01,-1.771405553397863889e-06,0.000000000000000000e+00,1.475334666242490388e-19,-1.761562229743694559e-05,3.138227622752396590e-26
5.939500000004076355e+03,4.063835801664120382e-22,5.398822432470712585e+00,1.000000086310086772e+03,1.012018755888077521e+02,-1.627450375702126102e-14,1.368440936628836146e-06,-5.438197390307719381e-06,-3.144792144572866037e-22,-9.760870513057410491e+00,9.000000000000000000e+01,-1.723746544495692545e-06,0.000000000000000000e+00,1.475334665877490312e-19,-1.595042440626456652e-06,3.145687237144336577e-26
5.949500000004112735e+03,4.063835800824660370e-22,5.407912126496786875e+00,1.000000086269509097e+03,1.012018755565636923e+02,-1.627450375435541919e-14,1.385339829559734252e-06,1.056611736597171676e-05,6.655599082270882082e-22,-9.760706400193253529e+00,9.000000000000000000e+01,-1.900816445721563140e-06,0.000000000000000000e+00,1.475334665811299470e-19,-9.450807788020968391e-05,3.219654775670744627e-26
5.959500000004149115e+03,4.063835800003941969e-22,5.417001820517403310e+00,1.000000086227068664e+03,1.012018754292767824e+02,-1.627450375760934421e-14,1.402336134984188864e-06,1.448406705789535976e-06,1.073989244472515027e-22,-9.760841042063880479e+00,9.000000000000000000e+01,-1.745121245954749825e-06,0.000000000000000000e+00,1.475334666000558198e-19,-1.828014337567852507e-05,3.149826781201489221e-26
5.969500000004185495e+03,4.063835799197915367e-22,5.426091514533082361e+00,1.000000086162481466e+03,1.012018754100078439e+02,-1.627450375433234659e-14,1.419426515747805641e-06,2.564307541574588920e-06,1.760487830684166344e-22,-9.760871043111514211e+00,9.000000000000000000e+01,-1.808896939649895312e-06,0.000000000000000000e+00,1.475334665715877104e-19,-1.294952132128073171e-06,3.136110837255437540e-26
5.979500000004221874e+03,4.063835798406436683e-22,5.435181208543865772e+00,1.000000086124669792e+03,1.012018753558238586e+02,-1.627450375327169470e-14,1.436609979404839636e-06,8.222101175968805944e-06,5.215315756443141931e-22,-9.760900811795293563e+00,9.000000000000000000e+01,-1.547898383378503443e-06,9.478791598866935495e-25,1.475334665680032418e-19,1.555868599476310259e-05,3.121300975673835591e-26
5.989500000004258254e+03,4.063835797631536231e-22,5.444270902550239377e+00,1.000000085840662905e+03,1.012018753106424924e+02,-1.627450375175414720e-14,1.453881950945392662e-06,-3.306174853202355264e-06,-1.836523025839463061e-22,-9.760899848573336257e+00,9.000000000000000000e+01,-1.787999016059808256e-06,1.895758319773387099e-24,1.475334665414527568e-19,1.501335416833808630e-05,3.133930894644338931e-26
5.999500000004294634e+03,4.063835796876342706e-22,5.453360596552284001e+00,1.000000085568651571e+03,1.012018752329466906e+02,-1.627450375233410196e-14,1.471251929720281460e-06,-1.351102932533036262e-06,-6.312149776249309622e-23,-9.760959156020124539e+00,9.000000000000000000e+01,-1.803232880650957737e-06,0.000000000000000000e+00,1.475334665485806958e-19,4.859045789554539466e-05,3.073766552836830863e-26
6.009500000004331014e+03,4.063835796138808868e-22,5.462450290549729637e+00,1.000000085431234879e+03,1.012018752008272031e+02,-1.627450375022243176e-14,1.488710718182734181e-06,-3.654687047854746929e-06,-2.050117649965867586e-22,-9.760870508238451038e+00,9.000000000000000000e+01,-1.755119205095961882e-06,0.000000000000000000e+00,1.475334665268216837e-19,-1.597773950223763157e-06,3.140447877250421239e-26
6.019500000004367394e+03,4.063835795415796618e-22,5.471539984543019486e+00,1.000000085343644059e+03,1.012018751672713535e+02,-1.627450374827853018e-14,1.506253108607534834e-06,3.003601449046090442e-06,2.025767209053687193e-22,-9.760841861944127729e+00,9.000000000000000000e+01,-1.712729739190039377e-06,0.000000000000000000e+00,1.475334665164438343e-19,-1.781596508020632678e-05,3.142331277923001141e-26
6.029500000004403773e+03,4.063835794711035092e-22,5.480629678532745075e+00,1.000000085233896925e+03,1.012018751312847371e+02,-1.627450374658604804e-14,1.523874905929599024e-06,1.043488826956732694e-05,6.575583165186344048e-22,-9.760783603847588807e+00,9.000000000000000000e+01,-1.842233529154874564e-06,0.000000000000000000e+00,1.475334665091820913e-19,-5.079897772723096847e-05,3.181840298816184748e-26
6.039500000004440153e+03,4.063835794028052186e-22,5.489719372518199414e+00,1.000000085193393716e+03,1.012018750978026134e+02,-1.627450374485944924e-14,1.541572772512759127e-06,7.124807430298717193e-06,4.556103611008669139e-22,-9.760842268914759146e+00,9.000000000000000000e+01,-1.910512735612347535e-06,0.000000000000000000e+00,1.475334664898190565e-19,-1.758555916405127548e-05,3.150381231730211835e-26
6.049500000004476533e+03,4.063835793362349986e-22,5.498809066499649845e+00,1.000000085097476813e+03,1.012018750262616607e+02,-1.627450374555800135e-14,1.559346469864636780e-06,4.601778104106402494e-06,3.012036089006942288e-22,-9.760871218694866513e+00,9.000000000000000000e+01,-1.855127904944526899e-06,1.895758319773387099e-24,1.475334664930990837e-19,-1.195546440153317555e-06,3.127858911612091900e-26
6.059500000004512913e+03,4.063835792713464880e-22,5.507898760477110578e+00,1.000000085148159428e+03,1.012018750194109629e+02,-1.627450374238909661e-14,1.577189170550274752e-06,1.249764636778815288e-05,7.846380742666089771e-22,-9.760871902803321731e+00,9.000000000000000000e+01,-1.802790147439298036e-06,0.000000000000000000e+00,1.475334664731026827e-19,-8.082343973674912732e-07,3.126401670929130811e-26
6.069500000004549292e+03,4.063835792083940635e-22,5.516988454451219326e+00,1.000000085078058760e+03,1.012018749406851441e+02,-1.627450374372754744e-14,1.595100241920135395e-06,1.497027463653221235e-06,1.107762706671078439e-22,-9.760870810943448106e+00,9.000000000000000000e+01,-1.694753040574907911e-06,0.000000000000000000e+00,1.475334664728103266e-19,-1.426396646993046522e-06,3.111200449677929487e-26
6.079500000004585672e+03,4.063835791471445072e-22,5.526078148421958325e+00,1.000000085054989881e+03,1.012018749079364852e+02,-1.627450374234762146e-14,1.613076154390341119e-06,-4.668384613472362365e-06,-2.671425603134693526e-22,-9.760899511574608667e+00,9.000000000000000000e+01,-1.822922727795275330e-06,1.895758319773387099e-24,1.475334664534229768e-19,1.482255938276972384e-05,3.144011018776617646e-26
6.089500000004622052e+03,4.063835790879476461e-22,5.535167842389632220e+00,1.000000084754414843e+03,1.012018748671478932e+02,-1.627450374156941018e-14,1.631117493846075134e-06,2.019474810278904863e-06,1.420463801901471700e-22,-9.760870826218043916e+00,9.000000000000000000e+01,-1.660700368266725063e-06,0.000000000000000000e+00,1.475334664535926513e-19,-1.417749231669465794e-06,3.135601596927773536e-26
6.099500000004658432e+03,4.063835790303942202e-22,5.544257536354369797e+00,1.000000084519255893e+03,1.012018748336706011e+02,-1.627450374043634717e-14,1.649228009448429495e-06,2.569783951615915096e-07,3.491226824602678155e-23,-9.760929486546425338e+00,9.000000000000000000e+01,-1.769902397810966813e-06,0.000000000000000000e+00,1.475334664413043034e-19,3.179298695826841782e-05,3.100208000017941548e-26
6.109500000004694812e+03,4.063835789744239970e-22,5.553347230316004968e+00,1.000000084472224103e+03,1.012018748093884710e+02,-1.627450373882913774e-14,1.667397420860633623e-06,2.519205221150413298e-06,1.729296839780190624e-22,-9.760870887122829131e+00,9.000000000000000000e+01,-1.820812824152904625e-06,0.000000000000000000e+00,1.475334664291617244e-19,-1.383269356230315211e-06,3.153706355102492590e-26
6.119500000004731191e+03,4.063835789199061677e-22,5.562436924274645200e+00,1.000000084413168906e+03,1.012018747986019633e+02,-1.627450373647401559e-14,1.685621949157279518e-06,6.269895185539040437e-06,4.025934714990202782e-22,-9.760841882754425214e+00,9.000000000000000000e+01,-1.746282453746733548e-06,0.000000000000000000e+00,1.475334664119531551e-19,-1.780418541463052239e-05,3.155715498534261829e-26
6.129500000004767571e+03,4.063835788676211664e-22,5.571526618230580041e+00,1.000000084365112684e+03,1.012018747561791230e+02,-1.627450373618115887e-14,1.703900229721330493e-06,5.066492709312832376e-06,3.288838000310830404e-22,-9.760805421720526454e+00,9.000000000000000000e+01,-1.821837497093522430e-06,0.000000000000000000e+00,1.475334664078247558e-19,-3.844671955423799536e-05,3.179669502629227439e-26
6.139500000004803951e+03,4.063835788171155344e-22,5.580616312184595529e+00,1.000000084318965719e+03,1.012018747397013954e+02,-1.627450373439675550e-14,1.722228522700130457e-06,-2.465986460461614948e-06,-1.318932538169578070e-22,-9.760928820947318840e+00,9.000000000000000000e+01,-1.821951055617869343e-06,0.000000000000000000e+00,1.475334663833527825e-19,3.141615779908446689e-05,3.119400838003793676e-26
6.149500000004840331e+03,4.063835787682479303e-22,5.589706006136001548e+00,1.000000084301419520e+03,1.012018746943114991e+02,-1.627450373447371993e-14,1.740605117816959190e-06,4.875057955028710367e-06,3.172448458953316525e-22,-9.760870859044878500e+00,9.000000000000000000e+01,-1.774125156650452346e-06,0.000000000000000000e+00,1.475334663919489301e-19,-1.399164582822182630e-06,3.141615278089953944e-26
6.159500000004876711e+03,4.063835787214350903e-22,5.598795700085277716e+00,1.000000084218410734e+03,1.012018746963357358e+02,-1.627450373176129744e-14,1.759022810004714122e-06,-9.128261434682394295e-06,-5.403390269382898048e-22,-9.760939121939063767e+00,9.000000000000000000e+01,-1.798590644815643356e-06,0.000000000000000000e+00,1.475334663520267375e-19,3.724809757553501334e-05,3.126676396889325418e-26
6.169500000004913090e+03,4.063835786762428338e-22,5.607885394032507520e+00,1.000000084064388602e+03,1.012018746665228406e+02,-1.627450373108754080e-14,1.777484124960518775e-06,-3.553373138591749508e-07,-2.553530888081611794e-24,-9.760831472616940729e+00,9.000000000000000000e+01,-1.878148657951210024e-06,-1.895758319773387099e-24,1.475334663554881873e-19,-2.369791943673861816e-05,3.153283778562409754e-26
6.179500000004949470e+03,4.063835786332712272e-22,5.616975087978159031e+00,1.000000083663268015e+03,1.012018746542100871e+02,-1.627450372946378107e-14,1.795993360974774293e-06,7.483731786575950983e-06,4.775536562160496252e-22,-9.760841920128216387e+00,9.000000000000000000e+01,-1.877699156519188151e-06,0.000000000000000000e+00,1.475334663493939913e-19,-1.778302660824912149e-05,3.150641382107776862e-26
6.189500000004985850e+03,4.063835785923064716e-22,5.626064781922020863e+00,1.000000083456691300e+03,1.012018746194005558e+02,-1.627450372932946330e-14,1.814546952666702823e-06,9.382331260540816393e-07,7.649552576832272301e-23,-9.760870536729393976e+00,9.000000000000000000e+01,-1.865671774491265431e-06,0.000000000000000000e+00,1.475334663408508308e-19,-1.581643761111065559e-06,3.146344780193472845e-26
6.199500000005022230e+03,4.063835785531268217e-22,5.635154475864319501e+00,1.000000083344196923e+03,1.012018745942692703e+02,-1.627450372870040668e-14,1.833133647805196771e-06,-3.955792780155738820e-06,-2.228761065160138828e-22,-9.760811475380110736e+00,9.000000000000000000e+01,-1.796678317230085384e-06,0.000000000000000000e+00,1.475334663296946168e-19,-3.501942044096873391e-05,3.137651722732247317e-26
6.209500000005058610e+03,4.063835785158448429e-22,5.644244169805074485e+00,1.000000083254734022e+03,1.012018745680043423e+02,-1.627450372824680851e-14,1.851754439561436523e-06,2.212803084535180806e-06,1.542128826166135239e-22,-9.760900344928437278e+00,9.000000000000000000e+01,-1.736972079638778985e-06,0.000000000000000000e+00,1.475334663322716555e-19,1.529436308888390978e-05,3.127340645892631658e-26
6.219500000005094989e+03,4.063835784800978716e-22,5.653333863744605559e+00,1.000000083215087670e+03,1.012018745647699092e+02,-1.627450372646848884e-14,1.870402580213123186e-06,3.417256943427520892e-06,2.280571192272098961e-22,-9.760870505581110024e+00,9.000000000000000000e+01,-1.786796359279215742e-06,0.000000000000000000e+00,1.475334663175071155e-19,-1.599279312132945001e-06,3.141474153924949478e-26
6.229500000005131369e+03,4.063835784463122361e-22,5.662423557682828346e+00,1.000000083206780232e+03,1.012018745723351856e+02,-1.627450372413693786e-14,1.889074986906871109e-06,1.216826410255899901e-06,9.296710375488232709e-23,-9.760841176810513886e+00,9.000000000000000000e+01,-1.746403263935754142e-06,0.000000000000000000e+00,1.475334662940261294e-19,-1.820385798477242665e-05,3.160811437635327845e-26
6.239500000005167749e+03,4.063835784143535540e-22,5.671513251620075913e+00,1.000000083186486791e+03,1.012018745395485837e+02,-1.627450372437731324e-14,1.907768177208894677e-06,-8.640819041833262164e-06,-5.102630948169895395e-22,-9.760869427953988264e+00,9.000000000000000000e+01,-1.785143005178041142e-06,0.000000000000000000e+00,1.475334662852425407e-19,-2.209380155905089943e-06,3.140471400440723640e-26
6.249500000005204129e+03,4.063835783842005723e-22,5.680602945556497474e+00,1.000000082928286815e+03,1.012018745490132261e+02,-1.627450372212993372e-14,1.926482178983489574e-06,-1.446058319214856799e-06,-6.964573475771136505e-23,-9.760869811146795527e+00,9.000000000000000000e+01,-1.832897456165093859e-06,0.000000000000000000e+00,1.475334662728773964e-19,-1.992434638858496530e-06,3.142675256766706643e-26
6.259500000005240508e+03,4.063835783564198792e-22,5.689692639492617943e+00,1.000000082746632415e+03,1.012018745160543745e+02,-1.627450372261092114e-14,1.945219985322860580e-06,4.458680742736518015e-06,2.907064506539557328e-22,-9.760880120913805413e+00,9.000000000000000000e+01,-1.683500568889576874e-06,0.000000000000000000e+00,1.475334662835818354e-19,3.844471920182432253e-06,3.167062358966064835e-26
6.269500000005276888e+03,4.063835783303336847e-22,5.698782333428130897e+00,1.000000082719884858e+03,1.012018745222283655e+02,-1.627450372079026173e-14,1.963975405497309344e-06,-6.384990165425561917e-07,-2.015908930033242826e-23,-9.760870146352742083e+00,9.000000000000000000e+01,-1.797246745962756681e-06,0.000000000000000000e+00,1.475334662615583450e-19,-1.802657028624406314e-06,3.138131135784498236e-26
6.279500000005313268e+03,4.063835783060376271e-22,5.707872027363510625e+00,1.000000082601839722e+03,1.012018745721857726e+02,-1.627450371638803291e-14,1.982740888705763704e-06,6.121349785167838538e-06,3.939030128543243895e-22,-9.760841572639373354e+00,9.000000000000000000e+01,-1.876016897537068552e-06,0.000000000000000000e+00,1.475334662293781020e-19,-1.797975607111556133e-05,3.155333332217845464e-26
6.289500000005349648e+03,4.063835782834562865e-22,5.716961721298356558e+00,1.000000082636885395e+03,1.012018745427516961e+02,-1.627450371694114432e-14,2.001514109884952558e-06,-1.298557937684935494e-07,1.071929462632792373e-23,-9.760870145637152717e+00,9.000000000000000000e+01,-1.772366818800351988e-06,0.000000000000000000e+00,1.475334662273863052e-19,-1.803061360397530519e-06,3.148106649782617590e-26
6.299500000005386028e+03,4.063835782628983950e-22,5.726051415233065711e+00,1.000000082555739255e+03,1.012018745239970769e+02,-1.627450371695352628e-14,2.020289475164202414e-06,8.404675463980385165e-07,7.053223395613397385e-23,-9.760899526244813273e+00,9.000000000000000000e+01,-1.911887422234551226e-06,1.895758319773387099e-24,1.475334662285051742e-19,1.483086603093799283e-05,3.145632940735926342e-26
6.309500000005422407e+03,4.063835782440299709e-22,5.735141109167845030e+00,1.000000082506835497e+03,1.012018745140183142e+02,-1.627450371652000619e-14,2.039072061118816560e-06,-3.343803669591646094e-07,-1.221975154408168638e-24,-9.760840816218061988e+00,9.000000000000000000e+01,-1.831419846793398339e-06,0.000000000000000000e+00,1.475334662232604336e-19,-1.840800900980428970e-05,3.139655853634994047e-26
6.319500000005458787e+03,4.063835782271827389e-22,5.744230803103356209e+00,1.000000082169361463e+03,1.012018745612139554e+02,-1.627450371269800666e-14,2.057854769439051014e-06,-8.476665540600721718e-08,1.435757078773752801e-23,-9.760840668369603179e+00,9.000000000000000000e+01,-1.925822806293665248e-06,0.000000000000000000e+00,1.475334661891636736e-19,-1.849171030270466769e-05,3.144910931283999897e-26
6.329500000005495167e+03,4.063835782120846894e-22,5.753320497039552173e+00,1.000000081982202801e+03,1.012018745477130750e+02,-1.627450371268918404e-14,2.076645464395919201e-06,5.208733185200769879e-06,3.382386349686133052e-22,-9.760899875481113597e+00,9.000000000000000000e+01,-1.903564444966347551e-06,0.000000000000000000e+00,1.475334661948563133e-19,1.502858907886388379e-05,3.122711108038663867e-26
6.339500000005531547e+03,4.063835781991548158e-22,5.762410190976007485e+00,1.000000081809768403e+03,1.012018745658476035e+02,-1.627450371086254506e-14,2.095433085344661873e-06,1.502772855682125303e-06,1.111391732551919442e-22,-9.760870129246612237e+00,9.000000000000000000e+01,-1.826372637291602473e-06,0.000000000000000000e+00,1.475334661743311723e-19,-1.812338994225796741e-06,3.118565087820481056e-26
6.349500000005567927e+03,4.063835781879398944e-22,5.771499884913180445e+00,1.000000081780264168e+03,1.012018745712981200e+02,-1.627450370990835153e-14,2.114215992020820925e-06,-1.533053647161630272e-06,-7.452895296292208270e-23,-9.760899111474660828e+00,9.000000000000000000e+01,-1.829211066067090418e-06,0.000000000000000000e+00,1.475334661623887455e-19,1.459604505898640572e-05,3.121599095105793715e-26
6.359500000005604306e+03,4.063835781788898104e-22,5.780589578850842791e+00,1.000000081718405681e+03,1.012018745359689404e+02,-1.627450371157116619e-14,2.132985670974051103e-06,-8.505977135896578578e-06,-5.021784490567891924e-22,-9.760899074033282830e+00,9.000000000000000000e+01,-1.781492084625845423e-06,1.895758319773387099e-24,1.475334661696128124e-19,1.457484341686252405e-05,3.135339179800302478e-26
6.369500000005640686e+03,4.063835781716860519e-22,5.789679272787947362e+00,1.000000081661930267e+03,1.012018745637435160e+02,-1.627450370947290977e-14,2.151741773495626396e-06,-2.383763620160915621e-06,-1.266045107601250086e-22,-9.760869831789625195e+00,9.000000000000000000e+01,-1.942443850725807138e-06,0.000000000000000000e+00,1.475334661574906242e-19,-1.980747644350848222e-06,3.149365732429210856e-26
6.379500000005677066e+03,4.063835781662331217e-22,5.798768966726275842e+00,1.000000081535363620e+03,1.012018745415607128e+02,-1.627450371052825420e-14,2.170479534328356446e-06,2.864842812460903190e-06,1.934623823325707183e-22,-9.760899479188653416e+00,9.000000000000000000e+01,-1.722641518021602384e-06,0.000000000000000000e+00,1.475334661727036652e-19,1.480422297853668239e-05,3.153666385399130914e-26
6.389500000005713446e+03,4.063835781627804126e-22,5.807858660666209261e+00,1.000000081288944898e+03,1.012018745843591176e+02,-1.627450370771581362e-14,2.189203456278239714e-06,-5.277114092400910995e-07,-1.301161763091128076e-23,-9.760899470181490400e+00,9.000000000000000000e+01,-1.844306741918439796e-06,0.000000000000000000e+00,1.475334661437283621e-19,1.479912525471863527e-05,3.119646134569473734e-26
6.399500000005749826e+03,4.063835781608854687e-22,5.816948354607593963e+00,1.000000081092314758e+03,1.012018746037765737e+02,-1.627450370642143802e-14,2.207909361488560174e-06,-6.843882132639609621e-06,-4.001486378531533318e-22,-9.760935029375755079e+00,9.000000000000000000e+01,-1.815909910055897614e-06,0.000000000000000000e+00,1.475334661251465567e-19,3.493107965367705440e-05,3.118584616979111822e-26
6.409500000005786205e+03,4.063835781604708484e-22,5.826038048550606696e+00,1.000000081042265492e+03,1.012018746158442610e+02,-1.627450370565915857e-14,2.226591777585271095e-06,-3.793302859448136076e-07,-4.558629756345198818e-24,-9.760869779681414116e+00,9.000000000000000000e+01,-1.769461980043115141e-06,0.000000000000000000e+00,1.475334661254059072e-19,-2.010248139454649239e-06,3.151461852658113340e-26
6.419500000005822585e+03,4.063835781620400393e-22,5.835127742495386016e+00,1.000000081030009369e+03,1.012018746565617278e+02,-1.627450370325351778e-14,2.245246409445749197e-06,-1.096247435625418211e-06,-4.793845547434409362e-23,-9.760840482975225996e+00,9.000000000000000000e+01,-1.901610210392306605e-06,0.000000000000000000e+00,1.475334661030253254e-19,-1.859667263484967719e-05,3.155827581730171170e-26
6.429500000005858965e+03,4.063835781652584958e-22,5.844217436442089131e+00,1.000000080967946019e+03,1.012018746440012507e+02,-1.627450370419900544e-14,2.263867344543503093e-06,-6.095676024730044347e-06,-3.545931977319084625e-22,-9.760927667183738166e+00,9.000000000000000000e+01,-1.720508129163463841e-06,0.000000000000000000e+00,1.475334661060211094e-19,3.076295102618427802e-05,3.118697097813917669e-26
6.439500000005895345e+03,4.063835781700366922e-22,5.853307130390906110e+00,1.000000080907763959e+03,1.012018746525800310e+02,-1.627450370393806603e-14,2.282457210105043688e-06,-5.517862082088125758e-07,-1.550545411871526986e-23,-9.760840430664231349e+00,9.000000000000000000e+01,-1.719071230891691081e-06,0.000000000000000000e+00,1.475334661097859654e-19,-1.862629003466769397e-05,3.160104889751484403e-26
6.449500000005931724e+03,4.063835781768547005e-22,5.862396824342498647e+00,1.000000080484328805e+03,1.012018747431440886e+02,-1.627450369876844594e-14,2.301019283670457746e-06,-2.640273743259309915e-06,-1.425967001409602462e-22,-9.760898923401189364e+00,9.000000000000000000e+01,-1.827530002973531032e-06,0.000000000000000000e+00,1.475334660611035601e-19,1.448956874831631076e-05,3.126436603587713365e-26
6.459500000005968104e+03,4.063835781848631555e-22,5.871486518296512358e+00,1.000000080281235228e+03,1.012018747471589677e+02,-1.627450369896436744e-14,2.319549975763167054e-06,6.001436268039877358e-07,5.509009410559189947e-23,-9.760869761740632811e+00,9.000000000000000000e+01,-1.724895691624324196e-06,0.000000000000000000e+00,1.475334660664459694e-19,-2.020402558245567478e-06,3.150070974284114945e-26
6.469500000006004484e+03,4.063835781946492400e-22,5.880576212252281110e+00,1.000000080222934457e+03,1.012018747882767968e+02,-1.627450369698823616e-14,2.338042570671706811e-06,8.556581695925600059e-07,7.049694600877193520e-23,-9.760869797405655746e+00,9.000000000000000000e+01,-1.768511910193105822e-06,0.000000000000000000e+00,1.475334660490077330e-19,-2.000210098859872617e-06,3.168530541381962386e-26
6.479500000006040864e+03,4.063835782062878566e-22,5.889665906210611368e+00,1.000000080112023284e+03,1.012018748020225445e+02,-1.627450369678871115e-14,2.356492123792631117e-06,7.707933048007382693e-06,4.910424990006869162e-22,-9.760841158275788132e+00,9.000000000000000000e+01,-1.763548056668401932e-06,0.000000000000000000e+00,1.475334660548116914e-19,-1.821434687377480934e-05,3.134655367739396245e-26
6.489500000006077244e+03,4.063835782194599290e-22,5.898755600171631031e+00,1.000000080085974218e+03,1.012018748178813610e+02,-1.627450369654730078e-14,2.374896586707832421e-06,-2.258370567681675080e-06,-1.194589601567487185e-22,-9.760869442818835395e+00,9.000000000000000000e+01,-1.874319422781352675e-06,0.000000000000000000e+00,1.475334660417213623e-19,-2.200960944116340365e-06,3.157671053744940110e-26
6.499500000006113623e+03,4.063835782350383795e-22,5.907845294135572800e+00,1.000000080033186805e+03,1.012018748948494533e+02,-1.627450369269505632e-14,2.393253698845450677e-06,-5.019680328978938197e-06,-2.877493379599307207e-22,-9.760898381944407731e+00,9.000000000000000000e+01,-1.898542781679753451e-06,0.000000000000000000e+00,1.475334660041518857e-19,1.418302282764126100e-05,3.123948001727260276e-26
6.509500000006150003e+03,4.063835782521742660e-22,5.916934988103103699e+00,1.000000079706544057e+03,1.012018749128331763e+02,-1.627450369253975170e-14,2.411564971708982256e-06,-1.127589392725518943e-06,-5.065953293749431487e-23,-9.760908263007408436e+00,9.000000000000000000e+01,-1.733540922692853476e-06,0.000000000000000000e+00,1.475334660070808400e-19,1.977721821433083533e-05,3.138607704924967939e-26
6.519500000006186383e+03,4.063835782711710070e-22,5.926024682073753880e+00,1.000000079616857647e+03,1.012018749308904120e+02,-1.627450369248480280e-14,2.429827303988672160e-06,3.810244677958576734e-06,2.514871079181267749e-22,-9.760899114175375146e+00,9.000000000000000000e+01,-1.772810289900697931e-06,0.000000000000000000e+00,1.475334660120806023e-19,1.459757643016375439e-05,3.148229737502586269e-26
6.529500000006222763e+03,4.063835782920854025e-22,5.935114376047676110e+00,1.000000079521574094e+03,1.012018749902533017e+02,-1.627450369000562124e-14,2.448035382051316141e-06,-3.789098818708059208e-07,-3.840414380481845719e-24,-9.760898924049870473e+00,9.000000000000000000e+01,-1.849147724254689374e-06,0.000000000000000000e+00,1.475334659852989575e-19,1.448993833201374787e-05,3.124314620622116484e-26
6.539500000006259143e+03,4.063835783148843035e-22,5.944204070024980524e+00,1.000000079537024703e+03,1.012018750329873313e+02,-1.627450368865014994e-14,2.466181881924720710e-06,-3.706289020410140416e-07,-4.564414887907048544e-24,-9.760898756684026623e+00,9.000000000000000000e+01,-1.778197233531348846e-06,0.000000000000000000e+00,1.475334659731873619e-19,1.439518406235208093e-05,3.160752829921472770e-26
6.549500000006295522e+03,4.063835783392120525e-22,5.953293764005945121e+00,1.000000079427976175e+03,1.012018750600082910e+02,-1.627450368834104268e-14,2.484266764918859023e-06,1.915296468899637932e-06,1.365465412225744020e-22,-9.760762555726490319e+00,9.000000000000000000e+01,-1.946529591269615033e-06,1.895758319773387099e-24,1.475334659730297967e-19,-6.271543550524232729e-05,3.201947673421225790e-26
6.559500000006331902e+03,4.063835783651371572e-22,5.962383457990991786e+00,1.000000079195369040e+03,1.012018751086486219e+02,-1.627450368679444617e-14,2.502289312705303094e-06,-1.071958905241059194e-06,-4.637114579294727322e-23,-9.760839157486969953e+00,9.000000000000000000e+01,-1.855969556046554618e-06,0.000000000000000000e+00,1.475334659559451370e-19,-1.934709362829437697e-05,3.147353147485862126e-26
6.569500000006368282e+03,4.063835783927476387e-22,5.971473151980553951e+00,1.000000078924046875e+03,1.012018751548726527e+02,-1.627450368548982800e-14,2.520254483927234674e-06,-3.842199716932454165e-06,-2.161914031464206681e-22,-9.760869026127725334e+00,9.000000000000000000e+01,-1.838696319793650557e-06,0.000000000000000000e+00,1.475334659412756175e-19,-2.436866655699723937e-06,3.143558328121282398e-26
6.579500000006404662e+03,4.063835784221274273e-22,5.980562845973753205e+00,1.000000078735696206e+03,1.012018752362153862e+02,-1.627450368213326272e-14,2.538156435516164669e-06,2.929604102930317388e-08,2.052125620251414922e-23,-9.760869422613970059e+00,9.000000000000000000e+01,-1.837686786293316632e-06,0.000000000000000000e+00,1.475334659154826970e-19,-2.212393023290156623e-06,3.154988358029116896e-26
6.589500000006441041e+03,4.063835784531120478e-22,5.989652539970839129e+00,1.000000078658917914e+03,1.012018752513120603e+02,-1.627450368292193745e-14,2.555988063874168251e-06,-2.755243825329317039e-06,-1.501406228751860667e-22,-9.760927712041235438e+00,9.000000000000000000e+01,-1.826056591934014922e-06,0.000000000000000000e+00,1.475334659196062093e-19,3.078835737092285003e-05,3.142167730490408677e-26
6.599500000006477421e+03,4.063835784858265258e-22,5.998742233972299331e+00,1.000000078580304944e+03,1.012018752977828058e+02,-1.627450368188487882e-14,2.573745786361093416e-06,7.439197138212782575e-06,4.740383284408079794e-22,-9.760811496880400284e+00,9.000000000000000000e+01,-1.798441845745425917e-06,0.000000000000000000e+00,1.475334659216152672e-19,-3.500723744686389368e-05,3.171644815257555747e-26
6.609500000006513801e+03,4.063835785201254761e-22,6.007831927978327435e+00,1.000000078581897583e+03,1.012018753436552174e+02,-1.627450368097350150e-14,2.591428849715999722e-06,-3.823891589945099687e-06,-2.152331483379445736e-22,-9.760839538769010559e+00,9.000000000000000000e+01,-1.922550142748626571e-06,0.000000000000000000e+00,1.475334659011626134e-19,-1.913122942651608501e-05,3.158652996399478615e-26
6.619500000006550181e+03,4.063835785561295045e-22,6.016921621989235192e+00,1.000000078283809103e+03,1.012018754065263977e+02,-1.627450367911270800e-14,2.609033394993179311e-06,4.682989720415757517e-06,3.052164007507726241e-22,-9.760870336678497239e+00,9.000000000000000000e+01,-1.798967146156616278e-06,0.000000000000000000e+00,1.475334658939260280e-19,-1.694891259934535493e-06,3.155434183643567802e-26
6.629500000006586561e+03,4.063835785939979139e-22,6.026011316004717955e+00,1.000000078175701219e+03,1.012018754634737121e+02,-1.627450367771982892e-14,2.626562084110095303e-06,-2.895295019824901117e-06,-1.567769642776579008e-22,-9.760822159053187619e+00,9.000000000000000000e+01,-2.047944427065073966e-06,0.000000000000000000e+00,1.475334658732458737e-19,-2.897080995271569814e-05,3.126046161439953706e-26
6.639500000006622940e+03,4.063835786336542973e-22,6.035101010025220702e+00,1.000000078141354038e+03,1.012018754980674800e+02,-1.627450367779274807e-14,2.644006800634248221e-06,-8.635252422453473204e-06,-5.096289712252552702e-22,-9.760965873220008859e+00,9.000000000000000000e+01,-1.769405824169659328e-06,0.000000000000000000e+00,1.475334658676959455e-19,5.239343650852151265e-05,3.098193225451999291e-26
6.649500000006659320e+03,4.063835786749538337e-22,6.044190704050969032e+00,1.000000078075649185e+03,1.012018755622646751e+02,-1.627450367614599462e-14,2.661365443327673161e-06,-1.549952710154927371e-06,-7.567417516386978866e-23,-9.760869022639676373e+00,9.000000000000000000e+01,-1.849443770284440003e-06,0.000000000000000000e+00,1.475334658608402849e-19,-2.438837160778618481e-06,3.140857067581416835e-26
6.659500000006695700e+03,4.063835787179538402e-22,6.053280398081616553e+00,1.000000078054210121e+03,1.012018756607547942e+02,-1.627450367249299118e-14,2.678633245595568205e-06,-9.988986170320854396e-07,-4.184539325408586066e-23,-9.760898357312807860e+00,9.000000000000000000e+01,-1.870166559811547172e-06,0.000000000000000000e+00,1.475334658287819772e-19,1.416908890848770675e-05,3.124175828481823884e-26
6.669500000006732080e+03,4.063835787623919466e-22,6.062370092117509657e+00,1.000000077750617606e+03,1.012018756770552841e+02,-1.627450367395103017e-14,2.695812681415040461e-06,5.424285648276478672e-06,3.502013479479909244e-22,-9.760840456048821778e+00,9.000000000000000000e+01,-1.750771895735150316e-06,0.000000000000000000e+00,1.475334658490760307e-19,-1.861190456273519313e-05,3.175594326326060064e-26
6.679500000006768460e+03,4.063835788089240315e-22,6.071459786159170591e+00,1.000000077555840790e+03,1.012018757686564641e+02,-1.627450367091461935e-14,2.712906132185378358e-06,7.966441053214534201e-06,5.080391395236112337e-22,-9.760929051140204038e+00,9.000000000000000000e+01,-1.978670572103176004e-06,0.000000000000000000e+00,1.475334658247995393e-19,3.154649848190427898e-05,3.101844083620961631e-26
6.689500000006804839e+03,4.063835788566871882e-22,6.080549480206548729e+00,1.000000077388714999e+03,1.012018757942583846e+02,-1.627450367198658035e-14,2.729906421060715539e-06,2.313291539445951684e-06,1.605555447744989033e-22,-9.760840033147843542e+00,9.000000000000000000e+01,-1.767651252096301947e-06,0.000000000000000000e+00,1.475334658283492689e-19,-1.885133030473969530e-05,3.142626420333371825e-26
6.699500000006841219e+03,4.063835789061661434e-22,6.089639174259534826e+00,1.000000077321268577e+03,1.012018759021391219e+02,-1.627450366811700304e-14,2.746810736775436733e-06,-1.335888971066488641e-05,-7.981340307445456756e-22,-9.760897199010862835e+00,9.000000000000000000e+01,-1.904050713610487296e-06,1.895758319773387099e-24,1.475334657765395145e-19,1.351331388085636579e-05,3.117421399273598071e-26
6.709500000006877599e+03,4.063835789567799209e-22,6.098728868318431751e+00,1.000000077303526950e+03,1.012018759508989376e+02,-1.627450366793037117e-14,2.763612030498784576e-06,3.357291897484179876e-06,2.243212418317720649e-22,-9.760869408358841426e+00,9.000000000000000000e+01,-1.833656616400903106e-06,1.895758319773387099e-24,1.475334657933998516e-19,-2.220455202889202567e-06,3.150264355511853547e-26
6.719500000006913979e+03,4.063835790094544340e-22,6.107818562383392269e+00,1.000000077228601981e+03,1.012018760184193837e+02,-1.627450366670820474e-14,2.780310725981335238e-06,5.074087578457097821e-07,5.012398466048615221e-23,-9.760898734066465465e+00,9.000000000000000000e+01,-1.849462904501403844e-06,0.000000000000000000e+00,1.475334657794715984e-19,1.438238978267159901e-05,3.131513475249913166e-26
6.729500000006950359e+03,4.063835790637678684e-22,6.116908256454319570e+00,1.000000076987706166e+03,1.012018760767400636e+02,-1.627450366614003241e-14,2.796908486073666386e-06,-6.908945947274178587e-06,-4.040888430237621711e-22,-9.760897602237784909e+00,9.000000000000000000e+01,-1.888459787228577696e-06,0.000000000000000000e+00,1.475334657663965322e-19,1.374160281988104982e-05,3.140566639421997178e-26
6.739500000006986738e+03,4.063835791197948443e-22,6.125997950531561820e+00,1.000000076866662084e+03,1.012018761491775649e+02,-1.627450366480131968e-14,2.813398788958416804e-06,-2.082227182719824560e-06,-1.092812081344411838e-22,-9.760937126562760469e+00,9.000000000000000000e+01,-1.738307607271744165e-06,0.000000000000000000e+00,1.475334657598586982e-19,3.611842924576143493e-05,3.133479397968225300e-26
6.749500000007023118e+03,4.063835791774858972e-22,6.135087644615135893e+00,1.000000076864613220e+03,1.012018762449223885e+02,-1.627450366213195952e-14,2.829778791605995567e-06,-8.418458683448557837e-07,-3.324793177010648504e-23,-9.760726778808432869e+00,9.000000000000000000e+01,-2.057293298606892986e-06,0.000000000000000000e+00,1.475334657374420292e-19,-8.297063907834364407e-05,3.199148232894087825e-26
6.759500000007059498e+03,4.063835792365747538e-22,6.144177338705155478e+00,1.000000076852384950e+03,1.012018763098518264e+02,-1.627450366142103177e-14,2.846044273330613822e-06,5.741697729158944181e-06,3.703682393724501925e-22,-9.760869431556937315e+00,9.000000000000000000e+01,-1.868841947842248713e-06,0.000000000000000000e+00,1.475334657385051426e-19,-2.207317684403288279e-06,3.154470760698244180e-26
6.769500000007095878e+03,4.063835792969671867e-22,6.153267032801907455e+00,1.000000076830992498e+03,1.012018763796693577e+02,-1.627450366048514612e-14,2.862194977959238327e-06,-7.717177453904793653e-06,-4.532886733787978000e-22,-9.760868262415147711e+00,9.000000000000000000e+01,-1.896865382585186894e-06,0.000000000000000000e+00,1.475334657155062409e-19,-2.869230608790335162e-06,3.144065301088179923e-26
6.779500000007132257e+03,4.063835793591929205e-22,6.162356726906182303e+00,1.000000076474873367e+03,1.012018764704644695e+02,-1.627450365836589339e-14,2.878232424533769370e-06,-2.108404145267350393e-06,-1.094339814006110834e-22,-9.760868692749903985e+00,9.000000000000000000e+01,-2.012930056798966373e-06,1.895758319773387099e-24,1.475334657028650386e-19,-2.625592993749996216e-06,3.148041536576897178e-26
6.789500000007168637e+03,4.063835794229438818e-22,6.171446421016769435e+00,1.000000076244091588e+03,1.012018765571390730e+02,-1.627450365658227572e-14,2.894156478873703532e-06,3.520718983845822067e-06,2.346072155108851436e-22,-9.760869042964765541e+00,9.000000000000000000e+01,-1.887422264847046926e-06,0.000000000000000000e+00,1.475334656932439111e-19,-2.427316136756596635e-06,3.150952609626651043e-26
6.799500000007205017e+03,4.063835794883333882e-22,6.180536115134171560e+00,1.000000076145138564e+03,1.012018765614047311e+02,-1.627450365993686255e-14,2.909960258249442020e-06,-1.284831844591393010e-05,-7.684034240610961407e-22,-9.760867476678482646e+00,9.000000000000000000e+01,-1.856301326066487492e-06,-1.895758319773387099e-24,1.475334657055775665e-19,-3.314079918833000531e-06,3.160186760484695179e-26
6.809500000007241397e+03,4.063835795551738307e-22,6.189625809257014666e+00,1.000000076170498460e+03,1.012018766604562643e+02,-1.627450365756681200e-14,2.925639685855856337e-06,-1.194914071986639324e-05,-7.145765705816552805e-22,-9.760955382147606940e+00,9.000000000000000000e+01,-1.644292166553866835e-06,0.000000000000000000e+00,1.475334656854803430e-19,4.645389263604552803e-05,3.115567747084244519e-26
6.819500000007277777e+03,4.063835796233138528e-22,6.198715503386939218e+00,1.000000076205069149e+03,1.012018767423206498e+02,-1.627450365632162977e-14,2.941188595387139082e-06,-7.354921411961838458e-06,-4.318024206405733473e-22,-9.760936716552430781e+00,9.000000000000000000e+01,-1.743960368940453024e-06,0.000000000000000000e+00,1.475334656796033678e-19,3.588630541685243442e-05,3.124946122004188968e-26
6.829500000007314156e+03,4.063835796931150365e-22,6.207805197524909779e+00,1.000000075847739367e+03,1.012018768132505784e+02,-1.627450365583827261e-14,2.956611854210856364e-06,-8.222837157726793942e-07,-3.062306828322952988e-23,-9.760868673125347783e+00,9.000000000000000000e+01,-1.990917107070870589e-06,1.895758319773387099e-24,1.475334656827105428e-19,-2.636702813320294953e-06,3.141370969098708191e-26
6.839500000007350536e+03,4.063835797640666530e-22,6.216894891670192713e+00,1.000000075711719660e+03,1.012018769083999103e+02,-1.627450365393463764e-14,2.971908571138453192e-06,2.597635918036562152e-06,1.775864840865141516e-22,-9.760839708533621817e+00,9.000000000000000000e+01,-1.851466297728601445e-06,0.000000000000000000e+00,1.475334656695933710e-19,-1.903510142331132172e-05,3.170641494154701020e-26
6.849500000007386916e+03,4.063835798365053169e-22,6.225984585822836870e+00,1.000000075673442325e+03,1.012018770131031431e+02,-1.627450365152842571e-14,2.987071818720858711e-06,-3.841535431204228825e-07,-4.410750644614910279e-24,-9.760938890739200957e+00,9.000000000000000000e+01,-1.868536792703890346e-06,0.000000000000000000e+00,1.475334656449554066e-19,3.711723236731282062e-05,3.123831599205682627e-26
6.859500000007423296e+03,4.063835799102217431e-22,6.235074279983204626e+00,1.000000075712567195e+03,1.012018770733117350e+02,-1.627450365191917061e-14,3.002099587542078964e-06,-4.513062190283452267e-06,-2.582173780872686790e-22,-9.760838550357744836e+00,9.000000000000000000e+01,-1.880403874775867251e-06,0.000000000000000000e+00,1.475334656441514513e-19,-1.969080485196651322e-05,3.179198530126002818e-26
6.869500000007459676e+03,4.063835799853638559e-22,6.244163974151222263e+00,1.000000075677968539e+03,1.012018771591662585e+02,-1.627450365081556051e-14,3.016986845169718412e-06,6.661215476570826178e-07,5.935227762342668278e-23,-9.760897947473589298e+00,9.000000000000000000e+01,-1.782345007613664109e-06,0.000000000000000000e+00,1.475334656401961689e-19,1.393706819659362290e-05,3.143194529236751627e-26
6.879500000007496055e+03,4.063835800620926510e-22,6.253253668327871218e+00,1.000000075303250924e+03,1.012018773073964155e+02,-1.627450364598154710e-14,3.031739200884905932e-06,4.052242441641417435e-06,2.679904291375840086e-22,-9.760869068216502242e+00,9.000000000000000000e+01,-2.004334366050155320e-06,0.000000000000000000e+00,1.475334656007917626e-19,-2.413014794711635689e-06,3.131539522730725774e-26
6.889500000007532435e+03,4.063835801399397174e-22,6.262343362512454270e+00,1.000000075046466691e+03,1.012018774170914952e+02,-1.627450364356836795e-14,3.046358794226084517e-06,8.361311609454312864e-06,5.320279842811884693e-22,-9.760898803344552732e+00,9.000000000000000000e+01,-2.022240507240233335e-06,0.000000000000000000e+00,1.475334655841267871e-19,1.442162776744288023e-05,3.118323732289295477e-26
6.899500000007568815e+03,4.063835802192184888e-22,6.271433056705260967e+00,1.000000074987877156e+03,1.012018774602815370e+02,-1.627450364530668291e-14,3.060837591543158687e-06,9.297037625478807074e-06,5.876758340609995652e-22,-9.760862998946654656e+00,9.000000000000000000e+01,-1.803966443782690565e-06,0.000000000000000000e+00,1.475334656010060946e-19,-5.849151020552728421e-06,3.164458349141710128e-26
6.909500000007605195e+03,4.063835802999757031e-22,6.280522750906279761e+00,1.000000075027970638e+03,1.012018775379553688e+02,-1.627450364501634107e-14,3.075168404749866788e-06,-2.828218805322245012e-06,-1.538058787368818823e-22,-9.760838916799000842e+00,9.000000000000000000e+01,-1.909370509370703067e-06,0.000000000000000000e+00,1.475334655853480915e-19,-1.948333727765759138e-05,3.162763610588595490e-26
6.919500000007641574e+03,4.063835803818863123e-22,6.289612445115692729e+00,1.000000075003486131e+03,1.012018776193423122e+02,-1.627450364456192248e-14,3.089350298982631416e-06,-1.272846520461733430e-06,-5.914690447967716514e-23,-9.760926909059733703e+00,9.000000000000000000e+01,-1.841043467370820705e-06,0.000000000000000000e+00,1.475334655832417501e-19,3.033376992203012468e-05,3.134492839779021162e-26
6.929500000007677954e+03,4.063835804653666298e-22,6.298702139334045214e+00,1.000000074701569929e+03,1.012018777221672536e+02,-1.627450364288005841e-14,3.103383673703092161e-06,4.942580761309031394e-06,3.213225710786489745e-22,-9.760839650614954621e+00,9.000000000000000000e+01,-1.764462097194979621e-06,0.000000000000000000e+00,1.475334655752566279e-19,-1.906788255549039178e-05,3.152001884925772482e-26
6.939500000007714334e+03,4.063835805495936212e-22,6.307791833560559169e+00,1.000000074609797480e+03,1.012018778359452682e+02,-1.627450364057137493e-14,3.117270369316446191e-06,2.368696648161435578e-06,1.634424723321747112e-22,-9.760839116920735137e+00,9.000000000000000000e+01,-1.846692310596162213e-06,0.000000000000000000e+00,1.475334655519685960e-19,-1.937003403292375617e-05,3.179389120862229232e-26
6.949500000007750714e+03,4.063835806353365771e-22,6.316881527795935369e+00,1.000000074583524793e+03,1.012018779207958374e+02,-1.627450364011646094e-14,3.131004653744495807e-06,-1.358581182363878505e-06,-6.492326360663391347e-23,-9.760868231802039219e+00,9.000000000000000000e+01,-1.791497193653981436e-06,0.000000000000000000e+00,1.475334655440679739e-19,-2.886549332744015988e-06,3.169421262523629850e-26
6.959500000007787094e+03,4.063835807221797958e-22,6.325971222039945552e+00,1.000000074593154750e+03,1.012018780203055144e+02,-1.627450363882512088e-14,3.144581686113278573e-06,-7.783198693070390658e-06,-4.583770584448675195e-22,-9.760955379977060531e+00,9.000000000000000000e+01,-1.762511297619994730e-06,0.000000000000000000e+00,1.475334655256921948e-19,4.645267781775757807e-05,3.104604126752770784e-26
6.969500000007823473e+03,4.063835808102318458e-22,6.335060916293085320e+00,1.000000074563138242e+03,1.012018781248440149e+02,-1.627450363729269230e-14,3.157999482759271978e-06,2.760624793763723368e-06,1.876675153704491838e-22,-9.760868610903512987e+00,9.000000000000000000e+01,-1.793632210956116839e-06,0.000000000000000000e+00,1.475334655238288335e-19,-2.671917975504499043e-06,3.151152821800406447e-26
6.979500000007859853e+03,4.063835808992094331e-22,6.344150610555169045e+00,1.000000074257478104e+03,1.012018782342540959e+02,-1.627450363551287380e-14,3.171264348191641501e-06,-5.349857633538343820e-06,-3.085365012762551809e-22,-9.760860568311153784e+00,9.000000000000000000e+01,-1.893400384537450734e-06,0.000000000000000000e+00,1.475334654992343711e-19,-7.225254800559668157e-06,3.158115125320936328e-26
6.989500000007896233e+03,4.063835809891896700e-22,6.353240304826718088e+00,1.000000074020046782e+03,1.012018783252797363e+02,-1.627450363491371185e-14,3.184376154473110314e-06,-6.964939896002053946e-06,-4.083130361644132798e-22,-9.760935792061854244e+00,9.000000000000000000e+01,-1.795779059921667116e-06,0.000000000000000000e+00,1.475334654923672272e-19,3.536291913868612593e-05,3.127573613173805954e-26
6.999500000007932613e+03,4.063835810805370539e-22,6.362329999107283918e+00,1.000000073972512041e+03,1.012018784481376628e+02,-1.627450363244201500e-14,3.197326952451189687e-06,-1.094448183432743240e-05,-6.512667657730752978e-22,-9.760867043145095678e+00,9.000000000000000000e+01,-1.886886354105439018e-06,0.000000000000000000e+00,1.475334654661096038e-19,-3.559504813450015859e-06,3.158044788053297642e-26
7.009500000007968993e+03,4.063835811728477319e-22,6.371419693397210260e+00,1.000000074009792911e+03,1.012018785582125986e+02,-1.627450363080621094e-14,3.210112450936021418e-06,5.538353943265811322e-07,5.274651273512617932e-23,-9.760897570445138172e+00,9.000000000000000000e+01,-1.863374727011437628e-06,0.000000000000000000e+00,1.475334654643718854e-19,1.372362927910789781e-05,3.137958368221897025e-26
7.019500000008005372e+03,4.063835812661025200e-22,6.380509387696116974e+00,1.000000074026817401e+03,1.012018786161154225e+02,-1.627450363241723845e-14,3.222732078134343846e-06,-6.423991314808860847e-06,-3.743239067949794978e-22,-9.760897525819226317e+00,9.000000000000000000e+01,-1.871742588267305938e-06,0.000000000000000000e+00,1.475334654714817447e-19,1.369836099366225807e-05,3.137233649488669147e-26
7.029500000008041752e+03,4.063835813607355046e-22,6.389599082004852271e+00,1.000000073784776077e+03,1.012018787114688223e+02,-1.627450363181054446e-14,3.235185206813638118e-06,5.652154022119597813e-06,3.642950636796295692e-22,-9.760875815836834946e+00,9.000000000000000000e+01,-1.798736339664491874e-06,0.000000000000000000e+00,1.475334654796230357e-19,1.407183495799391795e-06,3.167675643862861143e-26
7.039500000008078132e+03,4.063835814563956362e-22,6.398688776323211869e+00,1.000000073633082252e+03,1.012018788703440180e+02,-1.627450362737052606e-14,3.247475105408538011e-06,1.306123058779891478e-06,9.862391497001929065e-23,-9.760897525981819811e+00,9.000000000000000000e+01,-1.766877308642333279e-06,0.000000000000000000e+00,1.475334654352953025e-19,1.369845807183968605e-05,3.136848255992151914e-26
7.049500000008114512e+03,4.063835815533190010e-22,6.407778470651270375e+00,1.000000073618777151e+03,1.012018789721400793e+02,-1.627450362649812478e-14,3.259597722049657399e-06,-9.307413283793678380e-06,-5.503135725382697735e-22,-9.760896397393462820e+00,9.000000000000000000e+01,-1.991712525630048451e-06,0.000000000000000000e+00,1.475334654161271718e-19,1.305950463389224274e-05,3.138832497770327775e-26
7.059500000008150892e+03,4.063835816510374703e-22,6.416868164988644985e+00,1.000000073648709758e+03,1.012018790668135040e+02,-1.627450362610354918e-14,3.271544108850583555e-06,5.059689853527118300e-06,3.289473726116555805e-22,-9.760868616813088039e+00,9.000000000000000000e+01,-1.848590083963497749e-06,0.000000000000000000e+00,1.475334654287041684e-19,-2.668561092947281049e-06,3.140020395142889113e-26
7.069500000008187271e+03,4.063835817500118847e-22,6.425957859335939659e+00,1.000000073652891388e+03,1.012018792071837652e+02,-1.627450362298173943e-14,3.283315811099002739e-06,-1.565253813925057736e-06,-7.669219939460663010e-23,-9.760897186950334259e+00,9.000000000000000000e+01,-1.897954964285744003e-06,0.000000000000000000e+00,1.475334653937092750e-19,1.350651876111256386e-05,3.144291816834654047e-26
7.079500000008223651e+03,4.063835818504294300e-22,6.435047553693416411e+00,1.000000073337992603e+03,1.012018792980436217e+02,-1.627450362296967301e-14,3.294913837468225947e-06,6.916658103366429363e-06,4.425464335502252605e-22,-9.760868641048014993e+00,9.000000000000000000e+01,-1.880889252864696168e-06,0.000000000000000000e+00,1.475334654032716616e-19,-2.654836933681375339e-06,3.150075894267451001e-26
7.089500000008260031e+03,4.063835819523391008e-22,6.444137248061370116e+00,1.000000073159569865e+03,1.012018794162351156e+02,-1.627450362136719044e-14,3.306340634887783513e-06,9.415951609919496026e-06,5.959293534509459503e-22,-9.760839755674757257e+00,9.000000000000000000e+01,-1.925136722482217140e-06,0.000000000000000000e+00,1.475334653919790918e-19,-1.900838543249249002e-05,3.173684762777921652e-26
7.099500000008296411e+03,4.063835820551586983e-22,6.453226942438979208e+00,1.000000073135159937e+03,1.012018795474303658e+02,-1.627450361901947096e-14,3.317591894058338797e-06,1.455375816116291372e-05,9.093053324264698933e-22,-9.760799563928703293e+00,9.000000000000000000e+01,-1.833238920515695916e-06,0.000000000000000000e+00,1.475334653768664158e-19,-4.176307188055920316e-05,3.194399939565016856e-26
7.109500000008332790e+03,4.063835821590685433e-22,6.462316636826812122e+00,1.000000073150331104e+03,1.012018796258984707e+02,-1.627450361995995409e-14,3.328659425841360879e-06,2.883080144773504928e-06,1.949862458780935428e-22,-9.760868233991340404e+00,9.000000000000000000e+01,-1.807906845699774401e-06,0.000000000000000000e+00,1.475334653728293537e-19,-2.885292294653507446e-06,3.169621512165895752e-26
7.119500000008369170e+03,4.063835822637964383e-22,6.471406331224981656e+00,1.000000073203323382e+03,1.012018797065721003e+02,-1.627450362081137798e-14,3.339543266300739465e-06,-1.087352062533711818e-05,-6.470910366710826942e-22,-9.760866709700808386e+00,9.000000000000000000e+01,-1.838364600662592545e-06,0.000000000000000000e+00,1.475334653656992962e-19,-3.748275139340464357e-06,3.160798226472475896e-26
7.129500000008405550e+03,4.063835823699125451e-22,6.480496025633791568e+00,1.000000072961263413e+03,1.012018798715608341e+02,-1.627450361657605951e-14,3.350243431349831615e-06,-3.868905149333309442e-07,-4.893481286916033911e-24,-9.760860638572015802e+00,9.000000000000000000e+01,-1.885821631620272296e-06,0.000000000000000000e+00,1.475334653395556398e-19,-7.185461565687531013e-06,3.163682409070745283e-26
7.139500000008441930e+03,4.063835824770250950e-22,6.489585720053015372e+00,1.000000072855660733e+03,1.012018799824145532e+02,-1.627450361570928439e-14,3.360761767209553393e-06,8.334651510259751629e-06,5.291126038034474806e-22,-9.760927281066930306e+00,9.000000000000000000e+01,-1.744157894108390683e-06,0.000000000000000000e+00,1.475334653417240684e-19,3.054440818442701153e-05,3.137016746873920277e-26
7.149500000008478310e+03,4.063835825846117923e-22,6.498675414482709911e+00,1.000000072856089105e+03,1.012018800947668211e+02,-1.627450361477990842e-14,3.371093511006144453e-06,-3.160402043942581390e-06,-1.748648097867819068e-22,-9.760896752765503948e+00,9.000000000000000000e+01,-1.841179060778000932e-06,0.000000000000000000e+00,1.475334653210908346e-19,1.326071060687752325e-05,3.150767296861606102e-26
7.159500000008514689e+03,4.063835826932555411e-22,6.507765108923035058e+00,1.000000072878664355e+03,1.012018802360494192e+02,-1.627450361213681734e-14,3.381236452733388663e-06,6.707255775204607917e-08,2.304766338542282351e-23,-9.760838302587197646e+00,9.000000000000000000e+01,-1.901612373169490047e-06,0.000000000000000000e+00,1.475334653012695247e-19,-1.983104648521467490e-05,3.171425316470593842e-26
7.169500000008551069e+03,4.063835828028263788e-22,6.516854803373734129e+00,1.000000072920564548e+03,1.012018803248957539e+02,-1.627450361275458693e-14,3.391187568684605102e-06,-6.816407252457720637e-06,-3.975549477682107020e-22,-9.760955202212819870e+00,9.000000000000000000e+01,-1.897497829522486666e-06,0.000000000000000000e+00,1.475334652996285120e-19,4.635205827030841152e-05,3.094810584487084416e-26
7.179500000008587449e+03,4.063835829130312782e-22,6.525944497835463487e+00,1.000000072716325576e+03,1.012018804968774077e+02,-1.627450360831782494e-14,3.400948953151545137e-06,-2.721977701538987232e-06,-1.478822725872198476e-22,-9.760867032337655402e+00,9.000000000000000000e+01,-1.887877440388620482e-06,0.000000000000000000e+00,1.475334652646371575e-19,-3.565599256198857985e-06,3.162459060752274097e-26
7.189500000008623829e+03,4.063835830242955801e-22,6.535034192308523338e+00,1.000000072461357377e+03,1.012018806160036775e+02,-1.627450360717536503e-14,3.410524852966921297e-06,8.759878565280360114e-06,5.554067842099056333e-22,-9.760809994832900571e+00,9.000000000000000000e+01,-1.946112098939907504e-06,0.000000000000000000e+00,1.475334652673876503e-19,-3.585757054625858650e-05,3.165840585617929149e-26
7.199500000008660209e+03,4.063835831359668381e-22,6.544123886792315936e+00,1.000000072472849865e+03,1.012018807522925243e+02,-1.627450360500503828e-14,3.419909754764356268e-06,1.685596115861081619e-06,1.225168721795216035e-22,-9.760897211284966346e+00,9.000000000000000000e+01,-1.969751049998917349e-06,0.000000000000000000e+00,1.475334652404917016e-19,1.352031128612879520e-05,3.140559239466413359e-26
7.209500000008696588e+03,4.063835832488090766e-22,6.553213581286845724e+00,1.000000072387540740e+03,1.012018808420961022e+02,-1.627450360574558304e-14,3.429101421235285305e-06,7.229079856643821847e-06,4.625608612062731667e-22,-9.760897628132008563e+00,9.000000000000000000e+01,-2.029530007792460641e-06,0.000000000000000000e+00,1.475334652536311420e-19,1.375631049386289000e-05,3.132484749518481086e-26
7.219500000008732968e+03,4.063835833624882671e-22,6.562303275792298329e+00,1.000000072475560046e+03,1.012018809417066905e+02,-1.627450360593182363e-14,3.438095567975331620e-06,-1.413673118859607800e-06,-6.710515400224388525e-23,-9.760897154770152184e+00,9.000000000000000000e+01,-1.922129851530799294e-06,1.895758319773387099e-24,1.475334652461675375e-19,1.348831511864376292e-05,3.128654820287931983e-26
7.229500000008769348e+03,4.063835834766984988e-22,6.571392970309193338e+00,1.000000072381989980e+03,1.012018811068605117e+02,-1.627450360213440500e-14,3.446890282499965949e-06,5.777614527251093847e-06,3.727969277459842106e-22,-9.760867668133951014e+00,9.000000000000000000e+01,-1.911022845694379577e-06,0.000000000000000000e+00,1.475334652203467392e-19,-3.205636786504692821e-06,3.156834326941738687e-26
7.239500000008805728e+03,4.063835835918796890e-22,6.580482664836913465e+00,1.000000072214612715e+03,1.012018812129343246e+02,-1.627450360200772025e-14,3.455492226526639091e-06,2.416578620653509451e-06,1.672360142037181029e-22,-9.760868429445048733e+00,9.000000000000000000e+01,-1.936070604366215613e-06,0.000000000000000000e+00,1.475334652159056411e-19,-2.774618348588400902e-06,3.146600248406715843e-26
7.249500000008842107e+03,4.063835837077361301e-22,6.589572359374077593e+00,1.000000072215730370e+03,1.012018813040989755e+02,-1.627450360283154978e-14,3.463896695379278871e-06,6.020604935199179176e-06,3.881845034442703030e-22,-9.760838903817715462e+00,9.000000000000000000e+01,-1.929468943291619900e-06,0.000000000000000000e+00,1.475334652276619026e-19,-1.949064957677772411e-05,3.146939078183163469e-26
7.259500000008878487e+03,4.063835838236851061e-22,6.598662053922351056e+00,1.000000072290645903e+03,1.012018814236303541e+02,-1.627450360192441970e-14,3.472094939951069908e-06,-5.783420174844375902e-06,-3.356681316748454094e-22,-9.760837466284012720e+00,9.000000000000000000e+01,-1.855824878975204190e-06,0.000000000000000000e+00,1.475334652068975611e-19,-2.030451455592447094e-05,3.185515735754429153e-26
7.269500000008914867e+03,4.063835839406035828e-22,6.607751748482076692e+00,1.000000072296345593e+03,1.012018815351490701e+02,-1.627450360156036670e-14,3.480091513387655175e-06,-4.282741575040749302e-06,-2.439007093135078752e-22,-9.760837625588607125e+00,9.000000000000000000e+01,-1.783730330010722250e-06,0.000000000000000000e+00,1.475334652056673012e-19,-2.021432248532412974e-05,3.175292009678848786e-26
7.279500000008951247e+03,4.063835840580580380e-22,6.616841443052852156e+00,1.000000072317738045e+03,1.012018817007422626e+02,-1.627450359791552008e-14,3.487885560758180270e-06,-3.526583017060261262e-06,-1.966355961223222371e-22,-9.760896306322665694e+00,9.000000000000000000e+01,-1.875072043796736734e-06,0.000000000000000000e+00,1.475334651741719910e-19,1.300797073928994580e-05,3.129472515834780557e-26
7.289500000008987627e+03,4.063835841763140392e-22,6.625931137635588719e+00,1.000000071949129961e+03,1.012018817941267059e+02,-1.627450359873621626e-14,3.495480679905710875e-06,9.423130359398686285e-08,2.395759343398212917e-23,-9.760867457526927637e+00,9.000000000000000000e+01,-1.873064477681797048e-06,0.000000000000000000e+00,1.475334651859101248e-19,-3.324870934329954002e-06,3.183245614642125746e-26
7.299500000009024006e+03,4.063835842952762774e-22,6.635020832230181576e+00,1.000000071751084192e+03,1.012018819119563915e+02,-1.627450359809720422e-14,3.502877963781017905e-06,3.659704205200360656e-07,4.027845141967066503e-23,-9.760867360330490072e+00,9.000000000000000000e+01,-1.705284086125170591e-06,0.000000000000000000e+00,1.475334651808666198e-19,-3.379899100169319075e-06,3.167297762668691396e-26
7.309500000009060386e+03,4.063835844146917392e-22,6.644110526835727448e+00,1.000000071746725553e+03,1.012018820583577678e+02,-1.627450359573675568e-14,3.510071553345298599e-06,-3.123979165083251680e-06,-1.722447114414572870e-22,-9.760866988366272423e+00,9.000000000000000000e+01,-1.902410819616724642e-06,1.895758319773387099e-24,1.475334651562478666e-19,-3.590484165691435346e-06,3.146659077588325364e-26
7.319500000009096766e+03,4.063835845347964169e-22,6.653200221452905794e+00,1.000000071771815442e+03,1.012018821927621133e+02,-1.627450359414810026e-14,3.517057973830514615e-06,5.929912644342289708e-06,3.822967511558410917e-22,-9.760897380275148194e+00,9.000000000000000000e+01,-1.903436154112716078e-06,0.000000000000000000e+00,1.475334651523418640e-19,1.361599635994395107e-05,3.134565877018151060e-26
7.329500000009133146e+03,4.063835846555021954e-22,6.662289916081713059e+00,1.000000071810716804e+03,1.012018823113937174e+02,-1.627450359355891267e-14,3.523836054444512052e-06,4.261918067142329711e-06,2.799767263746737902e-22,-9.760801881284340453e+00,9.000000000000000000e+01,-1.907812699132159777e-06,0.000000000000000000e+00,1.475334651456148796e-19,-4.045106943906276545e-05,3.182525264603171923e-26
7.339500000009169526e+03,4.063835847767477609e-22,6.671379610722319775e+00,1.000000071663381505e+03,1.012018824149235598e+02,-1.627450359392313922e-14,3.530403942365715171e-06,-2.467558918648736334e-06,-1.320961752845573646e-22,-9.760837646135723134e+00,9.000000000000000000e+01,-1.882636547828942332e-06,0.000000000000000000e+00,1.475334651418932848e-19,-2.020268259094763619e-05,3.161163497480714918e-26
7.349500000009205905e+03,4.063835848985056538e-22,6.680469305374783673e+00,1.000000071530770470e+03,1.012018825968718119e+02,-1.627450358951430922e-14,3.536769728907536138e-06,1.462512384786968998e-05,9.141842452769942414e-22,-9.760868680040111656e+00,9.000000000000000000e+01,-1.855043047745625536e-06,0.000000000000000000e+00,1.475334651214997330e-19,-2.632730796323750094e-06,3.161574165055078927e-26
7.359500000009242285e+03,4.063835850208772959e-22,6.689559000038764580e+00,1.000000071583539238e+03,1.012018827262095897e+02,-1.627450358836142371e-14,3.542924675320609840e-06,-1.733033985663670753e-06,-8.692806418341933751e-23,-9.760866574943841911e+00,9.000000000000000000e+01,-1.900317912858571874e-06,0.000000000000000000e+00,1.475334650935697043e-19,-3.824536336643576550e-06,3.150776973713662428e-26
7.369500000009278665e+03,4.063835851439505670e-22,6.698648694714677276e+00,1.000000071580987424e+03,1.012018828328777715e+02,-1.627450358863567910e-14,3.548866368058172947e-06,-5.088255860543272136e-06,-2.922172856934196053e-22,-9.760866587364594338e+00,9.000000000000000000e+01,-1.950258880689162214e-06,0.000000000000000000e+00,1.475334650927571545e-19,-3.817504840792636557e-06,3.150506664340608025e-26
7.379500000009315045e+03,4.063835852671534716e-22,6.707738389402284618e+00,1.000000071618994752e+03,1.012018829632434347e+02,-1.627450358746511680e-14,3.554594797888550160e-06,2.412078529739623341e-06,1.655234435317664573e-22,-9.760867385899700821e+00,9.000000000000000000e+01,-1.736722317040752863e-06,0.000000000000000000e+00,1.475334650908774709e-19,-3.365412442204711798e-06,3.179546654534798679e-26
7.389500000009351425e+03,4.063835853909220712e-22,6.716828084101706509e+00,1.000000071648713174e+03,1.012018830810189627e+02,-1.627450358709746975e-14,3.560110308182180408e-06,-7.975087637659528689e-06,-4.692511738672535296e-22,-9.760895663941486333e+00,9.000000000000000000e+01,-1.859303337130352297e-06,0.000000000000000000e+00,1.475334650765862041e-19,1.264429507401082500e-05,3.136234546261308329e-26
7.399500000009387804e+03,4.063835855152975549e-22,6.725917778813795600e+00,1.000000071322498798e+03,1.012018832335069192e+02,-1.627450358463759003e-14,3.565418012057864104e-06,2.695085083991641409e-06,1.847243562560688766e-22,-9.760838120500524795e+00,9.000000000000000000e+01,-2.017012413232593499e-06,0.000000000000000000e+00,1.475334650666637648e-19,-1.993410985782618063e-05,3.156472099504726894e-26
7.409500000009424184e+03,4.063835856397034134e-22,6.735007473537600653e+00,1.000000071213878641e+03,1.012018833455157250e+02,-1.627450358465741884e-14,3.570517733516307882e-06,-3.845557410561119048e-06,-2.175227605517239031e-22,-9.760895926694351132e+00,9.000000000000000000e+01,-1.816394982811476934e-06,0.000000000000000000e+00,1.475334650600349306e-19,1.279305540586345636e-05,3.176518161930402284e-26
7.419500000009460564e+03,4.063835857645125606e-22,6.744097168273246012e+00,1.000000071215927619e+03,1.012018835108449082e+02,-1.627450358143501671e-14,3.575405450813500366e-06,3.419000840537399504e-06,2.283387089415540864e-22,-9.760867413109663104e+00,9.000000000000000000e+01,-1.881931736911530127e-06,0.000000000000000000e+00,1.475334650395191064e-19,-3.350000248869570966e-06,3.152898827733072443e-26
7.429500000009496944e+03,4.063835858891203690e-22,6.753186863021060304e+00,1.000000071303723416e+03,1.012018836382363389e+02,-1.627450358052515400e-14,3.580075887806500432e-06,-3.753563791486759755e-06,-2.101007727262961055e-22,-9.760837215711188009e+00,9.000000000000000000e+01,-1.954718883463447401e-06,0.000000000000000000e+00,1.475334650238859478e-19,-2.044635530096639649e-05,3.143217740224744571e-26
7.439500000009533323e+03,4.063835860138422945e-22,6.762276557780428021e+00,1.000000071376739015e+03,1.012018837498088004e+02,-1.627450358058971122e-14,3.584528621708035798e-06,-8.137481681986237256e-06,-4.800234464669165748e-22,-9.760895420984725845e+00,9.000000000000000000e+01,-1.767760688621781637e-06,0.000000000000000000e+00,1.475334650200327157e-19,1.250675090195642379e-05,3.145017333975675454e-26
7.449500000009569703e+03,4.063835861387595401e-22,6.771366252551984211e+00,1.000000071322582698e+03,1.012018839056924122e+02,-1.627450357795227154e-14,3.588765438611749259e-06,3.938757279458738985e-07,4.309991996586029360e-23,-9.760837221183383150e+00,9.000000000000000000e+01,-1.881983999786055915e-06,0.000000000000000000e+00,1.475334650061603868e-19,-2.044325430582876599e-05,3.164707225731917890e-26
7.459500000009606083e+03,4.063835862640432578e-22,6.780455947336053946e+00,1.000000071114413458e+03,1.012018840299065658e+02,-1.627450357727293608e-14,3.592793720034020040e-06,1.003398698353230673e-06,8.064401010440978669e-23,-9.760896303332517121e+00,9.000000000000000000e+01,-1.870660843453483954e-06,0.000000000000000000e+00,1.475334650011573745e-19,1.300629825344438631e-05,3.132995960773020256e-26
7.469500000009642463e+03,4.063835863895795657e-22,6.789545642131692205e+00,1.000000071160737434e+03,1.012018841955538448e+02,-1.627450357407212665e-14,3.596606658923147556e-06,1.406344580205057445e-05,8.805898218643296565e-22,-9.760868276572056246e+00,9.000000000000000000e+01,-1.928529102105466345e-06,0.000000000000000000e+00,1.475334649871973676e-19,-2.861140470226408592e-06,3.140731430128402762e-26
7.479500000009678843e+03,4.063835865152785621e-22,6.798635336939359064e+00,1.000000071175638595e+03,1.012018843239778079e+02,-1.627450357316012771e-14,3.600204562428845253e-06,-2.444680190393702607e-06,-1.309160171134716171e-22,-9.760837289153490914e+00,9.000000000000000000e+01,-1.961278535771809992e-06,0.000000000000000000e+00,1.475334649612561264e-19,-2.040476969271347494e-05,3.185582854865642469e-26
7.489500000009715222e+03,4.063835866409267301e-22,6.807725031759248147e+00,1.000000071223769282e+03,1.012018844583648445e+02,-1.627450357187929213e-14,3.603586083508988155e-06,-5.799070992179820759e-06,-3.362593063820052993e-22,-9.760836857555943880e+00,9.000000000000000000e+01,-1.966548053323621506e-06,0.000000000000000000e+00,1.475334649464826067e-19,-2.064911886633115753e-05,3.184397289492995117e-26
7.499500000009751602e+03,4.063835867667661275e-22,6.816814726590852302e+00,1.000000071328124022e+03,1.012018846136164996e+02,-1.627450356933094955e-14,3.606746552466902361e-06,-1.768889258798863151e-06,-8.937768960327292384e-23,-9.760866579947592214e+00,9.000000000000000000e+01,-1.910282921453283685e-06,0.000000000000000000e+00,1.475334649284476690e-19,-3.821685996570254554e-06,3.160630310403662037e-26
7.509500000009787982e+03,4.063835868929482050e-22,6.825904421434620062e+00,1.000000071303416007e+03,1.012018846916788704e+02,-1.627450357152787984e-14,3.609690457931792506e-06,-1.036087466669405920e-05,-6.155642556068423724e-22,-9.760895033104848295e+00,9.000000000000000000e+01,-1.865590454069169634e-06,0.000000000000000000e+00,1.475334649391507358e-19,1.228716041277590657e-05,3.150112401602129846e-26
7.519500000009824362e+03,4.063835870198334632e-22,6.834994116291221111e+00,1.000000071030678214e+03,1.012018848255200538e+02,-1.627450357034779125e-14,3.612423693289014206e-06,2.216245304171603020e-06,1.550987024699676599e-22,-9.760837645730887857e+00,9.000000000000000000e+01,-1.923415126399797118e-06,0.000000000000000000e+00,1.475334649428262768e-19,-2.020288771283548836e-05,3.151981540962809688e-26
7.529500000009860742e+03,4.063835871460669804e-22,6.844083811159793029e+00,1.000000070932228141e+03,1.012018850051003795e+02,-1.627450356633100619e-14,3.614941621293670981e-06,-9.689726353678308158e-06,-5.739146537468269532e-22,-9.760931558322901935e+00,9.000000000000000000e+01,-1.877229732092641756e-06,1.895758319773387099e-24,1.475334648940777159e-19,3.296603798493362821e-05,3.116847283123655369e-26
7.539500000009897121e+03,4.063835872723577676e-22,6.853173506040349139e+00,1.000000070962859354e+03,1.012018851308540945e+02,-1.627450356561433552e-14,3.617245092037616686e-06,-5.097136141348896680e-06,-2.929579818373719852e-22,-9.760895437086210435e+00,9.000000000000000000e+01,-1.857964272720581126e-06,0.000000000000000000e+00,1.475334648931096231e-19,1.251588234441309056e-05,3.136724956426632948e-26
7.549500000009933501e+03,4.063835873986701839e-22,6.862263200932940954e+00,1.000000071110613590e+03,1.012018852504916424e+02,-1.627450356527484765e-14,3.619328684139078246e-06,2.993231879953495787e-06,2.021570368152722705e-22,-9.760837697850826444e+00,9.000000000000000000e+01,-1.938141094574973496e-06,0.000000000000000000e+00,1.475334648993736621e-19,-2.017337662895873137e-05,3.176938682614356626e-26
7.559500000009969881e+03,4.063835875248751131e-22,6.871352895837659069e+00,1.000000071179941301e+03,1.012018853904877176e+02,-1.627450356367993499e-14,3.621192123428539446e-06,8.413775115079780617e-06,5.336769587293225111e-22,-9.760896715396466305e+00,9.000000000000000000e+01,-1.758960271929234318e-06,0.000000000000000000e+00,1.475334648914245788e-19,1.323960311877269557e-05,3.146826921837692825e-26
7.569500000010006261e+03,4.063835876511572957e-22,6.880442590754276111e+00,1.000000071273297067e+03,1.012018855398788162e+02,-1.627450356151695411e-14,3.622835558870579498e-06,7.536436183600770853e-06,4.816480541823096324e-22,-9.760838214354990328e+00,9.000000000000000000e+01,-2.051672978595934904e-06,0.000000000000000000e+00,1.475334648714831391e-19,-1.988095143215193474e-05,3.192127594438597326e-26
7.579500000010042640e+03,4.063835877778774675e-22,6.889532285683509727e+00,1.000000071087162951e+03,1.012018857126600864e+02,-1.627450355794335742e-14,3.624262060705837410e-06,4.000842612135646268e-06,2.643460123744438451e-22,-9.760897409283140647e+00,9.000000000000000000e+01,-1.952546081171696247e-06,0.000000000000000000e+00,1.475334648359109000e-19,1.363245398948847648e-05,3.136749441538668934e-26
7.589500000010079020e+03,4.063835879046384995e-22,6.898621980624974448e+00,1.000000070996126169e+03,1.012018858188968267e+02,-1.627450355844705772e-14,3.625476417530824704e-06,7.882913509332187827e-06,5.013629576116898640e-22,-9.760896771374904191e+00,9.000000000000000000e+01,-1.866023823727847286e-06,0.000000000000000000e+00,1.475334648451190359e-19,1.327130012095430025e-05,3.145781503778671403e-26
7.599500000010115400e+03,4.063835880312758224e-22,6.907711675578409150e+00,1.000000071039618888e+03,1.012018859376744047e+02,-1.627450355817698646e-14,3.626474212917027912e-06,5.187887303054248350e-06,3.355785069468742951e-22,-9.760837459604211119e+00,9.000000000000000000e+01,-1.820608734320104665e-06,0.000000000000000000e+00,1.475334648401379792e-19,-2.030825266192332111e-05,3.197252117811763038e-26
7.609500000010151780e+03,4.063835881578164728e-22,6.916801370543834260e+00,1.000000071150502208e+03,1.012018860901413007e+02,-1.627450355583856923e-14,3.627251951262582611e-06,-2.563724100452313774e-06,-1.383502265954521631e-22,-9.760865514926333475e+00,9.000000000000000000e+01,-1.881454653709310519e-06,0.000000000000000000e+00,1.475334648110424500e-19,-4.424636906689901348e-06,3.168459179319235439e-26
7.619500000010188160e+03,4.063835882841506122e-22,6.925891065521438961e+00,1.000000071251997724e+03,1.012018861903843856e+02,-1.627450355668659471e-14,3.627810490162301633e-06,-2.102725950760490012e-06,-1.093902976112098721e-22,-9.760924830310525380e+00,9.000000000000000000e+01,-1.953749195952162732e-06,0.000000000000000000e+00,1.475334648195998864e-19,2.915696135165965209e-05,3.128937407838063932e-26
7.629500000010224539e+03,4.063835884107832802e-22,6.934980760510955022e+00,1.000000071287322839e+03,1.012018863337328298e+02,-1.627450355491130742e-14,3.628147487908254407e-06,1.380539369217132383e-06,1.031048153728639167e-22,-9.760798497478283764e+00,9.000000000000000000e+01,-1.866874049605295949e-06,0.000000000000000000e+00,1.475334648078947823e-19,-4.236678445383162549e-05,3.194690728752479385e-26
7.639500000010260919e+03,4.063835885373828933e-22,6.944070455512645346e+00,1.000000071394490078e+03,1.012018864960335804e+02,-1.627450355197362096e-14,3.628264572459588510e-06,5.367437873402268770e-06,3.485899765786987933e-22,-9.760837651446552243e+00,9.000000000000000000e+01,-1.954036845317554329e-06,0.000000000000000000e+00,1.475334647863402318e-19,-2.019963364533403557e-05,3.143470448548273065e-26
7.649500000010297299e+03,4.063835886636497475e-22,6.953160150527254224e+00,1.000000071091242148e+03,1.012018865848203575e+02,-1.627450355351830843e-14,3.628168402265722484e-06,-5.390019665043229738e-06,-3.114921320896875699e-22,-9.760865621357023514e+00,9.000000000000000000e+01,-1.856647955637891975e-06,0.000000000000000000e+00,1.475334647887864999e-19,-4.364378688841291620e-06,3.131357524206632175e-26
7.659500000010333679e+03,4.063835887895914129e-22,6.962249845553563965e+00,1.000000071070240779e+03,1.012018867279053325e+02,-1.627450355172149786e-14,3.627859813728246150e-06,-2.282354319302932807e-06,-1.210578910342058802e-22,-9.760836606466298804e+00,9.000000000000000000e+01,-1.931507627953563312e-06,0.000000000000000000e+00,1.475334647764907853e-19,-2.079125367645324774e-05,3.179333982278260001e-26
7.669500000010370059e+03,4.063835889154597745e-22,6.971339540592160766e+00,1.000000071020554742e+03,1.012018868803776712e+02,-1.627450354934427499e-14,3.627335816935322888e-06,-4.558693344158343142e-06,-2.601504955877515273e-22,-9.760895016833632809e+00,9.000000000000000000e+01,-1.882738859911935603e-06,0.000000000000000000e+00,1.475334647530630272e-19,1.227797061849058449e-05,3.142405684512625910e-26
7.679500000010406438e+03,4.063835890408311371e-22,6.980429235642853669e+00,1.000000071157170510e+03,1.012018869854228456e+02,-1.627450354984512909e-14,3.626593830348255897e-06,6.454693668211520765e-06,4.145464194005239563e-22,-9.760866571702610628e+00,9.000000000000000000e+01,-1.914161442498485162e-06,0.000000000000000000e+00,1.475334647700978775e-19,-3.826334232580795018e-06,3.148054873925754148e-26
7.689500000010442818e+03,4.063835891661096356e-22,6.989518930703124688e+00,1.000000071240123361e+03,1.012018871015680332e+02,-1.627450354966089536e-14,3.625633189827023563e-06,-5.194750406220416286e-06,-3.000102323296611309e-22,-9.760895015983617640e+00,9.000000000000000000e+01,-1.789090633315361333e-06,0.000000000000000000e+00,1.475334647560245537e-19,1.227748787386609048e-05,3.169422869267579947e-26
7.699500000010479198e+03,4.063835892911782378e-22,6.998608625775575298e+00,1.000000071318494179e+03,1.012018872559370521e+02,-1.627450354712471701e-14,3.624453336079096265e-06,4.626584458179864951e-06,3.020968461232162078e-22,-9.760896049660541252e+00,9.000000000000000000e+01,-1.871640174406562731e-06,0.000000000000000000e+00,1.475334647444779056e-19,1.286270995499465470e-05,3.147406790162551389e-26
7.709500000010515578e+03,4.063835894155428600e-22,7.007698320859846675e+00,1.000000071526020747e+03,1.012018873773371865e+02,-1.627450354656897397e-14,3.623054797681758943e-06,1.054418399394008549e-08,1.912604881356117053e-23,-9.760866142399102330e+00,9.000000000000000000e+01,-1.867948822643256311e-06,0.000000000000000000e+00,1.475334647348146002e-19,-4.069383215689478198e-06,3.172237832296713890e-26
7.719500000010551958e+03,4.063835895403460357e-22,7.016788015956916702e+00,1.000000070932498147e+03,1.012018874905761692e+02,-1.627450354653373398e-14,3.621440158165777846e-06,3.386907525433202302e-07,3.860018411994361103e-23,-9.760895459845409405e+00,9.000000000000000000e+01,-1.776136208653322948e-06,0.000000000000000000e+00,1.475334647352793030e-19,1.252878493799623283e-05,3.172692753452040289e-26
7.729500000010588337e+03,4.063835896645097424e-22,7.025877711065522391e+00,1.000000070964535666e+03,1.012018876587704170e+02,-1.627450354310029893e-14,3.619615588898373141e-06,-3.111240503149533532e-06,-1.707407058861194255e-22,-9.760865642222269045e+00,9.000000000000000000e+01,-1.924557352641442009e-06,0.000000000000000000e+00,1.475334647010955150e-19,-4.352556765037306955e-06,3.127976704997573004e-26
7.739500000010624717e+03,4.063835897883282299e-22,7.034967406186145134e+00,1.000000071026515229e+03,1.012018878043999450e+02,-1.627450354102963687e-14,3.617576241353891207e-06,-1.161543097260857614e-05,-6.926159394888177218e-22,-9.761011885665407561e+00,9.000000000000000000e+01,-1.786652750874238266e-06,0.000000000000000000e+00,1.475334646735355779e-19,7.844365018444688492e-05,3.088216475547900104e-26
7.749500000010661097e+03,4.063835899116672097e-22,7.044057101318637493e+00,1.000000071077076768e+03,1.012018879329753247e+02,-1.627450353997748891e-14,3.615322789199501997e-06,-2.552936670845355802e-06,-1.370664981907813282e-22,-9.760895012719869257e+00,9.000000000000000000e+01,-1.895365814663970460e-06,0.000000000000000000e+00,1.475334646744765632e-19,1.227564950710389617e-05,3.138541433245000519e-26
7.759500000010697477e+03,4.063835900344070636e-22,7.053146796462868906e+00,1.000000071171000627e+03,1.012018880526868401e+02,-1.627450353943473683e-14,3.612852472958375986e-06,-2.291908167178727454e-06,-1.216786532466627555e-22,-9.760895012386489711e+00,9.000000000000000000e+01,-1.850314911489474165e-06,0.000000000000000000e+00,1.475334646702867026e-19,1.227546082732603307e-05,3.152663300813515743e-26
7.769500000010733856e+03,4.063835901568130771e-22,7.062236491618818945e+00,1.000000071251187478e+03,1.012018882206949542e+02,-1.627450353591672011e-14,3.610168435011045867e-06,1.523577989527095473e-06,1.122873416622631221e-22,-9.760866169882641330e+00,9.000000000000000000e+01,-1.947069624010090164e-06,0.000000000000000000e+00,1.475334646432993926e-19,-4.053814475785840893e-06,3.165154426593317817e-26
7.779500000010770236e+03,4.063835902787530776e-22,7.071326186786727419e+00,1.000000071310037697e+03,1.012018883149464585e+02,-1.627450353688819285e-14,3.607270015546854988e-06,-1.398029380920691204e-05,-8.376628898371411269e-22,-9.760893695635507683e+00,9.000000000000000000e+01,-1.862484782367126547e-06,0.000000000000000000e+00,1.475334646353672335e-19,1.152997979167488938e-05,3.164728962666539641e-26
7.789500000010806616e+03,4.063835904004443906e-22,7.080415881966163560e+00,1.000000071373628430e+03,1.012018884508035370e+02,-1.627450353529750532e-14,3.604158663084431207e-06,-1.504672369486719323e-06,-7.391273407577909062e-23,-9.760935399406351465e+00,9.000000000000000000e+01,-1.741978857929463939e-06,9.478791598866935495e-25,1.475334646352054553e-19,3.514070902260684701e-05,3.139284645367908379e-26
7.799500000010842996e+03,4.063835905218574405e-22,7.089505577157660277e+00,1.000000071236146596e+03,1.012018885774863008e+02,-1.627450353425358044e-14,3.600837915833898328e-06,-1.301735356009253091e-06,-6.061472209908042948e-23,-9.760865612041012440e+00,9.000000000000000000e+01,-1.826210174558473427e-06,0.000000000000000000e+00,1.475334646264775742e-19,-4.369634489353596145e-06,3.138257564861108365e-26
7.809500000010879376e+03,4.063835906427797921e-22,7.098595272361202468e+00,1.000000071111610168e+03,1.012018887238657641e+02,-1.627450353197715506e-14,3.597310473061811844e-06,6.146279445841433850e-06,3.952988586778613749e-22,-9.760807214258106157e+00,9.000000000000000000e+01,-1.876408003985138771e-06,0.000000000000000000e+00,1.475334646146287476e-19,-3.743172824446457705e-05,3.173811099301208633e-26
7.819500000010915755e+03,4.063835907628675426e-22,7.107684967576323842e+00,1.000000071027604918e+03,1.012018888680932065e+02,-1.627450352978616332e-14,3.593577590889434584e-06,-4.400689462303748723e-06,-2.501913362183402923e-22,-9.760923933189193491e+00,9.000000000000000000e+01,-1.940020166280781837e-06,0.000000000000000000e+00,1.475334645837584258e-19,2.864907766354903303e-05,3.135064357554540223e-26
7.829500000010952135e+03,4.063835908818556417e-22,7.116774662803009299e+00,1.000000071079134955e+03,1.012018890169951248e+02,-1.627450352724793078e-14,3.589636583567961155e-06,-4.157871495669994668e-06,-2.355593929969609020e-22,-9.760895602478326438e+00,9.000000000000000000e+01,-1.883287162094582505e-06,0.000000000000000000e+00,1.475334645616205111e-19,1.260955446503328483e-05,3.142919303162811478e-26
7.839500000010988515e+03,4.063835910001783170e-22,7.125864358041189561e+00,1.000000071229292075e+03,1.012018890989030666e+02,-1.627450352877619732e-14,3.585484953677375811e-06,8.139336677296133836e-06,5.173642511461875562e-22,-9.760895942610115839e+00,9.000000000000000000e+01,-1.914095185183360846e-06,0.000000000000000000e+00,1.475334645892645873e-19,1.280212026745422114e-05,3.149861599912496599e-26
7.849500000011024895e+03,4.063835911179889469e-22,7.134954053290557319e+00,1.000000071323262546e+03,1.012018892148409464e+02,-1.627450352819144313e-14,3.581125517874904173e-06,7.204967195059732927e-06,4.599204944302456582e-22,-9.760837002515556193e+00,9.000000000000000000e+01,-1.855835921861058172e-06,0.000000000000000000e+00,1.475334645833726379e-19,-2.056700720655291501e-05,3.169870682585706608e-26
7.859500000011061275e+03,4.063835912351641516e-22,7.144043748551426987e+00,1.000000071413535579e+03,1.012018893630654475e+02,-1.627450352559461401e-14,3.576557376591278287e-06,-4.290108359181205073e-06,-2.434223984034680376e-22,-9.760865185779218578e+00,9.000000000000000000e+01,-1.875861177579864143e-06,0.000000000000000000e+00,1.475334645478042026e-19,-4.610956858495961059e-06,3.138917206665866695e-26
7.869500000011097654e+03,4.063835913513812814e-22,7.153133443823564086e+00,1.000000071542598334e+03,1.012018894980872972e+02,-1.627450352375347576e-14,3.571781173046155294e-06,-7.989553681582466153e-06,-4.697770940644588231e-22,-9.760930748817377989e+00,9.000000000000000000e+01,-1.870440850847276547e-06,0.000000000000000000e+00,1.475334645275873067e-19,3.250777374648544741e-05,3.116878676778793661e-26
7.879500000011134034e+03,4.063835914673958030e-22,7.162223139106917102e+00,1.000000071636522193e+03,1.012018896369998942e+02,-1.627450352166384949e-14,3.566798261895472890e-06,4.302452992082133864e-06,2.829961980122216390e-22,-9.760895491810458680e+00,9.000000000000000000e+01,-1.962234177953621271e-06,0.000000000000000000e+00,1.475334645227273429e-19,1.254690284981115491e-05,3.135843891894291050e-26
7.889500000011170414e+03,4.063835915823765478e-22,7.171312834400652036e+00,1.000000071720359870e+03,1.012018897299547859e+02,-1.627450352233063575e-14,3.561611942673782772e-06,8.250653732595330256e-06,5.237107113335672710e-22,-9.760837289062431310e+00,9.000000000000000000e+01,-1.898241494095887785e-06,0.000000000000000000e+00,1.475334645334230911e-19,-2.040477199871753276e-05,3.185378198694212004e-26
7.899500000011206794e+03,4.063835916970020112e-22,7.180402529705941284e+00,1.000000071554332976e+03,1.012018898570841827e+02,-1.627450352088356192e-14,3.556225666788800779e-06,-2.355198264952505883e-06,-1.258840662061505047e-22,-9.760865240629195583e+00,9.000000000000000000e+01,-1.847113314258238196e-06,0.000000000000000000e+00,1.475334645091443849e-19,-4.579900859021788885e-06,3.174990560456493734e-26
7.909500000011243174e+03,4.063835918112507992e-22,7.189492225022487304e+00,1.000000071509964755e+03,1.012018900142846576e+02,-1.627450351757617107e-14,3.550641621628180002e-06,6.366401275917508005e-06,4.095144918617583642e-22,-9.760836864576290850e+00,9.000000000000000000e+01,-2.075145752033947591e-06,0.000000000000000000e+00,1.475334644894393290e-19,-2.064509177055898957e-05,3.154002425528624603e-26
7.919500000011279553e+03,4.063835919244951978e-22,7.198581920349983676e+00,1.000000071610407872e+03,1.012018901128948158e+02,-1.627450351779897063e-14,3.544856743578811955e-06,8.974768054899325773e-06,5.690304366704060827e-22,-9.760866579805924204e+00,9.000000000000000000e+01,-1.924231612953185277e-06,0.000000000000000000e+00,1.475334644946825288e-19,-3.821717602682080357e-06,3.139773822872376363e-26
7.929500000011315933e+03,4.063835920370521203e-22,7.207671615688602706e+00,1.000000071671130172e+03,1.012018901904511807e+02,-1.627450351927383129e-14,3.538870156314956351e-06,2.017572739148101027e-06,1.433503329634150852e-22,-9.760865640602739646e+00,9.000000000000000000e+01,-1.923932997035251886e-06,0.000000000000000000e+00,1.475334645006579431e-19,-4.353451449960592403e-06,3.126069827457956206e-26
7.939500000011352313e+03,4.063835921490390221e-22,7.216761311037958038e+00,1.000000071808434996e+03,1.012018903596276118e+02,-1.627450351510832386e-14,3.532683940179200247e-06,2.272355862437240338e-06,1.576991113413754703e-22,-9.760865696581880968e+00,9.000000000000000000e+01,-1.866761432525134727e-06,0.000000000000000000e+00,1.475334644638737405e-19,-4.321756836624229803e-06,3.168845815074726162e-26
7.949500000011388693e+03,4.063835922600940390e-22,7.225851006398204213e+00,1.000000071948505934e+03,1.012018904835605611e+02,-1.627450351366101653e-14,3.526298267213806129e-06,2.527256280466659401e-06,1.740295354633527704e-22,-9.760858494162649279e+00,9.000000000000000000e+01,-1.937302038805566076e-06,0.000000000000000000e+00,1.475334644515360647e-19,-8.399426889578515056e-06,3.148757025005110103e-26
7.959500000011425072e+03,4.063835923706797985e-22,7.234940701769363436e+00,1.000000072018476203e+03,1.012018906122408879e+02,-1.627450351189576671e-14,3.519713552588465529e-06,1.000228309724314242e-05,6.321295691228055406e-22,-9.760866528060818226e+00,9.000000000000000000e+01,-1.875000061483185872e-06,0.000000000000000000e+00,1.475334644442786551e-19,-3.851006190605481029e-06,3.122694600433135911e-26
7.969500000011461452e+03,4.063835924806927632e-22,7.244030397151314915e+00,1.000000072142900876e+03,1.012018907608519953e+02,-1.627450350888033012e-14,3.512931743558838796e-06,6.698119208186357928e-06,4.290939761967063462e-22,-9.760836781711965671e+00,9.000000000000000000e+01,-1.869417831795093139e-06,0.000000000000000000e+00,1.475334644139127584e-19,-2.069199936301408083e-05,3.163615348520983379e-26
7.979500000011497832e+03,4.063835925898925208e-22,7.253120092543947628e+00,1.000000072278305879e+03,1.012018907838777295e+02,-1.627450351350852656e-14,3.505953419283175064e-06,3.325619779796431876e-06,2.217237989048659469e-22,-9.760865612903049993e+00,9.000000000000000000e+01,-1.723913943449687455e-06,0.000000000000000000e+00,1.475334644521192604e-19,-4.369129253162954255e-06,3.161950977821502754e-26
7.989500000011534212e+03,4.063835926981980094e-22,7.262209787947202955e+00,1.000000072347437936e+03,1.012018909783592733e+02,-1.627450350758931507e-14,3.498780116074178213e-06,-5.764482559653577800e-06,-3.352204588880513240e-22,-9.760864691229480528e+00,9.000000000000000000e+01,-1.716229087228335234e-06,0.000000000000000000e+00,1.475334643893104719e-19,-4.890932251489929192e-06,3.163043760288752221e-26
7.999500000011570592e+03,4.063835928057558365e-22,7.271299483361127969e+00,1.000000072488430874e+03,1.012018911213689023e+02,-1.627450350478159818e-14,3.491411177930166196e-06,1.017387677995690165e-07,2.581487961160395669e-23,-9.760894613555878507e+00,9.000000000000000000e+01,-1.995615473335203245e-06,0.000000000000000000e+00,1.475334643709345725e-19,1.204969303291416723e-05,3.140773350162757166e-26
8.009500000011606971e+03,4.063835929123799920e-22,7.280389178785327431e+00,1.000000072607276934e+03,1.012018911733483151e+02,-1.627450350749440879e-14,3.483850195813491366e-06,4.733346502257135784e-07,4.720815964362216170e-23,-9.760865431309069251e+00,9.000000000000000000e+01,-1.800716349453671572e-06,0.000000000000000000e+00,1.475334643960385156e-19,-4.471935143249629521e-06,3.173243424657597077e-26
8.019500000011643351e+03,4.063835930181664902e-22,7.289478874220777449e+00,1.000000072379419635e+03,1.012018912966228328e+02,-1.627450350579543906e-14,3.476099861914205919e-06,7.970563603292751075e-07,6.758114743735368855e-23,-9.760835925252777656e+00,9.000000000000000000e+01,-1.918692537031010593e-06,0.000000000000000000e+00,1.475334643815041964e-19,-2.117688391307580864e-05,3.178014180427949667e-26
8.029500000011679731e+03,4.063835931231862840e-22,7.298568569666707972e+00,1.000000072269663178e+03,1.012018913845375039e+02,-1.627450350621875760e-14,3.468169901752722682e-06,-4.326611341749541741e-06,-2.462121445658802722e-22,-9.760834978902394710e+00,9.000000000000000000e+01,-1.891004256418186055e-06,0.000000000000000000e+00,1.475334643800235174e-19,-2.171266322834436007e-05,3.175586110329832383e-26
8.039500000011716111e+03,4.063835932270164775e-22,7.307658265122966235e+00,1.000000072310175710e+03,1.012018915210188510e+02,-1.627450350360310625e-14,3.460054334590653718e-06,-2.387595161086119893e-06,-1.263855934102555223e-22,-9.760857374105311735e+00,9.000000000000000000e+01,-1.985839796799569510e-06,1.895758319773387099e-24,1.475334643590295328e-19,-9.033541868822603495e-06,3.140063383624228399e-26
8.049500000011752491e+03,4.063835933296923825e-22,7.316747960589418120e+00,1.000000072422586413e+03,1.012018916498310404e+02,-1.627450350139287262e-14,3.451752470794506623e-06,-5.824342817941302707e-06,-3.382184746352507895e-22,-9.760893600251877800e+00,9.000000000000000000e+01,-1.784710449741362132e-06,0.000000000000000000e+00,1.475334643357135268e-19,1.147601115156281719e-05,3.151039475728560913e-26
8.059500000011788870e+03,4.063835934316772380e-22,7.325837656066178205e+00,1.000000072480570566e+03,1.012018917129412330e+02,-1.627450350316840288e-14,3.443266247928346191e-06,-1.960212859709382096e-06,-1.013133784048605004e-22,-9.760895355749601876e+00,9.000000000000000000e+01,-1.847902142708116008e-06,0.000000000000000000e+00,1.475334643562564344e-19,1.246988788478486361e-05,3.147302890581261672e-26
8.069500000011825250e+03,4.063835935323639245e-22,7.334927351552911645e+00,1.000000072573618922e+03,1.012018918229800875e+02,-1.627450350199764809e-14,3.434595953756006281e-06,-1.806853403994466092e-06,-9.225893396709914469e-23,-9.760934888603934212e+00,9.000000000000000000e+01,-1.747781487334763400e-06,0.000000000000000000e+00,1.475334643462384932e-19,3.485154506734076566e-05,3.133807995810496635e-26
8.079500000011861630e+03,4.063835936319673224e-22,7.344017047049610447e+00,1.000000072673140039e+03,1.012018920113115570e+02,-1.627450349597400720e-14,3.425742401263907564e-06,-1.709473386594328206e-06,-8.516434416602492926e-23,-9.760953212654602140e+00,9.000000000000000000e+01,-1.886089383435576696e-06,-1.895758319773387099e-24,1.475334642925942183e-19,4.522577251290005903e-05,3.096118726250057061e-26
8.089500000011898010e+03,4.063835937300903968e-22,7.353106742556144049e+00,1.000000072879623644e+03,1.012018921382103116e+02,-1.627450349363091360e-14,3.416706510249007298e-06,-1.116683933276091968e-06,-4.935117542159323160e-23,-9.760864326143225966e+00,9.000000000000000000e+01,-1.904355690637783327e-06,0.000000000000000000e+00,1.475334642725159171e-19,-5.097613926666044054e-06,3.156295774913013937e-26
8.099500000011934389e+03,4.063835938272411493e-22,7.362196438072422744e+00,1.000000072937607797e+03,1.012018922340112397e+02,-1.627450349313660074e-14,3.407489149382608499e-06,-1.003749091845912353e-05,-5.947489377503691482e-22,-9.760893159518738926e+00,9.000000000000000000e+01,-1.943220694845645278e-06,0.000000000000000000e+00,1.475334642586027585e-19,1.122649567972953857e-05,3.121015316502989778e-26
8.109500000011970769e+03,4.063835939233477336e-22,7.371286133598442980e+00,1.000000073084114092e+03,1.012018923354427784e+02,-1.627450349224232593e-14,3.398095340363167657e-06,2.729616413434060993e-06,1.868702198875496088e-22,-9.760924054190926569e+00,9.000000000000000000e+01,-2.101747249834334557e-06,0.000000000000000000e+00,1.475334642649294383e-19,2.871761263290671849e-05,3.146073728402271469e-26
8.119500000012007149e+03,4.063835940177766524e-22,7.380375829133930310e+00,1.000000073241703262e+03,1.012018924098258168e+02,-1.627450349290720945e-14,3.388526985972070883e-06,4.021531156912027794e-06,2.645339251350017634e-22,-9.760894498139967013e+00,9.000000000000000000e+01,-1.718231182789222896e-06,0.000000000000000000e+00,1.475334642726085543e-19,1.198435848909342737e-05,3.150657312345395550e-26
8.129500000012043529e+03,4.063835941114852753e-22,7.389465524678882957e+00,1.000000073365187291e+03,1.012018925414840851e+02,-1.627450349002902835e-14,3.378781275799896937e-06,-2.666324392413799907e-08,1.812420428710158067e-23,-9.760853804443145876e+00,9.000000000000000000e+01,-1.994524314079524139e-06,0.000000000000000000e+00,1.475334642426418548e-19,-1.105450735545587853e-05,3.135883191124245041e-26
8.139500000012079909e+03,4.063835942044303441e-22,7.398555220233289376e+00,1.000000073477625847e+03,1.012018926260628433e+02,-1.627450348998943385e-14,3.368865633166260925e-06,4.704081379514454665e-06,3.070236439072469513e-22,-9.760865215611969958e+00,9.000000000000000000e+01,-1.871481731894550972e-06,0.000000000000000000e+00,1.475334642477843044e-19,-4.594037502334764639e-06,3.151716633281850917e-26
8.149500000012116288e+03,4.063835942960274030e-22,7.407644915797003016e+00,1.000000073652723813e+03,1.012018927234280454e+02,-1.627450348909337305e-14,3.358775042654208674e-06,4.036408995179971345e-06,2.659664611769641449e-22,-9.760865246072761181e+00,9.000000000000000000e+01,-1.880664807481934616e-06,0.000000000000000000e+00,1.475334642393009923e-19,-4.576793206338906438e-06,3.160893556659010150e-26
8.159500000012152668e+03,4.063835943867407722e-22,7.416734611369943941e+00,1.000000073730070199e+03,1.012018928769521153e+02,-1.627450348470942057e-14,3.348514645261321391e-06,8.139435180541396438e-07,6.929910692192231599e-23,-9.760834335195127665e+00,9.000000000000000000e+01,-1.974484834920182866e-06,0.000000000000000000e+00,1.475334641966944385e-19,-2.207708128711297505e-05,3.159749200831277188e-26
8.169500000012189048e+03,4.063835944760742052e-22,7.425824306952135245e+00,1.000000073867356377e+03,1.012018929329332906e+02,-1.627450348622183416e-14,3.338086150276309147e-06,-2.671129614921804562e-06,-1.442502439931801401e-22,-9.760864338697874842e+00,9.000000000000000000e+01,-1.961261360776530356e-06,0.000000000000000000e+00,1.475334642067382113e-19,-5.090502915407292717e-06,3.154923193322542707e-26
8.179500000012225428e+03,4.063835945634425407e-22,7.434914002543306033e+00,1.000000073978845080e+03,1.012018931015641670e+02,-1.627450348072764515e-14,3.327493497511360069e-06,-6.208641339475578798e-06,-3.604614245128613499e-22,-9.760893210371426321e+00,9.000000000000000000e+01,-1.996344278357132544e-06,-1.895758319773387099e-24,1.475334641537967564e-19,1.125529431387030058e-05,3.129039443789208217e-26
8.189500000012261808e+03,4.063835946500546572e-22,7.444003698143431436e+00,1.000000074099563108e+03,1.012018931654233853e+02,-1.627450348160465653e-14,3.316735307322707491e-06,-1.036445824976315730e-05,-6.135438209906322099e-22,-9.760952468912911684e+00,9.000000000000000000e+01,-1.893554094384096500e-06,0.000000000000000000e+00,1.475334641574147603e-19,4.480471147230399073e-05,3.091586389695445401e-26
8.199500000012298187e+03,4.063835947351105132e-22,7.453093393752186380e+00,1.000000074244234725e+03,1.012018932083129528e+02,-1.627450348368397397e-14,3.305816427305127262e-06,7.305925778366810925e-06,4.662018138814212014e-22,-9.760894550113558665e+00,9.000000000000000000e+01,-1.849069991498274431e-06,0.000000000000000000e+00,1.475334641957677533e-19,1.201379043648962962e-05,3.142244837131815283e-26
8.209500000012334567e+03,4.063835948185084049e-22,7.462183089369681888e+00,1.000000074387071663e+03,1.012018933247054662e+02,-1.627450348116938201e-14,3.294735591377618744e-06,5.179226251883034325e-07,4.993950325697202483e-23,-9.760863834004339878e+00,9.000000000000000000e+01,-1.821376698331272052e-06,0.000000000000000000e+00,1.475334641659805263e-19,-5.376233238241599161e-06,3.175002773370712096e-26
8.219500000012370947e+03,4.063835949004371168e-22,7.471272784995647065e+00,1.000000074531743280e+03,1.012018934457366015e+02,-1.627450347828975887e-14,3.283496923991646825e-06,1.086436121984192506e-05,6.850718301264178509e-22,-9.760795657787758373e+00,9.000000000000000000e+01,-2.027619105095400080e-06,0.000000000000000000e+00,1.475334641517965097e-19,-4.397442053108688477e-05,3.162908876824854208e-26
8.229500000012407327e+03,4.063835949813086831e-22,7.480362480630025956e+00,1.000000074669076184e+03,1.012018934551214357e+02,-1.627450348218545695e-14,3.272102488599661320e-06,1.741333936011640800e-05,1.085098872696381873e-21,-9.760894980189325665e+00,9.000000000000000000e+01,-1.741707365781854100e-06,-9.478791598866935495e-25,1.475334641942400334e-19,1.225727955152545899e-05,3.141733229949750150e-26
8.239500000012443707e+03,4.063835950604311138e-22,7.489452176272854977e+00,1.000000074761221185e+03,1.012018936569427723e+02,-1.627450347420472156e-14,3.260555678920912128e-06,1.466966282185775812e-05,9.174071700431403796e-22,-9.760835939809171080e+00,9.000000000000000000e+01,-1.942422248398410471e-06,-1.895758319773387099e-24,1.475334641198093892e-19,-2.116861746831821706e-05,3.164942225827766440e-26
8.249500000012480086e+03,4.063835951376440245e-22,7.498541871923939617e+00,1.000000074890228007e+03,1.012018936704938312e+02,-1.627450347764535102e-14,3.248856460222302910e-06,2.441838570942123414e-06,1.683455168670313124e-22,-9.760863895180678540e+00,9.000000000000000000e+01,-1.947088631004866532e-06,-1.895758319773387099e-24,1.475334641375118391e-19,-5.341596489565323444e-06,3.170987634908797642e-26
8.259500000012516466e+03,4.063835952132499874e-22,7.507631567582842003e+00,1.000000075082881381e+03,1.012018937778976380e+02,-1.627450347524910714e-14,3.237008544571874041e-06,3.294032054606268822e-05,2.035371681414563090e-21,-9.760837782144426100e+00,9.000000000000000000e+01,-1.802793302549542031e-06,0.000000000000000000e+00,1.475334641497762092e-19,-2.012557490914979481e-05,3.172707106545101461e-26
8.269500000012552846e+03,4.063835952879160720e-22,7.516721263249870333e+00,1.000000075174989206e+03,1.012018938628964833e+02,-1.627450347417301882e-14,3.225014154299803849e-06,1.497596374780098501e-05,9.359871640382228544e-22,-9.760894540676625653e+00,9.000000000000000000e+01,-1.816752375379923763e-06,0.000000000000000000e+00,1.475334641206100946e-19,1.200845468921454895e-05,3.135529906406223658e-26
8.279500000012589226e+03,4.063835953609454453e-22,7.525810958924838090e+00,1.000000075299385912e+03,1.012018939372207882e+02,-1.627450347366109858e-14,3.212875145566492801e-06,7.719654761848821539e-06,4.909145460148566391e-22,-9.760864275158660064e+00,9.000000000000000000e+01,-1.788718024973318437e-06,0.000000000000000000e+00,1.475334641082585040e-19,-5.126468891648041065e-06,3.168711349929679620e-26
8.289500000012625605e+03,4.063835954324352031e-22,7.534900654607585402e+00,1.000000075387805737e+03,1.012018940541329926e+02,-1.627450347045596934e-14,3.200593949778358771e-06,-1.697307871417188399e-06,-8.432010767232770916e-23,-9.760952094797751499e+00,9.000000000000000000e+01,-1.948141878048742626e-06,0.000000000000000000e+00,1.475334640693749414e-19,4.459290973975342168e-05,3.109122871760283939e-26
8.299500000012661985e+03,4.063835955026745640e-22,7.543990350297806735e+00,1.000000075538987289e+03,1.012018941514763100e+02,-1.627450346838020493e-14,3.188174884287236259e-06,1.132362090592219210e-05,7.121796085731858746e-22,-9.760834967219949476e+00,9.000000000000000000e+01,-1.900986490897052788e-06,0.000000000000000000e+00,1.475334640652702791e-19,-2.171924733659284356e-05,3.164666525286480407e-26
8.309500000012698365e+03,4.063835955707456081e-22,7.553080045995414160e+00,1.000000075661539995e+03,1.012018941554774898e+02,-1.627450347189893478e-14,3.175616613945678139e-06,-8.847903797478874028e-06,-5.237814384135697203e-22,-9.760891786242671841e+00,9.000000000000000000e+01,-1.751321368361919894e-06,0.000000000000000000e+00,1.475334640748974011e-19,1.044902231674643708e-05,3.167044182030370708e-26
8.319500000012734745e+03,4.063835956374504927e-22,7.562169741700504488e+00,1.000000075837569284e+03,1.012018942722445587e+02,-1.627450346843832821e-14,3.162922937914765423e-06,1.536248219984286999e-05,9.599049830288387376e-22,-9.760835651303025884e+00,9.000000000000000000e+01,-1.885511591149923139e-06,0.000000000000000000e+00,1.475334640706865238e-19,-2.133195463471868674e-05,3.150799754893264403e-26
8.329500000012771125e+03,4.063835957028468169e-22,7.571259437412651394e+00,1.000000075993323662e+03,1.012018943671814526e+02,-1.627450346624203532e-14,3.150093999568305387e-06,1.440462058607870380e-05,9.002952290465007731e-22,-9.760864369977078070e+00,9.000000000000000000e+01,-1.814278539948681465e-06,0.000000000000000000e+00,1.475334640501043030e-19,-5.072783377921787946e-06,3.171761978538402208e-26
8.339500000012807504e+03,4.063835957671687393e-22,7.580349133131853989e+00,1.000000076094688893e+03,1.012018944540352265e+02,-1.627450346448042687e-14,3.137135732139452985e-06,4.320404568830542713e-06,2.838118079356558068e-22,-9.760893141512493543e+00,9.000000000000000000e+01,-1.866683547102095196e-06,0.000000000000000000e+00,1.475334640234207603e-19,1.121632018572701297e-05,3.133190529262761500e-26
8.349500000012843884e+03,4.063835958299172860e-22,7.589438828854788710e+00,1.000000076208468499e+03,1.012018944575975894e+02,-1.627450346773252489e-14,3.124045400606484075e-06,9.774990490915383027e-06,6.175760720870815419e-22,-9.760893858342070573e+00,9.000000000000000000e+01,-1.852218409855236459e-06,0.000000000000000000e+00,1.475334640588331713e-19,1.162214917541741725e-05,3.136428448553727585e-26
8.359500000012880264e+03,4.063835958912211502e-22,7.598528524583860744e+00,1.000000076320301787e+03,1.012018945008543227e+02,-1.627450346847375753e-14,3.110826812884796846e-06,5.230447225796421491e-07,5.074829253325622948e-23,-9.760893102213882955e+00,9.000000000000000000e+01,-1.793368046806493080e-06,0.000000000000000000e+00,1.475334640555110384e-19,1.119406167915954174e-05,3.139974114538491839e-26
8.369500000012916644e+03,4.063835959507211478e-22,7.607618220319870339e+00,1.000000076321475262e+03,1.012018946113805100e+02,-1.627450346499535110e-14,3.097484100753468751e-06,-7.707183598327968285e-06,-4.528583548977127615e-22,-9.760920975878500272e+00,9.000000000000000000e+01,-1.756493281051666380e-06,0.000000000000000000e+00,1.475334640154214825e-19,2.697483304241820882e-05,3.125429451678895614e-26
8.379500000012953024e+03,4.063835960086955888e-22,7.616707916062439132e+00,1.000000076366039025e+03,1.012018947103713913e+02,-1.627450346214120817e-14,3.084020895448940718e-06,1.007309856208592920e-06,8.030238213212019217e-23,-9.760892929476488789e+00,9.000000000000000000e+01,-1.846285504930184207e-06,0.000000000000000000e+00,1.475334639995566105e-19,1.109627148677160135e-05,3.149400463204532491e-26
8.389500000012989403e+03,4.063835960652016962e-22,7.625797611811600873e+00,1.000000076467702115e+03,1.012018947456418658e+02,-1.627450346310626273e-14,3.070437268807523466e-06,6.301895212280675973e-06,4.049030938342552811e-22,-9.760834007700834647e+00,9.000000000000000000e+01,-1.868015054513943090e-06,0.000000000000000000e+00,1.475334640142422116e-19,-2.226248537780444465e-05,3.165759837932789647e-26
8.399500000013025783e+03,4.063835961201695988e-22,7.634887307567113091e+00,1.000000076522342852e+03,1.012018948488534988e+02,-1.627450345982576257e-14,3.056734115064948025e-06,1.171363306537010252e-05,7.359791038629431622e-22,-9.760834899794245345e+00,9.000000000000000000e+01,-1.810570903745405814e-06,0.000000000000000000e+00,1.475334639909074758e-19,-2.175742052214400148e-05,3.159976298662572731e-26
8.409500000013062163e+03,4.063835961736073839e-22,7.643977003329013975e+00,1.000000076565034647e+03,1.012018949011521869e+02,-1.627450345957877653e-14,3.042917757043280475e-06,1.153812696863128276e-05,7.260060722343188462e-22,-9.760864550072883006e+00,9.000000000000000000e+01,-1.917217853769621658e-06,0.000000000000000000e+00,1.475334639886878416e-19,-4.970820709801527336e-06,3.138391341716039355e-26
8.419500000013098543e+03,4.063835962252351899e-22,7.653066699096969572e+00,1.000000076615083913e+03,1.012018949679025894e+02,-1.627450345834555343e-14,3.028990364806465062e-06,9.776397902802443776e-06,6.176660619365258733e-22,-9.760834868651830476e+00,9.000000000000000000e+01,-1.784011083933564413e-06,-9.478791598866935495e-25,1.475334639758367851e-19,-2.177505151331660639e-05,3.146153660086622566e-26
8.429500000013134922e+03,4.063835962751539681e-22,7.662156394870863529e+00,1.000000076607028063e+03,1.012018950269719539e+02,-1.627450345748932381e-14,3.014953696234637545e-06,2.450168701049430860e-06,1.689007309182243208e-22,-9.760951554527608209e+00,9.000000000000000000e+01,-1.811614914458486697e-06,0.000000000000000000e+00,1.475334639602522322e-19,4.428703830401121272e-05,3.104809207307061882e-26
8.439500000013171302e+03,4.063835963235895075e-22,7.671246090650515548e+00,1.000000076715201089e+03,1.012018951351656284e+02,-1.627450345354393381e-14,3.000809291687000959e-06,9.989327206832428430e-06,6.308940457292140461e-22,-9.760864345334706371e+00,9.000000000000000000e+01,-1.930085182122263051e-06,0.000000000000000000e+00,1.475334639332743111e-19,-5.086730229630765324e-06,3.152671288460963028e-26
8.449500000013207682e+03,4.063835963703002206e-22,7.680335786435854573e+00,1.000000076860226727e+03,1.012018951651442649e+02,-1.627450345429102926e-14,2.986557521913960287e-06,2.764547919229668574e-06,1.886786933810635783e-22,-9.760892893647636015e+00,9.000000000000000000e+01,-1.882598661061576856e-06,0.000000000000000000e+00,1.475334639321936478e-19,1.107599087628080314e-05,3.125441492164555371e-26
8.459500000013244062e+03,4.063835964152908562e-22,7.689425482226806885e+00,1.000000076960977140e+03,1.012018952575272692e+02,-1.627450345112331412e-14,2.972200252240863732e-06,1.278544939835554489e-05,8.028198052075749178e-22,-9.760864414734529149e+00,9.000000000000000000e+01,-2.024880774736847314e-06,0.000000000000000000e+00,1.475334639149224136e-19,-5.047437956870038563e-06,3.157285294903550342e-26
8.469500000013280442e+03,4.063835964584603691e-22,7.698515178023192185e+00,1.000000077053401583e+03,1.012018952419634132e+02,-1.627450345446330386e-14,2.957742311220986164e-06,-8.127499358503525624e-06,-4.795829645298655809e-22,-9.760832209556287609e+00,9.000000000000000000e+01,-1.804397167219873055e-06,0.000000000000000000e+00,1.475334639220270969e-19,-2.328050790032021444e-05,3.185229635597927997e-26
8.479500000013316821e+03,4.063835965001181491e-22,7.707604873824993597e+00,1.000000077052768347e+03,1.012018953150953564e+02,-1.627450345228821555e-14,2.943185143708176338e-06,3.535233289371933436e-06,2.344018036021468452e-22,-9.760893375467089683e+00,9.000000000000000000e+01,-1.737769889975077274e-06,0.000000000000000000e+00,1.475334639154561610e-19,1.134877141538494158e-05,3.163191832518250990e-26
8.489500000013353201e+03,4.063835965400763995e-22,7.716694569631890488e+00,1.000000077075166587e+03,1.012018954023943706e+02,-1.627450344915314032e-14,2.928534119837217310e-06,1.576579234775893430e-07,2.914731832678322639e-23,-9.760903782770254722e+00,9.000000000000000000e+01,-1.966608992751318173e-06,0.000000000000000000e+00,1.475334638837438467e-19,1.724090496870874274e-05,3.121404448360590258e-26
8.499500000013389581e+03,4.063835965779665791e-22,7.725784265443841115e+00,1.000000077163018318e+03,1.012018954420767045e+02,-1.627450344881770089e-14,2.913791812005309946e-06,9.483360411870595902e-06,5.991171366126585377e-22,-9.760893108079644165e+00,9.000000000000000000e+01,-1.761835315250215125e-06,0.000000000000000000e+00,1.475334638910943268e-19,1.119739337238448586e-05,3.141683242728496869e-26
8.509500000013425961e+03,4.063835966142784459e-22,7.734873961260623432e+00,1.000000077213067584e+03,1.012018955359067576e+02,-1.627450344508088571e-14,2.898957197431706604e-06,1.032429213558455389e-05,6.516648914916193575e-22,-9.760834485006370187e+00,9.000000000000000000e+01,-1.914694630685285933e-06,0.000000000000000000e+00,1.475334638585954868e-19,-2.199224721844233424e-05,3.153591783610281166e-26
8.519500000013462341e+03,4.063835966491203336e-22,7.743963657082210794e+00,1.000000077320281434e+03,1.012018956052294385e+02,-1.627450344276266648e-14,2.884035860353419309e-06,2.121595483126919552e-05,1.318509096178360118e-21,-9.760865266852805533e+00,9.000000000000000000e+01,-1.866441977612928659e-06,0.000000000000000000e+00,1.475334638498668112e-19,-4.565004109796490383e-06,3.136205792220499296e-26
8.529500000013498720e+03,4.063835966822791954e-22,7.753053352908406026e+00,1.000000077363876585e+03,1.012018956054005088e+02,-1.627450344458711243e-14,2.869030888287345976e-06,4.205706717891382044e-07,4.449626067363886281e-23,-9.760862918466594707e+00,9.000000000000000000e+01,-1.918817672774398070e-06,0.000000000000000000e+00,1.475334638434777071e-19,-5.894553144676628270e-06,3.168462535606118199e-26
8.539500000013535100e+03,4.063835967136237053e-22,7.762143048739088336e+00,1.000000077367797530e+03,1.012018956656386166e+02,-1.627450344263060170e-14,2.853941280886695406e-06,1.745840641868305773e-06,1.256100893225433766e-22,-9.760891241206865132e+00,9.000000000000000000e+01,-1.797770468818825044e-06,0.000000000000000000e+00,1.475334638274667052e-19,1.014046023742629412e-05,3.147375484739650579e-26
8.549500000013571480e+03,4.063835967436465363e-22,7.771232744573991269e+00,1.000000077437236882e+03,1.012018956649972949e+02,-1.627450344433016781e-14,2.838772896272993397e-06,1.005921370803959491e-05,6.352352525581574644e-22,-9.760863799731721357e+00,9.000000000000000000e+01,-1.844285597590917523e-06,1.895758319773387099e-24,1.475334638519853341e-19,-5.395623853858657288e-06,3.142429200451088421e-26
8.559500000013607860e+03,4.063835967718674755e-22,7.780322440413049989e+00,1.000000077597089103e+03,1.012018956931018181e+02,-1.627450344417049605e-14,2.823524661913077947e-06,1.157329215996896487e-05,7.256652356676587963e-22,-9.760902931112797276e+00,9.000000000000000000e+01,-1.641682483271069788e-06,0.000000000000000000e+00,1.475334638522661829e-19,1.675873405180589606e-05,3.177719231784631121e-26
8.569500000013644240e+03,4.063835967982057900e-22,7.789412136256284924e+00,1.000000077672973248e+03,1.012018958063344911e+02,-1.627450343869349474e-14,2.808198068347314259e-06,1.414329552933722494e-05,8.860937691470214526e-22,-9.760864293697830263e+00,9.000000000000000000e+01,-1.917884701586356200e-06,0.000000000000000000e+00,1.475334638060415049e-19,-5.115958062724240629e-06,3.122286377204972009e-26
8.579500000013680619e+03,4.063835968231026193e-22,7.798501832103483800e+00,1.000000077739637391e+03,1.012018958463303591e+02,-1.627450343762208279e-14,2.792798097154101498e-06,1.100177458811423425e-05,6.923662719702120954e-22,-9.760834001033140694e+00,9.000000000000000000e+01,-1.853695408560433210e-06,0.000000000000000000e+00,1.475334637930200037e-19,-2.226625007776258865e-05,3.166255963091057282e-26
8.589500000013716999e+03,4.063835968463052321e-22,7.807591527953680277e+00,1.000000078167729043e+03,1.012018958733541467e+02,-1.627450343725145700e-14,2.777324828620488408e-06,-4.861339293640544595e-06,-2.792162245938126783e-22,-9.760927522293069813e+00,9.000000000000000000e+01,-1.787908713751291983e-06,0.000000000000000000e+00,1.475334637723058327e-19,3.068111780031263587e-05,3.136629306644503167e-26
8.599500000013753379e+03,4.063835968676618486e-22,7.816681223807496970e+00,1.000000078383768027e+03,1.012018959305135439e+02,-1.627450343493321884e-14,2.761771909591643226e-06,1.492186141531104545e-05,9.331139877517062224e-22,-9.760864331124629700e+00,9.000000000000000000e+01,-1.884431907335534873e-06,0.000000000000000000e+00,1.475334637733280441e-19,-5.094769211114817145e-06,3.144006132032280188e-26
8.609500000013789759e+03,4.063835968874432086e-22,7.825770919664889469e+00,1.000000078501114672e+03,1.012018959534904923e+02,-1.627450343462152096e-14,2.746151519712351388e-06,1.251618029662566534e-05,7.847929963159162701e-22,-9.760834527403108751e+00,9.000000000000000000e+01,-1.881906648696202755e-06,0.000000000000000000e+00,1.475334637679274717e-19,-2.196824391862128709e-05,3.168215740083395477e-26
8.619500000013826138e+03,4.063835969052038938e-22,7.834860615525544247e+00,1.000000078616701103e+03,1.012018959939120464e+02,-1.627450343312803056e-14,2.730466511728998179e-06,1.318593067619401388e-05,8.262914620556119989e-22,-9.760834492860512412e+00,9.000000000000000000e+01,-1.843438475934837781e-06,0.000000000000000000e+00,1.475334637553155676e-19,-2.198779995939667586e-05,3.167604601037071931e-26
8.629500000013862518e+03,4.063835969214747104e-22,7.843950311389371599e+00,1.000000078782932860e+03,1.012018960181577398e+02,-1.627450343254345308e-14,2.714718096330352194e-06,4.428289741465917643e-06,2.906010573518191794e-22,-9.760833466374865708e+00,9.000000000000000000e+01,-1.871289524614040749e-06,0.000000000000000000e+00,1.475334637404927682e-19,-2.256894823062738107e-05,3.141049878024876640e-26
8.639500000013898898e+03,4.063835969358083124e-22,7.853040007256412380e+00,1.000000078765656781e+03,1.012018960511223185e+02,-1.627450343131713409e-14,2.698910191404261214e-06,7.264475542215409027e-07,6.350455568275187103e-23,-9.760862280355793175e+00,9.000000000000000000e+01,-1.797723498387289156e-06,0.000000000000000000e+00,1.475334637254471386e-19,-6.255816845554607005e-06,3.136888281187974250e-26
8.649500000013935278e+03,4.063835969485850896e-22,7.862129703126361946e+00,1.000000078847082364e+03,1.012018961063177898e+02,-1.627450342864416411e-14,2.683049855661791590e-06,4.186940395739891524e-06,2.763601179707464288e-22,-9.760892121749112249e+00,9.000000000000000000e+01,-1.887779453859993883e-06,0.000000000000000000e+00,1.475334637053038133e-19,1.063898720125372762e-05,3.104047485865980889e-26
8.659500000013971658e+03,4.063835969593205504e-22,7.871219398999167893e+00,1.000000078939553305e+03,1.012018961398361654e+02,-1.627450342718595788e-14,2.667134495866980713e-06,1.016908490324919090e-05,6.416222000982057264e-22,-9.760864019988144236e+00,9.000000000000000000e+01,-1.811927295817081420e-06,0.000000000000000000e+00,1.475334636988016330e-19,-5.270917957770352357e-06,3.145950663264019352e-26
8.669500000014008037e+03,4.063835969683490523e-22,7.880309094874669462e+00,1.000000078985001892e+03,1.012018961218177395e+02,-1.627450342878792612e-14,2.651168905972957829e-06,-1.175504763289039436e-05,-7.011896919710469466e-22,-9.760890090121996820e+00,9.000000000000000000e+01,-1.707475895411698325e-06,0.000000000000000000e+00,1.475334636890975943e-19,9.488771426498312874e-06,3.135589123790819568e-26
8.679500000014044417e+03,4.063835969750917819e-22,7.889398790752570001e+00,1.000000079040676383e+03,1.012018961161798245e+02,-1.627450342950632282e-14,2.635159114735897469e-06,4.988506688584740178e-06,3.231725547795511801e-22,-9.760892086790292410e+00,9.000000000000000000e+01,-1.635067947311123784e-06,0.000000000000000000e+00,1.475334637139723999e-19,1.061918964027282467e-05,3.165703622206124109e-26
8.689500000014080797e+03,4.063835969800046900e-22,7.898488486632829542e+00,1.000000079085202856e+03,1.012018961791255833e+02,-1.627450342592350907e-14,2.619104527507789533e-06,6.424338938195115792e-06,4.123398256257921827e-22,-9.760921925234827157e+00,9.000000000000000000e+01,-1.723120382334443438e-06,0.000000000000000000e+00,1.475334636834096972e-19,2.751232444270749225e-05,3.121212274521560091e-26
8.699500000014117177e+03,4.063835969833639708e-22,7.907578182515320186e+00,1.000000079176770555e+03,1.012018962332448382e+02,-1.627450342279741107e-14,2.603008351268067518e-06,6.245325313638087679e-06,4.013620589969459014e-22,-9.760832567947458571e+00,9.000000000000000000e+01,-1.880946833626649392e-06,0.000000000000000000e+00,1.475334636551437141e-19,-2.307759473261153987e-05,3.164554460392005048e-26
8.709500000014153557e+03,4.063835969853840813e-22,7.916667878399510805e+00,1.000000079452730688e+03,1.012018962472382810e+02,-1.627450342205139163e-14,2.586868290637377172e-06,1.837986424902934144e-05,1.143389023531783617e-21,-9.760834895855916571e+00,9.000000000000000000e+01,-1.607353229927787074e-06,0.000000000000000000e+00,1.475334636617727650e-19,-2.175964271110171895e-05,3.191711052586063176e-26
8.719500000014189936e+03,4.063835969857725587e-22,7.925757574285519524e+00,1.000000079622659882e+03,1.012018962155209749e+02,-1.627450342401677546e-14,2.570684814289132136e-06,2.779736769620433542e-06,1.893915456701175780e-22,-9.760860963866594631e+00,9.000000000000000000e+01,-1.837561981327615864e-06,0.000000000000000000e+00,1.475334636622857124e-19,-7.001153845583404272e-06,3.140171846892603098e-26
8.729500000014226316e+03,4.063835969839715133e-22,7.934847270173323253e+00,1.000000079754767967e+03,1.012018962862044305e+02,-1.627450341958983006e-14,2.554466757301767629e-06,-1.353545218314595152e-05,-8.093044519162007754e-22,-9.760889680046199501e+00,9.000000000000000000e+01,-1.894857943692434470e-06,0.000000000000000000e+00,1.475334636045747642e-19,9.256608212621511439e-06,3.129239110972534978e-26
8.739500000014262696e+03,4.063835969805660591e-22,7.943936966062613791e+00,1.000000079865669818e+03,1.012018962272244096e+02,-1.627450342301279534e-14,2.538213699469166825e-06,-7.507832037511055205e-06,-4.406304110010882266e-22,-9.760860766799501320e+00,9.000000000000000000e+01,-1.797209266306390314e-06,0.000000000000000000e+00,1.475334636419275977e-19,-7.112724354481233019e-06,3.134268886890347887e-26
8.749500000014299076e+03,4.063835969755288307e-22,7.953026661953608745e+00,1.000000079865166867e+03,1.012018963347183984e+02,-1.627450341615244124e-14,2.521931190670258237e-06,-4.110777042702070919e-06,-2.323294228429324202e-22,-9.760891793771849123e+00,9.000000000000000000e+01,-1.852961514651013671e-06,0.000000000000000000e+00,1.475334635840346973e-19,1.045330142079866822e-05,3.121138705044505265e-26
8.759500000014335455e+03,4.063835969687218251e-22,7.962116357845894221e+00,1.000000079960385392e+03,1.012018963238379001e+02,-1.627450341644306706e-14,2.505626384864170313e-06,1.818215552562436120e-07,3.088737840262717932e-23,-9.760861699483402987e+00,9.000000000000000000e+01,-1.930735007610342331e-06,0.000000000000000000e+00,1.475334635913482477e-19,-6.584679034469822707e-06,3.123487993384679978e-26
8.769500000014371835e+03,4.063835969602319817e-22,7.971206053739379627e+00,1.000000080023305486e+03,1.012018963493338219e+02,-1.627450341441242234e-14,2.489292464817865595e-06,9.174558363041685936e-06,5.809947650114203973e-22,-9.760823641837326647e+00,9.000000000000000000e+01,-1.856258910189255473e-06,0.000000000000000000e+00,1.475334635829614728e-19,-2.813113925644992696e-05,3.140642343727332088e-26
8.779500000014408215e+03,4.063835969497994223e-22,7.980295749633866009e+00,1.000000080076130075e+03,1.012018963930350424e+02,-1.627450341116127727e-14,2.472941022122627093e-06,9.707526206012271179e-06,6.132228314025977470e-22,-9.760833575239884041e+00,9.000000000000000000e+01,-1.957357547960501846e-06,-1.895758319773387099e-24,1.475334635543032019e-19,-2.250730880605985180e-05,3.156498834082575355e-26
8.789500000014444595e+03,4.063835969372427917e-22,7.989385445529400442e+00,1.000000080160256516e+03,1.012018963581951425e+02,-1.627450341259903938e-14,2.456571963671914345e-06,1.678019896966520869e-05,1.047257902004476591e-21,-9.760833528064514653e+00,9.000000000000000000e+01,-1.901560212072713984e-06,0.000000000000000000e+00,1.475334635749696339e-19,-2.253401986900774328e-05,3.141148851651526776e-26
8.799500000014480975e+03,4.063835969230698092e-22,7.998475141425426926e+00,1.000000080355033333e+03,1.012018963653018488e+02,-1.627450341138070366e-14,2.440184449646703907e-06,7.974596613352805477e-06,5.072789786712117455e-22,-9.760892157913701794e+00,9.000000000000000000e+01,-1.809669509104241430e-06,1.895758319773387099e-24,1.475334635542749629e-19,1.065946043631986698e-05,3.130046589583762700e-26
8.809500000014517354e+03,4.063835969069713671e-22,8.007564837321986317e+00,1.000000080666942495e+03,1.012018964051778767e+02,-1.627450340805040429e-14,2.423775522410399663e-06,2.180599959275980411e-05,1.353838988067326658e-21,-9.760864369224311332e+00,9.000000000000000000e+01,-1.819396993875341950e-06,0.000000000000000000e+00,1.475334635395090025e-19,-5.073195421338377161e-06,3.151686881856122860e-26
8.819500000014553734e+03,4.063835968893988550e-22,8.016654533219265133e+00,1.000000080864550569e+03,1.012018963299603769e+02,-1.627450341168461390e-14,2.407349853902428177e-06,-1.303926356764316600e-05,-7.800852225360409119e-22,-9.760918967485670450e+00,9.000000000000000000e+01,-1.740233649409088605e-06,0.000000000000000000e+00,1.475334635337544683e-19,2.583778501027322638e-05,3.141336332300070928e-26
8.829500000014590114e+03,4.063835968700763140e-22,8.025744229116929418e+00,1.000000080965254483e+03,1.012018964486888706e+02,-1.627450340334722504e-14,2.390913969206274557e-06,9.618954516610164743e-06,6.085643165336210499e-22,-9.760823645207013399e+00,9.000000000000000000e+01,-1.927527736269554255e-06,0.000000000000000000e+00,1.475334634837480825e-19,-2.812922900908690268e-05,3.149122899795331625e-26
8.839500000014626494e+03,4.063835968486913916e-22,8.034833925014895684e+00,1.000000081013478393e+03,1.012018963783916092e+02,-1.627450340646905372e-14,2.374471941283110657e-06,9.454255235542902150e-06,5.982672698566880535e-22,-9.760862853598174738e+00,9.000000000000000000e+01,-1.877422473706338349e-06,1.895758319773387099e-24,1.475334635115298626e-19,-5.931271889168138008e-06,3.137290653412663747e-26
8.849500000014662874e+03,4.063835968249519070e-22,8.043923620912645234e+00,1.000000081062614868e+03,1.012018963049434888e+02,-1.627450340965395341e-14,2.358030289709266627e-06,-8.763637205058841270e-06,-5.172861693310188106e-22,-9.760889654985573927e+00,9.000000000000000000e+01,-1.876221419925305370e-06,0.000000000000000000e+00,1.475334635200160396e-19,9.242416531396360335e-06,3.130495848991034567e-26
8.859500000014699253e+03,4.063835967999340959e-22,8.053013316810291755e+00,1.000000081094186726e+03,1.012018963094344457e+02,-1.627450340799427841e-14,2.341588349838956209e-06,-8.981821181416085233e-06,-5.313599683480325372e-22,-9.760918848142470239e+00,9.000000000000000000e+01,-1.672877821586738047e-06,-9.478791598866935495e-25,1.475334635047719430e-19,2.577021780247226086e-05,3.114100467423949221e-26
8.869500000014735633e+03,4.063835967729180383e-22,8.062103012707680705e+00,1.000000081140538668e+03,1.012018963786534300e+02,-1.627450340226347215e-14,2.325149813755135956e-06,1.735227852149595916e-05,1.081493571234759301e-21,-9.760793841340049681e+00,9.000000000000000000e+01,-1.834697319337115407e-06,0.000000000000000000e+00,1.475334634821802070e-19,-4.500278878831315662e-05,3.168126794216591228e-26
8.879500000014772013e+03,4.063835967442298636e-22,8.071192708604561616e+00,1.000000081275412867e+03,1.012018963985325826e+02,-1.627450339946050105e-14,2.308716567578886116e-06,1.096029403941146827e-05,6.900097825322141174e-22,-9.760892199038815775e+00,9.000000000000000000e+01,-1.838398874319840054e-06,0.000000000000000000e+00,1.475334634498730210e-19,1.068274607835087057e-05,3.136077635303920440e-26
8.889500000014808393e+03,4.063835967133179827e-22,8.080282404500506388e+00,1.000000081530166767e+03,1.012018963490937011e+02,-1.627450340077866238e-14,2.292287219285889678e-06,3.410880948473919418e-05,2.106917368827072149e-21,-9.760865338583780471e+00,9.000000000000000000e+01,-1.719406792132804256e-06,0.000000000000000000e+00,1.475334634870556505e-19,-4.524391490193787250e-06,3.144628500894938899e-26
8.899500000014844773e+03,4.063835966813773562e-22,8.089372100395532783e+00,1.000000081637361973e+03,1.012018963121998922e+02,-1.627450340127224002e-14,2.275865823478089429e-06,1.107087593499211731e-05,6.968504115563843138e-22,-9.760862308074791827e+00,9.000000000000000000e+01,-1.803826397598956405e-06,0.000000000000000000e+00,1.475334634660497252e-19,-6.240125871213872554e-06,3.140920888671239976e-26
8.909500000014881152e+03,4.063835966474521190e-22,8.098461796289898373e+00,1.000000081695727999e+03,1.012018963518735006e+02,-1.627450339696675080e-14,2.259458506963365899e-06,-7.863960560236126193e-06,-4.626268397524708319e-22,-9.760860219486117373e+00,9.000000000000000000e+01,-1.754053973722046115e-06,0.000000000000000000e+00,1.475334634064357415e-19,-7.422583033642347073e-06,3.137190111847339530e-26
8.919500000014917532e+03,4.063835966118877725e-22,8.107551492183162622e+00,1.000000081793684558e+03,1.012018963382104459e+02,-1.627450339583791293e-14,2.243065604830154038e-06,4.302577323286794459e-06,2.822356491062097734e-22,-9.760861832932128834e+00,9.000000000000000000e+01,-1.814140427542193550e-06,0.000000000000000000e+00,1.475334634095557721e-19,-6.509125599460078092e-06,3.150553107999792555e-26
8.929500000014953912e+03,4.063835965753292870e-22,8.116641188075098157e+00,1.000000081796711356e+03,1.012018963342712539e+02,-1.627450339405768737e-14,2.226692257549510478e-06,1.390453502724255438e-05,8.707769919914179713e-22,-9.760833552379072131e+00,9.000000000000000000e+01,-1.878794564995921742e-06,0.000000000000000000e+00,1.475334634040160754e-19,-2.252025376168588033e-05,3.156050645268755404e-26
8.939500000014990292e+03,4.063835965367205041e-22,8.125730883966181040e+00,1.000000081867994709e+03,1.012018963555784978e+02,-1.627450339061925094e-14,2.210338478208911640e-06,5.296533271888907836e-06,3.434960072979873980e-22,-9.760832598145830374e+00,9.000000000000000000e+01,-1.947107332666393728e-06,0.000000000000000000e+00,1.475334633635301872e-19,-2.306049509080291469e-05,3.167177550553909409e-26
8.949500000015026671e+03,4.063835964965715416e-22,8.134820579856578249e+00,1.000000081906989180e+03,1.012018962317464030e+02,-1.627450339597994576e-14,2.194008828416954007e-06,5.103396748437496521e-06,3.303029433517563907e-22,-9.760844072308755059e+00,9.000000000000000000e+01,-1.633857835310357929e-06,0.000000000000000000e+00,1.475334634113062257e-19,-1.656436607828470317e-05,3.176456596649409071e-26
8.959500000015063051e+03,4.063835964543860116e-22,8.143910275745458449e+00,1.000000082357190536e+03,1.012018963025574010e+02,-1.627450338931399538e-14,2.177697128744539508e-06,1.342527895996173268e-05,8.410126977270649940e-22,-9.760862862090592174e+00,9.000000000000000000e+01,-1.843441300267394854e-06,0.000000000000000000e+00,1.475334633604568604e-19,-5.926464050105946628e-06,3.140151256886177310e-26
8.969500000015099431e+03,4.063835964101011897e-22,8.152999971632702625e+00,1.000000082512367499e+03,1.012018962283743377e+02,-1.627450339140740503e-14,2.161407686450071274e-06,1.021277592838765458e-05,6.446843979376699089e-22,-9.760891910517921488e+00,9.000000000000000000e+01,-1.804936691071599141e-06,0.000000000000000000e+00,1.475334633755807549e-19,1.051939447868022432e-05,3.124683858222273099e-26
8.979500000015135811e+03,4.063835963638681036e-22,8.162089667518030112e+00,1.000000082590095644e+03,1.012018961885276980e+02,-1.627450339129100072e-14,2.145148493905255928e-06,2.244487836737935727e-06,1.565009605444162859e-22,-9.760861240994877619e+00,9.000000000000000000e+01,-1.770702650813260603e-06,0.000000000000000000e+00,1.475334633656092045e-19,-6.844257074065804915e-06,3.130232965722383586e-26
8.989500000015172191e+03,4.063835963162983862e-22,8.171179363401142481e+00,1.000000082641048380e+03,1.012018962215127971e+02,-1.627450338664310168e-14,2.128925290328761975e-06,7.754019803024023283e-06,4.938721868812909190e-22,-9.760861946459192140e+00,9.000000000000000000e+01,-1.970641070976540407e-06,0.000000000000000000e+00,1.475334633297628815e-19,-6.444853877609330294e-06,3.151196887484059348e-26
8.999500000015208570e+03,4.063835962669492056e-22,8.180269059282130328e+00,1.000000082647772501e+03,1.012018961936498442e+02,-1.627450338562061489e-14,2.112737474161108102e-06,1.769611724576353122e-05,1.102246774802017513e-21,-9.760834117259914677e+00,9.000000000000000000e+01,-1.949129580221742898e-06,0.000000000000000000e+00,1.475334633313423608e-19,-2.220044727925106243e-05,3.149332557781435411e-26
9.009500000015244950e+03,4.063835962155212807e-22,8.189358755160645487e+00,1.000000082683060327e+03,1.012018961409315665e+02,-1.627450338600344593e-14,2.096591471560731627e-06,-6.004740143745276666e-07,-1.765147950887773474e-23,-9.760860295518854812e+00,9.000000000000000000e+01,-1.837869528243094658e-06,0.000000000000000000e+00,1.475334633144906663e-19,-7.379541502726497848e-06,3.141011501226592769e-26
9.019500000015281330e+03,4.063835961621624418e-22,8.198448451036192353e+00,1.000000082879727756e+03,1.012018961298579285e+02,-1.627450338373132142e-14,2.080485871995357225e-06,6.850028871441841048e-06,4.385021773351488175e-22,-9.760861793025101818e+00,9.000000000000000000e+01,-1.796459164290313944e-06,0.000000000000000000e+00,1.475334633020939608e-19,-6.531723377080338600e-06,3.137531565937964023e-26
9.029500000015317710e+03,4.063835961071242446e-22,8.207538146908740728e+00,1.000000083118081079e+03,1.012018960913309229e+02,-1.627450338304804797e-14,2.064418944056025499e-06,1.141099557855156111e-05,7.188067009150635485e-22,-9.760852746111144285e+00,9.000000000000000000e+01,-1.909521445773666622e-06,0.000000000000000000e+00,1.475334633008024563e-19,-1.165366429313932409e-05,3.123333354281551603e-26
9.039500000015354090e+03,4.063835960501862605e-22,8.216627842778791546e+00,1.000000083205010696e+03,1.012018960576779847e+02,-1.627450338196029082e-14,2.048396541402429798e-06,1.244076447616622837e-05,7.804009155943263775e-22,-9.760855153152871111e+00,9.000000000000000000e+01,-1.742556726548429683e-06,0.000000000000000000e+00,1.475334632919463323e-19,-1.029091090269196405e-05,3.150436718292795400e-26
9.049500000015390469e+03,4.063835959911058204e-22,8.225717538645810123e+00,1.000000083233863165e+03,1.012018960366456355e+02,-1.627450337998086210e-14,2.032425301342063241e-06,1.169028321431243488e-05,7.346854097182578413e-22,-9.760928489066142077e+00,9.000000000000000000e+01,-1.718156757809676746e-06,0.000000000000000000e+00,1.475334632731480041e-19,3.122845807173454203e-05,3.116262331590414501e-26
9.059500000015426849e+03,4.063835959303714127e-22,8.234807234509665008e+00,1.000000083283930962e+03,1.012018960194868242e+02,-1.627450337767424544e-14,2.016508777681871746e-06,1.505755049553697414e-05,9.410471835624812269e-22,-9.760861106220747985e+00,9.000000000000000000e+01,-1.820580032994659115e-06,0.000000000000000000e+00,1.475334632559330793e-19,-6.920561305847533538e-06,3.140880693294207936e-26
9.069500000015463229e+03,4.063835958675876482e-22,8.243896930370583576e+00,1.000000083328438905e+03,1.012018959592582235e+02,-1.627450337788998943e-14,2.000648938317299624e-06,3.392341173017244606e-06,2.262952535375621930e-22,-9.760930131515062058e+00,9.000000000000000000e+01,-1.711820507662139867e-06,0.000000000000000000e+00,1.475334632448201987e-19,3.215833454332521799e-05,3.116909137136532736e-26
9.079500000015499609e+03,4.063835958030625534e-22,8.252986626227874822e+00,1.000000083486363337e+03,1.012018958822650916e+02,-1.627450337903777258e-14,1.984847969752674198e-06,8.982197959933554038e-06,5.695476795975442203e-22,-9.760830981682348195e+00,9.000000000000000000e+01,-1.873582908094875512e-06,0.000000000000000000e+00,1.475334632610756975e-19,-2.397566816983650337e-05,3.137849907052970734e-26
9.089500000015535988e+03,4.063835957371031673e-22,8.262076322081020052e+00,1.000000083808423938e+03,1.012018958602022281e+02,-1.627450337674264489e-14,1.969099075658532174e-06,8.594003704716866109e-06,5.452342865768712267e-22,-9.760920524780257068e+00,9.000000000000000000e+01,-1.825141609963251542e-06,0.000000000000000000e+00,1.475334632397964827e-19,2.671944963845313489e-05,3.123395481285525985e-26
9.099500000015572368e+03,4.063835956695535255e-22,8.271166017930676517e+00,1.000000084021631665e+03,1.012018958036251206e+02,-1.627450337647317000e-14,1.953406704026908941e-06,-2.491040905226900643e-06,-1.331170659156261240e-22,-9.760889687889255484e+00,9.000000000000000000e+01,-1.924077241551165456e-06,1.895758319773387099e-24,1.475334632249594555e-19,9.261039468324447029e-06,3.135965243967715355e-26
9.109500000015608748e+03,4.063835956007057148e-22,8.280255713776949023e+00,1.000000084050484020e+03,1.012018957660057623e+02,-1.627450337496772363e-14,1.937780715786505168e-06,1.521704258880353364e-05,9.502057165761201490e-22,-9.760921418338925903e+00,9.000000000000000000e+01,-1.631648189473176716e-06,0.000000000000000000e+00,1.475334632306669970e-19,2.722534072791939420e-05,3.113577441119587961e-26
9.119500000015645128e+03,4.063835955304136917e-22,8.289345409619174987e+00,1.000000084022190435e+03,1.012018956928730233e+02,-1.627450337555884550e-14,1.922220719491740191e-06,4.653446396051306849e-06,3.035889327359722742e-22,-9.760919845150006324e+00,9.000000000000000000e+01,-1.651479456800850806e-06,0.000000000000000000e+00,1.475334632241262741e-19,2.633467105733240874e-05,3.108499504870079285e-26
9.129500000015681508e+03,4.063835954583266417e-22,8.298435105457436123e+00,1.000000084012318439e+03,1.012018956632606432e+02,-1.627450337338666651e-14,1.906734038011661432e-06,1.852531932172559934e-05,1.151229123458454159e-21,-9.760943591336275205e+00,9.000000000000000000e+01,-1.552887706785096489e-06,9.478791598866935495e-25,1.475334632196018072e-19,3.977865067927673954e-05,3.140292761110087887e-26
9.139500000015717887e+03,4.063835953845438705e-22,8.307524801291435779e+00,1.000000084162885287e+03,1.012018956315721567e+02,-1.627450337124787527e-14,1.891321577329140725e-06,-4.455829805451879568e-06,-2.541078200136172754e-22,-9.760852115602400403e+00,9.000000000000000000e+01,-1.748258799536919994e-06,0.000000000000000000e+00,1.475334631748965677e-19,-1.201063367887145738e-05,3.146200818471128950e-26
9.149500000015754267e+03,4.063835953092564666e-22,8.316614497120880856e+00,1.000000084375208189e+03,1.012018955809950711e+02,-1.627450337018190015e-14,1.875977362626108286e-06,-9.753210968784005265e-06,-5.780517706831931529e-22,-9.760917777018484287e+00,9.000000000000000000e+01,-1.730781498895653299e-06,0.000000000000000000e+00,1.475334631592461239e-19,2.516379206847756816e-05,3.102076189577332571e-26
9.159500000015790647e+03,4.063835952322252403e-22,8.325704192945822868e+00,1.000000084479684006e+03,1.012018955062053180e+02,-1.627450337050231652e-14,1.860708727329195786e-06,9.252812468962794896e-06,5.849889210217414849e-22,-9.760920411725836132e+00,9.000000000000000000e+01,-1.659472852270742374e-06,0.000000000000000000e+00,1.475334631827560230e-19,2.665543897027086706e-05,3.119687408941499358e-26
9.169500000015827027e+03,4.063835951533317019e-22,8.334793888765954506e+00,1.000000084512187186e+03,1.012018954770260848e+02,-1.627450336792746821e-14,1.845517304901421395e-06,1.591471710649677664e-05,9.935329076711676167e-22,-9.760832763719639260e+00,9.000000000000000000e+01,-1.795825267020079436e-06,0.000000000000000000e+00,1.475334631667034691e-19,-2.296676776880801271e-05,3.158000476496936076e-26
9.179500000015863407e+03,4.063835950733375716e-22,8.343883584581645252e+00,1.000000084494948396e+03,1.012018953946390241e+02,-1.627450336854834277e-14,1.830413007843658519e-06,-4.445140381947397945e-07,-8.212674134628466177e-24,-9.760889524210917045e+00,9.000000000000000000e+01,-1.747776932780459531e-06,0.000000000000000000e+00,1.475334631540178260e-19,9.168368989545880779e-06,3.120204777038290034e-26
9.189500000015899786e+03,4.063835949917542670e-22,8.352973280394227373e+00,1.000000084489705046e+03,1.012018953873020308e+02,-1.627450336448682929e-14,1.815396331548019671e-06,8.307101891732901852e-06,5.285122384005450322e-22,-9.760860562828929332e+00,9.000000000000000000e+01,-1.872092322060079553e-06,0.000000000000000000e+00,1.475334631269069194e-19,-7.228211649545241782e-06,3.124713790971115698e-26
9.199500000015936166e+03,4.063835949081834835e-22,8.362062976200828501e+00,1.000000084867095552e+03,1.012018953619591315e+02,-1.627450336141873781e-14,1.800460372455525627e-06,-1.419981861504705380e-05,-8.501732691238029533e-22,-9.760927625435948940e+00,9.000000000000000000e+01,-1.808473569655136227e-06,0.000000000000000000e+00,1.475334630742955448e-19,3.073950643292101516e-05,3.108454350289809961e-26
9.209500000015972546e+03,4.063835948232291902e-22,8.371152672001811013e+00,1.000000085031483309e+03,1.012018952915565393e+02,-1.627450336103266928e-14,1.785606263325401533e-06,1.654996162328066877e-05,1.032519942122257934e-21,-9.760862334420890463e+00,9.000000000000000000e+01,-1.794738229763267553e-06,0.000000000000000000e+00,1.475334631043595279e-19,-6.225217930392181922e-06,3.128354415088782467e-26
9.219500000016008926e+03,4.063835947367264417e-22,8.380242367797407610e+00,1.000000085103670131e+03,1.012018951666938307e+02,-1.627450336389558750e-14,1.770844042432141325e-06,1.147390421066019885e-05,7.211146148488243867e-22,-9.760861317351123390e+00,9.000000000000000000e+01,-1.764653337586866828e-06,0.000000000000000000e+00,1.475334631241883730e-19,-6.801040533663424314e-06,3.151765439386410388e-26
9.229500000016045306e+03,4.063835946491763748e-22,8.389332063585991150e+00,1.000000085127651687e+03,1.012018950752123061e+02,-1.627450336465588849e-14,1.756175084795208561e-06,1.637368415157160434e-05,1.021185949723225577e-21,-9.760854881625665058e+00,9.000000000000000000e+01,-1.743866224521881799e-06,0.000000000000000000e+00,1.475334631361140201e-19,-1.044465190548085769e-05,3.143477344205582191e-26
9.239500000016081685e+03,4.063835945597550619e-22,8.398421759366877737e+00,1.000000085023073439e+03,1.012018950492412017e+02,-1.627450336130097350e-14,1.741602985541553168e-06,2.111171824233528500e-05,1.311353791529313671e-21,-9.760892212766115961e+00,9.000000000000000000e+01,-1.730598120834938754e-06,0.000000000000000000e+00,1.475334631108965675e-19,1.069049552681766424e-05,3.133866293141089913e-26
9.249500000016118065e+03,4.063835944682675591e-22,8.407511455142351764e+00,1.000000085129644731e+03,1.012018950092489149e+02,-1.627450335869159833e-14,1.727129981341069852e-06,1.886605078314594332e-05,1.173906779445350860e-21,-9.760832996096198144e+00,9.000000000000000000e+01,-1.764477923635074670e-06,0.000000000000000000e+00,1.475334630846821091e-19,-2.283521487561163168e-05,3.144796173724118722e-26
9.259500000016154445e+03,4.063835943752189998e-22,8.416601150911642293e+00,1.000000085237165877e+03,1.012018949548778863e+02,-1.627450335687576359e-14,1.712751511430855071e-06,2.034048851321781161e-05,1.264982432391852543e-21,-9.760824106849327109e+00,9.000000000000000000e+01,-1.812921537210506879e-06,0.000000000000000000e+00,1.475334630696948593e-19,-2.786789230604667434e-05,3.131952121614877496e-26
9.269500000016190825e+03,4.063835942804611306e-22,8.425690846675102819e+00,1.000000085280127792e+03,1.012018948415186799e+02,-1.627450335857750380e-14,1.698474079238125116e-06,2.479045757069695745e-06,1.708859076804579957e-22,-9.760859455635877424e+00,9.000000000000000000e+01,-1.779306051226619309e-06,0.000000000000000000e+00,1.475334630650074588e-19,-7.855061657902650518e-06,3.133586215064450845e-26
9.279500000016227204e+03,4.063835941846476205e-22,8.434780542432879002e+00,1.000000085192155098e+03,1.012018948152497870e+02,-1.627450335488761323e-14,1.684302599579356896e-06,1.573783473739570968e-05,9.817685418231168747e-22,-9.760803085019105652e+00,9.000000000000000000e+01,-1.685827259139035917e-06,0.000000000000000000e+00,1.475334630461134119e-19,-3.976946955899241518e-05,3.165963930729062692e-26
9.289500000016263584e+03,4.063835940876243387e-22,8.443870238184580046e+00,1.000000085047949142e+03,1.012018947152903507e+02,-1.627450335564318420e-14,1.670242407733505441e-06,-4.896245688708886481e-06,-2.807063614612946790e-22,-9.760888525202144450e+00,9.000000000000000000e+01,-1.811994011132079707e-06,0.000000000000000000e+00,1.475334630299000188e-19,8.602766232981745427e-06,3.123357222617341560e-26
9.299500000016299964e+03,4.063835939891698219e-22,8.452959933929488301e+00,1.000000085124112616e+03,1.012018946316852208e+02,-1.627450335531838492e-14,1.656296343868759869e-06,1.981480276915971038e-05,1.231712923918374872e-21,-9.760862351282945326e+00,9.000000000000000000e+01,-1.717878497441704734e-06,0.000000000000000000e+00,1.475334630538197076e-19,-6.215684524367610422e-06,3.147626992996216856e-26
9.309500000016336344e+03,4.063835938891996697e-22,8.462049629668005224e+00,1.000000085405865661e+03,1.012018945635776817e+02,-1.627450335396185656e-14,1.642452051625137601e-06,3.631217785455389575e-06,2.409355101119680986e-22,-9.760889553291697496e+00,9.000000000000000000e+01,-1.736328437149000433e-06,0.000000000000000000e+00,1.475334630234967833e-19,9.184820982708206591e-06,3.133782134522532446e-26
9.319500000016372724e+03,4.063835937880047935e-22,8.471139325400770304e+00,1.000000085531836362e+03,1.012018945215346406e+02,-1.627450335094117247e-14,1.628714409494292677e-06,2.471394905979275509e-05,1.532090185451029674e-21,-9.760833588317463949e+00,9.000000000000000000e+01,-1.767876206367812543e-06,0.000000000000000000e+00,1.475334630192177280e-19,-2.249993009127882157e-05,3.159717259683856494e-26
9.329500000016409103e+03,4.063835936854709352e-22,8.480229021126589828e+00,1.000000085488408786e+03,1.012018944077870088e+02,-1.627450335223580365e-14,1.615093217145827589e-06,1.053721762768742926e-05,6.640619769459418162e-22,-9.760890586390761570e+00,9.000000000000000000e+01,-1.719834869348491797e-06,0.000000000000000000e+00,1.475334630149108672e-19,9.769712281719175660e-06,3.125191587853642173e-26
9.339500000016445483e+03,4.063835935817534011e-22,8.489318716845692947e+00,1.000000085385711827e+03,1.012018943618481615e+02,-1.627450334931372086e-14,1.601591343551086079e-06,-7.865047247751635068e-06,-4.622548800013420063e-22,-9.760887981248789202e+00,9.000000000000000000e+01,-1.814167805756891625e-06,0.000000000000000000e+00,1.475334629680881639e-19,8.294802625837116171e-06,3.121575418410099313e-26
9.349500000016481863e+03,4.063835934763325286e-22,8.498408412558008607e+00,1.000000085342917600e+03,1.012018942816785341e+02,-1.627450334839356510e-14,1.588209826324616651e-06,1.628375846437814933e-05,1.016298440116334574e-21,-9.760854798239424923e+00,9.000000000000000000e+01,-1.835113793889324846e-06,0.000000000000000000e+00,1.475334629860316680e-19,-1.049186973079938011e-05,3.130188773678792678e-26
9.359500000016518243e+03,4.063835933694404075e-22,8.507498108262751657e+00,1.000000085545359184e+03,1.012018941804104060e+02,-1.627450334868358193e-14,1.574948012003269169e-06,8.384725227444204073e-06,5.320002456010177831e-22,-9.760860704528569798e+00,9.000000000000000000e+01,-1.690024268207820234e-06,-9.478791598866935495e-25,1.475334629795743620e-19,-7.148007237161896686e-06,3.135763698288175348e-26
9.369500000016554623e+03,4.063835932608979392e-22,8.516587803961094494e+00,1.000000085518276364e+03,1.012018941369167067e+02,-1.627450334534510049e-14,1.561808626981909153e-06,2.137571315413376368e-05,1.327905480031541663e-21,-9.760891971845364168e+00,9.000000000000000000e+01,-1.763827385702746896e-06,0.000000000000000000e+00,1.475334629635234933e-19,1.055409162125694859e-05,3.120168700203650866e-26
9.379500000016591002e+03,4.063835931507512974e-22,8.525677499652436708e+00,1.000000085457060436e+03,1.012018939983639001e+02,-1.627450334773720128e-14,1.548796658541066275e-06,2.449657133490335196e-05,1.519489590056889000e-21,-9.760929001848408504e+00,9.000000000000000000e+01,-1.719509892993358420e-06,0.000000000000000000e+00,1.475334629880830723e-19,3.151874244836766324e-05,3.103838479135947279e-26
9.389500000016627382e+03,4.063835930383826891e-22,8.534767195336424805e+00,1.000000085385693183e+03,1.012018939310394501e+02,-1.627450334564679561e-14,1.535916390497203614e-06,1.468179665158013330e-05,9.180950427570135386e-22,-9.760890896877214118e+00,9.000000000000000000e+01,-1.769303308531166397e-06,0.000000000000000000e+00,1.475334629581299746e-19,9.945488698127952145e-06,3.118638789965240860e-26
9.399500000016663762e+03,4.063835929246233769e-22,8.543856891012849175e+00,1.000000085373381125e+03,1.012018938810655015e+02,-1.627450334241667526e-14,1.523168486478193205e-06,7.213474290721134381e-06,4.607161181139789010e-22,-9.760830640755902010e+00,9.000000000000000000e+01,-1.792008270624636283e-06,0.000000000000000000e+00,1.475334629205212573e-19,-2.416871014383375528e-05,3.152055207694067057e-26
9.409500000016700142e+03,4.063835928092876328e-22,8.552946586680572949e+00,1.000000085625629822e+03,1.012018937834295116e+02,-1.627450334201849614e-14,1.510549057450369275e-06,1.736484784454369105e-06,1.254223744948402032e-22,-9.760889051642596570e+00,9.000000000000000000e+01,-1.801969564331480403e-06,0.000000000000000000e+00,1.475334629105300142e-19,8.900802168505868197e-06,3.126845440659216676e-26
9.419500000016736522e+03,4.063835926921451068e-22,8.562036282342086579e+00,1.000000085653839619e+03,1.012018936797268225e+02,-1.627450334189107933e-14,1.498061655250245326e-06,9.579779940301225911e-06,6.052622108432344847e-22,-9.760830643519488703e+00,9.000000000000000000e+01,-1.763162827885383057e-06,0.000000000000000000e+00,1.475334629176124531e-19,-2.416714985764579078e-05,3.159198346121046186e-26
9.429500000016772901e+03,4.063835925737536416e-22,8.571125977995992073e+00,1.000000085669187797e+03,1.012018936282267987e+02,-1.627450333849782570e-14,1.485714998758075859e-06,1.482749568232887761e-05,9.275772628210253976e-22,-9.760832035730013345e+00,9.000000000000000000e+01,-1.836309478894055527e-06,0.000000000000000000e+00,1.475334628925283711e-19,-2.337894429097415167e-05,3.148568783222655954e-26
9.439500000016809281e+03,4.063835924542040324e-22,8.580215673641262697e+00,1.000000085541587282e+03,1.012018935127757686e+02,-1.627450333895637476e-14,1.473508266453928424e-06,1.596018805666397046e-05,9.959401936297489608e-22,-9.760861336212798278e+00,9.000000000000000000e+01,-1.766184176721711363e-06,0.000000000000000000e+00,1.475334628974778425e-19,-6.790384050888948142e-06,3.142693476678079344e-26
9.449500000016845661e+03,4.063835923335479068e-22,8.589305369278230629e+00,1.000000085526453290e+03,1.012018934332487561e+02,-1.627450333715408319e-14,1.461448187140738854e-06,3.504563064367833514e-06,2.334422014473872845e-22,-9.760859708806954416e+00,9.000000000000000000e+01,-1.776554286205091922e-06,0.000000000000000000e+00,1.475334628671895367e-19,-7.711743305065716275e-06,3.141036418116862993e-26
9.459500000016882041e+03,4.063835922115799295e-22,8.598395064906618757e+00,1.000000085665322786e+03,1.012018933594679027e+02,-1.627450333492872235e-14,1.449528652022210068e-06,5.211865693861348634e-06,3.379466126810559140e-22,-9.760859750255081124e+00,9.000000000000000000e+01,-1.838108502399641108e-06,0.000000000000000000e+00,1.475334628486676999e-19,-7.688277367311971021e-06,3.139445900614242449e-26
9.469500000016918420e+03,4.063835920883446753e-22,8.607484760527194467e+00,1.000000085603184971e+03,1.012018932932572142e+02,-1.627450333216754194e-14,1.437753620088731700e-06,7.936977339483826543e-06,5.050363384911503361e-22,-9.760859483394083824e+00,9.000000000000000000e+01,-1.784006809268072604e-06,0.000000000000000000e+00,1.475334628264580203e-19,-7.839360794999408817e-06,3.137218516696423485e-26
9.479500000016954800e+03,4.063835919637831343e-22,8.616574456139456828e+00,1.000000085514318243e+03,1.012018931123316747e+02,-1.627450333635787010e-14,1.426128744858885766e-06,6.099274977056040080e-06,3.926835252196011757e-22,-9.760859708205344987e+00,9.000000000000000000e+01,-1.789680969708678470e-06,0.000000000000000000e+00,1.475334628616613956e-19,-7.712090989951143945e-06,3.136762108288568763e-26
9.489500000016991180e+03,4.063835918380090473e-22,8.625664151743434260e+00,1.000000085363667495e+03,1.012018930861246702e+02,-1.627450333100710231e-14,1.414657415646593171e-06,9.183530318913934900e-07,7.538164580312633344e-23,-9.760859117721430778e+00,9.000000000000000000e+01,-1.768256778818777614e-06,0.000000000000000000e+00,1.475334628074849381e-19,-8.046391053348284910e-06,3.129092386958047946e-26
9.499500000017027560e+03,4.063835917112619332e-22,8.634753847337957922e+00,1.000000085500674345e+03,1.012018929424877314e+02,-1.627450333279452859e-14,1.403340713000256185e-06,1.070587427067975697e-05,6.745603780947006401e-22,-9.760852923531867731e+00,9.000000000000000000e+01,-1.783815085431874101e-06,0.000000000000000000e+00,1.475334628338749691e-19,-1.155325634586782626e-05,3.139733114820582407e-26
9.509500000017063940e+03,4.063835915833484936e-22,8.643843542924313894e+00,1.000000085662584752e+03,1.012018929313066451e+02,-1.627450332640739005e-14,1.392168253900801243e-06,3.138798661662015152e-05,1.941486243783341420e-21,-9.760824903015826948e+00,9.000000000000000000e+01,-1.900737389854400721e-06,0.000000000000000000e+00,1.475334627988339256e-19,-2.741715982512734051e-05,3.130868162411529083e-26
9.519500000017100319e+03,4.063835914538146115e-22,8.652933238502223290e+00,1.000000085623487848e+03,1.012018927822533811e+02,-1.627450332837052721e-14,1.381150558302068905e-06,3.713501885042642241e-06,2.467999638175962740e-22,-9.760928441157838975e+00,9.000000000000000000e+01,-1.802157904057498137e-06,1.895758319773387099e-24,1.475334627855912554e-19,3.120129577445724859e-05,3.097895653454980912e-26
9.529500000017136699e+03,4.063835913225117514e-22,8.662022934070980895e+00,1.000000085540125156e+03,1.012018926468504816e+02,-1.627450332940065965e-14,1.370291222553531329e-06,5.561321745603448310e-06,3.596700084049761165e-22,-9.760859665705389432e+00,9.000000000000000000e+01,-1.766171276391923324e-06,0.000000000000000000e+00,1.475334627964336391e-19,-7.736155184252421532e-06,3.126773245104459032e-26
9.539500000017173079e+03,4.063835911902853760e-22,8.671112629630808755e+00,1.000000085375495246e+03,1.012018925116420434e+02,-1.627450333036749389e-14,1.359596227542759704e-06,1.285953608212947120e-05,8.054778262409255975e-22,-9.760860170576330930e+00,9.000000000000000000e+01,-1.649508988675715703e-06,0.000000000000000000e+00,1.475334628126870193e-19,-7.450325290545598166e-06,3.150414238565188045e-26
9.549500000017209459e+03,4.063835910566981542e-22,8.680202325181049616e+00,1.000000085521731535e+03,1.012018924422159785e+02,-1.627450332723251647e-14,1.349060871861012770e-06,-1.695534007300800541e-05,-1.018982341440270626e-21,-9.760885319053567599e+00,9.000000000000000000e+01,-1.780393775483242360e-06,0.000000000000000000e+00,1.475334627513052246e-19,6.787569177776262844e-06,3.115544717507144206e-26
9.559500000017245839e+03,4.063835909218264463e-22,8.689292020722207965e+00,1.000000085498299427e+03,1.012018922806654899e+02,-1.627450332966526884e-14,1.338686743624100939e-06,-4.313233568651905524e-07,-8.166089787296910116e-24,-9.760997599736967345e+00,9.000000000000000000e+01,-1.548434803008860185e-06,0.000000000000000000e+00,1.475334627908625738e-19,7.035564182042907885e-05,3.083568934300269465e-26
9.569500000017282218e+03,4.063835907857044356e-22,8.698381716254200313e+00,1.000000085436133645e+03,1.012018922356998729e+02,-1.627450332489207976e-14,1.328481221759330763e-06,6.611874126485535078e-06,4.230648190832047276e-22,-9.760859579820962750e+00,9.000000000000000000e+01,-1.608227093687628373e-06,0.000000000000000000e+00,1.475334627552831366e-19,-7.784782448489127067e-06,3.140636845370018572e-26
9.579500000017318598e+03,4.063835906482043223e-22,8.707471411776728232e+00,1.000000085295625013e+03,1.012018921802010851e+02,-1.627450332068749216e-14,1.318443304969096232e-06,1.707115381985509713e-05,1.064720080438279746e-21,-9.760890701588641249e+00,9.000000000000000000e+01,-1.798871856738359702e-06,0.000000000000000000e+00,1.475334627285882309e-19,9.834909422611629932e-06,3.121873842912236869e-26
9.589500000017354978e+03,4.063835905102960774e-22,8.716561107289752641e+00,1.000000085243582703e+03,1.012018920579378971e+02,-1.627450332054756717e-14,1.308577535049039807e-06,1.878930741517537070e-06,1.339357630791372720e-22,-9.760927377004982475e+00,9.000000000000000000e+01,-1.705059411742472054e-06,0.000000000000000000e+00,1.475334627101509665e-19,3.059881603705666105e-05,3.103020720503854859e-26
9.599500000017391358e+03,4.063835903711151012e-22,8.725650802793925465e+00,1.000000085487542719e+03,1.012018918682882287e+02,-1.627450332446466861e-14,1.298876935573283592e-06,1.819362237384813443e-07,2.989319173072133259e-23,-9.760858476110639614e+00,9.000000000000000000e+01,-1.660053647000015127e-06,0.000000000000000000e+00,1.475334627429928628e-19,-8.409659480401527186e-06,3.123519353343482345e-26
9.609500000017427737e+03,4.063835902310963738e-22,8.734740498287523636e+00,1.000000085551701432e+03,1.012018918123653890e+02,-1.627450332014741589e-14,1.289340211938683978e-06,-3.995504434454452553e-06,-2.256760735747389730e-22,-9.760887349669220114e+00,9.000000000000000000e+01,-1.746968690224806030e-06,0.000000000000000000e+00,1.475334626991553510e-19,7.937203452267862553e-06,3.122149797506954210e-26
9.619500000017464117e+03,4.063835900902512737e-22,8.743830193771424675e+00,1.000000085420459527e+03,1.012018917118325874e+02,-1.627450331851429712e-14,1.279980298774321865e-06,-1.809397116361447286e-06,-9.167883637885752003e-23,-9.760946538046670895e+00,9.000000000000000000e+01,-1.725548595889334860e-06,0.000000000000000000e+00,1.475334626864258929e-19,4.144689654323676796e-05,3.085451348320485345e-26
9.629500000017500497e+03,4.063835899481381915e-22,8.752919889245548646e+00,1.000000085330670686e+03,1.012018916208399588e+02,-1.627450331622811510e-14,1.270797236136526785e-06,1.782501709908980995e-05,1.109876601610459602e-21,-9.760860816218794866e+00,9.000000000000000000e+01,-1.726014178205826303e-06,0.000000000000000000e+00,1.475334626870024923e-19,-7.084799331514885627e-06,3.148015347728670453e-26
9.639500000017536877e+03,4.063835898058177991e-22,8.762009584709955945e+00,1.000000085240881845e+03,1.012018914624629389e+02,-1.627450331805584902e-14,1.261791178341271172e-06,4.799890549042034760e-06,3.129605398062152928e-22,-9.760859159071578972e+00,9.000000000000000000e+01,-1.786311082968136762e-06,0.000000000000000000e+00,1.475334626886291086e-19,-8.023000913643653050e-06,3.134377192770070074e-26
9.649500000017573257e+03,4.063835896620593538e-22,8.771099280164149192e+00,1.000000085281087081e+03,1.012018913698942981e+02,-1.627450331577404046e-14,1.252961377128299323e-06,-2.780268891749308851e-06,-1.512171945275534061e-22,-9.760887298988222938e+00,9.000000000000000000e+01,-1.696977978518997591e-06,0.000000000000000000e+00,1.475334626593142160e-19,7.908504812683901021e-06,3.118842601966475773e-26
9.659500000017609636e+03,4.063835895177336621e-22,8.780188975608020030e+00,1.000000085193142240e+03,1.012018912838597799e+02,-1.627450331306181676e-14,1.244309068477533416e-06,2.103878773608846713e-05,1.307709599340793096e-21,-9.760861333524845307e+00,9.000000000000000000e+01,-1.796074317173856852e-06,0.000000000000000000e+00,1.475334626606800855e-19,-6.791927603934134620e-06,3.114683856389157990e-26
9.669500000017646016e+03,4.063835893727824193e-22,8.789278671042685787e+00,1.000000085102356934e+03,1.012018911299028474e+02,-1.627450331447320882e-14,1.235841447255075702e-06,3.263847474137043027e-05,2.017801734754881829e-21,-9.760833111608601342e+00,9.000000000000000000e+01,-1.757206870299999613e-06,0.000000000000000000e+00,1.475334626856296172e-19,-2.276986013722506091e-05,3.133943411792873573e-26
9.679500000017682396e+03,4.063835892273341774e-22,8.798368366467773427e+00,1.000000084952609654e+03,1.012018910387040052e+02,-1.627450331201446822e-14,1.227554641398625144e-06,1.892743122018691179e-05,1.177853403829930935e-21,-9.760860781998497160e+00,9.000000000000000000e+01,-1.734973011965948056e-06,0.000000000000000000e+00,1.475334626479741238e-19,-7.104179728713846166e-06,3.130360168886375061e-26
9.689500000017718776e+03,4.063835890798925322e-22,8.807458061881542122e+00,1.000000085068391627e+03,1.012018909117481513e+02,-1.627450331163612106e-14,1.219449473882309671e-06,2.483281978292067192e-06,1.713381230623737823e-22,-9.760858601864276451e+00,9.000000000000000000e+01,-1.805924724022286335e-06,0.000000000000000000e+00,1.475334626259991668e-19,-8.338470506677398748e-06,3.128447191999904178e-26
9.699500000017755156e+03,4.063835889316936806e-22,8.816547757284658005e+00,1.000000085150068571e+03,1.012018908463149103e+02,-1.627450330744685314e-14,1.211523101036013734e-06,2.073085510425289163e-05,1.287885832367990390e-21,-9.760861210515592745e+00,9.000000000000000000e+01,-1.594922528121817052e-06,0.000000000000000000e+00,1.475334626079313680e-19,-6.861571120558408096e-06,3.121786616319914377e-26
9.709500000017791535e+03,4.063835887830741431e-22,8.825637452677753458e+00,1.000000085126645899e+03,1.012018907022787033e+02,-1.627450330804981108e-14,1.203780369128462776e-06,6.303794207488721444e-06,4.046716486715556270e-22,-9.760859157143517706e+00,9.000000000000000000e+01,-1.747505364299537505e-06,0.000000000000000000e+00,1.475334625969845026e-19,-8.024099518424483062e-06,3.142163074615083953e-26
9.719500000017827915e+03,4.063835886336559747e-22,8.834727148060608215e+00,1.000000084992572624e+03,1.012018905255463608e+02,-1.627450331060780932e-14,1.196224628947546595e-06,1.144633953045106879e-05,7.187972501654551588e-22,-9.760965279566311992e+00,9.000000000000000000e+01,-1.573773188045269689e-06,0.000000000000000000e+00,1.475334626251057279e-19,5.205745367264534226e-05,3.107662951340723090e-26
9.729500000017864295e+03,4.063835884829015044e-22,8.843816843432810160e+00,1.000000084821647079e+03,1.012018904512062392e+02,-1.627450330682415474e-14,1.188860058756570588e-06,4.383437934670120797e-06,2.878762118187189865e-22,-9.760828711057614626e+00,9.000000000000000000e+01,-1.821328557455613488e-06,0.000000000000000000e+00,1.475334625828804361e-19,-2.526125336177062082e-05,3.137641645041640188e-26
9.739500000017900675e+03,4.063835883311415161e-22,8.852906538794018232e+00,1.000000084920842255e+03,1.012018903751782091e+02,-1.627450330308801167e-14,1.181684623733415196e-06,2.003449693886507973e-05,1.246236734552128324e-21,-9.760860838062583866e+00,9.000000000000000000e+01,-1.805665139871403982e-06,-1.895758319773387099e-24,1.475334625660286454e-19,-7.072442998365234415e-06,3.125626180333375244e-26
9.749500000017937055e+03,4.063835881781696402e-22,8.861996234145598450e+00,1.000000084870681121e+03,1.012018902101067823e+02,-1.627450330473597050e-14,1.174697657085750467e-06,-8.539187770800658547e-06,-5.037384964588002514e-22,-9.760915460977102498e+00,9.000000000000000000e+01,-1.689439046146431085e-06,0.000000000000000000e+00,1.475334625488837763e-19,2.385249580426748235e-05,3.096046053986498748e-26
9.759500000017973434e+03,4.063835880241105261e-22,8.871085929486021371e+00,1.000000084717245727e+03,1.012018900788215490e+02,-1.627450330425619161e-14,1.167906127975727070e-06,6.994238607950084521e-06,4.471140110894796989e-22,-9.760889725710946152e+00,9.000000000000000000e+01,-1.728306289464788453e-06,0.000000000000000000e+00,1.475334625611431148e-19,9.282387144444786538e-06,3.121704638518748717e-26
9.769500000018009814e+03,4.063835878690979920e-22,8.880175624815407787e+00,1.000000084528773982e+03,1.012018899739354083e+02,-1.627450330210672235e-14,1.161312359118315940e-06,5.440755189805843893e-06,3.523191069393128852e-22,-9.760828221343762934e+00,9.000000000000000000e+01,-1.791094306431370993e-06,0.000000000000000000e+00,1.475334625396197885e-19,-2.553851024245002186e-05,3.144862351194098283e-26
9.779500000018046194e+03,4.063835877133530779e-22,8.889265320134057902e+00,1.000000084442663933e+03,1.012018898582193458e+02,-1.627450330057927938e-14,1.154917265578433294e-06,-1.839146927828474003e-05,-1.107302929244849831e-21,-9.760984272868830303e+00,9.000000000000000000e+01,-1.698011633346035872e-06,0.000000000000000000e+00,1.475334624991616577e-19,6.281057115230104910e-05,3.061484695493708092e-26
9.789500000018082574e+03,4.063835875568618660e-22,8.898355015440843729e+00,1.000000084678335156e+03,1.012018897302335461e+02,-1.627450329976379915e-14,1.148713108434891509e-06,5.286280959953248937e-06,3.427067265254090594e-22,-9.760851313706258026e+00,9.000000000000000000e+01,-1.725282726962402054e-06,0.000000000000000000e+00,1.475334625173551476e-19,-1.246469904799908880e-05,3.133240297206318809e-26
9.799500000018118953e+03,4.063835874003455455e-22,8.907444710736626803e+00,1.000000084657715661e+03,1.012018895749541088e+02,-1.627450330061874767e-14,1.142703326751652461e-06,-3.640798923390889560e-06,-2.029883487357110419e-22,-9.760798371641833171e+00,9.000000000000000000e+01,-1.967310445002986934e-06,0.000000000000000000e+00,1.475334625147081494e-19,-4.243802217186071099e-05,3.148048633711114668e-26
9.809500000018155333e+03,4.063835872425570580e-22,8.916534406021577652e+00,1.000000084484703848e+03,1.012018894475003492e+02,-1.627450329969490951e-14,1.136891540941695112e-06,1.637602072391692025e-05,1.021307519804725273e-21,-9.760860110241791787e+00,9.000000000000000000e+01,-1.599352226571097366e-06,-9.478791598866935495e-25,1.475334625278790065e-19,-7.484514482406686666e-06,3.119589593081104821e-26
9.819500000018191713e+03,4.063835870845615895e-22,8.925624101296401491e+00,1.000000084327598984e+03,1.012018893910255315e+02,-1.627450329441764146e-14,1.131282402182595720e-06,-4.980863998202231748e-06,-2.861925565991362205e-22,-9.760856947375483372e+00,9.000000000000000000e+01,-1.784096628132277157e-06,0.000000000000000000e+00,1.475334624564674742e-19,-9.275180055306642772e-06,3.145502668784281775e-26
9.829500000018228093e+03,4.063835869250197816e-22,8.934713796559105248e+00,1.000000084318919107e+03,1.012018892094919238e+02,-1.627450329671067395e-14,1.125877452753161410e-06,-2.026253292127641466e-06,-1.050737794297931002e-22,-9.760886762749168000e+00,9.000000000000000000e+01,-1.740092000225795123e-06,0.000000000000000000e+00,1.475334624797827340e-19,7.604888290934213288e-06,3.119877369248857873e-26
9.839500000018264473e+03,4.063835867652495517e-22,8.943803491810164985e+00,1.000000084314849232e+03,1.012018891366479494e+02,-1.627450329233743419e-14,1.120670860096972870e-06,1.462587421052408666e-05,9.143451524193584461e-22,-9.760889113007687357e+00,9.000000000000000000e+01,-1.813117281267822880e-06,0.000000000000000000e+00,1.475334624582811465e-19,8.935495459793113351e-06,3.128428436653448457e-26
9.849500000018300852e+03,4.063835866048317184e-22,8.952893187050262824e+00,1.000000084250867417e+03,1.012018889151336793e+02,-1.627450329702996697e-14,1.115666664251138022e-06,3.959938100541854300e-06,2.613448832699203836e-22,-9.760826360352064412e+00,9.000000000000000000e+01,-1.761764248936412630e-06,0.000000000000000000e+00,1.475334624881626237e-19,-2.659213065624280213e-05,3.152729330908822344e-26
9.859500000018337232e+03,4.063835864444531467e-22,8.961982882278970663e+00,1.000000084074381789e+03,1.012018888834651875e+02,-1.627450329010029408e-14,1.110867939373030010e-06,4.953785810734163152e-06,3.230153203961957146e-22,-9.760927941110502104e+00,9.000000000000000000e+01,-1.848375103911468394e-06,0.000000000000000000e+00,1.475334624264973802e-19,3.091815233805040902e-05,3.091272175334229557e-26
9.869500000018373612e+03,4.063835862832196614e-22,8.971072577496252975e+00,1.000000083848107579e+03,1.012018887450500699e+02,-1.627450328965930506e-14,1.106275977390046703e-06,-8.216055629484113077e-06,-4.840606939956412089e-22,-9.760885668116280556e+00,9.000000000000000000e+01,-1.774521351986012804e-06,0.000000000000000000e+00,1.475334624075041961e-19,6.985156229090946762e-06,3.125457962421218982e-26
9.879500000018409992e+03,4.063835861219951569e-22,8.980162272702422399e+00,1.000000083902161577e+03,1.012018886019388617e+02,-1.627450328950742409e-14,1.101896525694085460e-06,1.776393832942126918e-05,1.107046399896274535e-21,-9.760859736056932690e+00,9.000000000000000000e+01,-1.795671073729122162e-06,0.000000000000000000e+00,1.475334624341810222e-19,-7.696367557620672353e-06,3.127096779751937780e-26
9.889500000018446372e+03,4.063835859610079612e-22,8.989251967896803919e+00,1.000000083957100287e+03,1.012018884750690972e+02,-1.627450328837280861e-14,1.097711791831863632e-06,1.014166691938322374e-05,6.401373562043110244e-22,-9.760917705636529718e+00,9.000000000000000000e+01,-1.642665478223141604e-06,0.000000000000000000e+00,1.475334624150628452e-19,2.512329889969726313e-05,3.105153634825493710e-26
9.899500000018482751e+03,4.063835858001016865e-22,8.998341663079482800e+00,1.000000083881141563e+03,1.012018883818873149e+02,-1.627450328518202717e-14,1.093730815988718139e-06,-4.848558982742627786e-06,-2.778404768077813653e-22,-9.760922365264191214e+00,9.000000000000000000e+01,-1.748050765816314723e-06,0.000000000000000000e+00,1.475334623693771869e-19,2.776136206359353377e-05,3.105290455644274503e-26
9.909500000018519131e+03,4.063835856388165735e-22,9.007431358250753917e+00,1.000000083727743458e+03,1.012018882653861169e+02,-1.627450328339665508e-14,1.089956104418829578e-06,-1.000357637016131898e-06,-4.211799524822803240e-23,-9.760916888853964579e+00,9.000000000000000000e+01,-1.749953780737765509e-06,0.000000000000000000e+00,1.475334623570396316e-19,2.466087349080633200e-05,3.105521682639982421e-26
9.919500000018555511e+03,4.063835854769815642e-22,9.016521053410890829e+00,1.000000083532826920e+03,1.012018881665450465e+02,-1.627450328049972118e-14,1.086391838246518060e-06,1.166709781217185173e-06,9.022185097930296861e-23,-9.760857454529606514e+00,9.000000000000000000e+01,-1.745065217303481273e-06,0.000000000000000000e+00,1.475334623328602793e-19,-8.988064321404891100e-06,3.138658051062724967e-26
9.929500000018591891e+03,4.063835853143653214e-22,9.025610748559477869e+00,1.000000083458702989e+03,1.012018880186407870e+02,-1.627450328056405437e-14,1.083036903067123315e-06,2.709984860042052670e-05,1.678833059052679133e-21,-9.760856592640926976e+00,9.000000000000000000e+01,-1.815145126599411547e-06,0.000000000000000000e+00,1.475334623614326056e-19,-9.476031090563285706e-06,3.116751778476703305e-26
9.939500000018628270e+03,4.063835851511061773e-22,9.034700443695735217e+00,1.000000083461115082e+03,1.012018878358529719e+02,-1.627450328272870131e-14,1.079885607754159612e-06,-1.246110653756887855e-07,1.269024382976295735e-23,-9.760916181310173911e+00,9.000000000000000000e+01,-1.866993994683443463e-06,0.000000000000000000e+00,1.475334623503988085e-19,2.426028958856982402e-05,3.093717830531962985e-26
9.949500000018664650e+03,4.063835849878134610e-22,9.043790138822053848e+00,1.000000083291092892e+03,1.012018877195992559e+02,-1.627450328081782145e-14,1.076943064321141694e-06,-5.190989794468725981e-10,1.946143646607143493e-23,-9.760916180650836438e+00,9.000000000000000000e+01,-1.850169292973938046e-06,0.000000000000000000e+00,1.475334623328148273e-19,2.425991618713694233e-05,3.110924655449255243e-26
9.959500000018701030e+03,4.063835848233938688e-22,9.052879833935980614e+00,1.000000083191134081e+03,1.012018875527707849e+02,-1.627450328194001396e-14,1.074211341892635695e-06,1.265582065980291195e-06,9.610506669252879107e-23,-9.760886703823935306e+00,9.000000000000000000e+01,-1.667513294505482229e-06,0.000000000000000000e+00,1.475334623437228853e-19,7.571510790105784060e-06,3.122783011599856793e-26
9.969500000018737410e+03,4.063835846593698539e-22,9.061969529038073290e+00,1.000000082957511722e+03,1.012018874317267745e+02,-1.627450328028253200e-14,1.071693109594994202e-06,1.139136939314580840e-05,7.162267594030653845e-22,-9.760829316025462887e+00,9.000000000000000000e+01,-1.810086950545074309e-06,0.000000000000000000e+00,1.475334623394317208e-19,-2.491878102564514292e-05,3.146831104189471947e-26
9.979500000018773790e+03,4.063835844947703641e-22,9.071059224128504184e+00,1.000000082899089875e+03,1.012018872859682830e+02,-1.627450328010472275e-14,1.069388589561627193e-06,1.700059404726389102e-05,1.059799556784262587e-21,-9.760852172359992807e+00,9.000000000000000000e+01,-1.717643085506401600e-06,0.000000000000000000e+00,1.475334623434569866e-19,-1.197859628322059886e-05,3.133154061143393256e-26
9.989500000018810169e+03,4.063835843297803750e-22,9.080148919206642688e+00,1.000000083021353930e+03,1.012018871490658825e+02,-1.627450327936337651e-14,1.067289585969658066e-06,1.799237233721660053e-05,1.120545462266242993e-21,-9.760948105859522883e+00,9.000000000000000000e+01,-1.587703610439080733e-06,0.000000000000000000e+00,1.475334623373346719e-19,4.233446964635523751e-05,3.080371243926285827e-26
9.999500000018846549e+03,4.063835841645444725e-22,9.089238614272732164e+00,1.000000082964738795e+03,1.012018870550884628e+02,-1.627450327598302549e-14,1.065396987774412763e-06,5.535150987220774204e-06,3.575697519565601882e-22,-9.760887416373435599e+00,9.000000000000000000e+01,-1.784595873439517128e-06,0.000000000000000000e+00,1.475334622927156659e-19,7.974918385950768824e-06,3.136055021082765193e-26
1.000950000001888293e+04,4.063835839999135264e-22,9.098328309327849084e+00,1.000000082800257928e+03,1.012018869458772485e+02,-1.627450327356555178e-14,1.063718221592405530e-06,2.023401509494526893e-07,3.171798140018842159e-23,-9.760856278401533359e+00,9.000000000000000000e+01,-1.780462729908736488e-06,0.000000000000000000e+00,1.475334622646019998e-19,-9.653945882556932008e-06,3.118076073090608507e-26
1.001950000001891931e+04,4.063835838354658634e-22,9.107418004371632847e+00,1.000000082575865122e+03,1.012018868084057601e+02,-1.627450327288910040e-14,1.062254407719207918e-06,3.015281924111256240e-05,1.866028263344416168e-21,-9.760792707583586747e+00,9.000000000000000000e+01,-1.808613793949932722e-06,0.000000000000000000e+00,1.475334622909317733e-19,-4.564477571266470785e-05,3.144445122679147228e-26
1.002950000001895569e+04,4.063835836706642826e-22,9.116507699403396003e+00,1.000000082400310816e+03,1.012018867388711669e+02,-1.627450326803368046e-14,1.061002033988101786e-06,1.016875280759665548e-05,6.419351418316868904e-22,-9.760889818100983106e+00,9.000000000000000000e+01,-1.794726627099789664e-06,1.895758319773387099e-24,1.475334622247851797e-19,9.334663006272945801e-06,3.111876748514510362e-26
1.003950000001899207e+04,4.063835835055208680e-22,9.125597394422975128e+00,1.000000082434955971e+03,1.012018865159038796e+02,-1.627450327255392603e-14,1.059960025322426223e-06,7.947566662113688256e-06,5.058006741979911597e-22,-9.760857939337601152e+00,9.000000000000000000e+01,-1.692945925738212683e-06,0.000000000000000000e+00,1.475334622623859285e-19,-8.713608210484157914e-06,3.124080199955289456e-26
1.004950000001902845e+04,4.063835833405005512e-22,9.134687089430970630e+00,1.000000082343313807e+03,1.012018864264142479e+02,-1.627450326890925927e-14,1.059127212179204411e-06,5.563452145828392840e-06,3.601056532672855960e-22,-9.760827563705795740e+00,9.000000000000000000e+01,-1.810138653641976189e-06,0.000000000000000000e+00,1.475334622264830555e-19,-2.591087019640284491e-05,3.137100741812222456e-26
1.005950000001906483e+04,4.063835831752764977e-22,9.143776784427259940e+00,1.000000082102287593e+03,1.012018862372173373e+02,-1.627450327135719563e-14,1.058509579510900021e-06,8.411174615254020062e-06,5.340118326075049196e-22,-9.760858036565412732e+00,9.000000000000000000e+01,-1.768270162592877161e-06,0.000000000000000000e+00,1.475334622510463900e-19,-8.658566559364719596e-06,3.134551178242651091e-26
1.006950000001910121e+04,4.063835830103863786e-22,9.152866479411553513e+00,1.000000081877000639e+03,1.012018861421716878e+02,-1.627450326805808466e-14,1.058106571756609102e-06,1.311157828802121561e-05,8.216970010102239693e-22,-9.760888971204250808e+00,9.000000000000000000e+01,-1.715114340979138565e-06,0.000000000000000000e+00,1.475334622260359749e-19,8.855178435575852128e-06,3.122439954721946252e-26
1.007950000001913759e+04,4.063835828453078513e-22,9.161956174385466056e+00,1.000000081692244862e+03,1.012018859725505564e+02,-1.627450326931461387e-14,1.057920714594097933e-06,-3.260839717412348504e-07,-1.690230567408691135e-24,-9.760915358679929099e+00,9.000000000000000000e+01,-1.569252500287662145e-06,0.000000000000000000e+00,1.475334622219825424e-19,2.379453493948275838e-05,3.110140629035962613e-26
1.008950000001917397e+04,4.063835826803154172e-22,9.171045869346674095e+00,1.000000081632845081e+03,1.012018858953092604e+02,-1.627450326492203440e-14,1.057946651818264739e-06,-3.728040532160641698e-06,-2.084621288989174106e-22,-9.760914965890027162e+00,9.000000000000000000e+01,-1.846734014029145526e-06,0.000000000000000000e+00,1.475334621782645826e-19,2.357215617695864444e-05,3.091385869540339686e-26
1.009950000001921035e+04,4.063835825153615393e-22,9.180135564295358819e+00,1.000000081704398667e+03,1.012018857567638719e+02,-1.627450326428408574e-14,1.058178245942695210e-06,1.496034702411265247e-06,1.109334610934957611e-22,-9.760886161708850040e+00,9.000000000000000000e+01,-1.761824679475360252e-06,0.000000000000000000e+00,1.475334621777182445e-19,7.264572607690049076e-06,3.110671271772663506e-26
1.010950000001924673e+04,4.063835823504451362e-22,9.189225259232530973e+00,1.000000081618316472e+03,1.012018856580948238e+02,-1.627450326120670464e-14,1.058618592822901416e-06,1.408533121774954592e-06,1.056608587363480690e-22,-9.760886206466295789e+00,9.000000000000000000e+01,-1.806243568267993633e-06,-1.895758319773387099e-24,1.475334621494333873e-19,7.289911906344091107e-06,3.114797487218022407e-26
1.011950000001928311e+04,4.063835821855147212e-22,9.198314954154646728e+00,1.000000081451395545e+03,1.012018854829290291e+02,-1.627450326281264243e-14,1.059273462415312371e-06,9.916279460790635653e-06,6.261017122814264290e-22,-9.760858131419421824e+00,9.000000000000000000e+01,-1.823521918852825470e-06,0.000000000000000000e+00,1.475334621726582728e-19,-8.604874157524158959e-06,3.148016385430317621e-26
1.012950000001931949e+04,4.063835820200140973e-22,9.207404649064200086e+00,1.000000081126727196e+03,1.012018853236238556e+02,-1.627450326341395007e-14,1.060141694235840726e-06,1.383306691761269272e-05,8.664196184936597268e-22,-9.760828414818410792e+00,9.000000000000000000e+01,-1.806232245493327803e-06,0.000000000000000000e+00,1.475334621818297197e-19,-2.542902657370687156e-05,3.138220565195696361e-26
1.013950000001935587e+04,4.063835818539862408e-22,9.216494343963356428e+00,1.000000080808475559e+03,1.012018851657075942e+02,-1.627450326390141247e-14,1.061227715687480266e-06,5.795572693978682179e-06,3.740651903880685323e-22,-9.760887303616595290e+00,9.000000000000000000e+01,-1.755079231884725152e-06,0.000000000000000000e+00,1.475334621768152722e-19,7.911055949363817304e-06,3.112726500640578858e-26
1.014950000001939225e+04,4.063835816884048840e-22,9.225584038849676816e+00,1.000000080728121134e+03,1.012018850410349131e+02,-1.627450326237893617e-14,1.062527767259918861e-06,1.663794088832641480e-05,1.037644669368613831e-21,-9.760799273797111653e+00,9.000000000000000000e+01,-1.701866898175406285e-06,0.000000000000000000e+00,1.475334621745086100e-19,-4.192731534897035949e-05,3.140743560184664031e-26
1.015950000001942863e+04,4.063835815235350305e-22,9.234673733723894884e+00,1.000000080568483099e+03,1.012018849222022254e+02,-1.627450326053853630e-14,1.064036405541557847e-06,1.293472962655700602e-05,8.113408700357699341e-22,-9.760828420147921847e+00,9.000000000000000000e+01,-1.781722763895782565e-06,0.000000000000000000e+00,1.475334621533654381e-19,-2.542601413864545816e-05,3.144312185842256373e-26
1.016950000001946501e+04,4.063835813584429145e-22,9.243763428586742492e+00,1.000000080227162698e+03,1.012018847632785992e+02,-1.627450326113847448e-14,1.065758224846194913e-06,1.483542461032620636e-05,9.273576090342714628e-22,-9.760858433358563957e+00,9.000000000000000000e+01,-1.632344018504168656e-06,9.478791598866935495e-25,1.475334621602933451e-19,-8.433939581102256521e-06,3.109861157131509651e-26
1.017950000001950139e+04,4.063835811934001222e-22,9.252853123437919436e+00,1.000000079952292140e+03,1.012018846394981182e+02,-1.627450325959240808e-14,1.067698792218205240e-06,7.875478488787864437e-06,5.017158508326997093e-22,-9.760857506290742336e+00,9.000000000000000000e+01,-1.848124170869319596e-06,0.000000000000000000e+00,1.475334621382151343e-19,-8.958805371808944198e-06,3.128143499035637646e-26
1.018950000001953777e+04,4.063835810290031465e-22,9.261942818277281830e+00,1.000000079662660141e+03,1.012018845342741571e+02,-1.627450325694341947e-14,1.069854629855392922e-06,1.545808115968965953e-05,9.660719358783916172e-22,-9.760887962327075229e+00,9.000000000000000000e+01,-1.796675671008590435e-06,0.000000000000000000e+00,1.475334621222205027e-19,8.283979544889965793e-06,3.117227147307103865e-26
1.019950000001957414e+04,4.063835808649870780e-22,9.271032513105460282e+00,1.000000079408958527e+03,1.012018844051517732e+02,-1.627450325577875786e-14,1.072223760663431233e-06,-6.277841854017708759e-06,-3.661245888059571554e-22,-9.760958205009478306e+00,9.000000000000000000e+01,-1.598435896045148974e-06,0.000000000000000000e+00,1.475334620872858669e-19,4.805210565837637595e-05,3.102108775417687210e-26
1.020950000001961052e+04,4.063835807017313193e-22,9.280122207922135047e+00,1.000000079351626368e+03,1.012018842548654476e+02,-1.627450325595364832e-14,1.074802953216813628e-06,-7.143861543147811755e-06,-4.184751067819465266e-22,-9.760884347987794030e+00,9.000000000000000000e+01,-1.670456681585458183e-06,0.000000000000000000e+00,1.475334620873712578e-19,6.237707184480372102e-06,3.125932964781365564e-26
1.021950000001964690e+04,4.063835805382261206e-22,9.289211902725988068e+00,1.000000079287849417e+03,1.012018841313152819e+02,-1.627450325447785049e-14,1.077584047068605759e-06,2.007395185166473572e-06,1.421339181455240023e-22,-9.760945068715377815e+00,9.000000000000000000e+01,-1.725323972395511185e-06,0.000000000000000000e+00,1.475334620836408037e-19,4.061494514392869167e-05,3.081710098120328710e-26
1.022950000001968328e+04,4.063835803745912414e-22,9.298301597518316086e+00,1.000000079098697711e+03,1.012018840278735325e+02,-1.627450325176313399e-14,1.080574317924304994e-06,8.593320124891983189e-07,7.137949066692846947e-23,-9.760887915926998559e+00,9.000000000000000000e+01,-1.711292510140579483e-06,0.000000000000000000e+00,1.475334620574436305e-19,8.257703203870139601e-06,3.124705877337428137e-26
1.023950000001971966e+04,4.063835802114005110e-22,9.307391292299268315e+00,1.000000078822877299e+03,1.012018838744760814e+02,-1.627450325213065482e-14,1.083777322477415517e-06,2.045008178251316418e-05,1.270863735563223021e-21,-9.760829156307927690e+00,9.000000000000000000e+01,-1.642904961268437100e-06,0.000000000000000000e+00,1.475334620817516831e-19,-2.500924726996312181e-05,3.130378677718156987e-26
1.024950000001975604e+04,4.063835800485416462e-22,9.316480987068656461e+00,1.000000078445673012e+03,1.012018837413961450e+02,-1.627450325127298947e-14,1.087193133892527000e-06,-2.206311358489529421e-06,-1.160782086670032877e-22,-9.760884928617874934e+00,9.000000000000000000e+01,-1.706045231027101156e-06,0.000000000000000000e+00,1.475334620485978584e-19,6.566426707581496519e-06,3.113082297284767824e-26
1.025950000001979242e+04,4.063835798859544616e-22,9.325570681826128805e+00,1.000000078133875490e+03,1.012018836295975746e+02,-1.627450324912736354e-14,1.090822102155323527e-06,1.406749530951881892e-05,8.801786664077651658e-22,-9.760887286384264172e+00,9.000000000000000000e+01,-1.703268734012370643e-06,0.000000000000000000e+00,1.475334620466857229e-19,7.901284005939403113e-06,3.112908717023016398e-26
1.026950000001982880e+04,4.063835797240988107e-22,9.334660376573607365e+00,1.000000077829482052e+03,1.012018834580635485e+02,-1.627450325067963669e-14,1.094664064143917206e-06,1.215274592282949519e-05,7.631182998697680781e-22,-9.760857366468279395e+00,9.000000000000000000e+01,-1.709309981352092308e-06,0.000000000000000000e+00,1.475334620579904261e-19,-9.037978461486587624e-06,3.123532145609754326e-26
1.027950000001986518e+04,4.063835795628216910e-22,9.343750071308308591e+00,1.000000077847754596e+03,1.012018833292378019e+02,-1.627450324965094945e-14,1.098711926377909700e-06,-1.443385498875138660e-05,-8.649822097089859921e-22,-9.760912587283424813e+00,9.000000000000000000e+01,-1.781171459269516466e-06,0.000000000000000000e+00,1.475334620189644891e-19,2.222546511916890288e-05,3.110832420185428690e-26
1.028950000001990156e+04,4.063835794022304488e-22,9.352839766031470603e+00,1.000000077617103216e+03,1.012018832165672677e+02,-1.627450324766891434e-14,1.102964984904641668e-06,1.821340977228457200e-05,1.135131398649289919e-21,-9.760799540796993412e+00,9.000000000000000000e+01,-1.856078509127722800e-06,0.000000000000000000e+00,1.475334620365592073e-19,-4.177617600894416913e-05,3.174158709913131627e-26
1.029950000001993794e+04,4.063835792430684667e-22,9.361929460743574793e+00,1.000000077285924931e+03,1.012018831148450886e+02,-1.627450324509475077e-14,1.107423729958621253e-06,4.950428765944172504e-06,3.223891758012761901e-22,-9.760826850971181301e+00,9.000000000000000000e+01,-1.732755529242031717e-06,0.000000000000000000e+00,1.475334619983140905e-19,-2.631442837109444470e-05,3.124656954983943022e-26
1.030950000001997432e+04,4.063835790845752939e-22,9.371019155444555437e+00,1.000000076963053971e+03,1.012018830126618241e+02,-1.627450324258648863e-14,1.112091061289976209e-06,1.741503168679407484e-06,1.259788720762929782e-22,-9.760922041951397787e+00,9.000000000000000000e+01,-1.738593042971077458e-06,0.000000000000000000e+00,1.475334619717344036e-19,2.757825614575567063e-05,3.092372993553792979e-26
1.031950000002001070e+04,4.063835789266985032e-22,9.380108850134348586e+00,1.000000076635600976e+03,1.012018828767428005e+02,-1.627450324217848977e-14,1.116963377516844773e-06,1.554419522956653770e-05,9.717843126890094336e-22,-9.760850878073556558e+00,9.000000000000000000e+01,-1.843465803260660782e-06,0.000000000000000000e+00,1.475334619827427062e-19,-1.271141010232399474e-05,3.118143318433252124e-26
1.032950000002004708e+04,4.063835787691833417e-22,9.389198544812980884e+00,1.000000076359724630e+03,1.012018827546984596e+02,-1.627450324094120562e-14,1.122039839634191996e-06,1.326358112846736365e-05,8.317376988639426399e-22,-9.760857520704526280e+00,9.000000000000000000e+01,-1.860130739347406965e-06,0.000000000000000000e+00,1.475334619685933081e-19,-8.950662181373374290e-06,3.127499239161593425e-26
1.033950000002008346e+04,4.063835786125752386e-22,9.398288239481482620e+00,1.000000076016588082e+03,1.012018826191578995e+02,-1.627450324057796357e-14,1.127320129839610666e-06,1.445196961459510753e-05,9.037380208666299437e-22,-9.760887197141594029e+00,9.000000000000000000e+01,-1.623626347122214120e-06,0.000000000000000000e+00,1.475334619661079196e-19,7.850748311896413783e-06,3.105801785801418962e-26
1.034950000002011984e+04,4.063835784565405416e-22,9.407377934137940656e+00,1.000000075958324601e+03,1.012018825109359170e+02,-1.627450323857742809e-14,1.132802298541439610e-06,1.481881691377277923e-06,1.105949559855460602e-22,-9.760855636746233799e+00,9.000000000000000000e+01,-1.823978442949584038e-06,0.000000000000000000e+00,1.475334619333711791e-19,-1.001727398166545043e-05,3.108115778995336021e-26
1.035950000002015622e+04,4.063835783017343303e-22,9.416467628782964283e+00,1.000000075837411032e+03,1.012018823584760838e+02,-1.627450323935235771e-14,1.138476834675723304e-06,2.260737343391114597e-05,1.403178421006947709e-21,-9.760788762220489190e+00,9.000000000000000000e+01,-1.733248693328720685e-06,0.000000000000000000e+00,1.475334619630353150e-19,-4.787851105863793864e-05,3.148557815869678920e-26
1.036950000002019260e+04,4.063835781480119718e-22,9.425557323417439903e+00,1.000000075563425185e+03,1.012018822515035055e+02,-1.627450323740129959e-14,1.144348860853911272e-06,3.255062256161129065e-05,2.011841992846922236e-21,-9.760752321094274819e+00,9.000000000000000000e+01,-1.710312186854440153e-06,0.000000000000000000e+00,1.475334619559369873e-19,-6.850977448920963998e-05,3.161292397972359645e-26
1.037950000002022898e+04,4.063835779955886756e-22,9.434647018041019351e+00,1.000000075277434689e+03,1.012018821040773560e+02,-1.627450323799891221e-14,1.150419028136562909e-06,1.487000174156912504e-05,9.289467337993716146e-22,-9.760888124293307655e+00,9.000000000000000000e+01,-1.661419886068984501e-06,0.000000000000000000e+00,1.475334619413485976e-19,8.375647809907496707e-06,3.128890151389924978e-26
1.038950000002026536e+04,4.063835778438844999e-22,9.443736712653748810e+00,1.000000074980379964e+03,1.012018819780663250e+02,-1.627450323732547428e-14,1.156685362747225706e-06,8.510212682928453470e-06,5.401956153676117557e-22,-9.760796131071181492e+00,9.000000000000000000e+01,-1.753319621812752393e-06,0.000000000000000000e+00,1.475334619278158341e-19,-4.370661594009018266e-05,3.146048472437599925e-26
1.039950000002030174e+04,4.063835776926447384e-22,9.452826407256015528e+00,1.000000074643706853e+03,1.012018819266015015e+02,-1.627450323211323678e-14,1.163146896594729572e-06,4.301961895657092593e-06,2.825187670454486989e-22,-9.760824998995216717e+00,9.000000000000000000e+01,-1.809036426056005564e-06,0.000000000000000000e+00,1.475334618758737202e-19,-2.736294323997515011e-05,3.141230915516758140e-26
1.040950000002033812e+04,4.063835775416969698e-22,9.461916101848869332e+00,1.000000074258120776e+03,1.012018817274724825e+02,-1.627450323595731179e-14,1.169807128129481508e-06,1.024987793347210080e-05,6.463265030491958181e-22,-9.760856782758365213e+00,9.000000000000000000e+01,-1.684968280375103763e-06,0.000000000000000000e+00,1.475334619164393178e-19,-9.368468156649903248e-06,3.133910904016578180e-26
1.041950000002037450e+04,4.063835773921643552e-22,9.471005796430199908e+00,1.000000074008060665e+03,1.012018817105882107e+02,-1.627450322872210361e-14,1.176659382996072137e-06,6.361869562700256897e-06,4.082507373095104002e-22,-9.760855630953908957e+00,9.000000000000000000e+01,-1.718111822933137038e-06,0.000000000000000000e+00,1.475334618466831945e-19,-1.002056096076947107e-05,3.138185486903570681e-26
1.042950000002041088e+04,4.063835772440132287e-22,9.480095491001158337e+00,1.000000073622502441e+03,1.012018815214764800e+02,-1.627450323210796719e-14,1.183703424924965826e-06,-3.624240493127262672e-06,-2.033321723607684496e-22,-9.760854381061516705e+00,9.000000000000000000e+01,-1.672401654384266805e-06,0.000000000000000000e+00,1.475334618656211525e-19,-1.072819977231683570e-05,3.136720487129694684e-26
1.043950000002044726e+04,4.063835770963860905e-22,9.489185185561412439e+00,1.000000073595633694e+03,1.012018813454878909e+02,-1.627450323472130244e-14,1.190934951709372462e-06,-8.136591296248570215e-06,-4.790497815202442735e-22,-9.760883168769334262e+00,9.000000000000000000e+01,-1.766589761054691619e-06,0.000000000000000000e+00,1.475334618836471105e-19,5.570052292768792078e-06,3.118474696429571876e-26
1.044950000002048364e+04,4.063835769492387891e-22,9.498274880111447160e+00,1.000000073366807783e+03,1.012018813531243495e+02,-1.627450322611620258e-14,1.198351256165320539e-06,6.433405997038156868e-06,4.129771956411613525e-22,-9.760886662514154821e+00,9.000000000000000000e+01,-1.749145283737737485e-06,0.000000000000000000e+00,1.475334618218950557e-19,7.548052286421640000e-06,3.118152486615903486e-26
1.045950000002052002e+04,4.063835768024956227e-22,9.507364574651088418e+00,1.000000073033804028e+03,1.012018811908436078e+02,-1.627450322793760983e-14,1.205957071887477285e-06,1.711646035525373106e-05,1.066813600043940409e-21,-9.760887067067370637e+00,9.000000000000000000e+01,-1.724615293923606280e-06,0.000000000000000000e+00,1.475334618495163337e-19,7.777087833973674386e-06,3.126538764904589740e-26
1.046950000002055640e+04,4.063835766571653535e-22,9.516454269180300685e+00,1.000000072734896094e+03,1.012018810842081677e+02,-1.627450322643025757e-14,1.213750195876198401e-06,5.781587598146546818e-06,3.732211713706220907e-22,-9.760855684185697712e+00,9.000000000000000000e+01,-1.801694611740377397e-06,0.000000000000000000e+00,1.475334618230388174e-19,-9.990434134154248550e-06,3.131425992160318664e-26
1.047950000002059278e+04,4.063835765126846845e-22,9.525543963700759065e+00,1.000000072339223721e+03,1.012018809270534945e+02,-1.627450322806227826e-14,1.221730112019548731e-06,7.234828826189285523e-06,4.617286861180794460e-22,-9.760885568657309719e+00,9.000000000000000000e+01,-1.723950278106368470e-06,0.000000000000000000e+00,1.475334618388128577e-19,6.928753872042700636e-06,3.129344959846467905e-26
1.048950000002062916e+04,4.063835763688796427e-22,9.534633658210953655e+00,1.000000072041274962e+03,1.012018808390928797e+02,-1.627450322549514185e-14,1.229897462562702807e-06,1.013470348873900457e-05,6.386746830193405637e-22,-9.760895351262078634e+00,9.000000000000000000e+01,-1.636792622170475402e-06,0.000000000000000000e+00,1.475334618184596300e-19,1.246720665964855402e-05,3.135190243109228690e-26
1.049950000002066554e+04,4.063835762260767334e-22,9.543723352710808072e+00,1.000000071680648261e+03,1.012018807446117137e+02,-1.627450322338327601e-14,1.238246978912764196e-06,1.832738256157628545e-05,1.141666391909658755e-21,-9.760791214283647932e+00,9.000000000000000000e+01,-1.815178407923598503e-06,0.000000000000000000e+00,1.475334618080573213e-19,-4.649028495937553756e-05,3.152065446530525196e-26
1.050950000002070192e+04,4.063835760846288869e-22,9.552813047200586993e+00,1.000000071353241765e+03,1.012018806239547928e+02,-1.627450322294892920e-14,1.246779872847194635e-06,-1.561246232191243917e-06,-7.581121374560940163e-23,-9.760853968403159442e+00,9.000000000000000000e+01,-1.867846943115699474e-06,-1.895758319773387099e-24,1.475334617818203295e-19,-1.096183585325755324e-05,3.111327478281950031e-26
1.051950000002073830e+04,4.063835759436317720e-22,9.561902741680746942e+00,1.000000071031339417e+03,1.012018805240969641e+02,-1.627450322126598597e-14,1.255496644018372345e-06,8.211149438436878435e-06,5.210447431776897391e-22,-9.760885667611709948e+00,9.000000000000000000e+01,-1.743391685763407416e-06,0.000000000000000000e+00,1.475334617769616898e-19,6.984771425409133454e-06,3.152566555111977134e-26
1.052950000002077468e+04,4.063835758036760980e-22,9.570992436151284366e+00,1.000000070702973744e+03,1.012018803800684310e+02,-1.627450322234522973e-14,1.264392002564400199e-06,-5.878215544770389548e-06,-3.397874958464093954e-22,-9.760892801771229088e+00,9.000000000000000000e+01,-1.941267885160101320e-06,0.000000000000000000e+00,1.475334617707310416e-19,1.102380103687640484e-05,3.090318631746138326e-26
1.053950000002081106e+04,4.063835756640011791e-22,9.580082130611732083e+00,1.000000070536872386e+03,1.012018803752418847e+02,-1.627450321491593336e-14,1.273468367611030390e-06,3.838760397761160544e-06,2.538543915418881233e-22,-9.760920908280258601e+00,9.000000000000000000e+01,-1.734663251384410958e-06,0.000000000000000000e+00,1.475334617142030958e-19,2.693639452412332225e-05,3.113706746998468510e-26
1.054950000002084744e+04,4.063835755256612927e-22,9.589171825061756138e+00,1.000000070473989467e+03,1.012018801971648543e+02,-1.627450321816981104e-14,1.282713673736633597e-06,4.333635475044696595e-06,2.847190705279289162e-22,-9.760825646630980401e+00,9.000000000000000000e+01,-1.754591843685337804e-06,0.000000000000000000e+00,1.475334617435215274e-19,-2.699630415630756573e-05,3.124958436594415545e-26
1.055950000002088382e+04,4.063835753884657264e-22,9.598261519503225259e+00,1.000000070267291790e+03,1.012018801124460907e+02,-1.627450321576987844e-14,1.292127702077620186e-06,-5.146204174287161174e-06,-2.958601853441794381e-22,-9.760883032621741506e+00,9.000000000000000000e+01,-1.708175261219495832e-06,0.000000000000000000e+00,1.475334617110824153e-19,5.492960316056305888e-06,3.103999398627698777e-26
1.056950000002092020e+04,4.063835752519272616e-22,9.607351213934999024e+00,1.000000069996071943e+03,1.012018800157616312e+02,-1.627450321413981413e-14,1.301715495914500130e-06,2.288707978312856842e-06,1.590300130727944689e-22,-9.760884350974082579e+00,9.000000000000000000e+01,-1.739748907431196207e-06,0.000000000000000000e+00,1.475334617041622842e-19,6.239349088229638152e-06,3.125729051862981526e-26
1.057950000002095658e+04,4.063835751162724393e-22,9.616440908357120065e+00,1.000000069676870453e+03,1.012018798977434102e+02,-1.627450321386362131e-14,1.311474935162960972e-06,3.714912953808582392e-06,2.465554682761602812e-22,-9.760884301268822227e+00,9.000000000000000000e+01,-1.716837082061243939e-06,0.000000000000000000e+00,1.475334617028072961e-19,6.211208000608725456e-06,3.117507814544007769e-26
1.058950000002099296e+04,4.063835749811584385e-22,9.625530602770144384e+00,1.000000069322679224e+03,1.012018797915066983e+02,-1.627450321289671134e-14,1.321406923233297418e-06,-1.808324573924317717e-06,-9.121376946290898690e-23,-9.760824479352240957e+00,9.000000000000000000e+01,-1.803549816563856328e-06,0.000000000000000000e+00,1.475334616876112755e-19,-2.765716770788140548e-05,3.127971614957658343e-26
1.059950000002102934e+04,4.063835748472825154e-22,9.634620297173999148e+00,1.000000068986918791e+03,1.012018795965142317e+02,-1.627450321743251324e-14,1.331511474020159162e-06,-1.479185730444642185e-06,-7.198288851677471072e-23,-9.760813736817256725e+00,9.000000000000000000e+01,-1.708894880799505206e-06,0.000000000000000000e+00,1.475334617282559085e-19,-3.373909487057124120e-05,3.152742447093935372e-26
1.060950000002106572e+04,4.063835747144362312e-22,9.643709991568643503e+00,1.000000068669598591e+03,1.012018796011465156e+02,-1.627450320980208574e-14,1.341785398444404076e-06,1.117364733501528420e-05,7.037126961455775199e-22,-9.760787511944803541e+00,9.000000000000000000e+01,-1.817249763243229677e-06,0.000000000000000000e+00,1.475334616732183196e-19,-4.858638985325964513e-05,3.172909510237878643e-26
1.061950000002110210e+04,4.063835745826154954e-22,9.652799685954239095e+00,1.000000068325558686e+03,1.012018795697407256e+02,-1.627450320443528514e-14,1.352229078610019758e-06,1.557886156981954913e-05,9.732974170673072969e-22,-9.760856953685607351e+00,9.000000000000000000e+01,-1.851859974064854215e-06,1.895758319773387099e-24,1.475334616294246227e-19,-9.271718102752606893e-06,3.133916378812080890e-26
1.062950000002113848e+04,4.063835744517500133e-22,9.661889380330537236e+00,1.000000067957527904e+03,1.012018794151926357e+02,-1.627450320665998334e-14,1.362839623185415249e-06,8.700737112438259427e-06,5.510709975876068589e-22,-9.760855577709511621e+00,9.000000000000000000e+01,-1.653205683770887096e-06,0.000000000000000000e+00,1.475334616413921828e-19,-1.005073570524686140e-05,3.151184808806422255e-26
1.063950000002117486e+04,4.063835743222949834e-22,9.670979074699218359e+00,1.000000067603345997e+03,1.012018792228020345e+02,-1.627450321128169850e-14,1.373616361356499037e-06,-4.654907871176703107e-07,-9.012970914840578058e-24,-9.760821677372222283e+00,9.000000000000000000e+01,-1.840979271055130106e-06,0.000000000000000000e+00,1.475334616724171568e-19,-2.924352497307497459e-05,3.142969571537335369e-26
1.064950000002121124e+04,4.063835741943524385e-22,9.680068769058676637e+00,1.000000067259259481e+03,1.012018792008188655e+02,-1.627450320555186727e-14,1.384554480277371836e-06,1.709967957571815781e-05,1.066279393791965410e-21,-9.760856963511317375e+00,9.000000000000000000e+01,-1.816371650262333682e-06,0.000000000000000000e+00,1.475334616398491037e-19,-9.266163705352505736e-06,3.144991088936394302e-26
1.065950000002124762e+04,4.063835740666456508e-22,9.689158463409183852e+00,1.000000066908737608e+03,1.012018791383141973e+02,-1.627450320231514889e-14,1.395656763243000626e-06,-7.517320678058382435e-06,-4.418557312141480462e-22,-9.760920047213227591e+00,9.000000000000000000e+01,-1.634796785941200868e-06,0.000000000000000000e+00,1.475334615832671356e-19,2.644888472977602461e-05,3.113851393693380990e-26
1.066950000002128400e+04,4.063835739402379253e-22,9.698248157750965603e+00,1.000000066566532496e+03,1.012018790019360637e+02,-1.627450320367495892e-14,1.406920305335431290e-06,-4.396678646684623292e-06,-2.499285417025066554e-22,-9.760942314033963285e+00,9.000000000000000000e+01,-1.725135454558431539e-06,0.000000000000000000e+00,1.475334615985132545e-19,3.905531434660429999e-05,3.092174586728182419e-26
1.067950000002132037e+04,4.063835738154938536e-22,9.707337852084286567e+00,1.000000066176373480e+03,1.012018789613090490e+02,-1.627450319926334581e-14,1.418342055158246742e-06,2.790854056506745960e-06,1.901088382257818280e-22,-9.760854297634772081e+00,9.000000000000000000e+01,-1.710235853542085084e-06,0.000000000000000000e+00,1.475334615663853967e-19,-1.077545786248233977e-05,3.114298325783527247e-26
1.068950000002135675e+04,4.063835736922735986e-22,9.716427546409317273e+00,1.000000065857246568e+03,1.012018788350966645e+02,-1.627450320017798901e-14,1.429920955052491855e-06,5.309065788482162183e-06,3.443346850323150752e-22,-9.760886122777389318e+00,9.000000000000000000e+01,-1.815800244530480726e-06,-1.895758319773387099e-24,1.475334615769660225e-19,7.242445131148366951e-06,3.117868985997002313e-26
1.069950000002139313e+04,4.063835735703106995e-22,9.725517240726011536e+00,1.000000065574897462e+03,1.012018787151319685e+02,-1.627450320077832794e-14,1.441652969689271438e-06,2.036299922435276153e-05,1.265942455985564329e-21,-9.760797611541027763e+00,9.000000000000000000e+01,-1.767181904003067739e-06,0.000000000000000000e+00,1.475334615985116415e-19,-4.286848091766347726e-05,3.149394566365046469e-26
1.070950000002142951e+04,4.063835734503594944e-22,9.734606935033777830e+00,1.000000065451087380e+03,1.012018786700009514e+02,-1.627450319690910404e-14,1.453532256894207863e-06,1.479363692022138159e-05,9.249822693133191456e-22,-9.760885633963074071e+00,9.000000000000000000e+01,-1.824817320607929546e-06,0.000000000000000000e+00,1.475334615572359535e-19,6.965703439281640519e-06,3.122041543383127896e-26
1.071950000002146589e+04,4.063835733314352011e-22,9.743696629333141956e+00,1.000000065199220558e+03,1.012018785197316220e+02,-1.627450319953318673e-14,1.465556074587428891e-06,8.256240052991392622e-06,5.255195783897128509e-22,-9.760884407274360797e+00,9.000000000000000000e+01,-1.871823832356089123e-06,-1.895758319773387099e-24,1.475334615732369406e-19,6.271203217678865047e-06,3.105453813995542515e-26
1.072950000002150227e+04,4.063835732135511733e-22,9.752786323625867837e+00,1.000000064874524242e+03,1.012018784560954714e+02,-1.627450319690915452e-14,1.477726943564731543e-06,2.608410081778019671e-05,1.616579387457808304e-21,-9.760858050818917775e+00,9.000000000000000000e+01,-1.723837381137395188e-06,0.000000000000000000e+00,1.475334615688807519e-19,-8.650590643160906471e-06,3.126274637455583592e-26
1.073950000002153865e+04,4.063835730967458261e-22,9.761876017910438463e+00,1.000000064501902102e+03,1.012018783914882221e+02,-1.627450319440604207e-14,1.490044490475976985e-06,-1.105504377315729942e-05,-6.568035510278447133e-22,-9.760881935875284299e+00,9.000000000000000000e+01,-1.890816171136543055e-06,1.895758319773387099e-24,1.475334615051783319e-19,4.872014490590150669e-06,3.102002930940413100e-26
1.074950000002157503e+04,4.063835729811853745e-22,9.770965712187022589e+00,1.000000064158793521e+03,1.012018782995299091e+02,-1.627450319364576949e-14,1.502507637877865453e-06,1.892606642048204698e-06,1.353434583575814546e-22,-9.760914310708985298e+00,9.000000000000000000e+01,-1.840579564387201195e-06,0.000000000000000000e+00,1.475334615122007059e-19,2.320112899478113847e-05,3.105310982945604315e-26
1.075950000002161141e+04,4.063835728665329688e-22,9.780055406455751665e+00,1.000000063818441731e+03,1.012018781859004264e+02,-1.627450319426218540e-14,1.515112608130253871e-06,1.427352308528977124e-05,8.927535819410185481e-22,-9.760886720204018374e+00,9.000000000000000000e+01,-1.738361422256954624e-06,0.000000000000000000e+00,1.475334615309670635e-19,7.580669764731408837e-06,3.129126288016276557e-26
1.076950000002164779e+04,4.063835727531503790e-22,9.789145100717073333e+00,1.000000063492851382e+03,1.012018781291786240e+02,-1.627450319146637084e-14,1.527860296599729171e-06,2.144702331261427305e-05,1.331789854054222281e-21,-9.760857044172603025e+00,9.000000000000000000e+01,-1.882836439329563093e-06,0.000000000000000000e+00,1.475334615133704916e-19,-9.220509556849119614e-06,3.146735182803507564e-26
1.077950000002168417e+04,4.063835726412933929e-22,9.798234794971117267e+00,1.000000063116522483e+03,1.012018780221275307e+02,-1.627450319183373390e-14,1.540747928265658044e-06,1.595364327184138067e-05,9.957236242794083059e-22,-9.760787946497229584e+00,9.000000000000000000e+01,-1.810798733238348347e-06,0.000000000000000000e+00,1.475334615102675055e-19,-4.834038579433063977e-05,3.161328623387816795e-26
1.078950000002172055e+04,4.063835725310955935e-22,9.807324489217728924e+00,1.000000062815807723e+03,1.012018779563636315e+02,-1.627450318976548260e-14,1.553772193952090110e-06,1.727354484189049528e-05,1.076834977229829472e-21,-9.760885592347404938e+00,9.000000000000000000e+01,-1.783432019426038456e-06,0.000000000000000000e+00,1.475334614927862727e-19,6.942131133177756806e-06,3.120192311708634345e-26
1.079950000002175693e+04,4.063835724221986902e-22,9.816414183457062848e+00,1.000000062484685373e+03,1.012018778257009046e+02,-1.627450319174318529e-14,1.566929259867903126e-06,9.819590737183218029e-07,7.885387226179940233e-23,-9.760883061922070780e+00,9.000000000000000000e+01,-1.710648765873051419e-06,0.000000000000000000e+00,1.475334614922655735e-19,5.509520104790462599e-06,3.129192951904821499e-26
1.080950000002179331e+04,4.063835723145918685e-22,9.825503877688952059e+00,1.000000062144342792e+03,1.012018778342411025e+02,-1.627450318526893758e-14,1.580220484039337381e-06,2.367644760759107613e-05,1.469042447820264096e-21,-9.760788483407347726e+00,9.000000000000000000e+01,-1.774338788147296901e-06,0.000000000000000000e+00,1.475334614587359036e-19,-4.803641484819682949e-05,3.149451235852142320e-26
1.081950000002182969e+04,4.063835722091358253e-22,9.834593571914030719e+00,1.000000061777224801e+03,1.012018777151840823e+02,-1.627450318672683772e-14,1.593642519453955927e-06,-9.151365882475447923e-06,-5.408273041399239522e-22,-9.760940570788864790e+00,9.000000000000000000e+01,-1.832193306803055287e-06,0.000000000000000000e+00,1.475334614353817641e-19,3.806835276839963799e-05,3.102396542249562534e-26
1.082950000002186607e+04,4.063835721053910197e-22,9.843683266133197662e+00,1.000000061413831986e+03,1.012018776896293417e+02,-1.627450318255301570e-14,1.607192299302235923e-06,-1.003811696251379239e-05,-5.955737427816494271e-22,-9.760942739382926447e+00,9.000000000000000000e+01,-1.727754679505272969e-06,0.000000000000000000e+00,1.475334613965713868e-19,3.929611152197471079e-05,3.096371437231534977e-26
1.083950000002190245e+04,4.063835720041333721e-22,9.852772960345561160e+00,1.000000061090057670e+03,1.012018775669039456e+02,-1.627450318446701313e-14,1.620867506273189394e-06,6.374725049874090410e-06,4.086340882885653811e-22,-9.760955860412821039e+00,9.000000000000000000e+01,-1.606112126602204966e-06,0.000000000000000000e+00,1.475334614314701281e-19,4.672462287549280369e-05,3.104513589872765957e-26
1.084950000002193883e+04,4.063835719049365541e-22,9.861862654551392993e+00,1.000000060746939880e+03,1.012018774885564767e+02,-1.627450318377876670e-14,1.634661038528691821e-06,2.480683984784434154e-05,1.537761512074020891e-21,-9.760856850172661581e+00,9.000000000000000000e+01,-1.723498842897100353e-06,0.000000000000000000e+00,1.475334614452474606e-19,-9.330349533281355817e-06,3.134652530109614108e-26
1.085950000002197521e+04,4.063835718068831160e-22,9.870952348750609673e+00,1.000000060369698303e+03,1.012018774614006844e+02,-1.627450318001888524e-14,1.648575879544509243e-06,2.254645150971405407e-05,1.400300796403188663e-21,-9.760826396998327326e+00,9.000000000000000000e+01,-1.872304528668426909e-06,-1.895758319773387099e-24,1.475334614086885436e-19,-2.657151359126111686e-05,3.138815674686738877e-26
1.086950000002201159e+04,4.063835717104435846e-22,9.880042042943557590e+00,1.000000060039460664e+03,1.012018773774860563e+02,-1.627450317982442787e-14,1.662608410822948610e-06,9.390195691227497845e-06,5.943088308071968047e-22,-9.760854573794999212e+00,9.000000000000000000e+01,-1.941960508191974614e-06,0.000000000000000000e+00,1.475334613921484405e-19,-1.061913061087362425e-05,3.136763266229734249e-26
1.087950000002204797e+04,4.063835716154689543e-22,9.889131737130364641e+00,1.000000059689851469e+03,1.012018772871222154e+02,-1.627450318010345112e-14,1.676755076268486858e-06,1.664992921115127057e-05,1.038519947332952432e-21,-9.760848511123930038e+00,9.000000000000000000e+01,-1.795240579291876658e-06,0.000000000000000000e+00,1.475334614023244284e-19,-1.405153334102402756e-05,3.131038119363198309e-26
1.088950000002208435e+04,4.063835715218343876e-22,9.898221431311306162e+00,1.000000059243449982e+03,1.012018771981058762e+02,-1.627450318037394522e-14,1.691015927957950912e-06,7.259013521769426627e-06,4.631326271708377799e-22,-9.760912947183506105e+00,9.000000000000000000e+01,-1.666042707798523192e-06,0.000000000000000000e+00,1.475334613941150076e-19,2.242914896805054995e-05,3.117663400812252608e-26
1.089950000002212073e+04,4.063835714296929338e-22,9.907311125486568670e+00,1.000000058889295929e+03,1.012018771532683132e+02,-1.627450317802368561e-14,1.705389258555137778e-06,1.627871250997935733e-05,1.015693449931905466e-21,-9.760921726284667699e+00,9.000000000000000000e+01,-1.742516117226256647e-06,0.000000000000000000e+00,1.475334613826313614e-19,2.739946746304531311e-05,3.107638116070272895e-26
1.090950000002215711e+04,4.063835713386616638e-22,9.916400819655907029e+00,1.000000058568287614e+03,1.012018771338230039e+02,-1.627450317417947807e-14,1.719871857916125128e-06,-3.453374638154489865e-06,-1.923696523430443879e-22,-9.760881794332094685e+00,9.000000000000000000e+01,-1.750619305443752364e-06,0.000000000000000000e+00,1.475334613261054379e-19,4.791863317573350293e-06,3.119461800058075664e-26
1.091950000002219349e+04,4.063835712491947417e-22,9.925490513819724470e+00,1.000000058193830796e+03,1.012018770082160160e+02,-1.627450317692258409e-14,1.734458345640789808e-06,6.067574040414039868e-06,3.908824183170757966e-22,-9.760883107255766689e+00,9.000000000000000000e+01,-1.812629027957562028e-06,0.000000000000000000e+00,1.475334613609298384e-19,5.535174278592279357e-06,3.118064937180017664e-26
1.092950000002222987e+04,4.063835711611955890e-22,9.934580207977676380e+00,1.000000057874685126e+03,1.012018770298914632e+02,-1.627450317072868177e-14,1.749149836715722780e-06,6.336263193670350772e-06,4.082602984094055937e-22,-9.760925361710992121e+00,9.000000000000000000e+01,-1.944579631361065897e-06,0.000000000000000000e+00,1.475334613053229927e-19,2.945767531605636736e-05,3.084783450512949021e-26
1.093950000002226625e+04,4.063835710741943838e-22,9.943669902130055860e+00,1.000000057574054267e+03,1.012018769213974991e+02,-1.627450317256033790e-14,1.763943682602162519e-06,1.141182922890669571e-05,7.184713590277220847e-22,-9.760854521989161370e+00,9.000000000000000000e+01,-1.908382985308764918e-06,0.000000000000000000e+00,1.475334613270626492e-19,-1.064846864874309901e-05,3.132608058962273144e-26
1.094950000002230263e+04,4.063835709893097739e-22,9.952759596276898435e+00,1.000000057283490946e+03,1.012018769441254165e+02,-1.627450316647355974e-14,1.778837523694690340e-06,5.814910893803290927e-06,3.754665808118847275e-22,-9.760846408367761740e+00,9.000000000000000000e+01,-1.851746491873819700e-06,0.000000000000000000e+00,1.475334612659538309e-19,-1.524201489932044937e-05,3.129095304743294669e-26
1.095950000002233901e+04,4.063835709058962715e-22,9.961849290419747760e+00,1.000000056895185253e+03,1.012018767438313063e+02,-1.627450317412358885e-14,1.793826497392682742e-06,-1.142601183336203077e-05,-6.813267580901804306e-22,-9.760850584758305359e+00,9.000000000000000000e+01,-1.686165135823957121e-06,0.000000000000000000e+00,1.475334613154106286e-19,-1.287754781347558238e-05,3.152531385382050635e-26
1.096950000002237539e+04,4.063835708238776108e-22,9.970938984557703222e+00,1.000000056542838024e+03,1.012018767922663898e+02,-1.627450316662190030e-14,1.808912393056338823e-06,-9.117872116059488446e-06,-5.388511093124858999e-22,-9.760881251598219066e+00,9.000000000000000000e+01,-1.858305177293559275e-06,1.895758319773387099e-24,1.475334612503254631e-19,4.484588188124135374e-06,3.118337622915196374e-26
1.097950000002241177e+04,4.063835707445149091e-22,9.980028678690795019e+00,1.000000056076124338e+03,1.012018766440991868e+02,-1.627450317130265696e-14,1.824093629481220281e-06,-1.935865071784194534e-05,-1.165664010821210597e-21,-9.761016684359340445e+00,9.000000000000000000e+01,-1.712415449498635735e-06,0.000000000000000000e+00,1.475334612808523435e-19,8.116028575917589997e-05,3.052760071368233229e-26
1.098950000002244815e+04,4.063835706674852345e-22,9.989118372819479674e+00,1.000000055481288541e+03,1.012018766492184056e+02,-1.627450316672841229e-14,1.839369126874835684e-06,3.924574498673944419e-06,2.589483682827204734e-22,-9.760853095868815998e+00,9.000000000000000000e+01,-1.682829904407224706e-06,0.000000000000000000e+00,1.475334612651146070e-19,-1.145587400457287381e-05,3.151403108915063610e-26
1.099950000002248453e+04,4.063835705919545032e-22,9.998208066943401917e+00,1.000000055089276316e+03,1.012018766041419866e+02,-1.627450316531124892e-14,1.854736513457768793e-06,1.383936537097888671e-05,8.672339964641925636e-22,-9.760884368715707637e+00,9.000000000000000000e+01,-1.856301784066361463e-06,1.895758319773387099e-24,1.475334612630693657e-19,6.249349747614601781e-06,3.108967128313967102e-26
1.100950000002252091e+04,4.063835705184008594e-22,1.000729776105896640e+01,1.000000054632900287e+03,1.012018764994195124e+02,-1.627450316765572144e-14,1.870187577793068099e-06,2.779695216987236985e-05,1.720620973359852977e-21,-9.760827107863542906e+00,9.000000000000000000e+01,-1.821753377783307097e-06,0.000000000000000000e+00,1.475334612992209485e-19,-2.616907461256283191e-05,3.166691211737346983e-26
1.101950000002255729e+04,4.063835704470028372e-22,1.001638745517027829e+01,1.000000054167332110e+03,1.012018764319873014e+02,-1.627450316783394406e-14,1.885720663436315244e-06,2.341399209741540213e-06,1.621616194635830625e-22,-9.760823145117404565e+00,9.000000000000000000e+01,-1.737038794953777271e-06,0.000000000000000000e+00,1.475334612725982411e-19,-2.841259764726866458e-05,3.149301865507616027e-26
1.102950000002259367e+04,4.063835703774738040e-22,1.002547714927761113e+01,1.000000053745992432e+03,1.012018764140229194e+02,-1.627450316508811804e-14,1.901331590432145982e-06,-4.017839645254701451e-07,-5.128174644168529211e-24,-9.760882445014024356e+00,9.000000000000000000e+01,-1.834443536517971999e-06,0.000000000000000000e+00,1.475334612447079348e-19,5.160232737444714969e-06,3.117565008628619472e-26
1.103950000002263005e+04,4.063835703099433933e-22,1.003456684338129179e+01,1.000000053330184869e+03,1.012018763300500410e+02,-1.627450316649437935e-14,1.917017267400525970e-06,2.518107912874445204e-05,1.560907860691557955e-21,-9.760855690095800341e+00,9.000000000000000000e+01,-1.793479391664781690e-06,-1.895758319773387099e-24,1.475334612852536953e-19,-9.987155647821540228e-06,3.137424907995604109e-26
1.104950000002266643e+04,4.063835702442712510e-22,1.004365653748093479e+01,1.000000052938368185e+03,1.012018763509330626e+02,-1.627450316158285878e-14,1.932773547244683484e-06,1.235811538833257205e-05,7.761151712967971742e-22,-9.760854422117482443e+00,9.000000000000000000e+01,-1.829289740267691052e-06,0.000000000000000000e+00,1.475334612268313808e-19,-1.070502148630419262e-05,3.129036677406755703e-26
1.105950000002270281e+04,4.063835701804453402e-22,1.005274623157703573e+01,1.000000052553862361e+03,1.012018762279984259e+02,-1.627450316557966673e-14,1.948598344855642395e-06,2.264185625682370030e-05,1.404195835840941944e-21,-9.760825685351498748e+00,9.000000000000000000e+01,-1.666211149974453518e-06,0.000000000000000000e+00,1.475334612738074362e-19,-2.697444193881466180e-05,3.173844249793687526e-26
1.106950000002273919e+04,4.063835701177874946e-22,1.006183592566958218e+01,1.000000052196187880e+03,1.012018762519108037e+02,-1.627450316065021693e-14,1.964488318488197362e-06,8.488104613072515122e-06,5.382880454108359484e-22,-9.760883166410234679e+00,9.000000000000000000e+01,-1.811224240565853124e-06,0.000000000000000000e+00,1.475334612137763202e-19,5.568650668325732369e-06,3.141137252481662935e-26
1.107950000002277557e+04,4.063835700569984500e-22,1.007092561975878553e+01,1.000000051740724643e+03,1.012018761608584754e+02,-1.627450316286160862e-14,1.980443333109634953e-06,9.121948850696393462e-07,7.475165335619909031e-23,-9.760882999748591971e+00,9.000000000000000000e+01,-1.753717038481310602e-06,0.000000000000000000e+00,1.475334612251189643e-19,5.474288454887029932e-06,3.130542170078530318e-26
1.108950000002281195e+04,4.063835699971621670e-22,1.008001531384488381e+01,1.000000051320288321e+03,1.012018761391240389e+02,-1.627450316088192116e-14,1.996460409007037705e-06,-1.862290602225632155e-06,-9.532693912704081514e-23,-9.760950564553183995e+00,9.000000000000000000e+01,-1.702634963964323609e-06,0.000000000000000000e+00,1.475334612040921908e-19,4.372632668598666741e-05,3.103891212411881497e-26
1.109950000002284833e+04,4.063835699397676209e-22,1.008910500792785214e+01,1.000000050927586813e+03,1.012018761862508853e+02,-1.627450315482133317e-14,2.012536716554627002e-06,-6.620647364159829243e-06,-3.856090764466261224e-22,-9.760910457139365448e+00,9.000000000000000000e+01,-1.823059084535578912e-06,0.000000000000000000e+00,1.475334611442601437e-19,2.101938643999828711e-05,3.100156433992875705e-26
1.110950000002288471e+04,4.063835698851159263e-22,1.009819470200776159e+01,1.000000050455536666e+03,1.012018761124437134e+02,-1.627450315631789697e-14,2.028671235687233511e-06,-5.545453010050219845e-06,-3.198243546429468821e-22,-9.760878819656323202e+00,9.000000000000000000e+01,-1.901444643437808427e-06,0.000000000000000000e+00,1.475334611587116479e-19,3.107718326939073771e-06,3.121094973793891727e-26
1.111950000002292109e+04,4.063835698324765839e-22,1.010728439608487861e+01,1.000000050053559221e+03,1.012018761275784868e+02,-1.627450315248001294e-14,2.044856526990173633e-06,-2.259471546943306334e-06,-1.190737860835256870e-22,-9.760822142637103127e+00,9.000000000000000000e+01,-1.955337132404648984e-06,0.000000000000000000e+00,1.475334611276800776e-19,-2.898016171994231537e-05,3.167414970609374393e-26
1.112950000002295747e+04,4.063835697809490712e-22,1.011637409015931333e+01,1.000000049631260367e+03,1.012018760939540698e+02,-1.627450315168677859e-14,2.061092350244018377e-06,-5.051456392834599389e-06,-2.898784741172087520e-22,-9.760880550257860833e+00,9.000000000000000000e+01,-1.838461314969346531e-06,0.000000000000000000e+00,1.475334611173245931e-19,4.087504084573867606e-06,3.121184705732683614e-26
1.113950000002299385e+04,4.063835697311630298e-22,1.012546378423190774e+01,1.000000048874337267e+03,1.012018761142570042e+02,-1.627450314768860433e-14,2.077383304065259870e-06,-6.860792949902085183e-06,-4.009913703896781519e-22,-9.760850701987763500e+00,9.000000000000000000e+01,-1.873514157224881044e-06,0.000000000000000000e+00,1.475334610792689636e-19,-1.281118986913662963e-05,3.150801444878469995e-26
1.114950000002303022e+04,4.063835696837160341e-22,1.013455347830215914e+01,1.000000048343231924e+03,1.012018760072145795e+02,-1.627450315161696124e-14,2.093726271040871531e-06,4.994880500805586160e-06,3.248871058488183426e-22,-9.760912964952099813e+00,9.000000000000000000e+01,-1.810542609530959373e-06,0.000000000000000000e+00,1.475334611274453790e-19,2.243918355401550629e-05,3.120134568719283333e-26
1.115950000002306660e+04,4.063835696373618250e-22,1.014364317237104629e+01,1.000000047891465897e+03,1.012018759370853331e+02,-1.627450315334597079e-14,2.110112553012092279e-06,2.932870217545361498e-06,1.988930906747883570e-22,-9.760881779284536819e+00,9.000000000000000000e+01,-1.800883341296667162e-06,0.000000000000000000e+00,1.475334611405670286e-19,4.783316049883186531e-06,3.119634482409261854e-26
1.116950000002310298e+04,4.063835695927333826e-22,1.015273286643867579e+01,1.000000047427685899e+03,1.012018760072846533e+02,-1.627450314657840566e-14,2.126542161750454925e-06,2.290919695725069025e-06,1.596161253068003260e-22,-9.760851870077228654e+00,9.000000000000000000e+01,-1.835271931068087220e-06,0.000000000000000000e+00,1.475334610789382815e-19,-1.214987492803536450e-05,3.133355879702149963e-26
1.117950000002313936e+04,4.063835695509783657e-22,1.016182256050466570e+01,1.000000047020185775e+03,1.012018759661696521e+02,-1.627450314678572462e-14,2.143007436931241932e-06,1.599895601888004940e-05,9.989280904282938578e-22,-9.760854495845206813e+00,9.000000000000000000e+01,-1.836891189623076646e-06,0.000000000000000000e+00,1.475334610957470277e-19,-1.066329129590483820e-05,3.146997022057298560e-26
1.118950000002317574e+04,4.063835695106477187e-22,1.017091225456922210e+01,1.000000046638492449e+03,1.012018759434063071e+02,-1.627450314594708344e-14,2.159508379499590874e-06,-1.209953759290836823e-05,-7.207657235207495709e-22,-9.760974892608082598e+00,9.000000000000000000e+01,-1.819894610738584851e-06,0.000000000000000000e+00,1.475334610571968917e-19,5.749973265640462690e-05,3.062660538011485541e-26
1.119950000002321212e+04,4.063835694728142920e-22,1.018000194863189023e+01,1.000000046209767447e+03,1.012018759320315127e+02,-1.627450314455141179e-14,2.176040171605530864e-06,2.493140989016030517e-05,1.546040770404221782e-21,-9.760817114075740264e+00,9.000000000000000000e+01,-1.886262380165810678e-06,0.000000000000000000e+00,1.475334610852642873e-19,-3.182710438650199089e-05,3.161436851858540608e-26
1.120950000002324850e+04,4.063835694372418581e-22,1.018909164269362755e+01,1.000000045821554977e+03,1.012018759414446407e+02,-1.627450314200615839e-14,2.192597587995329584e-06,1.866244838445747784e-05,1.160495554415545445e-21,-9.760845834485923689e+00,9.000000000000000000e+01,-1.679866314443911958e-06,0.000000000000000000e+00,1.475334610553675953e-19,-1.556695368393717674e-05,3.167980621204176254e-26
1.121950000002328488e+04,4.063835694041343418e-22,1.019818133675340555e+01,1.000000045432494971e+03,1.012018759407628323e+02,-1.627450314021521694e-14,2.209177672087033336e-06,7.787805019836348364e-06,4.962201303369898504e-22,-9.760911671973559578e+00,9.000000000000000000e+01,-1.776088322222038906e-06,0.000000000000000000e+00,1.475334610272474773e-19,2.170716198939146851e-05,3.103351521930118932e-26
1.122950000002332126e+04,4.063835693727469970e-22,1.020727103081261866e+01,1.000000044917138325e+03,1.012018759419988214e+02,-1.627450313840411221e-14,2.225779036352669910e-06,2.824957310850625294e-05,1.748762907441105118e-21,-9.760855909349361426e+00,9.000000000000000000e+01,-1.931483252182484645e-06,0.000000000000000000e+00,1.475334610333875105e-19,-9.863032014792831874e-06,3.153605573167038304e-26
1.123950000002335764e+04,4.063835693425062763e-22,1.021636072487189928e+01,1.000000044304951984e+03,1.012018758798281084e+02,-1.627450314053478765e-14,2.242405764966159304e-06,3.631347314132874660e-06,2.405380493864173802e-22,-9.760851749221240325e+00,9.000000000000000000e+01,-1.682169799366415011e-06,0.000000000000000000e+00,1.475334610253446826e-19,-1.221830496969479921e-05,3.148633461012550753e-26
1.124950000002339402e+04,4.063835693140875249e-22,1.022545041892951012e+01,1.000000043902983862e+03,1.012018758809157930e+02,-1.627450313889585655e-14,2.259051123482554610e-06,5.192514851743139725e-06,3.370470432443474837e-22,-9.760881831182016910e+00,9.000000000000000000e+01,-1.821562315502482226e-06,1.895758319773387099e-24,1.475334610122721683e-19,4.812696696486935076e-06,3.132590516680808425e-26
1.125950000002343040e+04,4.063835692879835099e-22,1.023454011298679589e+01,1.000000043460428742e+03,1.012018759363277098e+02,-1.627450313405882969e-14,2.275711399556353719e-06,1.410298313775925369e-06,1.050760883233199709e-22,-9.760822070855166288e+00,9.000000000000000000e+01,-1.880786101115266930e-06,1.895758319773387099e-24,1.475334609645830614e-19,-2.902080842680320228e-05,3.177259099070253733e-26
1.126950000002346678e+04,4.063835692638986651e-22,1.024362980704396442e+01,1.000000043070418769e+03,1.012018759351313122e+02,-1.627450313279893363e-14,2.292380573018760514e-06,2.466312390992637753e-05,1.530531103941674876e-21,-9.760884591019269862e+00,9.000000000000000000e+01,-2.039304004995222866e-06,0.000000000000000000e+00,1.475334609788017929e-19,6.375188734994713532e-06,3.119130847498997096e-26
1.127950000002350316e+04,4.063835692408698844e-22,1.025271950110111163e+01,1.000000042618624889e+03,1.012018758761174695e+02,-1.627450313513643577e-14,2.309055412400315908e-06,6.512956215170518145e-06,4.179763527639379230e-22,-9.760882448580503024e+00,9.000000000000000000e+01,-1.825937308411241252e-06,0.000000000000000000e+00,1.475334609797445597e-19,5.162235759272462662e-06,3.131618323447769032e-26
1.128950000002353954e+04,4.063835692190830370e-22,1.026180919515817358e+01,1.000000042335586613e+03,1.012018758766765245e+02,-1.627450313389709427e-14,2.325737664017087476e-06,3.604262005518614893e-05,2.226339541775924795e-21,-9.760827207266254746e+00,9.000000000000000000e+01,-1.903174178184713298e-06,0.000000000000000000e+00,1.475334610010312134e-19,-2.611281463468856370e-05,3.157855226294672852e-26
1.129950000002357592e+04,4.063835691990715152e-22,1.027089888921468308e+01,1.000000041916994405e+03,1.012018757861615228e+02,-1.627450313833053358e-14,2.342422653590935205e-06,-1.065959556936913346e-05,-6.351946480867348406e-22,-9.760889757621416862e+00,9.000000000000000000e+01,-1.634725032627586992e-06,-9.478791598866935495e-25,1.475334609893907724e-19,9.300266083235691599e-06,3.152900775673498814e-26
1.130950000002361230e+04,4.063835691807465457e-22,1.027998858327115883e+01,1.000000041375774913e+03,1.012018758798233904e+02,-1.627450313158071151e-14,2.359107863403600013e-06,-5.657998593540203897e-06,-3.270276389906462700e-22,-9.760918587857467799e+00,9.000000000000000000e+01,-1.868640682342005614e-06,0.000000000000000000e+00,1.475334609342527703e-19,2.562260641158643201e-05,3.114999676766676857e-26
1.131950000002364868e+04,4.063835691641725926e-22,1.028907827732941627e+01,1.000000040683364546e+03,1.012018758523360162e+02,-1.627450313234444877e-14,2.375800358464804255e-06,5.019852916768172364e-06,3.261229308344548691e-22,-9.760851808541959329e+00,9.000000000000000000e+01,-1.761614737421946274e-06,0.000000000000000000e+00,1.475334609528058553e-19,-1.218472472403606147e-05,3.144970016456652030e-26
1.132950000002368506e+04,4.063835691499781221e-22,1.029816797138825990e+01,1.000000040133800326e+03,1.012018758413120025e+02,-1.627450313223264194e-14,2.392496556823804091e-06,1.439871022721343603e-05,9.006003574241432030e-22,-9.760883076367134592e+00,9.000000000000000000e+01,-1.781340690223007685e-06,0.000000000000000000e+00,1.475334609620865988e-19,5.517655070689006656e-06,3.131525806286717107e-26
1.133950000002372144e+04,4.063835691389406534e-22,1.030725766544780875e+01,1.000000039717983441e+03,1.012018759541000890e+02,-1.627450312471625532e-14,2.409186664732328656e-06,1.068653134972579224e-05,6.736980978068902841e-22,-9.760823434772802898e+00,9.000000000000000000e+01,-1.982985872361673650e-06,1.895758319773387099e-24,1.475334608904731086e-19,-2.824862408318559959e-05,3.169788558419575735e-26
1.134950000002375782e+04,4.063835691297284922e-22,1.031634735950780346e+01,1.000000039297556555e+03,1.012018759187286321e+02,-1.627450312637024421e-14,2.425864674014434612e-06,9.659096185814892719e-06,6.108487617799855780e-22,-9.760911857510016887e+00,9.000000000000000000e+01,-1.893056731965228122e-06,0.000000000000000000e+00,1.475334609041787483e-19,2.181219647120808100e-05,3.124295025114417522e-26
1.135950000002379420e+04,4.063835691225137781e-22,1.032543705356850694e+01,1.000000038939816932e+03,1.012018759242223780e+02,-1.627450312563400032e-14,2.442525715773831211e-06,-8.311902034060724171e-06,-4.892122163703963112e-22,-9.760849374125898592e+00,9.000000000000000000e+01,-1.961021317953610953e-06,0.000000000000000000e+00,1.475334608777891988e-19,-1.356297751101781379e-05,3.140593231841774391e-26
1.136950000002383058e+04,4.063835691172935017e-22,1.033452674763105072e+01,1.000000038535986050e+03,1.012018759095500400e+02,-1.627450312624200698e-14,2.459167902514996379e-06,1.088146646550880393e-06,8.561695864668876100e-23,-9.760880590533739465e+00,9.000000000000000000e+01,-1.858339400061931711e-06,0.000000000000000000e+00,1.475334608935679577e-19,4.110293282115553335e-06,3.144512931779074617e-26
1.137950000002386696e+04,4.063835691138848972e-22,1.034361644169442052e+01,1.000000038022426907e+03,1.012018759168327904e+02,-1.627450312560510277e-14,2.475789072427066638e-06,-4.074479529539815241e-06,-2.288929770057947859e-22,-9.760909308232426085e+00,9.000000000000000000e+01,-1.949728287834981742e-06,-1.895758319773387099e-24,1.475334608821983988e-19,2.036891034515759267e-05,3.127597468393395506e-26
1.138950000002390334e+04,4.063835691126693420e-22,1.035270613576023635e+01,1.000000037451721710e+03,1.012018759399041414e+02,-1.627450312412417735e-14,2.492394484130394323e-06,-2.268024049364602394e-06,-1.193582242231782425e-22,-9.760811202568257627e+00,9.000000000000000000e+01,-1.945044399455558699e-06,0.000000000000000000e+00,1.475334608708738103e-19,-3.517393246672530444e-05,3.158419694006230429e-26
1.139950000002393972e+04,4.063835691128781569e-22,1.036179582982726011e+01,1.000000037003615830e+03,1.012018759618277954e+02,-1.627450312279098349e-14,2.508974986728825828e-06,9.011894877215881602e-06,5.706665404784386889e-22,-9.760881837818820017e+00,9.000000000000000000e+01,-1.813887611611673370e-06,0.000000000000000000e+00,1.475334608713057723e-19,4.816446452020513980e-06,3.141602365384178077e-26
1.140950000002397610e+04,4.063835691145427979e-22,1.037088552389587726e+01,1.000000036574909473e+03,1.012018760390093348e+02,-1.627450311815549481e-14,2.525527781894099691e-06,1.599901118545930051e-07,2.903907757362584143e-23,-9.760850555787806471e+00,9.000000000000000000e+01,-1.851201090357042271e-06,0.000000000000000000e+00,1.475334608199570374e-19,-1.289397417079644457e-05,3.140998489711809563e-26
1.141950000002401248e+04,4.063835691182025820e-22,1.037997521796550515e+01,1.000000036223614643e+03,1.012018760055155582e+02,-1.627450312040685651e-14,2.542047889097769566e-06,-4.805047871545946043e-06,-2.752460330790449871e-22,-9.760879094529160582e+00,9.000000000000000000e+01,-1.762375755101689365e-06,0.000000000000000000e+00,1.475334608347324831e-19,3.263323795695381628e-06,3.127192079711040027e-26
1.142950000002404886e+04,4.063835691243167513e-22,1.038906491203683657e+01,1.000000035848347466e+03,1.012018760672412299e+02,-1.627450311696501220e-14,2.558533659914647736e-06,6.386142543500003120e-06,4.100328509061741751e-22,-9.760940518578404834e+00,9.000000000000000000e+01,-1.860421721934104680e-06,0.000000000000000000e+00,1.475334608161579480e-19,3.803875024361384050e-05,3.127112188839281688e-26
1.143950000002408524e+04,4.063835691319509759e-22,1.039815460611089470e+01,1.000000035258280150e+03,1.012018761246144294e+02,-1.627450311387198641e-14,2.574984665626163258e-06,1.186929589958935585e-05,7.460508804447127198e-22,-9.760914329824940339e+00,9.000000000000000000e+01,-1.889086992611762430e-06,0.000000000000000000e+00,1.475334607944524768e-19,2.321190116039133984e-05,3.122287524323495317e-26
1.144950000002412162e+04,4.063835691420762610e-22,1.040724430018833679e+01,1.000000034625809690e+03,1.012018762028596512e+02,-1.627450310963948575e-14,2.591403589694300704e-06,6.393196817595895131e-06,4.110151274550843815e-22,-9.760822130926527507e+00,9.000000000000000000e+01,-2.012409107386580009e-06,0.000000000000000000e+00,1.475334607504674146e-19,-2.898680249903476719e-05,3.166829305779012627e-26
1.145950000002415800e+04,4.063835691533795326e-22,1.041633399426838302e+01,1.000000034196153251e+03,1.012018761428828384e+02,-1.627450311393420229e-14,2.607781174134487596e-06,1.581456483973971662e-05,9.864050603995893203e-22,-9.760853121195189885e+00,9.000000000000000000e+01,-1.744635257199422139e-06,0.000000000000000000e+00,1.475334607994253001e-19,-1.144156585159485998e-05,3.154439225112768303e-26
1.146950000002419438e+04,4.063835691657389153e-22,1.042542368835085398e+01,1.000000033816285395e+03,1.012018761444693808e+02,-1.627450311451773217e-14,2.624117171254992205e-06,8.905820714869918823e-06,5.643259869468083241e-22,-9.760851630290655834e+00,9.000000000000000000e+01,-1.702660866401649411e-06,0.000000000000000000e+00,1.475334607971345509e-19,-1.228564530458977778e-05,3.122917010389327133e-26
1.147950000002423076e+04,4.063835691798591885e-22,1.043451338243622395e+01,1.000000033433707472e+03,1.012018762468806869e+02,-1.627450310902778723e-14,2.640403694649380574e-06,1.019303495926514158e-05,6.428075580519985546e-22,-9.760844730474747877e+00,9.000000000000000000e+01,-1.815064111510565347e-06,0.000000000000000000e+00,1.475334607492911289e-19,-1.619199780686399057e-05,3.152528398948027955e-26
1.148950000002426714e+04,4.063835691955632758e-22,1.044360307652440412e+01,1.000000033066747733e+03,1.012018762624367554e+02,-1.627450310894184872e-14,2.656639761501247659e-06,-3.054101280429091323e-06,-1.680253719535029333e-22,-9.760879139385483683e+00,9.000000000000000000e+01,-1.800213745480687946e-06,0.000000000000000000e+00,1.475334607340150618e-19,3.288720523469541248e-06,3.134069284743373799e-26
1.149950000002430352e+04,4.063835692137847548e-22,1.045269277061615121e+01,1.000000032468363656e+03,1.012018763149197582e+02,-1.627450310673431930e-14,2.672823656535976087e-06,2.460675308199797081e-06,1.698231438711802974e-22,-9.760848898816330887e+00,9.000000000000000000e+01,-1.881973923788824949e-06,-1.895758319773387099e-24,1.475334607203314018e-19,-1.383207617670938762e-05,3.151248448905815271e-26
1.150950000002433990e+04,4.063835692336830530e-22,1.046178246471148121e+01,1.000000032011056305e+03,1.012018762944099137e+02,-1.627450310908814455e-14,2.688957796537678950e-06,-1.099051761795180998e-05,-6.561040865149977436e-22,-9.760877635862257762e+00,9.000000000000000000e+01,-1.596392351495652521e-06,1.895758319773387099e-24,1.475334607267133558e-19,2.437494250836162612e-06,3.147403209478022638e-26
1.151950000002437628e+04,4.063835692554004992e-22,1.047087215881014188e+01,1.000000031633945127e+03,1.012018763617178507e+02,-1.627450310616668654e-14,2.705035832085841180e-06,2.883017055572044274e-05,1.784673714436723682e-21,-9.760854516833969541e+00,9.000000000000000000e+01,-1.872541543603289578e-06,0.000000000000000000e+00,1.475334607444000372e-19,-1.065141937907681518e-05,3.138407935800278889e-26
1.152950000002441266e+04,4.063835692791623182e-22,1.047996185291228421e+01,1.000000031261770005e+03,1.012018764618908904e+02,-1.627450310134577138e-14,2.721050834072113670e-06,1.541827230635580927e-05,9.635114760476947363e-22,-9.760881902697647661e+00,9.000000000000000000e+01,-1.909610933860184465e-06,-1.895758319773387099e-24,1.475334606864370329e-19,4.853181083701606346e-06,3.135844774074007471e-26
1.153950000002444904e+04,4.063835693053995872e-22,1.048905154701783360e+01,1.000000030916957144e+03,1.012018764577465220e+02,-1.627450310304927548e-14,2.737001869092801473e-06,1.824161003299416166e-05,1.135322614353416480e-21,-9.760821999863514620e+00,9.000000000000000000e+01,-1.821461021196987045e-06,0.000000000000000000e+00,1.475334607049196048e-19,-2.906100782836062185e-05,3.182076999863616248e-26
1.154950000002448542e+04,4.063835693330484839e-22,1.049814124112776526e+01,1.000000030337059911e+03,1.012018764740414127e+02,-1.627450310357782176e-14,2.752886088094090405e-06,5.454028349115988485e-06,3.539395028753582196e-22,-9.760843599204479304e+00,9.000000000000000000e+01,-1.931245117692373950e-06,0.000000000000000000e+00,1.475334606957365782e-19,-1.683247379875954823e-05,3.126725662029396611e-26
1.155950000002452180e+04,4.063835693632081894e-22,1.050723093524230478e+01,1.000000029692621865e+03,1.012018765564273082e+02,-1.627450310019882127e-14,2.768707006740549113e-06,-3.948363648816316592e-06,-2.223890818151181560e-22,-9.760849218924889215e+00,9.000000000000000000e+01,-1.899802739333487130e-06,0.000000000000000000e+00,1.475334606551502287e-19,-1.365084654889728625e-05,3.135599423294083125e-26
1.156950000002455818e+04,4.063835693954190856e-22,1.051632062936089973e+01,1.000000029313685332e+03,1.012018765447450050e+02,-1.627450310269340771e-14,2.784457405637064223e-06,1.516738705055967709e-05,9.480205306663779961e-22,-9.760914738627686660e+00,9.000000000000000000e+01,-1.840624753708115425e-06,0.000000000000000000e+00,1.475334606986972622e-19,2.344334265973165978e-05,3.115334115296978105e-26
1.157950000002459456e+04,4.063835694297978285e-22,1.052541032348390360e+01,1.000000028922762681e+03,1.012018765761980745e+02,-1.627450310266639080e-14,2.800130471991628442e-06,1.892210765434019435e-05,1.176967807768668599e-21,-9.760853027728693121e+00,9.000000000000000000e+01,-1.683245310293061404e-06,0.000000000000000000e+00,1.475334607026913520e-19,-1.149448427924592337e-05,3.147896448495718815e-26
1.158950000002463094e+04,4.063835694664386927e-22,1.053450001761168764e+01,1.000000028566895026e+03,1.012018767308506852e+02,-1.627450309522134246e-14,2.815725383587917795e-06,2.046597563625895104e-05,1.272278007031090101e-21,-9.760853081272992782e+00,9.000000000000000000e+01,-1.744108430121984643e-06,0.000000000000000000e+00,1.475334606376648071e-19,-1.146416482537060408e-05,3.145116447851084067e-26
1.159950000002466732e+04,4.063835695049555049e-22,1.054358971174498727e+01,1.000000028003565944e+03,1.012018767822266625e+02,-1.627450309420499931e-14,2.831236301183924696e-06,1.372339591721783748e-05,8.601974358700593940e-22,-9.760851343536820934e+00,9.000000000000000000e+01,-1.983753302039654456e-06,0.000000000000000000e+00,1.475334606212759377e-19,-1.244799046065984014e-05,3.144077764786373431e-26
1.160950000002470370e+04,4.063835695452170798e-22,1.055267940588338504e+01,1.000000027523245649e+03,1.012018768301360438e+02,-1.627450309349541262e-14,2.846666711540209073e-06,-2.183241602447814720e-08,1.776120275635493032e-23,-9.760877432722951497e+00,9.000000000000000000e+01,-1.854025804580743747e-06,0.000000000000000000e+00,1.475334605999154005e-19,2.322488532915854065e-06,3.141648547486954045e-26
1.161950000002474007e+04,4.063835695867898951e-22,1.056176910002651859e+01,1.000000027166465316e+03,1.012018768473718922e+02,-1.627450309473787170e-14,2.862011426259687200e-06,9.943335342244710183e-06,6.284320474556618189e-22,-9.760880585406635390e+00,9.000000000000000000e+01,-1.929834376302301303e-06,0.000000000000000000e+00,1.475334606221920303e-19,4.107388005385221536e-06,3.136389422872094536e-26
1.162950000002477645e+04,4.063835696298989875e-22,1.057085879417365781e+01,1.000000026865899599e+03,1.012018769136379177e+02,-1.627450309306266561e-14,2.877264380568420442e-06,-1.295184709829187250e-06,-6.046442396416928140e-23,-9.760847457789141757e+00,9.000000000000000000e+01,-1.833923782994146061e-06,0.000000000000000000e+00,1.475334605949219456e-19,-1.464791898628688669e-05,3.156587091390794458e-26
1.163950000002481283e+04,4.063835696742570191e-22,1.057994848832624157e+01,1.000000026457468039e+03,1.012018769581209199e+02,-1.627450309279017728e-14,2.892422451604134238e-06,-9.670817533626030810e-06,-5.735359267334532195e-22,-9.760840074028449109e+00,9.000000000000000000e+01,-1.808400060675338230e-06,0.000000000000000000e+00,1.475334605834158865e-19,-1.882826222074588320e-05,3.162978565596566679e-26
1.164950000002484921e+04,4.063835697206350203e-22,1.058903818248528594e+01,1.000000025785332582e+03,1.012018770679338218e+02,-1.627450308862986686e-14,2.907490412352609291e-06,2.043978434093322098e-05,1.270326793847954455e-21,-9.760793514599079401e+00,9.000000000000000000e+01,-1.979699774153660353e-06,0.000000000000000000e+00,1.475334605793420631e-19,-4.518803445059855779e-05,3.193598889225092205e-26
1.165950000002488559e+04,4.063835697692111488e-22,1.059812787665024025e+01,1.000000025227554147e+03,1.012018771184206685e+02,-1.627450308822160610e-14,2.922468916525656234e-06,8.399570035421374169e-06,5.333777276712639733e-22,-9.760880645188068527e+00,9.000000000000000000e+01,-1.922099267316982361e-06,0.000000000000000000e+00,1.475334605626126171e-19,4.141233699405432112e-06,3.153758156496026045e-26
1.166950000002492197e+04,4.063835698189625837e-22,1.060721757082077055e+01,1.000000024830214670e+03,1.012018771671962156e+02,-1.627450308798430096e-14,2.937347446932517393e-06,6.884533773694120116e-06,4.414697114800887045e-22,-9.760843384719173343e+00,9.000000000000000000e+01,-1.976306325864038407e-06,0.000000000000000000e+00,1.475334605590059281e-19,-1.695390147527465547e-05,3.138013195753429620e-26
1.167950000002495835e+04,4.063835698708266640e-22,1.061630726499709887e+01,1.000000024525048161e+03,1.012018772262100725e+02,-1.627450308723700987e-14,2.952122243562028785e-06,2.980872308650501951e-05,1.843999454549589184e-21,-9.760794552896634002e+00,9.000000000000000000e+01,-1.814058852675723231e-06,0.000000000000000000e+00,1.475334605776688874e-19,-4.460019902733738283e-05,3.171695455490276258e-26
1.168950000002499473e+04,4.063835699247197415e-22,1.062539695917931759e+01,1.000000024104602630e+03,1.012018772166155856e+02,-1.627450309080226042e-14,2.966789625823433413e-06,3.187882331714582161e-07,3.756015809453702845e-23,-9.760849027017382440e+00,9.000000000000000000e+01,-1.669632688923022244e-06,0.000000000000000000e+00,1.475334605774311795e-19,-1.375949985720119483e-05,3.160959747271769605e-26
1.169950000002503111e+04,4.063835699810427540e-22,1.063448665336834154e+01,1.000000023580910693e+03,1.012018773589559117e+02,-1.627450308520006057e-14,2.981352303160226699e-06,-9.312120705477805566e-06,-5.513905428501105717e-22,-9.760945747421555296e+00,9.000000000000000000e+01,-1.845842720829649644e-06,0.000000000000000000e+00,1.475334605167347992e-19,4.099907711883049843e-05,3.131570462600357497e-26
1.170950000002506749e+04,4.063835700384370650e-22,1.064357634756342108e+01,1.000000023258244596e+03,1.012018774997302160e+02,-1.627450307975315272e-14,2.995804175788819949e-06,1.148297421423183785e-05,7.229599536555094575e-22,-9.760890409190015049e+00,9.000000000000000000e+01,-1.992128796626758441e-06,0.000000000000000000e+00,1.475334604909034564e-19,9.669161062923115242e-06,3.116699498871524334e-26
1.171950000002510387e+04,4.063835700967203319e-22,1.065266604176500920e+01,1.000000022883899533e+03,1.012018774400732610e+02,-1.627450308662600239e-14,3.010143374103494923e-06,4.620544467233086214e-06,3.012017009438967647e-22,-9.760908979537779473e+00,9.000000000000000000e+01,-1.692509553635915834e-06,0.000000000000000000e+00,1.475334605452610235e-19,2.018281631352356663e-05,3.135372570604832376e-26
1.172950000002514025e+04,4.063835701560828436e-22,1.066175573597333148e+01,1.000000022599045224e+03,1.012018776210956048e+02,-1.627450307882358743e-14,3.024366039824241356e-06,5.710267508844621939e-06,3.693058998254349979e-22,-9.760909095991081585e+00,9.000000000000000000e+01,-1.873640641523453534e-06,-1.895758319773387099e-24,1.475334604766104803e-19,2.024875301391928202e-05,3.115432192449356964e-26
1.173950000002517663e+04,4.063835702168592870e-22,1.067084543018956388e+01,1.000000021887263301e+03,1.012018776824282611e+02,-1.627450307842633286e-14,3.038475082742328063e-06,-7.501018337727921241e-06,-4.402139263942162170e-22,-9.760938261111490988e+00,9.000000000000000000e+01,-1.833556085428531281e-06,0.000000000000000000e+00,1.475334604587205411e-19,3.676067982441993005e-05,3.110615807408636429e-26
1.174950000002521301e+04,4.063835702787428580e-22,1.067993512441146642e+01,1.000000021413369154e+03,1.012018777373994993e+02,-1.627450307848083368e-14,3.052472176800099561e-06,-5.361417135981042068e-06,-3.087619886611636190e-22,-9.760840206279072007e+00,9.000000000000000000e+01,-1.903699325929279072e-06,0.000000000000000000e+00,1.475334604617894623e-19,-1.875338535020314084e-05,3.142696595224669463e-26
1.175950000002524939e+04,4.063835703429267773e-22,1.068902481863983134e+01,1.000000021010441742e+03,1.012018778423779537e+02,-1.627450307560086660e-14,3.066350116232603164e-06,6.414728274465565347e-06,4.122184107861871930e-22,-9.760780677628163815e+00,9.000000000000000000e+01,-1.935991421276865722e-06,0.000000000000000000e+00,1.475334604490978006e-19,-5.245572377700711007e-05,3.173296294624293368e-26
1.176950000002528577e+04,4.063835704081849104e-22,1.069811451287553083e+01,1.000000020680427497e+03,1.012018779565234325e+02,-1.627450307221846769e-14,3.080103977292730649e-06,9.472103128620259178e-06,5.994305593299349216e-22,-9.760850553453925826e+00,9.000000000000000000e+01,-1.904282257991297730e-06,0.000000000000000000e+00,1.475334604223070799e-19,-1.289529115541144224e-05,3.142941994574189415e-26
1.177950000002532215e+04,4.063835704752387287e-22,1.070720420711882248e+01,1.000000020184377263e+03,1.012018780070495723e+02,-1.627450307283058589e-14,3.093731921111966516e-06,3.566863709410236587e-05,2.202323574410201366e-21,-9.760849134906781188e+00,9.000000000000000000e+01,-1.783314593347198842e-06,0.000000000000000000e+00,1.475334604568343094e-19,-1.369841666929039785e-05,3.172022058714487792e-26
1.178950000002535853e+04,4.063835705435870014e-22,1.071629390136943805e+01,1.000000019733551881e+03,1.012018781072191160e+02,-1.627450307047551423e-14,3.107236699407302476e-06,2.804205699692463626e-06,1.914098932165971687e-22,-9.760849323926462873e+00,9.000000000000000000e+01,-1.996417456559243619e-06,-1.895758319773387099e-24,1.475334603997979663e-19,-1.359139498177107306e-05,3.149146660466102237e-26
1.179950000002539491e+04,4.063835706133741732e-22,1.072538359562707022e+01,1.000000019373977580e+03,1.012018782257502210e+02,-1.627450306707503779e-14,3.120611637101230176e-06,1.234755151983942167e-05,7.754422630284974620e-22,-9.760818372214279393e+00,9.000000000000000000e+01,-1.945015087463614379e-06,0.000000000000000000e+00,1.475334603799888379e-19,-3.111480443892179380e-05,3.161342775645023267e-26
1.180950000002543129e+04,4.063835706845914985e-22,1.073447328989203697e+01,1.000000019106594891e+03,1.012018782095316851e+02,-1.627450307200493251e-14,3.133851245982019331e-06,1.216784262710339767e-05,7.636685697880822680e-22,-9.760843428766660779e+00,9.000000000000000000e+01,-1.844402820114257476e-06,0.000000000000000000e+00,1.475334604243008989e-19,-1.692896308230291397e-05,3.159258003253287222e-26
1.181950000002546767e+04,4.063835707575726295e-22,1.074356298416523714e+01,1.000000018533058437e+03,1.012018783188272550e+02,-1.627450306934602319e-14,3.146957461507136689e-06,1.242353716559884951e-05,7.795892540488339212e-22,-9.760843429794698878e+00,9.000000000000000000e+01,-1.870635170016095137e-06,0.000000000000000000e+00,1.475334604009628650e-19,-1.692837842884817526e-05,3.152923139358375320e-26
1.182950000002550405e+04,4.063835708322285578e-22,1.075265267844665118e+01,1.000000017986325588e+03,1.012018784484822476e+02,-1.627450306553294725e-14,3.159935340311311179e-06,1.270275551207176586e-05,7.968243793894408398e-22,-9.760882996694050462e+00,9.000000000000000000e+01,-1.863460016765775638e-06,0.000000000000000000e+00,1.475334603672868966e-19,5.472549858767209336e-06,3.143624755005970431e-26
1.183950000002554043e+04,4.063835709082801271e-22,1.076174237273642653e+01,1.000000017606485585e+03,1.012018785246645649e+02,-1.627450306507260905e-14,3.172773393357052631e-06,1.340503545081894961e-05,8.397954731988808121e-22,-9.760850617919823335e+00,9.000000000000000000e+01,-1.907712066382038016e-06,0.000000000000000000e+00,1.475334603641875216e-19,-1.285879647347623225e-05,3.158346547456110145e-26
1.184950000002557681e+04,4.063835709861011915e-22,1.077083206703322205e+01,1.000000017323466068e+03,1.012018785411729880e+02,-1.627450306836388190e-14,3.185470909548084174e-06,-1.038928556435949385e-06,-4.438790616789983145e-23,-9.760877888825200799e+00,9.000000000000000000e+01,-1.926669597172058068e-06,0.000000000000000000e+00,1.475334603781328674e-19,2.580712698080201128e-06,3.147904268721424219e-26
1.185950000002561319e+04,4.063835710651569012e-22,1.077992176133782642e+01,1.000000016893846919e+03,1.012018786282792746e+02,-1.627450306739939847e-14,3.198022671584886302e-06,9.263832823517398099e-07,7.612314757255724924e-23,-9.760907743946269477e+00,9.000000000000000000e+01,-1.877591704659829567e-06,0.000000000000000000e+00,1.475334603719095377e-19,1.948328808184140838e-05,3.120471603559854491e-26
1.186950000002564957e+04,4.063835711459527656e-22,1.078901145565138542e+01,1.000000016447650296e+03,1.012018787611212929e+02,-1.627450306373125837e-14,3.210431114368443027e-06,6.622047080256156293e-06,4.243929681971217984e-22,-9.760879119628114609e+00,9.000000000000000000e+01,-1.830708343988936149e-06,0.000000000000000000e+00,1.475334603455001271e-19,3.277539572709617880e-06,3.143043677084178750e-26
1.187950000002568595e+04,4.063835712294610128e-22,1.079810114997328085e+01,1.000000016065947761e+03,1.012018788759897063e+02,-1.627450306131417593e-14,3.222691158282768376e-06,5.133259369109483180e-06,3.315861723009906307e-22,-9.760989882579746535e+00,9.000000000000000000e+01,-1.699262532780036675e-06,0.000000000000000000e+00,1.475334603224116215e-19,6.598634822531262750e-05,3.112894143662918323e-26
1.188950000002572233e+04,4.063835713143869061e-22,1.080719084430358023e+01,1.000000015758927930e+03,1.012018789013804962e+02,-1.627450306445426832e-14,3.234797328425945741e-06,9.993751044209053455e-06,6.307659376937587960e-22,-9.760879116930516020e+00,9.000000000000000000e+01,-1.835996232424587513e-06,0.000000000000000000e+00,1.475334603562808329e-19,3.276006948128161019e-06,3.142063746575734508e-26
1.189950000002575871e+04,4.063835714006275194e-22,1.081628053863887828e+01,1.000000015208600075e+03,1.012018791111588456e+02,-1.627450305637602657e-14,3.246748705188632695e-06,2.016018110202504080e-06,1.424124534767626892e-22,-9.760877809941778338e+00,9.000000000000000000e+01,-1.867767760026349795e-06,0.000000000000000000e+00,1.475334602752529398e-19,2.536060126899812993e-06,3.149119771631787467e-26
1.190950000002579509e+04,4.063835714880442852e-22,1.082537023298373313e+01,1.000000014519048818e+03,1.012018790581244758e+02,-1.627450306445415157e-14,3.258550651418716177e-06,5.983302356756214530e-06,3.852577072121997855e-22,-9.760849075194252933e+00,9.000000000000000000e+01,-1.800469538410389997e-06,0.000000000000000000e+00,1.475334603524795287e-19,-1.373222103706163305e-05,3.147097886112972440e-26
1.191950000002583147e+04,4.063835715767511327e-22,1.083445992733740582e+01,1.000000014099795408e+03,1.012018792073624240e+02,-1.627450306021871319e-14,3.270197130553149373e-06,-6.375217654833939777e-06,-3.714598051620916078e-22,-9.760906236125709512e+00,9.000000000000000000e+01,-1.718223880235674353e-06,0.000000000000000000e+00,1.475334603011512327e-19,1.862962992692369010e-05,3.135273508557676249e-26
1.192950000002586785e+04,4.063835716661629946e-22,1.084354962170036529e+01,1.000000013740332747e+03,1.012018793231315357e+02,-1.627450305807398025e-14,3.281681473610739857e-06,1.786088517095325739e-05,1.111967427256980181e-21,-9.760882988456113907e+00,9.000000000000000000e+01,-1.779670390126490433e-06,0.000000000000000000e+00,1.475334603088427950e-19,5.467885503769798174e-06,3.157179482674714784e-26
1.193950000002590423e+04,4.063835717569388531e-22,1.085263931607223320e+01,1.000000013262871676e+03,1.012018794098779040e+02,-1.627450305778045773e-14,3.293003078258586885e-06,1.777574364839405567e-05,1.107236600195744198e-21,-9.760880555866084052e+00,9.000000000000000000e+01,-1.857090943293926198e-06,0.000000000000000000e+00,1.475334603064363696e-19,4.090666319298025971e-06,3.151933514116282812e-26
1.194950000002594061e+04,4.063835718484558843e-22,1.086172901045313921e+01,1.000000012694094380e+03,1.012018795554955801e+02,-1.627450305392307936e-14,3.304166983308848370e-06,6.936906242121411171e-06,4.437010691728312102e-22,-9.760849321585686411e+00,9.000000000000000000e+01,-1.933665163582843536e-06,1.895758319773387099e-24,1.475334602601905065e-19,-1.359272210454388751e-05,3.169977782656040068e-26
1.195950000002597699e+04,4.063835719411256994e-22,1.087081870484305135e+01,1.000000012314347600e+03,1.012018796514257843e+02,-1.627450305317116239e-14,3.315165206681755888e-06,2.280412784945036364e-05,1.415285436521562462e-21,-9.760845076579132140e+00,9.000000000000000000e+01,-1.856732253059169431e-06,0.000000000000000000e+00,1.475334602712089443e-19,-1.599604665474076406e-05,3.160452292755742685e-26
1.196950000002601337e+04,4.063835720346536253e-22,1.087990839924252207e+01,1.000000011953953617e+03,1.012018797593534316e+02,-1.627450305173340344e-14,3.325995255175605015e-06,1.963524242653473191e-06,1.393553677018948487e-22,-9.760877871416356655e+00,9.000000000000000000e+01,-1.920162945626907294e-06,0.000000000000000000e+00,1.475334602356965054e-19,2.570859206577685640e-06,3.151128373832744132e-26
1.197950000002604975e+04,4.063835721290156820e-22,1.088899809365180893e+01,1.000000011356603409e+03,1.012018798072628272e+02,-1.627450305401532560e-14,3.336657689503052341e-06,1.105821152178715283e-05,6.965452034216662835e-22,-9.760919844028004277e+00,9.000000000000000000e+01,-1.932461005580441212e-06,0.000000000000000000e+00,1.475334602665309568e-19,2.633378874756399024e-05,3.127899888172812580e-26
1.198950000002608613e+04,4.063835722245468853e-22,1.089808778807100786e+01,1.000000010730652093e+03,1.012018799276168011e+02,-1.627450305192553209e-14,3.347157929690211647e-06,-8.513302922098830631e-06,-5.026506331925358783e-22,-9.760936308449103649e+00,9.000000000000000000e+01,-1.810101123096734749e-06,0.000000000000000000e+00,1.475334602265535141e-19,3.565517516417327637e-05,3.126267694032822607e-26
1.199950000002612251e+04,4.063835723213095366e-22,1.090717748249977959e+01,1.000000010225539995e+03,1.012018800737457696e+02,-1.627450304832686855e-14,3.357490272440828038e-06,1.718792294293040789e-05,1.071645618306152658e-21,-9.760850575019199837e+00,9.000000000000000000e+01,-1.899199120943820170e-06,0.000000000000000000e+00,1.475334602228465563e-19,-1.288308371582111697e-05,3.150986506618436027e-26
1.200950000002615889e+04,4.063835724199905946e-22,1.091626717693836746e+01,1.000000009893784295e+03,1.012018801498684155e+02,-1.627450304912152916e-14,3.367648955916872486e-06,-4.212908293075778371e-06,-2.380356196165525963e-22,-9.760876496597255425e+00,9.000000000000000000e+01,-2.003533502381362760e-06,0.000000000000000000e+00,1.475334602067955432e-19,1.792499352228782298e-06,3.125768527547930189e-26
1.201950000002619527e+04,4.063835725200477334e-22,1.092535687138683365e+01,1.000000009388625585e+03,1.012018803050329296e+02,-1.627450304515103760e-14,3.377630623912859141e-06,1.981262821791682086e-05,1.232807599656526190e-21,-9.760880566920572932e+00,9.000000000000000000e+01,-1.941291955597930814e-06,0.000000000000000000e+00,1.475334601979015987e-19,4.096931556530873895e-06,3.131103369265222493e-26
1.202950000002623165e+04,4.063835726212212626e-22,1.093444656584500763e+01,1.000000008858591286e+03,1.012018803905329491e+02,-1.627450304550847048e-14,3.387439342492559981e-06,4.042852602716546340e-06,2.679224760704414714e-22,-9.760878006270241158e+00,9.000000000000000000e+01,-2.030931640073925550e-06,0.000000000000000000e+00,1.475334601841302126e-19,2.647209045165790952e-06,3.155476593309005740e-26
1.203950000002626803e+04,4.063835727239120259e-22,1.094353626031313276e+01,1.000000008556265357e+03,1.012018805650905193e+02,-1.627450304049630072e-14,3.397066174999407354e-06,-8.935537195601195792e-06,-5.280836307626366995e-22,-9.760904894860763292e+00,9.000000000000000000e+01,-1.819155755163862334e-06,0.000000000000000000e+00,1.475334601251637988e-19,1.787027750528062949e-05,3.126889532581286186e-26
1.204950000002630441e+04,4.063835728281661967e-22,1.095262595479162826e+01,1.000000008182013403e+03,1.012018806304849363e+02,-1.627450304225650184e-14,3.406510717086890475e-06,1.717114163509572675e-05,1.070354579919798635e-21,-9.760820660654806247e+00,9.000000000000000000e+01,-1.898052187481247035e-06,0.000000000000000000e+00,1.475334601700444906e-19,-2.981919661937098223e-05,3.183511562351403496e-26
1.205950000002634079e+04,4.063835729340121279e-22,1.096171564928085829e+01,1.000000007500788229e+03,1.012018807115069166e+02,-1.627450304314319096e-14,3.415771466946314543e-06,-9.106086860545718897e-06,-5.386912354381446418e-22,-9.760934687762638617e+00,9.000000000000000000e+01,-1.649771371714717592e-06,9.478791598866935495e-25,1.475334601494744996e-19,3.473762222676663516e-05,3.119170755005382283e-26
1.206950000002637717e+04,4.063835730409022743e-22,1.097080534378074468e+01,1.000000006971741072e+03,1.012018809419079304e+02,-1.627450303494582806e-14,3.424855608353224101e-06,6.063717726879404211e-06,3.907959561696086144e-22,-9.760914505784063167e+00,9.000000000000000000e+01,-1.892150731880885007e-06,0.000000000000000000e+00,1.475334600929147038e-19,2.331153529327466942e-05,3.119043058069918277e-26
1.207950000002641355e+04,4.063835731483275527e-22,1.097989503829135138e+01,1.000000006573563496e+03,1.012018809655022267e+02,-1.627450303943925551e-14,3.433752358049087071e-06,8.028868839840095376e-06,5.105526584567961867e-22,-9.760937595865025074e+00,9.000000000000000000e+01,-1.780726283391861265e-06,0.000000000000000000e+00,1.475334601357935599e-19,3.638405891526439335e-05,3.115819685741205515e-26
1.208950000002644992e+04,4.063835732562824148e-22,1.098898473281224675e+01,1.000000006269430742e+03,1.012018810837816716e+02,-1.627450303816719521e-14,3.442458652225403947e-06,-2.105824430082468103e-06,-1.094774050420881781e-22,-9.760876621398621111e+00,9.000000000000000000e+01,-2.031632023659221147e-06,1.895758319773387099e-24,1.475334601135986377e-19,1.863162750733176246e-06,3.157883825281994819e-26
1.209950000002648630e+04,4.063835733653124311e-22,1.099807442734358531e+01,1.000000005667516916e+03,1.012018811605238540e+02,-1.627450303949349128e-14,3.450979096768582508e-06,-1.359667194065718200e-07,1.073605262934581420e-23,-9.760907006729734547e+00,9.000000000000000000e+01,-1.862361987511984635e-06,-1.895758319773387099e-24,1.475334601280494678e-19,1.906591355100045696e-05,3.132741280379226213e-26
1.210950000002652268e+04,4.063835734760298459e-22,1.100716412188561399e+01,1.000000005299747045e+03,1.012018813572993992e+02,-1.627450303356636593e-14,3.459308984042951815e-06,-3.214346324868103937e-06,-1.777201593986399797e-22,-9.760846554230834471e+00,9.000000000000000000e+01,-1.960890508100671581e-06,0.000000000000000000e+00,1.475334600718071616e-19,-1.515946155659905067e-05,3.168923464422427229e-26
1.211950000002655906e+04,4.063835735872909505e-22,1.101625381643851576e+01,1.000000004971623412e+03,1.012018814239700646e+02,-1.627450303563375579e-14,3.467442354753079783e-06,-1.303758955485010209e-06,-6.090783173438476395e-23,-9.760876289462148137e+00,9.000000000000000000e+01,-1.817063637183270459e-06,0.000000000000000000e+00,1.475334600928542536e-19,1.675237645913359377e-06,3.140655270246227851e-26
1.212950000002659544e+04,4.063835737005396749e-22,1.102534351100221421e+01,1.000000004488611580e+03,1.012018815571217090e+02,-1.627450303374136683e-14,3.475380752069147810e-06,7.638047339730858417e-06,4.872917661450954341e-22,-9.760907734897296351e+00,9.000000000000000000e+01,-1.912610578591365956e-06,0.000000000000000000e+00,1.475334600860950340e-19,1.947817133639830148e-05,3.119137479437855899e-26
1.213950000002663182e+04,4.063835738143153970e-22,1.103443320557787111e+01,1.000000003860816378e+03,1.012018817015913612e+02,-1.627450303118437203e-14,3.483127530666649521e-06,8.323144491558511623e-07,7.049751211522787377e-23,-9.760913876724773175e+00,9.000000000000000000e+01,-1.919098528474989957e-06,0.000000000000000000e+00,1.475334600560371416e-19,2.295539126244290878e-05,3.136175571788164846e-26
1.214950000002666820e+04,4.063835739296882867e-22,1.104352290016466931e+01,1.000000003443099558e+03,1.012018817965858517e+02,-1.627450303174675097e-14,3.490678275256004654e-06,-6.139786204245763642e-06,-3.560753914575099555e-22,-9.760905152197217660e+00,9.000000000000000000e+01,-2.043620653808905101e-06,0.000000000000000000e+00,1.475334600538213111e-19,1.801597111849351826e-05,3.134234891168769993e-26
1.215950000002670458e+04,4.063835740447098917e-22,1.105261259476239388e+01,1.000000003122314865e+03,1.012018819747397771e+02,-1.627450302719708405e-14,3.498029900248014474e-06,-2.408196953699963654e-05,-1.456214477796687085e-21,-9.760872290280779850e+00,9.000000000000000000e+01,-1.903422617671991733e-06,0.000000000000000000e+00,1.475334599935873224e-19,-5.889083150901425957e-07,3.163409215498605611e-26
1.216950000002674096e+04,4.063835741603345724e-22,1.106170228937076239e+01,1.000000002666972591e+03,1.012018821076082418e+02,-1.627450302545276428e-14,3.505179637862481192e-06,-9.848354393249683145e-08,1.361418578615118910e-23,-9.760876475683931019e+00,9.000000000000000000e+01,-1.983508704662430972e-06,0.000000000000000000e+00,1.475334600047210512e-19,1.780672146150109616e-06,3.141234706740672970e-26
1.217950000002677734e+04,4.063835742769807106e-22,1.107079198399101472e+01,1.000000002066856268e+03,1.012018821295005608e+02,-1.627450303055939224e-14,3.512133483743194145e-06,-1.566500109779924674e-05,-9.402700544977952480e-22,-9.760912911295147154e+00,9.000000000000000000e+01,-1.842477083310162420e-06,0.000000000000000000e+00,1.475334600338568083e-19,2.240880704221510613e-05,3.138531187834990281e-26
1.218950000002681372e+04,4.063835743946433693e-22,1.107988167862241191e+01,1.000000001690760200e+03,1.012018822854217746e+02,-1.627450302751699870e-14,3.518886603482488699e-06,2.018553245553218974e-06,1.421558118550155287e-22,-9.760912296572387348e+00,9.000000000000000000e+01,-1.815701672779792894e-06,0.000000000000000000e+00,1.475334600263773390e-19,2.206078208867654809e-05,3.151824734605520426e-26
1.219950000002685010e+04,4.063835745134741872e-22,1.108897137326488291e+01,1.000000001352503887e+03,1.012018824771930241e+02,-1.627450302234407803e-14,3.525434573183022329e-06,1.507833399617248236e-05,9.420020734094953893e-22,-9.760881690178022652e+00,9.000000000000000000e+01,-1.834266545011058055e-06,0.000000000000000000e+00,1.475334599946889544e-19,4.732875493964298699e-06,3.150999957642994352e-26
1.220950000002688648e+04,4.063835746330473064e-22,1.109806106791943847e+01,1.000000000793878030e+03,1.012018825963961746e+02,-1.627450302165524153e-14,3.531776170972698717e-06,-5.247228761972906240e-06,-3.021771787718753234e-22,-9.760904999715908303e+00,9.000000000000000000e+01,-1.905680200829332063e-06,0.000000000000000000e+00,1.475334599665653457e-19,1.792964730715241597e-05,3.138865389447119434e-26
1.221950000002692286e+04,4.063835747529534195e-22,1.110715076258628820e+01,1.000000000278605171e+03,1.012018826869314410e+02,-1.627450302273969177e-14,3.537917539043940924e-06,1.552126349019737251e-05,9.693737379613436191e-22,-9.760879151074595583e+00,9.000000000000000000e+01,-1.857623902480789771e-06,0.000000000000000000e+00,1.475334599995603534e-19,3.295353701747578901e-06,3.146565667240968915e-26
1.222950000002695924e+04,4.063835748729841821e-22,1.111624045726369836e+01,9.999999999642931243e+02,1.012018828247112197e+02,-1.627450302093849513e-14,3.543852402380408840e-06,1.729891403500254181e-05,1.078171818381222159e-21,-9.760909010051067369e+00,9.000000000000000000e+01,-1.785053160869399264e-06,0.000000000000000000e+00,1.475334599857458746e-19,2.020011213220448848e-05,3.125295442434524565e-26
1.223950000002699562e+04,4.063835749935511582e-22,1.112533015195254293e+01,9.999999996472429302e+02,1.012018829880681068e+02,-1.627450301760324487e-14,3.549575772672872452e-06,1.688359625654377608e-06,1.237843579653032493e-22,-9.760876543215005086e+00,9.000000000000000000e+01,-2.093734567480854773e-06,0.000000000000000000e+00,1.475334599390562531e-19,1.818908696580867304e-06,3.129622498247633145e-26
1.224950000002703200e+04,4.063835751144949508e-22,1.113441984665331042e+01,9.999999991429504007e+02,1.012018830899827151e+02,-1.627450301804776483e-14,3.555091650707695236e-06,1.341191374067861458e-05,8.403946903594961285e-22,-9.760940355900519450e+00,9.000000000000000000e+01,-1.887582030469806160e-06,0.000000000000000000e+00,1.475334599563380799e-19,3.794666270085201795e-05,3.132948789768828391e-26
1.225950000002706838e+04,4.063835752362936099e-22,1.114350954136615535e+01,9.999999986922368862e+02,1.012018831769060085e+02,-1.627450301945868674e-14,3.560400640280716914e-06,6.386018604062686867e-06,4.095207067541650441e-22,-9.760803423439641691e+00,9.000000000000000000e+01,-1.831990056636691082e-06,0.000000000000000000e+00,1.475334599616885540e-19,-3.957809544155503574e-05,3.184303284567937647e-26
1.226950000002710476e+04,4.063835753586583400e-22,1.115259923609034054e+01,9.999999984000902487e+02,1.012018833163680540e+02,-1.627450301768448176e-14,3.565498179386115585e-06,8.153530962423040683e-06,5.181790281679889166e-22,-9.760845177204354073e+00,9.000000000000000000e+01,-1.886882104884384534e-06,0.000000000000000000e+00,1.475334599481212683e-19,-1.593906181279136717e-05,3.164073841050066331e-26
1.227950000002714114e+04,4.063835754820859051e-22,1.116168893082639357e+01,9.999999980904254926e+02,1.012018835463825326e+02,-1.627450301042439921e-14,3.570381406945001034e-06,2.693406197853838272e-06,1.838164148198153570e-22,-9.760876466155671949e+00,9.000000000000000000e+01,-1.913764051274364490e-06,0.000000000000000000e+00,1.475334598773269243e-19,1.775284067764560402e-06,3.160230974744052547e-26
1.228950000002717752e+04,4.063835756057924856e-22,1.117077862557569290e+01,9.999999973962642343e+02,1.012018836045278363e+02,-1.627450301370103396e-14,3.575055295716172304e-06,4.517614712286892347e-06,2.957351108278721250e-22,-9.760906270856850142e+00,9.000000000000000000e+01,-1.840649027701444367e-06,0.000000000000000000e+00,1.475334599091975260e-19,1.864931229977421367e-05,3.128377397666289024e-26
1.229950000002721390e+04,4.063835757295258203e-22,1.117986832033571432e+01,9.999999969824310710e+02,1.012018837917699017e+02,-1.627450300907689857e-14,3.579520210800244999e-06,-1.107027341766008022e-05,-6.583960213105125635e-22,-9.760873577912299481e+00,9.000000000000000000e+01,-1.937841155546292842e-06,0.000000000000000000e+00,1.475334598509487859e-19,1.400967664195673267e-07,3.141797985377461792e-26
1.230950000002725028e+04,4.063835758536269437e-22,1.118895801510788779e+01,9.999999966626428431e+02,1.012018839499715597e+02,-1.627450300625130609e-14,3.583773197492202341e-06,3.454916919977992093e-06,2.305061716250760067e-22,-9.760876465270479585e+00,9.000000000000000000e+01,-1.919723952747552822e-06,0.000000000000000000e+00,1.475334598419604950e-19,1.774785238467622071e-06,3.158760688364905270e-26
1.231950000002728666e+04,4.063835759782158502e-22,1.119804770989167508e+01,9.999999963833856782e+02,1.012018840644749673e+02,-1.627450300612827850e-14,3.587809502737856049e-06,3.719628268741891998e-06,2.470842468455101002e-22,-9.760876468337757572e+00,9.000000000000000000e+01,-1.957286965091010647e-06,0.000000000000000000e+00,1.475334598415768256e-19,1.776521751276953808e-06,3.150057444130028261e-26
1.232950000002732304e+04,4.063835761036789954e-22,1.120713740468815267e+01,9.999999957998562650e+02,1.012018840951648286e+02,-1.627450301118499050e-14,3.591633405335908701e-06,2.540472780861208477e-06,1.751373540185564899e-22,-9.760846549916029957e+00,9.000000000000000000e+01,-2.020792260749356996e-06,0.000000000000000000e+00,1.475334598861358631e-19,-1.516189656381641098e-05,3.159852259215266017e-26
1.233950000002735942e+04,4.063835762298001353e-22,1.121622709949669172e+01,9.999999954607151267e+02,1.012018842515685577e+02,-1.627450300857899797e-14,3.595243949453392149e-06,-1.710076120982721918e-05,-1.028554779468247866e-21,-9.760931947581498846e+00,9.000000000000000000e+01,-1.750715001973008260e-06,0.000000000000000000e+00,1.475334598415369348e-19,3.318627446508733950e-05,3.129706610702495021e-26
1.234950000002739580e+04,4.063835763564635072e-22,1.122531679431779317e+01,9.999999952155910705e+02,1.012018844599511311e+02,-1.627450300282422926e-14,3.598633778746931517e-06,3.488953297070858395e-06,2.332277620188243290e-22,-9.760846542750352128e+00,9.000000000000000000e+01,-2.030484301419086907e-06,0.000000000000000000e+00,1.475334598129446752e-19,-1.516594520430996578e-05,3.156125403343775975e-26
1.235950000002743218e+04,4.063835764835946788e-22,1.123440648914976414e+01,9.999999947869685002e+02,1.012018845598228864e+02,-1.627450300373635757e-14,3.601801979451446172e-06,1.583339371110807002e-05,9.885745173776517322e-22,-9.760878295892002399e+00,9.000000000000000000e+01,-1.902945381803147538e-06,0.000000000000000000e+00,1.475334598351411381e-19,2.811197327259819328e-06,3.150254653453724662e-26
1.236950000002746856e+04,4.063835766113042877e-22,1.124349618399482864e+01,9.999999942117742648e+02,1.012018847011972014e+02,-1.627450300213979461e-14,3.604758901025851105e-06,-2.125449039763817597e-06,-1.105332049946084601e-22,-9.760875054225168768e+00,9.000000000000000000e+01,-1.989801648377425215e-06,0.000000000000000000e+00,1.475334598014982716e-19,9.759187997504414963e-07,3.144189504839791672e-26
1.237950000002750494e+04,4.063835767393128484e-22,1.125258587885208073e+01,9.999999938449728916e+02,1.012018848342260497e+02,-1.627450300107078080e-14,3.607498009272072972e-06,5.789136763132076822e-06,3.734803517550018996e-22,-9.760876401117620560e+00,9.000000000000000000e+01,-1.893565010047763432e-06,0.000000000000000000e+00,1.475334598010280559e-19,1.738465198969654440e-06,3.152612058069070409e-26
1.238950000002754132e+04,4.063835768667819512e-22,1.126167557372120775e+01,9.999999935131613711e+02,1.012018850001061168e+02,-1.627450299796124888e-14,3.610016417175666906e-06,4.052595521990767785e-06,2.670140985071416554e-22,-9.760844638922213434e+00,9.000000000000000000e+01,-1.914469829080399711e-06,0.000000000000000000e+00,1.475334597716208149e-19,-1.624380289415042620e-05,3.171172383826444657e-26
1.239950000002757770e+04,4.063835769945405076e-22,1.127076526860272132e+01,9.999999931260477979e+02,1.012018850775755539e+02,-1.627450300028013707e-14,3.612312683878909414e-06,-1.307122162165126190e-06,-6.112985083688485080e-23,-9.760874920428525670e+00,9.000000000000000000e+01,-1.859146726617837058e-06,0.000000000000000000e+00,1.475334597869903858e-19,9.001713771029665017e-07,3.149697118668352413e-26
1.240950000002761408e+04,4.063835771226745641e-22,1.127985496349739236e+01,9.999999926873296090e+02,1.012018852364434736e+02,-1.627450299763597944e-14,3.614393464195881954e-06,3.551563412364660028e-07,4.084201611388244090e-23,-9.760912342081024207e+00,9.000000000000000000e+01,-1.874341483108623313e-06,0.000000000000000000e+00,1.475334597655120058e-19,2.208656312500572718e-05,3.132603001010854613e-26
1.241950000002765046e+04,4.063835772517996563e-22,1.128894465840321359e+01,9.999999923997837641e+02,1.012018853037304211e+02,-1.627450300065497537e-14,3.616252971610966747e-06,-7.908943644607045772e-06,-4.653213951765701233e-22,-9.760873498922997271e+00,9.000000000000000000e+01,-1.868411758738252593e-06,0.000000000000000000e+00,1.475334597839741388e-19,9.538026378270414224e-08,3.149575973445716229e-26
1.242950000002768684e+04,4.063835773811187050e-22,1.129803435332115669e+01,9.999999921242240362e+02,1.012018854978739171e+02,-1.627450299591652773e-14,3.617889800308378407e-06,1.372308462705685474e-05,8.581715605931930590e-22,-9.760877694094912016e+00,9.000000000000000000e+01,-1.723603877534900972e-06,0.000000000000000000e+00,1.475334597656282357e-19,2.470491851357583938e-06,3.167498768326332691e-26
1.243950000002772322e+04,4.063835775104166419e-22,1.130712404825196238e+01,9.999999916956201105e+02,1.012018856823456190e+02,-1.627450299176882330e-14,3.619302576206813090e-06,1.681460078968460519e-05,1.047768588217485823e-21,-9.760877621178137176e+00,9.000000000000000000e+01,-1.734022102449502770e-06,0.000000000000000000e+00,1.475334597322231253e-19,2.429213993236306321e-06,3.149042938340796308e-26
1.244950000002775960e+04,4.063835776398828626e-22,1.131621374319549034e+01,9.999999911747966053e+02,1.012018858284322960e+02,-1.627450298998154848e-14,3.620500030744608245e-06,-1.011276064560230876e-07,1.287326275831409723e-23,-9.760874972485506618e+00,9.000000000000000000e+01,-1.902309932422228570e-06,0.000000000000000000e+00,1.475334596980253261e-19,9.296481071734317746e-07,3.151678141580553161e-26
1.245950000002779598e+04,4.063835777690600527e-22,1.132530343815142615e+01,9.999999907765909484e+02,1.012018859127056913e+02,-1.627450299196218573e-14,3.621476304953346580e-06,1.619620525942523569e-06,1.181268008759951243e-22,-9.760904841404197896e+00,9.000000000000000000e+01,-1.828939752030542914e-06,0.000000000000000000e+00,1.475334597181472014e-19,1.784003314888891602e-05,3.133316258298683938e-26
1.246950000002783236e+04,4.063835778986995882e-22,1.133439313311996877e+01,9.999999905370175384e+02,1.012018860872584867e+02,-1.627450298844305830e-14,3.622229189739777533e-06,2.716979099286818657e-05,1.683654682037402068e-21,-9.760909548034234717e+00,9.000000000000000000e+01,-2.067191973553168294e-06,0.000000000000000000e+00,1.475334597151010543e-19,2.050470875952004992e-05,3.158487569565448698e-26
1.247950000002786874e+04,4.063835780281032255e-22,1.134348282810010389e+01,9.999999902513343386e+02,1.012018862118414972e+02,-1.627450298796823977e-14,3.622755718622154118e-06,1.735257326389419552e-05,1.081859126511124865e-21,-9.760847837076026323e+00,9.000000000000000000e+01,-1.928432133354338048e-06,0.000000000000000000e+00,1.475334597004655757e-19,-1.443315195099499999e-05,3.153091186346135089e-26
1.248950000002790512e+04,4.063835781575226615e-22,1.135257252309295595e+01,9.999999898070190056e+02,1.012018863408256522e+02,-1.627450298722533159e-14,3.623059391536754885e-06,1.380600715560023746e-05,8.645374623640435538e-22,-9.760847973870683703e+00,9.000000000000000000e+01,-1.943464096334308124e-06,-1.895758319773387099e-24,1.475334596903325601e-19,-1.435570823097514672e-05,3.177864097199031285e-26
1.249950000002794150e+04,4.063835782862780372e-22,1.136166221809830290e+01,9.999999894595332535e+02,1.012018864964422562e+02,-1.627450298481514695e-14,3.623144206029045753e-06,-4.542144870140801040e-06,-2.584417293560996072e-22,-9.760913624192031790e+00,9.000000000000000000e+01,-2.009692633799798433e-06,0.000000000000000000e+00,1.475334596489512348e-19,2.281244253756910782e-05,3.123630081053532980e-26
1.250950000002797788e+04,4.063835784142338417e-22,1.137075191311570599e+01,9.999999892438947882e+02,1.012018866123905667e+02,-1.627450298478919974e-14,3.623005051577253889e-06,2.009004722306033736e-05,1.249517344910977633e-21,-9.760819206520956470e+00,9.000000000000000000e+01,-1.899795564002125636e-06,0.000000000000000000e+00,1.475334596762395196e-19,-3.064243334216322148e-05,3.154431886224461540e-26
1.251950000002801426e+04,4.063835785421688164e-22,1.137984160814519896e+01,9.999999889554455876e+02,1.012018867844831647e+02,-1.627450298132549137e-14,3.622642493935102069e-06,-1.121963571078146948e-05,-6.672023919592052394e-22,-9.760902167059494872e+00,9.000000000000000000e+01,-2.006440300360283388e-06,0.000000000000000000e+00,1.475334596111333133e-19,1.632594922394934117e-05,3.131327511880447232e-26
1.252950000002805064e+04,4.063835786703821481e-22,1.138893130318828106e+01,9.999999883092101527e+02,1.012018868893772066e+02,-1.627450298198993944e-14,3.622061695538583865e-06,1.953797899539540440e-06,1.387550855382638333e-22,-9.760875041674754726e+00,9.000000000000000000e+01,-1.940274381655362103e-06,0.000000000000000000e+00,1.475334596320230569e-19,9.688225548455718313e-07,3.156977088761844545e-26
1.253950000002808702e+04,4.063835787987689828e-22,1.139802099824328430e+01,9.999999879230185797e+02,1.012018869468236772e+02,-1.627450298556926958e-14,3.621265403795790340e-06,3.639898901977350038e-06,2.415162036709092075e-22,-9.760905547254100867e+00,9.000000000000000000e+01,-1.800229470143033058e-06,0.000000000000000000e+00,1.475334596664562528e-19,1.823964833216331496e-05,3.141251064534445209e-26
1.254950000002812340e+04,4.063835789284924487e-22,1.140711069330990490e+01,9.999999876622762258e+02,1.012018872397321019e+02,-1.627450297480772693e-14,3.620247372340956997e-06,2.684951083662194166e-05,1.663935294852173780e-21,-9.760832818789985765e+00,9.000000000000000000e+01,-2.079181570591475263e-06,0.000000000000000000e+00,1.475334595957905850e-19,-2.293579734280767107e-05,3.146802456855099905e-26
1.255950000002815977e+04,4.063835790579949686e-22,1.141620038838894580e+01,9.999999873959272918e+02,1.012018873407474615e+02,-1.627450297578129173e-14,3.619003502889565216e-06,1.117904632513505881e-05,7.034606694383370662e-22,-9.760909533632306179e+00,9.000000000000000000e+01,-1.890707625166373981e-06,1.895758319773387099e-24,1.475334595877209145e-19,2.049655720125845564e-05,3.141945252420282818e-26
1.256950000002819615e+04,4.063835791869721836e-22,1.142529008348033948e+01,9.999999870438500693e+02,1.012018874232563235e+02,-1.627450297785907562e-14,3.617534814674919201e-06,9.401797028503284260e-06,5.937998874047506185e-22,-9.760846266582289488e+00,9.000000000000000000e+01,-1.747077439750474552e-06,0.000000000000000000e+00,1.475334596048529039e-19,-1.532228882139620880e-05,3.171153145011576880e-26
1.257950000002823253e+04,4.063835793164700015e-22,1.143437977858458332e+01,9.999999866337143430e+02,1.012018875826200599e+02,-1.627450297526083917e-14,3.615846007950286995e-06,-3.883853209801168000e-06,-2.186505401333339134e-22,-9.760875327707283944e+00,9.000000000000000000e+01,-1.919139977463598960e-06,0.000000000000000000e+00,1.475334595673647016e-19,1.130765153389624303e-06,3.148890414934299913e-26
1.258950000002826891e+04,4.063835794459420056e-22,1.144346947370126699e+01,9.999999863452650288e+02,1.012018877716268861e+02,-1.627450297084598542e-14,3.613934394053998635e-06,9.191462347342437529e-06,5.820319023243359551e-22,-9.760843448025379843e+00,9.000000000000000000e+01,-1.946058843732321163e-06,0.000000000000000000e+00,1.475334595425346017e-19,-1.691802059167383282e-05,3.163632986371833758e-26
1.259950000002830529e+04,4.063835795756137967e-22,1.145255916883036029e+01,9.999999860659893329e+02,1.012018879138656899e+02,-1.627450296930643186e-14,3.611798995912778946e-06,9.466193827589822760e-06,5.993346295528897291e-22,-9.760846614640149355e+00,9.000000000000000000e+01,-2.062044105856813765e-06,0.000000000000000000e+00,1.475334595294579948e-19,-1.512522920608803712e-05,3.162530456030657355e-26
1.260950000002834167e+04,4.063835797060693134e-22,1.146164886397090044e+01,9.999999857701361634e+02,1.012018880517341017e+02,-1.627450296807664504e-14,3.609436259779188191e-06,2.404531230727608007e-05,1.491111956858920434e-21,-9.760849369591452884e+00,9.000000000000000000e+01,-1.936005644717401236e-06,0.000000000000000000e+00,1.475334595348751302e-19,-1.356550291433472387e-05,3.164711125303092799e-26
1.261950000002837805e+04,4.063835798367918554e-22,1.147073855912505813e+01,9.999999852078594813e+02,1.012018881713845531e+02,-1.627450296797593905e-14,3.606853320061250442e-06,4.224404005909683499e-06,2.777276392205815058e-22,-9.760874963297458962e+00,9.000000000000000000e+01,-1.902840601609721441e-06,0.000000000000000000e+00,1.475334595126245967e-19,9.244571240371923737e-07,3.151860747649681126e-26
1.262950000002841443e+04,4.063835799680712526e-22,1.147982825429157927e+01,9.999999849138968102e+02,1.012018882985643415e+02,-1.627450296744591919e-14,3.604048425034123927e-06,4.509127198452521778e-06,2.950221746333089849e-22,-9.760874825213551986e+00,9.000000000000000000e+01,-1.824840933045884645e-06,0.000000000000000000e+00,1.475334595086208772e-19,8.462820244724781163e-07,3.142835833251092643e-26
1.263950000002845081e+04,4.063835800996355896e-22,1.148891794947035905e+01,9.999999846309329996e+02,1.012018884013484410e+02,-1.627450296842547617e-14,3.601014604277159293e-06,-1.026233051774322317e-06,-4.411697925594462603e-23,-9.760903238531199122e+00,9.000000000000000000e+01,-1.739936407490777763e-06,-9.478791598866935495e-25,1.475334595117736968e-19,1.693257271176325726e-05,3.126892147400075104e-26
1.264950000002848719e+04,4.063835802310379905e-22,1.149800764466175451e+01,9.999999843996204163e+02,1.012018885580935859e+02,-1.627450296609394413e-14,3.597753579083963357e-06,-7.970705161045119074e-06,-4.687297680830082614e-22,-9.760909006930601706e+00,9.000000000000000000e+01,-1.907900736885742460e-06,0.000000000000000000e+00,1.475334594836500640e-19,2.019837151065332479e-05,3.144079591965175450e-26
1.265950000002852357e+04,4.063835803621463768e-22,1.150709733986597882e+01,9.999999839876032866e+02,1.012018887068463187e+02,-1.627450296423421401e-14,3.594266882538329224e-06,1.525734802662691784e-05,9.526826436775191988e-22,-9.760876419591498987e+00,9.000000000000000000e+01,-1.866342947862366644e-06,0.000000000000000000e+00,1.475334594929282074e-19,1.748945003582808199e-06,3.161411799217095639e-26
1.266950000002855995e+04,4.063835804937241144e-22,1.151618703508199459e+01,9.999999836595263787e+02,1.012018888170504880e+02,-1.627450296475946915e-14,3.590557040474672600e-06,-4.756726954577031739e-06,-2.722905668785574382e-22,-9.760979383439611468e+00,9.000000000000000000e+01,-1.800148124276499936e-06,0.000000000000000000e+00,1.475334594760892482e-19,6.004226530898543917e-05,3.104091151925644158e-26
1.267950000002859633e+04,4.063835806255758363e-22,1.152527673031075217e+01,9.999999833913612974e+02,1.012018889182375858e+02,-1.627450296585447751e-14,3.586618692257684930e-06,5.781030441905060630e-06,3.733288449912902367e-22,-9.760874969923518663e+00,9.000000000000000000e+01,-1.933723533122357653e-06,0.000000000000000000e+00,1.475334594979692809e-19,9.282059116371701733e-07,3.145179433982757252e-26
1.268950000002863271e+04,4.063835807571237634e-22,1.153436642555198333e+01,9.999999831886124184e+02,1.012018891251828592e+02,-1.627450296045562392e-14,3.582450334784397026e-06,3.218395579328977646e-05,1.989358643966468539e-21,-9.760879263365803027e+00,9.000000000000000000e+01,-1.824502216694527475e-06,0.000000000000000000e+00,1.475334594789525283e-19,3.358959397420743644e-06,3.155997991202302675e-26
1.269950000002866909e+04,4.063835808878328577e-22,1.154345612080547667e+01,9.999999829591158687e+02,1.012018892084498418e+02,-1.627450296258411579e-14,3.578053126033755638e-06,3.090363181241772258e-06,2.082960093746317292e-22,-9.760976651770119972e+00,9.000000000000000000e+01,-1.888706878160671331e-06,0.000000000000000000e+00,1.475334594665187968e-19,5.849571939359570052e-05,3.109115071738391708e-26
1.270950000002870547e+04,4.063835810171917322e-22,1.155254581607278475e+01,9.999999823912885404e+02,1.012018893684337399e+02,-1.627450295993842146e-14,3.573433420639901266e-06,-1.354321513430862094e-05,-8.095742794207118304e-22,-9.760900462234328501e+00,9.000000000000000000e+01,-1.902662159769872549e-06,0.000000000000000000e+00,1.475334594249174341e-19,1.536076838267619343e-05,3.116219206416978657e-26
1.271950000002874185e+04,4.063835811459833132e-22,1.156163551135266587e+01,9.999999819525517069e+02,1.012018895384221651e+02,-1.627450295665078053e-14,3.568597860930033162e-06,1.465079652874906478e-05,9.168561246692024979e-22,-9.760846635028002538e+00,9.000000000000000000e+01,-2.008747678281716679e-06,0.000000000000000000e+00,1.475334594268425455e-19,-1.511368041731122980e-05,3.177433207786198016e-26
1.272950000002877823e+04,4.063835812752483362e-22,1.157072520664363502e+01,9.999999817157444113e+02,1.012018896952207427e+02,-1.627450295419656484e-14,3.563540228782642011e-06,8.294555835475172936e-06,5.273464539209809509e-22,-9.760907120872420961e+00,9.000000000000000000e+01,-1.973935769404412397e-06,0.000000000000000000e+00,1.475334593982405117e-19,1.913057749408058264e-05,3.131615237513246425e-26
1.273950000002881461e+04,4.063835814041000554e-22,1.157981490194709195e+01,9.999999815443717353e+02,1.012018898102010240e+02,-1.627450295428112757e-14,3.558253697564070103e-06,1.315972627381770135e-05,8.244959231649192641e-22,-9.760846641420830139e+00,9.000000000000000000e+01,-1.969927939728081357e-06,0.000000000000000000e+00,1.475334594047729531e-19,-1.511005921045305465e-05,3.188015745532719784e-26
1.274950000002885099e+04,4.063835815323113653e-22,1.158890459726289812e+01,9.999999812891054489e+02,1.012018899625448398e+02,-1.627450295203989485e-14,3.552744085424346172e-06,2.191443842061135261e-05,1.361216162973171752e-21,-9.760817803148633232e+00,9.000000000000000000e+01,-1.886702645267037764e-06,0.000000000000000000e+00,1.475334593947191655e-19,-3.143693973628357627e-05,3.157001637940876251e-26
1.275950000002888737e+04,4.063835816592738771e-22,1.159799429259121872e+01,9.999999808356166113e+02,1.012018900373048638e+02,-1.627450295448047272e-14,3.547015913962412498e-06,3.262520575580286062e-06,2.180104621390188053e-22,-9.760944750314282103e+00,9.000000000000000000e+01,-1.725222576312266280e-06,0.000000000000000000e+00,1.475334593965391934e-19,4.043460914925272665e-05,3.132669504112148363e-26
1.276950000002892375e+04,4.063835817860720547e-22,1.160708398793175355e+01,9.999999805536120903e+02,1.012018902473248971e+02,-1.627450294863152665e-14,3.541068123934864286e-06,9.305903506286759545e-06,5.891833858249045029e-22,-9.760912102125423928e+00,9.000000000000000000e+01,-1.895238236254587693e-06,0.000000000000000000e+00,1.475334593511039060e-19,2.195073569992016892e-05,3.126286032506550658e-26
1.277950000002896013e+04,4.063835819117980404e-22,1.161617368328481170e+01,9.999999803574011139e+02,1.012018903399002880e+02,-1.627450294991487397e-14,3.534899379373709030e-06,-4.665061447241532332e-06,-2.659853510668658848e-22,-9.760912272490056552e+00,9.000000000000000000e+01,-1.974234512544532838e-06,1.895758319773387099e-24,1.475334593476940952e-19,2.204718824134215517e-05,3.127035975905192796e-26
1.278950000002899651e+04,4.063835820364152058e-22,1.162526337864547976e+01,9.999999801023863029e+02,1.012018904267605848e+02,-1.627450295148607979e-14,3.528511414380267266e-06,1.553061708112807353e-05,9.706720288810411092e-22,-9.760846571675735106e+00,9.000000000000000000e+01,-1.972401393492762083e-06,0.000000000000000000e+00,1.475334593844438478e-19,-1.514954988834592411e-05,3.170371717357826932e-26
1.279950000002903289e+04,4.063835821599751786e-22,1.163435307401741348e+01,9.999999798057135649e+02,1.012018905786151777e+02,-1.627450294901819155e-14,3.521901878643531099e-06,-2.909379302379236270e-06,-1.586475348873015623e-22,-9.760942052066003072e+00,9.000000000000000000e+01,-1.878373154222846438e-06,0.000000000000000000e+00,1.475334593424117267e-19,3.890699106917632096e-05,3.107982246084393215e-26
1.280950000002906927e+04,4.063835822829274678e-22,1.164344276940189360e+01,9.999999792775884089e+02,1.012018906962438649e+02,-1.627450294861306415e-14,3.515078768426588323e-06,1.859323089642610710e-05,1.157988687679488573e-21,-9.760874580577663551e+00,9.000000000000000000e+01,-1.941337679252031626e-06,0.000000000000000000e+00,1.475334593628480342e-19,7.077839598973672088e-07,3.140859193118847859e-26
1.281950000002910565e+04,4.063835824048384101e-22,1.165253246479836235e+01,9.999999787457659295e+02,1.012018908758139588e+02,-1.627450294435747195e-14,3.508049889399609542e-06,9.269449991950088380e-06,5.864587419716602866e-22,-9.760875104921785450e+00,9.000000000000000000e+01,-1.942245689446932961e-06,-1.895758319773387099e-24,1.475334593147790376e-19,1.004643550658889872e-06,3.167049087281786505e-26
1.282950000002914203e+04,4.063835825258415887e-22,1.166162216020647158e+01,9.999999784139822623e+02,1.012018909737216745e+02,-1.627450294504985517e-14,3.500809538249597406e-06,-2.492077288433096437e-06,-1.334591240419497711e-22,-9.760931829275806493e+00,9.000000000000000000e+01,-1.747488392859757106e-06,0.000000000000000000e+00,1.475334593084782615e-19,3.311932499302962517e-05,3.128523533085340847e-26
1.283950000002917841e+04,4.063835826463608867e-22,1.167071185562644153e+01,9.999999780601076509e+02,1.012018910365132598e+02,-1.627450294787013388e-14,3.493357143297843837e-06,-3.078684567670144306e-05,-1.866047144336592517e-21,-9.760867689453322171e+00,9.000000000000000000e+01,-1.953758279616333145e-06,0.000000000000000000e+00,1.475334593030973817e-19,-3.193649089054222276e-06,3.155816652591475444e-26
1.284950000002921479e+04,4.063835827653119813e-22,1.167980155105803775e+01,9.999999777846038569e+02,1.012018912808787263e+02,-1.627450293948352325e-14,3.485691639263744662e-06,1.218302282947429164e-05,7.653277436555899923e-22,-9.760875043913420868e+00,9.000000000000000000e+01,-1.968395624815864972e-06,-1.895758319773387099e-24,1.475334592754441333e-19,9.701099740797117373e-07,3.146664896126630593e-26
1.285950000002925117e+04,4.063835828830123968e-22,1.168889124649998479e+01,9.999999775201454213e+02,1.012018913509187144e+02,-1.627450294170072726e-14,3.477816571461174763e-06,-1.437590186441315584e-06,-6.866075726601096838e-23,-9.760931828939783728e+00,9.000000000000000000e+01,-1.828245958554547155e-06,0.000000000000000000e+00,1.475334592807772018e-19,3.311913648484019997e-05,3.107649963233481980e-26
1.286950000002928755e+04,4.063835830000353045e-22,1.169798094195411053e+01,9.999999770630616922e+02,1.012018914829253049e+02,-1.627450294008761400e-14,3.469731010581062106e-06,1.062756943460018254e-05,6.702918093722586465e-22,-9.760874907342003581e+00,9.000000000000000000e+01,-1.912662001799455988e-06,0.000000000000000000e+00,1.475334592799649409e-19,8.927887377038212358e-07,3.132739834099330645e-26
1.287950000002932393e+04,4.063835831167988040e-22,1.170707063741967957e+01,9.999999766520224966e+02,1.012018916272027980e+02,-1.627450293770915103e-14,3.461445162018899147e-06,1.615120737712619141e-05,1.007381179187208792e-21,-9.760815775448930864e+00,9.000000000000000000e+01,-1.890066578009215729e-06,0.000000000000000000e+00,1.475334592650577135e-19,-3.258492627070554132e-05,3.190429258709967796e-26
1.288950000002936031e+04,4.063835832321778064e-22,1.171616033289632419e+01,9.999999763322621220e+02,1.012018917030471385e+02,-1.627450293944307362e-14,3.452953828231380207e-06,1.837012398022925608e-05,1.143500513511636915e-21,-9.760816356111961412e+00,9.000000000000000000e+01,-1.837476208128966135e-06,0.000000000000000000e+00,1.475334592834699889e-19,-3.225618673857127245e-05,3.167264707753142450e-26
1.289950000002939669e+04,4.063835833471733624e-22,1.172525002838442987e+01,9.999999760650749749e+02,1.012018919264382504e+02,-1.627450293212250121e-14,3.444255811139976116e-06,6.610407413608671897e-06,4.244219488310655469e-22,-9.760947970950754282e+00,9.000000000000000000e+01,-1.965735586991351057e-06,-1.895758319773387099e-24,1.475334592051924200e-19,4.225799386334558392e-05,3.114934723377804908e-26
1.290950000002943307e+04,4.063835834617625266e-22,1.173433972388393265e+01,9.999999758154060601e+02,1.012018920091062455e+02,-1.627450293339584262e-14,3.435353301493299783e-06,5.669436466886293158e-06,3.666508120161569012e-22,-9.760905906396828868e+00,9.000000000000000000e+01,-1.938964069459911345e-06,0.000000000000000000e+00,1.475334592159807092e-19,1.844300318387468907e-05,3.129426458127227193e-26
1.291950000002946945e+04,4.063835835762782458e-22,1.174342941939412555e+01,9.999999754900858306e+02,1.012018921789487820e+02,-1.627450292932769955e-14,3.426244915024654054e-06,3.212678872232105343e-05,1.986079994514715128e-21,-9.760843669343806539e+00,9.000000000000000000e+01,-1.938294371866182405e-06,0.000000000000000000e+00,1.475334592089229223e-19,-1.679270300527731770e-05,3.161745469682492674e-26
1.292950000002950583e+04,4.063835836894970187e-22,1.175251911491485934e+01,9.999999750947300754e+02,1.012018922943344847e+02,-1.627450292852086524e-14,3.416931353685834500e-06,1.212414443161606699e-05,7.617906615270104907e-22,-9.760874980291621483e+00,9.000000000000000000e+01,-1.928202344639711522e-06,0.000000000000000000e+00,1.475334591800717213e-19,9.340956137789948680e-07,3.141437019791504351e-26
1.293950000002954221e+04,4.063835838032655937e-22,1.176160881044784468e+01,9.999999744955822507e+02,1.012018923621583042e+02,-1.627450293065628016e-14,3.407423059666343118e-06,1.236327659438207229e-05,7.760928314707518763e-22,-9.760874902348207982e+00,9.000000000000000000e+01,-1.860115599907123085e-06,0.000000000000000000e+00,1.475334591999030460e-19,8.899609424392949361e-07,3.143371810416204863e-26
1.294950000002957859e+04,4.063835839169581378e-22,1.177069850599191447e+01,9.999999741251115211e+02,1.012018924698048750e+02,-1.627450293035062496e-14,3.397716588519067426e-06,1.489040430784717889e-05,9.307150931052384661e-22,-9.760874986237855211e+00,9.000000000000000000e+01,-1.884585362737806117e-06,0.000000000000000000e+00,1.475334592003242951e-19,9.374557121398421629e-07,3.153146152826880421e-26
1.295950000002961497e+04,4.063835840291819252e-22,1.177978820154664774e+01,9.999999738422408200e+02,1.012018926586216878e+02,-1.627450292499409848e-14,3.387808628759279010e-06,6.907387583814337146e-06,4.424255688532883318e-22,-9.760903653926389367e+00,9.000000000000000000e+01,-1.997959491246566935e-06,1.895758319773387099e-24,1.475334591438241309e-19,1.716776636523526938e-05,3.143506229302827500e-26
1.296950000002965135e+04,4.063835841401009139e-22,1.178887789711221501e+01,9.999999735851865807e+02,1.012018927413571134e+02,-1.627450292605972966e-14,3.377700322609042074e-06,1.361917025356902611e-05,8.526189705997666987e-22,-9.760837673173224260e+00,9.000000000000000000e+01,-1.852671219064127125e-06,0.000000000000000000e+00,1.475334591611409133e-19,-2.018745468466812921e-05,3.167906288233591342e-26
1.297950000002968773e+04,4.063835842506341993e-22,1.179796759268888806e+01,9.999999733198434342e+02,1.012018928963932041e+02,-1.627450292267798393e-14,3.367391662400982194e-06,6.236331130444336506e-06,4.010113088415777073e-22,-9.760873564742320596e+00,9.000000000000000000e+01,-1.932478485908970445e-06,0.000000000000000000e+00,1.475334591230304671e-19,1.326761270403351271e-07,3.153772299969103025e-26
1.298950000002972411e+04,4.063835843604689590e-22,1.180705728827589063e+01,9.999999729963578829e+02,1.012018929769581206e+02,-1.627450292381674882e-14,3.356885927361942135e-06,1.417320013523228466e-05,8.871727148969526887e-22,-9.760844972668527575e+00,9.000000000000000000e+01,-1.918188559058404417e-06,0.000000000000000000e+00,1.475334591423667797e-19,-1.605482114662801506e-05,3.152002653400843868e-26
1.299950000002976049e+04,4.063835844695990804e-22,1.181614698387326179e+01,9.999999726590980345e+02,1.012018931349112023e+02,-1.627450292017867064e-14,3.346182149174938327e-06,3.067206549612792399e-05,1.897024428975566689e-21,-9.760878040627508412e+00,9.000000000000000000e+01,-1.926506192994743331e-06,1.895758319773387099e-24,1.475334591282039242e-19,2.666714079724693604e-06,3.153391738536608079e-26
1.300950000002979687e+04,4.063835845771671578e-22,1.182523667948205137e+01,9.999999721760862030e+02,1.012018931474109849e+02,-1.627450292535883306e-14,3.335287085240702323e-06,-1.188460350176120690e-06,-5.352350900831771534e-23,-9.760841928197233841e+00,9.000000000000000000e+01,-1.882968826737624251e-06,0.000000000000000000e+00,1.475334591400633675e-19,-1.777846013591670568e-05,3.150328232688445595e-26
1.301950000002983325e+04,4.063835846841349808e-22,1.183432637510136232e+01,9.999999718695878528e+02,1.012018933350301069e+02,-1.627450291978408241e-14,3.324201068538375767e-06,-9.681595068350001724e-07,-3.983013659508730230e-23,-9.760829979108295973e+00,9.000000000000000000e+01,-1.884587271070615036e-06,0.000000000000000000e+00,1.475334590906034402e-19,-2.454347131739520246e-05,3.153966317476427878e-26
1.302950000002986962e+04,4.063835847891875944e-22,1.184341607073093883e+01,9.999999714950937459e+02,1.012018934009988556e+02,-1.627450292155271803e-14,3.312924522978433897e-06,-1.925509652321701903e-05,-1.160537316583057175e-21,-9.760928213177008317e+00,9.000000000000000000e+01,-1.831700626160677827e-06,1.895758319773387099e-24,1.475334590867172506e-19,3.107206529373105760e-05,3.128260346936345058e-26
1.303950000002990600e+04,4.063835848931781253e-22,1.185250576637069742e+01,9.999999712878372975e+02,1.012018935751907378e+02,-1.627450291663575747e-14,3.301456873927929897e-06,2.947650222738333440e-06,2.000100895168339798e-22,-9.760933402411509974e+00,9.000000000000000000e+01,-1.900186314228071608e-06,0.000000000000000000e+00,1.475334590673473547e-19,3.400996921880682132e-05,3.106870325848185923e-26
1.304950000002994238e+04,4.063835849962970037e-22,1.186159546202112125e+01,9.999999709486961592e+02,1.012018937289106759e+02,-1.627450291292392710e-14,3.289799268635141438e-06,9.145049708199006164e-06,5.795889885303629030e-22,-9.760903430632065891e+00,9.000000000000000000e+01,-1.905398607240053933e-06,0.000000000000000000e+00,1.475334590411801056e-19,1.704135059121919776e-05,3.119819898396699639e-26
1.305950000002997876e+04,4.063835850978411428e-22,1.187068515768174670e+01,9.999999706805404003e+02,1.012018937716722320e+02,-1.627450291592014388e-14,3.277953353757409537e-06,1.678077511272419014e-05,1.046731756903578366e-21,-9.760845057598709573e+00,9.000000000000000000e+01,-1.921702461314922710e-06,-1.895758319773387099e-24,1.475334590768288041e-19,-1.600673724131700831e-05,3.164051406896450147e-26
1.306950000003001514e+04,4.063835851978634869e-22,1.187977485335104610e+01,9.999999704584945448e+02,1.012018938499213050e+02,-1.627450291665832205e-14,3.265922031532539269e-06,-5.626736040323718343e-06,-3.254178135454393626e-22,-9.760870438704740693e+00,9.000000000000000000e+01,-1.866418975841472329e-06,0.000000000000000000e+00,1.475334590591502116e-19,-1.637139528514392934e-06,3.143300593611653208e-26
1.307950000003005152e+04,4.063835852966186481e-22,1.188886454903065193e+01,9.999999701774213463e+02,1.012018939103165138e+02,-1.627450291842028706e-14,3.253707041992493806e-06,-5.371161547335209777e-06,-3.096140789290844119e-22,-9.760870513493445699e+00,9.000000000000000000e+01,-1.914419957982994562e-06,0.000000000000000000e+00,1.475334590755965219e-19,-1.594802210182453368e-06,3.145746589059043535e-26
1.308950000003008790e+04,4.063835853939697518e-22,1.189795424472071517e+01,9.999999697036669204e+02,1.012018940326543088e+02,-1.627450291631062372e-14,3.241313113226445597e-06,-1.334964101324129731e-05,-7.980080257740319665e-22,-9.760832183362071035e+00,9.000000000000000000e+01,-1.921684777430894028e-06,0.000000000000000000e+00,1.475334590482115314e-19,-2.329553095828072943e-05,3.154728467356063214e-26
1.309950000003012428e+04,4.063835854899362173e-22,1.190704394042075975e+01,9.999999692529999038e+02,1.012018942172617813e+02,-1.627450291031128920e-14,3.228749693759833713e-06,1.047117950793240042e-05,6.605603342460098116e-22,-9.760905364336297296e+00,9.000000000000000000e+01,-1.886141519087915222e-06,0.000000000000000000e+00,1.475334590208596669e-19,1.813612192563049120e-05,3.124398441646052418e-26
1.310950000003016066e+04,4.063835855841767749e-22,1.191613363613050147e+01,9.999999688686709760e+02,1.012018942946963449e+02,-1.627450291077953495e-14,3.216011445873583735e-06,1.073728137407608481e-05,6.758684358883536655e-22,-9.760912586653665457e+00,9.000000000000000000e+01,-1.791163667967864441e-06,0.000000000000000000e+00,1.475334590256645973e-19,2.222506021022468937e-05,3.146539290107545393e-26
1.311950000003019704e+04,4.063835856775960381e-22,1.192522333184981242e+01,9.999999685166403651e+02,1.012018943915794296e+02,-1.627450291001196382e-14,3.203102864110018246e-06,-5.105206906024203237e-06,-2.936144704714188472e-22,-9.760870499280638768e+00,9.000000000000000000e+01,-1.881293870309053195e-06,0.000000000000000000e+00,1.475334590016759361e-19,-1.602845060338967666e-06,3.151685743959915227e-26
1.312950000003023342e+04,4.063835857692603352e-22,1.193431302757901769e+01,9.999999682383704567e+02,1.012018945385771076e+02,-1.627450290607843513e-14,3.190022324048658694e-06,2.571504332304801660e-05,1.592455952308964156e-21,-9.760876431339790216e+00,9.000000000000000000e+01,-1.755202662850803583e-06,0.000000000000000000e+00,1.475334590005394208e-19,1.755609320880340510e-06,3.170391538902426308e-26
1.313950000003026980e+04,4.063835858598247458e-22,1.194340272331665886e+01,9.999999679868202520e+02,1.012018946213501920e+02,-1.627450290601729526e-14,3.176770303592299406e-06,1.759541298216314956e-05,1.096565116276060402e-21,-9.760815052425785510e+00,9.000000000000000000e+01,-1.907197020079140745e-06,0.000000000000000000e+00,1.475334589913912777e-19,-3.299426198522746037e-05,3.181465299806216282e-26
1.314950000003030618e+04,4.063835859497925225e-22,1.195249241906281590e+01,9.999999677287974009e+02,1.012018947641216329e+02,-1.627450290224918439e-14,3.163348430030547379e-06,-3.665017707805263237e-06,-2.056626445077326169e-22,-9.760870560384425687e+00,9.000000000000000000e+01,-1.885930050368254108e-06,0.000000000000000000e+00,1.475334589344615107e-19,-1.568247612300953344e-06,3.162595267403908686e-26
1.315950000003034256e+04,4.063835860397661297e-22,1.196158211481821176e+01,9.999999674929399589e+02,1.012018948684826682e+02,-1.627450290083288877e-14,3.149755550711390586e-06,-3.397776757973401969e-06,-1.890897657115292119e-22,-9.760868535427377424e+00,9.000000000000000000e+01,-1.871166398981211915e-06,0.000000000000000000e+00,1.475334589223449799e-19,-2.714681559449606092e-06,3.151859227449063227e-26
1.316950000003037894e+04,4.063835861283176238e-22,1.197067181058290330e+01,9.999999672432336411e+02,1.012018949548900792e+02,-1.627450290043796606e-14,3.135994975278673634e-06,3.959050745201724576e-06,2.619756382924808458e-22,-9.760872068799050894e+00,9.000000000000000000e+01,-1.961419218066480670e-06,0.000000000000000000e+00,1.475334589272027771e-19,-7.142544539010346196e-07,3.140592870141841793e-26
1.317950000003041532e+04,4.063835862159230800e-22,1.197976150635649795e+01,9.999999669234640578e+02,1.012018950370430446e+02,-1.627450290025046014e-14,3.122067763836500293e-06,2.265812649028239582e-05,1.407054287000213425e-21,-9.760906575859589651e+00,9.000000000000000000e+01,-1.953190537883473229e-06,1.895758319773387099e-24,1.475334589463887949e-19,1.882202937419630284e-05,3.127586437676199625e-26
1.318950000003045170e+04,4.063835863013110367e-22,1.198885120213869193e+01,9.999999667226336442e+02,1.012018950990666326e+02,-1.627450290117333904e-14,3.107977902479384888e-06,2.242097855131049342e-05,1.391614939268531088e-21,-9.760838272668244997e+00,9.000000000000000000e+01,-1.849493717715157762e-06,1.895758319773387099e-24,1.475334589546907566e-19,-1.984804719553914044e-05,3.163464328983123294e-26
1.319950000003048808e+04,4.063835863855842015e-22,1.199794089792963447e+01,9.999999664812442006e+02,1.012018951881343014e+02,-1.627450290037796846e-14,3.093722900383882296e-06,-8.367370687756462043e-06,-4.933560640439003426e-22,-9.760898845512079092e+00,9.000000000000000000e+01,-1.812549259646150905e-06,0.000000000000000000e+00,1.475334589139739495e-19,1.444546949655777575e-05,3.130085374522040484e-26
1.320950000003052446e+04,4.063835864688866901e-22,1.200703059372994197e+01,9.999999659816641042e+02,1.012018953270226120e+02,-1.627450289647786539e-14,3.079311661632571140e-06,3.002767919057565014e-05,1.859169953115164410e-21,-9.760876471490984585e+00,9.000000000000000000e+01,-1.941442510334332373e-06,0.000000000000000000e+00,1.475334589214941040e-19,1.778347323481243691e-06,3.116807044029327780e-26
1.321950000003056084e+04,4.063835865509456468e-22,1.201612028953988442e+01,9.999999655595514696e+02,1.012018953922917603e+02,-1.627450289701816884e-14,3.064748706133659187e-06,-1.823639577158733224e-06,-9.195901066004871384e-23,-9.760872397442735604e+00,9.000000000000000000e+01,-1.947398696919653015e-06,0.000000000000000000e+00,1.475334588915822694e-19,-5.281924666541834161e-07,3.131292519343612785e-26
1.322950000003059722e+04,4.063835866307113080e-22,1.202520998535662500e+01,9.999999652767088492e+02,1.012018954921117029e+02,-1.627450289531563346e-14,3.050032299351429712e-06,-1.577022494907436524e-06,-7.746504777174855406e-23,-9.760871199301034196e+00,9.000000000000000000e+01,-1.885246231111739379e-06,0.000000000000000000e+00,1.475334588768242775e-19,-1.206524263785850314e-06,3.146758725138246163e-26
1.323950000003063360e+04,4.063835867090752157e-22,1.203429968118153859e+01,9.999999650067184120e+02,1.012018956157088638e+02,-1.627450289207895294e-14,3.035163021821438340e-06,1.422917916288339064e-05,8.898231401813465366e-22,-9.760858876209125512e+00,9.000000000000000000e+01,-1.756899501495582942e-06,0.000000000000000000e+00,1.475334588653975425e-19,-8.183282538883371548e-06,3.170818462548463254e-26
1.324950000003066998e+04,4.063835867854401718e-22,1.204338937701480639e+01,9.999999647994618499e+02,1.012018956570866237e+02,-1.627450289376730776e-14,3.020141712417425255e-06,7.142445524154850300e-06,4.559730993951582976e-22,-9.760905347246168873e+00,9.000000000000000000e+01,-1.772520859424684676e-06,0.000000000000000000e+00,1.475334588730288233e-19,1.812644553611296265e-05,3.136595322914157496e-26
1.325950000003070636e+04,4.063835868600606002e-22,1.205247907285629339e+01,9.999999644649587935e+02,1.012018957971169471e+02,-1.627450288931893374e-14,3.004972235939114536e-06,-7.966987507839284094e-06,-4.689694229567302944e-22,-9.760869030524842671e+00,9.000000000000000000e+01,-1.889591912028554085e-06,0.000000000000000000e+00,1.475334588167168947e-19,-2.434381781449754398e-06,3.158901288785881418e-26
1.326950000003074274e+04,4.063835869330256975e-22,1.206156876870562833e+01,9.999999642143397978e+02,1.012018958727720417e+02,-1.627450288872027035e-14,2.989657621819096792e-06,-7.712579483497369141e-06,-4.528745466853795499e-22,-9.760899053371161926e+00,9.000000000000000000e+01,-1.948394846645887605e-06,0.000000000000000000e+00,1.475334588118790068e-19,1.456315125938243630e-05,3.135652416320736865e-26
1.327950000003077912e+04,4.063835870052248896e-22,1.207065846456218239e+01,9.999999639793951474e+02,1.012018959681409740e+02,-1.627450288687108257e-14,2.974198142300543040e-06,4.543023803047795432e-07,4.639269358805108946e-23,-9.760900339811840354e+00,9.000000000000000000e+01,-1.773850814725848109e-06,0.000000000000000000e+00,1.475334588044856025e-19,1.529147436963437996e-05,3.134581602558528029e-26
1.328950000003081550e+04,4.063835870761281698e-22,1.207974816042635702e+01,9.999999637684691152e+02,1.012018960077742236e+02,-1.627450288836441204e-14,2.958595452641841283e-06,-2.397010776388881512e-08,1.726384197617418675e-23,-9.760870404131932077e+00,9.000000000000000000e+01,-1.812361174364507905e-06,0.000000000000000000e+00,1.475334588176170984e-19,-1.656710521396284683e-06,3.149735655060904776e-26
1.329950000003085188e+04,4.063835871456020018e-22,1.208883785629843466e+01,9.999999635446071125e+02,1.012018961130714700e+02,-1.627450288575847946e-14,2.942850892166729089e-06,1.103283829396846566e-05,6.955966606890262192e-22,-9.760902178389491368e+00,9.000000000000000000e+01,-2.016193026013335867e-06,0.000000000000000000e+00,1.475334588066342662e-19,1.633239037951687861e-05,3.130269122327433157e-26
1.330950000003088826e+04,4.063835872131859211e-22,1.209792755217824656e+01,9.999999632653873505e+02,1.012018961430785708e+02,-1.627450288765598655e-14,2.926967042958839788e-06,-5.800563904501394723e-06,-3.358823300238398457e-22,-9.760928840146288366e+00,9.000000000000000000e+01,-1.830600332351953658e-06,0.000000000000000000e+00,1.475334588053808710e-19,3.142702753537256449e-05,3.112051551956520006e-26
1.331950000003092464e+04,4.063835872798672957e-22,1.210701724806562751e+01,9.999999630184378248e+02,1.012018963613147093e+02,-1.627450287798052866e-14,2.910949013052471755e-06,1.642046920204411225e-05,1.025577882271247899e-21,-9.760843730784808159e+00,9.000000000000000000e+01,-2.033583917345016739e-06,0.000000000000000000e+00,1.475334587431636560e-19,-1.675790823527705136e-05,3.155223401972070469e-26
1.332950000003096102e+04,4.063835873453290715e-22,1.211610694395873011e+01,9.999999627475533543e+02,1.012018964230157110e+02,-1.627450287782057607e-14,2.894795405740128458e-06,-5.195022174103164794e-06,-2.991936555159361229e-22,-9.760900287052354685e+00,9.000000000000000000e+01,-1.855012005531934421e-06,0.000000000000000000e+00,1.475334587181547575e-19,1.526160654185577140e-05,3.140357266883398116e-26
1.333950000003099740e+04,4.063835874093010257e-22,1.212519663985917973e+01,9.999999624591506517e+02,1.012018964336768505e+02,-1.627450288070452217e-14,2.878508629535383177e-06,1.194541979472140486e-06,9.275560975418487385e-23,-9.760870549808405627e+00,9.000000000000000000e+01,-1.958899175536825841e-06,0.000000000000000000e+00,1.475334587513191508e-19,-1.574236123257964901e-06,3.131278768624651187e-26
1.334950000003103378e+04,4.063835874715967720e-22,1.213428633576666371e+01,9.999999622444715897e+02,1.012018964722380616e+02,-1.627450288178691506e-14,2.862095707666808348e-06,7.644821160308531486e-06,4.874323288113007304e-22,-9.760839629411435681e+00,9.000000000000000000e+01,-1.897157433838257773e-06,0.000000000000000000e+00,1.475334587683440826e-19,-1.907991959309548378e-05,3.151681519588082783e-26
1.335950000003107016e+04,4.063835875323555830e-22,1.214337603168112345e+01,9.999999619532749193e+02,1.012018965482323125e+02,-1.627450288049231227e-14,2.845554183050942090e-06,-2.133859145696729686e-05,-1.287588067094294413e-21,-9.760895902646867128e+00,9.000000000000000000e+01,-1.870545147596391136e-06,0.000000000000000000e+00,1.475334587250407756e-19,1.277935563139586051e-05,3.140050602392147976e-26
1.336950000003110654e+04,4.063835875917653025e-22,1.215246572760222321e+01,9.999999616777618030e+02,1.012018966808413438e+02,-1.627450287565643084e-14,2.828887862547234048e-06,9.103575267374249363e-06,5.762532233718834843e-22,-9.760872002687770888e+00,9.000000000000000000e+01,-1.845397824840806503e-06,0.000000000000000000e+00,1.475334587152924164e-19,-7.516809700582975089e-07,3.151896857003231027e-26
1.337950000003114292e+04,4.063835876500323006e-22,1.216155542352991326e+01,9.999999614391289242e+02,1.012018967690201805e+02,-1.627450287347862885e-14,2.812097925834122609e-06,1.252623469113223220e-05,7.858786118911636776e-22,-9.760902101755386084e+00,9.000000000000000000e+01,-1.898968136340633643e-06,-1.895758319773387099e-24,1.475334586996979690e-19,1.628900521248755564e-05,3.142911185486168783e-26
1.338950000003117930e+04,4.063835877058719968e-22,1.217064511946382588e+01,9.999999611848313634e+02,1.012018968117024968e+02,-1.627450287395136479e-14,2.795187547016134469e-06,2.533843116189943062e-05,1.570918948613933257e-21,-9.760845056587132973e+00,9.000000000000000000e+01,-1.897472461418347234e-06,0.000000000000000000e+00,1.475334587182388003e-19,-1.600730379222527035e-05,3.146443520926902088e-26
1.339950000003121568e+04,4.063835877598356981e-22,1.217973481540402680e+01,9.999999609323870118e+02,1.012018968829330987e+02,-1.627450287257177644e-14,2.778159436636199838e-06,2.753938965471298244e-06,1.876910073855531028e-22,-9.760870232945636715e+00,9.000000000000000000e+01,-1.765390335717655499e-06,-9.478791598866935495e-25,1.475334586811864360e-19,-1.753627005764793726e-06,3.126813562607976288e-26
1.340950000003125206e+04,4.063835878123734777e-22,1.218882451135066880e+01,9.999999606558959613e+02,1.012018969136094881e+02,-1.627450287359834954e-14,2.761017548778822267e-06,-1.102314620325981504e-05,-6.555128276427181529e-22,-9.760897422534359436e+00,9.000000000000000000e+01,-1.881115097691517382e-06,0.000000000000000000e+00,1.475334586754422295e-19,1.363984558519585341e-05,3.134706159035357827e-26
1.341950000003128844e+04,4.063835878624354781e-22,1.219791420730350140e+01,9.999999603942316071e+02,1.012018969592050013e+02,-1.627450287357365504e-14,2.743761640581686820e-06,-3.794783512836086719e-06,-2.133124975764221301e-22,-9.760868863973868770e+00,9.000000000000000000e+01,-1.835068909901660213e-06,0.000000000000000000e+00,1.475334586833373867e-19,-2.528676751820549273e-06,3.141909713426854553e-26
1.342950000003132482e+04,4.063835879105149838e-22,1.220700390326246776e+01,9.999999601445440476e+02,1.012018970868069232e+02,-1.627450286841825023e-14,2.726395885343136922e-06,1.061128737823307139e-05,6.687521950218137988e-22,-9.760872013787134094e+00,9.000000000000000000e+01,-1.852661524733457943e-06,-1.895758319773387099e-24,1.475334586530444106e-19,-7.453995147873245640e-07,3.145898055420267669e-26
1.343950000003136120e+04,4.063835879565620598e-22,1.221609359922710247e+01,9.999999598957970193e+02,1.012018971336250814e+02,-1.627450286809650226e-14,2.708924723705360778e-06,1.091465765063352155e-05,6.876859408328550246e-22,-9.760871188324502512e+00,9.000000000000000000e+01,-1.858033710590386974e-06,0.000000000000000000e+00,1.475334586506545482e-19,-1.212737394386979881e-06,3.138233353852529711e-26
1.344950000003139758e+04,4.063835880005586974e-22,1.222518329519597735e+01,9.999999596138577544e+02,1.012018972119922466e+02,-1.627450286573005208e-14,2.691348714437338638e-06,3.668253534430554361e-06,2.437453617692274335e-22,-9.760832764234086412e+00,9.000000000000000000e+01,-1.866957481915700113e-06,0.000000000000000000e+00,1.475334586215786875e-19,-2.296666154233771489e-05,3.150494316386449841e-26
1.345950000003143396e+04,4.063835880433508296e-22,1.223427299117009781e+01,9.999999593328404899e+02,1.012018972323162558e+02,-1.627450286685115279e-14,2.673675332341286731e-06,1.096356248048694463e-05,6.908239829430888306e-22,-9.760772091691480412e+00,9.000000000000000000e+01,-1.935942796956895437e-06,0.000000000000000000e+00,1.475334586398288237e-19,-5.731662417109912905e-05,3.194031227164605727e-26
1.346950000003147034e+04,4.063835880845999608e-22,1.224336268714980314e+01,9.999999590831342857e+02,1.012018972785931226e+02,-1.627450286629722729e-14,2.655901609970342382e-06,4.587674138471084283e-06,2.998703761772612940e-22,-9.760870477861182337e+00,9.000000000000000000e+01,-1.853878226843523847e-06,0.000000000000000000e+00,1.475334586279745083e-19,-1.614969332999332992e-06,3.147940564402677800e-26
1.347950000003150672e+04,4.063835881238972541e-22,1.225245238313476648e+01,9.999999588592629607e+02,1.012018973266940947e+02,-1.627450286552323483e-14,2.638029116573618482e-06,-1.594799302442038089e-06,-7.885449909175505959e-23,-9.760928736910548409e+00,9.000000000000000000e+01,-1.757677032615232250e-06,0.000000000000000000e+00,1.475334586143561373e-19,3.136857977136942434e-05,3.109000511338782087e-26
1.348950000003154310e+04,4.063835881611996866e-22,1.226154207912450467e+01,9.999999586086627232e+02,1.012018973991956869e+02,-1.627450286314635275e-14,2.620066309683362240e-06,-1.539142860314532738e-05,-9.232422198964572869e-22,-9.760895848713406764e+00,9.000000000000000000e+01,-1.870927908268977185e-06,-1.895758319773387099e-24,1.475334585779700725e-19,1.274881802168155475e-05,3.132695446539297736e-26
1.349950000003157948e+04,4.063835881972048904e-22,1.227063177511922021e+01,9.999999583091772593e+02,1.012018974368568962e+02,-1.627450286283017099e-14,2.602012296836384851e-06,5.331867828208723650e-06,3.455856946455710766e-22,-9.760870473526436442e+00,9.000000000000000000e+01,-1.863316739138485084e-06,0.000000000000000000e+00,1.475334585980501069e-19,-1.617425867694092772e-06,3.143167933308074989e-26
1.350950000003161585e+04,4.063835882313104014e-22,1.227972147111869283e+01,9.999999580263066719e+02,1.012018975072797105e+02,-1.627450286040255884e-14,2.583870830151260399e-06,2.510027196719448608e-05,1.556044048310693928e-21,-9.760814990219776277e+00,9.000000000000000000e+01,-1.827981489071674011e-06,0.000000000000000000e+00,1.475334585981106052e-19,-3.302947999054198751e-05,3.153273207556478726e-26
1.351950000003165223e+04,4.063835882644044700e-22,1.228881116712285504e+01,9.999999577111564122e+02,1.012018975612524656e+02,-1.627450285892684621e-14,2.565644757403912837e-06,-1.322858057138954135e-06,-6.140410858078743520e-23,-9.760868914561372733e+00,9.000000000000000000e+01,-1.905801596240414101e-06,0.000000000000000000e+00,1.475334585559191616e-19,-2.500039930750457211e-06,3.130721711418674943e-26
1.352950000003168861e+04,4.063835882960866289e-22,1.229790086313110997e+01,9.999999574762117618e+02,1.012018975869106470e+02,-1.627450285910612274e-14,2.547337198793145762e-06,6.092221491321226250e-06,3.921656819412090824e-22,-9.760870312199802612e+00,9.000000000000000000e+01,-1.795831017462943519e-06,0.000000000000000000e+00,1.475334585657884933e-19,-1.708762540845653672e-06,3.129811413572750334e-26
1.353950000003172499e+04,4.063835883273427416e-22,1.230699055914400297e+01,9.999999571785796206e+02,1.012018976071967558e+02,-1.627450285959129113e-14,2.528945182404107392e-06,-2.026648061464848762e-05,-1.221161838250663830e-21,-9.760924165450287404e+00,9.000000000000000000e+01,-1.865107035202024711e-06,0.000000000000000000e+00,1.475334585412766774e-19,2.878043061910229530e-05,3.098192810258560580e-26
1.354950000003176137e+04,4.063835883569128192e-22,1.231608025516097271e+01,9.999999569187499446e+02,1.012018977601158269e+02,-1.627450285186247058e-14,2.510472347677657801e-06,2.093504374115942563e-05,1.301793655424441686e-21,-9.760843543103035813e+00,9.000000000000000000e+01,-1.929771070541921533e-06,0.000000000000000000e+00,1.475334585172843810e-19,-1.686417063602772088e-05,3.130448011967264299e-26
1.355950000003179775e+04,4.063835883852104947e-22,1.232516995118244019e+01,9.999999566782825013e+02,1.012018978388957891e+02,-1.627450284860278373e-14,2.491918430933847007e-06,1.107944895625506480e-05,6.978429309578454836e-22,-9.760900569282675576e+00,9.000000000000000000e+01,-1.913233356642434294e-06,0.000000000000000000e+00,1.475334584772578031e-19,1.542139096748475972e-05,3.132519608547162515e-26
1.356950000003183413e+04,4.063835884117858829e-22,1.233425964720813717e+01,9.999999564037472055e+02,1.012018977701455924e+02,-1.627450285428080889e-14,2.473289285244727817e-06,1.423607730144684004e-05,8.908013220552521937e-22,-9.760872030800880950e+00,9.000000000000000000e+01,-1.857315007010125965e-06,0.000000000000000000e+00,1.475334585318178095e-19,-7.357718853429999424e-07,3.142288141702562687e-26
1.357950000003187051e+04,4.063835884364541020e-22,1.234334934323764088e+01,9.999999561171420055e+02,1.012018978475645099e+02,-1.627450285090325043e-14,2.454586209885610663e-06,1.681509063682840635e-05,1.049187305107221640e-21,-9.760872023799404218e+00,9.000000000000000000e+01,-1.897121353625951069e-06,0.000000000000000000e+00,1.475334585044158227e-19,-7.397348305498461619e-07,3.130004761406197088e-26
1.358950000003190689e+04,4.063835884594901708e-22,1.235243903927092646e+01,9.999999560251459343e+02,1.012018978494799342e+02,-1.627450285205914623e-14,2.435809030099170591e-06,2.274788226493606835e-06,1.583776041814832231e-22,-9.760930389976259391e+00,9.000000000000000000e+01,-1.822529229570084683e-06,0.000000000000000000e+00,1.475334584988748500e-19,3.230446410575727812e-05,3.111935162677932570e-26
1.359950000003194327e+04,4.063835884799587248e-22,1.236152873530724783e+01,9.999999559552687742e+02,1.012018979046839604e+02,-1.627450284981080745e-14,2.416958568116386091e-06,1.170345934102174974e-05,7.357088646174956497e-22,-9.760870471220743028e+00,9.000000000000000000e+01,-1.854528052331602915e-06,0.000000000000000000e+00,1.475334584891217482e-19,-1.618733872841863830e-06,3.141465596321242074e-26
1.360950000003197965e+04,4.063835884980636888e-22,1.237061843134704908e+01,9.999999557507969712e+02,1.012018978925280237e+02,-1.627450285155556583e-14,2.398038347378677975e-06,9.048166766089707537e-06,5.733091453669508004e-22,-9.760900511940965529e+00,9.000000000000000000e+01,-1.873238619411716594e-06,0.000000000000000000e+00,1.475334585019407138e-19,1.538891646877611530e-05,3.129165467242258798e-26
1.361950000003201603e+04,4.063835885142883790e-22,1.237970812738943138e+01,9.999999555056449481e+02,1.012018979024316252e+02,-1.627450285184441829e-14,2.379054650905099430e-06,-1.200402738840148049e-05,-7.155050632977768187e-22,-9.760895594592259528e+00,9.000000000000000000e+01,-1.800992192600085408e-06,0.000000000000000000e+00,1.475334584814435229e-19,1.260494362480731564e-05,3.106078240486104486e-26
1.362950000003205241e+04,4.063835885290316172e-22,1.238879782343421354e+01,9.999999551858845734e+02,1.012018980059274895e+02,-1.627450284632215214e-14,2.360014361198056379e-06,2.931828962618966550e-05,1.814861538156048144e-21,-9.760837451756549044e+00,9.000000000000000000e+01,-1.898364059951092500e-06,-1.895758319773387099e-24,1.475334584773547496e-19,-2.031281404456844916e-05,3.136253734230627713e-26
1.363950000003208879e+04,4.063835885420668152e-22,1.239788751948196932e+01,9.999999548845645450e+02,1.012018980986394325e+02,-1.627450284136537935e-14,2.340918576121486491e-06,2.723980058806847973e-05,1.687309843792819358e-21,-9.760837311506401548e+00,9.000000000000000000e+01,-1.916446556537148365e-06,0.000000000000000000e+00,1.475334584305935798e-19,-2.039221572843686112e-05,3.146857015944104562e-26
1.364950000003212517e+04,4.063835885526815762e-22,1.240697721553271293e+01,9.999999546025879908e+02,1.012018981122558472e+02,-1.627450284111747508e-14,2.321769203213360967e-06,2.555429865914259945e-05,1.583844714150764929e-21,-9.760836778046243722e+00,9.000000000000000000e+01,-1.882419303221979599e-06,0.000000000000000000e+00,1.475334584265503065e-19,-2.069423818348785468e-05,3.155429545128075664e-26
1.365950000003216155e+04,4.063835885615233626e-22,1.241606691158611575e+01,9.999999543169979006e+02,1.012018981495965306e+02,-1.627450283931922247e-14,2.302571126655270047e-06,2.239242926700159292e-06,1.566293763442655233e-22,-9.760869063054515848e+00,9.000000000000000000e+01,-1.950984861378534440e-06,-1.895758319773387099e-24,1.475334583847973490e-19,-2.415972103890315437e-06,3.142784083569577783e-26
1.366950000003219793e+04,4.063835885683209172e-22,1.242515660764224528e+01,9.999999540405813150e+02,1.012018981457642042e+02,-1.627450283992818522e-14,2.283324576253613540e-06,3.370378126641283152e-06,2.260796899259563916e-22,-9.760906225277901527e+00,9.000000000000000000e+01,-1.911564201545601971e-06,0.000000000000000000e+00,1.475334583915435927e-19,1.862354128805739699e-05,3.115388080112831205e-26
1.367950000003223431e+04,4.063835885724671209e-22,1.243424630369959338e+01,9.999999537519738624e+02,1.012018982112297891e+02,-1.627450283614838344e-14,2.264035555355168709e-06,-1.065941706957323626e-05,-6.332039759295981601e-22,-9.760895949460472565e+00,9.000000000000000000e+01,-1.945072312003443356e-06,0.000000000000000000e+00,1.475334583421791434e-19,1.280585352037797112e-05,3.134601512263368729e-26
1.368950000003227069e+04,4.063835885747075661e-22,1.244333599975605331e+01,9.999999534321948431e+02,1.012018982256871453e+02,-1.627450283538583894e-14,2.244706178643677747e-06,2.262099739920361689e-05,1.404658177043160869e-21,-9.760803810112333778e+00,9.000000000000000000e+01,-1.943042812783420081e-06,0.000000000000000000e+00,1.475334583719520704e-19,-3.935914450431824752e-05,3.162517703608591193e-26
1.369950000003230707e+04,4.063835885755903624e-22,1.245242569581449565e+01,9.999999531096592591e+02,1.012018981818615373e+02,-1.627450283811539233e-14,2.225335861702724858e-06,-1.304664562529536162e-06,-6.105587494579884384e-23,-9.760975062430194527e+00,9.000000000000000000e+01,-1.717235033062988518e-06,0.000000000000000000e+00,1.475334583701493518e-19,5.759591677246013171e-05,3.096927489307858573e-26
1.370950000003234345e+04,4.063835885748666810e-22,1.246151539187395940e+01,9.999999530333094526e+02,1.012018981295144613e+02,-1.627450284128113532e-14,2.205925471034213874e-06,2.770821777666905798e-06,1.886260235173210231e-22,-9.760835884377110361e+00,9.000000000000000000e+01,-1.795344214485617403e-06,0.000000000000000000e+00,1.475334584030675149e-19,-2.120019981540644937e-05,3.153649348151811831e-26
1.371950000003237983e+04,4.063835885732926941e-22,1.247060508793507516e+01,9.999999527375027810e+02,1.012018982777657072e+02,-1.627450283211556872e-14,2.186473184787645217e-06,1.795556062553870563e-05,1.118998656532560235e-21,-9.760872034817049681e+00,9.000000000000000000e+01,-1.876274497021829587e-06,0.000000000000000000e+00,1.475334583374590021e-19,-7.335056449260548573e-07,3.126837003850507217e-26
1.372950000003241621e+04,4.063835885695180877e-22,1.247969478399805787e+01,9.999999524841177845e+02,1.012018982534282969e+02,-1.627450283339588366e-14,2.166986573252309582e-06,-8.546382469239958364e-06,-5.043910573669224653e-22,-9.760928537468368305e+00,9.000000000000000000e+01,-1.788136772244171712e-06,0.000000000000000000e+00,1.475334583197899430e-19,3.125565353478894663e-05,3.113425931341863393e-26
1.373950000003245259e+04,4.063835885647499065e-22,1.248878448006231423e+01,9.999999521099402955e+02,1.012018981928558929e+02,-1.627450283684154290e-14,2.147469440108276095e-06,1.098977916130880059e-05,6.922016128772612984e-22,-9.760795907423043261e+00,9.000000000000000000e+01,-1.979139029641099595e-06,0.000000000000000000e+00,1.475334583722255284e-19,-4.383328658222853449e-05,3.156106663134822799e-26
1.374950000003248897e+04,4.063835885583344815e-22,1.249787417612780871e+01,9.999999516795110139e+02,1.012018982570123740e+02,-1.627450283255608758e-14,2.127925849340346362e-06,3.868548207811904838e-05,2.388654861842899934e-21,-9.760845342800486435e+00,9.000000000000000000e+01,-1.964545906873858769e-06,0.000000000000000000e+00,1.475334583641973375e-19,-1.584528188190946813e-05,3.143451337394497304e-26
1.375950000003252535e+04,4.063835885500941250e-22,1.250696387219510619e+01,9.999999512407649718e+02,1.012018982603411388e+02,-1.627450283189446679e-14,2.108358714827382161e-06,-2.275801999041394535e-06,-1.204291713181106070e-22,-9.760867323925300099e+00,9.000000000000000000e+01,-1.820491664463389298e-06,0.000000000000000000e+00,1.475334583131654903e-19,-3.400598241066655109e-06,3.144662933789790834e-26
1.376950000003256173e+04,4.063835885406258472e-22,1.251605356826315152e+01,9.999999508638400130e+02,1.012018982844582382e+02,-1.627450282989313929e-14,2.088770681601267679e-06,5.022594500347238559e-06,3.272875244473626415e-22,-9.760868974547898702e+00,9.000000000000000000e+01,-1.927347284319146931e-06,0.000000000000000000e+00,1.475334583032097084e-19,-2.466095938835915927e-06,3.125824401037440760e-26
1.377950000003259811e+04,4.063835885292457453e-22,1.252514326433271208e+01,9.999999505292717004e+02,1.012018981960749642e+02,-1.627450283467368055e-14,2.069160788802111488e-06,-1.510926408322004620e-05,-9.059046187245456980e-22,-9.760894050724818527e+00,9.000000000000000000e+01,-1.794365748643412130e-06,0.000000000000000000e+00,1.475334583239644443e-19,1.173086286192128010e-05,3.116346676135845276e-26
1.378950000003263449e+04,4.063835885174636244e-22,1.253423296040248935e+01,9.999999502602126995e+02,1.012018983651911270e+02,-1.627450282366657181e-14,2.049531241039375344e-06,1.321901521883509817e-05,8.303131368377309789e-22,-9.760870722147542367e+00,9.000000000000000000e+01,-2.016763235856628610e-06,0.000000000000000000e+00,1.475334582562567642e-19,-1.476681626007282400e-06,3.135089767598027475e-26
1.379950000003267087e+04,4.063835885049017745e-22,1.254332265647285638e+01,9.999999499957077660e+02,1.012018982957958713e+02,-1.627450282722052272e-14,2.029878635206456169e-06,-4.645009054677712560e-07,-8.547711778782217144e-24,-9.760897440906951772e+00,9.000000000000000000e+01,-1.947762196153088385e-06,-1.895758319773387099e-24,1.475334582730725400e-19,1.365022767246180383e-05,3.117651405126256966e-26
1.380950000003270725e+04,4.063835884913005055e-22,1.255241235254398724e+01,9.999999496980384492e+02,1.012018984088159783e+02,-1.627450281954748727e-14,2.010206933348191836e-06,5.227804562524961777e-06,3.400434836588196423e-22,-9.760839101618209668e+00,9.000000000000000000e+01,-2.007940173614749208e-06,1.895758319773387099e-24,1.475334582103784407e-19,-1.937874956013780110e-05,3.144422131364545303e-26
1.381950000003274363e+04,4.063835884757891993e-22,1.256150204861558883e+01,9.999999492749943784e+02,1.012018982831313991e+02,-1.627450282638325416e-14,1.990520363512550760e-06,8.581670859694899683e-06,5.443324987196764026e-22,-9.760868904914516975e+00,9.000000000000000000e+01,-1.810877102105699596e-06,0.000000000000000000e+00,1.475334582754031560e-19,-2.505523229123670482e-06,3.145096861548567720e-26
1.382950000003278001e+04,4.063835884584815026e-22,1.257059174468847118e+01,9.999999488436430966e+02,1.012018982725466003e+02,-1.627450282607314031e-14,1.970823401933042278e-06,1.586108563569686009e-05,9.912422363941253244e-22,-9.760870578753536364e+00,9.000000000000000000e+01,-1.954071729641300396e-06,0.000000000000000000e+00,1.475334582805978224e-19,-1.557874601798976772e-06,3.120898732412783999e-26
1.383950000003281639e+04,4.063835884390556591e-22,1.257968144076162353e+01,9.999999484740569642e+02,1.012018982920189103e+02,-1.627450282380502006e-14,1.951117846145146281e-06,-1.889706412005397353e-07,7.231872378527546337e-24,-9.760867327232105595e+00,9.000000000000000000e+01,-1.807090435479698852e-06,0.000000000000000000e+00,1.475334582424933947e-19,-3.398732655926614383e-06,3.146865466316994864e-26
1.384950000003285277e+04,4.063835884177595101e-22,1.258877113683498017e+01,9.999999480343331015e+02,1.012018982749605982e+02,-1.627450282367162684e-14,1.931407874861917671e-06,1.475924213361043073e-05,9.224833719265118689e-22,-9.760840633543699241e+00,9.000000000000000000e+01,-1.918864414205996973e-06,1.895758319773387099e-24,1.475334582576752597e-19,-1.851145517852737665e-05,3.154659103610428260e-26
1.385950000003288915e+04,4.063835883948511940e-22,1.259786083290778080e+01,9.999999476896691704e+02,1.012018982969693894e+02,-1.627450282105458394e-14,1.911696478638484100e-06,1.664660839903027854e-05,1.039048556228674521e-21,-9.760870498038174858e+00,9.000000000000000000e+01,-1.876023996535117647e-06,1.895758319773387099e-24,1.475334582361948334e-19,-1.603573574144853063e-06,3.125175189411961754e-26
1.386950000003292553e+04,4.063835883702626734e-22,1.260695052897936996e+01,9.999999476658366575e+02,1.012018982678985850e+02,-1.627450282147444411e-14,1.891978425879907390e-06,1.480624138265423828e-05,9.259435249827914058e-22,-9.760870342029440039e+00,9.000000000000000000e+01,-1.788250508879580749e-06,0.000000000000000000e+00,1.475334582378522887e-19,-1.691898630250987889e-06,3.119893915072563832e-26
1.387950000003296191e+04,4.063835883434306043e-22,1.261604022505068734e+01,9.999999474391993317e+02,1.012018983071405813e+02,-1.627450281758769803e-14,1.872254211325033093e-06,1.099243781556930318e-05,6.920356133773431491e-22,-9.760928971138145727e+00,9.000000000000000000e+01,-1.812017521792285081e-06,0.000000000000000000e+00,1.475334581986560755e-19,3.150116290949967412e-05,3.123543445166897403e-26
1.388950000003299829e+04,4.063835883150052230e-22,1.262512992112166721e+01,9.999999470244626991e+02,1.012018983083248429e+02,-1.627450281594157567e-14,1.852533764790171759e-06,8.907278218544730923e-06,5.648324107634668425e-22,-9.760898859808076367e+00,9.000000000000000000e+01,-1.825713244695041484e-06,1.895758319773387099e-24,1.475334581815004934e-19,1.445353605702709787e-05,3.114535671212912447e-26
1.389950000003303467e+04,4.063835882844584037e-22,1.263421961719240727e+01,9.999999466945045015e+02,1.012018982714727002e+02,-1.627450281650724258e-14,1.832823572073791827e-06,-1.124350938431600529e-05,-6.688704658520871015e-22,-9.760963540121906590e+00,9.000000000000000000e+01,-1.784814288490602538e-06,0.000000000000000000e+00,1.475334581643250020e-19,5.107250572619196391e-05,3.082558225394881877e-26
1.390950000003307105e+04,4.063835882524792209e-22,1.264330931326268548e+01,9.999999462889693405e+02,1.012018982806023075e+02,-1.627450281417975581e-14,1.813124012498701997e-06,2.351673727443438474e-05,1.459295817220099664e-21,-9.760841387656775225e+00,9.000000000000000000e+01,-1.881432186271040771e-06,0.000000000000000000e+00,1.475334581815516268e-19,-1.808451846653178009e-05,3.145106056774445244e-26
1.391950000003310743e+04,4.063835882186164730e-22,1.265239900933201689e+01,9.999999458502232983e+02,1.012018982378816077e+02,-1.627450281492089379e-14,1.793439578015379420e-06,1.058578518113867525e-05,6.672479972286242969e-22,-9.760838795612741592e+00,9.000000000000000000e+01,-1.787725590134952173e-06,0.000000000000000000e+00,1.475334581738771330e-19,-1.955201188548427751e-05,3.140523279299475438e-26
1.392950000003314381e+04,4.063835881823865146e-22,1.266148870539923266e+01,9.999999457166902630e+02,1.012018982241523730e+02,-1.627450281375825481e-14,1.773767357548978916e-06,2.214576384431336104e-06,1.544017087416432728e-22,-9.760792470657273512e+00,9.000000000000000000e+01,-1.812115152098787434e-06,0.000000000000000000e+00,1.475334581541038510e-19,-4.577903921135787819e-05,3.156621650408913995e-26
1.393950000003318019e+04,4.063835881437547391e-22,1.267057840146560288e+01,9.999999453942011769e+02,1.012018982851965490e+02,-1.627450280788248747e-14,1.754108989055384692e-06,-1.120498662637193710e-05,-6.667261061703185061e-22,-9.760894059273979906e+00,9.000000000000000000e+01,-1.813038378067285048e-06,0.000000000000000000e+00,1.475334580864570543e-19,1.173569353191445219e-05,3.115144871434796438e-26
1.394950000003321657e+04,4.063835881024970033e-22,1.267966809753033353e+01,9.999999450108130077e+02,1.012018981508531681e+02,-1.627450281382668060e-14,1.734473266061289062e-06,1.935652879972820529e-06,1.372607283494710265e-22,-9.760837375614391576e+00,9.000000000000000000e+01,-1.824995686114465827e-06,0.000000000000000000e+00,1.475334581541593659e-19,-2.035595338102899710e-05,3.161564777990321602e-26
1.395950000003325295e+04,4.063835880598535477e-22,1.268875779359357026e+01,9.999999446366168740e+02,1.012018982382485035e+02,-1.627450280611477639e-14,1.714865820281260659e-06,-9.294654566909969895e-06,-5.507731516420437608e-22,-9.760968858134031478e+00,9.000000000000000000e+01,-1.677883989210924232e-06,0.000000000000000000e+00,1.475334580723994750e-19,5.408330812799562936e-05,3.103920245195649578e-26
1.396950000003328933e+04,4.063835880162468921e-22,1.269784748965506616e+01,9.999999441822711788e+02,1.012018981616569988e+02,-1.627450280839278896e-14,1.695288656385744340e-06,1.969145789404242385e-05,1.225181630409203420e-21,-9.760809751479373020e+00,9.000000000000000000e+01,-1.876973201274253462e-06,0.000000000000000000e+00,1.475334581246268673e-19,-3.599544865281064613e-05,3.161394878635712840e-26
1.397950000003332570e+04,4.063835879715628723e-22,1.270693718571470399e+01,9.999999439057987729e+02,1.012018981270332176e+02,-1.627450280804078345e-14,1.675740729710013662e-06,1.341495115482491770e-05,8.407169109358166031e-22,-9.760898950896358173e+00,9.000000000000000000e+01,-1.835751584158489379e-06,0.000000000000000000e+00,1.475334581144157793e-19,1.450509152964410621e-05,3.122314184299959134e-26
1.398950000003336208e+04,4.063835879254948726e-22,1.271602688177124207e+01,9.999999437759723833e+02,1.012018981729542588e+02,-1.627450280268154645e-14,1.656218234311168766e-06,6.144196187097205725e-06,3.947882691647368938e-22,-9.760837355790400238e+00,9.000000000000000000e+01,-1.807819062390566028e-06,0.000000000000000000e+00,1.475334580581186563e-19,-2.036717480779297296e-05,3.164168068367703593e-26
1.399950000003339846e+04,4.063835878786753558e-22,1.272511657782595762e+01,9.999999435447342648e+02,1.012018981243809748e+02,-1.627450280306572171e-14,1.636723364312256136e-06,2.723167838392848334e-05,1.686399719128992120e-21,-9.760842170377749483e+00,9.000000000000000000e+01,-1.811341870200192398e-06,0.000000000000000000e+00,1.475334580846196449e-19,-1.764138411142329778e-05,3.159652358274720831e-26
1.400950000003343484e+04,4.063835878307227094e-22,1.273420627387881865e+01,9.999999431207496627e+02,1.012018980896637288e+02,-1.627450280253763613e-14,1.617260190160096392e-06,7.819014785308781381e-06,4.976003905700679326e-22,-9.760937803881697405e+00,9.000000000000000000e+01,-1.721273879508573136e-06,0.000000000000000000e+00,1.475334580583709772e-19,3.650183719443015647e-05,3.110341836259631733e-26
1.401950000003347122e+04,4.063835877806705831e-22,1.274329596992922831e+01,9.999999426949675581e+02,1.012018980219666844e+02,-1.627450280391445716e-14,1.597835894347089274e-06,4.403224971870023636e-06,2.890612265308254210e-22,-9.760865294992207453e+00,9.000000000000000000e+01,-1.852746025710235059e-06,0.000000000000000000e+00,1.475334580668333930e-19,-4.549311200696039772e-06,3.128474967799181165e-26
1.402950000003350760e+04,4.063835877294513320e-22,1.275238566597743528e+01,9.999999422627407739e+02,1.012018980072258216e+02,-1.627450280198295016e-14,1.578454239775508136e-06,3.984346520273220955e-06,2.633857813798057793e-22,-9.760835651465690432e+00,9.000000000000000000e+01,-1.813567113477531675e-06,0.000000000000000000e+00,1.475334580488623962e-19,-2.133209248614031982e-05,3.137441173693899066e-26
1.403950000003354398e+04,4.063835876764198448e-22,1.276147536202248567e+01,9.999999421412125002e+02,1.012018979825062246e+02,-1.627450280056341074e-14,1.559112698946789853e-06,-2.192622442059182477e-06,-1.149938458186006392e-22,-9.760865537264633573e+00,9.000000000000000000e+01,-1.766377681668531524e-06,0.000000000000000000e+00,1.475334580291407292e-19,-4.412149863097891391e-06,3.119608335165587359e-26
1.404950000003358036e+04,4.063835876225665929e-22,1.277056505806527831e+01,9.999999418204836275e+02,1.012018978904176976e+02,-1.627450280322359802e-14,1.539808222820946904e-06,-1.885244858883149644e-06,-9.672565321005503281e-23,-9.760865630595038311e+00,9.000000000000000000e+01,-1.750137973020478483e-06,0.000000000000000000e+00,1.475334580531890942e-19,-4.359315257005564684e-06,3.140192707653564801e-26
1.405950000003361674e+04,4.063835875669218407e-22,1.277965475410637630e+01,9.999999413882195540e+02,1.012018979698028573e+02,-1.627450279528436934e-14,1.520550245065903116e-06,1.944867255174487726e-05,1.210338550493569999e-21,-9.760801532910745593e+00,9.000000000000000000e+01,-1.836717353226406486e-06,0.000000000000000000e+00,1.475334580051842070e-19,-4.064842667452251036e-05,3.143354904226814957e-26
1.406950000003365312e+04,4.063835875113625704e-22,1.278874445014528227e+01,9.999999409310612464e+02,1.012018979121465776e+02,-1.627450279574118607e-14,1.501338697411617362e-06,-7.277382422521170861e-06,-4.264625625228100093e-22,-9.760934267729526326e+00,9.000000000000000000e+01,-1.827483948541743299e-06,0.000000000000000000e+00,1.475334579797092334e-19,3.449982302221219307e-05,3.115814396014253442e-26
1.407950000003368950e+04,4.063835874550389937e-22,1.279783414618150772e+01,9.999999405366182827e+02,1.012018978597182013e+02,-1.627450279583566321e-14,1.482178424464403233e-06,-1.412370920852438828e-05,-8.451978901624836643e-22,-9.760932776677144318e+00,9.000000000000000000e+01,-1.875307150398790483e-06,0.000000000000000000e+00,1.475334579728564617e-19,3.365565607741588061e-05,3.103934942891713402e-26
1.408950000003372588e+04,4.063835873970541143e-22,1.280692384221374347e+01,9.999999404196720434e+02,1.012018978166213827e+02,-1.627450279526740883e-14,1.463064600714022447e-06,-2.612476968028725075e-07,2.953816251012631817e-24,-9.760902905633709992e+00,9.000000000000000000e+01,-1.767262410203164894e-06,0.000000000000000000e+00,1.475334579827968121e-19,1.674406846305774051e-05,3.122351394054841920e-26
1.409950000003376226e+04,4.063835873378602155e-22,1.281601353824259704e+01,9.999999402077310151e+02,1.012018977909078217e+02,-1.627450279356762500e-14,1.443994507471298177e-06,7.099475598956343564e-06,4.532713047477713996e-22,-9.760899474522853225e+00,9.000000000000000000e+01,-1.694471955874378827e-06,0.000000000000000000e+00,1.475334579754257245e-19,1.480153128248206958e-05,3.126580282723063511e-26
1.410950000003379864e+04,4.063835872765421043e-22,1.282510323426834198e+01,9.999999398151505829e+02,1.012018976801935679e+02,-1.627450279695490853e-14,1.424974277071586233e-06,1.322143712310760054e-05,8.283985545026725836e-22,-9.760837160366426346e+00,9.000000000000000000e+01,-1.721386293033234698e-06,0.000000000000000000e+00,1.475334580123918072e-19,-2.047783927045424788e-05,3.151855119343453643e-26
1.411950000003383502e+04,4.063835872150704736e-22,1.283419293029088237e+01,9.999999393810425090e+02,1.012018977275385510e+02,-1.627450279065586366e-14,1.406009984610423581e-06,1.080242120165807074e-06,8.530320031053522702e-23,-9.760926547526251440e+00,9.000000000000000000e+01,-1.816741586938444091e-06,0.000000000000000000e+00,1.475334579422711775e-19,3.012899788038609351e-05,3.115247884640486846e-26
1.412950000003387140e+04,4.063835871524869663e-22,1.284328262631011697e+01,9.999999389718286693e+02,1.012018977113894920e+02,-1.627450278818292357e-14,1.387102636488389939e-06,1.573557017288776630e-05,9.833939079455475675e-22,-9.760869010556456615e+00,9.000000000000000000e+01,-1.910644665020534722e-06,0.000000000000000000e+00,1.475334579359927182e-19,-2.445745141189313872e-06,3.119704581248269861e-26
1.413950000003390778e+04,4.063835870881199049e-22,1.285237232232507765e+01,9.999999387507419897e+02,1.012018976441186595e+02,-1.627450278874131718e-14,1.368252781197829008e-06,1.029352322547880874e-05,6.496569861362799311e-22,-9.760904747823294869e+00,9.000000000000000000e+01,-1.790380437294225913e-06,0.000000000000000000e+00,1.475334579348026379e-19,1.778702406224189181e-05,3.113812903424786999e-26
1.414950000003394416e+04,4.063835870230199933e-22,1.286146201833671121e+01,9.999999384411238452e+02,1.012018975515559163e+02,-1.627450279080844830e-14,1.349460677602256449e-06,1.361712635283794038e-05,8.532901426478519758e-22,-9.760808786488651023e+00,9.000000000000000000e+01,-1.816215574083005026e-06,0.000000000000000000e+00,1.475334579568162338e-19,-3.654180424566791401e-05,3.136338047409753256e-26
1.415950000003398054e+04,4.063835869565920082e-22,1.287055171434491285e+01,9.999999380098004167e+02,1.012018975227308459e+02,-1.627450278889839832e-14,1.330731014828703873e-06,8.004947211161485618e-06,5.093017804436616409e-22,-9.760867151253695084e+00,9.000000000000000000e+01,-1.749017603550604782e-06,0.000000000000000000e+00,1.475334579332690680e-19,-3.498401234904929623e-06,3.121224728432965307e-26
1.416950000003401692e+04,4.063835868890394042e-22,1.287964141034933263e+01,9.999999375932291059e+02,1.012018975859090517e+02,-1.627450278129354885e-14,1.312067063923172060e-06,2.649763431554906482e-05,1.641602458821219886e-21,-9.760903648842260694e+00,9.000000000000000000e+01,-1.797230563300537386e-06,0.000000000000000000e+00,1.475334578850879101e-19,1.716482980996694951e-05,3.125128173278856736e-26
1.417950000003405330e+04,4.063835868198082882e-22,1.288873110635037200e+01,9.999999372356478489e+02,1.012018973435185103e+02,-1.627450279230609441e-14,1.293470517978603499e-06,-1.210897493099472662e-05,-7.221899025893806933e-22,-9.760897356983182505e+00,9.000000000000000000e+01,-1.801455484917206148e-06,0.000000000000000000e+00,1.475334579413143033e-19,1.360266765948748685e-05,3.115558592872446258e-26
1.418950000003408968e+04,4.063835867495504015e-22,1.289782080234641448e+01,9.999999371233210468e+02,1.012018974364336401e+02,-1.627450278273122576e-14,1.274935702718957734e-06,-1.284378546209982342e-05,-7.670925841394980962e-22,-9.760892391957588288e+00,9.000000000000000000e+01,-1.800146902943502186e-06,0.000000000000000000e+00,1.475334578542760643e-19,1.079170516904806145e-05,3.114263409721457281e-26
1.419950000003412606e+04,4.063835866787881806e-22,1.290691049833839799e+01,9.999999367841985531e+02,1.012018973786969980e+02,-1.627450278235426069e-14,1.256465747984301100e-06,1.288575784008738913e-06,9.764255622949306253e-23,-9.760835995074671700e+00,9.000000000000000000e+01,-1.906551367478803550e-06,-1.895758319773387099e-24,1.475334578661948262e-19,-2.113757951840469741e-05,3.177219864640770648e-26
1.420950000003416244e+04,4.063835866070094393e-22,1.291600019432674529e+01,9.999999363307002795e+02,1.012018973750562623e+02,-1.627450277860473854e-14,1.238066573791840099e-06,-4.978356488198358365e-06,-2.858353535924299194e-22,-9.760863968383693745e+00,9.000000000000000000e+01,-1.761563237880544054e-06,0.000000000000000000e+00,1.475334578253992967e-19,-5.300396567882530447e-06,3.130477084771053811e-26
1.421950000003419882e+04,4.063835865339328111e-22,1.292508989031084177e+01,9.999999358882847673e+02,1.012018973072514569e+02,-1.627450277871504338e-14,1.219739980175953435e-06,1.065179373104264689e-05,6.723952521086995078e-22,-9.760938969441420809e+00,9.000000000000000000e+01,-1.954449986648457650e-06,-1.895758319773387099e-24,1.475334578433688730e-19,3.716169658402140684e-05,3.084338104259921746e-26
1.422950000003423520e+04,4.063835864596993554e-22,1.293417958629027176e+01,9.999999356367159180e+02,1.012018972145367712e+02,-1.627450278028568438e-14,1.201488447020010702e-06,-3.825796240860730091e-06,-2.152957651202482849e-22,-9.760902802903217435e+00,9.000000000000000000e+01,-1.762732791448011735e-06,0.000000000000000000e+00,1.475334578412871835e-19,1.668588977769078360e-05,3.121351047314975474e-26
1.423950000003427158e+04,4.063835863846064253e-22,1.294326928226492690e+01,9.999999353455565370e+02,1.012018972461498834e+02,-1.627450277419651754e-14,1.183305690180277684e-06,-3.644265272330895336e-06,-2.036891557292725474e-22,-9.760894001027212497e+00,9.000000000000000000e+01,-1.803148048896493910e-06,0.000000000000000000e+00,1.475334577865597415e-19,1.170268075130904838e-05,3.110026849758133028e-26
1.424950000003430796e+04,4.063835863073322008e-22,1.295235897823527971e+01,9.999999349400587789e+02,1.012018971614513561e+02,-1.627450277510985438e-14,1.165199407512702635e-06,-3.383509272039564962e-06,-1.866275407171951056e-22,-9.760894353753879926e+00,9.000000000000000000e+01,-2.044767612715915773e-06,1.895758319773387834e-24,1.475334577948203921e-19,1.190237510983123661e-05,3.108448276325647035e-26
1.425950000003434434e+04,4.063835862289953765e-22,1.296144867420157887e+01,9.999999344699550647e+02,1.012018971022642262e+02,-1.627450277439820087e-14,1.147174861040507206e-06,-1.017317553880000171e-05,-6.042087746651975361e-22,-9.760892115693525994e+00,9.000000000000000000e+01,-1.634383542832547822e-06,0.000000000000000000e+00,1.475334577806758811e-19,1.063528962329100982e-05,3.110319026259222530e-26
1.426950000003438072e+04,4.063835861485075856e-22,1.297053837016408906e+01,9.999999341520574490e+02,1.012018971264369753e+02,-1.627450276846828611e-14,1.129236936922741885e-06,3.608630319519268499e-06,2.395674452665929949e-22,-9.760865842408815496e+00,9.000000000000000000e+01,-1.814240576848003379e-06,0.000000000000000000e+00,1.475334577423098640e-19,-4.239417109462541540e-06,3.156945114677610526e-26
1.427950000003441710e+04,4.063835860658750347e-22,1.297962806612060227e+01,9.999999339705984767e+02,1.012018970324586178e+02,-1.627450276965258406e-14,1.111378638497344579e-06,2.022815178571461253e-05,1.259210543060842739e-21,-9.760869120282116285e+00,9.000000000000000000e+01,-1.971359316556927232e-06,0.000000000000000000e+00,1.475334577709910535e-19,-2.383642141464557562e-06,3.113033172694332874e-26
1.428950000003445348e+04,4.063835859822278911e-22,1.298871776207203155e+01,9.999999336600676543e+02,1.012018969780436777e+02,-1.627450276835651083e-14,1.093603363703455802e-06,1.347142117672332637e-05,8.443410126375686867e-22,-9.760927220183360120e+00,9.000000000000000000e+01,-1.710256158203171390e-06,0.000000000000000000e+00,1.475334577516246724e-19,3.050980855042156108e-05,3.107242727355504450e-26
1.429950000003448986e+04,4.063835858976067330e-22,1.299780745801838755e+01,9.999999332103319603e+02,1.012018968306280300e+02,-1.627450277270518231e-14,1.075916851213739421e-06,1.899155361631799891e-05,1.181167145307057845e-21,-9.760801318631488144e+00,9.000000000000000000e+01,-1.870511153827955475e-06,0.000000000000000000e+00,1.475334577964608752e-19,-4.076977753845853383e-05,3.164701821647851392e-26
1.430950000003452624e+04,4.063835858121476824e-22,1.300689715395954416e+01,9.999999327375087432e+02,1.012018968249507225e+02,-1.627450276832399714e-14,1.058322801653135366e-06,1.230890894720177972e-05,7.723535922197927986e-22,-9.760897354646974833e+00,9.000000000000000000e+01,-1.752621044782515780e-06,0.000000000000000000e+00,1.475334577494914883e-19,1.360132954527832786e-05,3.134059473118531127e-26
1.431950000003456262e+04,4.063835857252359089e-22,1.301598684989468957e+01,9.999999325071740941e+02,1.012018967634051450e+02,-1.627450276728600765e-14,1.040821850576295078e-06,-2.011571112173414924e-06,-1.043228240271195679e-22,-9.760863266145602068e+00,9.000000000000000000e+01,-1.780911569785384729e-06,0.000000000000000000e+00,1.475334577241347909e-19,-5.697986707365994966e-06,3.138843411287946228e-26
1.432950000003459900e+04,4.063835856373011262e-22,1.302507654582452901e+01,9.999999321385380426e+02,1.012018967444439994e+02,-1.627450276358387711e-14,1.023412314057854263e-06,1.932673675967748152e-05,1.202950141292195016e-21,-9.760869126866772660e+00,9.000000000000000000e+01,-1.900131888576362379e-06,0.000000000000000000e+00,1.475334577140806181e-19,-2.379921860856076258e-06,3.132573961362150162e-26
1.433950000003463538e+04,4.063835855491957557e-22,1.303416624174933780e+01,9.999999317293148806e+02,1.012018967057347538e+02,-1.627450276108017775e-14,1.006098775397649245e-06,-2.459780830212697112e-05,-1.485498544346970260e-21,-9.760960519435304406e+00,9.000000000000000000e+01,-1.949138689330350636e-06,0.000000000000000000e+00,1.475334576430138994e-19,4.936228584597262360e-05,3.075449908990550922e-26
1.434950000003467176e+04,4.063835854598290798e-22,1.304325593766879443e+01,9.999999312481936613e+02,1.012018965393893239e+02,-1.627450276632188710e-14,9.888829944404968435e-07,1.498183506580274064e-05,9.362238789186942808e-22,-9.760837119057818256e+00,9.000000000000000000e+01,-1.707041660642147381e-06,0.000000000000000000e+00,1.475334577333079712e-19,-2.050125257953765051e-05,3.134815044352198557e-26
1.435950000003470814e+04,4.063835853697412146e-22,1.305234563358169275e+01,9.999999310787394506e+02,1.012018964501937575e+02,-1.627450276680163128e-14,9.717624021961833580e-07,-9.805170550130718203e-06,-5.816915277428177111e-22,-9.760901855418421036e+00,9.000000000000000000e+01,-1.708370394610313064e-06,0.000000000000000000e+00,1.475334577100522227e-19,1.614944598364273745e-05,3.130292886447622491e-26
1.436950000003474452e+04,4.063835852777987955e-22,1.306143532948848218e+01,9.999999308935273348e+02,1.012018964402954850e+02,-1.627450276232368128e-14,9.547353282030606687e-07,1.384079502649574558e-05,8.670815910615786768e-22,-9.760907619162374260e+00,9.000000000000000000e+01,-1.852975585424924387e-06,0.000000000000000000e+00,1.475334576955539905e-19,1.941261162914478504e-05,3.108532823707567072e-26
1.437950000003478090e+04,4.063835851833591562e-22,1.307052502538967431e+01,9.999999305100832316e+02,1.012018963333085253e+02,-1.627450276365152667e-14,9.378092162523642746e-07,1.971031219798111665e-05,1.226704307547329808e-21,-9.760804477536140666e+00,9.000000000000000000e+01,-1.898988720890532008e-06,0.000000000000000000e+00,1.475334577136331764e-19,-3.898135994335245218e-05,3.147743933092605555e-26
1.438950000003481728e+04,4.063835850875857069e-22,1.307961472128457459e+01,9.999999300612230400e+02,1.012018962478723125e+02,-1.627450276358483637e-14,9.209924904044741373e-07,-8.075307957073565195e-06,-4.754523342262244229e-22,-9.760892348705061394e+00,9.000000000000000000e+01,-1.758483773949076154e-06,0.000000000000000000e+00,1.475334576821473033e-19,1.076718540526913065e-05,3.119576474222856225e-26
1.439950000003485366e+04,4.063835849892901640e-22,1.308870441717387756e+01,9.999999297617562206e+02,1.012018962816491126e+02,-1.627450275608092638e-14,9.042832615445817468e-07,2.296836094935018278e-05,1.425661187120591306e-21,-9.760831955717838682e+00,9.000000000000000000e+01,-1.849952633589036758e-06,0.000000000000000000e+00,1.475334576485776703e-19,-2.342449900715851569e-05,3.141828808479426461e-26
1.440950000003489004e+04,4.063835848894051176e-22,1.309779411305721730e+01,9.999999294318631655e+02,1.012018961694960240e+02,-1.627450275742369070e-14,8.876838125844155992e-07,-7.185361241362581945e-06,-4.205718287645185418e-22,-9.760889776834297038e+00,9.000000000000000000e+01,-1.841335493179454047e-06,0.000000000000000000e+00,1.475334576271465960e-19,9.311113694840566281e-06,3.111519913769495746e-26
1.441950000003492642e+04,4.063835847873920503e-22,1.310688380893395433e+01,9.999999289848561830e+02,1.012018960007393105e+02,-1.627450276211334572e-14,8.712003357331729422e-07,8.074749012379523570e-06,5.129373031326422251e-22,-9.760895474740690858e+00,9.000000000000000000e+01,-1.637145536517930550e-06,0.000000000000000000e+00,1.475334576857057959e-19,1.253699444726359863e-05,3.119150041207446094e-26
1.442950000003496280e+04,4.063835846840161149e-22,1.311597350480388435e+01,9.999999285738263097e+02,1.012018960654788060e+02,-1.627450275243246994e-14,8.548356039725754407e-07,1.115437972257630831e-06,8.760045197666840708e-23,-9.760896594218245070e+00,9.000000000000000000e+01,-1.808189940510862129e-06,1.895758319773387099e-24,1.475334575907776479e-19,1.317079486785092112e-05,3.116748168422080282e-26
1.443950000003499918e+04,4.063835845794139037e-22,1.312506320066598775e+01,9.999999284375552406e+02,1.012018958875392229e+02,-1.627450275754257204e-14,8.385840184886966640e-07,1.441983527130038174e-06,1.078877500955400469e-22,-9.760893815654503314e+00,9.000000000000000000e+01,-1.738993004083380892e-06,0.000000000000000000e+00,1.475334576366927566e-19,1.159769659039392417e-05,3.092220214957534748e-26
1.444950000003503555e+04,4.063835844749438181e-22,1.313415289652145468e+01,9.999999280624464291e+02,1.012018958979871144e+02,-1.627450275112579442e-14,8.224498329169638637e-07,2.740975782138216424e-06,1.871347052805111507e-22,-9.760864027237717622e+00,9.000000000000000000e+01,-1.812342727147355444e-06,0.000000000000000000e+00,1.475334575801414349e-19,-5.267109897672861529e-06,3.125138106282991512e-26
1.445950000003507193e+04,4.063835843707169188e-22,1.314324259237055692e+01,9.999999275960866498e+02,1.012018958099762216e+02,-1.627450275075060271e-14,8.064366610017405713e-07,1.581406648810781661e-05,9.874815080767978710e-22,-9.760867429697748676e+00,9.000000000000000000e+01,-1.861712136579468029e-06,0.000000000000000000e+00,1.475334575908104850e-19,-3.340798395110111377e-06,3.126270642842054881e-26
1.446950000003510831e+04,4.063835842652217081e-22,1.315233228821236899e+01,9.999999271997157848e+02,1.012018956758483057e+02,-1.627450275312822632e-14,7.905444374256421410e-07,1.813004075754233443e-05,1.128932400098970072e-21,-9.760867351910707868e+00,9.000000000000000000e+01,-1.779706852005358710e-06,0.000000000000000000e+00,1.475334576143626582e-19,-3.384842204322710627e-06,3.133709259762073595e-26
1.447950000003514469e+04,4.063835841577121232e-22,1.316142198404718755e+01,9.999999269030056439e+02,1.012018956040019475e+02,-1.627450275158040234e-14,7.747709661602456159e-07,2.440608989488314786e-06,1.681939876781503025e-22,-9.760893807613090445e+00,9.000000000000000000e+01,-1.654670087479545193e-06,0.000000000000000000e+00,1.475334575828494128e-19,1.159313875766674442e-05,3.112322420241594444e-26
1.448950000003518107e+04,4.063835840496524540e-22,1.317051167987485094e+01,9.999999264016747702e+02,1.012018955730330845e+02,-1.627450274750001931e-14,7.591250561750176611e-07,9.776388407629586978e-06,6.181265512206216989e-22,-9.760895556789344951e+00,9.000000000000000000e+01,-1.760001280198696004e-06,0.000000000000000000e+00,1.475334575539327302e-19,1.258344414841496074e-05,3.099804941217857314e-26
1.449950000003521745e+04,4.063835839417779487e-22,1.317960137569541423e+01,9.999999259657691937e+02,1.012018954393171128e+02,-1.627450274972152419e-14,7.436065798674085407e-07,1.919210226889973766e-05,1.193790448418603069e-21,-9.760869551709388858e+00,9.000000000000000000e+01,-1.706009990481230418e-06,0.000000000000000000e+00,1.475334575838756446e-19,-2.139426458142360672e-06,3.136304953108651361e-26
1.450950000003525383e+04,4.063835838333900815e-22,1.318869107150928066e+01,9.999999256985355487e+02,1.012018954302247948e+02,-1.627450274428565725e-14,7.282156627291246165e-07,2.664826309600349767e-06,1.825523146596764636e-22,-9.760864372932267941e+00,9.000000000000000000e+01,-1.944084635274880409e-06,-1.895758319773387099e-24,1.475334575165301355e-19,-5.071405181116828187e-06,3.148694405897794711e-26
1.451950000003529021e+04,4.063835837238270020e-22,1.319778076731602034e+01,9.999999254580679917e+02,1.012018953109922563e+02,-1.627450274552544051e-14,7.129440902425771504e-07,1.972643644901840614e-05,1.226810369621707988e-21,-9.760837134850369523e+00,9.000000000000000000e+01,-1.720550112485259214e-06,0.000000000000000000e+00,1.475334575460628509e-19,-2.049233601835042545e-05,3.125800531054212689e-26
1.452950000003532659e+04,4.063835836135369499e-22,1.320687046311545032e+01,9.999999250368866797e+02,1.012018952581797748e+02,-1.627450274266038290e-14,6.977982660246950054e-07,3.451430347554937630e-06,2.305113803374469883e-22,-9.760864117976256082e+00,9.000000000000000000e+01,-1.858843301701225487e-06,0.000000000000000000e+00,1.475334575020732628e-19,-5.215750059163312502e-06,3.127358939157651685e-26
1.453950000003536297e+04,4.063835835022634321e-22,1.321596015890747644e+01,9.999999245447199883e+02,1.012018950836962006e+02,-1.627450274718911976e-14,6.827822957643395463e-07,-1.184876481782893579e-05,-7.059058459026421925e-22,-9.760859711751537660e+00,9.000000000000000000e+01,-1.844966287181625583e-06,0.000000000000000000e+00,1.475334575255668877e-19,-7.710356044701987144e-06,3.120391193353568122e-26
1.454950000003539935e+04,4.063835833893249912e-22,1.322504985469115368e+01,9.999999242996331077e+02,1.012018950312567256e+02,-1.627450274415456750e-14,6.678981397060067435e-07,2.059601181857090966e-05,1.280528195958588800e-21,-9.760829926571114257e+00,9.000000000000000000e+01,-1.855593690816518003e-06,0.000000000000000000e+00,1.475334575336222342e-19,-2.457333574306973581e-05,3.138585930342237601e-26
1.455950000003543573e+04,4.063835832753240444e-22,1.323413955046779833e+01,9.999999239291715867e+02,1.012018948965739611e+02,-1.627450274609637070e-14,6.531432225676018854e-07,1.741796574093603214e-05,1.085725522330217363e-21,-9.760803494104914435e+00,9.000000000000000000e+01,-1.831569383752302020e-06,0.000000000000000000e+00,1.475334575471906514e-19,-3.953816520386427389e-05,3.161664349213639571e-26
1.456950000003547211e+04,4.063835831598926620e-22,1.324322924623701248e+01,9.999999234203808101e+02,1.012018949082877413e+02,-1.627450273899403825e-14,6.385266169369822289e-07,2.231708553585633496e-05,1.385652191361490322e-21,-9.760867365612080349e+00,9.000000000000000000e+01,-1.788755351963060217e-06,0.000000000000000000e+00,1.475334574884124972e-19,-3.377097399256873561e-06,3.128908179890940096e-26
1.457950000003550849e+04,4.063835830435531398e-22,1.325231894199659699e+01,9.999999229719956020e+02,1.012018947270836122e+02,-1.627450274365456537e-14,6.240491625477792879e-07,-2.117618207638906298e-06,-1.106772399248263389e-22,-9.760892317945971897e+00,9.000000000000000000e+01,-1.742717484504249469e-06,0.000000000000000000e+00,1.475334575030139110e-19,1.074973719807955525e-05,3.119138722533956428e-26
1.458950000003554487e+04,4.063835829267777442e-22,1.326140863774492828e+01,9.999999227010272307e+02,1.012018946887347539e+02,-1.627450273954497239e-14,6.097032936374857255e-07,-1.900685906263402790e-05,-1.144097729775330628e-21,-9.760897936288195353e+00,9.000000000000000000e+01,-1.848723005704745489e-06,1.895758319773387099e-24,1.475334574471541908e-19,1.393058257474421392e-05,3.106644583859330820e-26
1.459950000003558125e+04,4.063835828107341644e-22,1.327049833348564079e+01,9.999999221562035245e+02,1.012018945603766156e+02,-1.627450274098579213e-14,5.954939530951663090e-07,-2.354759055790697326e-06,-1.247894072783812341e-22,-9.760892401079592773e+00,9.000000000000000000e+01,-1.798130176831079901e-06,0.000000000000000000e+00,1.475334574780297367e-19,1.079680084605997884e-05,3.119265986504902897e-26
1.460950000003561763e+04,4.063835826936775906e-22,1.327958802922017867e+01,9.999999215818755829e+02,1.012018944197903210e+02,-1.627450274311885624e-14,5.814252547970308735e-07,-4.108573301857049495e-06,-2.325672016532271985e-22,-9.760930943380218494e+00,9.000000000000000000e+01,-1.705289276790410766e-06,0.000000000000000000e+00,1.475334574948738959e-19,3.261764412607322201e-05,3.101906783805644291e-26
1.461950000003565401e+04,4.063835825747714000e-22,1.328867772494616339e+01,9.999999211550876907e+02,1.012018944167943602e+02,-1.627450273672594008e-14,5.674997417241482458e-07,2.923760883614014890e-05,1.810347074524455337e-21,-9.760868960665098015e+00,9.000000000000000000e+01,-1.820842008922661895e-06,0.000000000000000000e+00,1.475334574737640667e-19,-2.474067464189450655e-06,3.103543417481924850e-26
1.462950000003569039e+04,4.063835824554092585e-22,1.329776742066366602e+01,9.999999206516985168e+02,1.012018943568315734e+02,-1.627450273379753694e-14,5.537129874141344015e-07,1.945837923726324162e-05,1.210953552987295708e-21,-9.760793306780090717e+00,9.000000000000000000e+01,-1.951075290909237550e-06,-1.895758319773387099e-24,1.475334574363067756e-19,-4.530576395586975692e-05,3.138237847068092974e-26
1.463950000003572677e+04,4.063835823341866387e-22,1.330685711637302582e+01,9.999999200451187562e+02,1.012018942647907664e+02,-1.627450273272668035e-14,5.400726111962189805e-07,6.145227869171043298e-06,3.958396860262434868e-22,-9.760794246952528397e+00,9.000000000000000000e+01,-1.818693327957614886e-06,0.000000000000000000e+00,1.475334574116547037e-19,-4.477348310411586788e-05,3.137458233563549532e-26
1.464950000003576315e+04,4.063835822128684277e-22,1.331594681207462116e+01,9.999999194440711108e+02,1.012018941038338085e+02,-1.627450273587165736e-14,5.265808997395385632e-07,5.600822489249612527e-06,3.620408603525692611e-22,-9.760802233839795505e+00,9.000000000000000000e+01,-1.748277399420697254e-06,0.000000000000000000e+00,1.475334574389027847e-19,-4.025168677758994166e-05,3.148358571974743177e-26
1.465950000003579953e+04,4.063835820915824252e-22,1.332503650776707715e+01,9.999999191961251199e+02,1.012018940313201938e+02,-1.627450273360480560e-14,5.132307134540455953e-07,6.978667570743317661e-06,4.468894781037158379e-22,-9.760900756022751423e+00,9.000000000000000000e+01,-1.836991822373197984e-06,0.000000000000000000e+00,1.475334574196664760e-19,1.552697179274862118e-05,3.106777586898691147e-26
1.466950000003583591e+04,4.063835819690195537e-22,1.333412620345119848e+01,9.999999187609926139e+02,1.012018939238156321e+02,-1.627450273340869478e-14,5.000204313251107022e-07,1.358921304750798160e-05,8.513720837395207643e-22,-9.760833607497071185e+00,9.000000000000000000e+01,-1.798071527402753724e-06,0.000000000000000000e+00,1.475334574247707441e-19,-2.248939006319220643e-05,3.136712289269814053e-26
1.467950000003587229e+04,4.063835818453705255e-22,1.334321589912726225e+01,9.999999181055370627e+02,1.012018938359518643e+02,-1.627450273194898340e-14,4.869601280184817844e-07,1.063333973400662109e-05,6.697219893378576902e-22,-9.760903524691947553e+00,9.000000000000000000e+01,-1.714931878918172387e-06,0.000000000000000000e+00,1.475334574079982776e-19,1.709445641684168463e-05,3.126513853113606549e-26
1.468950000003590867e+04,4.063835817216583027e-22,1.335230559479467871e+01,9.999999175450112716e+02,1.012018936808310343e+02,-1.627450273460452271e-14,4.740537996330521520e-07,6.683726049949220064e-07,6.019488593844369307e-23,-9.760892311849589831e+00,9.000000000000000000e+01,-1.767171802561399448e-06,0.000000000000000000e+00,1.475334574204992963e-19,1.074626289568696712e-05,3.111803765947169857e-26
1.469950000003594505e+04,4.063835815967402107e-22,1.336139529045434493e+01,9.999999171588196987e+02,1.012018936279940249e+02,-1.627450273093140332e-14,4.612943949792890168e-07,7.624029782595696263e-06,4.868097531338579148e-22,-9.760864013642155612e+00,9.000000000000000000e+01,-1.868518269153425486e-06,0.000000000000000000e+00,1.475334573947626852e-19,-5.274858950325603332e-06,3.106937550470403246e-26
1.470950000003598143e+04,4.063835814710606805e-22,1.337048498610552016e+01,9.999999165724963177e+02,1.012018935986953210e+02,-1.627450272577357513e-14,4.486855608644582849e-07,-6.532362239475202688e-06,-3.809004959595669043e-22,-9.760920566672865561e+00,9.000000000000000000e+01,-1.763254376971334405e-06,0.000000000000000000e+00,1.475334573324421922e-19,2.674282791062517365e-05,3.087682095044896016e-26
1.471950000003601781e+04,4.063835813461310687e-22,1.337957468174828790e+01,9.999999159391876447e+02,1.012018934850570133e+02,-1.627450272582278428e-14,4.362335752129365463e-07,6.438539744086010716e-07,5.922825833539078771e-23,-9.760832568961511413e+00,9.000000000000000000e+01,-1.946393310862623638e-06,-1.895758319773387099e-24,1.475334573403869902e-19,-2.307737086085920658e-05,3.140225412158724174e-26
1.472950000003605419e+04,4.063835812207326228e-22,1.338866437738162141e+01,9.999999156145286179e+02,1.012018933432479599e+02,-1.627450272756971044e-14,4.239315731309131244e-07,2.723811728326066111e-05,1.686259529742876525e-21,-9.760867312120467432e+00,9.000000000000000000e+01,-1.696349882580502240e-06,0.000000000000000000e+00,1.475334573848922461e-19,-3.407421834481061758e-06,3.139647825677730960e-26
1.473950000003609057e+04,4.063835810946752887e-22,1.339775407300603050e+01,9.999999151711911054e+02,1.012018932560282991e+02,-1.627450272593856697e-14,4.117764731897067029e-07,8.663033038305511754e-06,5.495679400426989206e-22,-9.760864039965705174e+00,9.000000000000000000e+01,-1.783537410285963534e-06,0.000000000000000000e+00,1.475334573494111276e-19,-5.259962391000423606e-06,3.130768319719504984e-26
1.474950000003612695e+04,4.063835809685301217e-22,1.340684376862198768e+01,9.999999146485142774e+02,1.012018931901229735e+02,-1.627450272299691097e-14,3.997732138089449403e-07,9.180219926061694777e-06,5.814800781673000777e-22,-9.760896721455681657e+00,9.000000000000000000e+01,-1.803400763049264155e-06,0.000000000000000000e+00,1.475334573231531913e-19,1.324276565005834298e-05,3.112868658919023655e-26
1.475950000003616333e+04,4.063835808409530145e-22,1.341593346422965638e+01,9.999999140179436381e+02,1.012018931021726758e+02,-1.627450272132486032e-14,3.879270201340746183e-07,-4.724471183719971661e-06,-2.699802445920842351e-22,-9.760890508944667587e+00,9.000000000000000000e+01,-1.729368467506210161e-06,0.000000000000000000e+00,1.475334572924276753e-19,9.725534069017426980e-06,3.103416372721713075e-26
1.476950000003619971e+04,4.063835807119437791e-22,1.342502315982773275e+01,9.999999136188067723e+02,1.012018930148275615e+02,-1.627450271953900230e-14,3.762352776610878866e-07,1.857851377649676712e-05,1.157444035075472365e-21,-9.760865815339178297e+00,9.000000000000000000e+01,-1.864090555370266490e-06,0.000000000000000000e+00,1.475334573016065130e-19,-4.254831579811599654e-06,3.118899755407866349e-26
1.477950000003623609e+04,4.063835805824792041e-22,1.343411285541688471e+01,9.999999130177218376e+02,1.012018928666362285e+02,-1.627450272145164289e-14,3.647021043802657924e-07,1.002004828027945862e-05,6.329310486970652265e-22,-9.760893999334987470e+00,9.000000000000000000e+01,-1.774796711688115343e-06,0.000000000000000000e+00,1.475334573089438968e-19,1.170162656147957821e-05,3.107993712976714035e-26
1.478950000003627247e+04,4.063835804515968419e-22,1.344320255099864170e+01,9.999999123972747839e+02,1.012018927623334434e+02,-1.627450272059917456e-14,3.533318894788590898e-07,5.194737697653005920e-06,3.376649911749698656e-22,-9.760893187634270163e+00,9.000000000000000000e+01,-1.820791501714320228e-06,0.000000000000000000e+00,1.475334572955595986e-19,1.124207277276136342e-05,3.108487745668895511e-26
1.479950000003630885e+04,4.063835803202715064e-22,1.345229224657077260e+01,9.999999119363632190e+02,1.012018925801790488e+02,-1.627450272448962197e-14,3.421246707124389838e-07,3.763799399861559043e-06,2.499039974272612545e-22,-9.760922447380972145e+00,9.000000000000000000e+01,-1.815563865706554364e-06,0.000000000000000000e+00,1.475334573284971654e-19,2.780756986709970977e-05,3.103102930227552846e-26
1.480950000003634523e+04,4.063835801883643952e-22,1.346138194213270900e+01,9.999999115427490324e+02,1.012018926024350378e+02,-1.627450271583082908e-14,3.310708774204834779e-07,1.162228584273798146e-05,7.315185296567970416e-22,-9.760924855317748339e+00,9.000000000000000000e+01,-1.787937771298861992e-06,0.000000000000000000e+00,1.475334572589451666e-19,2.917083546381187163e-05,3.086234531671613844e-26
1.481950000003638161e+04,4.063835800563210208e-22,1.347047163768568723e+01,9.999999109905492105e+02,1.012018924733341407e+02,-1.627450271643284039e-14,3.201796338370053919e-07,-3.203652734998817640e-06,-1.773558594500376764e-22,-9.760897268392433546e+00,9.000000000000000000e+01,-1.713919571974156039e-06,0.000000000000000000e+00,1.475334572475965281e-19,1.355240360795135617e-05,3.119877404859947822e-26
1.482950000003641799e+04,4.063835799236973753e-22,1.347956133323001637e+01,9.999999104125704434e+02,1.012018924735743042e+02,-1.627450270908354399e-14,3.094518952426159119e-07,1.085446153203957911e-05,6.841856095903828410e-22,-9.760864205458467779e+00,9.000000000000000000e+01,-1.879153331563990696e-06,0.000000000000000000e+00,1.475334571966328829e-19,-5.166280390035061448e-06,3.129500722386283806e-26
1.483950000003645437e+04,4.063835797900514729e-22,1.348865102876462174e+01,9.999999099654891097e+02,1.012018923001777040e+02,-1.627450271230837266e-14,2.988859142277956934e-07,4.385106752472114658e-06,2.874030124805749567e-22,-9.760899429067693589e+00,9.000000000000000000e+01,-1.720375945310902343e-06,0.000000000000000000e+00,1.475334572180328535e-19,1.477567596777296034e-05,3.123379437388516500e-26
1.484950000003649075e+04,4.063835796555500927e-22,1.349774072428983018e+01,9.999999093976243785e+02,1.012018921021004161e+02,-1.627450271699743761e-14,2.884855231763789114e-07,4.159409618422308066e-06,2.735444952410080306e-22,-9.760832127370175471e+00,9.000000000000000000e+01,-1.689425433372394341e-06,0.000000000000000000e+00,1.475334572594628325e-19,-2.332740704129258389e-05,3.132423040891889529e-26
1.485950000003652713e+04,4.063835795198537520e-22,1.350683041980583354e+01,9.999999087227973860e+02,1.012018920329498428e+02,-1.627450271372605037e-14,2.782574364448012682e-07,-3.323419957974917657e-06,-1.850130993746237222e-22,-9.760890503913083549e+00,9.000000000000000000e+01,-1.674086076143569845e-06,0.000000000000000000e+00,1.475334572214042901e-19,9.722663132924099164e-06,3.117562809349177993e-26
1.486950000003656351e+04,4.063835793830161003e-22,1.351592011531332815e+01,9.999999082517438183e+02,1.012018919012029272e+02,-1.627450271422514058e-14,2.681991562641833708e-07,-8.694798601247550108e-06,-5.133385018519838929e-22,-9.760920437200114819e+00,9.000000000000000000e+01,-1.742606165090398397e-06,0.000000000000000000e+00,1.475334572195420844e-19,2.666948669463743338e-05,3.101968993049591753e-26
1.487950000003659989e+04,4.063835792449069869e-22,1.352500981081023923e+01,9.999999078903906593e+02,1.012018918564864833e+02,-1.627450270932543714e-14,2.583072558552744554e-07,5.176366710195649205e-06,3.367174966836310348e-22,-9.760862352233242945e+00,9.000000000000000000e+01,-1.840658976476488072e-06,0.000000000000000000e+00,1.475334571903502587e-19,-6.215501623066878858e-06,3.114233602514570481e-26
1.488950000003663627e+04,4.063835791057057922e-22,1.353409950629757930e+01,9.999999072938970812e+02,1.012018917028914018e+02,-1.627450271102988788e-14,2.485875066073643762e-07,-3.795956346383208285e-06,-2.138041959098622358e-22,-9.760920451842753920e+00,9.000000000000000000e+01,-1.621477080935105878e-06,0.000000000000000000e+00,1.475334571953178098e-19,2.667777486012878422e-05,3.106498949927823868e-26
1.489950000003667265e+04,4.063835789656854661e-22,1.354318920177257013e+01,9.999999079425447235e+02,1.012018915612262902e+02,-1.627450271196525919e-14,2.390440750185335710e-07,1.277866589625673156e-05,8.005946423684799705e-22,-9.760864053484640479e+00,9.000000000000000000e+01,-1.681189730524650204e-06,0.000000000000000000e+00,1.475334572214575421e-19,-5.252343350645669085e-06,3.153491246288733771e-26
1.490950000003670903e+04,4.063835788243976749e-22,1.355227889723635926e+01,9.999999092847947395e+02,1.012018914340914506e+02,-1.627450271194187419e-14,2.296741328540941032e-07,-7.671664323384957873e-06,-4.513679366596020963e-22,-9.760921935185377762e+00,9.000000000000000000e+01,-1.678677830214980096e-06,0.000000000000000000e+00,1.475334571982540103e-19,2.751757040512180490e-05,3.118581924491747483e-26
1.491950000003674540e+04,4.063835786810700719e-22,1.356136859269022388e+01,9.999999104048312120e+02,1.012018913799508653e+02,-1.627450270733622339e-14,2.204797373702765604e-07,-8.646698915336278993e-07,-3.418591473649835916e-23,-9.760860737173748802e+00,9.000000000000000000e+01,-1.776187122972663935e-06,0.000000000000000000e+00,1.475334571638756312e-19,-7.129876627995355341e-06,3.144321104974277643e-26
1.492950000003678178e+04,4.063835785363420319e-22,1.357045828813421551e+01,9.999999114916566896e+02,1.012018912052048876e+02,-1.627450271003646587e-14,2.114663331570286449e-07,8.442601247096167289e-06,5.353767642578476763e-22,-9.760923261787425531e+00,9.000000000000000000e+01,-1.661005116294084321e-06,0.000000000000000000e+00,1.475334571978504076e-19,2.826862926496747947e-05,3.137417541118126543e-26
1.493950000003681816e+04,4.063835783891590425e-22,1.357954798356803394e+01,9.999999128357507061e+02,1.012018910911541951e+02,-1.627450270888678630e-14,2.026376256307659349e-07,1.406607950353265558e-05,8.793675655853512472e-22,-9.760901659921833229e+00,9.000000000000000000e+01,-1.682035274625607948e-06,0.000000000000000000e+00,1.475334571931798349e-19,1.603866718144788023e-05,3.140798109850389397e-26
1.494950000003685454e+04,4.063835782392064474e-22,1.358863767899141806e+01,9.999999141005054071e+02,1.012018910784784538e+02,-1.627450270137536636e-14,1.939891600051175900e-07,2.318245737658940442e-05,1.437711524149931031e-21,-9.760865667480100427e+00,9.000000000000000000e+01,-1.663969825812644883e-06,0.000000000000000000e+00,1.475334571352128103e-19,-4.338563535238607300e-06,3.143404881605875592e-26
1.495950000003689092e+04,4.063835780867882293e-22,1.359772737440411561e+01,9.999999152021389364e+02,1.012018908731339195e+02,-1.627450270552498613e-14,1.855313286815594436e-07,9.159302603902793059e-06,5.780866712982786454e-22,-9.760821080622866575e+00,9.000000000000000000e+01,-1.580420801773902988e-06,0.000000000000000000e+00,1.475334571565061084e-19,-2.958156563325294689e-05,3.175476705389918216e-26
1.496950000003692730e+04,4.063835779331504594e-22,1.360681706980586192e+01,9.999999163729045222e+02,1.012018907676300756e+02,-1.627450270349459700e-14,1.772682807813422660e-07,2.008850167971037845e-06,1.410790982275334246e-22,-9.760830682106570677e+00,9.000000000000000000e+01,-1.730673105592109024e-06,0.000000000000000000e+00,1.475334571298782492e-19,-2.414565065886787278e-05,3.164201136182686735e-26
1.497950000003696368e+04,4.063835777784239936e-22,1.361590676519654153e+01,9.999999175915680780e+02,1.012018906000736962e+02,-1.627450270520207066e-14,1.691978910625818439e-07,7.990578340459562789e-06,5.072369432594079144e-22,-9.760894410371253826e+00,9.000000000000000000e+01,-1.625311048770329220e-06,0.000000000000000000e+00,1.475334571512458400e-19,1.193431070736909059e-05,3.140610236208018555e-26
1.498950000003700006e+04,4.063835776229994253e-22,1.362499646057643510e+01,9.999999186636880495e+02,1.012018905479429520e+02,-1.627450269980395228e-14,1.613258057434860866e-07,9.114645884180994370e-07,7.446253664179843489e-23,-9.760859823422769921e+00,9.000000000000000000e+01,-1.723506527117210679e-06,0.000000000000000000e+00,1.475334570944422697e-19,-7.647194260939797623e-06,3.139784405417074733e-26
1.499950000003703644e+04,4.063835774663266700e-22,1.363408615594531170e+01,9.999999197169672698e+02,1.012018904297696338e+02,-1.627450269838102391e-14,1.536560603448937792e-07,-5.748734160874453041e-06,-3.331926416050026424e-22,-9.760889137456285169e+00,9.000000000000000000e+01,-1.802445069978578014e-06,0.000000000000000000e+00,1.475334570737903303e-19,8.949040050598912021e-06,3.138791248425743191e-26
1.500950000003707282e+04,4.063835773079230698e-22,1.364317585130260824e+01,9.999999211615603372e+02,1.012018902643286538e+02,-1.627450269975602109e-14,1.461821641018744171e-07,-5.452814209354209588e-06,-3.165464729477967765e-22,-9.760888763947711766e+00,9.000000000000000000e+01,-1.526307175201169461e-06,0.000000000000000000e+00,1.475334570858755166e-19,8.737574819086096054e-06,3.157901656950890718e-26
1.501950000003710920e+04,4.063835771475439808e-22,1.365226554664903524e+01,9.999999222797248422e+02,1.012018901124637011e+02,-1.627450270019147547e-14,1.389055458448126129e-07,-5.166520935110735821e-06,-2.982987974743528021e-22,-9.760888961767793859e+00,9.000000000000000000e+01,-1.665753760766821658e-06,0.000000000000000000e+00,1.475334570895518520e-19,8.849572250704658430e-06,3.145382940444298019e-26
1.502950000003714558e+04,4.063835769852624248e-22,1.366135524198399587e+01,9.999999233278632573e+02,1.012018900651655002e+02,-1.627450269411752417e-14,1.318391367080846407e-07,1.904139653533336014e-05,1.184008654984578333e-21,-9.760833925951517998e+00,9.000000000000000000e+01,-1.632734437952427706e-06,0.000000000000000000e+00,1.475334570610572370e-19,-2.230912842255470448e-05,3.152766229788050102e-26
1.503950000003718196e+04,4.063835768212515285e-22,1.367044493730633548e+01,9.999999246470257503e+02,1.012018898390483770e+02,-1.627450269889771834e-14,1.249790612051613655e-07,-1.132307578590071768e-05,-6.749169793176666995e-22,-9.760946961135655187e+00,9.000000000000000000e+01,-1.566583556910040153e-06,0.000000000000000000e+00,1.475334570700195761e-19,4.168610720342876523e-05,3.094217606508660515e-26
1.504950000003721834e+04,4.063835766552820705e-22,1.367953463261767233e+01,9.999999257348291621e+02,1.012018897843157248e+02,-1.627450269307690304e-14,1.183301666911299107e-07,9.536659475115834462e-06,6.023577269550252054e-22,-9.760860852806390042e+00,9.000000000000000000e+01,-1.694372671679442289e-06,0.000000000000000000e+00,1.475334570401021563e-19,-7.064400437479042308e-06,3.145421056913922074e-26
1.505950000003725472e+04,4.063835764880811176e-22,1.368862432791715378e+01,9.999999268041458436e+02,1.012018895888605670e+02,-1.627450269580249005e-14,1.118972529304524844e-07,-2.111372015789774834e-05,-1.274196700510695522e-21,-9.760954369893489968e+00,9.000000000000000000e+01,-1.634609184103869376e-06,0.000000000000000000e+00,1.475334570302889895e-19,4.588060281126948278e-05,3.095311149672639970e-26
1.506950000003729110e+04,4.063835763186230275e-22,1.369771402320348841e+01,9.999999281777348870e+02,1.012018895570139279e+02,-1.627450268838687884e-14,1.056771333056980618e-07,1.333427557930118458e-05,8.348543890930228741e-22,-9.760923085304806790e+00,9.000000000000000000e+01,-1.588312139605175808e-06,0.000000000000000000e+00,1.475334570009708228e-19,2.816873541947624769e-05,3.120484686376636418e-26
1.507950000003732748e+04,4.063835761481657201e-22,1.370680371847865331e+01,9.999999293318763876e+02,1.012018893138881879e+02,-1.627450269385257420e-14,9.967385136039450490e-08,-3.628428275497396417e-06,-2.043495030164620716e-22,-9.760888673157316120e+00,9.000000000000000000e+01,-1.539058527807905765e-06,1.895758319773387099e-24,1.475334570307973146e-19,8.686180047411175297e-06,3.131439013500659665e-26
1.508950000003736386e+04,4.063835759769643249e-22,1.371589341374155779e+01,9.999999303726200424e+02,1.012018892523698241e+02,-1.627450268815746231e-14,9.389072201207877008e-08,1.197196589686852795e-05,7.513577623792509095e-22,-9.760862344093627740e+00,9.000000000000000000e+01,-1.680220501013239718e-06,0.000000000000000000e+00,1.475334569962161351e-19,-6.220102337498503737e-06,3.144505764122736347e-26
1.509950000003740024e+04,4.063835758045904445e-22,1.372498310899135809e+01,9.999999316207691891e+02,1.012018890931753532e+02,-1.627450268837780694e-14,8.833059315455807998e-08,-3.354922921757837290e-06,-1.874995172755871888e-22,-9.760858797127776043e+00,9.000000000000000000e+01,-1.609784420481860155e-06,0.000000000000000000e+00,1.475334569807241953e-19,-8.228229079533547300e-06,3.155094957271203418e-26
1.510950000003743662e+04,4.063835756321013657e-22,1.373407280422917687e+01,9.999999326974433416e+02,1.012018889266477260e+02,-1.627450268904131785e-14,8.299232909165056162e-08,-2.906512707025576236e-06,-1.592510142363303059e-22,-9.760889043892264638e+00,9.000000000000000000e+01,-1.757590241639084431e-06,0.000000000000000000e+00,1.475334569865890131e-19,8.896076377770965586e-06,3.133396839396848425e-26
1.511950000003747300e+04,4.063835754592992293e-22,1.374316249945478319e+01,9.999999336883519163e+02,1.012018887968759628e+02,-1.627450268743507082e-14,7.788056209323771453e-08,4.255256035976324498e-06,2.788058669778068995e-22,-9.760860531000053797e+00,9.000000000000000000e+01,-1.641313411705832882e-06,0.000000000000000000e+00,1.475334569794299464e-19,-7.246590776606995453e-06,3.141045487881181529e-26
1.512950000003750938e+04,4.063835752843158925e-22,1.375225219466693183e+01,9.999999350407626935e+02,1.012018886689108683e+02,-1.627450268560003836e-14,7.299341940259257121e-08,1.171299134517012548e-05,7.357384750670705612e-22,-9.760899669435360693e+00,9.000000000000000000e+01,-1.707556019945233696e-06,0.000000000000000000e+00,1.475334569705393000e-19,1.491176395394499919e-05,3.127860747115366665e-26
1.513950000003754576e+04,4.063835751083415200e-22,1.376134188986749507e+01,9.999999362197797836e+02,1.012018885185688646e+02,-1.627450268507924502e-14,6.832704741541948591e-08,-9.549906584997986915e-06,-5.666785445873455220e-22,-9.760887205917775589e+00,9.000000000000000000e+01,-1.654255470371269599e-06,1.895758319773387099e-24,1.475334569418495161e-19,7.855502868486458889e-06,3.142703254407660648e-26
1.514950000003758214e+04,4.063835749302996880e-22,1.377043158505510867e+01,9.999999372199364416e+02,1.012018883723388001e+02,-1.627450268419319960e-14,6.389238090143811434e-08,1.936267121069465562e-05,1.203095354263972871e-21,-9.760794654629934897e+00,9.000000000000000000e+01,-1.727512702905107111e-06,0.000000000000000000e+00,1.475334569650635682e-19,-4.454271488268381310e-05,3.183303102693567456e-26
1.515950000003761852e+04,4.063835747514093842e-22,1.377952128022894840e+01,9.999999384838063179e+02,1.012018881891451656e+02,-1.627450268552114912e-14,5.969486941933081477e-08,1.228411660869469317e-05,7.695774048108859079e-22,-9.760832134230769341e+00,9.000000000000000000e+01,-1.526363051185813426e-06,0.000000000000000000e+00,1.475334569685753570e-19,-2.332351330409407439e-05,3.172444766031591093e-26
1.516950000003765490e+04,4.063835745709413319e-22,1.378861097539020975e+01,9.999999396029580794e+02,1.012018880656096371e+02,-1.627450268311110963e-14,5.572626866327523565e-08,2.189227384774970644e-05,1.358408121869548349e-21,-9.760827272051034953e+00,9.000000000000000000e+01,-1.647010599362332403e-06,-9.478791598866935495e-25,1.475334569568766567e-19,-2.607625196754385406e-05,3.162194604616715372e-26
1.517950000003769128e+04,4.063835743887920875e-22,1.379770067053860672e+01,9.999999406326376175e+02,1.012018879748857927e+02,-1.627450267859864539e-14,5.199636803532471104e-08,6.342305629420351342e-06,4.072119730368897201e-22,-9.760902422068012285e+00,9.000000000000000000e+01,-1.811102616154834100e-06,0.000000000000000000e+00,1.475334568986267611e-19,1.647018072400988767e-05,3.106349563399100536e-26
1.518950000003772766e+04,4.063835742047386834e-22,1.380679036567286389e+01,9.999999419296998440e+02,1.012018878040942127e+02,-1.627450267888270790e-14,4.850344348762536650e-08,-6.831922290239411258e-07,-2.376500693534188612e-23,-9.760959204423588886e+00,9.000000000000000000e+01,-1.628539006438765175e-06,0.000000000000000000e+00,1.475334568927903026e-19,4.861769696473399892e-05,3.109081376355995253e-26
1.519950000003776404e+04,4.063835740202337484e-22,1.381588006079453024e+01,9.999999430857133120e+02,1.012018876250110253e+02,-1.627450267965002659e-14,4.524661442036414537e-08,6.432689000325322655e-06,4.116571238584255550e-22,-9.760897861319302038e+00,9.000000000000000000e+01,-1.589162696260311393e-06,0.000000000000000000e+00,1.475334569068594857e-19,1.388809564371738231e-05,3.140757795944408316e-26
1.520950000003780042e+04,4.063835738343116844e-22,1.382496975590286503e+01,9.999999440702143829e+02,1.012018874191737154e+02,-1.627450268197719150e-14,4.223476512124556848e-08,-8.646969119157590339e-06,-5.111883997896731109e-22,-9.760857250750223812e+00,9.000000000000000000e+01,-1.687030195808440279e-06,0.000000000000000000e+00,1.475334569105390471e-19,-9.103713620359843775e-06,3.159301451717101097e-26
1.521950000003783680e+04,4.063835736478543473e-22,1.383405945099712397e+01,9.999999452271126756e+02,1.012018873082873398e+02,-1.627450267846041803e-14,3.946953296367723744e-08,8.742768733996340654e-09,1.987747365961572910e-23,-9.760919154971894329e+00,9.000000000000000000e+01,-1.750561215793050095e-06,0.000000000000000000e+00,1.475334568878414090e-19,2.594357022124455997e-05,3.092234311860704204e-26
1.522950000003787318e+04,4.063835734601956549e-22,1.384314914607781510e+01,9.999999463573191179e+02,1.012018871721713680e+02,-1.627450267642227282e-14,3.694707595623180019e-08,1.416950621221118110e-05,8.864129956288415892e-22,-9.760862279607733782e+00,9.000000000000000000e+01,-1.686622932142588302e-06,0.000000000000000000e+00,1.475334568844470297e-19,-6.256603548644244056e-06,3.126225289058337795e-26
1.523950000003790956e+04,4.063835732707768244e-22,1.385223884114484783e+01,9.999999474164750382e+02,1.012018870266806232e+02,-1.627450267486069742e-14,3.467565085077539016e-08,3.046638409770504230e-07,3.698751835617626356e-23,-9.760858796920691915e+00,9.000000000000000000e+01,-1.644904105274580428e-06,0.000000000000000000e+00,1.475334568545043320e-19,-8.228335863138449893e-06,3.138563673522441610e-26
1.524950000003794594e+04,4.063835730799296271e-22,1.386132853619794325e+01,9.999999486978445020e+02,1.012018868428036598e+02,-1.627450267557141691e-14,3.265108710047784436e-08,-6.400915643527247606e-06,-3.735088408931690982e-22,-9.760889204622092308e+00,9.000000000000000000e+01,-1.655363168511292247e-06,0.000000000000000000e+00,1.475334568528455045e-19,8.987081322855864650e-06,3.127303393393294859e-26
1.525950000003798232e+04,4.063835728866108355e-22,1.387041823123712270e+01,9.999999497874081271e+02,1.012018867759164209e+02,-1.627450266898108359e-14,3.087580349746667655e-08,7.866470938130801598e-06,5.000565562406698308e-22,-9.760890561888835748e+00,9.000000000000000000e+01,-1.637057753208722177e-06,0.000000000000000000e+00,1.475334568086729049e-19,9.755505945727839203e-06,3.126018709266499397e-26
1.526950000003801870e+04,4.063835726918558248e-22,1.387950792626227781e+01,9.999999507838766704e+02,1.012018865441949913e+02,-1.627450267240438019e-14,2.935868049344721823e-08,8.131098253697199887e-06,5.160280895180269557e-22,-9.760860536949900634e+00,9.000000000000000000e+01,-1.622101207541358805e-06,0.000000000000000000e+00,1.475334568390321330e-19,-7.243213406645401929e-06,3.141892376204240132e-26
1.527950000003805508e+04,4.063835724963755811e-22,1.388859762127269626e+01,9.999999520117696648e+02,1.012018864726740475e+02,-1.627450266597948677e-14,2.809719302508877382e-08,8.353580586960482460e-06,5.295436830092155355e-22,-9.760890750607178035e+00,9.000000000000000000e+01,-1.669176979048262106e-06,0.000000000000000000e+00,1.475334567808855154e-19,9.862350688679445427e-06,3.146577086517643955e-26
1.528950000003809146e+04,4.063835722992286275e-22,1.389768731626881504e+01,9.999999530515726747e+02,1.012018862932108192e+02,-1.627450266607003538e-14,2.709581481433787932e-08,-1.248869726067468903e-05,-7.473579922859588878e-22,-9.760919977555223781e+00,9.000000000000000000e+01,-1.538613657263500160e-06,0.000000000000000000e+00,1.475334567580773771e-19,2.640928279934171141e-05,3.143901352023537792e-26
1.529950000003812784e+04,4.063835721000422383e-22,1.390677701125070520e+01,9.999999540711007739e+02,1.012018860880130120e+02,-1.627450266762495596e-14,2.635876406209111049e-08,8.793120106767996746e-06,5.576673188965522951e-22,-9.760820619832619727e+00,9.000000000000000000e+01,-1.791114967314581758e-06,0.000000000000000000e+00,1.475334567947959537e-19,-2.984241763857593049e-05,3.131555695712869804e-26
1.530950000003816422e+04,4.063835718999799646e-22,1.391586670621762067e+01,9.999999553782772637e+02,1.012018859319544219e+02,-1.627450266612257352e-14,2.588210318618718183e-08,1.860715876608754683e-05,1.157750190900931182e-21,-9.760922570199371151e+00,9.000000000000000000e+01,-1.686612499923233089e-06,0.000000000000000000e+00,1.475334567913817132e-19,2.787711756452304206e-05,3.134481093643779096e-26
1.531950000003820060e+04,4.063835716992038838e-22,1.392495640116993805e+01,9.999999564070161568e+02,1.012018856815833630e+02,-1.627450267035521302e-14,2.566864270257104280e-08,2.317262059048071175e-06,1.593638677972033510e-22,-9.760828937307472586e+00,9.000000000000000000e+01,-1.624482806886838585e-06,0.000000000000000000e+00,1.475334568107679074e-19,-2.513345635418532813e-05,3.181944793027709408e-26
1.532950000003823698e+04,4.063835714975964934e-22,1.393404609610778166e+01,9.999999574588146061e+02,1.012018856344591313e+02,-1.627450266209598134e-14,2.572472739766168236e-08,1.675796233489852520e-05,1.043970155493382085e-21,-9.760892428665908227e+00,9.000000000000000000e+01,-1.618722262581084221e-06,0.000000000000000000e+00,1.475334567517772751e-19,1.081239321541862621e-05,3.144832411022125950e-26
1.533950000003827336e+04,4.063835712934004763e-22,1.394313579103010170e+01,9.999999586544465728e+02,1.012018854869517384e+02,-1.627450265984270429e-14,2.605130506358667807e-08,2.861594406695214918e-05,1.770578112416838719e-21,-9.760752849794483765e+00,9.000000000000000000e+01,-1.807037231160987374e-06,0.000000000000000000e+00,1.475334567438800956e-19,-6.821064390131033545e-05,3.183774599482123491e-26
1.534950000003830974e+04,4.063835710880373345e-22,1.395222548593753586e+01,9.999999596084840050e+02,1.012018852413240211e+02,-1.627450266352904814e-14,2.664886063099050810e-08,1.403574126267658970e-05,8.776831356606629967e-22,-9.760860535239114455e+00,9.000000000000000000e+01,-1.636862187262468511e-06,0.000000000000000000e+00,1.475334567602411835e-19,-7.244178153298547646e-06,3.139918074330723395e-26
1.535950000003834612e+04,4.063835708814531831e-22,1.396131518083067924e+01,9.999999607342481340e+02,1.012018851435990570e+02,-1.627450265809352198e-14,2.752445977273084611e-08,1.370542719300462900e-05,8.575540825115740876e-22,-9.760890572783095465e+00,9.000000000000000000e+01,-1.626998803750938379e-06,0.000000000000000000e+00,1.475334567103417590e-19,9.761680259006507468e-06,3.126543268382449997e-26
1.536950000003838250e+04,4.063835706745881356e-22,1.397040487570746592e+01,9.999999619353842490e+02,1.012018848948383152e+02,-1.627450266189152437e-14,2.866738319971659231e-08,-1.140891624113099035e-05,-6.794886768489718741e-22,-9.760877486748206877e+00,9.000000000000000000e+01,-1.731059606597000512e-06,0.000000000000000000e+00,1.475334567161236414e-19,2.352975159265177593e-06,3.119496909496703481e-26
1.537950000003841888e+04,4.063835704657220675e-22,1.397949457056945555e+01,9.999999629124719149e+02,1.012018846330525719e+02,-1.627450266637440948e-14,3.008866294347833258e-08,1.109971066288274696e-05,6.968423263865120612e-22,-9.760925969685533943e+00,9.000000000000000000e+01,-1.460612563811166165e-06,0.000000000000000000e+00,1.475334567803898292e-19,2.980173942478142889e-05,3.133404002869954145e-26
1.538950000003845525e+04,4.063835702558429585e-22,1.398858426541544553e+01,9.999999641035032028e+02,1.012018846144496962e+02,-1.627450265591330292e-14,3.179027646174872589e-08,1.177954087325184150e-05,7.400144606570432852e-22,-9.760860630264835081e+00,9.000000000000000000e+01,-1.705744325109797061e-06,0.000000000000000000e+00,1.475334566864765018e-19,-7.190373736053008411e-06,3.130179997151882353e-26
1.539950000003849163e+04,4.063835700452454813e-22,1.399767396024590482e+01,9.999999651488288919e+02,1.012018845005426186e+02,-1.627450265124721907e-14,3.377047288023370946e-08,4.276993012316727158e-06,2.803850757817211343e-22,-9.760859046985627785e+00,9.000000000000000000e+01,-1.739187832140948528e-06,0.000000000000000000e+00,1.475334566355813474e-19,-8.086750078627076894e-06,3.149354885390697365e-26
1.540950000003852801e+04,4.063835698340942052e-22,1.400676365506204490e+01,9.999999660687707319e+02,1.012018842237718417e+02,-1.627450265652068480e-14,3.603409343677599038e-08,-2.391069259670870682e-06,-1.279255269423814391e-22,-9.760917016869885998e+00,9.000000000000000000e+01,-1.612021775311426365e-06,0.000000000000000000e+00,1.475334566748837757e-19,2.473308575220110466e-05,3.108811638379027149e-26
1.541950000003856439e+04,4.063835696218361777e-22,1.401585334986130427e+01,9.999999672847054626e+02,1.012018840225483842e+02,-1.627450265711008696e-14,3.858570301540398915e-08,1.585200253869793028e-05,9.886432181927944915e-22,-9.760860638912845388e+00,9.000000000000000000e+01,-1.630629495975360191e-06,0.000000000000000000e+00,1.475334566994965586e-19,-7.185481689486988918e-06,3.151492680143668635e-26
1.542950000003860077e+04,4.063835694091434054e-22,1.402494304464489794e+01,9.999999684425629312e+02,1.012018838835362402e+02,-1.627450265386561881e-14,4.141322511447877649e-08,3.065001091206046653e-05,1.895523992390949553e-21,-9.760789996278058211e+00,9.000000000000000000e+01,-1.743657885468027144e-06,0.000000000000000000e+00,1.475334566859077024e-19,-4.718003937051257272e-05,3.172122785570193583e-26
1.543950000003863715e+04,4.063835691949705446e-22,1.403403273941308704e+01,9.999999693661927722e+02,1.012018836640703086e+02,-1.627450265546438427e-14,4.452585704374824113e-08,9.310559447803232257e-06,5.886651382566402870e-22,-9.760889026506992749e+00,9.000000000000000000e+01,-1.721153272875051991e-06,0.000000000000000000e+00,1.475334566760535615e-19,8.886249011558918667e-06,3.133936596635957417e-26
1.544950000003867353e+04,4.063835689807893613e-22,1.404312243416532979e+01,9.999999704234674027e+02,1.012018835358069566e+02,-1.627450265147804608e-14,4.792971781054966210e-08,-9.073084244008110786e-06,-5.359759838915508567e-22,-9.760888895332294979e+00,9.000000000000000000e+01,-1.760236895689498799e-06,0.000000000000000000e+00,1.475334566193056024e-19,8.811987541599440230e-06,3.108143616749451436e-26
1.545950000003870991e+04,4.063835687661982596e-22,1.405221212890206495e+01,9.999999714964907298e+02,1.012018833282516539e+02,-1.627450265232583174e-14,5.161784326859848097e-08,1.619327138628400570e-05,1.010390911701020024e-21,-9.760785508718244685e+00,9.000000000000000000e+01,-1.773711048430925797e-06,0.000000000000000000e+00,1.475334566539553210e-19,-4.972068631732260612e-05,3.167293774116171695e-26
1.546950000003874629e+04,4.063835685514528860e-22,1.406130182362292125e+01,9.999999723878130453e+02,1.012018831687775986e+02,-1.627450265021772403e-14,5.559830035604788629e-08,-7.979378131954016355e-06,-4.705718662864415505e-22,-9.760945189136981170e+00,9.000000000000000000e+01,-1.532406919302592716e-06,0.000000000000000000e+00,1.475334566076783781e-19,4.068290979114469122e-05,3.105280489080818918e-26
1.547950000003878267e+04,4.063835683362044949e-22,1.407039151832578483e+01,9.999999735977872888e+02,1.012018829915917166e+02,-1.627450264917112334e-14,5.986371480859960223e-08,8.850714841574903885e-06,5.605645945704991354e-22,-9.760829016655671708e+00,9.000000000000000000e+01,-1.775120237710313772e-06,0.000000000000000000e+00,1.475334566160524419e-19,-2.508852381207335813e-05,3.150646770264967085e-26
1.548950000003881905e+04,4.063835681210173706e-22,1.407948121301004107e+01,9.999999745617714098e+02,1.012018827256053157e+02,-1.627450265356097966e-14,6.441613180385198645e-08,-3.505889980215097495e-07,-3.727540941298260437e-24,-9.760886964355826478e+00,9.000000000000000000e+01,-1.540837017652467842e-06,0.000000000000000000e+00,1.475334566446019218e-19,7.718751803262217131e-06,3.136031437588229080e-26
1.549950000003885543e+04,4.063835679056812406e-22,1.408857090768012199e+01,9.999999753414466568e+02,1.012018825179148678e+02,-1.627450265437460448e-14,6.925822818912340259e-08,-2.584431123711674575e-05,-1.564217441214108571e-21,-9.760881844703273913e+00,9.000000000000000000e+01,-1.659459977385391872e-06,0.000000000000000000e+00,1.475334566231392622e-19,4.820241758997969236e-06,3.138168461805928751e-26
1.550950000003889181e+04,4.063835676902419962e-22,1.409766060233297758e+01,9.999999764391966437e+02,1.012018824193458215e+02,-1.627450264850156344e-14,7.438852775584230332e-08,2.141891200884972436e-05,1.330131041890536079e-21,-9.760799328980461098e+00,9.000000000000000000e+01,-1.722803064754983275e-06,0.000000000000000000e+00,1.475334566216352313e-19,-4.189629903583979149e-05,3.168021430452309575e-26
1.551950000003892819e+04,4.063835674733665799e-22,1.410675029697030425e+01,9.999999772289488646e+02,1.012018822162404206e+02,-1.627450264894726354e-14,7.980952078563987068e-08,2.168534982576321939e-05,1.345612813749869069e-21,-9.760832093159176992e+00,9.000000000000000000e+01,-1.508977808519247124e-06,0.000000000000000000e+00,1.475334566251724183e-19,-2.334675287935524698e-05,3.144811875470773281e-26
1.552950000003896457e+04,4.063835672566568142e-22,1.411583999159173963e+01,9.999999780168570851e+02,1.012018821109102760e+02,-1.627450264341751584e-14,8.552389909774574554e-08,1.054268449796272734e-05,6.637661387958261229e-22,-9.760888918492080180e+00,9.000000000000000000e+01,-1.647751643158675898e-06,0.000000000000000000e+00,1.475334565625139728e-19,8.825098921116209753e-06,3.135150220961817347e-26
1.553950000003900095e+04,4.063835670396497895e-22,1.412492968619589817e+01,9.999999791782256580e+02,1.012018819146820618e+02,-1.627450264343708274e-14,9.152928456040824401e-08,9.335797888102350810e-06,5.907363535860148163e-22,-9.760888825568436289e+00,9.000000000000000000e+01,-1.685087996453314080e-06,0.000000000000000000e+00,1.475334565606247077e-19,8.772488786010266095e-06,3.111255431682020757e-26
1.554950000003903733e+04,4.063835668215190393e-22,1.413401938078541598e+01,9.999999800814035780e+02,1.012018817011680909e+02,-1.627450264445335647e-14,9.782351265933329789e-08,1.150027368998353865e-06,8.931794224483957981e-23,-9.760857195715374246e+00,9.000000000000000000e+01,-1.748010767160640669e-06,0.000000000000000000e+00,1.475334565599944712e-19,-9.134858911564379020e-06,3.130595248922078542e-26
1.555950000003907371e+04,4.063835666023415818e-22,1.414310907535864104e+01,9.999999808334000591e+02,1.012018815487874690e+02,-1.627450264166667061e-14,1.044148190699495466e-07,1.337900793586360411e-06,1.002205244326744931e-22,-9.760888691175688692e+00,9.000000000000000000e+01,-1.655905287695638420e-06,0.000000000000000000e+00,1.475334565344101530e-19,8.696399668125351067e-06,3.131682753346896541e-26
1.556950000003911009e+04,4.063835663828035767e-22,1.415219876991499071e+01,9.999999818527699063e+02,1.012018814028574099e+02,-1.627450263846702554e-14,1.112998430436099780e-07,8.664249374282996828e-06,5.492328904999889702e-22,-9.760859058290476398e+00,9.000000000000000000e+01,-1.755986275191003683e-06,0.000000000000000000e+00,1.475334565129792953e-19,-8.080353099930151419e-06,3.143715874211836157e-26
1.557950000003914647e+04,4.063835661625781425e-22,1.416128846445517908e+01,9.999999827125948286e+02,1.012018811339000024e+02,-1.627450264276075758e-14,1.184802014178539267e-07,1.811564356691149268e-06,1.285605077379088270e-22,-9.760917193052135232e+00,9.000000000000000000e+01,-1.592060079797374898e-06,0.000000000000000000e+00,1.475334565432308881e-19,2.483282802381004236e-05,3.141415467016487395e-26
1.558950000003918285e+04,4.063835659417209036e-22,1.417037815897992026e+01,9.999999835235811361e+02,1.012018810411384919e+02,-1.627450263623145369e-14,1.259592467744628855e-07,2.057856711776789788e-06,1.451517368304226453e-22,-9.760887231104286244e+00,9.000000000000000000e+01,-1.766651056704512745e-06,0.000000000000000000e+00,1.475334564841265777e-19,7.869779417272937521e-06,3.114391294990929796e-26
1.559950000003921923e+04,4.063835657215220827e-22,1.417946785348740413e+01,9.999999847034737286e+02,1.012018808125242515e+02,-1.627450263805751838e-14,1.337344266066151738e-07,1.978843509806061217e-05,1.229842705515620884e-21,-9.760860564296102382e+00,9.000000000000000000e+01,-1.611469274796600053e-06,0.000000000000000000e+00,1.475334565192482695e-19,-7.227722789005088799e-06,3.137840264379537643e-26
1.560950000003925561e+04,4.063835655015879830e-22,1.418855754797861124e+01,9.999999855531658568e+02,1.012018806194418374e+02,-1.627450263772332534e-14,1.418006291992790240e-07,9.826501093221858582e-06,6.199100902793815709e-22,-9.760829123670308860e+00,9.000000000000000000e+01,-1.746951846007212891e-06,0.000000000000000000e+00,1.475334565045343814e-19,-2.502793938505971555e-05,3.171725834299706457e-26
1.561950000003929199e+04,4.063835652816199821e-22,1.419764724245422549e+01,9.999999862802681037e+02,1.012018804872439119e+02,-1.627450263365661169e-14,1.501666187575486690e-07,9.953779710592756811e-06,6.279081932896275950e-22,-9.760858962228532221e+00,9.000000000000000000e+01,-1.695064862155878514e-06,0.000000000000000000e+00,1.475334564673990817e-19,-8.134739181535276492e-06,3.144455430270723386e-26
1.562950000003932837e+04,4.063835650618425523e-22,1.420673693691249184e+01,9.999999872756469586e+02,1.012018802626796941e+02,-1.627450263525697697e-14,1.588294673792055586e-07,3.059827743245919356e-06,2.058864160923416887e-22,-9.760917864190631121e+00,9.000000000000000000e+01,-1.611744863498639366e-06,0.000000000000000000e+00,1.475334564734337184e-19,2.521279965764959820e-05,3.106767023776966609e-26
1.563950000003936475e+04,4.063835648418019058e-22,1.421582663135568936e+01,9.999999881917237872e+02,1.012018800731381845e+02,-1.627450263469964358e-14,1.677859529896506133e-07,2.138409424558079201e-05,1.328017317460158427e-21,-9.760890720881409521e+00,9.000000000000000000e+01,-1.686793587984576931e-06,0.000000000000000000e+00,1.475334564878275410e-19,9.845525974153182942e-06,3.124777667767167852e-26
1.564950000003940113e+04,4.063835646218927266e-22,1.422491632578250886e+01,9.999999890156649371e+02,1.012018799491839474e+02,-1.627450263013276056e-14,1.770424871510736444e-07,1.250516930241735257e-05,7.843106824360178489e-22,-9.760859070947162763e+00,9.000000000000000000e+01,-1.708983859997273792e-06,0.000000000000000000e+00,1.475334564362871520e-19,-8.073185693957583172e-06,3.156654504537960062e-26
1.565950000003943751e+04,4.063835644020071514e-22,1.423400602019218120e+01,9.999999900055024682e+02,1.012018797071673788e+02,-1.627450263279656713e-14,1.865935111308504002e-07,-4.856223028203024775e-06,-2.789800424874359206e-22,-9.760855305271730842e+00,9.000000000000000000e+01,-1.671394767105427829e-06,0.000000000000000000e+00,1.475334564403535845e-19,-1.020513699097447547e-05,3.141179694065835071e-26
1.566950000003947389e+04,4.063835641832082501e-22,1.424309571458576507e+01,9.999999908579607109e+02,1.012018795119324892e+02,-1.627450263265552196e-14,1.964373895055706023e-07,-1.045006503016616129e-05,-6.208934094366357425e-22,-9.760923099730486996e+00,9.000000000000000000e+01,-1.721582469645987345e-06,0.000000000000000000e+00,1.475334564321929379e-19,2.817691580128751558e-05,3.108632744443203244e-26
1.567950000003951027e+04,4.063835639646532875e-22,1.425218540896319297e+01,9.999999916329700227e+02,1.012018793480153107e+02,-1.627450263061084498e-14,2.065786062462794483e-07,5.215488231627108102e-06,3.372917657848580478e-22,-9.760857191405424516e+00,9.000000000000000000e+01,-1.691526202461719771e-06,0.000000000000000000e+00,1.475334564302911061e-19,-9.137297678768102185e-06,3.148839831087671760e-26
1.568950000003954665e+04,4.063835637464009441e-22,1.426127510332539750e+01,9.999999926070962601e+02,1.012018791593195033e+02,-1.627450263009944539e-14,2.170170358427747653e-07,2.339752585826218424e-05,1.450948634049092636e-21,-9.760824072103783777e+00,9.000000000000000000e+01,-1.657117206251463258e-06,0.000000000000000000e+00,1.475334564449500812e-19,-2.788789815818325615e-05,3.153591474565097562e-26
1.569950000003958303e+04,4.063835635286253812e-22,1.427036479767072485e+01,9.999999934328347990e+02,1.012018790714556360e+02,-1.627450262344112487e-14,2.277455268004924385e-07,3.022871527417641163e-05,1.869451438380669896e-21,-9.760792986887866007e+00,9.000000000000000000e+01,-1.748084912251374971e-06,0.000000000000000000e+00,1.475334563919166149e-19,-4.548689164682530762e-05,3.169492376632192594e-26
1.570950000003961941e+04,4.063835633103013326e-22,1.427945449200050199e+01,9.999999941903073477e+02,1.012018788317867006e+02,-1.627450262604646423e-14,2.387715294598208361e-07,-2.048333706410030884e-06,-1.067395385983900128e-22,-9.760915493051260938e+00,9.000000000000000000e+01,-1.727673817083051356e-06,-1.895758319773387099e-24,1.475334563790697474e-19,2.387037289963886807e-05,3.122577807489819397e-26
1.571950000003965579e+04,4.063835630922318491e-22,1.428854418631390999e+01,9.999999950630403873e+02,1.012018786344694092e+02,-1.627450262607307724e-14,2.500949679827632040e-07,-1.645688103813724557e-06,-8.197229427468876029e-23,-9.760885347562263448e+00,9.000000000000000000e+01,-1.706772916493782429e-06,0.000000000000000000e+00,1.475334563790037362e-19,6.803404978423024353e-06,3.120904756923932875e-26
1.572950000003969217e+04,4.063835628749748673e-22,1.429763388061067353e+01,9.999999960464425612e+02,1.012018784434944223e+02,-1.627450262575693965e-14,2.617076740455632376e-07,-1.085410457192212468e-06,-4.824946345878679255e-23,-9.760817541265227604e+00,9.000000000000000000e+01,-1.644768995311711709e-06,0.000000000000000000e+00,1.475334563760201577e-19,-3.158535264012793771e-05,3.159931740427706289e-26
1.573950000003972855e+04,4.063835626595800096e-22,1.430672357489218349e+01,9.999999968666676295e+02,1.012018782601048628e+02,-1.627450262507847825e-14,2.736122326103682589e-07,1.687477009168163094e-05,1.050967316217661419e-21,-9.760896246792130526e+00,9.000000000000000000e+01,-1.566996443796568951e-06,0.000000000000000000e+00,1.475334563889323624e-19,1.297403858172183034e-05,3.141042329751049741e-26
1.574950000003976493e+04,4.063835624455167049e-22,1.431581326915777730e+01,9.999999976121913505e+02,1.012018780850310691e+02,-1.627450262396553436e-14,2.858090195413811922e-07,-7.529928719052572576e-07,-2.806810250275330697e-23,-9.760855490938070034e+00,9.000000000000000000e+01,-1.701517953160193562e-06,0.000000000000000000e+00,1.475334563588193644e-19,-1.010002354620583784e-05,3.162764166037338827e-26
1.575950000003980131e+04,4.063835622308841788e-22,1.432490296340711744e+01,9.999999985706899679e+02,1.012018779148314707e+02,-1.627450262252202619e-14,2.982935700467341290e-07,9.639221851004622401e-07,7.793196203984618652e-23,-9.760855395000536561e+00,9.000000000000000000e+01,-1.752870451158417442e-06,0.000000000000000000e+00,1.475334563470178916e-19,-1.015433659340005153e-05,3.135276509372404665e-26
1.576950000003983769e+04,4.063835620158376436e-22,1.433399265763929442e+01,9.999999993861839584e+02,1.012018777059255399e+02,-1.627450262342521197e-14,3.110667934899501203e-07,-1.644862094143510727e-07,7.907216026397827275e-24,-9.760855305024282558e+00,9.000000000000000000e+01,-1.633819923098554917e-06,0.000000000000000000e+00,1.475334563531336100e-19,-1.020527765523894914e-05,3.154521692764276468e-26
1.577950000003987407e+04,4.063835618015527817e-22,1.434308235185594249e+01,1.000000000167638063e+03,1.012018776324050862e+02,-1.627450261608027639e-14,3.241341940779055888e-07,1.537936533691733765e-05,9.607939066056025717e-22,-9.760888845285339954e+00,9.000000000000000000e+01,-1.694547983853484512e-06,0.000000000000000000e+00,1.475334563035454398e-19,8.783658323539569282e-06,3.109684015085977312e-26
1.578950000003991045e+04,4.063835615887429771e-22,1.435217204605682539e+01,1.000000000965707045e+03,1.012018774514439627e+02,-1.627450261539567134e-14,3.374893382773882758e-07,-6.737331995415228232e-06,-3.942507355060608619e-22,-9.760853186114823998e+00,9.000000000000000000e+01,-1.561720616024269660e-06,-9.478791598866935495e-25,1.475334562723243821e-19,-1.140489649319315035e-05,3.126206812672568159e-26
1.579950000003994683e+04,4.063835613762782977e-22,1.436126174024135516e+01,1.000000001983214133e+03,1.012018772499044843e+02,-1.627450261599240675e-14,3.511305269442561273e-07,1.676462869127147784e-05,1.044337983460438847e-21,-9.760891143738490427e+00,9.000000000000000000e+01,-1.592620315421186611e-06,0.000000000000000000e+00,1.475334563027916068e-19,1.008493130068443336e-05,3.135497956824458805e-26
1.580950000003998321e+04,4.063835611641493394e-22,1.437035143441048923e+01,1.000000002813590640e+03,1.012018770825791876e+02,-1.627450261451144346e-14,3.650576212783358873e-07,4.697855058946938764e-07,4.662068108378892486e-23,-9.760915389299452016e+00,9.000000000000000000e+01,-1.619487020593132751e-06,0.000000000000000000e+00,1.475334562708384308e-19,2.381163764889599504e-05,3.137690524563869527e-26
1.581950000004001959e+04,4.063835609528283220e-22,1.437944112856439638e+01,1.000000003527728836e+03,1.012018768828246067e+02,-1.627450261506029186e-14,3.792724767123835235e-07,1.627716257644038807e-05,1.015106350620593055e-21,-9.760889048230790621e+00,9.000000000000000000e+01,-1.679108273763350527e-06,0.000000000000000000e+00,1.475334562924417074e-19,8.898550346382500494e-06,3.138611372344830509e-26
1.582950000004005597e+04,4.063835607431074345e-22,1.438853082270233763e+01,1.000000004477007337e+03,1.012018766567342851e+02,-1.627450261731168195e-14,3.937740706367190127e-07,1.077280846508188618e-05,6.776194899933472899e-22,-9.760887257187899735e+00,9.000000000000000000e+01,-1.702395811696714823e-06,0.000000000000000000e+00,1.475334563058768743e-19,7.884544424896911184e-06,3.141023744318975691e-26
1.583950000004009235e+04,4.063835605337360449e-22,1.439762051682478905e+01,1.000000005290824902e+03,1.012018764895483685e+02,-1.627450261597344253e-14,4.085540363842149043e-07,-8.138549363994700126e-06,-4.800267152615836885e-22,-9.760853379489688564e+00,9.000000000000000000e+01,-1.645529834880392888e-06,0.000000000000000000e+00,1.475334562723422692e-19,-1.129542545698228834e-05,3.135642971561461525e-26
1.584950000004012873e+04,4.063835603255977489e-22,1.440671021093225868e+01,1.000000005975477393e+03,1.012018763851864236e+02,-1.627450261085790044e-14,4.236186708222074939e-07,2.354272483917835287e-05,1.459677567360125009e-21,-9.760924324286483156e+00,9.000000000000000000e+01,-1.712077038480528161e-06,0.000000000000000000e+00,1.475334562605273149e-19,2.887020450052783956e-05,3.117263381900633790e-26
1.585950000004016511e+04,4.063835601169088984e-22,1.441579990502468611e+01,1.000000006683235938e+03,1.012018762215194698e+02,-1.627450260934189280e-14,4.389703151232334972e-07,-2.054639217393778046e-05,-1.237971494507904021e-21,-9.760910153251773025e+00,9.000000000000000000e+01,-1.849744752535056285e-06,-1.895758319773387099e-24,1.475334561977371598e-19,2.084723357115597601e-05,3.109057006315255385e-26
1.586950000004020148e+04,4.063835599073011405e-22,1.442488959910108903e+01,1.000000007739439638e+03,1.012018760814439275e+02,-1.627450260633166269e-14,4.546044337571345294e-07,1.963469045305836673e-05,1.220573646578065128e-21,-9.760858802484582597e+00,9.000000000000000000e+01,-1.608169818258924745e-06,0.000000000000000000e+00,1.475334562141380181e-19,-8.225171427413961354e-06,3.140576231105181850e-26
1.587950000004023786e+04,4.063835596980967182e-22,1.443397929316194173e+01,1.000000008587278444e+03,1.012018758670348291e+02,-1.627450260789481266e-14,4.705178365698811123e-07,9.459540641320395463e-06,5.980388390186740106e-22,-9.760886845131498291e+00,9.000000000000000000e+01,-1.610575386264484084e-06,0.000000000000000000e+00,1.475334562162753188e-19,7.651263621075485012e-06,3.103483032197657706e-26
1.588950000004027424e+04,4.063835594894529126e-22,1.444306898720759946e+01,1.000000009362222613e+03,1.012018756504405559e+02,-1.627450260962373071e-14,4.867119092393577847e-07,1.962645118823073644e-05,1.219134287266543876e-21,-9.760858709640890751e+00,9.000000000000000000e+01,-1.543447795046075378e-06,0.000000000000000000e+00,1.475334562422447749e-19,-8.277741886152222903e-06,3.150122155527317455e-26
1.589950000004031062e+04,4.063835592823432682e-22,1.445215868123831982e+01,1.000000010067112726e+03,1.012018755278470081e+02,-1.627450260568056846e-14,5.031888703360312829e-07,2.890927093849477117e-06,1.952438226532616679e-22,-9.760892329516522636e+00,9.000000000000000000e+01,-1.622277054048587609e-06,0.000000000000000000e+00,1.475334561877264167e-19,1.075626509422511727e-05,3.129066510343140081e-26
1.590950000004034700e+04,4.063835590773164588e-22,1.446124837525325901e+01,1.000000010959217320e+03,1.012018753587726820e+02,-1.627450260470052553e-14,5.199436738939571087e-07,3.610109421406117718e-06,2.408306136270293616e-22,-9.760807833741850459e+00,9.000000000000000000e+01,-1.877368149832378845e-06,0.000000000000000000e+00,1.475334561790359948e-19,-3.708129293264403597e-05,3.135611999524241500e-26
1.591950000004038338e+04,4.063835588729504652e-22,1.447033806925335320e+01,1.000000011731469954e+03,1.012018751040941567e+02,-1.627450260899616031e-14,5.369750350743613106e-07,-3.579327707766101494e-06,-2.014944393191359104e-22,-9.760889512813029967e+00,9.000000000000000000e+01,-1.575093728904575788e-06,0.000000000000000000e+00,1.475334562089707962e-19,9.161572628976148618e-06,3.149083780359074155e-26
1.592950000004041976e+04,4.063835586688353222e-22,1.447942776323873559e+01,1.000000012517543496e+03,1.012018749729564888e+02,-1.627450260574235204e-14,5.542853043682852478e-07,2.036895374502394176e-05,1.265229672558780367e-21,-9.760858922072703336e+00,9.000000000000000000e+01,-1.630382532265453818e-06,0.000000000000000000e+00,1.475334562053921054e-19,-8.157472857001435234e-06,3.154421492551537961e-26
1.593950000004045614e+04,4.063835584665628841e-22,1.448851745720955719e+01,1.000000013182852399e+03,1.012018748505172141e+02,-1.627450260205720410e-14,5.718731376673758254e-07,2.601982647644929614e-05,1.611608745853035705e-21,-9.760830691256071390e+00,9.000000000000000000e+01,-1.673664360037245369e-06,0.000000000000000000e+00,1.475334561778230442e-19,-2.414043934555272885e-05,3.149175559562663910e-26
1.594950000004049252e+04,4.063835582646642062e-22,1.449760715116470422e+01,1.000000014129374222e+03,1.012018746603337007e+02,-1.627450260254141955e-14,5.897344293982790208e-07,-9.884502105500076700e-06,-5.870706281143623111e-22,-9.760878742924061768e+00,9.000000000000000000e+01,-1.623356712418538338e-06,0.000000000000000000e+00,1.475334561419786953e-19,3.064172912753264517e-06,3.140299593054181470e-26
1.595950000004052890e+04,4.063835580643481668e-22,1.450669684510491386e+01,1.000000015073111285e+03,1.012018744366631040e+02,-1.627450260516465027e-14,6.078578207208547089e-07,3.298600363514754080e-05,2.037204418790974543e-21,-9.760822317085706246e+00,9.000000000000000000e+01,-1.610714389226282616e-06,0.000000000000000000e+00,1.475334562119886803e-19,-2.888150706438630182e-05,3.170639868579931797e-26
1.596950000004056528e+04,4.063835578655605052e-22,1.451578653903087890e+01,1.000000015826923800e+03,1.012018743993733807e+02,-1.627450259645824174e-14,6.262511218711228582e-07,3.076078425542376260e-05,1.901876793180966082e-21,-9.760793831425520040e+00,9.000000000000000000e+01,-1.673128143962388076e-06,0.000000000000000000e+00,1.475334561306763995e-19,-4.500875322622037558e-05,3.157905437304671791e-26
1.597950000004060166e+04,4.063835576674957257e-22,1.452487623294271124e+01,1.000000016524493731e+03,1.012018742382371244e+02,-1.627450259537590564e-14,6.449132348057166928e-07,5.351659177176511904e-06,3.458553009027860545e-22,-9.760825414153657675e+00,9.000000000000000000e+01,-1.716070415716386490e-06,0.000000000000000000e+00,1.475334560923246343e-19,-2.712808625283344996e-05,3.169099404709341593e-26
1.598950000004063804e+04,4.063835574707802725e-22,1.453396592684030963e+01,1.000000017160177208e+03,1.012018740058622939e+02,-1.627450259872870333e-14,6.638447959113137189e-07,-1.605318222724976958e-05,-9.649286694507308140e-22,-9.760849698592158674e+00,9.000000000000000000e+01,-1.633762444114351418e-06,0.000000000000000000e+00,1.475334560982193762e-19,-1.337937260190068507e-05,3.142611896013922315e-26
1.599950000004067442e+04,4.063835572750557141e-22,1.454305562072303637e+01,1.000000018105777031e+03,1.012018738100461519e+02,-1.627450259989947389e-14,6.830425697097837606e-07,2.649733833985101297e-05,1.640433162810917154e-21,-9.760828789773835723e+00,9.000000000000000000e+01,-1.613385164603401341e-06,1.895758319773387099e-24,1.475334561548594592e-19,-2.521697162497906560e-05,3.157283503410391475e-26
1.600950000004071080e+04,4.063835570795751413e-22,1.455214531459143146e+01,1.000000018896441929e+03,1.012018736784742288e+02,-1.627450259714975090e-14,7.025000902563169935e-07,6.005026179310659804e-06,3.864985311927582770e-22,-9.760852430387597423e+00,9.000000000000000000e+01,-1.723206359088592828e-06,0.000000000000000000e+00,1.475334561069646871e-19,-1.183275533048537781e-05,3.134930261633399425e-26
1.601950000004074718e+04,4.063835568853917030e-22,1.456123500844602603e+01,1.000000019595874505e+03,1.012018735017364861e+02,-1.627450259723585664e-14,7.222237062126766998e-07,-1.857267464066440288e-05,-1.119387583192335389e-21,-9.760949037850544130e+00,9.000000000000000000e+01,-1.548245776283031494e-06,1.895758319773387099e-24,1.475334560800211197e-19,4.286187496319064709e-05,3.114895789545305015e-26
1.602950000004078356e+04,4.063835566912771017e-22,1.457032470228686982e+01,1.000000020300773940e+03,1.012018734465360694e+02,-1.627450258988537063e-14,7.422086487405569810e-07,4.710900384176131976e-05,2.903571850589797325e-21,-9.760828718712142305e+00,9.000000000000000000e+01,-1.723080383678769383e-06,0.000000000000000000e+00,1.475334560856014777e-19,-2.525719533996702312e-05,3.138208571499654812e-26
1.603950000004081994e+04,4.063835564981810897e-22,1.457941439611379764e+01,1.000000020977165605e+03,1.012018731922699573e+02,-1.627450259478019575e-14,7.624563726856833694e-07,-2.768367108959433952e-07,1.838629920175156054e-24,-9.760843266174449084e+00,9.000000000000000000e+01,-1.756650883897242384e-06,-1.895758319773387099e-24,1.475334560767784315e-19,-1.702110730875884857e-05,3.144624571981431588e-26
1.604950000004085632e+04,4.063835563051312511e-22,1.458850408992567083e+01,1.000000021961508310e+03,1.012018730992017197e+02,-1.627450258980746904e-14,7.829622478077821976e-07,3.305361694918154474e-05,2.043115089597538183e-21,-9.760830942288540868e+00,9.000000000000000000e+01,-1.778629305523716348e-06,1.895758319773387099e-24,1.475334560681143467e-19,-2.399831085994052078e-05,3.155227183971146444e-26
1.605950000004089270e+04,4.063835561132412493e-22,1.459759378372350369e+01,1.000000022813957230e+03,1.012018729823499967e+02,-1.627450258635454913e-14,8.037213079831773233e-07,1.477121690595878385e-07,2.750651274093093740e-23,-9.760850037776132027e+00,9.000000000000000000e+01,-1.680750737645295943e-06,0.000000000000000000e+00,1.475334560002318403e-19,-1.318733492247384143e-05,3.144331990009424612e-26
1.606950000004092908e+04,4.063835559231916955e-22,1.460668347750782736e+01,1.000000023534521461e+03,1.012018728855201459e+02,-1.627450258177844906e-14,8.247389150638384846e-07,2.524245792521587046e-05,1.564739920385970956e-21,-9.760859155587345626e+00,9.000000000000000000e+01,-1.854333707718346788e-06,0.000000000000000000e+00,1.475334559860919275e-19,-8.025251112199849546e-06,3.127330006315808637e-26
1.607950000004096546e+04,4.063835557352837044e-22,1.461577317127853703e+01,1.000000024234876037e+03,1.012018726192185483e+02,-1.627450258769497842e-14,8.460121349700202273e-07,1.476936473562396351e-05,9.222108119584968909e-22,-9.760918018475624791e+00,9.000000000000000000e+01,-1.575247311529034293e-06,0.000000000000000000e+00,1.475334560270455999e-19,2.530015511474769128e-05,3.132568757647051294e-26
1.608950000004100184e+04,4.063835555489161750e-22,1.462486286503574995e+01,1.000000024866973945e+03,1.012018724263918443e+02,-1.627450258919901747e-14,8.675398809545328496e-07,-6.328721548787768479e-06,-3.697502980309451612e-22,-9.760881458624403706e+00,9.000000000000000000e+01,-1.561462812984008965e-06,-9.478791598866935495e-25,1.475334560167080747e-19,4.601676442873309828e-06,3.140154372178331537e-26
1.609950000004103822e+04,4.063835553638699954e-22,1.463395255877961887e+01,1.000000025571892024e+03,1.012018723581988553e+02,-1.627450258314586371e-14,8.893206750453863931e-07,7.964050755326928347e-06,5.062100179021083565e-22,-9.760885439666955321e+00,9.000000000000000000e+01,-1.734757446691857256e-06,0.000000000000000000e+00,1.475334559774400001e-19,6.855562754850580583e-06,3.138343203788651192e-26
1.610950000004107460e+04,4.063835551803400154e-22,1.464304225250950431e+01,1.000000026539610644e+03,1.012018721800935026e+02,-1.627450258390605110e-14,9.113469460764869732e-07,1.064526192718892140e-05,6.705069165886148285e-22,-9.760855181304490813e+00,9.000000000000000000e+01,-1.688088328184307163e-06,0.000000000000000000e+00,1.475334559865825581e-19,-1.027531057928709171e-05,3.129209771219032215e-26
1.611950000004111098e+04,4.063835549978597988e-22,1.465213194622619319e+01,1.000000027266684924e+03,1.012018719386871766e+02,-1.627450258860032884e-14,9.336161512766245283e-07,9.198362305712706066e-06,5.813035478192682952e-22,-9.760817382068491810e+00,9.000000000000000000e+01,-1.652706285797022326e-06,0.000000000000000000e+00,1.475334560265154636e-19,-3.167547964969190350e-05,3.168639317670443357e-26
1.612950000004114736e+04,4.063835548170715889e-22,1.466122163993009941e+01,1.000000027942107977e+03,1.012018718020785712e+02,-1.627450258697034657e-14,9.561322835453460124e-07,2.065839285532811545e-06,1.440982565850272623e-22,-9.760843314953069338e+00,9.000000000000000000e+01,-1.570993586809170256e-06,0.000000000000000000e+00,1.475334560034010062e-19,-1.699349116727505261e-05,3.166824390897256621e-26
1.613950000004118374e+04,4.063835546382787100e-22,1.467031133362119988e+01,1.000000028615696351e+03,1.012018716687942685e+02,-1.627450258524713357e-14,9.788907899124217759e-07,-2.262545428849219796e-05,-1.367185195180312832e-21,-9.760907709080179018e+00,9.000000000000000000e+01,-1.592602122648408673e-06,0.000000000000000000e+00,1.475334559601619289e-19,1.946345884097704727e-05,3.112164634724352166e-26
1.614950000004122012e+04,4.063835544612787422e-22,1.467940102729993868e+01,1.000000029212739264e+03,1.012018717119673994e+02,-1.627450257281870574e-14,1.001892759206737644e-06,2.106517950544497945e-06,1.474991189309886133e-22,-9.760883366897267877e+00,9.000000000000000000e+01,-1.660826292787673645e-06,0.000000000000000000e+00,1.475334558751358774e-19,5.682063615682588307e-06,3.126705178284676632e-26
1.615950000004125650e+04,4.063835542852847154e-22,1.468849072096589126e+01,1.000000029921345458e+03,1.012018714280759610e+02,-1.627450258047254663e-14,1.025136604507772478e-06,2.778693463020174496e-05,1.719335673619923374e-21,-9.760858775195172754e+00,9.000000000000000000e+01,-1.575506743013292059e-06,0.000000000000000000e+00,1.475334559715109767e-19,-8.240618121293228739e-06,3.143778380252771248e-26
1.616950000004129288e+04,4.063835541104661359e-22,1.469758041461884801e+01,1.000000030766408941e+03,1.012018712810531298e+02,-1.627450257981138968e-14,1.048612886230142191e-06,-3.942201500981812054e-06,-2.228483780411011870e-22,-9.760851400281953971e+00,9.000000000000000000e+01,-1.643177776526794413e-06,0.000000000000000000e+00,1.475334559300796735e-19,-1.241594700721376565e-05,3.131423684605201726e-26
1.617950000004132926e+04,4.063835539365064197e-22,1.470667010825849452e+01,1.000000031665908182e+03,1.012018711651200675e+02,-1.627450257729383477e-14,1.072314030044623131e-06,2.637538534663944880e-05,1.632837873131372873e-21,-9.760858780772469601e+00,9.000000000000000000e+01,-1.540374997557219714e-06,0.000000000000000000e+00,1.475334559401992317e-19,-8.237458288726089985e-06,3.153487181603030570e-26
1.618950000004136564e+04,4.063835537648461584e-22,1.471575980188573318e+01,1.000000032469527810e+03,1.012018709180083533e+02,-1.627450258293616239e-14,1.096245890634808848e-06,3.361373806453429626e-06,2.231513352135901636e-22,-9.760877868693922821e+00,9.000000000000000000e+01,-1.528634247117190500e-06,0.000000000000000000e+00,1.475334559649612500e-19,2.569227256264420906e-06,3.165546150260267404e-26
1.619950000004140202e+04,4.063835535950795246e-22,1.472484949550097078e+01,1.000000033144066151e+03,1.012018708620639416e+02,-1.627450257697644762e-14,1.120405808544292571e-06,-1.018183673030725158e-05,-6.054681066781093093e-22,-9.760849444079626736e+00,9.000000000000000000e+01,-1.562067627262236138e-06,0.000000000000000000e+00,1.475334558959640153e-19,-1.352345536560447063e-05,3.140303187714367466e-26
1.620950000004143840e+04,4.063835534282526140e-22,1.473393918910432809e+01,1.000000033790972111e+03,1.012018707567706599e+02,-1.627450257420119078e-14,1.144792896352521659e-06,1.115872205900341785e-05,7.007170162888851070e-22,-9.760854983109298999e+00,9.000000000000000000e+01,-1.504017135549224554e-06,-9.478791598866935495e-25,1.475334558939278259e-19,-1.038751573755267448e-05,3.151138222089175746e-26
1.621950000004147478e+04,4.063835532621487265e-22,1.474302888269603073e+01,1.000000034479321926e+03,1.012018706077865176e+02,-1.627450257414216821e-14,1.169402547343104040e-06,2.516401962582055248e-05,1.559887063990225682e-21,-9.760888967348629208e+00,9.000000000000000000e+01,-1.729442027374883019e-06,0.000000000000000000e+00,1.475334559082598262e-19,8.852774315500728050e-06,3.115527522624061085e-26
1.622950000004151116e+04,4.063835530979518669e-22,1.475211857627625456e+01,1.000000035073617482e+03,1.012018705316074261e+02,-1.627450256972977571e-14,1.194236011481181432e-06,1.120242514452791015e-05,7.044883203478730976e-22,-9.760889445853104363e+00,9.000000000000000000e+01,-1.710279210863502794e-06,-1.895758319773387099e-24,1.475334558526996602e-19,9.123678343999368746e-06,3.131107417674478178e-26
1.623950000004154754e+04,4.063835529344209955e-22,1.476120826984505285e+01,1.000000035731531625e+03,1.012018702732344622e+02,-1.627450257650894972e-14,1.219288817082839721e-06,4.558373489833876962e-06,2.963014871795668297e-22,-9.760883085465348330e+00,9.000000000000000000e+01,-1.451237255498834761e-06,0.000000000000000000e+00,1.475334559056935004e-19,5.522720221174067869e-06,3.144123452099106421e-26
1.624950000004158392e+04,4.063835527723518278e-22,1.477029796340232259e+01,1.000000036393096707e+03,1.012018702552763898e+02,-1.627450256864977780e-14,1.244561901823637139e-06,-1.748080099115128716e-05,-1.052245312926850786e-21,-9.760907659411524051e+00,9.000000000000000000e+01,-1.603882990325935664e-06,0.000000000000000000e+00,1.475334558103223163e-19,1.943535023720923248e-05,3.112123321536291424e-26
1.625950000004162030e+04,4.063835526115950760e-22,1.477938765694813306e+01,1.000000037182932715e+03,1.012018700617224027e+02,-1.627450257161561713e-14,1.270048583004462026e-06,1.916516099525864911e-05,1.191664890768668931e-21,-9.760891157412512342e+00,9.000000000000000000e+01,-1.647862072017216354e-06,0.000000000000000000e+00,1.475334558767129011e-19,1.009268650740124228e-05,3.137895522385661151e-26
1.626950000004165668e+04,4.063835524521654103e-22,1.478847735048180034e+01,1.000000038022482727e+03,1.012018700146935828e+02,-1.627450256568207992e-14,1.295743918814042714e-06,-1.103499946143380567e-06,-4.971312682198206936e-23,-9.760881415896012214e+00,9.000000000000000000e+01,-1.583365079409189983e-06,-9.478791598866935495e-25,1.475334558005669515e-19,4.577497593659004191e-06,3.139058978676264568e-26
1.627950000004169306e+04,4.063835522949094687e-22,1.479756704400442047e+01,1.000000038772607240e+03,1.012018698444703375e+02,-1.627450256741234219e-14,1.321647650516829889e-06,5.554192592201916064e-06,3.581498993410451543e-22,-9.760883295907223811e+00,9.000000000000000000e+01,-1.606338989206524481e-06,0.000000000000000000e+00,1.475334558228907425e-19,5.641872224920145624e-06,3.136048697598204341e-26
1.628950000004172944e+04,4.063835521395219519e-22,1.480665673751615152e+01,1.000000039488626612e+03,1.012018697865227779e+02,-1.627450256237158727e-14,1.347756985885810712e-06,5.262801297813034503e-06,3.411189892532850738e-22,-9.760924580093711000e+00,9.000000000000000000e+01,-1.754700491433256602e-06,0.000000000000000000e+00,1.475334557767736037e-19,2.901504973849999998e-05,3.114911496264545764e-26
1.629950000004176582e+04,4.063835519857989822e-22,1.481574643101705924e+01,1.000000040183393253e+03,1.012018696329500500e+02,-1.627450256327799791e-14,1.374070456633547698e-06,6.341450518607992252e-06,4.062165427092486401e-22,-9.760853637640531488e+00,9.000000000000000000e+01,-1.719599050302189341e-06,0.000000000000000000e+00,1.475334557855535572e-19,-1.114925522915991075e-05,3.172061131980838722e-26
1.630950000004180220e+04,4.063835518340024126e-22,1.482483612450768007e+01,1.000000040838522864e+03,1.012018695218960715e+02,-1.627450256168636060e-14,1.400587362235652913e-06,1.576542214751740144e-05,9.843103819147488745e-22,-9.760885453089656494e+00,9.000000000000000000e+01,-1.788052144045207335e-06,0.000000000000000000e+00,1.475334557811194887e-19,6.863168533971500083e-06,3.131435693959682672e-26
1.631950000004183858e+04,4.063835516838840727e-22,1.483392581798783638e+01,1.000000041430937131e+03,1.012018693609530970e+02,-1.627450256324288098e-14,1.427305738502000573e-06,-1.678818017921096693e-05,-1.009333613920718902e-21,-9.760908059775879053e+00,9.000000000000000000e+01,-1.800689658238784666e-06,0.000000000000000000e+00,1.475334557587709976e-19,1.966201781502711850e-05,3.114862617909638564e-26
1.632950000004187496e+04,4.063835515360683853e-22,1.484301551145743758e+01,1.000000042113745621e+03,1.012018693722223048e+02,-1.627450255438190304e-14,1.454223863891742144e-06,3.377746461263518124e-05,2.087000552191383194e-21,-9.760829290361924038e+00,9.000000000000000000e+01,-1.832067840281980887e-06,0.000000000000000000e+00,1.475334557342944021e-19,-2.493353695500513103e-05,3.165722671716654116e-26
1.633950000004191133e+04,4.063835513893490579e-22,1.485210520491695263e+01,1.000000042796526145e+03,1.012018691380103519e+02,-1.627450256061177111e-14,1.481335228892877338e-06,2.157292496739192489e-05,1.339994119006035038e-21,-9.760852177050542977e+00,9.000000000000000000e+01,-1.773501488044073603e-06,0.000000000000000000e+00,1.475334557763239472e-19,-1.197616572961608463e-05,3.135497785464705811e-26
1.634950000004194771e+04,4.063835512448336413e-22,1.486119489836620211e+01,1.000000043495930754e+03,1.012018691008882456e+02,-1.627450255489530634e-14,1.508636116603225506e-06,4.100716674647695962e-05,2.528536856160038434e-21,-9.760890534095841176e+00,9.000000000000000000e+01,-1.547623990565024132e-06,0.000000000000000000e+00,1.475334557458306743e-19,9.739805117989488791e-06,3.118221972575080263e-26
1.635950000004198409e+04,4.063835511030871722e-22,1.487028459180587170e+01,1.000000044102231072e+03,1.012018689599378547e+02,-1.627450255569227989e-14,1.536129347055045116e-06,8.930040345125209441e-06,5.652004509025247732e-22,-9.760883703200445183e+00,9.000000000000000000e+01,-1.827336956026584843e-06,-1.895758319773387099e-24,1.475334557172322276e-19,5.872468118479769484e-06,3.140381079720166342e-26
1.636950000004202047e+04,4.063835509630568309e-22,1.487937428523583172e+01,1.000000044770278009e+03,1.012018688245085372e+02,-1.627450255624294898e-14,1.563809753611513612e-06,-6.333320517810300290e-06,-3.698134011236071122e-22,-9.760879746804182133e+00,9.000000000000000000e+01,-1.670383783272159168e-06,0.000000000000000000e+00,1.475334557048980667e-19,3.632539251218120861e-06,3.151888665519604263e-26
1.637950000004205685e+04,4.063835508244453582e-22,1.488846397865620119e+01,1.000000045471535941e+03,1.012018688233343084e+02,-1.627450254865272814e-14,1.591671995933573981e-06,1.892130896890320386e-05,1.176947494104252958e-21,-9.760853658890555451e+00,9.000000000000000000e+01,-1.708289837521340835e-06,0.000000000000000000e+00,1.475334556640298573e-19,-1.113720666072520662e-05,3.150754496756452468e-26
1.638950000004199319e+04,4.063835506888220392e-22,1.489755367206694636e+01,1.000000046111913434e+03,1.012018686611474010e+02,-1.627450255108620942e-14,1.619712169373636738e-06,3.194041155876383208e-06,2.136567034854444023e-22,-9.760823284776591890e+00,9.000000000000000000e+01,-1.639223812724548695e-06,0.000000000000000000e+00,1.475334556681140325e-19,-2.833361647072710145e-05,3.162574989259784059e-26
1.639950000004184767e+04,4.063835505560461907e-22,1.490664336546877067e+01,1.000000046768924221e+03,1.012018685290102837e+02,-1.627450255183769725e-14,1.647929060423801809e-06,1.678349431859609461e-05,1.046127479998864067e-21,-9.760887121208151385e+00,9.000000000000000000e+01,-1.678613862899226483e-06,0.000000000000000000e+00,1.475334556893583639e-19,7.807584073665609225e-06,3.132278259459733910e-26
1.640950000004170215e+04,4.063835504241857231e-22,1.491573305886164569e+01,1.000000047455402068e+03,1.012018684912621751e+02,-1.627450254686069807e-14,1.676319479453719955e-06,-4.546868398851277816e-06,-2.590664620134326518e-22,-9.760922256068631953e+00,9.000000000000000000e+01,-1.815073500507985144e-06,0.000000000000000000e+00,1.475334556207533689e-19,2.769930834154949457e-05,3.105605564656451074e-26
1.641950000004155663e+04,4.063835502947195965e-22,1.492482275224527299e+01,1.000000048175100233e+03,1.012018683154862657e+02,-1.627450255046746479e-14,1.704875845060134171e-06,-2.764084226616834983e-05,-1.673541381054217720e-21,-9.760846054643973702e+00,9.000000000000000000e+01,-1.778148303878129177e-06,0.000000000000000000e+00,1.475334556272895899e-19,-1.544238233551455868e-05,3.153803322227632860e-26
1.642950000004141111e+04,4.063835501685418919e-22,1.493391244562054254e+01,1.000000048810932753e+03,1.012018683040621880e+02,-1.627450254419206367e-14,1.733597553610546566e-06,-1.108422214914665898e-05,-6.598690645120907548e-22,-9.760911522941135843e+00,9.000000000000000000e+01,-1.759892225339778098e-06,0.000000000000000000e+00,1.475334555886977335e-19,2.162271512204293959e-05,3.120841742107550946e-26
1.643950000004126559e+04,4.063835500449935329e-22,1.494300213898735663e+01,1.000000049492809922e+03,1.012018680568753410e+02,-1.627450255249829568e-14,1.762480500315613850e-06,-2.694293105512229683e-06,-1.473418316452920630e-22,-9.760848236661411548e+00,9.000000000000000000e+01,-1.616563632840993719e-06,0.000000000000000000e+00,1.475334556720797149e-19,-1.420702755874879905e-05,3.170235216047241249e-26
1.644950000004112007e+04,4.063835499242534771e-22,1.495209183234607409e+01,1.000000050154449468e+03,1.012018680077491979e+02,-1.627450254883261052e-14,1.791518282471097443e-06,-1.996308098824658780e-06,-1.037647462329820818e-22,-9.760814650686530314e+00,9.000000000000000000e+01,-1.725450202249709151e-06,0.000000000000000000e+00,1.475334556395190284e-19,-3.322183483393783209e-05,3.165920328486289206e-26
1.645950000004097456e+04,4.063835498052829633e-22,1.496118152569674464e+01,1.000000050823409083e+03,1.012018680794409420e+02,-1.627450253786688227e-14,1.820713319523430705e-06,-2.843177877425328119e-06,-1.549042570200822677e-22,-9.760881707785619810e+00,9.000000000000000000e+01,-1.826186613009393190e-06,0.000000000000000000e+00,1.475334555396955035e-19,4.742773052011547399e-06,3.129420805173955071e-26
1.646950000004082904e+04,4.063835496887298773e-22,1.497027121903963298e+01,1.000000051496019637e+03,1.012018677535159270e+02,-1.627450255138029992e-14,1.850058862856462898e-06,-1.739551202756035067e-05,-1.047398397167975779e-21,-9.760949969093234202e+00,9.000000000000000000e+01,-1.575068106356062045e-06,0.000000000000000000e+00,1.475334556446316743e-19,4.338912363690373497e-05,3.122846697375676014e-26
1.647950000004068352e+04,4.063835495744996151e-22,1.497936091237509970e+01,1.000000052125360867e+03,1.012018678144558095e+02,-1.627450254133539007e-14,1.879550268110353343e-06,-1.832783630987784588e-06,-9.348252794240765434e-23,-9.760847084952274599e+00,9.000000000000000000e+01,-1.747398166884553444e-06,0.000000000000000000e+00,1.475334555711497432e-19,-1.485906377021083353e-05,3.145780698740198931e-26
1.648950000004053800e+04,4.063835494625133716e-22,1.498845060570291210e+01,1.000000052775898894e+03,1.012018677486875617e+02,-1.627450253917232716e-14,1.909185407713147081e-06,1.274203515865731619e-05,7.982071205814150500e-22,-9.760885167215057834e+00,9.000000000000000000e+01,-1.662010655017738284e-06,0.000000000000000000e+00,1.475334555673497871e-19,6.701338392329292571e-06,3.128787702088005716e-26
1.649950000004039248e+04,4.063835493525057672e-22,1.499754029902372032e+01,1.000000053455960028e+03,1.012018676669036807e+02,-1.627450253810051447e-14,1.938961951261694352e-06,6.763003502471669960e-06,4.323238534846409251e-22,-9.760783135654362397e+00,9.000000000000000000e+01,-1.773314929428677526e-06,-1.895758319773387099e-24,1.475334555507666154e-19,-5.106416550532816290e-05,3.195602826812993964e-26
1.650950000004024696e+04,4.063835492446816671e-22,1.500662999233712114e+01,1.000000054112989460e+03,1.012018675722367931e+02,-1.627450253793554156e-14,1.968877159263071231e-06,5.024104435193793506e-06,3.261401777898492859e-22,-9.760913224776484043e+00,9.000000000000000000e+01,-1.635020951435150360e-06,9.478791598866935495e-25,1.475334555470015909e-19,2.258621885255926456e-05,3.113526656094527712e-26
1.651950000004010144e+04,4.063835491392300437e-22,1.501571968564364568e+01,1.000000054842839063e+03,1.012018673913272693e+02,-1.627450254318593154e-14,1.998925526872261496e-06,-1.693671222827264114e-05,-1.018121472734384101e-21,-9.760847928197781798e+00,9.000000000000000000e+01,-1.805530208019597598e-06,0.000000000000000000e+00,1.475334555696417882e-19,-1.438165730843083105e-05,3.154447679489908939e-26
1.652950000003995592e+04,4.063835490356942880e-22,1.502480937894322288e+01,1.000000055580995991e+03,1.012018674307900170e+02,-1.627450253504680235e-14,2.029101543568744048e-06,3.240489294743492378e-05,2.002871737487877828e-21,-9.760857373789411540e+00,9.000000000000000000e+01,-1.752924851365689134e-06,0.000000000000000000e+00,1.475334555504423129e-19,-9.033998252698715190e-06,3.147456926028653229e-26
1.653950000003981040e+04,4.063835489344118139e-22,1.503389907223655797e+01,1.000000056250914895e+03,1.012018673913452318e+02,-1.627450253186463212e-14,2.059403003164885252e-06,7.801586484207886950e-06,4.962459475447097237e-22,-9.760777116442747925e+00,9.000000000000000000e+01,-1.806758869015265638e-06,0.000000000000000000e+00,1.475334554944421924e-19,-5.447195776251442627e-05,3.190303073154586310e-26
1.654950000003966488e+04,4.063835488348672848e-22,1.504298876552309316e+01,1.000000056927260061e+03,1.012018672427945205e+02,-1.627450253545774839e-14,2.089831495189755593e-06,8.316702428473437471e-06,5.274598758866968274e-22,-9.760885069039003881e+00,9.000000000000000000e+01,-1.681336341373246876e-06,0.000000000000000000e+00,1.475334555269267324e-19,6.645756564974997129e-06,3.142872343847076101e-26
1.655950000003951936e+04,4.063835487370549641e-22,1.505207845880316420e+01,1.000000057618413166e+03,1.012018672650810629e+02,-1.627450252868752954e-14,2.120383279063068030e-06,-2.557726876559540400e-06,-1.370291019790104474e-22,-9.760881720632895053e+00,9.000000000000000000e+01,-1.871820321023720881e-06,0.000000000000000000e+00,1.475334554538386058e-19,4.750054459201334361e-06,3.121528799394894830e-26
1.656950000003937384e+04,4.063835486413974656e-22,1.506116815207704107e+01,1.000000058327019246e+03,1.012018671548285766e+02,-1.627450253015092331e-14,2.151051804831495942e-06,-6.167627087551030336e-08,1.414449911282713580e-23,-9.760874911110732910e+00,9.000000000000000000e+01,-1.649718218284880976e-06,0.000000000000000000e+00,1.475334554693614808e-19,8.948195637260853422e-07,3.158386658616881855e-26
1.657950000003922833e+04,4.063835485495857144e-22,1.507025784534523005e+01,1.000000059019066384e+03,1.012018670492048642e+02,-1.627450253154386234e-14,2.181836831378748136e-06,6.213965367159220566e-06,3.992679185140666167e-22,-9.760953572655912680e+00,9.000000000000000000e+01,-1.703744723103779762e-06,0.000000000000000000e+00,1.475334554884675484e-19,4.542930694825060480e-05,3.096156761693906457e-26
1.658950000003908281e+04,4.063835484612870457e-22,1.507934753860832444e+01,1.000000059592174352e+03,1.012018670482529927e+02,-1.627450252672219934e-14,2.212730863594025313e-06,2.265080843570248110e-05,1.405192665077729741e-21,-9.760821794238980331e+00,9.000000000000000000e+01,-1.708055036252536682e-06,0.000000000000000000e+00,1.475334554629217729e-19,-2.917747415846246836e-05,3.167199569163785547e-26
1.659950000003893729e+04,4.063835483739257161e-22,1.508843723186640240e+01,1.000000060134846763e+03,1.012018668272769730e+02,-1.627450253542449317e-14,2.243734893482583101e-06,-6.707118216650775124e-06,-3.929950047396727228e-22,-9.760909791621832809e+00,9.000000000000000000e+01,-1.678270744660190242e-06,0.000000000000000000e+00,1.475334555084770216e-19,2.064252809216730593e-05,3.157158523991818662e-26
1.660950000003879177e+04,4.063835482873483002e-22,1.509752692511937511e+01,1.000000060668326910e+03,1.012018669585256134e+02,-1.627450252260294440e-14,2.274849355205029627e-06,-6.614679482507078248e-06,-3.858150711386187000e-22,-9.760909974261194222e+00,9.000000000000000000e+01,-1.882111400084376558e-06,0.000000000000000000e+00,1.475334553931442477e-19,2.074594372398616676e-05,3.130586823630560248e-26
1.661950000003864625e+04,4.063835482035201305e-22,1.510661661836687486e+01,1.000000061379689669e+03,1.012018668301529658e+02,-1.627450252582894058e-14,2.306068101601105450e-06,-1.351220465344656575e-05,-8.087373042278998780e-22,-9.760877602469406611e+00,9.000000000000000000e+01,-1.662580279638969583e-06,0.000000000000000000e+00,1.475334554142251639e-19,2.418544148588404422e-06,3.138580754986191346e-26
1.662950000003850073e+04,4.063835481224679613e-22,1.511570631160951805e+01,1.000000062035778569e+03,1.012018669440498826e+02,-1.627450251437618223e-14,2.337385233219427657e-06,8.444799620881101373e-06,5.351038294845418040e-22,-9.760883479663739593e+00,9.000000000000000000e+01,-1.692821858661198158e-06,0.000000000000000000e+00,1.475334553352130453e-19,5.745947671973123264e-06,3.154257827413799888e-26
1.663950000003835521e+04,4.063835480441672951e-22,1.512479600484718922e+01,1.000000062751779296e+03,1.012018668566423258e+02,-1.627450251540155310e-14,2.368795874481317311e-06,2.332691729261094523e-05,1.447175685673846407e-21,-9.760854828420473694e+00,9.000000000000000000e+01,-1.805346117514634560e-06,0.000000000000000000e+00,1.475334553605281185e-19,-1.047504757689548776e-05,3.149428417457627256e-26
1.664950000003820969e+04,4.063835479682078846e-22,1.513388569808023298e+01,1.000000063505601133e+03,1.012018665842079486e+02,-1.627450252788490459e-14,2.400295419094699262e-06,9.817942931876271292e-06,6.188441024862132031e-22,-9.760848963057243921e+00,9.000000000000000000e+01,-1.613184865991781470e-06,0.000000000000000000e+00,1.475334554574990282e-19,-1.379575205598398669e-05,3.174921455393999269e-26
1.665950000003806417e+04,4.063835478938995264e-22,1.514297539130851966e+01,1.000000064207809032e+03,1.012018667119848487e+02,-1.627450251595499267e-14,2.431879744175976349e-06,2.249050975841626258e-06,1.570118518905652677e-22,-9.760875370008211149e+00,9.000000000000000000e+01,-1.828960870913627862e-06,0.000000000000000000e+00,1.475334553417867738e-19,1.154639601417378982e-06,3.127213716144320821e-26
1.666950000003791865e+04,4.063835478238312234e-22,1.515206508453300493e+01,1.000000064862966497e+03,1.012018665433881068e+02,-1.627450252240620880e-14,2.463547705714544653e-06,-1.201364940858970024e-05,-7.169691255705853742e-22,-9.760911242222510609e+00,9.000000000000000000e+01,-1.749739385907797386e-06,0.000000000000000000e+00,1.475334553837806411e-19,2.146380413054635463e-05,3.125127485156044795e-26
1.667950000003777313e+04,4.063835477561237362e-22,1.516115477775401743e+01,1.000000065454505375e+03,1.012018665973860863e+02,-1.627450251535846236e-14,2.495297111693425070e-06,1.740471686634904573e-05,1.084071091995760210e-21,-9.760845927904220787e+00,9.000000000000000000e+01,-1.771346344191913805e-06,0.000000000000000000e+00,1.475334553525923001e-19,-1.551410550104287658e-05,3.165906043895704879e-26
1.668950000003762761e+04,4.063835476897832079e-22,1.517024447097186091e+01,1.000000065902201413e+03,1.012018666150700739e+02,-1.627450251060850366e-14,2.527125579030937086e-06,1.003096421653904073e-05,6.327647218449460215e-22,-9.760883509669724845e+00,9.000000000000000000e+01,-1.758476191506715551e-06,0.000000000000000000e+00,1.475334553015901363e-19,5.762941635628474586e-06,3.143699220602317329e-26
1.669950000003748210e+04,4.063835476261914556e-22,1.517933416418667036e+01,1.000000066448496682e+03,1.012018665457976567e+02,-1.627450251133654655e-14,2.559033426886331781e-06,-3.143069620845010594e-06,-1.736826606276846605e-22,-9.760849879196310752e+00,9.000000000000000000e+01,-1.853717239887766863e-06,0.000000000000000000e+00,1.475334552934172118e-19,-1.327706095103495009e-05,3.161690084959344329e-26
1.670950000003733658e+04,4.063835475649418052e-22,1.518842385739772993e+01,1.000000067186690899e+03,1.012018664660554492e+02,-1.627450251283473856e-14,2.591010861321523713e-06,-3.514446060258240416e-06,-1.963057999217733141e-22,-9.760879810483926278e+00,9.000000000000000000e+01,-1.830162815249971459e-06,0.000000000000000000e+00,1.475334553062452534e-19,3.668631441285470784e-06,3.143491109708683434e-26
1.671950000003719106e+04,4.063835475060163893e-22,1.519751355060553344e+01,1.000000067838188215e+03,1.012018664043098255e+02,-1.627450251335913227e-14,2.623050503951488254e-06,4.372366552984706780e-06,2.858134303316854057e-22,-9.760851393820344057e+00,9.000000000000000000e+01,-1.714217653558902848e-06,0.000000000000000000e+00,1.475334553194035197e-19,-1.241955855077517009e-05,3.166476068317732999e-26
1.672950000003704554e+04,4.063835474498469434e-22,1.520660324381031892e+01,1.000000068512521693e+03,1.012018663034928636e+02,-1.627450251642796843e-14,2.655153535997392850e-06,-3.472445409157361640e-05,-2.107512419763090040e-21,-9.760871866590949963e+00,9.000000000000000000e+01,-1.694393154451590931e-06,-9.478791598866935495e-25,1.475334553037710593e-19,-8.288304558089376938e-07,3.141190639214647914e-26
1.673950000003690002e+04,4.063835473947808635e-22,1.521569293701185011e+01,1.000000069356821427e+03,1.012018663344870646e+02,-1.627450251148784691e-14,2.687313034347968482e-06,-4.943461580807070936e-06,-2.845958575517985209e-22,-9.760939369178656122e+00,9.000000000000000000e+01,-1.601454878548794178e-06,9.478791598866935495e-25,1.475334552919423347e-19,3.738798544840661890e-05,3.112814568238051959e-26
1.674950000003675450e+04,4.063835473421699211e-22,1.522478263021178968e+01,1.000000069827586458e+03,1.012018663260379441e+02,-1.627450250909798965e-14,2.719527813829769524e-06,5.267599586756872384e-06,3.399686182826828912e-22,-9.760851255237252388e+00,9.000000000000000000e+01,-1.564674460768038363e-06,0.000000000000000000e+00,1.475334552815096684e-19,-1.249800670330044247e-05,3.171703100961434847e-26
1.675950000003660898e+04,4.063835472923110931e-22,1.523387232340938446e+01,1.000000070444783205e+03,1.012018663369296405e+02,-1.627450250567719846e-14,2.751799626067389284e-06,-9.513201905891643904e-06,-5.630483353333320928e-22,-9.760876904696951684e+00,9.000000000000000000e+01,-1.850832044236242691e-06,1.895758319773387099e-24,1.475334552343827405e-19,2.023523897604764112e-06,3.127416196333525903e-26
1.676950000003646346e+04,4.063835472460199845e-22,1.524296201660443018e+01,1.000000071112886076e+03,1.012018662868362355e+02,-1.627450250618703295e-14,2.784119007228962081e-06,-8.259581953104900529e-06,-4.868114407447622242e-22,-9.760847658603374555e+00,9.000000000000000000e+01,-1.785868553311976722e-06,0.000000000000000000e+00,1.475334552401610840e-19,-1.453424697598536481e-05,3.142353867036075174e-26
1.677950000003631794e+04,4.063835472019730827e-22,1.525205170979734781e+01,1.000000071863075732e+03,1.012018662908540847e+02,-1.627450250350837371e-14,2.816480592575620253e-06,1.240047977321529831e-05,7.785472588756144116e-22,-9.760873254225129969e+00,9.000000000000000000e+01,-1.844935931967745636e-06,0.000000000000000000e+00,1.475334552386676698e-19,-4.320048433784687823e-08,3.131139422311975970e-26
1.678950000003617242e+04,4.063835471609032379e-22,1.526114140298839672e+01,1.000000072591025400e+03,1.012018662616537625e+02,-1.627450250302803315e-14,2.848880648050930872e-06,1.470578088748425181e-05,9.188362499692006132e-22,-9.760923874195004402e+00,9.000000000000000000e+01,-1.768593256059638944e-06,0.000000000000000000e+00,1.475334552367192546e-19,2.861546016635447694e-05,3.138721595805208665e-26
1.679950000003602690e+04,4.063835471235576884e-22,1.527023109617894470e+01,1.000000073009282346e+03,1.012018662207328958e+02,-1.627450250347002876e-14,2.881318178502605558e-06,2.125847031862904897e-05,1.320753433583423674e-21,-9.760825368526145240e+00,9.000000000000000000e+01,-1.824876886036003876e-06,0.000000000000000000e+00,1.475334552477743814e-19,-2.715384895418465687e-05,3.152994826210505936e-26
1.680950000003588138e+04,4.063835470894435258e-22,1.527932078936857785e+01,1.000000073546413319e+03,1.012018662726607232e+02,-1.627450249840492643e-14,2.913791113087906993e-06,-9.200171682481146903e-06,-5.444840823150915139e-22,-9.760937568500352768e+00,9.000000000000000000e+01,-1.715301561149908062e-06,0.000000000000000000e+00,1.475334551686483200e-19,3.636854605966097063e-05,3.106126113412079782e-26
1.681950000003573587e+04,4.063835470590296313e-22,1.528841048255733170e+01,1.000000074196960782e+03,1.012018662534687223e+02,-1.627450249790087587e-14,2.946291476875972736e-06,-9.006426090357231334e-06,-5.326608605645890611e-22,-9.760910637554703229e+00,9.000000000000000000e+01,-1.734598317180034117e-06,0.000000000000000000e+00,1.475334551642166830e-19,2.112149843637121385e-05,3.133139173023277043e-26
1.682950000003559035e+04,4.063835470326340937e-22,1.529750017574549936e+01,1.000000074847461633e+03,1.012018661924702343e+02,-1.627450250017829206e-14,2.978809717845270863e-06,-8.775883857907254774e-06,-5.197616261887297404e-22,-9.760907510618894278e+00,9.000000000000000000e+01,-1.581072408372603714e-06,0.000000000000000000e+00,1.475334551848001556e-19,1.935117287692695790e-05,3.150367550684436804e-26
1.683950000003544483e+04,4.063835470093457639e-22,1.530658986892884244e+01,1.000000075342645914e+03,1.012018660595889941e+02,-1.627450250703020851e-14,3.011341015927396992e-06,-8.528766920352428859e-08,1.369287395377005137e-23,-9.760879733325360519e+00,9.000000000000000000e+01,-1.829711278262953617e-06,0.000000000000000000e+00,1.475334552558358427e-19,3.624957470622735350e-06,3.142431473835475959e-26
1.684950000003529931e+04,4.063835469895873025e-22,1.531567956210956005e+01,1.000000075704073538e+03,1.012018661760316860e+02,-1.627450249880879166e-14,3.043883596191851253e-06,6.430348348546473174e-06,4.122640298026023419e-22,-9.760912605967202893e+00,9.000000000000000000e+01,-1.785630698710678086e-06,0.000000000000000000e+00,1.475334551890784645e-19,2.223592010827250457e-05,3.139000385355317872e-26
1.685950000003515379e+04,4.063835469723925943e-22,1.532476925529046952e+01,1.000000076165087535e+03,1.012018661896725291e+02,-1.627450249702436305e-14,3.076431897138194563e-06,-1.374089903327101349e-05,-8.225684913097618627e-22,-9.760872581695785755e+00,9.000000000000000000e+01,-1.814443496236680874e-06,0.000000000000000000e+00,1.475334551508011605e-19,-4.239498706290252346e-07,3.145755767529981910e-26
1.686950000003500827e+04,4.063835469576303131e-22,1.533385894847152464e+01,1.000000076662087849e+03,1.012018660310361895e+02,-1.627450250592352817e-14,3.108977868589230402e-06,-2.527359136365568297e-05,-1.528780513815496647e-21,-9.760873965135322905e+00,9.000000000000000000e+01,-1.813249083453822806e-06,-1.895758319773387099e-24,1.475334552179842896e-19,3.592797618264207760e-07,3.152385383801940418e-26
1.687950000003486275e+04,4.063835469462842065e-22,1.534294864165351058e+01,1.000000077007878531e+03,1.012018661148062506e+02,-1.627450250016833979e-14,3.141518787673360676e-06,9.008204039108231260e-07,7.408944702514024044e-23,-9.760879838324848734e+00,9.000000000000000000e+01,-1.868601447019455127e-06,0.000000000000000000e+00,1.475334551950399880e-19,3.684410340201814981e-06,3.149115757801447004e-26
1.688950000003471723e+04,4.063835469373491329e-22,1.535203833483717339e+01,1.000000077223619428e+03,1.012018661787412697e+02,-1.627450249575978746e-14,3.174059081783967039e-06,-5.873559007253766020e-06,-3.406441079275455921e-22,-9.760877797238951104e+00,9.000000000000000000e+01,-1.843799125391278329e-06,0.000000000000000000e+00,1.475334551479586083e-19,2.528849428527851430e-06,3.139793960358457536e-26
1.689950000003457171e+04,4.063835469309506820e-22,1.536112802802162847e+01,1.000000077639492247e+03,1.012018661355464531e+02,-1.627450249805237187e-14,3.206588216659515903e-06,2.853127712942377423e-05,1.765450367292178859e-21,-9.760885513271736258e+00,9.000000000000000000e+01,-1.787842710880542402e-06,0.000000000000000000e+00,1.475334552063518653e-19,6.897302548524802496e-06,3.153783633793948621e-26
1.690950000003442619e+04,4.063835469289785787e-22,1.537021772120728080e+01,1.000000078129097801e+03,1.012018662640205946e+02,-1.627450249007890347e-14,3.239100696253785494e-06,8.557500730249279804e-06,5.429217232979625114e-22,-9.760881847436934322e+00,9.000000000000000000e+01,-1.896871489250175435e-06,0.000000000000000000e+00,1.475334551127574478e-19,4.821884052101754608e-06,3.154052354494079110e-26
1.691950000003428067e+04,4.063835469303210402e-22,1.537930741439558524e+01,1.000000078409435218e+03,1.012018660940088921e+02,-1.627450250056341395e-14,3.271590110644073752e-06,1.117498221481204097e-05,7.027374561082574786e-22,-9.760785517305501813e+00,9.000000000000000000e+01,-1.765271281194818814e-06,0.000000000000000000e+00,1.475334552097955725e-19,-4.971574089483584639e-05,3.179728374214268467e-26
1.692950000003413516e+04,4.063835469340209792e-22,1.538839710758580992e+01,1.000000078820660747e+03,1.012018661456166342e+02,-1.627450249760937914e-14,3.304056647024882249e-06,-4.779369955643631428e-06,-2.750577595003477835e-22,-9.760880231043863375e+00,9.000000000000000000e+01,-1.681302322160373889e-06,0.000000000000000000e+00,1.475334551657015268e-19,3.906755033165406324e-06,3.174627034835829195e-26
1.693950000003398964e+04,4.063835469407801188e-22,1.539748680077785181e+01,1.000000079332431824e+03,1.012018662961392010e+02,-1.627450248876770621e-14,3.336491763582950974e-06,-2.084325190782935718e-05,-1.257584285573707115e-21,-9.760967432122368947e+00,9.000000000000000000e+01,-1.749638600491051250e-06,0.000000000000000000e+00,1.475334550686492706e-19,5.327593863384411912e-05,3.099685836434699888e-26
1.694950000003384412e+04,4.063835469497707228e-22,1.540657649397269147e+01,1.000000079683754620e+03,1.012018662244165768e+02,-1.627450249365824939e-14,3.368889959805193487e-06,3.439671358998152458e-06,2.287807719194689608e-22,-9.760848648115205251e+00,9.000000000000000000e+01,-1.739620005911065754e-06,0.000000000000000000e+00,1.475334551392971236e-19,-1.397402271965953489e-05,3.170322676041967117e-26
1.695950000003369860e+04,4.063835469612301470e-22,1.541566618717063797e+01,1.000000079903248661e+03,1.012018663605579718e+02,-1.627450248595673290e-14,3.401254585853185214e-06,1.686713354462915105e-05,1.051098736534085838e-21,-9.760890386509858629e+00,9.000000000000000000e+01,-1.781792736098774783e-06,0.000000000000000000e+00,1.475334550849292046e-19,9.656314298007848788e-06,3.154950468140315383e-26
1.696950000003355308e+04,4.063835469754072201e-22,1.542475588037118328e+01,1.000000080418661241e+03,1.012018663151946782e+02,-1.627450248951975887e-14,3.433579560644237600e-06,3.934707928936240506e-06,2.588344214197338972e-22,-9.760839165899515280e+00,9.000000000000000000e+01,-1.704409738921017572e-06,0.000000000000000000e+00,1.475334551027350769e-19,-1.934240401079407351e-05,3.179790050482055869e-26
1.697950000003340756e+04,4.063835469930931439e-22,1.543384557357450504e+01,1.000000080888923208e+03,1.012018663081673395e+02,-1.627450249092918193e-14,3.465856374062243861e-06,-1.124555737183650179e-05,-6.704730770968847518e-22,-9.760905582891979293e+00,9.000000000000000000e+01,-1.677867246771081029e-06,0.000000000000000000e+00,1.475334550987490038e-19,1.825979538649295884e-05,3.140282792249053402e-26
1.698950000003326204e+04,4.063835470140100784e-22,1.544293526678160156e+01,1.000000081199705619e+03,1.012018664430070061e+02,-1.627450248383143434e-14,3.498083745779019404e-06,-4.076803610941345668e-06,-2.307335835741938390e-22,-9.760846039765590731e+00,9.000000000000000000e+01,-1.856705510955407874e-06,0.000000000000000000e+00,1.475334550429610003e-19,-1.545073297352191736e-05,3.154329343063523857e-26
1.699950000003311652e+04,4.063835470360874140e-22,1.545202495999220815e+01,1.000000081656109501e+03,1.012018665252641796e+02,-1.627450248001698894e-14,3.530256985020847205e-06,-1.418640387206424141e-05,-8.497055399552720332e-22,-9.760922877967834310e+00,9.000000000000000000e+01,-1.858576109663544995e-06,0.000000000000000000e+00,1.475334549976451447e-19,2.805147102001741264e-05,3.133881254356270525e-26
1.700950000003297100e+04,4.063835470611349417e-22,1.546111465320635858e+01,1.000000082061821558e+03,1.012018665440559602e+02,-1.627450248025270689e-14,3.562368791931061531e-06,-4.907525577007234457e-06,-2.810846708018613788e-22,-9.760907942091517242e+00,9.000000000000000000e+01,-1.895776080773441845e-06,0.000000000000000000e+00,1.475334550100512872e-19,1.959547445264619541e-05,3.138755998773881737e-26
1.701950000003282548e+04,4.063835470895388348e-22,1.547020434642551301e+01,1.000000082308994592e+03,1.012018665832033406e+02,-1.627450247942706298e-14,3.594425667323177677e-06,-2.034309253599115625e-05,-1.226330848337668514e-21,-9.760880412650804416e+00,9.000000000000000000e+01,-1.883935868027413758e-06,0.000000000000000000e+00,1.475334549857450643e-19,4.009592188080916788e-06,3.136635824466603999e-26
1.702950000003267996e+04,4.063835471200079305e-22,1.547929403964840844e+01,1.000000082772774590e+03,1.012018666032331140e+02,-1.627450247988717714e-14,3.626417933386170218e-06,-2.303592868028792156e-06,-1.212705247196921315e-22,-9.760870420365199251e+00,9.000000000000000000e+01,-1.940630171224249397e-06,0.000000000000000000e+00,1.475334550098197423e-19,-1.647571699651499042e-06,3.125613997115751597e-26
1.703950000003253444e+04,4.063835471517780163e-22,1.548838373287537529e+01,1.000000083241118091e+03,1.012018666217706340e+02,-1.627450248050979035e-14,3.658339525486592792e-06,-1.269430245853055769e-06,-5.872373032504256781e-23,-9.760847524397041397e+00,9.000000000000000000e+01,-1.799161134547748158e-06,0.000000000000000000e+00,1.475334550166309380e-19,-1.461019980241521070e-05,3.142150896876606501e-26
1.704950000003238893e+04,4.063835471853337251e-22,1.549747342610730172e+01,1.000000083569399976e+03,1.012018667066917317e+02,-1.627450247716647792e-14,3.690191332754782324e-06,1.146184671409441447e-05,7.202975074424406237e-22,-9.760914916636702188e+00,9.000000000000000000e+01,-1.743651677025289090e-06,0.000000000000000000e+00,1.475334550007009455e-19,2.354413897742662325e-05,3.135307033691363336e-26
1.705950000003224341e+04,4.063835472218701584e-22,1.550656311934358023e+01,1.000000084069101149e+03,1.012018667461010892e+02,-1.627450247677547113e-14,3.721968831732592248e-06,4.710806766301309150e-06,3.070272963487567659e-22,-9.760912963679993837e+00,9.000000000000000000e+01,-1.758163123148309660e-06,0.000000000000000000e+00,1.475334549898760396e-19,2.243846763576271843e-05,3.133835917691814333e-26
1.706950000003209789e+04,4.063835472612026226e-22,1.551565281258506346e+01,1.000000084420386656e+03,1.012018668115486975e+02,-1.627450247494545267e-14,3.753666041247536598e-06,1.419789665187847976e-05,8.877209625614744337e-22,-9.760821793516459621e+00,9.000000000000000000e+01,-1.864963935685796281e-06,0.000000000000000000e+00,1.475334549839941051e-19,-2.917782078840853500e-05,3.190173377247605974e-26
1.707950000003195237e+04,4.063835473027741213e-22,1.552474250583216886e+01,1.000000084720067662e+03,1.012018667909362506e+02,-1.627450247850579650e-14,3.785285842538030763e-06,-3.649344333687351707e-05,-2.216172720805999015e-21,-9.760939662232145153e+00,9.000000000000000000e+01,-1.719039120011627013e-06,0.000000000000000000e+00,1.475334549603478261e-19,3.755394302451016278e-05,3.133595254253746908e-26
1.708950000003180685e+04,4.063835473468794217e-22,1.553383219908399049e+01,1.000000085230870127e+03,1.012018669495932528e+02,-1.627450247123190573e-14,3.816819201987316123e-06,1.061044260201581521e-05,6.678527855668824691e-22,-9.760789368820036671e+00,9.000000000000000000e+01,-1.732860691102019598e-06,0.000000000000000000e+00,1.475334549469584963e-19,-4.753515891209550317e-05,3.182891095474850738e-26
1.709950000003166133e+04,4.063835473940750967e-22,1.554292189234191923e+01,1.000000085562830805e+03,1.012018670236140707e+02,-1.627450246931093477e-14,3.848260951480388362e-06,2.567272554162724279e-07,3.438685507830735055e-23,-9.760847742729250598e+00,9.000000000000000000e+01,-1.840564679391292049e-06,0.000000000000000000e+00,1.475334549184760388e-19,-1.448657526310199047e-05,3.167613547356429921e-26
1.710950000003151581e+04,4.063835474446079531e-22,1.555201158560551455e+01,1.000000086047779746e+03,1.012018670425232614e+02,-1.627450247094920638e-14,3.879609939500553101e-06,-2.107260728576824333e-06,-1.101143957041016272e-22,-9.760877902229202263e+00,9.000000000000000000e+01,-1.879284090528055206e-06,0.000000000000000000e+00,1.475334549307527588e-19,2.588321545419558684e-06,3.161733155744883572e-26
1.711950000003137029e+04,4.063835474976987793e-22,1.556110127887504291e+01,1.000000086458073952e+03,1.012018671567020647e+02,-1.627450246689412370e-14,3.910854849017202515e-06,8.256198030278678380e-07,6.970182915404827225e-23,-9.760847530492773316e+00,9.000000000000000000e+01,-1.825970029957804089e-06,0.000000000000000000e+00,1.475334548977294881e-19,-1.460672719917261551e-05,3.141192052330021748e-26
1.712950000003122477e+04,4.063835475525067207e-22,1.557019097215152392e+01,1.000000086723668460e+03,1.012018672164225563e+02,-1.627450246626993908e-14,3.942002807913338930e-06,6.699431981407681659e-06,4.280885876789067872e-22,-9.760849806234267234e+00,9.000000000000000000e+01,-1.805285330753562479e-06,0.000000000000000000e+00,1.475334548987383865e-19,-1.331831208476701399e-05,3.188570794507541503e-26
1.713950000003107925e+04,4.063835476081448901e-22,1.557928066543399659e+01,1.000000087222484922e+03,1.012018672555223446e+02,-1.627450246695373318e-14,3.973045670631949028e-06,-3.451237218259621738e-06,-1.922974438360037956e-22,-9.760877789014042349e+00,9.000000000000000000e+01,-1.881942499908572050e-06,0.000000000000000000e+00,1.475334548939105616e-19,2.524230536108834553e-06,3.143465619653662499e-26
1.714950000003093373e+04,4.063835476665870838e-22,1.558837035872311461e+01,1.000000087630059625e+03,1.012018674057744789e+02,-1.627450246098525575e-14,4.003979589342412734e-06,-1.305248628520432942e-06,-6.064689055380332521e-23,-9.760947653739837193e+00,9.000000000000000000e+01,-1.787354355792531614e-06,0.000000000000000000e+00,1.475334548428544236e-19,4.207838285878393454e-05,3.113948026756775678e-26
1.715950000003078821e+04,4.063835477271692415e-22,1.559746005201882113e+01,1.000000088153788852e+03,1.012018674315772557e+02,-1.627450246275820801e-14,4.034802238246267805e-06,1.742646823147256433e-06,1.245710324706662019e-22,-9.760844323855385696e+00,9.000000000000000000e+01,-1.759993545089710815e-06,0.000000000000000000e+00,1.475334548622963252e-19,-1.642217454276545378e-05,3.187489926161501219e-26
1.716950000003064270e+04,4.063835477895850763e-22,1.560654974532124939e+01,1.000000088612996024e+03,1.012018674655831632e+02,-1.627450246412864873e-14,4.065508251778882207e-06,4.028426595073342318e-07,4.300007548573575674e-23,-9.760907713497697813e+00,9.000000000000000000e+01,-1.780465452463543837e-06,0.000000000000000000e+00,1.475334548733383557e-19,1.946607817655939950e-05,3.145548062445330317e-26
1.717950000003049718e+04,4.063835478543772905e-22,1.561563943863130177e+01,1.000000088853640477e+03,1.012018676504053047e+02,-1.627450245639509818e-14,4.096100746493423377e-06,1.545822672622356697e-05,9.655130087493491016e-22,-9.760881578039377615e+00,9.000000000000000000e+01,-1.838059089302109931e-06,0.000000000000000000e+00,1.475334548206605606e-19,4.669412940007949045e-06,3.141143525206159317e-26
1.718950000003035166e+04,4.063835479201664649e-22,1.562472913194813096e+01,1.000000089406864731e+03,1.012018676640630872e+02,-1.627450245919829963e-14,4.126574244004092620e-06,7.898635425618104645e-06,5.019620163114948130e-22,-9.760909555444198915e+00,9.000000000000000000e+01,-1.743309042230564357e-06,0.000000000000000000e+00,1.475334548377185703e-19,2.050890908058366601e-05,3.143301427372964522e-26
1.719950000003020614e+04,4.063835479873645869e-22,1.563381882527264466e+01,1.000000089769242322e+03,1.012018677776980553e+02,-1.627450245595825856e-14,4.156924486436499851e-06,1.931180699051936467e-06,1.364347541696160510e-22,-9.760877882723850263e+00,9.000000000000000000e+01,-1.831859246783751921e-06,0.000000000000000000e+00,1.475334548022678092e-19,2.577297907309685841e-06,3.174676051387202268e-26
1.720950000003006062e+04,4.063835480570302126e-22,1.564290851860434906e+01,1.000000090236691790e+03,1.012018677225928087e+02,-1.627450246318583058e-14,4.187151734570184410e-06,8.504386091423355427e-06,5.388039487338096601e-22,-9.760914193729453459e+00,9.000000000000000000e+01,-1.770037151551711073e-06,0.000000000000000000e+00,1.475334548746343862e-19,2.313488630256414582e-05,3.153740142259584365e-26
1.721950000002991510e+04,4.063835481290333323e-22,1.565199821194374152e+01,1.000000090672811439e+03,1.012018678994418224e+02,-1.627450245633976117e-14,4.217249679815104405e-06,-2.084702558077666535e-05,-1.258995554739453411e-21,-9.760901592640403024e+00,9.000000000000000000e+01,-1.698510776875525908e-06,0.000000000000000000e+00,1.475334547810809669e-19,1.600074782525865688e-05,3.145696168154383879e-26
1.722950000002976958e+04,4.063835482030930499e-22,1.566108790529195360e+01,1.000000090959565682e+03,1.012018680228280942e+02,-1.627450245288186827e-14,4.247217704237411079e-06,2.722918755424379775e-06,1.845235430587844090e-22,-9.760878006496353620e+00,9.000000000000000000e+01,-1.834343641656536692e-06,0.000000000000000000e+00,1.475334547761949789e-19,2.647377923091495562e-06,3.191854665141181981e-26
1.723950000002962406e+04,4.063835482801719542e-22,1.567017759864716631e+01,1.000000091505367322e+03,1.012018681590329692e+02,-1.627450244880473535e-14,4.277050673322630819e-06,-4.069246136845591725e-06,-2.307533327046331291e-22,-9.760875686475149138e+00,9.000000000000000000e+01,-1.792200248905209520e-06,0.000000000000000000e+00,1.475334547323608375e-19,1.333895940592569152e-06,3.157885931008891295e-26
1.724950000002947854e+04,4.063835483604393635e-22,1.567926729201134073e+01,1.000000091852070796e+03,1.012018682046184210e+02,-1.627450245045296555e-14,4.306744345099655142e-06,2.399023823216603631e-06,1.650975419190851501e-22,-9.760907715631319093e+00,9.000000000000000000e+01,-1.757832599905812074e-06,0.000000000000000000e+00,1.475334547545363560e-19,1.946730751716839862e-05,3.155650557702329333e-26
1.725950000002933302e+04,4.063835484434397971e-22,1.568835698538361356e+01,1.000000092402547580e+03,1.012018683073095389e+02,-1.627450244875772555e-14,4.336289530462433636e-06,-5.273655700972885772e-06,-3.047024098442678128e-22,-9.760936126615538555e+00,9.000000000000000000e+01,-1.879246509093938904e-06,0.000000000000000000e+00,1.475334547311359460e-19,3.555228071712823436e-05,3.165277164144763495e-26
1.726950000002918750e+04,4.063835485289224515e-22,1.569744667876544675e+01,1.000000092676356417e+03,1.012018683452752299e+02,-1.627450245116125851e-14,4.365687761505532500e-06,5.570215513430880043e-06,3.598033744968095618e-22,-9.760818065951346156e+00,9.000000000000000000e+01,-1.972658738533148595e-06,0.000000000000000000e+00,1.475334547649406147e-19,-3.128815065343418163e-05,3.195544810059867327e-26
1.727950000002904198e+04,4.063835486178675952e-22,1.570653637215613152e+01,1.000000093093104624e+03,1.012018684786709315e+02,-1.627450244791201617e-14,4.394938655532537433e-06,-9.699152201848922642e-06,-5.756888945362355980e-22,-9.760843919248106459e+00,9.000000000000000000e+01,-1.840107493739159638e-06,0.000000000000000000e+00,1.475334547192401027e-19,-1.665121900308643837e-05,3.190540786908902452e-26
1.728950000002889647e+04,4.063835487088706532e-22,1.571562606555585973e+01,1.000000093532837923e+03,1.012018685913627678e+02,-1.627450244604460886e-14,4.424031604059638947e-06,-5.717605015177984690e-06,-3.315673385892884166e-22,-9.760908087548086698e+00,9.000000000000000000e+01,-1.807094786478503061e-06,0.000000000000000000e+00,1.475334547071473571e-19,1.967787850670782462e-05,3.148620429602954416e-26
1.729950000002875095e+04,4.063835488014526824e-22,1.572471575896479123e+01,1.000000094025246767e+03,1.012018687850625298e+02,-1.627450243930654082e-14,4.452967325612093458e-06,5.368108159402137319e-06,3.473883094787847339e-22,-9.760848083494090943e+00,9.000000000000000000e+01,-1.963148294813511571e-06,0.000000000000000000e+00,1.475334546591225847e-19,-1.429360569077939221e-05,3.186681821118519166e-26
1.730950000002860543e+04,4.063835488962103164e-22,1.573380545238314454e+01,1.000000094475196647e+03,1.012018688292844502e+02,-1.627450244183937123e-14,4.481738376585305789e-06,-7.456867623416705159e-06,-4.378429748966512695e-22,-9.760805901843184529e+00,9.000000000000000000e+01,-1.908871060507963647e-06,0.000000000000000000e+00,1.475334546680731755e-19,-3.817488702966978585e-05,3.191267934344333895e-26
1.731950000002845991e+04,4.063835489945315321e-22,1.574289514581159111e+01,1.000000094861509297e+03,1.012018689352275942e+02,-1.627450244079028720e-14,4.510344832524240376e-06,1.200540410243966952e-05,7.526636929463323148e-22,-9.760879869268679343e+00,9.000000000000000000e+01,-1.786973605230504420e-06,0.000000000000000000e+00,1.475334546803563475e-19,3.702011729855712884e-06,3.192978389649798167e-26
1.732950000002831439e+04,4.063835490950056422e-22,1.575198483925002613e+01,1.000000095318853823e+03,1.012018691357712186e+02,-1.627450243406736213e-14,4.538779646464844616e-06,4.943033738051394709e-05,3.044222962206687180e-21,-9.760827445803766267e+00,9.000000000000000000e+01,-1.726334803562155259e-06,0.000000000000000000e+00,1.475334546614628784e-19,-2.597769689546862497e-05,3.193466967144565557e-26
1.733950000002816887e+04,4.063835491979836023e-22,1.576107453269876046e+01,1.000000095718996590e+03,1.012018690531473908e+02,-1.627450244482233831e-14,4.567042734551713927e-06,-1.446172224270037000e-05,-8.672771293683770292e-22,-9.760841731167641200e+00,9.000000000000000000e+01,-1.805080782920888124e-06,0.000000000000000000e+00,1.475334546881326748e-19,-1.788999687191081199e-05,3.177426501935380858e-26
1.734950000002802335e+04,4.063835493043437418e-22,1.577016422615768931e+01,1.000000096211330970e+03,1.012018692357790712e+02,-1.627450243952152119e-14,4.595126049454585855e-06,-2.397995442201399129e-05,-1.450290313999560596e-21,-9.760899696304386808e+00,9.000000000000000000e+01,-1.703515545055652218e-06,0.000000000000000000e+00,1.475334546303937766e-19,1.492716053416336489e-05,3.176116165267613156e-26
1.735950000002787783e+04,4.063835494138465889e-22,1.577925391962797441e+01,1.000000096518350801e+03,1.012018693325858294e+02,-1.627450243965007396e-14,4.623028051877221032e-06,-1.998305277122518968e-05,-1.205328320446753696e-21,-9.760940953568114864e+00,9.000000000000000000e+01,-1.737301737770403280e-06,0.000000000000000000e+00,1.475334546363082833e-19,3.828509681771384316e-05,3.143279211908944717e-26
1.736950000002773231e+04,4.063835495237403584e-22,1.578834361310874002e+01,1.000000097070625088e+03,1.012018695367893883e+02,-1.627450243322601358e-14,4.650742910424070659e-06,2.413313191681572530e-05,1.496630440507836665e-21,-9.760881878956674029e+00,9.000000000000000000e+01,-1.909683068840359701e-06,0.000000000000000000e+00,1.475334546275006205e-19,4.839819619915363026e-06,3.165281943363072335e-26
1.737950000002758679e+04,4.063835496352863557e-22,1.579743330660078904e+01,1.000000097422804629e+03,1.012018696458257097e+02,-1.627450243271793036e-14,4.678271194167910801e-06,3.215815917972047702e-05,1.985991675054197990e-21,-9.760823323847958477e+00,9.000000000000000000e+01,-1.638899167147102452e-06,0.000000000000000000e+00,1.475334546320928801e-19,-2.831134413416325766e-05,3.206912147643951669e-26
1.738950000002744127e+04,4.063835497484260413e-22,1.580652300010321021e+01,1.000000098044387983e+03,1.012018697989734335e+02,-1.627450242959932339e-14,4.705607580614932649e-06,6.790360676164738063e-06,4.337486822017460026e-22,-9.760877790615552385e+00,9.000000000000000000e+01,-1.802442703645894912e-06,0.000000000000000000e+00,1.475334545765630476e-19,2.525196375518181365e-06,3.178774693354256609e-26
1.739950000002729575e+04,4.063835498627927079e-22,1.581561269361765021e+01,1.000000098320972143e+03,1.012018697954272994e+02,-1.627450243614088933e-14,4.732753291343473446e-06,-1.381217084662644184e-05,-8.270958792797598210e-22,-9.760871652648567931e+00,9.000000000000000000e+01,-1.818019864587143181e-06,0.000000000000000000e+00,1.475334546130450718e-19,-9.498353745062764514e-07,3.153690546605896269e-26
1.740950000002715024e+04,4.063835499791032660e-22,1.582470238714290467e+01,1.000000098853893633e+03,1.012018700361964250e+02,-1.627450242783156498e-14,4.759705231307728295e-06,-2.475585245567693562e-05,-1.497661642352791294e-21,-9.760902436840160235e+00,9.000000000000000000e+01,-1.788628918553362590e-06,0.000000000000000000e+00,1.475334545267441510e-19,1.647874129529229822e-05,3.158619256920790703e-26
1.741950000002700472e+04,4.063835500967293433e-22,1.583379208068019750e+01,1.000000099240178201e+03,1.012018701510136509e+02,-1.627450242730777396e-14,4.786458513307044784e-06,1.487888705900956949e-06,1.099004425058624852e-22,-9.760846002700114710e+00,9.000000000000000000e+01,-1.954945109956830611e-06,1.895758319773387099e-24,1.475334545513017319e-19,-1.547163101732217702e-05,3.181155266459720168e-26
1.742950000002685920e+04,4.063835502161306522e-22,1.584288177422841493e+01,1.000000099840424923e+03,1.012018703154305967e+02,-1.627450242384386995e-14,4.813012184919126103e-06,-1.767864529536526783e-05,-1.063823700091154521e-21,-9.760901883287495195e+00,9.000000000000000000e+01,-1.868779863414866482e-06,0.000000000000000000e+00,1.475334544994914719e-19,1.616535358885092934e-05,3.156377820636598194e-26
1.743950000002671368e+04,4.063835503373256714e-22,1.585197146778914856e+01,1.000000100146522755e+03,1.012018704720808842e+02,-1.627450242095451543e-14,4.839364550041655531e-06,2.111018461839843564e-05,1.310351754806056322e-21,-9.760911814580264689e+00,9.000000000000000000e+01,-1.782666218192054510e-06,0.000000000000000000e+00,1.475334545165871335e-19,2.178798993932269462e-05,3.175093104410335074e-26
1.744950000002656816e+04,4.063835504606017388e-22,1.586106116136130950e+01,1.000000100679453453e+03,1.012018705849642117e+02,-1.627450242086075773e-14,4.865511742398919348e-06,-6.939192594081867866e-06,-4.067552361943407487e-22,-9.760842698833981146e+00,9.000000000000000000e+01,-1.804774304671782283e-06,0.000000000000000000e+00,1.475334544853000164e-19,-1.734211256340309820e-05,3.180900560269796153e-26
1.745950000002642264e+04,4.063835505859549988e-22,1.587015085494603994e+01,1.000000101073151427e+03,1.012018707590167423e+02,-1.627450241713653277e-14,4.891450370557746475e-06,1.985700312581850573e-05,1.234723934919819256e-21,-9.760849859719920474e+00,9.000000000000000000e+01,-1.919746165741448259e-06,0.000000000000000000e+00,1.475334544817472294e-19,-1.328795108093775026e-05,3.167466458302246595e-26
1.746950000002627712e+04,4.063835507139886680e-22,1.587924054854230071e+01,1.000000101673360859e+03,1.012018708165542904e+02,-1.627450242069505592e-14,4.917174942718543195e-06,-5.097031670008013326e-06,-2.938754045151313322e-22,-9.760873842904224773e+00,9.000000000000000000e+01,-1.845398842618304593e-06,0.000000000000000000e+00,1.475334544866646341e-19,2.902081171088936570e-07,3.176541957146859740e-26
1.747950000002613160e+04,4.063835508443516497e-22,1.588833024215188772e+01,1.000000101954555134e+03,1.012018709913716776e+02,-1.627450241720036424e-14,4.942687809782872164e-06,2.059111261156812469e-06,1.441417673446905041e-22,-9.760875923849862801e+00,9.000000000000000000e+01,-1.855144342051120717e-06,0.000000000000000000e+00,1.475334544635743470e-19,1.468343230804193722e-06,3.185062629616102466e-26
1.748950000002598608e+04,4.063835509764135970e-22,1.589741993577353441e+01,1.000000102529888977e+03,1.012018710433152791e+02,-1.627450242132377491e-14,4.967977712188191404e-06,1.234192834073401529e-05,7.738454776838084135e-22,-9.760787583893201003e+00,9.000000000000000000e+01,-1.815790015866625174e-06,0.000000000000000000e+00,1.475334545123501117e-19,-4.854561564940101693e-05,3.197377821978653780e-26
1.749950000002584056e+04,4.063835511103300042e-22,1.590650962940835633e+01,1.000000102970600096e+03,1.012018713005332984e+02,-1.627450241298044118e-14,4.993047870984406969e-06,-5.445744188402263573e-06,-3.155294751488897840e-22,-9.760906500374902706e+00,9.000000000000000000e+01,-1.811427083621218220e-06,0.000000000000000000e+00,1.475334544182815544e-19,1.877934959825433483e-05,3.170717708214114532e-26
1.750950000002569504e+04,4.063835512468262923e-22,1.591559932305580460e+01,1.000000103521933738e+03,1.012018713810657857e+02,-1.627450241559858849e-14,5.017889257972636234e-06,-2.817426270926946734e-05,-1.707056845367211053e-21,-9.760897642852524925e+00,9.000000000000000000e+01,-1.802098847518172640e-06,0.000000000000000000e+00,1.475334544172445374e-19,1.376463486549837899e-05,3.151548171959926180e-26
1.751950000002554953e+04,4.063835513855853130e-22,1.592468901671706227e+01,1.000000103836366861e+03,1.012018715365614696e+02,-1.627450241375046409e-14,5.042505725396290205e-06,9.218749622401608117e-06,5.826807969021849172e-22,-9.760907530372843866e+00,9.000000000000000000e+01,-1.746451481144725105e-06,0.000000000000000000e+00,1.475334544422340321e-19,1.936249281383331926e-05,3.149405014115248581e-26
1.752950000002540401e+04,4.063835515265181049e-22,1.593377871039131222e+01,1.000000104336999357e+03,1.012018716023385991e+02,-1.627450241751744215e-14,5.066890356422351689e-06,1.558290583154804980e-05,9.724067831295027239e-22,-9.760847440363081162e+00,9.000000000000000000e+01,-1.739707305775962618e-06,0.000000000000000000e+00,1.475334544835290035e-19,-1.465766978134771278e-05,3.167984453003446927e-26
1.753950000002525849e+04,4.063835516688099563e-22,1.594286840407935379e+01,1.000000104868067410e+03,1.012018718088463345e+02,-1.627450241274364723e-14,5.091039146536096004e-06,-1.138474641765973761e-05,-6.785381844509020694e-22,-9.760901862505647841e+00,9.000000000000000000e+01,-1.881555922570368374e-06,0.000000000000000000e+00,1.475334544114592846e-19,1.615361010809339602e-05,3.160274494867531683e-26
1.754950000002511297e+04,4.063835518126207816e-22,1.595195809778101470e+01,1.000000105331744976e+03,1.012018720444393409e+02,-1.627450240627228359e-14,5.114949541232518136e-06,-2.585362987807548362e-05,-1.564888527490027891e-21,-9.760867929687904621e+00,9.000000000000000000e+01,-1.917646668873995653e-06,0.000000000000000000e+00,1.475334543378837533e-19,-3.057555723916225123e-06,3.176471646048427562e-26
1.755950000002496745e+04,4.063835519581062161e-22,1.596104779149687403e+01,1.000000105793662328e+03,1.012018721110954402e+02,-1.627450241023642639e-14,5.138621721116811496e-06,-1.158382681377459693e-05,-6.908084340417185127e-22,-9.760871817800467198e+00,9.000000000000000000e+01,-1.878337837343663513e-06,0.000000000000000000e+00,1.475334543896665447e-19,-8.562936961446286128e-07,3.170380387421950168e-26
1.756950000002482193e+04,4.063835521038635189e-22,1.597013748522632248e+01,1.000000106270331912e+03,1.012018723090588139e+02,-1.627450240617590372e-14,5.162053457313329482e-06,2.586857584416114294e-05,1.602094996811054380e-21,-9.760881711924856319e+00,9.000000000000000000e+01,-1.819392184876663559e-06,0.000000000000000000e+00,1.475334543948613555e-19,4.745302994550522893e-06,3.165734937497560577e-26
1.757950000002467641e+04,4.063835522505149027e-22,1.597922717896929257e+01,1.000000106861339873e+03,1.012018724170543322e+02,-1.627450240767437341e-14,5.185241720748259232e-06,-1.828883215895863557e-05,-1.101841219984441486e-21,-9.760933821706736069e+00,9.000000000000000000e+01,-1.810729015479730651e-06,0.000000000000000000e+00,1.475334543602252629e-19,3.424743561752141064e-05,3.157913066788256008e-26
1.758950000002453089e+04,4.063835523986326922e-22,1.598831687272670798e+01,1.000000107296546958e+03,1.012018725896118951e+02,-1.627450240529961494e-14,5.208184358054430093e-06,-1.136560574620675011e-05,-6.768853555299520421e-22,-9.760942892835066331e+00,9.000000000000000000e+01,-1.862487504921933896e-06,0.000000000000000000e+00,1.475334543470151890e-19,3.938308324220929412e-05,3.144260403523097240e-26
1.759950000002438537e+04,4.063835525486066343e-22,1.599740656649820103e+01,1.000000107826702333e+03,1.012018727505848119e+02,-1.627450240373976872e-14,5.230882390047377980e-06,-2.139058404458436967e-06,-1.130869892116413753e-22,-9.760813983337724764e+00,9.000000000000000000e+01,-1.950966337828069368e-06,0.000000000000000000e+00,1.475334543436224227e-19,-3.359945065787257266e-05,3.200949611600620399e-26
1.760950000002423985e+04,4.063835526992672532e-22,1.600649626028479844e+01,1.000000108267180622e+03,1.012018728092068898e+02,-1.627450240848113830e-14,5.253327780490885807e-06,-2.345526921922429768e-05,-1.417441092396703537e-21,-9.760899423301697908e+00,9.000000000000000000e+01,-1.889684631558628110e-06,0.000000000000000000e+00,1.475334543632716025e-19,1.477266954541952270e-05,3.153253480724226314e-26
1.761950000002409433e+04,4.063835528516612561e-22,1.601558595408694785e+01,1.000000108867408699e+03,1.012018730640829887e+02,-1.627450240130293320e-14,5.275523369136985661e-06,7.581943778865700259e-06,4.828375662638541594e-22,-9.760907516610000556e+00,9.000000000000000000e+01,-1.829396632349425729e-06,0.000000000000000000e+00,1.475334543334306181e-19,1.935472180790487044e-05,3.144106251129282557e-26
1.762950000002394881e+04,4.063835530050659960e-22,1.602467564790473986e+01,1.000000109246382522e+03,1.012018733276776885e+02,-1.627450239364839180e-14,5.297465258554608870e-06,1.696786258794453207e-05,1.057729975904008065e-21,-9.760768406639193984e+00,9.000000000000000000e+01,-2.037087769048741603e-06,0.000000000000000000e+00,1.475334542755111639e-19,-5.940283378183937947e-05,3.196369838564633000e-26
1.763950000002380330e+04,4.063835531597314772e-22,1.603376534173776591e+01,1.000000109836487127e+03,1.012018735128445286e+02,-1.627450239086341935e-14,5.319151550793977813e-06,-1.111155540810799551e-06,-4.836505167866293613e-23,-9.760873939250240383e+00,9.000000000000000000e+01,-2.008936476007608596e-06,1.895758319773387099e-24,1.475334542311321287e-19,3.448069425084226855e-07,3.143392402893400964e-26
1.764950000002365778e+04,4.063835533168717030e-22,1.604285503558307013e+01,1.000000110289147074e+03,1.012018734864692249e+02,-1.627450240116890258e-14,5.340584098080268943e-06,-1.155608924109512056e-05,-6.894283421853430803e-22,-9.760901862415739316e+00,9.000000000000000000e+01,-1.832974400143947910e-06,0.000000000000000000e+00,1.475334543126929748e-19,1.615358521360285056e-05,3.178373071100445515e-26
1.765950000002351226e+04,4.063835534758429259e-22,1.605194472944335971e+01,1.000000110842315507e+03,1.012018736300408221e+02,-1.627450240116973562e-14,5.361752361625115762e-06,-2.006723034583033727e-05,-1.210873870941841605e-21,-9.760837551657887801e+00,9.000000000000000000e+01,-1.772458673219552721e-06,0.000000000000000000e+00,1.475334543038527156e-19,-2.025615439392020238e-05,3.194192829590305791e-26
1.766950000002336674e+04,4.063835536364475218e-22,1.606103442331963649e+01,1.000000111300516892e+03,1.012018738339078112e+02,-1.627450239756874651e-14,5.382658257587891504e-06,1.293018760322316641e-05,8.097540382453644284e-22,-9.760909536224755101e+00,9.000000000000000000e+01,-1.772149854082201315e-06,0.000000000000000000e+00,1.475334543083340898e-19,2.049814018889559332e-05,3.166774296803780892e-26
1.767950000002322122e+04,4.063835538000741255e-22,1.607012411721127165e+01,1.000000111772585683e+03,1.012018741193173241e+02,-1.627450238914228263e-14,5.403296645095165008e-06,-2.087431079107347678e-05,-1.259814141895399128e-21,-9.760867632120341142e+00,9.000000000000000000e+01,-1.834424682189820217e-06,0.000000000000000000e+00,1.475334541960098591e-19,-3.225993119038005345e-06,3.170245279236034581e-26
1.768950000002307570e+04,4.063835539654231575e-22,1.607921381111858850e+01,1.000000112410606789e+03,1.012018743122290090e+02,-1.627450238647576553e-14,5.423662527691317339e-06,2.311302662601024514e-05,1.433572766652080993e-21,-9.760849933728000138e+00,9.000000000000000000e+01,-1.879944602679864009e-06,0.000000000000000000e+00,1.475334542209811057e-19,-1.324599206425293919e-05,3.193389902548411361e-26
1.769950000002293018e+04,4.063835541322549582e-22,1.608830350504097950e+01,1.000000112805208232e+03,1.012018745174303120e+02,-1.627450238313666562e-14,5.443753399116069262e-06,-6.840290887672452731e-06,-4.001345402712344586e-22,-9.760871674129422360e+00,9.000000000000000000e+01,-1.858016713706169249e-06,0.000000000000000000e+00,1.475334541585997533e-19,-9.375841381441408515e-07,3.164587827839506391e-26
1.770950000002278466e+04,4.063835542998043746e-22,1.609739319897926535e+01,1.000000113446880164e+03,1.012018747346012049e+02,-1.627450237910589248e-14,5.463570220608149808e-06,6.732809624061240814e-06,4.314510396979841337e-22,-9.760905723575705295e+00,9.000000000000000000e+01,-1.907269613059190375e-06,0.000000000000000000e+00,1.475334541378804063e-19,1.833962381566252230e-05,3.135128079946040182e-26
1.771950000002263914e+04,4.063835544673133070e-22,1.610648289293365565e+01,1.000000113953948016e+03,1.012018748258697656e+02,-1.627450238278206949e-14,5.483106826611442647e-06,3.438938530090429260e-05,2.123501489853570587e-21,-9.760810084026084965e+00,9.000000000000000000e+01,-1.811556595807847443e-06,0.000000000000000000e+00,1.475334542018428750e-19,-3.580702251661130824e-05,3.205512354988870599e-26
1.772950000002249362e+04,4.063835546360489383e-22,1.611557258690452343e+01,1.000000114527409892e+03,1.012018749579406460e+02,-1.627450238402730852e-14,5.502364663809205587e-06,-3.857998908814552465e-05,-2.344381803011146715e-21,-9.760923679570050027e+00,9.000000000000000000e+01,-1.815363821539309016e-06,0.000000000000000000e+00,1.475334541333201172e-19,2.850546945904728851e-05,3.163145329505207877e-26
1.773950000002234810e+04,4.063835548060605452e-22,1.612466228089392573e+01,1.000000114969005836e+03,1.012018751714703484e+02,-1.627450238035448890e-14,5.521346374698940943e-06,-1.814904553515637997e-05,-1.093136094246822855e-21,-9.760941730856757204e+00,9.000000000000000000e+01,-1.797644722408938797e-06,0.000000000000000000e+00,1.475334541233673446e-19,3.872526940409132669e-05,3.141807838775249705e-26
1.774950000002220258e+04,4.063835549765271154e-22,1.613375197489441604e+01,1.000000115490844451e+03,1.012018752370969850e+02,-1.627450238576421615e-14,5.540049033909232899e-06,-2.302041304545975303e-05,-1.390936316542513090e-21,-9.760968063943689543e+00,9.000000000000000000e+01,-1.869007260352372368e-06,0.000000000000000000e+00,1.475334541671651100e-19,5.363382909219586428e-05,3.138832056805376171e-26
1.775950000002205707e+04,4.063835551486136109e-22,1.614284166891210504e+01,1.000000116080883913e+03,1.012018755105762011e+02,-1.627450237853600043e-14,5.558469745995573791e-06,1.230073872390018574e-05,7.706383302191391495e-22,-9.760845572344278409e+00,9.000000000000000000e+01,-1.732712222809488869e-06,0.000000000000000000e+00,1.475334541416346938e-19,-1.571518285705313933e-05,3.197025285926351043e-26
1.776950000002191155e+04,4.063835553226040781e-22,1.615193136294632836e+01,1.000000116569539500e+03,1.012018757288727215e+02,-1.627450237479345497e-14,5.576603640264040256e-06,-2.397275541768356300e-06,-1.282936804262090945e-22,-9.760812052403121442e+00,9.000000000000000000e+01,-1.985219028859060027e-06,0.000000000000000000e+00,1.475334540924431689e-19,-3.469260617938678930e-05,3.209472629635093845e-26
1.777950000002176603e+04,4.063835554977232080e-22,1.616102105699703628e+01,1.000000117119960464e+03,1.012018758317093159e+02,-1.627450237818124968e-14,5.594453229596242617e-06,3.262961693119110399e-06,2.178359958741878639e-22,-9.760843905201124215e+00,9.000000000000000000e+01,-1.885669626550935789e-06,0.000000000000000000e+00,1.475334541296626318e-19,-1.665904100359276452e-05,3.198820381844427362e-26
1.778950000002162051e+04,4.063835556730035216e-22,1.617011075106381668e+01,1.000000117671284784e+03,1.012018759910036607e+02,-1.627450237812119527e-14,5.612013643216622169e-06,-2.286631735930219923e-05,-1.381822964410149571e-21,-9.760867758125405302e+00,9.000000000000000000e+01,-1.884201686065471914e-06,0.000000000000000000e+00,1.475334541009617737e-19,-3.154625176517228489e-06,3.177296511413109171e-26
1.779950000002147499e+04,4.063835558501082495e-22,1.617920044514642086e+01,1.000000118313897360e+03,1.012018761579854953e+02,-1.627450237769208965e-14,5.629283526262168766e-06,-2.026493861322440013e-05,-1.222600002184667426e-21,-9.760867747300377317e+00,9.000000000000000000e+01,-1.891591590367883783e-06,0.000000000000000000e+00,1.475334541005456284e-19,-3.160753928748236756e-06,3.178089692690237824e-26
1.780950000002132947e+04,4.063835560291127643e-22,1.618829013924679217e+01,1.000000118726026244e+03,1.012018763518338034e+02,-1.627450237572113330e-14,5.646259459433829999e-06,2.500781697250879557e-06,1.711753894053839037e-22,-9.760909023579259269e+00,9.000000000000000000e+01,-1.791058506107876560e-06,0.000000000000000000e+00,1.475334541084697227e-19,2.020795139776894168e-05,3.169697382270707114e-26
1.781950000002118395e+04,4.063835562084682348e-22,1.619737983336383991e+01,1.000000119342906373e+03,1.012018766310083606e+02,-1.627450236854670843e-14,5.662941559044125449e-06,1.077708026425236425e-05,6.791706926096402243e-22,-9.760875748478465397e+00,9.000000000000000000e+01,-1.935041402315731265e-06,0.000000000000000000e+00,1.475334540537422808e-19,1.369154921932435267e-06,3.148538639771022657e-26
1.782950000002103843e+04,4.063835563884249941e-22,1.620646952749904557e+01,1.000000119951404599e+03,1.012018768386562044e+02,-1.627450236578593192e-14,5.679332703146453405e-06,-1.009001899269539142e-05,-5.989770748255088748e-22,-9.760869973656589593e+00,9.000000000000000000e+01,-1.988850433527730544e-06,0.000000000000000000e+00,1.475334540065738731e-19,-1.900280319582402608e-06,3.170978502146196587e-26
1.783950000002089291e+04,4.063835565682864913e-22,1.621555922164846564e+01,1.000000120504619531e+03,1.012018770604666003e+02,-1.627450236215164973e-14,5.695423483256085466e-06,2.044444629894418117e-05,1.270211132242746377e-21,-9.760841106214323659e+00,9.000000000000000000e+01,-1.952718950679742969e-06,-1.895758319773387099e-24,1.475334540080979818e-19,-1.824366849133305385e-05,3.182394842031021194e-26
1.784950000002074739e+04,4.063835567482924803e-22,1.622464891581511992e+01,1.000000121090989524e+03,1.012018771699338373e+02,-1.627450236540093940e-14,5.711222084460042771e-06,1.040968570265578356e-05,6.564162209315231989e-22,-9.760905414445801398e+00,9.000000000000000000e+01,-1.687096147790315210e-06,0.000000000000000000e+00,1.475334540268453450e-19,1.816464455290139928e-05,3.156670418298711169e-26
1.785950000002060187e+04,4.063835569296158224e-22,1.623373860999916474e+01,1.000000121579663869e+03,1.012018773859421401e+02,-1.627450236220440559e-14,5.726722926210016840e-06,2.540251114641427522e-06,1.744193449004526450e-22,-9.760941514643286965e+00,9.000000000000000000e+01,-1.865898255429022951e-06,0.000000000000000000e+00,1.475334539900721202e-19,3.860289606805913633e-05,3.145071065055091928e-26
1.786950000002045635e+04,4.063835571118173527e-22,1.624282830419959112e+01,1.000000122274896171e+03,1.012018775521135296e+02,-1.627450236210750191e-14,5.741924214927772963e-06,1.518504840953580259e-05,9.478582198381586057e-22,-9.760845832352973872e+00,9.000000000000000000e+01,-1.854098881005104886e-06,0.000000000000000000e+00,1.475334540036890467e-19,-1.556794550203019392e-05,3.196193830578403472e-26
1.787950000002031084e+04,4.063835572936566897e-22,1.625191799841757501e+01,1.000000122751584286e+03,1.012018777915691601e+02,-1.627450235750268100e-14,5.756824436322786263e-06,1.217527508407244330e-05,7.645962813777312088e-22,-9.760876209037430584e+00,9.000000000000000000e+01,-2.044685223627447236e-06,0.000000000000000000e+00,1.475334539596353733e-19,1.629917490580944085e-06,3.177227530063078852e-26
1.788950000002016532e+04,4.063835574764793983e-22,1.626100769265185164e+01,1.000000123429242535e+03,1.012018780482876537e+02,-1.627450235189459940e-14,5.771426706713786638e-06,-2.255888141924003109e-05,-1.362361733940073163e-21,-9.760865883341265814e+00,9.000000000000000000e+01,-2.001424387516553371e-06,0.000000000000000000e+00,1.475334538716535971e-19,-4.215999824129036314e-06,3.176528199338207022e-26
1.789950000002001980e+04,4.063835576595581766e-22,1.627009738690340512e+01,1.000000124003635733e+03,1.012018782745918628e+02,-1.627450234816225865e-14,5.785726967666792413e-06,-8.314263990716933120e-06,-4.907593177551208750e-22,-9.760867241396640637e+00,9.000000000000000000e+01,-1.871182886976680595e-06,0.000000000000000000e+00,1.475334538543870815e-19,-3.447125994171942663e-06,3.178430234434640428e-26
1.790950000001987428e+04,4.063835578435580722e-22,1.627918708117272928e+01,1.000000124577972997e+03,1.012018782771488219e+02,-1.627450235818216160e-14,5.799722610862658370e-06,2.624963507476859364e-05,1.625816328973574399e-21,-9.760846224458934017e+00,9.000000000000000000e+01,-1.886458098778689354e-06,0.000000000000000000e+00,1.475334539830069665e-19,-1.534594475755853474e-05,3.187965822651640108e-26
1.791950000001972876e+04,4.063835580271762143e-22,1.628827677546128072e+01,1.000000125142242723e+03,1.012018787225579501e+02,-1.627450234106395569e-14,5.813417953894526414e-06,7.276038594239636961e-06,4.646512742560043956e-22,-9.760843741118089056e+00,9.000000000000000000e+01,-1.938975086901328213e-06,0.000000000000000000e+00,1.475334538089985942e-19,-1.675187690373275575e-05,3.164722024643663930e-26
1.792950000001958324e+04,4.063835582109107303e-22,1.629736646976334313e+01,1.000000125714773276e+03,1.012018786873419174e+02,-1.627450235338194615e-14,5.826811157980553693e-06,-1.747670320511669867e-05,-1.051168199281370759e-21,-9.760898557625345973e+00,9.000000000000000000e+01,-1.909676834953184110e-06,0.000000000000000000e+00,1.475334538930078510e-19,1.428265930499969564e-05,3.146252866819217896e-26
1.793950000001943772e+04,4.063835583936392583e-22,1.630645616408256870e+01,1.000000126436678670e+03,1.012018788713282760e+02,-1.627450235222201454e-14,5.839902238621538007e-06,3.437763264939277288e-05,2.123064370082921385e-21,-9.760849579081424920e+00,9.000000000000000000e+01,-1.752453976606207791e-06,0.000000000000000000e+00,1.475334539402046902e-19,-1.344670104735987257e-05,3.172511948485549821e-26
1.794950000001929220e+04,4.063835585761289728e-22,1.631554585841980654e+01,1.000000126945637135e+03,1.012018792331592465e+02,-1.627450234016095608e-14,5.852689552501458006e-06,2.908511766180824139e-05,1.800185934162764896e-21,-9.760850269353413822e+00,9.000000000000000000e+01,-2.055804137460594015e-06,0.000000000000000000e+00,1.475334538266744181e-19,-1.305588959253213336e-05,3.180030716681761879e-26
1.795950000001914668e+04,4.063835587592684066e-22,1.632463555277388778e+01,1.000000127575360239e+03,1.012018792259430739e+02,-1.627450235073098224e-14,5.865178136498252383e-06,-2.063520418048322524e-05,-1.245214564981042679e-21,-9.760865651530847842e+00,9.000000000000000000e+01,-1.880873477313475982e-06,0.000000000000000000e+00,1.475334538675040126e-19,-4.347228748552110642e-06,3.181378416847573929e-26
1.796950000001900116e+04,4.063835589422548850e-22,1.633372524714494745e+01,1.000000128200454583e+03,1.012018794917200495e+02,-1.627450234457698681e-14,5.877364334536241577e-06,1.448209099925619176e-05,9.058674598123068812e-22,-9.760875745693423866e+00,9.000000000000000000e+01,-1.910703594337672958e-06,0.000000000000000000e+00,1.475334538514693698e-19,1.367620921552005462e-06,3.151203524764829398e-26
1.797950000001885564e+04,4.063835591235189821e-22,1.634281494153247749e+01,1.000000128896571709e+03,1.012018796137326575e+02,-1.627450234713180120e-14,5.889249244850556387e-06,1.552588831569437383e-05,9.690624941969449090e-22,-9.760905930337587577e+00,9.000000000000000000e+01,-1.871478017006683070e-06,0.000000000000000000e+00,1.475334538761417602e-19,1.845675653115554915e-05,3.170454710056709423e-26
1.798950000001871013e+04,4.063835593037577190e-22,1.635190463593781729e+01,1.000000129404589529e+03,1.012018798282770291e+02,-1.627450234396308263e-14,5.900835529041436777e-06,-1.550504321757279243e-07,9.062555930966351239e-24,-9.760901819150463510e+00,9.000000000000000000e+01,-1.896905075907611564e-06,0.000000000000000000e+00,1.475334538310276939e-19,1.612919834916073586e-05,3.164036909628587273e-26
1.799950000001856461e+04,4.063835594848936872e-22,1.636099433035991169e+01,1.000000130076734308e+03,1.012018800848827595e+02,-1.627450233826859236e-14,5.912121972409796429e-06,-1.969492870213837663e-05,-1.187438908249026987e-21,-9.760865492478695060e+00,9.000000000000000000e+01,-1.858837805702735716e-06,0.000000000000000000e+00,1.475334537589786065e-19,-4.437257632453909183e-06,3.168682195512955446e-26
1.800950000001841909e+04,4.063835596678299015e-22,1.637008402480026348e+01,1.000000130664007770e+03,1.012018801500341993e+02,-1.627450234439727798e-14,5.923108058317160787e-06,2.509970360060922076e-05,1.554768319106473843e-21,-9.760810195649966658e+00,9.000000000000000000e+01,-1.829034736115550105e-06,0.000000000000000000e+00,1.475334538638830717e-19,-3.574374308641631277e-05,3.214285777259532239e-26
1.801950000001827357e+04,4.063835598513343968e-22,1.637917371925480126e+01,1.000000131328003476e+03,1.012018805176270320e+02,-1.627450233203767669e-14,5.933792412716866693e-06,8.715145694457892195e-06,5.519306618828951257e-22,-9.760873684987471322e+00,9.000000000000000000e+01,-1.829646191391951978e-06,0.000000000000000000e+00,1.475334537354566704e-19,2.009662097615385418e-07,3.171293763184666675e-26
1.802950000001812805e+04,4.063835600371086307e-22,1.638826341372769591e+01,1.000000131828645294e+03,1.012018804624450325e+02,-1.627450234569124021e-14,5.944174218978142692e-06,-2.564863951175639896e-05,-1.551343897366810500e-21,-9.760863509679969852e+00,9.000000000000000000e+01,-1.947013442692196602e-06,0.000000000000000000e+00,1.475334538209176450e-19,-5.559823351937636896e-06,3.157960855440291968e-26
1.803950000001798253e+04,4.063835602238522712e-22,1.639735310821797043e+01,1.000000132528422455e+03,1.012018808140710036e+02,-1.627450233448916608e-14,5.954247417310114059e-06,8.251967490413956392e-06,5.242199426378241049e-22,-9.760903886682621433e+00,9.000000000000000000e+01,-1.939614912725488715e-06,0.000000000000000000e+00,1.475334537581966067e-19,1.729975820035806956e-05,3.151598513592506977e-26
1.804950000001783701e+04,4.063835604114878298e-22,1.640644280272513811e+01,1.000000133209787350e+03,1.012018809759739781e+02,-1.627450233495285852e-14,5.964012229490587281e-06,-4.425136080257909468e-06,-2.525941435384584624e-22,-9.760862422460807153e+00,9.000000000000000000e+01,-1.838662020691965722e-06,0.000000000000000000e+00,1.475334537490192616e-19,-6.175349943132724547e-06,3.179265919123251136e-26
1.805950000001769149e+04,4.063835606001462095e-22,1.641553249725019725e+01,1.000000133745465405e+03,1.012018813326896662e+02,-1.627450232354497057e-14,5.973466196698011316e-06,-1.127340146432109213e-05,-6.710499275162453492e-22,-9.760867753941541380e+00,9.000000000000000000e+01,-1.992153655842148404e-06,0.000000000000000000e+00,1.475334536396586520e-19,-3.156899244818137705e-06,3.157222695481932916e-26
1.806950000001754597e+04,4.063835607893379816e-22,1.642462219179251193e+01,1.000000134448008566e+03,1.012018813649397515e+02,-1.627450233203371976e-14,5.982610659849947511e-06,2.742958302238221129e-05,1.698432968096393053e-21,-9.760908076317411641e+00,9.000000000000000000e+01,-1.905485372771764215e-06,0.000000000000000000e+00,1.475334537590835215e-19,1.967174104090174604e-05,3.144794182059365648e-26
1.807950000001740045e+04,4.063835609791301021e-22,1.643371188635271807e+01,1.000000135049167966e+03,1.012018815141778845e+02,-1.627450233339228970e-14,5.991441487010839661e-06,-8.906449948304232529e-06,-5.263908227177058612e-22,-9.760901576347674080e+00,9.000000000000000000e+01,-1.909431143465150561e-06,0.000000000000000000e+00,1.475334537319415353e-19,1.599176027085389817e-05,3.148699874003225593e-26
1.808950000001725493e+04,4.063835611687095052e-22,1.644280158093081923e+01,1.000000135826375299e+03,1.012018817452219537e+02,-1.627450232973025538e-14,5.999957790953741024e-06,-3.599771232925776847e-05,-2.185864105520169674e-21,-9.760891275425008118e+00,9.000000000000000000e+01,-1.814452300012039015e-06,0.000000000000000000e+00,1.475334536698566076e-19,1.015986477966460254e-05,3.162273843656568571e-26
1.809950000001710941e+04,4.063835613584303908e-22,1.645189127552806596e+01,1.000000136339021878e+03,1.012018820157917247e+02,-1.627450232365664803e-14,6.008163045091814999e-06,-7.590734053844306966e-06,-4.466435539027242915e-22,-9.760807835635787910e+00,9.000000000000000000e+01,-1.930904569341520259e-06,0.000000000000000000e+00,1.475334536471705251e-19,-3.707983736586467855e-05,3.215085960995173781e-26
1.810950000001696390e+04,4.063835615490567362e-22,1.646098097013983619e+01,1.000000137052601190e+03,1.012018821873982262e+02,-1.627450232369133267e-14,6.016057360222179493e-06,-1.739934875022008926e-05,-1.045863418609622687e-21,-9.760858113308303885e+00,9.000000000000000000e+01,-1.983954389428835430e-06,0.000000000000000000e+00,1.475334536373395434e-19,-8.614962854794712391e-06,3.157079942421449675e-26
1.811950000001681838e+04,4.063835617410854463e-22,1.647007066477031145e+01,1.000000137644493975e+03,1.012018823472245828e+02,-1.627450232452469795e-14,6.023635311562381698e-06,-1.086914880862264784e-05,-6.474076791238692362e-22,-9.760897444231501296e+00,9.000000000000000000e+01,-1.795010281688501299e-06,0.000000000000000000e+00,1.475334536526113012e-19,1.365236368639358288e-05,3.164070884900888915e-26
1.812950000001667286e+04,4.063835619331611762e-22,1.647916035941821278e+01,1.000000138397747605e+03,1.012018825427271196e+02,-1.627450232317832696e-14,6.030895706276740513e-06,2.115210241401337970e-05,1.313007958702530533e-21,-9.760815023275874580e+00,9.000000000000000000e+01,-1.863726776248019272e-06,0.000000000000000000e+00,1.475334536763597749e-19,-3.301052951547086959e-05,3.220846567489039093e-26
1.813950000001652734e+04,4.063835621264133879e-22,1.648825005408462019e+01,1.000000138933425774e+03,1.012018826998932610e+02,-1.627450232424277169e-14,6.037839963358890657e-06,6.312730041557826840e-06,4.047627294330568804e-22,-9.760841923362654882e+00,9.000000000000000000e+01,-1.916756113563185802e-06,0.000000000000000000e+00,1.475334536702394825e-19,-1.778095059184368686e-05,3.199698092214292352e-26
1.814950000001638182e+04,4.063835623192342872e-22,1.649733974876781062e+01,1.000000139675624723e+03,1.012018829428413653e+02,-1.627450232003053529e-14,6.044464999285844911e-06,1.347179293466551581e-05,8.441145064866556247e-22,-9.760843723466733124e+00,9.000000000000000000e+01,-1.936012820048762517e-06,0.000000000000000000e+00,1.475334536409267806e-19,-1.676181139198467887e-05,3.160624158548658831e-26
1.815950000001623630e+04,4.063835625115945807e-22,1.650642944346910213e+01,1.000000140339387599e+03,1.012018831271224428e+02,-1.627450231938563519e-14,6.050773594334686730e-06,-2.253551595367407582e-05,-1.361288783823528766e-21,-9.760863392757954671e+00,9.000000000000000000e+01,-1.877626690761325782e-06,0.000000000000000000e+00,1.475334535961461167e-19,-5.625978005668999062e-06,3.172732233597406284e-26
1.816950000001609078e+04,4.063835627044761825e-22,1.651551913818925854e+01,1.000000140984794143e+03,1.012018833364854942e+02,-1.627450231723294737e-14,6.056758720823032635e-06,1.006966487188986705e-05,6.341515761139663343e-22,-9.760950685977134000e+00,9.000000000000000000e+01,-1.706296342180311865e-06,-9.478791598866935495e-25,1.475334536132868692e-19,4.379536788600052916e-05,3.156305686508069270e-26
1.817950000001594526e+04,4.063835628964146617e-22,1.652460883292829408e+01,1.000000141674466477e+03,1.012018836194472868e+02,-1.627450231052377688e-14,6.062429395986243427e-06,1.416025028100675693e-05,8.858438728456598097e-22,-9.760842954729863408e+00,9.000000000000000000e+01,-1.955490460584732966e-06,0.000000000000000000e+00,1.475334535581744338e-19,-1.719702018350805110e-05,3.176280145784667202e-26
1.818950000001579974e+04,4.063835630884148309e-22,1.653369852768288695e+01,1.000000142335556461e+03,1.012018837769665680e+02,-1.627450231149733537e-14,6.067780432298529894e-06,3.892436954948683212e-05,2.402070286572798148e-21,-9.760814360505136733e+00,9.000000000000000000e+01,-1.912113648727934436e-06,0.000000000000000000e+00,1.475334535947827750e-19,-3.338573665360347988e-05,3.188852006140265041e-26
1.819950000001565422e+04,4.063835632808668130e-22,1.654278822245493785e+01,1.000000143110034969e+03,1.012018838473101567e+02,-1.627450231783445697e-14,6.072811308739548332e-06,-1.566355151459223393e-05,-9.405121540572122329e-22,-9.760902252474606300e+00,9.000000000000000000e+01,-1.896490738688148030e-06,0.000000000000000000e+00,1.475334535922828939e-19,1.637458732696100787e-05,3.160576697168779089e-26
1.820950000001550870e+04,4.063835634705860999e-22,1.655187791724586788e+01,1.000000143748037544e+03,1.012018842080249641e+02,-1.627450230624007599e-14,6.077524846234984269e-06,-7.342336356983684929e-06,-4.308083766188038659e-22,-9.760865441895342443e+00,9.000000000000000000e+01,-1.920997472286448382e-06,1.895758319773387099e-24,1.475334534979213544e-19,-4.465826791670183446e-06,3.166730110883187381e-26
1.821950000001536318e+04,4.063835636576979052e-22,1.656096761205411028e+01,1.000000144443232557e+03,1.012018843527230700e+02,-1.627450230772816427e-14,6.081928238179347686e-06,-8.347883645693539577e-06,-4.920556771142362892e-22,-9.760897436902025603e+00,9.000000000000000000e+01,-1.886465706665487282e-06,0.000000000000000000e+00,1.475334535107969664e-19,1.364824913130947160e-05,3.139880971147505566e-26
1.822950000001521767e+04,4.063835638423597923e-22,1.657005730687975742e+01,1.000000145115358805e+03,1.012018845339844404e+02,-1.627450230684325482e-14,6.086020419519187472e-06,7.143519477252029267e-06,4.562924396117787125e-22,-9.760878678889215010e+00,9.000000000000000000e+01,-1.934708156518426329e-06,0.000000000000000000e+00,1.475334535204869700e-19,3.028339149594383250e-06,3.159668016561055075e-26
1.823950000001507215e+04,4.063835640257394031e-22,1.657914700172191402e+01,1.000000145900929397e+03,1.012018846878960829e+02,-1.627450230756215007e-14,6.089808655380173235e-06,-8.426792581331768008e-07,-3.269651416641256833e-23,-9.760899894718605196e+00,9.000000000000000000e+01,-1.969919237730472940e-06,0.000000000000000000e+00,1.475334535187555108e-19,1.503975220929215791e-05,3.163587557501271803e-26
1.824950000001492663e+04,4.063835642082115322e-22,1.658823669658140787e+01,1.000000146585023003e+03,1.012018848155853732e+02,-1.627450230983541054e-14,6.093291609085090511e-06,-1.553555842863666166e-05,-9.328362177078622963e-22,-9.760865601890078125e+00,9.000000000000000000e+01,-1.887566305807461048e-06,0.000000000000000000e+00,1.475334535235985987e-19,-4.375244406117288218e-06,3.178397777578287641e-26
1.825950000001478111e+04,4.063835643891567882e-22,1.659732639145877897e+01,1.000000147246085135e+03,1.012018851552561927e+02,-1.627450229904402055e-14,6.096473786758525183e-06,3.595614685035324393e-06,2.383510148772403169e-22,-9.760809517798886503e+00,9.000000000000000000e+01,-1.822753776730595959e-06,0.000000000000000000e+00,1.475334534483019120e-19,-3.612742688818116428e-05,3.196632683539285445e-26
1.826950000001463559e+04,4.063835645697716833e-22,1.660641608635382838e+01,1.000000148038100406e+03,1.012018851879150958e+02,-1.627450230703416231e-14,6.099351482172260636e-06,1.426947743343085528e-06,1.057258197128999569e-22,-9.760869534508344714e+00,9.000000000000000000e+01,-1.825180972507989291e-06,0.000000000000000000e+00,1.475334535182711394e-19,-2.148770708113818058e-06,3.168725740496328072e-26
1.827950000001449007e+04,4.063835647486871427e-22,1.661550578126306377e+01,1.000000148791391439e+03,1.012018854490543305e+02,-1.627450230093994361e-14,6.101927623043333266e-06,-1.766212289120514458e-05,-1.062971313704637400e-21,-9.760969965563942807e+00,9.000000000000000000e+01,-1.840240746258094300e-06,0.000000000000000000e+00,1.475334534431218586e-19,5.471060435654827536e-05,3.146678590481495583e-26
1.828950000001434455e+04,4.063835649262768325e-22,1.662459547618924560e+01,1.000000149545567069e+03,1.012018855996545028e+02,-1.627450230154128281e-14,6.104202523234609366e-06,2.813075416020604567e-05,1.740932017602565484e-21,-9.760875873943001935e+00,9.000000000000000000e+01,-1.858619466984962705e-06,0.000000000000000000e+00,1.475334534994677317e-19,1.440325686944322306e-06,3.170016776501840544e-26
1.829950000001419903e+04,4.063835651033997571e-22,1.663368517113321232e+01,1.000000150155033907e+03,1.012018857964212231e+02,-1.627450229928954247e-14,6.106182820483693950e-06,2.363097086531464148e-05,1.465261943016733855e-21,-9.760876001958587622e+00,9.000000000000000000e+01,-1.885727207312889013e-06,0.000000000000000000e+00,1.475334534748698748e-19,1.512805270596260372e-06,3.175429275812046886e-26
1.830950000001405351e+04,4.063835652780262137e-22,1.664277486609304546e+01,1.000000150970108848e+03,1.012018860030145362e+02,-1.627450229629775593e-14,6.107868562056982967e-06,3.462809290985473091e-05,2.138977910611960355e-21,-9.760877969441466462e+00,9.000000000000000000e+01,-1.859514373294576765e-06,1.895758319773387099e-24,1.475334534606662618e-19,2.626708687613274349e-06,3.165850864021963356e-26
1.831950000001390799e+04,4.063835654506382492e-22,1.665186456106913582e+01,1.000000151640307195e+03,1.012018861633032856e+02,-1.627450229603053087e-14,6.109261778103495724e-06,1.659778338919550063e-05,1.035134983306734087e-21,-9.760873946229081000e+00,9.000000000000000000e+01,-1.928389005032857111e-06,0.000000000000000000e+00,1.475334534389993815e-19,3.489572377362989060e-07,3.167111184178055964e-26
1.832950000001376247e+04,4.063835656212679311e-22,1.666095425606050640e+01,1.000000152487577907e+03,1.012018862848819367e+02,-1.627450229802364159e-14,6.110366169405999377e-06,4.299554770735257978e-06,2.817368989730389413e-22,-9.760828921035066941e+00,9.000000000000000000e+01,-1.850659174728195758e-06,0.000000000000000000e+00,1.475334534439187362e-19,-2.514220606550898030e-05,3.182692334235821683e-26
1.833950000001361695e+04,4.063835657912997565e-22,1.667004395106864933e+01,1.000000153090581307e+03,1.012018864633417081e+02,-1.627450229650080557e-14,6.111181861281940198e-06,-1.080077304686808579e-05,-6.426487651048570931e-22,-9.760865594413521862e+00,9.000000000000000000e+01,-1.919561820792110698e-06,0.000000000000000000e+00,1.475334534141909723e-19,-4.379449615978230764e-06,3.172417995990068170e-26
1.834950000001347144e+04,4.063835659601653034e-22,1.667913364609349003e+01,1.000000153858568524e+03,1.012018867018039145e+02,-1.627450229123856060e-14,6.111714979032302966e-06,-2.246152348860083655e-05,-1.356708454751487347e-21,-9.760893245784886929e+00,9.000000000000000000e+01,-1.825465924763010864e-06,0.000000000000000000e+00,1.475334533546472369e-19,1.127546872289884227e-05,3.153992267587470433e-26
1.835950000001332592e+04,4.063835661282183956e-22,1.668822334113543349e+01,1.000000154568487801e+03,1.012018867903696844e+02,-1.627450229511021419e-14,6.111961020621385639e-06,-1.295784469286677958e-05,-7.748862340134191917e-22,-9.760925177476496017e+00,9.000000000000000000e+01,-1.775279748888698483e-06,0.000000000000000000e+00,1.475334534004190084e-19,2.935370504777501995e-05,3.134393002750680948e-26
1.836950000001318040e+04,4.063835662954011049e-22,1.669731303619111173e+01,1.000000155353089781e+03,1.012018870276810389e+02,-1.627450228982659739e-14,6.111923177042797599e-06,8.092802906123121320e-06,5.138450498751261924e-22,-9.760944954969334120e+00,9.000000000000000000e+01,-1.772455747109245712e-06,0.000000000000000000e+00,1.475334533766543569e-19,4.055079883836027106e-05,3.138750338211640421e-26
1.837950000001303488e+04,4.063835664602457088e-22,1.670640273126144137e+01,1.000000156177347549e+03,1.012018873346271874e+02,-1.627450228015102907e-14,6.111600868704904457e-06,-1.576803665370224064e-06,-7.762958179839226879e-23,-9.760827611253931835e+00,9.000000000000000000e+01,-1.956611873276542083e-06,0.000000000000000000e+00,1.475334532796584823e-19,-2.588371850260410943e-05,3.181346756549011560e-26
1.838950000001288936e+04,4.063835666226275580e-22,1.671549242634890575e+01,1.000000156739735985e+03,1.012018874294214328e+02,-1.627450228332727968e-14,6.111004542658819030e-06,-1.662278919550900009e-05,-9.989929629965811971e-22,-9.760860781021538202e+00,9.000000000000000000e+01,-1.921519948365081881e-06,0.000000000000000000e+00,1.475334532921663140e-19,-7.104547896683187564e-06,3.163217638358257427e-26
1.839950000001274384e+04,4.063835667828432533e-22,1.672458212145133416e+01,1.000000157603640105e+03,1.012018874247971922e+02,-1.627450229247237692e-14,6.110135289297618323e-06,-1.480037233908701435e-05,-8.876842422084055626e-22,-9.760822391976562429e+00,9.000000000000000000e+01,-1.857464009635843276e-06,0.000000000000000000e+00,1.475334533768209017e-19,-2.883864154778785282e-05,3.180161976958626352e-26
1.840950000001259832e+04,4.063835669415129384e-22,1.673367181656890423e+01,1.000000158340288294e+03,1.012018876733672244e+02,-1.627450228602791975e-14,6.108990978071174027e-06,-6.185755122143869999e-06,-3.607215837990863472e-22,-9.760801316711097186e+00,9.000000000000000000e+01,-1.775512540046944204e-06,9.478791598866935495e-25,1.475334533289184258e-19,-4.077046157293400577e-05,3.202497076279619853e-26
1.841950000001245280e+04,4.063835670988121381e-22,1.674276151170088767e+01,1.000000159188527618e+03,1.012018878738177392e+02,-1.627450228245458179e-14,6.107575498061602624e-06,5.238574312245715055e-06,3.389047875252861082e-22,-9.760869407314899604e+00,9.000000000000000000e+01,-1.756041362398086755e-06,9.478791598866935495e-25,1.475334533098982065e-19,-2.220735644237131843e-06,3.164933984354292625e-26
1.842950000001230728e+04,4.063835672547949722e-22,1.675185120684755091e+01,1.000000159996189154e+03,1.012018880711202797e+02,-1.627450227900250754e-14,6.105888790912395570e-06,-1.542534326715678736e-05,-9.264372751118267920e-22,-9.760832412263408031e+00,9.000000000000000000e+01,-1.861630816157372445e-06,0.000000000000000000e+00,1.475334532566659121e-19,-2.316560537754496076e-05,3.195228610948180287e-26
1.843950000001216176e+04,4.063835674102698518e-22,1.676094090201002018e+01,1.000000160636995020e+03,1.012018881893245066e+02,-1.627450228036314114e-14,6.103936671798662129e-06,5.707001297014954893e-06,3.680296611975421886e-22,-9.760869525594454643e+00,9.000000000000000000e+01,-1.829036542670609088e-06,0.000000000000000000e+00,1.475334532926455094e-19,-2.153768737544767989e-06,3.159777117133329059e-26
1.844950000001201624e+04,4.063835675636862526e-22,1.677003059718716216e+01,1.000000161462165465e+03,1.012018883883749112e+02,-1.627450227666163222e-14,6.101720041815358703e-06,1.804124473550240607e-06,1.292664879968538810e-22,-9.760800810007914663e+00,9.000000000000000000e+01,-1.906591417023352678e-06,0.000000000000000000e+00,1.475334532556047969e-19,-4.105731966606804035e-05,3.192340673973986749e-26
1.845950000001187072e+04,4.063835677159805265e-22,1.677912029238019542e+01,1.000000162205295624e+03,1.012018884967343979e+02,-1.627450227845018500e-14,6.099239938627240405e-06,1.465696067480607794e-05,9.162678203349707091e-22,-9.760841738758379904e+00,9.000000000000000000e+01,-1.884232601056975768e-06,0.000000000000000000e+00,1.475334532862989443e-19,-1.788537223677726578e-05,3.169277252450792624e-26
1.846950000001172521e+04,4.063835678669391567e-22,1.678820998758628136e+01,1.000000163007415836e+03,1.012018887775960678e+02,-1.627450226960349807e-14,6.096499189984732883e-06,7.762221661503718738e-07,6.544877060743136411e-23,-9.760837853920030227e+00,9.000000000000000000e+01,-1.886964697528352731e-06,0.000000000000000000e+00,1.475334531920430662e-19,-2.008478000212117362e-05,3.208122967013990082e-26
1.847950000001157969e+04,4.063835680163159947e-22,1.679729968280515706e+01,1.000000163883296750e+03,1.012018888486853854e+02,-1.627450227351192204e-14,6.093497729450878917e-06,-2.067003214183588504e-05,-1.247041041350071169e-21,-9.760933650450422050e+00,9.000000000000000000e+01,-1.798111602391740178e-06,0.000000000000000000e+00,1.475334532040503727e-19,3.415074092286626975e-05,3.142431024047973761e-26
1.848950000001143417e+04,4.063835681655575098e-22,1.680638937803959720e+01,1.000000164463212741e+03,1.012018890057172342e+02,-1.627450227215072046e-14,6.090240001956771455e-06,9.642477981842990977e-06,6.083926940400497602e-22,-9.760839367776897646e+00,9.000000000000000000e+01,-1.708371310610061218e-06,0.000000000000000000e+00,1.475334532256405048e-19,-1.922770178252002280e-05,3.182126342438370481e-26
1.849950000001128865e+04,4.063835683142125003e-22,1.681547907328856084e+01,1.000000165206324255e+03,1.012018892708774160e+02,-1.627450226413718740e-14,6.086728400597853002e-06,-2.644368413953371454e-05,-1.600698304011129403e-21,-9.760891094880225438e+00,9.000000000000000000e+01,-1.780930195113599313e-06,0.000000000000000000e+00,1.475334531144623710e-19,1.005777660844475363e-05,3.161180735311227439e-26
1.850950000001114313e+04,4.063835684611438869e-22,1.682456876855111716e+01,1.000000166078507846e+03,1.012018893454786479e+02,-1.627450226769767638e-14,6.082961082121667915e-06,1.903752283745580536e-06,1.357173558765107764e-22,-9.760837503375272561e+00,9.000000000000000000e+01,-1.908335913099479094e-06,0.000000000000000000e+00,1.475334531781053760e-19,-2.028323316207507831e-05,3.159731089735022224e-26
1.851950000001099761e+04,4.063835686066990046e-22,1.683365846382832487e+01,1.000000166740408190e+03,1.012018895083246406e+02,-1.627450226577711562e-14,6.078941097203645189e-06,1.055099971632948025e-05,6.652387867404230694e-22,-9.760809570425154291e+00,9.000000000000000000e+01,-1.905511707764526875e-06,0.000000000000000000e+00,1.475334531708393479e-19,-3.609756344599143941e-05,3.166053429684885725e-26
1.852950000001085209e+04,4.063835687499109390e-22,1.684274815911843604e+01,1.000000167654128745e+03,1.012018896940386270e+02,-1.627450226232760675e-14,6.074671155688899645e-06,1.486414055807447926e-05,9.285023467283048910e-22,-9.760866587795030469e+00,9.000000000000000000e+01,-1.817471994959932925e-06,0.000000000000000000e+00,1.475334531450438996e-19,-3.816990188235575562e-06,3.173875011401497350e-26
1.853950000001070657e+04,4.063835688893157763e-22,1.685183785442217541e+01,1.000000168566219486e+03,1.012018897396444714e+02,-1.627450226724684238e-14,6.070150150916657081e-06,-2.811432472880735309e-05,-1.703989918296163531e-21,-9.760888876219132371e+00,9.000000000000000000e+01,-1.742312536282205520e-06,0.000000000000000000e+00,1.475334531423838052e-19,8.801676225893502434e-06,3.164836587316907493e-26
1.854950000001056105e+04,4.063835690271705598e-22,1.686092754974073671e+01,1.000000169207016029e+03,1.012018899771035478e+02,-1.627450226033140369e-14,6.065386296443175932e-06,1.458750036084696023e-06,1.073649460252477367e-22,-9.760867395596935836e+00,9.000000000000000000e+01,-1.761044374912028733e-06,0.000000000000000000e+00,1.475334531132559444e-19,-3.359641727883761405e-06,3.174862565445655833e-26
1.855950000001041553e+04,4.063835691628055867e-22,1.687001724507262779e+01,1.000000170045113236e+03,1.012018900979525284e+02,-1.627450226043568795e-14,6.060387824955229033e-06,1.006546815231955430e-05,6.346271964057167184e-22,-9.760869783043059300e+00,9.000000000000000000e+01,-1.891912368390837538e-06,0.000000000000000000e+00,1.475334531240986170e-19,-2.007978849153075707e-06,3.167883820612003691e-26
1.856950000001027001e+04,4.063835692956482973e-22,1.687910694041855209e+01,1.000000170933017557e+03,1.012018903185729641e+02,-1.627450225427366823e-14,6.055148958768738925e-06,-8.951819226069762973e-06,-5.284915465330634241e-22,-9.760895295966792062e+00,9.000000000000000000e+01,-1.857224882812672028e-06,0.000000000000000000e+00,1.475334530482833977e-19,1.243625269604491496e-05,3.135318943501366057e-26
1.857950000001012450e+04,4.063835694268958151e-22,1.688819663577661956e+01,1.000000171719454215e+03,1.012018903356975130e+02,-1.627450226048500753e-14,6.049674285306627270e-06,8.240785113885322691e-06,5.233994800618081251e-22,-9.760899431206739862e+00,9.000000000000000000e+01,-1.744765023830425884e-06,0.000000000000000000e+00,1.475334531233886229e-19,1.477742721160122811e-05,3.150987150596585606e-26
1.858950000000997898e+04,4.063835695562367751e-22,1.689728633114546952e+01,1.000000172504987518e+03,1.012018905162020985e+02,-1.627450225658886139e-14,6.043971070451471472e-06,1.659745044823108387e-05,1.034973663137711370e-21,-9.760872016065247792e+00,9.000000000000000000e+01,-1.901887860093779635e-06,0.000000000000000000e+00,1.475334530979987755e-19,-7.437419259062969933e-07,3.176094397339211122e-26
1.859950000000983346e+04,4.063835696830056594e-22,1.690637602652665450e+01,1.000000173488762243e+03,1.012018906872663422e+02,-1.627450225312571784e-14,6.038036970050815732e-06,8.685822409317354653e-06,5.506342360619941637e-22,-9.760899424515462997e+00,9.000000000000000000e+01,-1.742576318765267495e-06,0.000000000000000000e+00,1.475334530585947544e-19,1.477365008679418412e-05,3.149363316037527426e-26
1.860950000000968794e+04,4.063835698081896952e-22,1.691546572192107689e+01,1.000000174127705350e+03,1.012018908622076481e+02,-1.627450224933999960e-14,6.031879084998750680e-06,2.957274973244171856e-06,2.001106744230441579e-22,-9.760867778695457631e+00,9.000000000000000000e+01,-1.950575155046686962e-06,0.000000000000000000e+00,1.475334530186999100e-19,-3.142730949090485068e-06,3.163861560923150181e-26
1.861950000000954242e+04,4.063835699311341791e-22,1.692455541732832813e+01,1.000000174840437239e+03,1.012018909651787197e+02,-1.627450224983523070e-14,6.025504831408006034e-06,1.166580246614400282e-05,7.324252623669087227e-22,-9.760835941649812497e+00,9.000000000000000000e+01,-1.818078437682156958e-06,0.000000000000000000e+00,1.475334530331050957e-19,-2.116737917343833672e-05,3.191848694301042882e-26
1.862950000000939690e+04,4.063835700526090130e-22,1.693364511274727846e+01,1.000000175668448264e+03,1.012018911842988729e+02,-1.627450224313801302e-14,6.018915102313578400e-06,1.033961406945569544e-05,6.516697178909651384e-22,-9.760872000953284555e+00,9.000000000000000000e+01,-1.863922164083211027e-06,0.000000000000000000e+00,1.475334529718892439e-19,-7.522770951317965341e-07,3.163527515692577364e-26
1.863950000000925138e+04,4.063835701727166059e-22,1.694273480817808419e+01,1.000000176613517056e+03,1.012018912180614052e+02,-1.627450224771661221e-14,6.012103736780795396e-06,3.738177204344506036e-06,2.480779129248581399e-22,-9.760868044771969565e+00,9.000000000000000000e+01,-2.033048413714407940e-06,0.000000000000000000e+00,1.475334530061431598e-19,-2.992087117482828551e-06,3.172921385069166624e-26
1.864950000000910586e+04,4.063835702912108563e-22,1.695182450362073467e+01,1.000000177342817210e+03,1.012018913401154663e+02,-1.627450224679672150e-14,6.005078311239530009e-06,9.234500039191595558e-06,5.844650184425185875e-22,-9.760796136031347103e+00,9.000000000000000000e+01,-1.916435157429169924e-06,0.000000000000000000e+00,1.475334530043032708e-19,-4.370345428617852454e-05,3.199056027966616492e-26
1.865950000000896034e+04,4.063835704054960847e-22,1.696091419907208220e+01,1.000000178145924565e+03,1.012018913420275084e+02,-1.627450225300196134e-14,5.997844654753997363e-06,-4.232694173718981976e-06,-2.404077852134893634e-22,-9.760895561109226293e+00,9.000000000000000000e+01,-1.888391443469582550e-06,0.000000000000000000e+00,1.475334530455834606e-19,1.258636958667210105e-05,3.155122522878399526e-26
1.866950000000881482e+04,4.063835705163380079e-22,1.697000389452950841e+01,1.000000178836695795e+03,1.012018914467968358e+02,-1.627450225271755805e-14,5.990404650604479974e-06,3.080481518038871256e-06,2.064419524798200136e-22,-9.760907924832888938e+00,9.000000000000000000e+01,-1.732402614894576570e-06,0.000000000000000000e+00,1.475334530514108672e-19,1.958613479510528586e-05,3.167723867889840423e-26
1.867950000000866930e+04,4.063835706245999562e-22,1.697909358999802620e+01,1.000000179408500003e+03,1.012018916724249209e+02,-1.627450224489024980e-14,5.982758496618742245e-06,1.279192289271815933e-05,8.023397098392743762e-22,-9.760869530072062261e+00,9.000000000000000000e+01,-1.847116672923981851e-06,0.000000000000000000e+00,1.475334529921615343e-19,-2.151175373207580850e-06,3.140794953374702771e-26
1.868950000000852378e+04,4.063835707305106336e-22,1.698818328547853440e+01,1.000000179857723424e+03,1.012018917953296437e+02,-1.627450224322315005e-14,5.974916665601337444e-06,-1.593960687734852959e-05,-9.570905927215279211e-22,-9.760857589492937691e+00,9.000000000000000000e+01,-1.894407271816289709e-06,0.000000000000000000e+00,1.475334529459266249e-19,-8.911372628208203398e-06,3.160539824330504403e-26
1.869950000000837827e+04,4.063835708334539872e-22,1.699727298097067418e+01,1.000000180380651727e+03,1.012018917631403809e+02,-1.627450225088746701e-14,5.966882550189677792e-06,4.861142865680009579e-08,2.161791073273408622e-23,-9.760835173750129101e+00,9.000000000000000000e+01,-1.780369043490039446e-06,0.000000000000000000e+00,1.475334530326789596e-19,-2.160212314971118690e-05,3.157832591434411642e-26
1.870950000000823275e+04,4.063835709335043080e-22,1.700636267647378475e+01,1.000000181031785928e+03,1.012018920050411879e+02,-1.627450224161122323e-14,5.958656630296893332e-06,1.246340862608779128e-05,7.817341501803315218e-22,-9.760869910758188439e+00,9.000000000000000000e+01,-1.891050514405473237e-06,0.000000000000000000e+00,1.475334529633361890e-19,-1.935647362255223955e-06,3.171649550747198657e-26
1.871950000000808723e+04,4.063835710315585455e-22,1.701545237198474680e+01,1.000000181695790957e+03,1.012018921304787682e+02,-1.627450223935375260e-14,5.950241994795193561e-06,2.136062748157874642e-05,1.326665299796158821e-21,-9.760841666334862055e+00,9.000000000000000000e+01,-1.808607560062756919e-06,0.000000000000000000e+00,1.475334529531617177e-19,-1.792631226855700445e-05,3.162932335678369438e-26
1.872950000000794171e+04,4.063835711277743097e-22,1.702454206750491394e+01,1.000000182239944138e+03,1.012018922072095819e+02,-1.627450223997710102e-14,5.941641161090396754e-06,-3.155189488543492623e-06,-1.737680647052204448e-22,-9.760895301804248803e+00,9.000000000000000000e+01,-1.829961702416353158e-06,0.000000000000000000e+00,1.475334529321169849e-19,1.243958144709274292e-05,3.135893779121490602e-26
1.873950000000779619e+04,4.063835712225749669e-22,1.703363176303576410e+01,1.000000182753661647e+03,1.012018922819476359e+02,-1.627450224064586890e-14,5.932864185838154748e-06,-5.681333269201800530e-07,-1.563157701952165655e-23,-9.760858904648896939e+00,9.000000000000000000e+01,-1.922822881673671485e-06,0.000000000000000000e+00,1.475334529412697022e-19,-8.166787276371164226e-06,3.155780034542583938e-26
1.874950000000765067e+04,4.063835713153965147e-22,1.704272145857676080e+01,1.000000183348543942e+03,1.012018925428681086e+02,-1.627450222980364471e-14,5.923908083085840793e-06,-1.966032374561108058e-05,-1.184767528411572773e-21,-9.760858909559580354e+00,9.000000000000000000e+01,-1.894670138299603318e-06,1.895758319773387099e-24,1.475334528231827040e-19,-8.163993781238545959e-06,3.154101537627244807e-26
1.875950000000750515e+04,4.063835714056458928e-22,1.705181115412721127e+01,1.000000184040227850e+03,1.012018925113814731e+02,-1.627450223672497776e-14,5.914773915278755185e-06,-1.465936759561655536e-07,9.822502317814443573e-24,-9.760865664043368639e+00,9.000000000000000000e+01,-1.911770759488834969e-06,0.000000000000000000e+00,1.475334529070933531e-19,-4.339931614063558239e-06,3.167033027280812636e-26
1.876950000000735963e+04,4.063835714920332548e-22,1.706090084968690235e+01,1.000000184688558761e+03,1.012018927286207202e+02,-1.627450222820158812e-14,5.905467362660421867e-06,2.431783756897352232e-05,1.508041084733777455e-21,-9.760841432503044146e+00,9.000000000000000000e+01,-1.884378194128074349e-06,0.000000000000000000e+00,1.475334528577257020e-19,-1.805868564775120697e-05,3.164158022166601310e-26
1.877950000000721411e+04,4.063835715764336551e-22,1.706999054525569193e+01,1.000000185288013881e+03,1.012018927304816600e+02,-1.627450223275657511e-14,5.895990508457699170e-06,-4.001896716321356627e-05,-2.431964993748752692e-21,-9.760914638487237838e+00,9.000000000000000000e+01,-1.817318412335474420e-06,0.000000000000000000e+00,1.475334528281298161e-19,2.338711793900508055e-05,3.130858371362288702e-26
1.878950000000706859e+04,4.063835716594043252e-22,1.707908024083487319e+01,1.000000185668980748e+03,1.012018928813752012e+02,-1.627450222810618328e-14,5.886355388372174036e-06,5.772253732838131975e-07,5.401023313179488968e-23,-9.760865388693146016e+00,9.000000000000000000e+01,-1.823431336655497562e-06,0.000000000000000000e+00,1.475334528312868246e-19,-4.495811913460652647e-06,3.156125400688758976e-26
1.879950000000692307e+04,4.063835717400207152e-22,1.708816993642217241e+01,1.000000186197450375e+03,1.012018929661294209e+02,-1.627450222737648694e-14,5.876561634081712573e-06,-9.316473203032585320e-06,-5.517013794914511300e-22,-9.760924467999716470e+00,9.000000000000000000e+01,-1.869236311178312651e-06,0.000000000000000000e+00,1.475334528141097684e-19,2.895213304057807601e-05,3.138662059481510734e-26
1.880950000000677755e+04,4.063835718180124144e-22,1.709725963201760024e+01,1.000000186853148080e+03,1.012018931754865037e+02,-1.627450221887196369e-14,5.866609276793293850e-06,-2.224325308086811493e-06,-1.171776613604107143e-22,-9.760931667425678526e+00,9.000000000000000000e+01,-1.888788529360453837e-06,0.000000000000000000e+00,1.475334527457756795e-19,3.302811880091709125e-05,3.130770848649260915e-26
1.881950000000663204e+04,4.063835718932264204e-22,1.710634932762155813e+01,1.000000187560878658e+03,1.012018931163605799e+02,-1.627450222665433527e-14,5.856499242536665850e-06,3.026039886293439709e-06,2.042745847995834076e-22,-9.760827030725476305e+00,9.000000000000000000e+01,-1.924632795398486462e-06,0.000000000000000000e+00,1.475334528216846193e-19,-2.621229823901721491e-05,3.172848242766357107e-26
1.882950000000648652e+04,4.063835719656828108e-22,1.711543902323340305e+01,1.000000188290709616e+03,1.012018931790476728e+02,-1.627450222682375735e-14,5.846238604519483496e-06,-2.219006583880269787e-05,-1.339371535231878917e-21,-9.760955090020932090e+00,9.000000000000000000e+01,-1.843834391381586391e-06,0.000000000000000000e+00,1.475334527957026448e-19,4.628889169487597911e-05,3.104647576568080017e-26
1.883950000000634100e+04,4.063835720351229766e-22,1.712452871885330552e+01,1.000000188945503851e+03,1.012018933305584056e+02,-1.627450222138849309e-14,5.835830334000871829e-06,2.254345713472740475e-05,1.398846500187061158e-21,-9.760901731257241920e+00,9.000000000000000000e+01,-1.757012423908993761e-06,0.000000000000000000e+00,1.475334527962895960e-19,1.607965958694400902e-05,3.145420354364102661e-26
1.884950000000619548e+04,4.063835721030452502e-22,1.713361841448136147e+01,1.000000189439877886e+03,1.012018934265403516e+02,-1.627450221926927822e-14,5.825278769658040742e-06,9.087330091566447570e-06,5.747080406077688438e-22,-9.760867538034881719e+00,9.000000000000000000e+01,-1.777826075522240686e-06,0.000000000000000000e+00,1.475334527626667832e-19,-3.278944815816342086e-06,3.166665202230231937e-26
1.885950000000604996e+04,4.063835721709311304e-22,1.714270811011809315e+01,1.000000189930545162e+03,1.012018935387847591e+02,-1.627450221615145695e-14,5.814590979455436679e-06,-9.150021008968977987e-07,-3.722597715263894633e-23,-9.760925291894453792e+00,9.000000000000000000e+01,-1.792458891611906182e-06,0.000000000000000000e+00,1.475334527238867634e-19,2.941859538244502120e-05,3.124825362617302478e-26
1.886950000000590444e+04,4.063835722367753650e-22,1.715179780576372082e+01,1.000000190507890693e+03,1.012018936019894255e+02,-1.627450221592424293e-14,5.803764583973243589e-06,2.024432035332897903e-05,1.257754285325803680e-21,-9.760943372793516204e+00,9.000000000000000000e+01,-1.728665132366170018e-06,0.000000000000000000e+00,1.475334527453153100e-19,3.965515434770167184e-05,3.133100401730441888e-26
1.887950000000575892e+04,4.063835723009848161e-22,1.716088750141703301e+01,1.000000191167304251e+03,1.012018936027978810e+02,-1.627450221942735964e-14,5.792798680824690885e-06,-2.645292516588223155e-07,2.594003904474658128e-24,-9.760925208474754200e+00,9.000000000000000000e+01,-1.767499984915651470e-06,0.000000000000000000e+00,1.475334527544319883e-19,2.937136677649120149e-05,3.122689928320749619e-26
1.888950000000561340e+04,4.063835723623623132e-22,1.716997719707752879e+01,1.000000191873712424e+03,1.012018936722573557e+02,-1.627450221857172639e-14,5.781697859332344408e-06,4.942925003872737747e-06,3.219820941479230721e-22,-9.760829256172078416e+00,9.000000000000000000e+01,-1.922465616327412130e-06,0.000000000000000000e+00,1.475334527526731809e-19,-2.495234047803726143e-05,3.161368759473220854e-26
1.889950000000546788e+04,4.063835724210379601e-22,1.717906689274161636e+01,1.000000192546946892e+03,1.012018937778154566e+02,-1.627450221535279840e-14,5.770463906913813235e-06,6.820491098911040543e-06,4.358973005766924807e-22,-9.760927074431648975e+00,9.000000000000000000e+01,-1.604674490441745963e-06,0.000000000000000000e+00,1.475334527259886752e-19,3.042778647365941666e-05,3.129213357731682047e-26
1.890950000000532236e+04,4.063835724776104125e-22,1.718815658841177196e+01,1.000000193189727156e+03,1.012018938700880426e+02,-1.627450221283509518e-14,5.759099977002004791e-06,3.737530057575240276e-07,4.146666008788707486e-23,-9.760932953738977957e+00,9.000000000000000000e+01,-1.812193190188451762e-06,0.000000000000000000e+00,1.475334526964643859e-19,3.375637735300798537e-05,3.132913534478722058e-26
1.891950000000517684e+04,4.063835725319534693e-22,1.719724628408932077e+01,1.000000193789238097e+03,1.012018939219358629e+02,-1.627450221266757267e-14,5.747613535622805862e-06,1.498045104660227987e-05,9.353911870398269109e-22,-9.760796381858050097e+00,9.000000000000000000e+01,-1.782348035501720843e-06,0.000000000000000000e+00,1.475334527111856647e-19,-4.356424032982567296e-05,3.180929872897813977e-26
1.892950000000503132e+04,4.063835725840881014e-22,1.720633597977363394e+01,1.000000194325102484e+03,1.012018939895912411e+02,-1.627450221140975289e-14,5.736007709363250633e-06,-1.205032828058854956e-05,-7.195696261460468103e-22,-9.760861247258839413e+00,9.000000000000000000e+01,-1.815248278348840784e-06,0.000000000000000000e+00,1.475334526703215239e-19,-6.840478027450137874e-06,3.171689799127843225e-26
1.893950000000488581e+04,4.063835726351239754e-22,1.721542567546559610e+01,1.000000194790847559e+03,1.012018940708385344e+02,-1.627450220925804327e-14,5.724285708829814266e-06,-4.173439900777516141e-06,-2.371792850029844030e-22,-9.760863134252280915e+00,9.000000000000000000e+01,-1.776525737546271170e-06,0.000000000000000000e+00,1.475334526598207761e-19,-5.772148436992134051e-06,3.149656419416507761e-26
1.894950000000474029e+04,4.063835726847263105e-22,1.722451537116427289e+01,1.000000195261221393e+03,1.012018940742861162e+02,-1.627450221179151108e-14,5.712454185471762706e-06,3.126350209782867611e-06,2.097616537060120269e-22,-9.760895450893329439e+00,9.000000000000000000e+01,-1.782333557616810807e-06,0.000000000000000000e+00,1.475334526907595165e-19,1.252401989754785534e-05,3.154558103001985471e-26
1.895950000000459477e+04,4.063835727301685241e-22,1.723360506686873705e+01,1.000000195958409449e+03,1.012018942694093226e+02,-1.627450220235965344e-14,5.700510213857259581e-06,3.051339652583921308e-05,1.886771265151082140e-21,-9.760842119580233955e+00,9.000000000000000000e+01,-1.856926317783613711e-06,0.000000000000000000e+00,1.475334526363058696e-19,-1.766966882733794422e-05,3.175505648644336141e-26
1.896950000000444925e+04,4.063835727736192622e-22,1.724269476257908451e+01,1.000000196575429300e+03,1.012018943256743313e+02,-1.627450220131885876e-14,5.688458665143988956e-06,1.408237494136791775e-05,8.802660081922676386e-22,-9.760837549732240603e+00,9.000000000000000000e+01,-1.781331428447775360e-06,0.000000000000000000e+00,1.475334526090083886e-19,-2.025690089571008671e-05,3.169254116676543986e-26
1.897950000000430373e+04,4.063835728149937481e-22,1.725178445829488894e+01,1.000000197176709776e+03,1.012018943913226821e+02,-1.627450219958824309e-14,5.676301858967600401e-06,-1.085185616264258908e-05,-6.458363372912139558e-22,-9.760890987697747434e+00,9.000000000000000000e+01,-1.770843689330055316e-06,0.000000000000000000e+00,1.475334525661749122e-19,9.997182887549242467e-06,3.140495191880969778e-26
1.898950000000415821e+04,4.063835728544122584e-22,1.726087415401594427e+01,1.000000197836989514e+03,1.012018943109566038e+02,-1.627450220669129498e-14,5.664043173859556452e-06,-3.878514550609172900e-05,-2.355846920752786927e-21,-9.760920228633123585e+00,9.000000000000000000e+01,-1.811887144494782567e-06,0.000000000000000000e+00,1.475334525993716610e-19,2.655202846654550254e-05,3.121285725934571595e-26
1.899950000000401269e+04,4.063835728916687525e-22,1.726996384974245302e+01,1.000000198492659251e+03,1.012018944229439370e+02,-1.627450220189694235e-14,5.651686325695061554e-06,-1.659630069874391814e-05,-9.987999224225352604e-22,-9.760888689033128784e+00,9.000000000000000000e+01,-1.697738410976679450e-06,0.000000000000000000e+00,1.475334525807966686e-19,8.695780803069901987e-06,3.144133982109361445e-26
1.900950000000386717e+04,4.063835729272642731e-22,1.727905354547437611e+01,1.000000199133595402e+03,1.012018945426613783e+02,-1.627450219653682498e-14,5.639233296733693816e-06,2.025897827613946302e-05,1.258896573310118515e-21,-9.760867427029937815e+00,9.000000000000000000e+01,-1.779705528894611235e-06,0.000000000000000000e+00,1.475334525733138048e-19,-3.341762334852030313e-06,3.161221735585808086e-26
1.901950000000372165e+04,4.063835729609695988e-22,1.728814324121077917e+01,1.000000199768077550e+03,1.012018944995466825e+02,-1.627450220104273220e-14,5.626686752194835436e-06,-9.074243589529262523e-06,-5.370625972074534269e-22,-9.760891112358931920e+00,9.000000000000000000e+01,-1.785340377679354003e-06,0.000000000000000000e+00,1.475334525816211833e-19,1.006775336561515991e-05,3.147556845703331707e-26
1.902950000000357613e+04,4.063835729922405697e-22,1.729723293695114705e+01,1.000000200350955083e+03,1.012018946676330700e+02,-1.627450219248239547e-14,5.614052715455811150e-06,-1.416180387271938778e-05,-8.478567205301514524e-22,-9.760859169482532849e+00,9.000000000000000000e+01,-1.927645238681706479e-06,0.000000000000000000e+00,1.475334524992426355e-19,-8.016801004621535720e-06,3.150316938408127653e-26
1.903950000000343061e+04,4.063835730217206515e-22,1.730632263269595938e+01,1.000000201062895371e+03,1.012018947253952916e+02,-1.627450219057686724e-14,5.601329281450797575e-06,3.566910989216792626e-06,2.377796114221075153e-22,-9.760895297998107623e+00,9.000000000000000000e+01,-1.812481373887029729e-06,0.000000000000000000e+00,1.475334525017117017e-19,1.243747961691008067e-05,3.123425400074372735e-26
1.904950000000328509e+04,4.063835730483627137e-22,1.731541232844519485e+01,1.000000201729647870e+03,1.012018948058267398e+02,-1.627450218712858899e-14,5.588522685740319464e-06,3.642850595499897167e-06,2.411572230706706134e-22,-9.760799233657863283e+00,9.000000000000000000e+01,-1.801287093630150685e-06,0.000000000000000000e+00,1.475334524708743615e-19,-4.194966483902724320e-05,3.204224699466078220e-26
1.905950000000313958e+04,4.063835730716034596e-22,1.732450202419906660e+01,1.000000202396428222e+03,1.012018947155449808e+02,-1.627450219394308187e-14,5.575635488260847622e-06,-4.784489231586373910e-06,-2.746980312869797818e-22,-9.760893147250655488e+00,9.000000000000000000e+01,-1.706592057432375784e-06,0.000000000000000000e+00,1.475334525228761551e-19,1.121982191475544857e-05,3.152068977839792421e-26
1.906950000000299406e+04,4.063835730917526553e-22,1.733359171995715897e+01,1.000000202990295406e+03,1.012018947947172478e+02,-1.627450219021170668e-14,5.562673576856162251e-06,6.174788361042195974e-06,3.966982329152445441e-22,-9.760895338574348656e+00,9.000000000000000000e+01,-1.762494097180277345e-06,0.000000000000000000e+00,1.475334525014762086e-19,1.246045458892901089e-05,3.138602644125847763e-26
1.907950000000284854e+04,4.063835731093719050e-22,1.734268141571898525e+01,1.000000203601727208e+03,1.012018948829020104e+02,-1.627450218578816600e-14,5.549641421986825143e-06,-7.670630538989774421e-06,-4.510353314961493563e-22,-9.760995632936124267e+00,9.000000000000000000e+01,-1.746314132071360758e-06,1.895758319773387099e-24,1.475334524465617348e-19,6.924243963729121093e-05,3.104251402739276066e-26
1.908950000000270302e+04,4.063835731246017979e-22,1.735177111148418305e+01,1.000000204220563205e+03,1.012018949764398315e+02,-1.627450218090532210e-14,5.536544667984302881e-06,1.618006271971131568e-05,1.009625663375365895e-21,-9.760898514167584139e+00,9.000000000000000000e+01,-1.801377217827604623e-06,0.000000000000000000e+00,1.475334524289804500e-19,1.425833348701995055e-05,3.134210661604568183e-26
1.909950000000255750e+04,4.063835731383750182e-22,1.736086080725230119e+01,1.000000204845797271e+03,1.012018950045737853e+02,-1.627450217994618715e-14,5.523384033929929014e-06,-5.372171642056344039e-06,-3.101772638202665937e-22,-9.760860936913765329e+00,9.000000000000000000e+01,-1.766247762370903192e-06,0.000000000000000000e+00,1.475334523966890326e-19,-7.016150491820274254e-06,3.141992938456703147e-26
1.910950000000241198e+04,4.063835731507302161e-22,1.736995050302350307e+01,1.000000205465564477e+03,1.012018950010902785e+02,-1.627450218084477545e-14,5.510163009686103628e-06,5.609239420343159166e-06,3.623057001088677550e-22,-9.760933904957486362e+00,9.000000000000000000e+01,-1.762118893505614361e-06,0.000000000000000000e+00,1.475334524168671210e-19,3.429494419042879145e-05,3.117504285671602322e-26
1.911950000000226646e+04,4.063835731609351528e-22,1.737904019879814399e+01,1.000000206083515650e+03,1.012018950901011465e+02,-1.627450217596165387e-14,5.496879917723829188e-06,-4.943143797286393381e-06,-2.834338355397690135e-22,-9.760856369624855589e+00,9.000000000000000000e+01,-1.871902761001064492e-06,0.000000000000000000e+00,1.475334523614281442e-19,-9.601937142951880142e-06,3.143047778280527561e-26
1.912950000000212094e+04,4.063835731684516868e-22,1.738812989457624170e+01,1.000000206689387596e+03,1.012018949498196321e+02,-1.627450218496901915e-14,5.483544652572089308e-06,9.462471542619697705e-06,5.980569554099503658e-22,-9.760865472328326575e+00,9.000000000000000000e+01,-1.796697324224861753e-06,0.000000000000000000e+00,1.475334524581757424e-19,-4.448416352526937152e-06,3.151804991321676431e-26
1.913950000000197542e+04,4.063835731739234249e-22,1.739721959035687604e+01,1.000000207309108191e+03,1.012018951368066269e+02,-1.627450217382458550e-14,5.470156028032847831e-06,1.853089526628734352e-05,1.153736917596306215e-21,-9.760837978612588728e+00,9.000000000000000000e+01,-1.878035989982173940e-06,0.000000000000000000e+00,1.475334523680651877e-19,-2.001406518553554989e-05,3.176923883275581842e-26
1.914950000000182990e+04,4.063835731761571934e-22,1.740630928614008255e+01,1.000000207930654256e+03,1.012018950603619629e+02,-1.627450217863067955e-14,5.456720336934809982e-06,4.297173096050947954e-05,2.649666556875132367e-21,-9.760874172154469619e+00,9.000000000000000000e+01,-1.766848836316824715e-06,0.000000000000000000e+00,1.475334524380974653e-19,4.770241217763458104e-07,3.153868672087802521e-26
1.915950000000168438e+04,4.063835731757373538e-22,1.741539898192587899e+01,1.000000208516260614e+03,1.012018950972548055e+02,-1.627450217634995014e-14,5.443240627454507636e-06,3.287456416834153547e-06,2.192773515271578099e-22,-9.760862991852333082e+00,9.000000000000000000e+01,-1.672738436958377731e-06,0.000000000000000000e+00,1.475334523739393222e-19,-5.852740205668873899e-06,3.147925992440059411e-26
1.916950000000153887e+04,4.063835731729495984e-22,1.742448867771394916e+01,1.000000209149830084e+03,1.012018951202028489e+02,-1.627450217479378632e-14,5.429720486254832258e-06,-7.326531928676220978e-06,-4.299409189771806591e-22,-9.760891218580812989e+00,9.000000000000000000e+01,-1.825987815619582918e-06,-1.895758319773387099e-24,1.475334523482759927e-19,1.012791431025256794e-05,3.144975393891723209e-26
1.917950000000139335e+04,4.063835731674335677e-22,1.743357837350378148e+01,1.000000209766821968e+03,1.012018951837485474e+02,-1.627450217059897744e-14,5.416164039992800979e-06,-2.982687473774335525e-05,-1.807010259359745478e-21,-9.760884428014232839e+00,9.000000000000000000e+01,-1.800781716213484847e-06,0.000000000000000000e+00,1.475334522858296161e-19,6.283422785277644500e-06,3.125831300970985964e-26
1.918950000000124783e+04,4.063835731589641309e-22,1.744266806929561398e+01,1.000000210336763416e+03,1.012018952738185362e+02,-1.627450216461907099e-14,5.402577662874364395e-06,4.210267647715296505e-05,2.596327646787862167e-21,-9.760840832615221174e+00,9.000000000000000000e+01,-1.850335317928310407e-06,0.000000000000000000e+00,1.475334523111773097e-19,-1.839825512693755340e-05,3.164754931983312273e-26
1.919950000000110231e+04,4.063835731471990311e-22,1.745175776508888532e+01,1.000000210952833299e+03,1.012018951274035174e+02,-1.627450217293496813e-14,5.388962319875381225e-06,-6.758948713062881807e-06,-3.954482297295196394e-22,-9.760860087090042825e+00,9.000000000000000000e+01,-1.760826570527442093e-06,0.000000000000000000e+00,1.475334523320721570e-19,-7.497279598333067849e-06,3.157008652558497797e-26
1.920950000000095679e+04,4.063835731323239024e-22,1.746084746088365591e+01,1.000000211534705045e+03,1.012018952289865155e+02,-1.627450216589487995e-14,5.375326267188154509e-06,1.127790422932043515e-05,7.093343719033004886e-22,-9.760865683399925885e+00,9.000000000000000000e+01,-1.845959332686490828e-06,0.000000000000000000e+00,1.475334522886224312e-19,-4.328906625305631473e-06,3.156165852467164383e-26
1.921950000000081127e+04,4.063835731142448463e-22,1.746993715667933600e+01,1.000000212162639968e+03,1.012018951480311557e+02,-1.627450216985448523e-14,5.361671699289430936e-06,-1.250855773170426984e-05,-7.477119319747765779e-22,-9.760889045745694048e+00,9.000000000000000000e+01,-1.792401539849889943e-06,0.000000000000000000e+00,1.475334522979378895e-19,8.897760370411050466e-06,3.152688629662816959e-26
1.922950000000066575e+04,4.063835730939366767e-22,1.747902685247482424e+01,1.000000212881034258e+03,1.012018953063854809e+02,-1.627450215903759925e-14,5.348001191525717838e-06,2.954975655278489833e-05,1.828581616025524097e-21,-9.760870077525034105e+00,9.000000000000000000e+01,-1.876702879570766512e-06,0.000000000000000000e+00,1.475334522469779758e-19,-1.841148535284864193e-06,3.146812085018313382e-26
1.923950000000052023e+04,4.063835730705477716e-22,1.748811654827023787e+01,1.000000213697161485e+03,1.012018951413563315e+02,-1.627450216785206595e-14,5.334316877570992564e-06,-4.233101886023948619e-06,-2.404713191927667530e-22,-9.760861232111860630e+00,9.000000000000000000e+01,-1.809901969484800230e-06,0.000000000000000000e+00,1.475334522888826002e-19,-6.849017913117340382e-06,3.155778775804027405e-26
1.924950000000037471e+04,4.063835730430300601e-22,1.749720624406580782e+01,1.000000214463509565e+03,1.012018952494394739e+02,-1.627450215971451448e-14,5.320622192957964158e-06,-6.671164907376777660e-06,-3.896631286370174029e-22,-9.760820079995756515e+00,9.000000000000000000e+01,-1.773371874079694444e-06,0.000000000000000000e+00,1.475334522130033197e-19,-3.014741728944136506e-05,3.157841136348820536e-26
1.925950000000022919e+04,4.063835730139210114e-22,1.750629593986070276e+01,1.000000215099873003e+03,1.012018951033562786e+02,-1.627450216705289936e-14,5.306924637446711911e-06,-9.479678402307805269e-06,-5.614596791938478815e-22,-9.760824403790671511e+00,9.000000000000000000e+01,-1.858528579454385200e-06,0.000000000000000000e+00,1.475334522757165820e-19,-2.769949119007018186e-05,3.159431950174600596e-26
1.926950000000008367e+04,4.063835729818526321e-22,1.751538563565542361e+01,1.000000215692892652e+03,1.012018953577862987e+02,-1.627450214970234552e-14,5.293231422486163290e-06,1.271366652969357171e-05,7.976630568837449368e-22,-9.760865666627935866e+00,9.000000000000000000e+01,-1.868862303392209881e-06,0.000000000000000000e+00,1.475334521441718594e-19,-4.338388338146910756e-06,3.142795871558706026e-26
1.927950000296648795e+04,4.063835729469903849e-22,1.752447714938903189e+01,1.000000216255895793e+03,1.012018952344691485e+02,-1.627450215533016757e-14,5.279543741629831019e-06,3.252151814295880508e-05,2.010408931858611749e-21,-9.760780077460402993e+00,9.000000000000000000e+01,-1.867577486523086028e-06,0.000000000000000000e+00,1.475334522163590119e-19,-5.279498069030658721e-05,3.173314525426143111e-26
1.928950000296852522e+04,4.063835729109198705e-22,1.753356684518354314e+01,1.000000216768123209e+03,1.012018951730440648e+02,-1.627450215709767353e-14,5.265870710914156607e-06,-3.369291019213049588e-05,-2.044025355609907278e-21,-9.760942208519461261e+00,9.000000000000000000e+01,-1.778241583185827109e-06,0.000000000000000000e+00,1.475334521592700668e-19,3.899605084584781343e-05,3.107833051490424794e-26
1.929950000297056249e+04,4.063835728743058546e-22,1.754265654097698857e+01,1.000000217348337173e+03,1.012018951975152277e+02,-1.627450215357733126e-14,5.252210174894227229e-06,1.551872185546183830e-05,9.691100216047363729e-22,-9.760835594500070655e+00,9.000000000000000000e+01,-1.818947008999008358e-06,0.000000000000000000e+00,1.475334521816415969e-19,-2.136382544919664781e-05,3.155509018174319373e-26
1.930950000297259976e+04,4.063835728351598239e-22,1.755174623676984069e+01,1.000000217934139073e+03,1.012018951760925916e+02,-1.627450215272653215e-14,5.238565761180862616e-06,4.352401881379058487e-05,2.684201478505816193e-21,-9.760844397540711981e+00,9.000000000000000000e+01,-1.842203453829806677e-06,0.000000000000000000e+00,1.475334522046645004e-19,-1.637995734941159200e-05,3.146138892661120637e-26
1.931950000297463703e+04,4.063835727934014685e-22,1.756083593256049369e+01,1.000000218730419874e+03,1.012018952195540322e+02,-1.627450214775793907e-14,5.224936551814827771e-06,3.642149349700252902e-05,2.248680703292600547e-21,-9.760964145628040711e+00,9.000000000000000000e+01,-1.677127576974359871e-06,0.000000000000000000e+00,1.475334521520561833e-19,5.141582226082285417e-05,3.103408343609704146e-26
1.932950000297667430e+04,4.063835727490982149e-22,1.756992562834941651e+01,1.000000219413079321e+03,1.012018950873252408e+02,-1.627450215340867595e-14,5.211324616857860480e-06,2.002946560429136620e-05,1.245139746437475949e-21,-9.760775711449559466e+00,9.000000000000000000e+01,-1.830879610497423548e-06,0.000000000000000000e+00,1.475334521846185068e-19,-5.526681496588444549e-05,3.182727883894558407e-26
1.933950000297871156e+04,4.063835727018646420e-22,1.757901532413665180e+01,1.000000220023095608e+03,1.012018951113186915e+02,-1.627450214932975389e-14,5.197737992398223199e-06,6.188778701625697297e-05,3.808287426959872110e-21,-9.760788899568707322e+00,9.000000000000000000e+01,-1.828245169776986050e-06,0.000000000000000000e+00,1.475334521938535334e-19,-4.780031689691996996e-05,3.175585028649444340e-26
1.934950000298074883e+04,4.063835726520555139e-22,1.758810501992229547e+01,1.000000220571644604e+03,1.012018950213247308e+02,-1.627450215208788929e-14,5.184181183015379882e-06,-8.027137839325909987e-05,-4.896820647058992876e-21,-9.760804821382450314e+00,9.000000000000000000e+01,-1.782409941818040950e-06,0.000000000000000000e+00,1.475334520620728603e-19,-3.878612551496971928e-05,3.178101707980687439e-26
1.935950000298278610e+04,4.063835725992753003e-22,1.759719471570612725e+01,1.000000221122056246e+03,1.012018951081437166e+02,-1.627450214385463007e-14,5.170661845042747929e-06,1.331869369107745708e-05,8.355493772562134130e-22,-9.760895487440427232e+00,9.000000000000000000e+01,-1.885137150808383935e-06,0.000000000000000000e+00,1.475334520909079557e-19,1.254476504572366502e-05,3.101262138298193247e-26
1.936950000298482337e+04,4.063835725427692869e-22,1.760628441148787360e+01,1.000000221710652113e+03,1.012018949569247326e+02,-1.627450214999171232e-14,5.157180604102260476e-06,-2.799958220741160202e-05,-1.695834043873440193e-21,-9.760882284851675195e+00,9.000000000000000000e+01,-1.759679026398370188e-06,0.000000000000000000e+00,1.475334521003544013e-19,5.070067898210200730e-06,3.139978742411807732e-26
1.937950000298686064e+04,4.063835724835111120e-22,1.761537410726619513e+01,1.000000222512520850e+03,1.012018951069819650e+02,-1.627450213752933191e-14,5.143740230588167835e-06,4.159848945050661757e-05,2.565987916695231321e-21,-9.760904299385110505e+00,9.000000000000000000e+01,-1.762207058481384517e-06,0.000000000000000000e+00,1.475334520647608326e-19,1.753368185887709625e-05,3.126802093908681878e-26
1.938950000298889790e+04,4.063835724222805987e-22,1.762446380304070459e+01,1.000000223315320909e+03,1.012018949064516988e+02,-1.627450214642628506e-14,5.130341931049711083e-06,-8.932095204563910709e-05,-5.451062688556935164e-21,-9.760740483727827765e+00,9.000000000000000000e+01,-1.802321588123624933e-06,0.000000000000000000e+00,1.475334520004332077e-19,-7.521109671285492360e-05,3.205580915096964061e-26
1.939950000299093517e+04,4.063835723594896401e-22,1.763355349881269518e+01,1.000000223871320486e+03,1.012018948291975562e+02,-1.627450214768475171e-14,5.116990804755595298e-06,-6.625093254941603611e-05,-4.039195949916461085e-21,-9.761053097512213839e+00,9.000000000000000000e+01,-1.549923480710847436e-06,0.000000000000000000e+00,1.475334520368755096e-19,1.017762175853658042e-04,3.099416415185090674e-26
1.940950000299297244e+04,4.063835722929429301e-22,1.764264319458177965e+01,1.000000224465504289e+03,1.012018948757078789e+02,-1.627450214116087202e-14,5.103694662650270006e-06,-1.943502300868371979e-05,-1.171608852519115703e-21,-9.760762507443541125e+00,9.000000000000000000e+01,-1.802709590350326020e-06,0.000000000000000000e+00,1.475334520295550980e-19,-6.274229784903828330e-05,3.191742716041874802e-26
1.941950000299500971e+04,4.063835722230996637e-22,1.765173289034778392e+01,1.000000224970281124e+03,1.012018949018713556e+02,-1.627450213569801025e-14,5.090457422059281012e-06,4.638700398321801997e-05,2.858847935070555279e-21,-9.760844415492350379e+00,9.000000000000000000e+01,-1.751008223670201816e-06,0.000000000000000000e+00,1.475334520526447592e-19,-1.636978496602765250e-05,3.157212226414831814e-26
1.942950000299704698e+04,4.063835721504696764e-22,1.766082258611006495e+01,1.000000225729309022e+03,1.012018948449021707e+02,-1.627450213517299492e-14,5.077279849559443803e-06,3.278416615985022545e-05,2.025673956003815101e-21,-9.760840039388192224e+00,9.000000000000000000e+01,-1.735237303337758864e-06,0.000000000000000000e+00,1.475334520327018028e-19,-1.884733078007323808e-05,3.165797809572172307e-26
1.943950000299908424e+04,4.063835720764084071e-22,1.766991228186805429e+01,1.000000226399861276e+03,1.012018946857575372e+02,-1.627450214082432503e-14,5.064169004588933059e-06,-5.775715531754165418e-05,-3.518121872165213688e-21,-9.760933299379926709e+00,9.000000000000000000e+01,-1.706296164069249742e-06,0.000000000000000000e+00,1.475334519836114133e-19,3.395211516183098166e-05,3.121937175053499604e-26
1.944950000300112151e+04,4.063835719994087781e-22,1.767900197762240211e+01,1.000000226950272918e+03,1.012018947151761097e+02,-1.627450213476738158e-14,5.051125141331077489e-06,-3.983285728117577011e-05,-2.420724678500334531e-21,-9.760877790826683054e+00,9.000000000000000000e+01,-1.714351058744462096e-06,0.000000000000000000e+00,1.475334519486521255e-19,2.525772261291536552e-06,3.146062722235912787e-26
1.945950000300315878e+04,4.063835719201182047e-22,1.768809167337285615e+01,1.000000227502547204e+03,1.012018946787566165e+02,-1.627450213261527752e-14,5.038155885411215285e-06,4.741710526828723442e-05,2.922358983922408696e-21,-9.760844508661852714e+00,9.000000000000000000e+01,-1.799893272790983576e-06,0.000000000000000000e+00,1.475334520250248053e-19,-1.631703941396037987e-05,3.147753532577316071e-26
1.946950000300519605e+04,4.063835718385930165e-22,1.769718136911835060e+01,1.000000228172168136e+03,1.012018947350272100e+02,-1.627450212466397296e-14,5.025263308476705349e-06,2.997132488397107947e-05,1.854446182109696882e-21,-9.760899937250425040e+00,9.000000000000000000e+01,-1.823132288182127524e-06,0.000000000000000000e+00,1.475334519341365119e-19,1.506405033228451682e-05,3.124748935791149444e-26
1.947950000300723332e+04,4.063835717524807202e-22,1.770627106485854441e+01,1.000000228905119002e+03,1.012018945161669308e+02,-1.627450213330527522e-14,5.012448292389973035e-06,-1.903716278838981445e-05,-1.146724473522546453e-21,-9.761006416589919965e+00,9.000000000000000000e+01,-1.704399357590537222e-06,0.000000000000000000e+00,1.475334519575338163e-19,7.534766530077856154e-05,3.079627573747190219e-26
1.948950000300927059e+04,4.063835716630831523e-22,1.771536076059409837e+01,1.000000229560770094e+03,1.012018945585645326e+02,-1.627450212576774714e-14,4.999718746511439965e-06,3.662681114873077591e-05,2.263059672731693814e-21,-9.761024125561011289e+00,9.000000000000000000e+01,-1.791871862995457838e-06,0.000000000000000000e+00,1.475334519507710818e-19,8.537366369399711024e-05,3.030254511456988633e-26
1.949950000301130785e+04,4.063835715721584762e-22,1.772445045632493787e+01,1.000000230113044381e+03,1.012018945329484723e+02,-1.627450212231112905e-14,4.987079266875220547e-06,2.301928015221213939e-05,1.427801155562012301e-21,-9.761019701064245879e+00,9.000000000000000000e+01,-1.659542239251673148e-06,0.000000000000000000e+00,1.475334519044032351e-19,8.286872500554253297e-05,3.099762520501054006e-26
1.950950000301334512e+04,4.063835714781786433e-22,1.773354015205075385e+01,1.000000230720266700e+03,1.012018943106601796e+02,-1.627450213072826544e-14,4.974536912569637746e-06,-5.216282798679018032e-05,-3.176114852735680637e-21,-9.760873324323394939e+00,9.000000000000000000e+01,-1.670261726305703286e-06,0.000000000000000000e+00,1.475334518969727566e-19,-2.957423326504359191e-09,3.156028413534937546e-26
1.951950000301538239e+04,4.063835713825999499e-22,1.774262984776976992e+01,1.000000231439247727e+03,1.012018944110474052e+02,-1.627450211929952317e-14,4.962088633987460901e-06,5.287445987657826067e-05,3.254945637819651476e-21,-9.760784649357495013e+00,9.000000000000000000e+01,-1.683208873858630453e-06,0.000000000000000000e+00,1.475334519095103920e-19,-5.020657128181081131e-05,3.212325260262310571e-26
1.952950000301741966e+04,4.063835712845645204e-22,1.775171954348390457e+01,1.000000231961719692e+03,1.012018942915202047e+02,-1.627450212119803684e-14,4.949741002910984457e-06,7.308071063366359328e-05,4.492981603187193949e-21,-9.760913250277113207e+00,9.000000000000000000e+01,-1.630139843221039465e-06,0.000000000000000000e+00,1.475334519484617714e-19,2.260125470282912258e-05,3.127765844186618748e-26
1.953950000301945693e+04,4.063835711837024031e-22,1.776080923919220567e+01,1.000000232458114624e+03,1.012018941681644577e+02,-1.627450212317648106e-14,4.937503415554943748e-06,4.027792038885475456e-06,2.649781542691891644e-22,-9.760891139342188438e+00,9.000000000000000000e+01,-1.711449680430718841e-06,0.000000000000000000e+00,1.475334518899329530e-19,1.008307623075925877e-05,3.141071732135059689e-26
1.954950000302149419e+04,4.063835710800554927e-22,1.776989893489390937e+01,1.000000233197584748e+03,1.012018941315008362e+02,-1.627450211969240114e-14,4.925373073946306415e-06,3.759344198208313539e-07,4.167598638037614661e-23,-9.760950966198223000e+00,9.000000000000000000e+01,-1.697468165606504687e-06,0.000000000000000000e+00,1.475334518542645619e-19,4.395425127193176867e-05,3.107776746699488734e-26
1.955950000302353146e+04,4.063835709745047046e-22,1.777898863058850409e+01,1.000000233951956034e+03,1.012018941217397270e+02,-1.627450211445690171e-14,4.913352905982916504e-06,5.001161693338270240e-05,3.081115345020957943e-21,-9.760844571004167136e+00,9.000000000000000000e+01,-1.772282088823637886e-06,0.000000000000000000e+00,1.475334518614689362e-19,-1.628173428133671810e-05,3.147297428005613355e-26
1.956950000302556873e+04,4.063835708676863575e-22,1.778807832627666485e+01,1.000000234481878579e+03,1.012018940957201210e+02,-1.627450211014503218e-14,4.901447154628983736e-06,3.249190451212037269e-05,2.008141864607946416e-21,-9.760899987362639862e+00,9.000000000000000000e+01,-1.717570390748602033e-06,0.000000000000000000e+00,1.475334518030966478e-19,1.509242509844309046e-05,3.129415729317940956e-26
1.957950000302760600e+04,4.063835707579888485e-22,1.779716802195868297e+01,1.000000234989449382e+03,1.012018939140443479e+02,-1.627450211520584941e-14,4.889660856916004563e-06,2.281272445172547101e-05,1.416060732884644973e-21,-9.760835687537236183e+00,9.000000000000000000e+01,-1.812335348260494502e-06,0.000000000000000000e+00,1.475334518375369696e-19,-2.131114177696501522e-05,3.140452920462097421e-26
1.958950000302964327e+04,4.063835706461061896e-22,1.780625771763216036e+01,1.000000235739164054e+03,1.012018938520714926e+02,-1.627450211281764875e-14,4.877994039695699295e-06,3.264461589936253195e-06,2.188663278601331822e-22,-9.760707040682113700e+00,9.000000000000000000e+01,-1.893067087851270936e-06,0.000000000000000000e+00,1.475334517941891255e-19,-9.414497724011597606e-05,3.205243297139389868e-26
1.959950000303168054e+04,4.063835705327164528e-22,1.781534741329873839e+01,1.000000236294232309e+03,1.012018937819803455e+02,-1.627450211083902467e-14,4.866448631859206949e-06,-2.384552538573168557e-06,-1.264464050630209207e-22,-9.761010835587493162e+00,9.000000000000000000e+01,-1.714263911546190030e-06,0.000000000000000000e+00,1.475334517698224283e-19,7.784950635227477235e-05,3.051522568033376456e-26
1.960950000303371780e+04,4.063835704169779843e-22,1.782443710896055222e+01,1.000000236768275499e+03,1.012018937137768830e+02,-1.627450210861850113e-14,4.855034253873870075e-06,-4.120090925072110201e-06,-2.326036306834159539e-22,-9.760826777674436627e+00,9.000000000000000000e+01,-1.859360816114555585e-06,0.000000000000000000e+00,1.475334517475729541e-19,-2.635548329138656632e-05,3.130753463940333218e-26
1.961950000303575507e+04,4.063835702990401189e-22,1.783352680461670303e+01,1.000000237517058849e+03,1.012018936344435360e+02,-1.627450210695659524e-14,4.843752796012037586e-06,5.747613820234151482e-05,3.537988964501447552e-21,-9.760968794047071739e+00,9.000000000000000000e+01,-1.673564795953496772e-06,0.000000000000000000e+00,1.475334517999671320e-19,5.404754812835176829e-05,3.100885540697028826e-26
1.962950000303779234e+04,4.063835701791630640e-22,1.784261650026369139e+01,1.000000238189473748e+03,1.012018935916132136e+02,-1.627450210295364995e-14,4.832599816444767130e-06,2.411576648789531179e-05,1.495866548610933448e-21,-9.760835693913321620e+00,9.000000000000000000e+01,-1.805874369480569466e-06,0.000000000000000000e+00,1.475334517269132870e-19,-2.130752248971621408e-05,3.138512391971474168e-26
1.963950000303982961e+04,4.063835700564619073e-22,1.785170619590265417e+01,1.000000238726846874e+03,1.012018932950347221e+02,-1.627450211433092062e-14,4.821585663344142613e-06,-2.116002725375682852e-05,-1.277392089735657932e-21,-9.760882180826227383e+00,9.000000000000000000e+01,-1.722060010848081137e-06,0.000000000000000000e+00,1.475334517788605527e-19,5.011178177900043143e-06,3.151308631170751549e-26
1.964950000304186688e+04,4.063835699323471482e-22,1.786079589153346348e+01,1.000000239310786128e+03,1.012018932410807679e+02,-1.627450211077264360e-14,4.810713393258423124e-06,-2.891200255978537486e-05,-1.751493521077746662e-21,-9.761001908265257043e+00,9.000000000000000000e+01,-1.676600724452484839e-06,0.000000000000000000e+00,1.475334517379557267e-19,7.279526495552207806e-05,3.080458208596851750e-26
1.965950000304390414e+04,4.063835698058087078e-22,1.786988558715478348e+01,1.000000239956192672e+03,1.012018932985271817e+02,-1.627450210026156744e-14,4.799981618122802643e-06,5.662647958083187095e-05,3.485507518393359466e-21,-9.760784771456721742e+00,9.000000000000000000e+01,-1.729236258209210914e-06,0.000000000000000000e+00,1.475334517371841510e-19,-5.013744313425652773e-05,3.184517292538253727e-26
1.966950000304594141e+04,4.063835696769228052e-22,1.787897528276883108e+01,1.000000240429304540e+03,1.012018930887090846e+02,-1.627450210598331127e-14,4.789397452482693491e-06,2.118249004628895994e-05,1.315236770450879484e-21,-9.760895536157971009e+00,9.000000000000000000e+01,-1.663586479917997389e-06,0.000000000000000000e+00,1.475334517491474982e-19,1.257234779896235887e-05,3.137747709333330201e-26
1.967950000304797868e+04,4.063835695469588333e-22,1.788806497837416742e+01,1.000000241079367697e+03,1.012018931409939029e+02,-1.627450209559834242e-14,4.778964478726973231e-06,5.715922368147962192e-05,3.518415508310235988e-21,-9.760784789812239737e+00,9.000000000000000000e+01,-1.754979871356476427e-06,0.000000000000000000e+00,1.475334516949991593e-19,-5.012704795026484196e-05,3.177100589996550666e-26
1.968950000305001595e+04,4.063835694137042294e-22,1.789715467396966986e+01,1.000000241758301854e+03,1.012018928860215965e+02,-1.627450210384387632e-14,4.768680684673178160e-06,-6.003305338018600278e-06,-3.507793892034572497e-22,-9.760886528200249046e+00,9.000000000000000000e+01,-1.506669463709190606e-06,0.000000000000000000e+00,1.475334516990924104e-19,7.472463331300431678e-06,3.167563119214816335e-26
1.969950000305205322e+04,4.063835692776315894e-22,1.790624436955709697e+01,1.000000242318026721e+03,1.012018929070775926e+02,-1.627450209503263449e-14,4.758551382334033042e-06,-5.793523836173729162e-06,-3.368347256000830127e-22,-9.760886622864196838e+00,9.000000000000000000e+01,-1.643464993336749152e-06,0.000000000000000000e+00,1.475334516197343707e-19,7.526069075136255817e-06,3.147975576090683430e-26
1.970950000305409048e+04,4.063835691389567341e-22,1.791533406513621074e+01,1.000000242912210524e+03,1.012018928608607808e+02,-1.627450209019684456e-14,4.748585331890042729e-06,5.389392170137420710e-05,3.319244037158133785e-21,-9.760844696655905040e+00,9.000000000000000000e+01,-1.793175890414857720e-06,0.000000000000000000e+00,1.475334516414987032e-19,-1.621058972998828477e-05,3.133828664076522973e-26
1.971950000305612775e+04,4.063835689971893883e-22,1.792442376070520638e+01,1.000000243538059294e+03,1.012018925998540197e+02,-1.627450209834096566e-14,4.738785136105655213e-06,4.498856351176849452e-06,2.948210249714527325e-22,-9.760950973519388896e+00,9.000000000000000000e+01,-1.711784834560832696e-06,0.000000000000000000e+00,1.475334516598290544e-19,4.395839366216392380e-05,3.077906205921403100e-26
1.972950000305816502e+04,4.063835688527292670e-22,1.793351345626565774e+01,1.000000243997201324e+03,1.012018926247407080e+02,-1.627450208883127269e-14,4.729155278426128882e-06,3.241464709156731248e-05,2.003503364470485673e-21,-9.760959935689735190e+00,9.000000000000000000e+01,-1.704351293048191056e-06,0.000000000000000000e+00,1.475334516046151947e-19,4.903236642721557018e-05,3.108467732349472741e-26
1.973950000306020229e+04,4.063835687079807264e-22,1.794260315181563215e+01,1.000000244710594416e+03,1.012018923889356614e+02,-1.627450209526943475e-14,4.719696703268142998e-06,4.493781442188823260e-05,2.769451914469245536e-21,-9.760780362415443889e+00,9.000000000000000000e+01,-1.691294836191971248e-06,0.000000000000000000e+00,1.475334516756991745e-19,-5.263364596868818317e-05,3.192812626105358389e-26
1.974950000306223956e+04,4.063835685623328856e-22,1.795169284735555237e+01,1.000000245352275670e+03,1.012018924334992960e+02,-1.627450208448921819e-14,4.710406215770445107e-06,5.903470795094606653e-05,3.633607358928777984e-21,-9.760784854655176090e+00,9.000000000000000000e+01,-1.780939329666644588e-06,0.000000000000000000e+00,1.475334515938950353e-19,-5.009033539156277189e-05,3.166940057397368821e-26
1.975950000306427683e+04,4.063835684156933037e-22,1.796078254288561027e+01,1.000000245788134634e+03,1.012018922017380049e+02,-1.627450209057250959e-14,4.701290895922621211e-06,-2.634262339721715813e-05,-1.594171413911390200e-21,-9.761001860409384889e+00,9.000000000000000000e+01,-1.694797110340574327e-06,0.000000000000000000e+00,1.475334515541237875e-19,7.276817817400937883e-05,3.087135705351750029e-26
1.976950000306631409e+04,4.063835682662740539e-22,1.796987223840472225e+01,1.000000246487557888e+03,1.012018920854809636e+02,-1.627450208943140020e-14,4.692349798737815211e-06,-2.612257938923362701e-05,-1.579823394419828474e-21,-9.761001856675793675e+00,9.000000000000000000e+01,-1.776862825453631480e-06,0.000000000000000000e+00,1.475334515436161545e-19,7.276606388352677894e-05,3.065229331607262534e-26
1.977950000306835136e+04,4.063835681137658870e-22,1.797896193391554931e+01,1.000000247011892498e+03,1.012018920085045437e+02,-1.627450208571333468e-14,4.683590728633953094e-06,-2.174940455120533494e-05,-1.312219925174348101e-21,-9.760941995555166173e+00,9.000000000000000000e+01,-1.731196624892677938e-06,0.000000000000000000e+00,1.475334515145059401e-19,3.887549727070972673e-05,3.075593441356913052e-26
1.978950000307038863e+04,4.063835679596209618e-22,1.798805162941767932e+01,1.000000247573480010e+03,1.012018919093819562e+02,-1.627450208326153289e-14,4.675016753233756765e-06,-7.649479549608758790e-06,-4.501151532130875874e-22,-9.760946485757800772e+00,9.000000000000000000e+01,-1.636405663165709943e-06,0.000000000000000000e+00,1.475334515074419661e-19,4.141764072640448217e-05,3.113590289894164107e-26
1.979950000307242590e+04,4.063835678018071777e-22,1.799714132490786866e+01,1.000000248264521360e+03,1.012018918807609964e+02,-1.627450207629027126e-14,4.666627975309384579e-06,6.593247420149438783e-05,4.055778812088132280e-21,-9.760909109544343210e+00,9.000000000000000000e+01,-1.685016090473075406e-06,0.000000000000000000e+00,1.475334515252253291e-19,2.025697841129327914e-05,3.120896328376616080e-26
1.980950000307446317e+04,4.063835676415264541e-22,1.800623102038676748e+01,1.000000248782336712e+03,1.012018916357188658e+02,-1.627450208243384110e-14,4.658431137941999661e-06,1.082028702517089168e-05,6.814192585060967723e-22,-9.760891126793971750e+00,9.000000000000000000e+01,-1.721870424344628327e-06,0.000000000000000000e+00,1.475334515192416573e-19,1.007597678938082108e-05,3.120755116009868681e-26
1.981950000307650043e+04,4.063835674796547694e-22,1.801532071585398853e+01,1.000000249383971095e+03,1.012018914746054605e+02,-1.627450208335088559e-14,4.650436291283426558e-06,-1.244160933521449935e-05,-7.429454019826327735e-22,-9.760822273686347472e+00,9.000000000000000000e+01,-1.760698814006997203e-06,0.000000000000000000e+00,1.475334515013360700e-19,-2.890543831719035903e-05,3.147513186815653920e-26
1.982950000307853770e+04,4.063835673151809164e-22,1.802441041131050525e+01,1.000000249930657446e+03,1.012018914057063625e+02,-1.627450207847664028e-14,4.642635479305085047e-06,-3.019599571255553665e-05,-1.829690294847998627e-21,-9.760877635221978821e+00,9.000000000000000000e+01,-1.768987390395765896e-06,0.000000000000000000e+00,1.475334514374720645e-19,2.437683519611443023e-06,3.115901780971044877e-26
1.983950000308057497e+04,4.063835671485313174e-22,1.803350010675541881e+01,1.000000250420533121e+03,1.012018912201804994e+02,-1.627450208062324439e-14,4.635041742875752127e-06,-1.606601519428490531e-05,-9.668562746154463616e-22,-9.760882008332677273e+00,9.000000000000000000e+01,-1.513973365813015761e-06,0.000000000000000000e+00,1.475334514716826470e-19,4.913527423934234673e-06,3.168214071025301147e-26
1.984950000308261224e+04,4.063835669801220973e-22,1.804258980218826025e+01,1.000000251078978181e+03,1.012018910577448878e+02,-1.627450208126025273e-14,4.627654931417933531e-06,-8.082846777760916139e-05,-4.930817374622571936e-21,-9.760799732655609517e+00,9.000000000000000000e+01,-1.733551075023396840e-06,0.000000000000000000e+00,1.475334514056187962e-19,-4.166711591494360434e-05,3.165421857302521676e-26
1.985950000308464951e+04,4.063835668090726700e-22,1.805167949761026236e+01,1.000000251571647823e+03,1.012018908249298477e+02,-1.627450208605934169e-14,4.620475413102160349e-06,-1.133525687734229774e-05,-6.752419206429196132e-22,-9.760822266032823435e+00,9.000000000000000000e+01,-1.752551886801521992e-06,0.000000000000000000e+00,1.475334515245841148e-19,-2.890978447575101188e-05,3.147697538763135589e-26
1.986950000308668677e+04,4.063835666353025845e-22,1.806076919301955641e+01,1.000000252224504948e+03,1.012018908037210139e+02,-1.627450207775071154e-14,4.613509645267339804e-06,1.774883953504354189e-05,1.105085642277545462e-21,-9.761015351701511022e+00,9.000000000000000000e+01,-1.618764373125066855e-06,0.000000000000000000e+00,1.475334514813424135e-19,8.040630775389856651e-05,3.093071269331158070e-26
1.987950000308872404e+04,4.063835664593973310e-22,1.806985888841724730e+01,1.000000252706930041e+03,1.012018907608095191e+02,-1.627450207065324162e-14,4.606760740289286293e-06,-5.494366359898441824e-06,-3.161488103563862030e-22,-9.760946477013755285e+00,9.000000000000000000e+01,-1.817510365171610120e-06,0.000000000000000000e+00,1.475334513914647037e-19,4.141268801742282866e-05,3.062057831035717179e-26
1.988950000309076131e+04,4.063835662810614373e-22,1.807894858380205605e+01,1.000000253284350038e+03,1.012018906384777921e+02,-1.627450206828546615e-14,4.600235570318517934e-06,7.663418478963606535e-05,4.711196502917114746e-21,-9.760789506315246555e+00,9.000000000000000000e+01,-1.739193455361625349e-06,0.000000000000000000e+00,1.475334514598962687e-19,-4.745679273665068406e-05,3.159099162324841270e-26
1.989950000309279858e+04,4.063835661013649325e-22,1.808803827917357410e+01,1.000000253952108324e+03,1.012018905490779304e+02,-1.627450206382507620e-14,4.593930625438263099e-06,1.304831172542664980e-05,8.181954862090819309e-22,-9.760891144455197121e+00,9.000000000000000000e+01,-1.745189131713871000e-06,0.000000000000000000e+00,1.475334513492855138e-19,1.008598216157365101e-05,3.110218817070362669e-26
1.990950000309483585e+04,4.063835659206533177e-22,1.809712797453364885e+01,1.000000254408456385e+03,1.012018902570487739e+02,-1.627450207171545861e-14,4.587853900056692554e-06,-4.623437494118720647e-05,-2.812388861429609630e-21,-9.760932913922861331e+00,9.000000000000000000e+01,-1.666244176854265739e-06,0.000000000000000000e+00,1.475334513543216040e-19,3.373389313554291683e-05,3.107364713997465313e-26
1.991950000309687312e+04,4.063835657374204087e-22,1.810621766988258941e+01,1.000000255047343671e+03,1.012018900817065941e+02,-1.627450207232265116e-14,4.582004025489254718e-06,-2.362841294541517538e-05,-1.428612185814701878e-21,-9.760817733772357840e+00,9.000000000000000000e+01,-1.656740246910616154e-06,0.000000000000000000e+00,1.475334513840045659e-19,-3.147573236882200622e-05,3.154971510684087406e-26
1.992950000309891038e+04,4.063835655516330563e-22,1.811530736521817886e+01,1.000000255488790572e+03,1.012018900348684838e+02,-1.627450206491856994e-14,4.576385141829112399e-06,-3.191632612524819622e-05,-1.935474090799881298e-21,-9.760937424042506194e+00,9.000000000000000000e+01,-1.679541846977527627e-06,0.000000000000000000e+00,1.475334513077661476e-19,3.628731683136423816e-05,3.100551972690052031e-26
1.993950000310094765e+04,4.063835653653980757e-22,1.812439706053936916e+01,1.000000256136991084e+03,1.012018898665287452e+02,-1.627450206493135895e-14,4.570997592332066239e-06,-9.282153283132416538e-06,-5.491598986825869393e-22,-9.760822253473666166e+00,9.000000000000000000e+01,-1.780358992937246018e-06,0.000000000000000000e+00,1.475334513321457725e-19,-2.891688271239633014e-05,3.137268283058453016e-26
1.994950000310298492e+04,4.063835651776607193e-22,1.813348675584719416e+01,1.000000256640836596e+03,1.012018896555525913e+02,-1.627450206747024467e-14,4.565843720403466107e-06,4.864671295943804704e-06,3.155229699897686289e-22,-9.760826780874671371e+00,9.000000000000000000e+01,-1.595918016292677798e-06,0.000000000000000000e+00,1.475334513698421197e-19,-2.635368700647697555e-05,3.164922605882266573e-26
1.995950000310502219e+04,4.063835649889954747e-22,1.814257645114193807e+01,1.000000257164239883e+03,1.012018896009825255e+02,-1.627450206038141435e-14,4.560930870922643546e-06,3.272635082458359479e-05,2.022591871937776585e-21,-9.760835844309470488e+00,9.000000000000000000e+01,-1.720704967331590331e-06,0.000000000000000000e+00,1.475334513361935236e-19,-2.122238789761812051e-05,3.144666856995750757e-26
1.996950000310705946e+04,4.063835648001248477e-22,1.815166614642375720e+01,1.000000257716514170e+03,1.012018894308910859e+02,-1.627450206035401248e-14,4.556252850928896737e-06,2.437084207414039956e-05,1.511586000190517658e-21,-9.760955537896819578e+00,9.000000000000000000e+01,-1.712803197280962299e-06,0.000000000000000000e+00,1.475334513261231729e-19,4.654252733021098761e-05,3.081535088330674669e-26
1.997950000310909672e+04,4.063835646104954626e-22,1.816075584169255208e+01,1.000000258194282651e+03,1.012018892138281529e+02,-1.627450206316194079e-14,4.551813560103214608e-06,3.324000895676312682e-05,2.054566655561851163e-21,-9.760835854899479358e+00,9.000000000000000000e+01,-1.769208120890659546e-06,0.000000000000000000e+00,1.475334513604513816e-19,-2.121640248841009141e-05,3.131533624731522166e-26
1.998950000311113399e+04,4.063835644184314406e-22,1.816984553694691229e+01,1.000000258854590356e+03,1.012018890575234167e+02,-1.627450206211449759e-14,4.547612567861018140e-06,-2.783624793597021812e-06,-1.513077607091167085e-22,-9.760946470450285517e+00,9.000000000000000000e+01,-1.730545781627100568e-06,0.000000000000000000e+00,1.475334513107602705e-19,4.140895689202964380e-05,3.097573145863170523e-26
1.999950000311317126e+04,4.063835642247396881e-22,1.817893523218826957e+01,1.000000259275548160e+03,1.012018891575462618e+02,-1.627450204528102944e-14,4.543657188529243477e-06,2.938776610639735052e-05,1.818762376431700148e-21,-9.760895732725021645e+00,9.000000000000000000e+01,-1.746379091720175135e-06,0.000000000000000000e+00,1.475334511942976738e-19,1.268364803151163442e-05,3.106390917035004683e-26
2.000950000311520853e+04,4.063835640309826721e-22,1.818802492741492571e+01,1.000000259791500866e+03,1.012018887187447973e+02,-1.627450206143783479e-14,4.539950112635659291e-06,-6.708105491412555085e-05,-4.089270776933580502e-21,-9.760863903448726120e+00,9.000000000000000000e+01,-1.658470672212831854e-06,0.000000000000000000e+00,1.475334512326247390e-19,-5.336622216319461847e-06,3.142764644811933695e-26
2.001950000311724580e+04,4.063835638345518767e-22,1.819711462262792523e+01,1.000000260241329670e+03,1.012018887381374981e+02,-1.627450204939069814e-14,4.536491531254656625e-06,3.864143676768871905e-05,2.384915595315413812e-21,-9.760776035740647671e+00,9.000000000000000000e+01,-1.762436007529575076e-06,0.000000000000000000e+00,1.475334512400515822e-19,-5.508320427041877752e-05,3.164476891086483743e-26
2.002950000311928306e+04,4.063835636365540533e-22,1.820620431782952764e+01,1.000000260878354311e+03,1.012018885476955177e+02,-1.627450205010537773e-14,4.533283773772416730e-06,3.018773708528490842e-05,1.866839597441874498e-21,-9.760895760512214636e+00,9.000000000000000000e+01,-1.689630362871630479e-06,0.000000000000000000e+00,1.475334512364868544e-19,1.269936459229758915e-05,3.137459565606636324e-26
2.003950000312132033e+04,4.063835634365046160e-22,1.821529401301620510e+01,1.000000261432491243e+03,1.012018884159802923e+02,-1.627450204710955222e-14,4.530324455150181421e-06,2.168812330365095696e-05,1.347083942450042727e-21,-9.761015405638303832e+00,9.000000000000000000e+01,-1.648935394722241768e-06,0.000000000000000000e+00,1.475334511995602774e-19,8.043684806662757100e-05,3.062075569826588888e-26
2.004950000312335760e+04,4.063835632339051554e-22,1.822438370818769116e+01,1.000000261943787336e+03,1.012018881599930467e+02,-1.627450205158476329e-14,4.527627461726540869e-06,1.180755875053951330e-05,7.416825262786894866e-22,-9.760766952503928451e+00,9.000000000000000000e+01,-1.766647163705582508e-06,0.000000000000000000e+00,1.475334512281904056e-19,-6.022571861928969198e-05,3.175074130980920138e-26
2.005950000312539487e+04,4.063835630288317023e-22,1.823347340334436950e+01,1.000000262429006398e+03,1.012018879872216530e+02,-1.627450205082621358e-14,4.525188652220625207e-06,-1.113481393531212480e-05,-6.635290509560811957e-22,-9.760698010235355326e+00,9.000000000000000000e+01,-1.752119942031341751e-06,0.000000000000000000e+00,1.475334511954372225e-19,-9.925760919847512827e-05,3.207802981181087180e-26
2.006950000312743214e+04,4.063835628233751792e-22,1.824256309848636803e+01,1.000000262875109911e+03,1.012018879096851123e+02,-1.627450204421425599e-14,4.523014473319623674e-06,-1.492202696103277583e-06,-7.309616808650657871e-23,-9.760762401057268889e+00,9.000000000000000000e+01,-1.714005752283805088e-06,0.000000000000000000e+00,1.475334511459585655e-19,-6.280252853011482849e-05,3.182258689658476510e-26
2.007950000312946941e+04,4.063835626165605369e-22,1.825165279361358728e+01,1.000000263460911810e+03,1.012018876102799823e+02,-1.627450205111331162e-14,4.521104900363719540e-06,-3.322897125357969288e-05,-2.016967018638633226e-21,-9.760813122332956837e+00,9.000000000000000000e+01,-1.631633126366205235e-06,0.000000000000000000e+00,1.475334511722997742e-19,-3.408652278012971773e-05,3.175560902840380549e-26
2.008950000313150667e+04,4.063835624087138575e-22,1.826074248872629369e+01,1.000000263918191195e+03,1.012018874855392596e+02,-1.627450204725995013e-14,4.519459810700633676e-06,8.503647163523264213e-06,5.390155755197879872e-22,-9.760826796279065576e+00,9.000000000000000000e+01,-1.680406474406574139e-06,0.000000000000000000e+00,1.475334511828981426e-19,-2.634497229091742248e-05,3.155245624741524786e-26
2.009950000313354394e+04,4.063835621998073995e-22,1.826983218382358842e+01,1.000000264506787062e+03,1.012018873707482953e+02,-1.627450204273827515e-14,4.518084978886045088e-06,-1.395015114097892537e-05,-8.344649223670525101e-22,-9.760941906421805925e+00,9.000000000000000000e+01,-1.718897496272770856e-06,0.000000000000000000e+00,1.475334511169004475e-19,3.882501837734950970e-05,3.065227450364045264e-26
2.010950000313558121e+04,4.063835619889675354e-22,1.827892187890630993e+01,1.000000264867208898e+03,1.012018870701640196e+02,-1.627450204948762706e-14,4.516983026949596101e-06,-7.390189069608999958e-05,-4.506679221105756161e-21,-9.760799414675204844e+00,9.000000000000000000e+01,-1.713281527260616983e-06,0.000000000000000000e+00,1.475334511108415441e-19,-4.184716097677212862e-05,3.161356614564221121e-26
2.011950000313761848e+04,4.063835617781330316e-22,1.828801157397216670e+01,1.000000265510752797e+03,1.012018870206824772e+02,-1.627450204086101023e-14,4.516153221409075080e-06,-9.002470809313863911e-06,-5.325405689825112203e-22,-9.760882068212186624e+00,9.000000000000000000e+01,-1.684287743451020290e-06,0.000000000000000000e+00,1.475334511040284706e-19,4.947416768617776812e-06,3.123399040828542603e-26
2.012950000313965575e+04,4.063835615657457937e-22,1.829710126902529765e+01,1.000000265938229859e+03,1.012018868806814140e+02,-1.627450203769143654e-14,4.515595423957490738e-06,4.163444969282916575e-05,2.567035740188323299e-21,-9.760776105940257352e+00,9.000000000000000000e+01,-1.627942639713772108e-06,0.000000000000000000e+00,1.475334511305185537e-19,-5.504347256433826170e-05,3.186715192031604574e-26
2.013950000314169301e+04,4.063835613518919621e-22,1.830619096406335800e+01,1.000000266484916210e+03,1.012018867592691720e+02,-1.627450203330244165e-14,4.515314612450076732e-06,-3.166150574636971749e-05,-1.919891267006913190e-21,-9.760813091897054150e+00,9.000000000000000000e+01,-1.733328385306819410e-06,0.000000000000000000e+00,1.475334510097685962e-19,-3.410374200616252214e-05,3.147870917995681287e-26
2.014950000314373028e+04,4.063835611378517911e-22,1.831528065908539205e+01,1.000000266868621111e+03,1.012018865346849310e+02,-1.627450203522029504e-14,4.515313287782905158e-06,4.216069226171404707e-05,2.599955943207344810e-21,-9.760776119418896002e+00,9.000000000000000000e+01,-1.709715871018321948e-06,0.000000000000000000e+00,1.475334511074612000e-19,-5.503584332000350799e-05,3.173830771401641085e-26
2.015950000314576755e+04,4.063835609224646446e-22,1.832437035409104809e+01,1.000000267440453172e+03,1.012018863714808106e+02,-1.627450203330503227e-14,4.515590897194967425e-06,7.941047301147701951e-05,4.879380662814545723e-21,-9.760849581112589490e+00,9.000000000000000000e+01,-1.508508842092574700e-06,0.000000000000000000e+00,1.475334511304711517e-19,-1.344526686053154229e-05,3.177137232850352029e-26
2.016950000314780482e+04,4.063835607070867611e-22,1.833346004908097981e+01,1.000000267927534878e+03,1.012018862157693064e+02,-1.627450203093217653e-14,4.516144624143057020e-06,1.053894915394821518e-05,6.647974197951075187e-22,-9.760826809043335217e+00,9.000000000000000000e+01,-1.787735844243245050e-06,0.000000000000000000e+00,1.475334510327182663e-19,-2.633774311481000804e-05,3.126085993670954028e-26
2.017950000314984209e+04,4.063835604913043664e-22,1.834254974405590133e+01,1.000000268426723778e+03,1.012018860137411878e+02,-1.627450203137298254e-14,4.516977825481267647e-06,3.846184492936443992e-05,2.373386639441170628e-21,-9.760835969688983482e+00,9.000000000000000000e+01,-1.698035907339364815e-06,0.000000000000000000e+00,1.475334510666359630e-19,-2.115141862630700461e-05,3.160601246949597322e-26
2.018950000315187935e+04,4.063835602741493235e-22,1.835163943901513406e+01,1.000000268866308033e+03,1.012018858917338662e+02,-1.627450202683720273e-14,4.518090892747448541e-06,7.085490650357069041e-05,4.357891385405248615e-21,-9.760785310223305089e+00,9.000000000000000000e+01,-1.760043797853677748e-06,0.000000000000000000e+00,1.475334510608084842e-19,-4.983243914601078812e-05,3.138207349618646737e-26
2.019950000315391662e+04,4.063835600550923307e-22,1.836072913395890893e+01,1.000000269342213869e+03,1.012018855873666325e+02,-1.627450203336250552e-14,4.519492178087312043e-06,-3.912034773849449849e-05,-2.376847685253138251e-21,-9.760932718836306421e+00,9.000000000000000000e+01,-1.639510037201442881e-06,0.000000000000000000e+00,1.475334509976934969e-19,3.362342520207918696e-05,3.105251417206749583e-26
2.020950000315595389e+04,4.063835598337769781e-22,1.836981882888619921e+01,1.000000269887968898e+03,1.012018854535755992e+02,-1.627450202931975431e-14,4.521174049776470234e-06,-2.178868690904918055e-06,-1.154965732086958492e-22,-9.760822230041588554e+00,9.000000000000000000e+01,-1.652960882838164164e-06,0.000000000000000000e+00,1.475334510012509784e-19,-2.893016754423488352e-05,3.169877063450256936e-26
2.021950000315799116e+04,4.063835596105765088e-22,1.837890852379719675e+01,1.000000270286574960e+03,1.012018853517221260e+02,-1.627450202321564329e-14,4.523147463051741705e-06,1.185234164929157479e-05,7.453228318403992303e-22,-9.760826818167160468e+00,9.000000000000000000e+01,-1.792257066334039176e-06,0.000000000000000000e+00,1.475334509611326058e-19,-2.633257957350984904e-05,3.122506886377679835e-26
2.022950000316002843e+04,4.063835593844085275e-22,1.838799821869491424e+01,1.000000270723365247e+03,1.012018850605010840e+02,-1.627450202854172604e-14,4.525414626151161732e-06,2.610951989703725603e-05,1.617512628666946007e-21,-9.761015478494707409e+00,9.000000000000000000e+01,-1.575806961930784773e-06,0.000000000000000000e+00,1.475334510238707367e-19,8.047807165804062349e-05,3.058226881835194270e-26
2.023950000316206570e+04,4.063835591574430438e-22,1.839708791357535489e+01,1.000000271168537438e+03,1.012018849364132791e+02,-1.627450202359267462e-14,4.527981516436976639e-06,1.240213109282797464e-05,7.784515471052650560e-22,-9.760826821884796445e+00,9.000000000000000000e+01,-1.740057370346423155e-06,0.000000000000000000e+00,1.475334509635771887e-19,-2.633048090122390957e-05,3.135581651718583284e-26
2.024950000316410296e+04,4.063835589304243807e-22,1.840617760843779038e+01,1.000000271707773209e+03,1.012018848144942922e+02,-1.627450201850575556e-14,4.530844133746608505e-06,3.512162828261050326e-06,2.349522950997682976e-22,-9.760946473164056059e+00,9.000000000000000000e+01,-1.723116845557637660e-06,0.000000000000000000e+00,1.475334509073525288e-19,4.141048950608153457e-05,3.057892066441169394e-26
2.025950000316614023e+04,4.063835587027881600e-22,1.841526730328410721e+01,1.000000272115692496e+03,1.012018845340973456e+02,-1.627450202308990833e-14,4.534006111377943514e-06,-5.459308109678213414e-06,-3.153863299129228869e-22,-9.760882052777891005e+00,9.000000000000000000e+01,-1.694434501662449997e-06,0.000000000000000000e+00,1.475334509378688647e-19,4.938666691636329497e-06,3.116842077560916432e-26
2.026950000316817750e+04,4.063835584736183423e-22,1.842435699811338523e+01,1.000000272597186267e+03,1.012018843280982310e+02,-1.627450202303335015e-14,4.537467262284363578e-06,-4.660833886293895502e-05,-2.835986188344144396e-21,-9.760868254540628897e+00,9.000000000000000000e+01,-1.609951844880292390e-06,0.000000000000000000e+00,1.475334508913039712e-19,-2.873250473848064102e-06,3.145488751368792303e-26
2.027950000317021477e+04,4.063835582423959703e-22,1.843344669292701354e+01,1.000000272977165878e+03,1.012018840995828128e+02,-1.627450202424070177e-14,4.541230854039855589e-06,-2.332867978612669928e-05,-1.411037224663183523e-21,-9.760937188814484244e+00,9.000000000000000000e+01,-1.475007525299532813e-06,0.000000000000000000e+00,1.475334509269625401e-19,3.615410816074123425e-05,3.119152957803718737e-26
2.028950000317225204e+04,4.063835580109976034e-22,1.844253638772272197e+01,1.000000273570418358e+03,1.012018839546104800e+02,-1.627450202032508969e-14,4.545297663978523817e-06,9.137172138720662295e-06,5.777123246152530262e-22,-9.760886594868138033e+00,9.000000000000000000e+01,-1.614386225106063834e-06,0.000000000000000000e+00,1.475334509267303933e-19,7.510181011748526769e-06,3.129366964831693544e-26
2.029950000317428930e+04,4.063835577797128833e-22,1.845162608250210212e+01,1.000000273856334388e+03,1.012018836953140806e+02,-1.627450202341488431e-14,4.549666397580980542e-06,-1.360871187331190973e-05,-8.146051772501527033e-22,-9.760817630240298470e+00,9.000000000000000000e+01,-1.710683701085672560e-06,0.000000000000000000e+00,1.475334509286905326e-19,-3.153437589947713358e-05,3.147800651738262156e-26
2.030950000317632657e+04,4.063835575490639645e-22,1.846071577726351265e+01,1.000000274363905191e+03,1.012018837277595509e+02,-1.627450200867599648e-14,4.554338743543526851e-06,4.277980403730219708e-07,4.480692230500470254e-23,-9.760822229088439883e+00,9.000000000000000000e+01,-1.698680923828765492e-06,0.000000000000000000e+00,1.475334508109639721e-19,-2.893070358945509560e-05,3.147491250468912349e-26
2.031950000317836384e+04,4.063835573180214432e-22,1.846980547201157208e+01,1.000000274711288512e+03,1.012018833657962631e+02,-1.627450201806542287e-14,4.559316195475797148e-06,-1.306582112418701925e-05,-7.816194231093186224e-22,-9.760817619185054639e+00,9.000000000000000000e+01,-1.684990646035623787e-06,0.000000000000000000e+00,1.475334508796705840e-19,-3.154063168163587873e-05,3.153831485164805372e-26
2.032950000318040111e+04,4.063835570874750276e-22,1.847889516674080568e+01,1.000000275279395282e+03,1.012018832557487400e+02,-1.627450201205800096e-14,4.564595532829981945e-06,-8.198002709921879837e-06,-4.827396632588729451e-22,-9.760757798822034204e+00,9.000000000000000000e+01,-1.796730580104611172e-06,0.000000000000000000e+00,1.475334508302977569e-19,-6.540812082185674568e-05,3.157736342581630784e-26
2.033950000318243838e+04,4.063835568568722353e-22,1.848798486145228281e+01,1.000000275583937764e+03,1.012018830044939932e+02,-1.627450201469160362e-14,4.570178712880817444e-06,-4.947755958388243302e-05,-3.011628275819791670e-21,-9.760928021808203070e+00,9.000000000000000000e+01,-1.580462047207012119e-06,0.000000000000000000e+00,1.475334508077456469e-19,3.096417698125826561e-05,3.120495674293500404e-26
2.034950000318447564e+04,4.063835566259374833e-22,1.849707455614746365e+01,1.000000276037491858e+03,1.012018828235715233e+02,-1.627450201300216333e-14,4.576069287195050705e-06,-4.457865889585086350e-05,-2.710821681366532258e-21,-9.760868217088225052e+00,9.000000000000000000e+01,-1.697347813417358276e-06,0.000000000000000000e+00,1.475334507971917675e-19,-2.894461922505107058e-06,3.124246210120822576e-26
2.035950000318651291e+04,4.063835563930779299e-22,1.850616425082612082e+01,1.000000276379287243e+03,1.012018826724466862e+02,-1.627450200938121289e-14,4.582266351304696136e-06,-2.584833700582902567e-05,-1.563883476434748717e-21,-9.760812992616054729e+00,9.000000000000000000e+01,-1.727788495162646296e-06,0.000000000000000000e+00,1.475334507844851076e-19,-3.415997651627475276e-05,3.144546983395132238e-26
2.036950000318855018e+04,4.063835561596705020e-22,1.851525394548740167e+01,1.000000276925973594e+03,1.012018826277075192e+02,-1.627450199921608695e-14,4.588773379798790295e-06,3.871389160198737694e-05,2.389686915942897222e-21,-9.760895950452168179e+00,9.000000000000000000e+01,-1.745838829979763019e-06,0.000000000000000000e+00,1.475334507634106914e-19,1.280688358361876646e-05,3.115029605255541129e-26
2.037950000319058745e+04,4.063835559273502654e-22,1.852434364013201673e+01,1.000000277315266430e+03,1.012018821912913751e+02,-1.627450201309328939e-14,4.595584760428439723e-06,-3.468795593261060444e-05,-2.105674712740795453e-21,-9.760932614403678542e+00,9.000000000000000000e+01,-1.611385664375133766e-06,0.000000000000000000e+00,1.475334508065132684e-19,3.356428005691786809e-05,3.109934769046627723e-26
2.038950000319262472e+04,4.063835556956741997e-22,1.853343333475939758e+01,1.000000277713872492e+03,1.012018821020384109e+02,-1.627450200575028809e-14,4.602704344180633670e-06,3.957597475066374973e-05,2.440310916933970930e-21,-9.760711853638809998e+00,9.000000000000000000e+01,-1.589928624716482811e-06,0.000000000000000000e+00,1.475334508214372514e-19,-9.142014813878405165e-05,3.227367385296266411e-26
2.039950000319466199e+04,4.063835554649121514e-22,1.854252302936929553e+01,1.000000278088264167e+03,1.012018819713447613e+02,-1.627450200099367771e-14,4.610130084498487773e-06,-2.478816893038959519e-05,-1.499154707801841906e-21,-9.760812976724089651e+00,9.000000000000000000e+01,-1.711901573639861141e-06,0.000000000000000000e+00,1.475334507071673741e-19,-3.416897200705467421e-05,3.149587580315317746e-26
2.040950000319669925e+04,4.063835552350641675e-22,1.855161272396512118e+01,1.000000278469175100e+03,1.012018817340806009e+02,-1.627450200281436553e-14,4.617861967148651815e-06,-2.887234684938199037e-05,-1.749246647307989132e-21,-9.760688717596799790e+00,9.000000000000000000e+01,-1.781969015161440233e-06,0.000000000000000000e+00,1.475334507182496805e-19,-1.045186903906514584e-04,3.199438121735320645e-26
2.041950000319873652e+04,4.063835550057214580e-22,1.856070241854328273e+01,1.000000278960913420e+03,1.012018815112997885e+02,-1.627450200377429565e-14,4.625890696363860118e-06,-6.123276541889908718e-06,-3.570080557079035642e-22,-9.760941856604828715e+00,9.000000000000000000e+01,-1.567198498074372943e-06,0.000000000000000000e+00,1.475334507511021213e-19,3.879678333451245495e-05,3.116664614446076809e-26
2.042950000320077379e+04,4.063835547761220206e-22,1.856979211310433797e+01,1.000000279288738966e+03,1.012018813984478385e+02,-1.627450199799036750e-14,4.634222076954214447e-06,4.496780132253584439e-05,2.772668588059544228e-21,-9.760836136322959433e+00,9.000000000000000000e+01,-1.746492090466898141e-06,0.000000000000000000e+00,1.475334507545963601e-19,-2.105709843920989339e-05,3.127879903253574968e-26
2.043950000320281106e+04,4.063835545455154197e-22,1.857888180764848229e+01,1.000000279729254544e+03,1.012018810402487219e+02,-1.627450200717274945e-14,4.642858009348597768e-06,-4.271107287991993161e-05,-2.598630050782791424e-21,-9.761052202759506358e+00,9.000000000000000000e+01,-1.413740500470501252e-06,0.000000000000000000e+00,1.475334507398008607e-19,1.012696120556047481e-04,3.112647125294180342e-26
2.044950000320484833e+04,4.063835543148215971e-22,1.858797150217625926e+01,1.000000279963016510e+03,1.012018810051397253e+02,-1.627450199656766632e-14,4.651801448587726770e-06,-6.436937679512246918e-07,-2.066593810918561590e-23,-9.760882044465729379e+00,9.000000000000000000e+01,-1.678873319827921575e-06,0.000000000000000000e+00,1.475334506900805236e-19,4.933946910427297219e-06,3.120357038149141726e-26
2.045950000320688559e+04,4.063835540849946310e-22,1.859706119668650004e+01,1.000000280555337667e+03,1.012018807375060447e+02,-1.627450200024879107e-14,4.661048001052327881e-06,-1.893873889727632883e-05,-1.141017427125732715e-21,-9.760937212697216481e+00,9.000000000000000000e+01,-1.637896172867193502e-06,0.000000000000000000e+00,1.475334507022351878e-19,3.616761485671200028e-05,3.100932577938613324e-26
2.046950000320892286e+04,4.063835538546459805e-22,1.860615089118052623e+01,1.000000280884094536e+03,1.012018806409216864e+02,-1.627450199342741931e-14,4.670594744783778438e-06,-9.139077386675301473e-06,-5.413533058353830017e-22,-9.760817593352250299e+00,9.000000000000000000e+01,-1.668202736982673568e-06,0.000000000000000000e+00,1.475334506509608901e-19,-3.155526267929115901e-05,3.158185879360609656e-26
2.047950000321096013e+04,4.063835536237361490e-22,1.861524058565743545e+01,1.000000281292013824e+03,1.012018804998373298e+02,-1.627450198929866649e-14,4.680450142562257186e-06,9.118150107018411707e-06,5.770002748194988555e-22,-9.760946497068010430e+00,9.000000000000000000e+01,-1.634520230350538327e-06,0.000000000000000000e+00,1.475334506331848456e-19,4.142400139230773904e-05,3.096355873903469955e-26
2.048950000321299740e+04,4.063835533915462512e-22,1.862433028011681913e+01,1.000000281582586467e+03,1.012018803198254773e+02,-1.627450198748392668e-14,4.690609395436111769e-06,-1.343893247055731256e-05,-8.041352880321241078e-22,-9.760877451466264176e+00,9.000000000000000000e+01,-1.721734042159887207e-06,0.000000000000000000e+00,1.475334505912914878e-19,2.333608620381637808e-06,3.132251855012815231e-26
2.049950000321503467e+04,4.063835531582741463e-22,1.863341997455775001e+01,1.000000281888991594e+03,1.012018799214422415e+02,-1.627450199897968111e-14,4.701078723091826610e-06,1.927896698296644454e-05,1.198469332969884634e-21,-9.760826888307848392e+00,9.000000000000000000e+01,-1.618772210011801980e-06,0.000000000000000000e+00,1.475334507297293785e-19,-2.629291249938745065e-05,3.156781380545991329e-26
2.050950000321707194e+04,4.063835529258199033e-22,1.864250966897719763e+01,1.000000281995162368e+03,1.012018799552434984e+02,-1.627450198405605784e-14,4.711851046923467743e-06,-3.965009854763188233e-06,-2.242508452736194362e-22,-9.760941849999186459e+00,9.000000000000000000e+01,-1.623822192957280058e-06,0.000000000000000000e+00,1.475334505693518717e-19,3.879304698336911929e-05,3.101592800677305469e-26
2.051950000321910920e+04,4.063835526947044544e-22,1.865159936337978763e+01,1.000000281999818981e+03,1.012018794576936500e+02,-1.627450200174247395e-14,4.722931442068754984e-06,1.014277821006676658e-05,6.391985599578482428e-22,-9.760946503417443409e+00,9.000000000000000000e+01,-1.583471869713174723e-06,0.000000000000000000e+00,1.475334507429437135e-19,4.142756347109361804e-05,3.109871457559597405e-26
2.052950000322114647e+04,4.063835524653096941e-22,1.866068905776524289e+01,1.000000282118096948e+03,1.012018795101333950e+02,-1.627450198584746629e-14,4.734317177797702259e-06,1.357397164609091441e-06,1.030072955526733922e-22,-9.760882101234125585e+00,9.000000000000000000e+01,-1.767828599825340349e-06,0.000000000000000000e+00,1.475334505897765754e-19,4.966077611753941458e-06,3.085279945760289112e-26
2.053950000322318374e+04,4.063835522365958271e-22,1.866977875213516924e+01,1.000000282038003206e+03,1.012018792208712341e+02,-1.627450199091270430e-14,4.746005826122973645e-06,-1.214969961993118345e-05,-7.252220838397055240e-22,-9.760877387586358367e+00,9.000000000000000000e+01,-1.680860072393025909e-06,0.000000000000000000e+00,1.475334506196296933e-19,2.297419945153647595e-06,3.122808485908151703e-26
2.054950000322522101e+04,4.063835520085570230e-22,1.867886844648747768e+01,1.000000282291322947e+03,1.012018790085364230e+02,-1.627450199130569902e-14,4.757995961137803871e-06,1.569318286529353582e-05,9.794852983050574722e-22,-9.760886706400718538e+00,9.000000000000000000e+01,-1.658929282753461464e-06,0.000000000000000000e+00,1.475334506530130166e-19,7.573291398267901602e-06,3.123530525283186262e-26
2.055950000322725828e+04,4.063835517813755305e-22,1.868795814082366391e+01,1.000000282361172140e+03,1.012018788816497477e+02,-1.627450198651330592e-14,4.770283429937605983e-06,2.970925840811434711e-05,1.838096418005585600e-21,-9.760891371693553253e+00,9.000000000000000000e+01,-1.693036228046728743e-06,0.000000000000000000e+00,1.475334506246306593e-19,1.021456512687848447e-05,3.112611829265472536e-26
2.056950000322929554e+04,4.063835515545070016e-22,1.869704783514366042e+01,1.000000282386317849e+03,1.012018786459582174e+02,-1.627450198839955123e-14,4.782872004663061695e-06,-4.870381265170408569e-05,-2.963317420929100368e-21,-9.760987653203947900e+00,9.000000000000000000e+01,-1.607280967725424153e-06,0.000000000000000000e+00,1.475334505545624871e-19,6.472465733817541346e-05,3.065216629366509527e-26
2.057950000323133281e+04,4.063835513287833571e-22,1.870613752944625219e+01,1.000000282462686300e+03,1.012018785387260493e+02,-1.627450198248523698e-14,4.795757927018179288e-06,1.641261525021748698e-05,1.024047104399474691e-21,-9.760886714290316846e+00,9.000000000000000000e+01,-1.708685015079403415e-06,0.000000000000000000e+00,1.475334505723113519e-19,7.577761202057325681e-06,3.111150122670478617e-26
2.058950000323337008e+04,4.063835511031721840e-22,1.871522722373667946e+01,1.000000282372348011e+03,1.012018782489526103e+02,-1.627450198775268844e-14,4.808946560498966933e-06,2.563007445799880477e-05,1.587676815439459290e-21,-9.760951184848368101e+00,9.000000000000000000e+01,-1.598380554393691591e-06,0.000000000000000000e+00,1.475334506289940461e-19,4.407796808336416234e-05,3.104669868691509325e-26
2.059950000323540735e+04,4.063835508794203138e-22,1.872431691800837328e+01,1.000000282628461719e+03,1.012018781320850138e+02,-1.627450198253697679e-14,4.822427541117194252e-06,-5.689440361824104405e-05,-3.463481848354389438e-21,-9.760923161063431053e+00,9.000000000000000000e+01,-1.776893435111885738e-06,0.000000000000000000e+00,1.475334504906568094e-19,2.821222000939028050e-05,3.057682831472833490e-26
2.060950000323744462e+04,4.063835506568120115e-22,1.873340661226379567e+01,1.000000282622873783e+03,1.012018779567398781e+02,-1.627450198096477070e-14,4.836200280376595637e-06,-8.910631014484346577e-05,-5.437548159459096511e-21,-9.760973602193841359e+00,9.000000000000000000e+01,-1.651386966270713766e-06,0.000000000000000000e+00,1.475334504403296358e-19,5.676963278489959784e-05,3.096136167427627469e-26
2.061950000323948188e+04,4.063835504337194055e-22,1.874249630650363940e+01,1.000000282648019493e+03,1.012018777689983295e+02,-1.627450198012453601e-14,4.850268437742463900e-06,-2.882281759063314787e-05,-1.745984160419799403e-21,-9.760932494580247365e+00,9.000000000000000000e+01,-1.668901721123909503e-06,0.000000000000000000e+00,1.475334504983489735e-19,3.349641594422072264e-05,3.097104053097117859e-26
2.062950000324151915e+04,4.063835502102312222e-22,1.875158600072646564e+01,1.000000282737426460e+03,1.012018776104559521e+02,-1.627450197747495103e-14,4.864630219731316823e-06,4.526507988589783150e-05,2.789798301019491416e-21,-9.760896051259246420e+00,9.000000000000000000e+01,-1.607628996740888510e-06,0.000000000000000000e+00,1.475334505552795590e-19,1.286390554289482315e-05,3.130119376913459994e-26
2.063950000324355642e+04,4.063835499870148132e-22,1.876067569493462273e+01,1.000000282675959170e+03,1.012018774170971369e+02,-1.627450197697170195e-14,4.879286255590862899e-06,-9.585761641150399023e-06,-5.683656865361492225e-22,-9.760877325972259655e+00,9.000000000000000000e+01,-1.662866173338177058e-06,0.000000000000000000e+00,1.475334504896895592e-19,2.262524781906753368e-06,3.125352421923330980e-26
2.064950000324559369e+04,4.063835497645259411e-22,1.876976538912578363e+01,1.000000282856635749e+03,1.012018772481829387e+02,-1.627450197501349990e-14,4.894237351342485222e-06,4.188426107396489708e-05,2.583076915099843672e-21,-9.760771827493696762e+00,9.000000000000000000e+01,-1.727698956187253802e-06,0.000000000000000000e+00,1.475334505279635409e-19,-5.746578971758195005e-05,3.177952573918331678e-26
2.065950000324763096e+04,4.063835495422651149e-22,1.877885508330094666e+01,1.000000282915309072e+03,1.012018770286572789e+02,-1.627450197616509798e-14,4.909478565434034322e-06,-4.135775526795949042e-06,-2.346187904891961742e-22,-9.760817574276360986e+00,9.000000000000000000e+01,-1.693375707731209482e-06,0.000000000000000000e+00,1.475334504869460961e-19,-3.156610059659584118e-05,3.145742670660594350e-26
2.066950000324966823e+04,4.063835493231784997e-22,1.878794477746019354e+01,1.000000282867811620e+03,1.012018768887120075e+02,-1.627450197261943958e-14,4.925013734570443993e-06,-8.851945341805164054e-06,-5.229803277929249748e-22,-9.760877420352359835e+00,9.000000000000000000e+01,-1.725493585015564398e-06,0.000000000000000000e+00,1.475334504491878784e-19,2.315954404644419831e-06,3.117852708112931393e-26
2.067950000325170549e+04,4.063835491049826740e-22,1.879703447160441243e+01,1.000000282960943878e+03,1.012018766685818889e+02,-1.627450197403347591e-14,4.940836265611202809e-06,-5.490425193344598961e-05,-3.343222904796795433e-21,-9.760923090414706849e+00,9.000000000000000000e+01,-1.687543664556215764e-06,0.000000000000000000e+00,1.475334504104945495e-19,2.817220762292793490e-05,3.115431869224472566e-26
2.068950000325374276e+04,4.063835488878159232e-22,1.880612416573508838e+01,1.000000282850116491e+03,1.012018765366619704e+02,-1.627450197010241793e-14,4.956943570100970776e-06,-3.322626029042984000e-06,-1.841015857013448430e-22,-9.760817572789578733e+00,9.000000000000000000e+01,-1.749350849347909929e-06,0.000000000000000000e+00,1.475334504312114409e-19,-3.156694219826086082e-05,3.123733837690211994e-26
2.069950000325578003e+04,4.063835486715275487e-22,1.881521385984848749e+01,1.000000282989814878e+03,1.012018763955671119e+02,-1.627450196678191621e-14,4.973338135140106285e-06,-3.186016190899956389e-05,-1.931901879098673776e-21,-9.760992250247770841e+00,9.000000000000000000e+01,-1.644825838184978902e-06,0.000000000000000000e+00,1.475334503692639283e-19,6.732727724605577183e-05,3.072299804279860488e-26
2.070950000325781730e+04,4.063835484562044902e-22,1.882430355394555122e+01,1.000000283140689135e+03,1.012018763330974309e+02,-1.627450195870249117e-14,4.990011688399479077e-06,2.972898301428871700e-05,1.839335812440559624e-21,-9.760767173093189086e+00,9.000000000000000000e+01,-1.772979368187564562e-06,0.000000000000000000e+00,1.475334503637170575e-19,-6.010088699243958408e-05,3.162548416999853200e-26
2.071950000325985457e+04,4.063835482426725089e-22,1.883339324802777526e+01,1.000000283041968942e+03,1.012018760797559480e+02,-1.627450196240709874e-14,5.006970241742621342e-06,1.120597178265909526e-05,7.053869253949851776e-22,-9.760822283237313712e+00,9.000000000000000000e+01,-1.769213667778023968e-06,0.000000000000000000e+00,1.475334503759089162e-19,-2.890010621579516644e-05,3.134708792006486947e-26
2.072950000326189183e+04,4.063835480300016478e-22,1.884248294209483987e+01,1.000000283110886812e+03,1.012018758838296009e+02,-1.627450196264419877e-14,5.024211623817370303e-06,-2.109313818602789696e-05,-1.272926363079563820e-21,-9.760872637464999002e+00,9.000000000000000000e+01,-1.681350284924970542e-06,0.000000000000000000e+00,1.475334503417876728e-19,-3.918963781484098592e-07,3.127561780618575370e-26
2.073950000326392910e+04,4.063835478195257168e-22,1.885157263614660295e+01,1.000000283133238554e+03,1.012018756371381727e+02,-1.627450196611217646e-14,5.041730863876448055e-06,1.682026746474292439e-05,1.048152570498528855e-21,-9.760762485381242470e+00,9.000000000000000000e+01,-1.720458385288245742e-06,0.000000000000000000e+00,1.475334504139258826e-19,-6.275487101702437816e-05,3.187845636481223211e-26
2.074950000326596637e+04,4.063835476089886130e-22,1.886066233018425464e+01,1.000000282989814878e+03,1.012018756479439077e+02,-1.627450195380719589e-14,5.059527561847802831e-06,6.204395110796400890e-05,3.817491753840128930e-21,-9.760900877511597074e+00,9.000000000000000000e+01,-1.644886166946177012e-06,0.000000000000000000e+00,1.475334503524514988e-19,1.559630017249326737e-05,3.123575478361167336e-26
2.075950000326800364e+04,4.063835473992223984e-22,1.886975202420585873e+01,1.000000283087603748e+03,1.012018754111934840e+02,-1.627450195670486186e-14,5.077601488493944500e-06,1.594536344144941163e-05,9.951303452385885812e-22,-9.760946554050368817e+00,9.000000000000000000e+01,-1.654054891870837880e-06,0.000000000000000000e+00,1.475334503270738810e-19,4.145621822651796939e-05,3.096427864781235035e-26
2.076950000327004091e+04,4.063835471907035244e-22,1.887884171821155022e+01,1.000000283163972199e+03,1.012018751447261593e+02,-1.627450196149208320e-14,5.095946081193642286e-06,-3.384084261943497531e-05,-2.053944211251745858e-21,-9.760867917324770104e+00,9.000000000000000000e+01,-1.674433061937098787e-06,0.000000000000000000e+00,1.475334503145997772e-19,-3.064230249047930802e-06,3.149733101840413303e-26
2.077950000327207817e+04,4.063835469840250983e-22,1.888793141220488181e+01,1.000000283076427877e+03,1.012018749934228197e+02,-1.627450195932724061e-14,5.114561827444122069e-06,-1.619323317309798581e-05,-9.736164598363129092e-22,-9.760996921732385090e+00,9.000000000000000000e+01,-1.578776684003523387e-06,0.000000000000000000e+00,1.475334503138725460e-19,6.997203730504880724e-05,3.105879147324914386e-26
2.078950000327411544e+04,4.063835467776709207e-22,1.889702110618518560e+01,1.000000283090397716e+03,1.012018749263604604e+02,-1.627450195202412412e-14,5.133451706811391495e-06,4.057778772685344693e-05,2.503752410483245571e-21,-9.760831708706946941e+00,9.000000000000000000e+01,-1.782638865421793971e-06,0.000000000000000000e+00,1.475334503100525362e-19,-2.356385474249696966e-05,3.143522016954547228e-26
2.079950000327615271e+04,4.063835465727344362e-22,1.890611080014916112e+01,1.000000283086672425e+03,1.012018747410667743e+02,-1.627450195203658813e-14,5.152611985930548888e-06,1.180983868735771666e-05,7.416354049698739596e-22,-9.761006346880968465e+00,9.000000000000000000e+01,-1.597469694421795222e-06,0.000000000000000000e+00,1.475334502778249875e-19,7.530811941469795618e-05,3.079545868713215729e-26
2.080950000327818998e+04,4.063835463698498006e-22,1.891520049409815130e+01,1.000000282995402813e+03,1.012018746628362891e+02,-1.627450194560811012e-14,5.172042200904612946e-06,3.956372110021843055e-05,2.441272070029080528e-21,-9.761015783606969975e+00,9.000000000000000000e+01,-1.643893350441248752e-06,0.000000000000000000e+00,1.475334502499406034e-19,8.065075778751625794e-05,3.080137467528695907e-26
2.081950000328022725e+04,4.063835461699201228e-22,1.892429018803277074e+01,1.000000282949768007e+03,1.012018746150322812e+02,-1.627450193748086118e-14,5.191738425029591663e-06,8.775495687029778681e-05,5.393756326095644747e-21,-9.760786106090312941e+00,9.000000000000000000e+01,-1.899503970748929152e-06,0.000000000000000000e+00,1.475334502293126418e-19,-4.938191543669511705e-05,3.123011878953239275e-26
2.082950000328226452e+04,4.063835459717376527e-22,1.893337988195256827e+01,1.000000283107161522e+03,1.012018742936090661e+02,-1.627450194620298382e-14,5.211691523066600787e-06,1.762682344112465716e-05,1.098738089818695688e-21,-9.760946572994779302e+00,9.000000000000000000e+01,-1.691782097169171547e-06,0.000000000000000000e+00,1.475334502298320892e-19,4.146693679018382904e-05,3.072761517744089371e-26
2.083950000328430178e+04,4.063835457761780867e-22,1.894246957585914615e+01,1.000000283074565232e+03,1.012018741043960972e+02,-1.627450194697591920e-14,5.231900978482104675e-06,-1.828713898146958199e-05,-1.101292440155244084e-21,-9.760872603406184567e+00,9.000000000000000000e+01,-1.672798027830889598e-06,0.000000000000000000e+00,1.475334501966004088e-19,-4.111906216655486151e-07,3.133830051865168477e-26
2.084950000328633905e+04,4.063835455827349747e-22,1.895155926975228411e+01,1.000000282894819975e+03,1.012018739817071094e+02,-1.627450194379078917e-14,5.252365930417747088e-06,3.187531213884695774e-05,1.970498358359805355e-21,-9.760951304749276858e+00,9.000000000000000000e+01,-1.654000644330190775e-06,0.000000000000000000e+00,1.475334502225292518e-19,4.414583123548060562e-05,3.097622726998144795e-26
2.085950000328837632e+04,4.063835453892179947e-22,1.896064896363161267e+01,1.000000282990746200e+03,1.012018738040057428e+02,-1.627450194397230291e-14,5.273085484165160235e-06,1.127290796547189697e-06,8.797855076159929088e-23,-9.760817570715621727e+00,9.000000000000000000e+01,-1.754188905573852498e-06,0.000000000000000000e+00,1.475334501896930851e-19,-3.156813215689702521e-05,3.144724856436375675e-26
2.086950000329041359e+04,4.063835451966043116e-22,1.896973865749688315e+01,1.000000282951630652e+03,1.012018735108633791e+02,-1.627450195127019082e-14,5.294051669605762144e-06,-4.675774398450039646e-05,-2.844657624146864344e-21,-9.761047216503847324e+00,9.000000000000000000e+01,-1.605749288924143651e-06,0.000000000000000000e+00,1.475334502019168421e-19,9.844657302914015579e-05,3.075182962611286276e-26
2.087950000329245086e+04,4.063835450067579302e-22,1.897882835134872437e+01,1.000000282778404653e+03,1.012018735654663573e+02,-1.627450193742936118e-14,5.315270642936071967e-06,4.293692986041630990e-05,2.648077897613342567e-21,-9.760831768759459237e+00,9.000000000000000000e+01,-1.748399710831527446e-06,0.000000000000000000e+00,1.475334501756392613e-19,-2.352986199409744331e-05,3.139602793905387471e-26
2.088950000329448812e+04,4.063835448193584579e-22,1.898791804518918980e+01,1.000000282713212073e+03,1.012018733369263543e+02,-1.627450194105979058e-14,5.336737534470749648e-06,5.335583107330380990e-06,3.458427400173046358e-22,-9.760941856204315314e+00,9.000000000000000000e+01,-1.673951144291763462e-06,0.000000000000000000e+00,1.475334501662650862e-19,3.879650008503951968e-05,3.082543329092061095e-26
2.089950000329652539e+04,4.063835446350303172e-22,1.899700773901683348e+01,1.000000282815657556e+03,1.012018731777769744e+02,-1.627450194061281883e-14,5.358446631412641924e-06,-8.217325624125334138e-05,-5.013122670759142748e-21,-9.760973209437523224e+00,9.000000000000000000e+01,-1.632054613472592938e-06,0.000000000000000000e+00,1.475334500653655442e-19,5.654723943972871775e-05,3.093938934913248400e-26
2.090950000329856266e+04,4.063835444534918127e-22,1.900609743283035158e+01,1.000000282885506749e+03,1.012018731281710160e+02,-1.627450193361307616e-14,5.380387186516332731e-06,4.371515076525010122e-05,2.696071360218913607e-21,-9.760831789628303667e+00,9.000000000000000000e+01,-1.785184505055525007e-06,0.000000000000000000e+00,1.475334501403705007e-19,-2.351805055151964292e-05,3.131945872449598715e-26
2.091950000330059993e+04,4.063835442724979853e-22,1.901518712663115807e+01,1.000000282824970782e+03,1.012018729438416642e+02,-1.627450193489158934e-14,5.402560790673660568e-06,3.022889733531625725e-05,1.869655869115866335e-21,-9.760827055148096676e+00,9.000000000000000000e+01,-1.728208811824911110e-06,0.000000000000000000e+00,1.475334501364041202e-19,-2.619849635633078488e-05,3.149123814307318630e-26
2.092950000330263720e+04,4.063835440925767729e-22,1.902427682041987467e+01,1.000000282635912299e+03,1.012018728398498411e+02,-1.627450193131008510e-14,5.424972423562754463e-06,2.193781440332485841e-05,1.362751248877637364e-21,-9.760762545279522584e+00,9.000000000000000000e+01,-1.840381123219515381e-06,0.000000000000000000e+00,1.475334500945324532e-19,-6.272096684582916947e-05,3.155856437971441422e-26
2.093950000330467446e+04,4.063835439145501753e-22,1.903336651419554926e+01,1.000000282680615783e+03,1.012018726330672109e+02,-1.627450193412651101e-14,5.447618616879991768e-06,-1.244417462851209503e-05,-7.429615774206402529e-22,-9.760996886125239413e+00,9.000000000000000000e+01,-1.667816897533155924e-06,0.000000000000000000e+00,1.475334500814061332e-19,6.995186662079805394e-05,3.072976273159999417e-26
2.094950000330671173e+04,4.063835437385345195e-22,1.904245620795924765e+01,1.000000282634980977e+03,1.012018725115298992e+02,-1.627450193183658349e-14,5.470492093599002623e-06,-3.778461417549568808e-05,-2.293634211805150177e-21,-9.760803330999580751e+00,9.000000000000000000e+01,-1.873147248436827369e-06,0.000000000000000000e+00,1.475334500323950680e-19,-3.963000048877460073e-05,3.126195665608693487e-26
2.095950000330874900e+04,4.063835435638707291e-22,1.905154590171108353e+01,1.000000282590277493e+03,1.012018723796902577e+02,-1.627450193025190708e-14,5.493591516171803210e-06,1.951587421161508435e-05,1.214254278964823896e-21,-9.760638267363837883e+00,9.000000000000000000e+01,-1.878819958544498499e-06,0.000000000000000000e+00,1.475334500805921630e-19,-1.330813238377201305e-04,3.206389537438045550e-26
2.096950000331078627e+04,4.063835433910031881e-22,1.906063559545119901e+01,1.000000282423570752e+03,1.012018721992818655e+02,-1.627450193173778340e-14,5.516915295019521320e-06,-4.774370875209486213e-05,-2.904591440561926379e-21,-9.760922855673850762e+00,9.000000000000000000e+01,-1.697977919466412270e-06,0.000000000000000000e+00,1.475334500193745297e-19,2.803928052389025700e-05,3.107007057794646731e-26
2.097950000331282354e+04,4.063835432208695179e-22,1.906972528917987830e+01,1.000000282310880721e+03,1.012018720765981641e+02,-1.627450192984211909e-14,5.540460697198764523e-06,-1.471379966862357011e-05,-8.828499557003204754e-22,-9.760872537985566311e+00,9.000000000000000000e+01,-1.646400797974364715e-06,0.000000000000000000e+00,1.475334500380989262e-19,-4.482463926477209547e-07,3.144330798132552257e-26
2.098950000331486081e+04,4.063835430519617942e-22,1.907881498289578559e+01,1.000000282422639430e+03,1.012018720378250833e+02,-1.627450192287729140e-14,5.564223145639226560e-06,-3.671079542654652792e-05,-2.228530124021805478e-21,-9.760803307418226993e+00,9.000000000000000000e+01,-1.814513544772985279e-06,0.000000000000000000e+00,1.475334499508016496e-19,-3.964334926901699432e-05,3.142915393579916170e-26
2.099950000331689807e+04,4.063835428849645780e-22,1.908790467659932233e+01,1.000000282463617623e+03,1.012018717311576523e+02,-1.627450193242121462e-14,5.588196719774609706e-06,-6.393185034155791815e-05,-3.896350792763292212e-21,-9.760793784142302698e+00,9.000000000000000000e+01,-1.723982388986432537e-06,0.000000000000000000e+00,1.475334500060029907e-19,-4.503500000969057018e-05,3.171890923877109646e-26
2.100950000331893534e+04,4.063835427198841699e-22,1.909699437029171776e+01,1.000000282363034785e+03,1.012018718018513823e+02,-1.627450191896436460e-14,5.612383224995492375e-06,2.410986117385363880e-05,1.495805907902317917e-21,-9.760762574770124544e+00,9.000000000000000000e+01,-1.883905792702345871e-06,0.000000000000000000e+00,1.475334499814488284e-19,-6.270427590573563761e-05,3.164655970149385620e-26
2.101950000332097261e+04,4.063835425554607221e-22,1.910608406397637538e+01,1.000000282242894173e+03,1.012018715869521515e+02,-1.627450192303016949e-14,5.636782193747828516e-06,-8.392486313119255797e-06,-4.957717878956605216e-22,-9.760812816339495157e+00,9.000000000000000000e+01,-1.692852290208390292e-06,0.000000000000000000e+00,1.475334499816435880e-19,-3.425985391753303614e-05,3.170136424321442761e-26
2.102950000332300988e+04,4.063835423918216112e-22,1.911517375764947957e+01,1.000000282094813883e+03,1.012018714641880308e+02,-1.627450192149723289e-14,5.661393893124648833e-06,-4.626873662053754147e-05,-2.813573290506352272e-21,-9.760922811389939113e+00,9.000000000000000000e+01,-1.738135246652446277e-06,0.000000000000000000e+00,1.475334499256953231e-19,2.801420693337799170e-05,3.081530049082235088e-26
2.103950000332504715e+04,4.063835422283970044e-22,1.912426345131025940e+01,1.000000282103195786e+03,1.012018712812193968e+02,-1.627450192366378888e-14,5.686214738259025821e-06,-3.759434287915762224e-05,-2.282411181061837127e-21,-9.760987333962493295e+00,9.000000000000000000e+01,-1.703327408885134356e-06,0.000000000000000000e+00,1.475334499541491807e-19,6.454386584501121656e-05,3.055752653996148229e-26
2.104950000332708441e+04,4.063835420670318637e-22,1.913335314495891026e+01,1.000000282129272819e+03,1.012018713426358829e+02,-1.627450191098267312e-14,5.711238641608949284e-06,7.711581428468016668e-05,4.741093125358898081e-21,-9.760657376034924226e+00,9.000000000000000000e+01,-1.877851085255212260e-06,0.000000000000000000e+00,1.475334499658764811e-19,-1.222628883747573186e-04,3.208015189115020070e-26
2.105950000332912168e+04,4.063835419075810392e-22,1.914244283859693496e+01,1.000000282000750303e+03,1.012018711646031761e+02,-1.627450191306530062e-14,5.736466304241042497e-06,-1.803220480045337307e-05,-1.085327461951558580e-21,-9.760932333293508734e+00,9.000000000000000000e+01,-1.725583454768643813e-06,0.000000000000000000e+00,1.475334498793886969e-19,3.340506629865081021e-05,3.114201428486129240e-26
2.106950000333115895e+04,4.063835417487607967e-22,1.915153253222413454e+01,1.000000281906686723e+03,1.012018709911363175e+02,-1.627450191490425214e-14,5.761900459983505118e-06,2.346924331216546799e-05,1.455211156118261837e-21,-9.760946652347374908e+00,9.000000000000000000e+01,-1.621741575862416347e-06,0.000000000000000000e+00,1.475334499410132070e-19,4.151183648196240058e-05,3.117058531461038749e-26
2.107950000333319622e+04,4.063835415924529149e-22,1.916062222584063335e+01,1.000000281774438918e+03,1.012018709290654925e+02,-1.627450191006212293e-14,5.787533969004829724e-06,6.923275417688686422e-06,4.430180742549385454e-22,-9.760817585590293888e+00,9.000000000000000000e+01,-1.787402954668064361e-06,0.000000000000000000e+00,1.475334498788199457e-19,-3.155972546409743974e-05,3.145099110455609414e-26
2.108950000333523349e+04,4.063835414373735657e-22,1.916971191944791642e+01,1.000000281622633338e+03,1.012018707514152993e+02,-1.627450191236357413e-14,5.813369081920513132e-06,-3.560115448141980659e-06,-1.982943959438834268e-22,-9.760937103407101745e+00,9.000000000000000000e+01,-1.778493610338786397e-06,0.000000000000000000e+00,1.475334498874553341e-19,3.610567262981230914e-05,3.082427828804279281e-26
2.109950000333727075e+04,4.063835412831346950e-22,1.917880161304456976e+01,1.000000281453132629e+03,1.012018706356891187e+02,-1.627450191092076647e-14,5.839402234533989689e-06,-1.166827044879398762e-05,-6.956069121505970226e-22,-9.760872564879768731e+00,9.000000000000000000e+01,-1.735840540060864040e-06,0.000000000000000000e+00,1.475334498650506059e-19,-4.330265004784676994e-07,3.128775962399302665e-26
2.110950000333930802e+04,4.063835411298154370e-22,1.918789130663012443e+01,1.000000281554646790e+03,1.012018705994301371e+02,-1.627450190466373003e-14,5.865630083778480213e-06,2.146149280578805267e-05,1.332965143736720088e-21,-9.760822372032217586e+00,9.000000000000000000e+01,-1.760814204530840636e-06,0.000000000000000000e+00,1.475334498447762691e-19,-2.884986716161462775e-05,3.149891517541268751e-26
2.111950000334134529e+04,4.063835409774208699e-22,1.919698100020521991e+01,1.000000281674787402e+03,1.012018703629537839e+02,-1.627450191071749595e-14,5.892043679447337822e-06,-3.325172166391406287e-05,-2.016924536031902426e-21,-9.760803235962688618e+00,9.000000000000000000e+01,-1.804094760080759574e-06,0.000000000000000000e+00,1.475334498384611930e-19,-3.968382471650797554e-05,3.149595968489897074e-26
2.112950000334338256e+04,4.063835408284831966e-22,1.920607069377001253e+01,1.000000281569547951e+03,1.012018704015774091e+02,-1.627450190011548306e-14,5.918642753103958834e-06,-4.381069597105297385e-05,-2.662425217510028960e-21,-9.760922755382681615e+00,9.000000000000000000e+01,-1.809884692711770657e-06,0.000000000000000000e+00,1.475334497311452468e-19,2.798250225735462410e-05,3.067863875823505243e-26
2.113950000334541983e+04,4.063835406810162078e-22,1.921516038732465503e+01,1.000000281421467662e+03,1.012018702726246033e+02,-1.627450189985800833e-14,5.945435252764675346e-06,1.393273851199374251e-05,8.714670923611380879e-22,-9.760757839318729978e+00,9.000000000000000000e+01,-1.753708438261451910e-06,0.000000000000000000e+00,1.475334497918233790e-19,-6.538527524891344939e-05,3.188558059786047465e-26
2.114950000334745710e+04,4.063835405368843315e-22,1.922425008086936771e+01,1.000000281319022179e+03,1.012018701934251368e+02,-1.627450189673733138e-14,5.972407805890935539e-06,3.336159058910439650e-05,2.062068011600853386e-21,-9.760702880112848590e+00,9.000000000000000000e+01,-1.843960468569159560e-06,0.000000000000000000e+00,1.475334497847016512e-19,-9.650060925100095504e-05,3.178972710269704249e-26
2.115950000334949436e+04,4.063835403949332794e-22,1.923333977440616138e+01,1.000000281152315438e+03,1.012018700821093091e+02,-1.627450189570260778e-14,5.999563795602925860e-06,-2.387908805509569542e-05,-1.442975889016650090e-21,-9.760867761125588515e+00,9.000000000000000000e+01,-1.746568322001503487e-06,0.000000000000000000e+00,1.475334497119741068e-19,-3.152680031758229157e-06,3.115151976001367390e-26
2.116950000335153163e+04,4.063835402567487933e-22,1.924242946793526698e+01,1.000000280971638858e+03,1.012018698726410264e+02,-1.627450190088751283e-14,6.026897963551437267e-06,-4.435809791052299623e-06,-2.526910770866051746e-22,-9.760812801748711465e+00,9.000000000000000000e+01,-1.752841469944159833e-06,0.000000000000000000e+00,1.475334497794669254e-19,-3.426812448964018578e-05,3.144050910884923955e-26
2.117950000335356890e+04,4.063835401198210988e-22,1.925151916145515330e+01,1.000000280845910311e+03,1.012018699090446319e+02,-1.627450189108632945e-14,6.054402380031158697e-06,3.158689004716951662e-05,1.952877335518564354e-21,-9.760886945536295656e+00,9.000000000000000000e+01,-1.723714993393252596e-06,0.000000000000000000e+00,1.475334497305996068e-19,7.708634679453020636e-06,3.127871627544492844e-26
2.118950000335560617e+04,4.063835399838027196e-22,1.926060885496567820e+01,1.000000280655920506e+03,1.012018695733253821e+02,-1.627450190412173210e-14,6.082080316893493478e-06,-3.867344639952843508e-06,-2.179099149084029873e-22,-9.760812800604259820e+00,9.000000000000000000e+01,-1.782515332677965817e-06,0.000000000000000000e+00,1.475334498082345892e-19,-3.426878235152064876e-05,3.153805559418675610e-26
2.119950000335764344e+04,4.063835398509565295e-22,1.926969854846725738e+01,1.000000280617736280e+03,1.012018695956657268e+02,-1.627450189540746652e-14,6.109927987947623750e-06,4.608603908469685278e-06,3.015527261975690850e-22,-9.760877366254945287e+00,9.000000000000000000e+01,-1.794225778792990158e-06,0.000000000000000000e+00,1.475334497388529389e-19,2.285282187917690985e-06,3.117499706155473994e-26
2.120950000335968070e+04,4.063835397212709146e-22,1.927878824195958174e+01,1.000000280575826764e+03,1.012018694946204391e+02,-1.627450189442382008e-14,6.137935562178067678e-06,2.407843495723617163e-05,1.493882690066322305e-21,-9.760822424102487460e+00,9.000000000000000000e+01,-1.840529616956483647e-06,0.000000000000000000e+00,1.475334497510033179e-19,-2.882040035752089365e-05,3.135958883649260573e-26
2.121950000336171797e+04,4.063835395928719018e-22,1.928787793544343643e+01,1.000000280531123281e+03,1.012018693909875111e+02,-1.627450189366906320e-14,6.166102162911480441e-06,5.143701295118762193e-06,3.339590921825630506e-22,-9.760877352860559242e+00,9.000000000000000000e+01,-1.759222553190486483e-06,0.000000000000000000e+00,1.475334497229593946e-19,2.277696746866299634e-06,3.126249716685392226e-26
2.122950000336375524e+04,4.063835394663335084e-22,1.929696762891854078e+01,1.000000280503183603e+03,1.012018693397055529e+02,-1.627450188981177635e-14,6.194424172313164548e-06,-4.133157201835739868e-05,-2.511574476320991364e-21,-9.760922673358496837e+00,9.000000000000000000e+01,-1.759182045646063383e-06,0.000000000000000000e+00,1.475334496367757388e-19,2.793605164304376545e-05,3.102053367898834692e-26
2.123950000336579251e+04,4.063835393413787881e-22,1.930605732238545613e+01,1.000000280364416540e+03,1.012018692809135985e+02,-1.627450188650231868e-14,6.222900284622940993e-06,3.309457325681151884e-05,2.045339805853190612e-21,-9.760886976753900157e+00,9.000000000000000000e+01,-1.775509054159013288e-06,0.000000000000000000e+00,1.475334496884940356e-19,7.726298964692024317e-06,3.134517801624149453e-26
2.124950000336782978e+04,4.063835392191411994e-22,1.931514701584524829e+01,1.000000280294567347e+03,1.012018691758370323e+02,-1.627450188617673370e-14,6.251528523034226496e-06,-2.158334930807228772e-05,-1.302440169579590285e-21,-9.760867729128257508e+00,9.000000000000000000e+01,-1.784129629567652053e-06,0.000000000000000000e+00,1.475334496250245088e-19,-3.170805700044112756e-06,3.126891900826418814e-26
2.125950000336986704e+04,4.063835391000260528e-22,1.932423670929626525e+01,1.000000280177220702e+03,1.012018691594633566e+02,-1.627450188059185408e-14,6.280304193353024802e-06,2.255056708770294022e-05,1.399084435359075791e-21,-9.761006474238461905e+00,9.000000000000000000e+01,-1.651699423962620888e-06,0.000000000000000000e+00,1.475334496229954693e-19,7.538019673195315651e-05,3.102837817528173206e-26
2.126950000337190431e+04,4.063835389833179426e-22,1.933332640274087666e+01,1.000000280039384961e+03,1.012018690117251225e+02,-1.627450188318464108e-14,6.309220755749167281e-06,3.385354685491047177e-05,2.092053790323808048e-21,-9.760886992835471787e+00,9.000000000000000000e+01,-1.771817549729082070e-06,0.000000000000000000e+00,1.475334496583439153e-19,7.735400529770833223e-06,3.120523874084482521e-26
2.127950000337394158e+04,4.063835388690245328e-22,1.934241609617809132e+01,1.000000279863364995e+03,1.012018688372153576e+02,-1.627450188755016577e-14,6.338278278156348017e-06,-1.524080790162110175e-06,-7.353671547993686584e-23,-9.760812797397553808e+00,9.000000000000000000e+01,-1.879292283636914578e-06,0.000000000000000000e+00,1.475334496582739800e-19,-3.427059676540168437e-05,3.134079500212726160e-26
2.128950000337597885e+04,4.063835387568011216e-22,1.935150578960870149e+01,1.000000279809348285e+03,1.012018689097676400e+02,-1.627450187690185622e-14,6.367472320705418342e-06,2.619185775902522939e-05,1.622611003109770396e-21,-9.760822425676821013e+00,9.000000000000000000e+01,-1.779120892055283318e-06,0.000000000000000000e+00,1.475334495927279877e-19,-2.881950272856562118e-05,3.153569641870168171e-26
2.129950000337801612e+04,4.063835386454603185e-22,1.936059548303242295e+01,1.000000279643572867e+03,1.012018688007703417e+02,-1.627450187741916280e-14,6.396803424614547846e-06,1.830119770610791384e-05,1.138955811484122410e-21,-9.760757880989727298e+00,9.000000000000000000e+01,-1.772060493217870945e-06,0.000000000000000000e+00,1.475334495883172711e-19,-6.536169208448091076e-05,3.192111507890547746e-26
2.130950000338005339e+04,4.063835385370796453e-22,1.936968517644910293e+01,1.000000279522500932e+03,1.012018686413803152e+02,-1.627450188118568332e-14,6.426265341861546167e-06,-3.635766109391870744e-05,-2.206768522384016114e-21,-9.760738578894978090e+00,9.000000000000000000e+01,-1.896107799904499857e-06,0.000000000000000000e+00,1.475334495616864988e-19,-7.628964129952409200e-05,3.171302283495593671e-26
2.131950000338209065e+04,4.063835384311611626e-22,1.937877486985918907e+01,1.000000279430299997e+03,1.012018687149933385e+02,-1.627450187082040444e-14,6.455854569819224160e-06,8.188255715527954022e-05,5.033130608033060495e-21,-9.760841767815076508e+00,9.000000000000000000e+01,-1.817557997158519640e-06,0.000000000000000000e+00,1.475334495982896882e-19,-1.786888999772661129e-05,3.136024860885459521e-26
2.132950000338412792e+04,4.063835383280986610e-22,1.938786456326245755e+01,1.000000279316678643e+03,1.012018686197748707e+02,-1.627450187095204324e-14,6.485566507836702482e-06,1.909387431274423474e-05,1.189106684694349248e-21,-9.760757890171536388e+00,9.000000000000000000e+01,-1.931359414105407105e-06,0.000000000000000000e+00,1.475334495300777273e-19,-6.535649142432786902e-05,3.153062570962038720e-26
2.133950000338616519e+04,4.063835382278697120e-22,1.939695425665910733e+01,1.000000279225409031e+03,1.012018685036519088e+02,-1.627450187251957927e-14,6.515399475765146266e-06,8.187084113669867752e-06,5.190391745753052043e-22,-9.760877365835655795e+00,9.000000000000000000e+01,-1.682975879144885071e-06,0.000000000000000000e+00,1.475334495317867976e-19,2.285043406975182520e-06,3.169347095981235805e-26
2.134950000338820246e+04,4.063835381305819909e-22,1.940604395004976368e+01,1.000000279081985354e+03,1.012018683940305976e+02,-1.627450187385120488e-14,6.545346823999990957e-06,-3.024587788588587925e-05,-1.833882014315261919e-21,-9.760987168318386864e+00,9.000000000000000000e+01,-1.663366792645039367e-06,0.000000000000000000e+00,1.475334495011582281e-19,6.445007733551273048e-05,3.115666456918326774e-26
2.135950000339023973e+04,4.063835380373352903e-22,1.941513364343598624e+01,1.000000279007479548e+03,1.012018682463433095e+02,-1.627450187773891968e-14,6.575403743818814358e-06,-8.176885658358937193e-05,-4.987752991342031964e-21,-9.760783773832026000e+00,9.000000000000000000e+01,-1.845019338833712263e-06,0.000000000000000000e+00,1.475334494791118191e-19,-5.070238374293660732e-05,3.163470572738529117e-26
2.136950000339227699e+04,4.063835379460929485e-22,1.942422333681869162e+01,1.000000278881751001e+03,1.012018682929548135e+02,-1.627450186983885952e-14,6.605565657261414859e-06,8.530847077172818344e-07,7.067990201728393895e-23,-9.760812796949375425e+00,9.000000000000000000e+01,-1.762713301008923859e-06,0.000000000000000000e+00,1.475334494987200971e-19,-3.427084640699051160e-05,3.169489476541907994e-26
2.137950000339431426e+04,4.063835378576588628e-22,1.943331303019680334e+01,1.000000278702937067e+03,1.012018683191306110e+02,-1.627450186334508908e-14,6.635828665072431658e-06,9.164642553511109828e-06,5.804734956448207100e-22,-9.760877413886902332e+00,9.000000000000000000e+01,-1.816943386771873560e-06,0.000000000000000000e+00,1.475334494492606754e-19,2.312251884336947828e-06,3.124207851313805187e-26
2.138950000339635153e+04,4.063835377720797238e-22,1.944240272356991284e+01,1.000000278512015939e+03,1.012018682673647447e+02,-1.627450186178239349e-14,6.666193831827801043e-06,1.305431027003203890e-04,8.011290457095400671e-21,-9.760796658911452539e+00,9.000000000000000000e+01,-1.715676230491384463e-06,0.000000000000000000e+00,1.475334495684262425e-19,-4.340745094106452496e-05,3.191534489410701223e-26
2.139950000339838880e+04,4.063835376888022967e-22,1.945149241693842512e+01,1.000000278281979263e+03,1.012018681962110520e+02,-1.627450186153248867e-14,6.696653809104549516e-06,-9.687684460913184920e-06,-5.738850040163626528e-22,-9.760932259987910697e+00,9.000000000000000000e+01,-1.751659932046652267e-06,0.000000000000000000e+00,1.475334494116886470e-19,3.336355162754281022e-05,3.092250401817461256e-26
2.140950000340042607e+04,4.063835376090382812e-22,1.946058211030229756e+01,1.000000278057530522e+03,1.012018680797198016e+02,-1.627450186425461415e-14,6.727206999003879647e-06,-9.176773605271322260e-05,-5.600026619547525568e-21,-9.760903170193858003e+00,9.000000000000000000e+01,-1.782718252066643312e-06,0.000000000000000000e+00,1.475334493455893109e-19,1.689426832537573402e-05,3.117663224303627728e-26
2.141950000340246334e+04,4.063835375317723322e-22,1.946967180366172201e+01,1.000000277942046523e+03,1.012018681829785720e+02,-1.627450185365963790e-14,6.757849342044981223e-06,5.704822076901297468e-05,3.511644867959252696e-21,-9.760832167873857657e+00,9.000000000000000000e+01,-1.784565518225637181e-06,0.000000000000000000e+00,1.475334494138493959e-19,-2.330392415012149027e-05,3.170740238850323384e-26
2.142950000340450060e+04,4.063835374554571701e-22,1.947876149701662030e+01,1.000000277868472040e+03,1.012018679991014807e+02,-1.627450186069745100e-14,6.788572083106834736e-06,1.847702348896493988e-05,1.151281936327134220e-21,-9.760941960714983878e+00,9.000000000000000000e+01,-1.804011505881417534e-06,0.000000000000000000e+00,1.475334494344073499e-19,3.885564188859019964e-05,3.074661539757036053e-26
2.143950000340653787e+04,4.063835373796422983e-22,1.948785119036757152e+01,1.000000277780927718e+03,1.012018679477222634e+02,-1.627450185965129207e-14,6.819376462493943709e-06,-6.863714288061259309e-07,-2.346459390079757453e-23,-9.760996836574241442e+00,9.000000000000000000e+01,-1.708486421245092803e-06,0.000000000000000000e+00,1.475334494036566765e-19,6.992379028666762387e-05,3.103410290367562536e-26
2.144950000340857514e+04,4.063835373065742748e-22,1.949694088371421685e+01,1.000000277710147202e+03,1.012018679394943348e+02,-1.627450185611567113e-14,6.850257595545050345e-06,-5.039184101962690846e-06,-2.901891137077948362e-22,-9.760748216532844523e+00,9.000000000000000000e+01,-1.802313293237015625e-06,0.000000000000000000e+00,1.475334493668662868e-19,-7.083325831037567066e-05,3.198883400184346146e-26
2.145950000341061241e+04,4.063835372365096863e-22,1.950603057705711407e+01,1.000000277616083622e+03,1.012018678152910098e+02,-1.627450185984535501e-14,6.881212698123176776e-06,-8.251656494904851483e-05,-5.034105525018699796e-21,-9.760967682606521478e+00,9.000000000000000000e+01,-1.730379298672854024e-06,0.000000000000000000e+00,1.475334493149158913e-19,5.341817647536317460e-05,3.115485967162630125e-26
2.146950000341264968e+04,4.063835371697913071e-22,1.951512027039624186e+01,1.000000277536921203e+03,1.012018679077513639e+02,-1.627450185049447867e-14,6.912234968106540094e-06,1.147686395934444806e-05,7.215913354402567199e-22,-9.760877387052499188e+00,9.000000000000000000e+01,-1.776036491902949765e-06,0.000000000000000000e+00,1.475334493340995980e-19,2.297058199115565451e-06,3.136361090515162319e-26
2.147950000341468694e+04,4.063835371039061183e-22,1.952420996373214734e+01,1.000000277390703559e+03,1.012018677101410873e+02,-1.627450185895092558e-14,6.943323520253412626e-06,1.179423573577012851e-05,7.408294733278744722e-22,-9.760877388809170441e+00,9.000000000000000000e+01,-1.757577621198108452e-06,0.000000000000000000e+00,1.475334494101817031e-19,2.298038074817836679e-06,3.141236725467643788e-26
2.148950000341672421e+04,4.063835370399967944e-22,1.953329965706556592e+01,1.000000277205370367e+03,1.012018677908283451e+02,-1.627450185047627492e-14,6.974479359225191411e-06,7.833448731261353300e-05,4.815642307305050338e-21,-9.760777406643198262e+00,9.000000000000000000e+01,-1.853311630110349070e-06,0.000000000000000000e+00,1.475334494070527891e-19,-5.430718834912289926e-05,3.171479453814925437e-26
2.149950000341876148e+04,4.063835369774374082e-22,1.954238935039704117e+01,1.000000276889652014e+03,1.012018676183423764e+02,-1.627450185757713693e-14,7.005701204082379280e-06,-6.210024937479662879e-05,-3.783139941677797277e-21,-9.760912776509487188e+00,9.000000000000000000e+01,-1.843479441479135064e-06,0.000000000000000000e+00,1.475334493161648328e-19,2.233290193706162315e-05,3.117494014898235166e-26
2.150950000342079875e+04,4.063835369164582156e-22,1.955147904372545753e+01,1.000000276708044112e+03,1.012018678407958703e+02,-1.627450184058313875e-14,7.036984538123517894e-06,3.990626956708522727e-05,2.463155689405613220e-21,-9.760887165848593838e+00,9.000000000000000000e+01,-1.851872721728017667e-06,0.000000000000000000e+00,1.475334492755344518e-19,7.833360236065933471e-06,3.115079600595040792e-26
2.151950000342283602e+04,4.063835368559949709e-22,1.956056873705141896e+01,1.000000276570208371e+03,1.012018677362698895e+02,-1.627450184363934367e-14,7.068329645073491557e-06,-6.749309546086634124e-06,-3.939207470974011990e-22,-9.760932244926793899e+00,9.000000000000000000e+01,-1.798644052689854495e-06,0.000000000000000000e+00,1.475334492514622293e-19,3.335502432494138195e-05,3.102401638517262337e-26
2.152950000342487328e+04,4.063835367991019377e-22,1.956965843037412256e+01,1.000000276478007436e+03,1.012018675646414607e+02,-1.627450185100294370e-14,7.099731823469251915e-06,1.305219417104483460e-05,8.177687468010133997e-22,-9.760877398959005191e+00,9.000000000000000000e+01,-1.785728049128368379e-06,0.000000000000000000e+00,1.475334493391780586e-19,2.303785118641537973e-06,3.153331734084748732e-26
2.153950000342691055e+04,4.063835367454201670e-22,1.957874812369438189e+01,1.000000276402570307e+03,1.012018676722166504e+02,-1.627450184144694144e-14,7.131184890946650420e-06,1.324935113561784704e-05,8.308206643830588093e-22,-9.760877415337791518e+00,9.000000000000000000e+01,-1.853066600177689153e-06,0.000000000000000000e+00,1.475334492534051074e-19,2.313070095178243657e-06,3.121121214180769999e-26
2.154950000342894782e+04,4.063835366956181859e-22,1.958783781701199800e+01,1.000000276346690953e+03,1.012018676290944654e+02,-1.627450184133380616e-14,7.162680389756984829e-06,-2.182129734775809321e-05,-1.316971855188832287e-21,-9.760803050310167706e+00,9.000000000000000000e+01,-1.862500328918409536e-06,0.000000000000000000e+00,1.475334492136417078e-19,-3.978893401651670964e-05,3.158932529708265568e-26
2.155950000343098509e+04,4.063835366486307615e-22,1.959692751032895686e+01,1.000000276058912277e+03,1.012018674996107990e+02,-1.627450184666264993e-14,7.194216124926082427e-06,-1.154363630370759978e-04,-7.049270990978780361e-21,-9.760893199580399582e+00,9.000000000000000000e+01,-1.810387602018003669e-06,0.000000000000000000e+00,1.475334491583813610e-19,1.124936683448544305e-05,3.124059818617255911e-26
2.156950000343302236e+04,4.063835366040071622e-22,1.960601720364430989e+01,1.000000275898724794e+03,1.012018675174142004e+02,-1.627450184310502293e-14,7.225791479795524481e-06,-4.869741783256271631e-05,-2.963172072929844670e-21,-9.760793277720686945e+00,9.000000000000000000e+01,-1.820406476486801013e-06,0.000000000000000000e+00,1.475334491996825676e-19,-4.532172317393204900e-05,3.175763677836258712e-26
2.157950000343505963e+04,4.063835365607182661e-22,1.961510689695865040e+01,1.000000275803729892e+03,1.012018674962623379e+02,-1.627450184200553069e-14,7.257400268240126094e-06,-8.751644418508229095e-05,-5.339792526953511153e-21,-9.760902929314294596e+00,9.000000000000000000e+01,-1.794251859341378084e-06,0.000000000000000000e+00,1.475334491469722243e-19,1.675788868030069639e-05,3.123443035326661412e-26
2.158950000343709689e+04,4.063835365199133778e-22,1.962419659027041519e+01,1.000000275729224086e+03,1.012018674490533670e+02,-1.627450184264017876e-14,7.289037775939387837e-06,6.729230852732611064e-06,4.298209914850466878e-22,-9.760812811123177113e+00,9.000000000000000000e+01,-1.723982261764245276e-06,0.000000000000000000e+00,1.475334492561799151e-19,-3.426282982564369769e-05,3.190772626044024226e-26
2.159950000343913416e+04,4.063835364793325856e-22,1.963328628358156891e+01,1.000000275638885796e+03,1.012018674921651922e+02,-1.627450183775542581e-14,7.320705023873262345e-06,-3.217334917422689112e-05,-1.951516097988618603e-21,-9.760922459375898086e+00,9.000000000000000000e+01,-1.735189035239913038e-06,0.000000000000000000e+00,1.475334491693954414e-19,2.781489587443381929e-05,3.128461063337385743e-26
2.160950000344117143e+04,4.063835364404482199e-22,1.964237597689233183e+01,1.000000275538302958e+03,1.012018676217893187e+02,-1.627450182766834030e-14,7.352401297419154307e-06,3.459991322332339032e-05,2.137480554188098547e-21,-9.760822596789081373e+00,9.000000000000000000e+01,-1.823088014860961660e-06,0.000000000000000000e+00,1.475334491521207887e-19,-2.872262625805204958e-05,3.160766707520745587e-26
2.161950000344320870e+04,4.063835364037636273e-22,1.965146567020233448e+01,1.000000275240279734e+03,1.012018674666569069e+02,-1.627450183513738264e-14,7.384123221170619130e-06,-5.910607380542673558e-05,-3.600254616139141732e-21,-9.760912661697188852e+00,9.000000000000000000e+01,-1.782745859281278372e-06,0.000000000000000000e+00,1.475334491160201949e-19,2.226790929564494975e-05,3.122524684073786840e-26
2.162950000344524597e+04,4.063835363698990927e-22,1.966055536351217370e+01,1.000000275106169283e+03,1.012018674738047679e+02,-1.627450183282694473e-14,7.415866959840991602e-06,-1.184772263672017752e-05,-7.062062462935998295e-22,-9.760867630166584874e+00,9.000000000000000000e+01,-1.839836103369299735e-06,0.000000000000000000e+00,1.475334491471454135e-19,-3.226840852712669092e-06,3.133181100825020888e-26
2.163950000344728323e+04,4.063835363394780042e-22,1.966964505682172515e+01,1.000000275020487607e+03,1.012018676239970318e+02,-1.627450182194852130e-14,7.447626446467652043e-06,2.756368516692283543e-05,1.707336256518822169e-21,-9.760758006584573820e+00,9.000000000000000000e+01,-1.931260333465970228e-06,0.000000000000000000e+00,1.475334490926939573e-19,-6.529057929441029948e-05,3.170087720530745849e-26
2.164950000344932050e+04,4.063835363115727557e-22,1.967873475013081830e+01,1.000000274946913123e+03,1.012018675686518918e+02,-1.627450182379348394e-14,7.479396306203949294e-06,4.343908189366169450e-05,2.679622647481763014e-21,-9.760887292157667261e+00,9.000000000000000000e+01,-1.888756443924827306e-06,0.000000000000000000e+00,1.475334491266390263e-19,7.904865635628491113e-06,3.115825276255128333e-26
2.165950000345135777e+04,4.063835362858798346e-22,1.968782444344053317e+01,1.000000274694524705e+03,1.012018675366691411e+02,-1.627450182432994722e-14,7.511176999902080211e-06,-3.070283355568011923e-05,-1.861487032672810040e-21,-9.760922429302057779e+00,9.000000000000000000e+01,-1.741920564723262009e-06,0.000000000000000000e+00,1.475334490498029919e-19,2.779787764097475838e-05,3.130326378483615388e-26
2.166950000345339504e+04,4.063835362627958527e-22,1.969691413674963698e+01,1.000000274490565062e+03,1.012018675870433952e+02,-1.627450181996684590e-14,7.542964904403768101e-06,-3.450591740084094517e-05,-2.094284017923667965e-21,-9.761106447887625492e+00,9.000000000000000000e+01,-1.615565574781950422e-06,0.000000000000000000e+00,1.475334490063604642e-19,1.319806088515645905e-04,3.046542528817280845e-26
2.167950000345543231e+04,4.063835362427721528e-22,1.970600383005863776e+01,1.000000274470075965e+03,1.012018674664504232e+02,-1.627450182624587579e-14,7.574752822919716899e-06,-5.762193564033136882e-05,-3.509616926157112698e-21,-9.760912606417436521e+00,9.000000000000000000e+01,-1.831121739764213993e-06,0.000000000000000000e+00,1.475334490372661750e-19,2.223661389061248279e-05,3.147947651136107498e-26
2.168950000345746957e+04,4.063835362265587943e-22,1.971509352336790144e+01,1.000000274396501482e+03,1.012018674295330811e+02,-1.627450182760906214e-14,7.606533567563342385e-06,-5.736985511202179249e-05,-3.493757673014901515e-21,-9.760912637097494127e+00,9.000000000000000000e+01,-1.818315808839143874e-06,0.000000000000000000e+00,1.475334490497423010e-19,2.225397915259445583e-05,3.121363821973354566e-26
2.169950000345950684e+04,4.063835362138020945e-22,1.972418321667922214e+01,1.000000274056568742e+03,1.012018674596349825e+02,-1.627450182505915131e-14,7.638307254097659982e-06,1.738492850937637502e-05,1.082406782318589360e-21,-9.760877385344491231e+00,9.000000000000000000e+01,-1.688949240725485561e-06,0.000000000000000000e+00,1.475334491090086302e-19,2.296081273561986524e-06,3.158999232068673166e-26
2.170950000346154411e+04,4.063835362022451513e-22,1.973327290999197103e+01,1.000000273836776614e+03,1.012018676523173895e+02,-1.627450181262116564e-14,7.670071233649862938e-06,4.496408500463194646e-05,2.772388449570405189e-21,-9.760887289290613111e+00,9.000000000000000000e+01,-1.831301606492560296e-06,0.000000000000000000e+00,1.475334490276182530e-19,7.903247950999832259e-06,3.131235329011371904e-26
2.171950000346358138e+04,4.063835361934465761e-22,1.974236260330600601e+01,1.000000273729674518e+03,1.012018676794421737e+02,-1.627450181047311948e-14,7.701821342135572936e-06,-2.923699571043429293e-05,-1.770775936839523049e-21,-9.760922401441764151e+00,9.000000000000000000e+01,-1.842310015133854432e-06,0.000000000000000000e+00,1.475334489266870535e-19,2.778211441139222815e-05,3.108457144678271316e-26
2.172950000346561865e+04,4.063835361874420099e-22,1.975145229662189195e+01,1.000000273688696325e+03,1.012018675471823883e+02,-1.627450181823986530e-14,7.733548376675359579e-06,-9.302648896042381302e-06,-5.511693532466749062e-22,-9.760867613743378968e+00,9.000000000000000000e+01,-1.777211134357907897e-06,0.000000000000000000e+00,1.475334490183350781e-19,-3.236137100320420845e-06,3.155799153232968262e-26
2.173950000346765592e+04,4.063835361830209286e-22,1.976054198994092559e+01,1.000000273467972875e+03,1.012018675818610944e+02,-1.627450181587117790e-14,7.765251286430494021e-06,-3.644148727110853211e-05,-2.212668610492484990e-21,-9.760857750819708301e+00,9.000000000000000000e+01,-1.805672442424952736e-06,0.000000000000000000e+00,1.475334489672041177e-19,-8.820059789255782969e-06,3.152276381237755748e-26
2.174950000346969318e+04,4.063835361804941800e-22,1.976963168326130216e+01,1.000000273372046649e+03,1.012018676914600803e+02,-1.627450180902049839e-14,7.796928120977283943e-06,-1.650468743442071076e-05,-9.913809087168995328e-22,-9.760802990378879329e+00,9.000000000000000000e+01,-1.891412028972787077e-06,0.000000000000000000e+00,1.475334489276055295e-19,-3.982285525514664377e-05,3.162596536829276385e-26
2.175950000347173045e+04,4.063835361812518566e-22,1.977872137658290086e+01,1.000000273322686553e+03,1.012018677035867853e+02,-1.627450180831918842e-14,7.828573533826784962e-06,6.592681958490504823e-05,4.056103520265237090e-21,-9.760832532800840511e+00,9.000000000000000000e+01,-1.845620794446195781e-06,0.000000000000000000e+00,1.475334490119806408e-19,-2.309732304835196727e-05,3.141869851432559395e-26
2.176950000347376772e+04,4.063835361832199633e-22,1.978781106990732752e+01,1.000000273044221103e+03,1.012018676949617628e+02,-1.627450180895527537e-14,7.860189845227452113e-06,-8.282994748257110229e-06,-4.885646592011742079e-22,-9.760867608469110834e+00,9.000000000000000000e+01,-1.797055047570995503e-06,0.000000000000000000e+00,1.475334489360686675e-19,-3.239115876256518454e-06,3.152327107214914832e-26
2.177950000347580499e+04,4.063835361872632877e-22,1.979690076323522518e+01,1.000000272780656815e+03,1.012018676747762811e+02,-1.627450181041361728e-14,7.891773672717643348e-06,-2.773166351479698215e-05,-1.680046531466144046e-21,-9.760922374269137336e+00,9.000000000000000000e+01,-1.710802373941947249e-06,0.000000000000000000e+00,1.475334489277836058e-19,2.776671859839474231e-05,3.145442575160062675e-26
2.178950000347784226e+04,4.063835361938522627e-22,1.980599045656473223e+01,1.000000272705219686e+03,1.012018677112650522e+02,-1.627450180854418102e-14,7.923318328363440248e-06,-4.282100620060804949e-05,-2.602936161811620655e-21,-9.760793119038961407e+00,9.000000000000000000e+01,-1.886838340451967715e-06,0.000000000000000000e+00,1.475334488944383196e-19,-4.541155186195216208e-05,3.170839397770485537e-26
2.179950000347987952e+04,4.063835362016705226e-22,1.981508014989677235e+01,1.000000272582285106e+03,1.012018677500177830e+02,-1.627450180660304045e-14,7.954820832470619788e-06,3.200257905161769321e-05,1.977619834357148641e-21,-9.760758082372761990e+00,9.000000000000000000e+01,-1.775179446916263855e-06,0.000000000000000000e+00,1.475334489593151957e-19,-6.524767865059750451e-05,3.202733421255424737e-26
2.180950000348191679e+04,4.063835362135069514e-22,1.982416984323301179e+01,1.000000272396020591e+03,1.012018678130982181e+02,-1.627450180339478417e-14,7.986277827428517589e-06,-2.254184340682584782e-05,-1.361028469247476353e-21,-9.760738347883759047e+00,9.000000000000000000e+01,-1.937372876119431374e-06,0.000000000000000000e+00,1.475334488705695957e-19,-7.642041786105178047e-05,3.189155865306916749e-26
2.181950000348395406e+04,4.063835362280570324e-22,1.983325953657148943e+01,1.000000272334553301e+03,1.012018679378491584e+02,-1.627450179655939278e-14,8.017682730987729509e-06,6.750291044829058928e-05,4.152056672867837705e-21,-9.760832554250017168e+00,9.000000000000000000e+01,-1.793088717772148328e-06,0.000000000000000000e+00,1.475334489082602614e-19,-2.308517196605676795e-05,3.155672523382038954e-26
2.182950000348599133e+04,4.063835362458420268e-22,1.984234922991477745e+01,1.000000272112898529e+03,1.012018679085405211e+02,-1.627450179933688999e-14,8.049034091953710429e-06,-6.747230892847912380e-06,-3.946490410352173187e-22,-9.760867601625363932e+00,9.000000000000000000e+01,-1.794135527373348959e-06,0.000000000000000000e+00,1.475334488515969709e-19,-3.242986315210796991e-06,3.157033473366771543e-26
2.183950000348802860e+04,4.063835362672116208e-22,1.985143892326119541e+01,1.000000271915458143e+03,1.012018679744666088e+02,-1.627450179648027634e-14,8.080330872323104662e-06,8.741240316627283354e-06,5.527204401642492139e-22,-9.760996863553840441e+00,9.000000000000000000e+01,-1.624625702847567355e-06,0.000000000000000000e+00,1.475334488430337568e-19,6.993908032402504197e-05,3.131193679229200625e-26
2.184950000349006586e+04,4.063835362922579729e-22,1.986052861661210045e+01,1.000000271900556982e+03,1.012018679861825774e+02,-1.627450179714890223e-14,8.111562111136175652e-06,-6.219477233354469119e-06,-3.621580559521095972e-22,-9.760867599642823578e+00,9.000000000000000000e+01,-1.845957348020369510e-06,0.000000000000000000e+00,1.475334488326889370e-19,-3.244108183035244753e-06,3.162285558113416821e-26
2.185950000349210313e+04,4.063835363216004748e-22,1.986961830996758493e+01,1.000000271650031209e+03,1.012018679371188057e+02,-1.627450180177463427e-14,8.142720289177350271e-06,-6.072637234715805120e-05,-3.699688855182638922e-21,-9.760847807197249537e+00,9.000000000000000000e+01,-1.832679168336195711e-06,0.000000000000000000e+00,1.475334488143863914e-19,-1.444967212595670625e-05,3.160278527700396673e-26
2.186950000349414040e+04,4.063835363547704334e-22,1.987870800332791887e+01,1.000000271610915661e+03,1.012018682970035286e+02,-1.627450178157231354e-14,8.173801114043623898e-06,1.400883614900584217e-05,8.774594769727977545e-22,-9.760812858813075366e+00,9.000000000000000000e+01,-1.945250601176667450e-06,0.000000000000000000e+00,1.475334487152678291e-19,-3.423578969887015248e-05,3.151664607312407867e-26
2.187950000349617767e+04,4.063835363915936873e-22,1.988779769669407926e+01,1.000000271494500339e+03,1.012018681272355849e+02,-1.627450179400363491e-14,8.204795063734846160e-06,4.169733434368790541e-05,2.571888091580006719e-21,-9.760822761404439163e+00,9.000000000000000000e+01,-1.875598336540987859e-06,0.000000000000000000e+00,1.475334488574865369e-19,-2.862942827277140638e-05,3.181628353407849199e-26
2.188950000349821494e+04,4.063835364306214633e-22,1.989688739006588492e+01,1.000000271280296147e+03,1.012018682256688606e+02,-1.627450179013309834e-14,8.235705863278514142e-06,-3.256983685001564800e-05,-1.976457897651013455e-21,-9.760857665784678616e+00,9.000000000000000000e+01,-1.746499723798133606e-06,0.000000000000000000e+00,1.475334487411537238e-19,-8.868188949622340201e-06,3.177906822582729349e-26
2.189950000350025221e+04,4.063835364724482324e-22,1.990597708344334649e+01,1.000000271197408438e+03,1.012018682679475035e+02,-1.627450178985753976e-14,8.266521574055601024e-06,7.314778582802047301e-06,4.668035178479085970e-22,-9.760748226850919806e+00,9.000000000000000000e+01,-1.913367092605680464e-06,0.000000000000000000e+00,1.475334487827101402e-19,-7.082740443538840930e-05,3.197076398980793650e-26
2.190950000350228947e+04,4.063835365160078683e-22,1.991506677682571436e+01,1.000000271041877568e+03,1.012018683275948945e+02,-1.627450178861233229e-14,8.297243034704398511e-06,-5.189394500530122455e-05,-3.159019672002420711e-21,-9.760912407654709355e+00,9.000000000000000000e+01,-1.787810574556040797e-06,0.000000000000000000e+00,1.475334487065430053e-19,2.212410085889945582e-05,3.139839968252910445e-26
2.191950000350432674e+04,4.063835365606199478e-22,1.992415647021154612e+01,1.000000271022319794e+03,1.012018683883752033e+02,-1.627450178735735557e-14,8.327868687826627865e-06,-2.428643375613829438e-05,-1.468372618100816124e-21,-9.760922317572589435e+00,9.000000000000000000e+01,-1.800058585301107443e-06,0.000000000000000000e+00,1.475334487257907973e-19,2.773463178467265900e-05,3.131799361937510927e-26
2.192950000350636401e+04,4.063835366074180706e-22,1.993324616360314749e+01,1.000000270830467343e+03,1.012018684780849327e+02,-1.627450178445169686e-14,8.358390968339588791e-06,-1.170591089882350783e-05,-6.980247175261752740e-22,-9.760802950959106994e+00,9.000000000000000000e+01,-1.840368859000663649e-06,0.000000000000000000e+00,1.475334487136920332e-19,-3.984516597343090369e-05,3.170675112336411280e-26
2.193950000350840128e+04,4.063835366584853538e-22,1.994233585700147771e+01,1.000000270627439022e+03,1.012018686190129841e+02,-1.627450177864371791e-14,8.388815780642351787e-06,-5.600879847314686418e-05,-3.409532899911503525e-21,-9.761096387674689012e+00,9.000000000000000000e+01,-1.796726254550244500e-06,0.000000000000000000e+00,1.475334486129939675e-19,1.262850044350245196e-04,3.022818317939677607e-26
2.194950000351043855e+04,4.063835367131118929e-22,1.995142555040560595e+01,1.000000270577147603e+03,1.012018685302492145e+02,-1.627450178710090004e-14,8.419127688538967125e-06,-1.056065701705997310e-04,-6.448410731379593808e-21,-9.760892505533448116e+00,9.000000000000000000e+01,-1.762597248929706582e-06,0.000000000000000000e+00,1.475334486345490718e-19,1.085644954372075111e-05,3.159791290793416652e-26
2.195950000351247581e+04,4.063835367705460766e-22,1.996051524381685027e+01,1.000000270400196314e+03,1.012018687664191816e+02,-1.627450177581532971e-14,8.449327151839869230e-06,-5.816109561802092123e-05,-3.541265681588841617e-21,-9.760847800879981051e+00,9.000000000000000000e+01,-1.989318585732404538e-06,0.000000000000000000e+00,1.475334485856038974e-19,-1.445322330627864208e-05,3.132268574674456195e-26
2.196950000351451308e+04,4.063835368298329336e-22,1.996960493723382157e+01,1.000000270348042250e+03,1.012018687249777713e+02,-1.627450178163067031e-14,8.479407525733019513e-06,7.142604915520116683e-05,4.391929911010461753e-21,-9.760832762667330798e+00,9.000000000000000000e+01,-1.790537556695490196e-06,0.000000000000000000e+00,1.475334487805431079e-19,-2.296717757478727420e-05,3.170099251745187137e-26
2.197950000351655035e+04,4.063835368932424372e-22,1.997869463065739026e+01,1.000000270038843155e+03,1.012018687966392605e+02,-1.627450178074820002e-14,8.509365423398879504e-06,7.167561230069535608e-05,4.407593606975202036e-21,-9.760832774199554862e+00,9.000000000000000000e+01,-1.860232949652650512e-06,0.000000000000000000e+00,1.475334487731178053e-19,-2.296064871137823516e-05,3.169910452773678301e-26
2.198950000351858762e+04,4.063835369598155724e-22,1.998778432408405337e+01,1.000000269992277026e+03,1.012018688378803262e+02,-1.627450178190442713e-14,8.539197062375485526e-06,3.713849647574521564e-05,2.292393756355170848e-21,-9.760758187854962742e+00,9.000000000000000000e+01,-1.864646389106398920e-06,0.000000000000000000e+00,1.475334487457301426e-19,-6.518795346714780284e-05,3.210119091728046662e-26
2.199950000352062489e+04,4.063835370301738934e-22,1.999687401749166682e+01,1.000000269811600447e+03,1.012018680069855066e+02,-1.627450183667154355e-14,8.568894325876690835e-06,7.218402214991834567e-05,4.439548474923874842e-21,-9.760832813233506045e+00,9.000000000000000000e+01,-1.944454215728866572e-06,0.000000000000000000e+00,1.475334492764445981e-19,-2.293864460819118560e-05,3.150518655838564677e-26
