# time, position (1), position (2), position (3), velocity (1), velocity (2), velocity (3), acceleration (1), acceleration (2), acceleration (3), attitude (1), attitude (2), attitude (3), angle_rates (1), angle_rates (2), angle_rates (3)
0.000000000000000000e+00,0.000000000000000000e+00,0.000000000000000000e+00,1.000000000000000000e+03,1.012018854539455077e+02,6.196828254442570055e-15,0.000000000000000000e+00,-3.149743987065420374e-07,-3.585312554585909322e-26,-9.760849034449490702e+00,8.999999999999998579e+01,-1.845449660150130537e-06,0.000000000000000000e+00,2.558332872076199750e-19,-5.100799477977486195e-03,-8.240178542724818705e-27
9.500000000000000000e+00,4.063836029072364366e-22,8.635210164083209627e-03,9.999999864790588617e+02,1.012018853264116274e+02,-1.627450441788536336e-14,2.973362341900983718e-10,-3.005798349507640850e-07,2.195242897825760581e-25,-9.760849034430897575e+00,9.000000000000000000e+01,-1.720840916960894805e-06,0.000000000000000000e+00,1.475334726075226933e-19,-1.375534982467308090e-05,3.143245824337102344e-26
1.950000000000000000e+01,4.063836027414205452e-22,1.772490506192302487e-02,9.999999721776694059e+02,1.012018851924784713e+02,-1.627450441686709539e-14,1.261249855801250814e-09,-2.860419432576787447e-07,1.128030368059268082e-24,-9.760790826705235901e+00,9.000000000000000000e+01,-1.755539547202664021e-06,0.000000000000000000e+00,1.475334725981690294e-19,-4.670984546897764096e-05,3.166004582512495101e-26
2.950000000000000000e+01,4.063836025758885592e-22,2.681459994775167374e-02,9.999999578846618533e+02,1.012018850586102445e+02,-1.627450441585886489e-14,2.887421964113239128e-09,-3.519931700466055282e-07,-2.201314205752743378e-24,-9.761023657243562468e+00,9.000000000000000000e+01,-1.691834436377009733e-06,0.000000000000000000e+00,1.475334725888302432e-19,8.510792698505669147e-05,3.055678830937623652e-26
3.950000000000000000e+01,4.063836024101762993e-22,3.590429482157356939e-02,9.999999436214566231e+02,1.012018849243920187e+02,-1.627450441486426275e-14,5.178683507998942017e-09,-2.185231141373557038e-07,5.314145176048992815e-24,-9.760907241881783492e+00,9.000000000000000000e+01,-1.694725382471397988e-06,0.000000000000000000e+00,1.475334725798072133e-19,1.919898712055834652e-05,3.118325056818397381e-26
4.950000000000000000e+01,4.063836022445726082e-22,4.499398968339109878e-02,9.999999294094741344e+02,1.012018847909059360e+02,-1.627450441383067511e-14,8.135331388386122294e-09,-2.083381414504644607e-07,5.977233100692962833e-24,-9.760849034055576467e+00,9.000000000000000000e+01,-1.731485113924505290e-06,0.000000000000000000e+00,1.475334725703101157e-19,-1.375556542257794603e-05,3.140569337991274009e-26
5.950000000000000000e+01,4.063836020788067458e-22,5.408368453319065128e-02,9.999999152068048716e+02,1.012018846565711954e+02,-1.627450441283942405e-14,1.175604658255585390e-08,-3.466259974870290807e-07,-2.439803905244862484e-24,-9.760907241411107549e+00,9.000000000000000000e+01,-1.703479922843219909e-06,0.000000000000000000e+00,1.475334725610295408e-19,1.919871909744001902e-05,3.116123726454838007e-26
6.950000000000000000e+01,4.063836019135228361e-22,6.317337937099723466e-02,9.999999008793383837e+02,1.012018845232334172e+02,-1.627450441181471266e-14,1.603478431214001374e-08,-1.464077480739361119e-07,8.511043051742637435e-24,-9.760732618115683934e+00,9.000000000000000000e+01,-1.676851326716946715e-06,0.000000000000000000e+00,1.475334725518005567e-19,-7.966483334713216080e-05,3.218073693368060105e-26
7.950000000000000000e+01,4.063836017482775767e-22,7.226307419683362931e-02,9.999998864252120256e+02,1.012018843900048779e+02,-1.627450441078294255e-14,2.098549908257079256e-08,2.458443613534974747e-10,1.894686199433866352e-23,-9.760907241132006362e+00,9.000000000000000000e+01,-1.717730996037797234e-06,0.000000000000000000e+00,1.475334725425023114e-19,1.919855955696399434e-05,3.112529966769873049e-26
8.950000000000000000e+01,4.063836015831815581e-22,8.135276901070087607e-02,9.999998719329014421e+02,1.012018842556780100e+02,-1.627450440982733223e-14,2.661979252596266942e-08,-4.573007683955914702e-07,-1.103166815890050846e-23,-9.760907240136768692e+00,9.000000000000000000e+01,-1.507783777402950628e-06,0.000000000000000000e+00,1.475334725331633808e-19,1.919799526391371912e-05,3.156822923526810187e-26
9.950000000000000000e+01,4.063836014181694227e-22,9.044246381261436540e-02,9.999998573604971170e+02,1.012018841228905757e+02,-1.627450440878263111e-14,3.291320931424000079e-08,-2.542613958783354532e-07,2.898344234060804049e-24,-9.760849032345134901e+00,9.000000000000000000e+01,-1.706340462834853143e-06,0.000000000000000000e+00,1.475334725238151816e-19,-1.375653769662892945e-05,3.147241534655076507e-26
1.095000000000000000e+02,4.063836012535589302e-22,9.953215860258235459e-02,9.999998428411781788e+02,1.012018839901164853e+02,-1.627450440775824474e-14,3.988064907992246427e-08,-3.252572403344814350e-07,-6.161494723636871155e-25,-9.760965447306857001e+00,9.000000000000000000e+01,-1.720442380737088782e-06,0.000000000000000000e+00,1.475334725143363082e-19,5.215217411101476122e-05,3.080294016822187446e-26
1.195000000000000000e+02,4.063836010893775872e-22,1.086218533806597025e-01,9.999998280024155974e+02,1.012018838574007873e+02,-1.627450440675321701e-14,4.751647846997054006e-08,-6.213999600438737717e-08,1.429171245922688891e-23,-9.761023655081288553e+00,9.000000000000000000e+01,-1.572291100452582488e-06,0.000000000000000000e+00,1.475334725053708635e-19,8.510669579829663236e-05,3.086817558768495283e-26
1.295000000000000000e+02,4.063836009253051420e-22,1.177115481468551522e-01,9.999998127361759543e+02,1.012018837242386553e+02,-1.627450440578093017e-14,5.584605662433078064e-08,-5.359253030074586713e-07,-1.520572482797409532e-23,-9.760907238644199069e+00,9.000000000000000000e+01,-1.578474200531097507e-06,0.000000000000000000e+00,1.475334724959120679e-19,1.919714716525837243e-05,3.142777345872487503e-26
1.395000000000000000e+02,4.063836007617469991e-22,1.268012429011703968e-01,9.999997973935678601e+02,1.012018835924779978e+02,-1.627450440475195894e-14,6.486516390825177822e-08,-3.547777909218715190e-07,-3.193520341132457945e-24,-9.760674407320935941e+00,9.000000000000000000e+01,-1.811724503650591186e-06,0.000000000000000000e+00,1.475334724866932431e-19,-1.126210712204008788e-04,3.215417839750445997e-26
1.495000000000000000e+02,4.063836005984480292e-22,1.358909376436824579e-01,9.999997820165008307e+02,1.012018834613500218e+02,-1.627450440369568681e-14,7.458412067325787792e-08,4.580608143283154247e-08,2.228615512759972857e-23,-9.760907238969798172e+00,9.000000000000000000e+01,-1.782340936503671749e-06,0.000000000000000000e+00,1.475334724774731183e-19,1.919733002000777072e-05,3.101220767062758980e-26
1.595000000000000000e+02,4.063836004355559213e-22,1.449806323744075864e-01,9.999997664988040924e+02,1.012018833287885258e+02,-1.627450440275067246e-14,8.500318531159255055e-08,-7.905426832167827586e-07,-2.999985043981181156e-23,-9.760849028436267005e+00,9.000000000000000000e+01,-1.701466606285415929e-06,0.000000000000000000e+00,1.475334724678596464e-19,-1.375875534058215947e-05,3.148908370358297457e-26
1.695000000000000000e+02,4.063836002729146170e-22,1.540703270933516666e-01,9.999997510220855474e+02,1.012018831989144871e+02,-1.627450440165522866e-14,9.610985382056642457e-08,-2.673022455535386340e-07,2.378083238388518718e-24,-9.760790821262041561e+00,9.000000000000000000e+01,-1.767058523925864382e-06,0.000000000000000000e+00,1.475334724584159211e-19,-4.671293868384431339e-05,3.163792656372937803e-26
1.795000000000000000e+02,4.063836001108170493e-22,1.631600218005550551e-01,9.999997353786602616e+02,1.012018830674548013e+02,-1.627450440068498970e-14,1.079187160363355732e-07,-2.755987168834042845e-07,2.248044336274737722e-24,-9.760965444239566580e+00,9.000000000000000000e+01,-1.704722603723923803e-06,0.000000000000000000e+00,1.475334724495185340e-19,5.215043218870272726e-05,3.084879045110982223e-26
1.895000000000000000e+02,4.063835999487543233e-22,1.722497164960502813e-01,9.999997196830809116e+02,1.012018829369809794e+02,-1.627450439965748890e-14,1.204221601120172115e-07,-7.230139737071780399e-08,1.374334539501403258e-23,-9.760907236210854876e+00,9.000000000000000000e+01,-1.646507944500473914e-06,0.000000000000000000e+00,1.475334724403168019e-19,1.919576499443885703e-05,3.131654800135766167e-26
1.995000000000000000e+02,4.063835997872327949e-22,1.813394111798551644e-01,9.999997039940208197e+02,1.012018828058257895e+02,-1.627450439870166716e-14,1.336344287503990163e-07,-3.284935659515903901e-07,-1.476662356381908690e-24,-9.760849026765942682e+00,9.000000000000000000e+01,-1.724457436633655965e-06,0.000000000000000000e+00,1.475334724312807478e-19,-1.375970405803562520e-05,3.143373597907416171e-26
2.095000000000000000e+02,4.063835996262316343e-22,1.904291058520126145e-01,9.999996882416307926e+02,1.012018826772649760e+02,-1.627450439761539623e-14,1.475478418772132318e-07,-8.959126879062618184e-08,1.435393438873843883e-23,-9.760849026810360485e+00,9.000000000000000000e+01,-1.859707318463773018e-06,0.000000000000000000e+00,1.475334724216341258e-19,-1.375967957173095329e-05,3.117485303683767158e-26
2.195000000000000000e+02,4.063835994657943819e-22,1.995188005125622943e-01,9.999996723607182503e+02,1.012018825482127653e+02,-1.627450439658986128e-14,1.621691869911968308e-07,-6.983275035714117897e-08,1.475355975568979777e-23,-9.760790818004348779e+00,9.000000000000000000e+01,-1.795443269680616955e-06,0.000000000000000000e+00,1.475334724122604804e-19,-4.671478682166067543e-05,3.157004156500150105e-26
2.295000000000000000e+02,4.063835993059664117e-22,2.086084951615741201e-01,9.999996560532599688e+02,1.012018824183851393e+02,-1.627450439564351218e-14,1.775007421600311386e-07,-9.110395866902596070e-07,-3.751394533327149496e-23,-9.760849022055486657e+00,9.000000000000000000e+01,-1.690078337637405216e-06,0.000000000000000000e+00,1.475334724026639326e-19,-1.376237308608872049e-05,3.152569926251139755e-26
2.395000000000000000e+02,4.063835991464475495e-22,2.176981897990814818e-01,9.999996394952759147e+02,1.012018822901673900e+02,-1.627450439461548443e-14,1.935571794282563954e-07,-8.970464377630364434e-07,-3.598513065086415636e-23,-9.760790813038047631e+00,9.000000000000000000e+01,-1.787700654586249387e-06,0.000000000000000000e+00,1.475334723933070427e-19,-4.671760002401638060e-05,3.159243022363070172e-26
2.495000000000000000e+02,4.063835989877521916e-22,2.267878844250957315e-01,9.999996229326352477e+02,1.012018821630549610e+02,-1.627450439356563047e-14,2.103374577821135392e-07,-6.238717141795876718e-07,-1.921610039238140842e-23,-9.760674396784034812e+00,9.000000000000000000e+01,-1.857858678305156599e-06,0.000000000000000000e+00,1.475334723840306326e-19,-1.126270449125965005e-04,3.204678862411626359e-26
2.595000000000000000e+02,4.063835988297335893e-22,2.358775790397333871e-01,9.999996062563732266e+02,1.012018820379044399e+02,-1.627450439243094241e-14,2.278439044452413677e-07,1.745262063520317799e-07,2.908407434307881609e-23,-9.760849021095749478e+00,9.000000000000000000e+01,-1.703052252738531478e-06,0.000000000000000000e+00,1.475334723745636758e-19,-1.376291845825932995e-05,3.149616917620863280e-26
2.695000000000000000e+02,4.063835986720759578e-22,2.449672736429183428e-01,9.999995894972234964e+02,1.012018819089525721e+02,-1.627450439155006561e-14,2.460796467307278362e-07,-2.414428354046104704e-07,4.463976505045413039e-24,-9.760790810116747096e+00,9.000000000000000000e+01,-1.817839310858985710e-06,0.000000000000000000e+00,1.475334723660696266e-19,-4.671925614452515050e-05,3.151886736094803246e-26
2.795000000000000000e+02,4.063835985150064497e-22,2.540569682348363667e-01,9.999995725834742188e+02,1.012018817831269644e+02,-1.627450439050836216e-14,2.650417982275975481e-07,6.238159072429519844e-07,5.698447267158434915e-23,-9.760965437407246981e+00,9.000000000000000000e+01,-1.675161510736903839e-06,0.000000000000000000e+00,1.475334723575222532e-19,5.214655660629708930e-05,3.093711218020404613e-26
2.895000000000000000e+02,4.063835983586566262e-22,2.631466628155254006e-01,9.999995555523782969e+02,1.012018816575451865e+02,-1.627450438949213261e-14,2.847444453867478039e-07,-2.552530477908316241e-07,2.075720886926810867e-24,-9.760965432294776534e+00,9.000000000000000000e+01,-1.571841471798373354e-06,0.000000000000000000e+00,1.475334723472790022e-19,5.214366150294828947e-05,3.120467251347508727e-26
2.995000000000000000e+02,4.063835982028938446e-22,2.722363573849607699e-01,9.999995379922911525e+02,1.012018815348203162e+02,-1.627450438833233038e-14,3.051846249031482203e-07,1.191667165204905915e-06,9.241258438905933941e-23,-9.760849021494658828e+00,9.000000000000000000e+01,-1.812938534094724604e-06,0.000000000000000000e+00,1.475334723383696021e-19,-1.376269553689668800e-05,3.125588731562004401e-26
3.095000000000000000e+02,4.063835980477126506e-22,2.813260519432819184e-01,9.999995200932025909e+02,1.012018814096702926e+02,-1.627450438735146073e-14,3.263867585381068944e-07,1.710652154253228401e-07,2.829079404579137551e-23,-9.760790806922678087e+00,9.000000000000000000e+01,-1.681923675322944605e-06,0.000000000000000000e+00,1.475334723283023570e-19,-4.672106718066158245e-05,3.187494006631322416e-26
3.195000000000000000e+02,4.063835978934620720e-22,2.904157464904939534e-01,9.999995019789785147e+02,1.012018812868214042e+02,-1.627450438628047792e-14,3.483535329619502448e-07,4.869691631918483107e-07,4.883037441576266110e-23,-9.760732598893815393e+00,9.000000000000000000e+01,-1.829873868218269924e-06,0.000000000000000000e+00,1.475334723189547116e-19,-7.967573436111030465e-05,3.181247281033217631e-26
3.295000000000000000e+02,4.063835977397475187e-22,2.995054410266307365e-01,9.999994837930426002e+02,1.012018811618005287e+02,-1.627450438537118951e-14,3.710828744189696615e-07,-2.206947842026589217e-07,5.395129877834610978e-24,-9.760790802284748935e+00,9.000000000000000000e+01,-1.787424582439898354e-06,0.000000000000000000e+00,1.475334723099137224e-19,-4.672369443816837991e-05,3.160663610360481244e-26
3.395000000000000000e+02,4.063835975869424690e-22,3.085951355518274375e-01,9.999994654534384608e+02,1.012018810421529480e+02,-1.627450438418262225e-14,3.945848459504035539e-07,-2.659995876835885271e-07,2.596202575681785224e-24,-9.760849009078564009e+00,9.000000000000000000e+01,-1.752510386924038339e-06,0.000000000000000000e+00,1.475334722991008776e-19,-1.376972756355723904e-05,3.138142291608035702e-26
3.495000000000000000e+02,4.063835974349173363e-22,3.176848300660588542e-01,9.999994469750672579e+02,1.012018809218964890e+02,-1.627450438307432001e-14,4.188556514625186151e-07,8.898907160713230723e-07,7.411819803538609634e-23,-9.760849014090895892e+00,9.000000000000000000e+01,-1.824243573987830813e-06,0.000000000000000000e+00,1.475334722903497408e-19,-1.376689044790046297e-05,3.119847809126081768e-26
3.595000000000000000e+02,4.063835972835097612e-22,3.267745245694699263e-01,9.999994279677048326e+02,1.012018807996185643e+02,-1.627450438212206392e-14,4.439144874572819930e-07,2.479105372378231779e-07,3.426073404010598726e-23,-9.760849009058707892e+00,9.000000000000000000e+01,-1.772169344521289403e-06,0.000000000000000000e+00,1.475334722810136991e-19,-1.376974019977150671e-05,3.133442345505372030e-26
3.695000000000000000e+02,4.063835971331487053e-22,3.358642190621308754e-01,9.999994088150560856e+02,1.012018806769030874e+02,-1.627450438125396036e-14,4.697564947447775216e-07,-3.954452053017382101e-07,-5.595119425273266478e-24,-9.760849003779235034e+00,9.000000000000000000e+01,-1.728338018678290736e-06,0.000000000000000000e+00,1.475334722724403738e-19,-1.377273007235888712e-05,3.144920707586561480e-26
3.795000000000000000e+02,4.063835969832781127e-22,3.449539135439857462e-01,9.999993895292282104e+02,1.012018805588663781e+02,-1.627450438012566523e-14,4.964004129688763441e-07,-9.471893325208814936e-07,-3.906609512500207073e-23,-9.760907207595474588e+00,9.000000000000000000e+01,-1.725908405679339653e-06,0.000000000000000000e+00,1.475334722616495568e-19,1.917955099390912949e-05,3.114054746130082935e-26
3.895000000000000000e+02,4.063835968345690965e-22,3.540436080152247755e-01,9.999993701120838523e+02,1.012018804422772007e+02,-1.627450437897353703e-14,5.238368051334262858e-07,1.845082654665057124e-06,1.316288907699891671e-22,-9.760790805597029163e+00,9.000000000000000000e+01,-1.765127443789904353e-06,0.000000000000000000e+00,1.475334722543190341e-19,-4.672182303070404315e-05,3.167518436029061696e-26
3.995000000000000000e+02,4.063835966867792229e-22,3.631333024759257899e-01,9.999993501761928201e+02,1.012018803226899308e+02,-1.627450437805327715e-14,5.520725862849504101e-07,2.970261944649958007e-07,3.664774433099939903e-23,-9.760790794373193080e+00,9.000000000000000000e+01,-1.747373282224725732e-06,0.000000000000000000e+00,1.475334722443137559e-19,-4.672817817019961296e-05,3.172299878437379215e-26
4.095000000000000000e+02,4.063835965397596272e-22,3.722229969260956173e-01,9.999993297066539526e+02,1.012018802076584478e+02,-1.627450437689395769e-14,5.811356297320238733e-07,1.174305609282845310e-06,9.027026740437881709e-23,-9.760907216159511179e+00,9.000000000000000000e+01,-1.661859413281525344e-06,0.000000000000000000e+00,1.475334722348457157e-19,1.918439764750613788e-05,3.126247281700939904e-26
4.195000000000000000e+02,4.063835963940503786e-22,3.813126913658904105e-01,9.999993091346696019e+02,1.012018800922481745e+02,-1.627450437583119166e-14,6.110247626775009877e-07,-1.922133718317427828e-08,1.787863146506312822e-23,-9.760848997877834776e+00,9.000000000000000000e+01,-1.772474092548648449e-06,0.000000000000000000e+00,1.475334722239880209e-19,-1.377607405414254656e-05,3.134573005240909287e-26
4.295000000000000000e+02,4.063835962490727577e-22,3.904023857953322074e-01,9.999992883708328009e+02,1.012018799768430029e+02,-1.627450437480742691e-14,6.417445424077122548e-07,2.376614586772327722e-07,3.371132494081177338e-23,-9.760848997887055845e+00,9.000000000000000000e+01,-1.782850537696954745e-06,0.000000000000000000e+00,1.475334722150722411e-19,-1.377606950322479845e-05,3.132118688260007397e-26
4.395000000000000000e+02,4.063835961051279731e-22,3.994920802145142114e-01,9.999992671953514218e+02,1.012018798654841163e+02,-1.627450437359258427e-14,6.733064039981859901e-07,1.244423773207943674e-06,9.625172770660483118e-23,-9.760674376028141808e+00,9.000000000000000000e+01,-1.967825440417009555e-06,0.000000000000000000e+00,1.475334722052922726e-19,-1.126388083024309030e-04,3.179766568842357511e-26
4.495000000000000000e+02,4.063835959618202595e-22,4.085817746235649861e-01,9.999992455616593361e+02,1.012018797481571681e+02,-1.627450437277471222e-14,7.057159869568923198e-07,-5.953600592131591311e-07,-1.815545257909426138e-23,-9.760848988299933637e+00,9.000000000000000000e+01,-1.701517698715819040e-06,0.000000000000000000e+00,1.475334721959119104e-19,-1.378149854633368748e-05,3.153513648614660894e-26
4.595000000000000000e+02,4.063835958197793526e-22,4.176714690224449522e-01,9.999992238059639931e+02,1.012018796354635839e+02,-1.627450437174275278e-14,7.390011790576484025e-07,-2.411231918569026406e-07,3.264662817798353650e-24,-9.761023616503727851e+00,9.000000000000000000e+01,-1.577307471296186899e-06,0.000000000000000000e+00,1.475334721870557382e-19,8.508483136672883738e-05,3.090665747793990486e-26
4.695000000000000000e+02,4.063835956787365814e-22,4.267611634113349650e-01,9.999992017950862646e+02,1.012018795233836386e+02,-1.627450437072922113e-14,7.731427719742679829e-07,3.934817835902408368e-07,4.265112779769148514e-23,-9.760907200993214516e+00,9.000000000000000000e+01,-1.694308729808126214e-06,0.000000000000000000e+00,1.475334721786969615e-19,1.917580743132977938e-05,3.124144128027201292e-26
4.795000000000000000e+02,4.063835955385055597e-22,4.358508577903331682e-01,9.999991791117936373e+02,1.012018794158546484e+02,-1.627450436948021451e-14,8.081562659069514316e-07,1.948750210454159899e-06,1.385244942021547633e-22,-9.760674373699334438e+00,9.000000000000000000e+01,-1.887959193366152924e-06,0.000000000000000000e+00,1.475334721692561974e-19,-1.126401293656606050e-04,3.201260433709367039e-26
4.895000000000000000e+02,4.063835953993403351e-22,4.449405521594137491e-01,9.999991560969501734e+02,1.012018793056334687e+02,-1.627450436845141051e-14,8.440595685588604506e-07,4.231494306795848279e-07,4.517383562772187621e-23,-9.760848988209078314e+00,9.000000000000000000e+01,-1.796006685859110200e-06,0.000000000000000000e+00,1.475334721584053877e-19,-1.378155223766609884e-05,3.130128860305312403e-26
4.995000000000000000e+02,4.063835952613396963e-22,4.540302465187275316e-01,9.999991327840834856e+02,1.012018791952122143e+02,-1.627450436749923016e-14,8.808630764707087047e-07,-1.128960721926885113e-06,-5.036983156866536749e-23,-9.760848973874852064e+00,9.000000000000000000e+01,-1.748223431768862208e-06,0.000000000000000000e+00,1.475334721482142331e-19,-1.378966823306975882e-05,3.142688688158336253e-26
5.095000000000000000e+02,4.063835951245659916e-22,4.631199408684061880e-01,9.999991091508418322e+02,1.012018790901047822e+02,-1.627450436628837600e-14,9.185697559800802873e-07,9.548343104627496617e-07,7.684066201338853625e-23,-9.760848988409751570e+00,9.000000000000000000e+01,-1.711856435207821773e-06,0.000000000000000000e+00,1.475334721397125765e-19,-1.378143971105431476e-05,3.152296621065525062e-26
5.195000000000000000e+02,4.063835949888059861e-22,4.722096352085541904e-01,9.999990849336609244e+02,1.012018789839111292e+02,-1.627450436519664299e-14,9.571980968825966812e-07,-1.515423594756443158e-06,-7.468395125644609126e-23,-9.761081807559861545e+00,9.000000000000000000e+01,-1.555340525111003563e-06,0.000000000000000000e+00,1.475334721272908098e-19,1.180298857238337587e-04,3.066119251806365999e-26
5.295000000000000000e+02,4.063835948544045699e-22,4.812993295390128323e-01,9.999990605879575014e+02,1.012018788760059067e+02,-1.627450436428713686e-14,9.967596106181703107e-07,-2.676576584990645900e-07,2.956622215179805644e-24,-9.760848977314973141e+00,9.000000000000000000e+01,-1.806200847057512229e-06,0.000000000000000000e+00,1.475334721206297885e-19,-1.378772226200269336e-05,3.128526653035780018e-26
5.395000000000000000e+02,4.063835947208789441e-22,4.903890238601320561e-01,9.999990358809009194e+02,1.012018787724492910e+02,-1.627450436315712201e-14,1.037250162346125673e-06,-4.635968061761735917e-07,-9.054447393082796804e-24,-9.760848973450258370e+00,9.000000000000000000e+01,-1.805524839243295299e-06,0.000000000000000000e+00,1.475334721103890653e-19,-1.378991069989757016e-05,3.128967463547457794e-26
5.495000000000000000e+02,4.063835945884346790e-22,4.994787181720252156e-01,9.999990103533491492e+02,1.012018786677769242e+02,-1.627450436215128018e-14,1.078686917832216031e-06,-3.537464347762177993e-07,-2.900900395861233805e-24,-9.761023601686964923e+00,9.000000000000000000e+01,-1.652435048093787222e-06,0.000000000000000000e+00,1.475334721016126507e-19,8.507643787603551668e-05,3.073597317521365159e-26
5.595000000000000000e+02,4.063835944572513433e-22,5.085684124748256485e-01,9.999989845929667354e+02,1.012018785665298424e+02,-1.627450436100700273e-14,1.121094123869327823e-06,-7.886745677836403966e-07,-2.928474847987093381e-23,-9.760790756006933577e+00,9.000000000000000000e+01,-1.808514789643808032e-06,0.000000000000000000e+00,1.475334720910177490e-19,-4.674990825917682812e-05,3.160432155772400587e-26
5.695000000000000000e+02,4.063835943275299463e-22,5.176581067685841475e-01,9.999989584702998400e+02,1.012018784652976251e+02,-1.627450435993965499e-14,1.164466107158691210e-06,1.686651231531455679e-06,1.219777449649451273e-22,-9.760848985888392448e+00,9.000000000000000000e+01,-1.746722209959211376e-06,0.000000000000000000e+00,1.475334720843183294e-19,-1.378287050173182062e-05,3.144923956014670365e-26
5.795000000000000000e+02,4.063835941988634380e-22,5.267478010532792299e-01,9.999989317078143358e+02,1.012018783638460349e+02,-1.627450435894146195e-14,1.208830515749959604e-06,-1.407118420616985524e-06,-6.694556886893829423e-23,-9.760965375722852500e+00,9.000000000000000000e+01,-1.730927193744501817e-06,0.000000000000000000e+00,1.475334720721475114e-19,5.211161577839825917e-05,3.085914771967428485e-26
5.895000000000000000e+02,4.063835940715994354e-22,5.358374953289875009e-01,9.999989046761766076e+02,1.012018782649416551e+02,-1.627450435786478988e-14,1.254198900228986491e-06,-1.509066073391434408e-06,-7.459601349935204679e-23,-9.760907161946803967e+00,9.000000000000000000e+01,-1.617161551676671458e-06,0.000000000000000000e+00,1.475334720625388544e-19,1.915369498090034784e-05,3.141662834552902181e-26
5.995000000000000000e+02,4.063835939457655394e-22,5.449271895959928447e-01,9.999988770950585604e+02,1.012018781703002475e+02,-1.627450435660379257e-14,1.300565365203685086e-06,-1.865869976774317429e-08,1.814742761682659423e-23,-9.760965384100579456e+00,9.000000000000000000e+01,-1.739335740655855349e-06,0.000000000000000000e+00,1.475334720530957791e-19,5.211635808758481245e-05,3.084318854214918753e-26
6.095000000000000000e+02,4.063835938213037743e-22,5.540168838543951813e-01,9.999988490073010325e+02,1.012018780722761448e+02,-1.627450435562455744e-14,1.347957375177604295e-06,-5.840131912335961569e-07,-1.621955682310660865e-23,-9.760907166035108773e+00,9.000000000000000000e+01,-1.796989477255682356e-06,0.000000000000000000e+00,1.475334720439162433e-19,1.915600871228861240e-05,3.101459870347485274e-26
6.195000000000000000e+02,4.063835936979608448e-22,5.631065781042750018e-01,9.999988206038251519e+02,1.012018779804398321e+02,-1.627450435432648682e-14,1.396386141548022591e-06,-8.907181062145103888e-07,-3.597936264466283583e-23,-9.760965370861431012e+00,9.000000000000000000e+01,-1.670823590373511859e-06,0.000000000000000000e+00,1.475334720321463798e-19,5.210886202442179064e-05,3.102557508408594732e-26
6.295000000000000000e+02,4.063835935762806285e-22,5.721962723458050570e-01,9.999987914720550179e+02,1.012018778830186818e+02,-1.627450435346079086e-14,1.445862199656095827e-06,-1.759291087323021307e-06,-8.930697500057674945e-23,-9.760848938563839283e+00,9.000000000000000000e+01,-1.723662857740913859e-06,0.000000000000000000e+00,1.475334720236794381e-19,-1.380966603398586167e-05,3.152633187633387455e-26
6.395000000000000000e+02,4.063835934556088454e-22,5.812859665787900587e-01,9.999987621046602726e+02,1.012018777873722541e+02,-1.627450435254064457e-14,1.496397361448029860e-06,-3.319730995562172006e-06,-1.848496745645748823e-22,-9.760848919898451825e+00,9.000000000000000000e+01,-1.724996375263320607e-06,0.000000000000000000e+00,1.475334720139740271e-19,-1.382023410450207146e-05,3.152604445244275874e-26
6.495000000000000000e+02,4.063835933359453072e-22,5.903756608036090370e-01,9.999987319912761450e+02,1.012018777022145315e+02,-1.627450435103206168e-14,1.548003690747635626e-06,1.318832310826954746e-06,9.934011852610150208e-23,-9.760732543096661828e+00,9.000000000000000000e+01,-1.806826907441011612e-06,0.000000000000000000e+00,1.475334720058252731e-19,-7.970734237968244058e-05,3.195192739087659971e-26
6.595000000000000000e+02,4.063835932180503708e-22,5.994653550203610237e-01,9.999987013144418597e+02,1.012018776115708079e+02,-1.627450434995312400e-14,1.600709267762437258e-06,-8.452397321457715091e-07,-3.285815841121539069e-23,-9.760965361275362184e+00,9.000000000000000000e+01,-1.705825849087392518e-06,0.000000000000000000e+00,1.475334719940748374e-19,5.210343312492318057e-05,3.094774714673464237e-26
6.695000000000000000e+02,4.063835931013594698e-22,6.085550492291385005e-01,9.999986702417954803e+02,1.012018775199211547e+02,-1.627450434900233835e-14,1.654512469188735689e-06,-1.499802093398763304e-06,-7.384194649031446801e-23,-9.760965351548971825e+00,9.000000000000000000e+01,-1.619936700136216959e-06,0.000000000000000000e+00,1.475334719851269428e-19,5.209792590291693843e-05,3.117212060017641853e-26
6.795000000000000000e+02,4.063835929862252524e-22,6.176447434300903483e-01,9.999986384753137827e+02,1.012018774355936443e+02,-1.627450434768724096e-14,1.709440841252767674e-06,1.165088005277902697e-06,9.065475047577272750e-23,-9.760907166705386828e+00,9.000000000000000000e+01,-1.788269083318920683e-06,0.000000000000000000e+00,1.475334719766194603e-19,1.915638553818146912e-05,3.109538666474550463e-26
6.895000000000000000e+02,4.063835928723483438e-22,6.267344376231792635e-01,9.999986063642427325e+02,1.012018773445390991e+02,-1.627450434685253777e-14,1.765497946194052112e-06,-9.404395530489906276e-07,-3.885243738922706329e-23,-9.760790718808999955e+00,9.000000000000000000e+01,-1.790943217361782851e-06,0.000000000000000000e+00,1.475334719671574146e-19,-4.677097376358655735e-05,3.168882806826489792e-26
6.995000000000000000e+02,4.063835927599427780e-22,6.358241318085802174e-01,9.999985733153298497e+02,1.012018772629945005e+02,-1.627450434551259757e-14,1.822705425896924903e-06,1.405334885178140065e-06,1.050549924370222602e-22,-9.760848953083577584e+00,9.000000000000000000e+01,-1.784625592542460769e-06,0.000000000000000000e+00,1.475334719580957216e-19,-1.380144830019486585e-05,3.139132262136426558e-26
7.095000000000000000e+02,4.063835926491512599e-22,6.449138259864769518e-01,9.999985400345176458e+02,1.012018771792149039e+02,-1.627450434439850193e-14,1.881080195811111047e-06,-1.733565145704184224e-07,9.512994858902475809e-24,-9.760848932901525998e+00,9.000000000000000000e+01,-1.913003033594621399e-06,0.000000000000000000e+00,1.475334719467719276e-19,-1.381287467286227695e-05,3.115250177684898015e-26
7.195000000000000000e+02,4.063835925395606269e-22,6.540035201570468804e-01,9.999985058475285769e+02,1.012018770967193575e+02,-1.627450434326875845e-14,1.940643393336118626e-06,7.846780943153638432e-07,6.603259243549713000e-23,-9.760790729077340799e+00,9.000000000000000000e+01,-1.709087495191014538e-06,0.000000000000000000e+00,1.475334719380638595e-19,-4.676516111015845497e-05,3.185423734873908371e-26
7.295000000000000000e+02,4.063835924319173648e-22,6.630932143203510654e-01,9.999984713802114129e+02,1.012018770153982672e+02,-1.627450434217426759e-14,2.001403799408008073e-06,8.039469538563869511e-07,6.799132403533339284e-23,-9.760732514980597685e+00,9.000000000000000000e+01,-1.829794786906669969e-06,0.000000000000000000e+00,1.475334719287055251e-19,-7.972326335112256152e-05,3.191887026965049264e-26
7.395000000000000000e+02,4.063835923255645604e-22,6.721829084765709172e-01,9.999984358865767717e+02,1.012018769324035219e+02,-1.627450434124846359e-14,2.063376735577220772e-06,-5.126075244542047954e-08,1.520170102113709536e-23,-9.760907136813935736e+00,9.000000000000000000e+01,-1.691205144549953957e-06,0.000000000000000000e+00,1.475334719199069382e-19,1.913945999097177317e-05,3.132856149194105995e-26
7.495000000000000000e+02,4.063835922211044430e-22,6.812726026255961909e-01,9.999983999412506819e+02,1.012018768557143176e+02,-1.627450434004063865e-14,2.126588395993914430e-06,1.100298342796449192e-06,8.615593692511338607e-23,-9.760907147686522123e+00,9.000000000000000000e+01,-1.734296597040731805e-06,0.000000000000000000e+00,1.475334719108148637e-19,1.914561524780409945e-05,3.122096697775185909e-26
7.595000000000000000e+02,4.063835921178590345e-22,6.903622967678048061e-01,9.999983632573857903e+02,1.012018767825732510e+02,-1.627450433868045313e-14,2.191051590385372482e-06,2.332144854836369387e-07,3.299519890227099285e-23,-9.760848922575972253e+00,9.000000000000000000e+01,-1.761564586435729066e-06,0.000000000000000000e+00,1.475334718981460002e-19,-1.381872200127562538e-05,3.147114948978191181e-26
7.695000000000000000e+02,4.063835920163340794e-22,6.994519909032766991e-01,9.999983260948210955e+02,1.012018767083742006e+02,-1.627450433747779681e-14,2.256784298250383511e-06,-2.206369487087993828e-07,5.318511731436632036e-24,-9.760907126004866541e+00,9.000000000000000000e+01,-1.740323977162042203e-06,0.000000000000000000e+00,1.475334718873665463e-19,1.913334010707183364e-05,3.121250477423867774e-26
7.795000000000000000e+02,4.063835919161430284e-22,7.085416850322080462e-01,9.999982879478484392e+02,1.012018766333850550e+02,-1.627450433639379149e-14,2.323804782583413714e-06,-1.605387658170381345e-06,-7.917558665605649657e-23,-9.760965318001016300e+00,9.000000000000000000e+01,-1.736707584711468516e-06,0.000000000000000000e+00,1.475334718766595554e-19,5.207892940052678620e-05,3.090856362347370563e-26
7.895000000000000000e+02,4.063835918175087550e-22,7.176313791546659049e-01,9.999982493342831731e+02,1.012018765640541034e+02,-1.627450433504877733e-14,2.392139598667421519e-06,9.613031681256795353e-08,2.480903547858288662e-23,-9.760848911623599022e+00,9.000000000000000000e+01,-1.783852921310364714e-06,0.000000000000000000e+00,1.475334718670098038e-19,-1.382492318621732029e-05,3.142435396492307829e-26
7.995000000000000000e+02,4.063835917205528995e-22,7.267210732706264054e-01,9.999982101293280721e+02,1.012018764881489119e+02,-1.627450433419643521e-14,2.461799454257099288e-06,3.549597676335189686e-07,4.064277777315052725e-23,-9.760848911708542630e+00,9.000000000000000000e+01,-1.791457042331682583e-06,0.000000000000000000e+00,1.475334718602209007e-19,-1.382487584430538462e-05,3.144514362803326439e-26
8.095000000000000000e+02,4.063835916251563607e-22,7.358107673803223614e-01,9.999981700694188476e+02,1.012018764230362677e+02,-1.627450433276659642e-14,2.532795689048511325e-06,2.256349882364655943e-06,1.579324683264223550e-22,-9.760790720651989716e+00,9.000000000000000000e+01,-1.899684091921649765e-06,0.000000000000000000e+00,1.475334718500927000e-19,-4.676993336808752983e-05,3.145004722461554350e-26
8.195000000000000000e+02,4.063835915310733664e-22,7.449004614839592753e-01,9.999981293603777885e+02,1.012018763503617578e+02,-1.627450433186917879e-14,2.605159882371481557e-06,-2.610519421097159202e-06,-1.410845059868078025e-22,-9.760907079269161457e+00,9.000000000000000000e+01,-1.738125425099590046e-06,0.000000000000000000e+00,1.475334718372874566e-19,1.910687924351516645e-05,3.123627461110892756e-26
8.295000000000000000e+02,4.063835914389810953e-22,7.539901555816623802e-01,9.999980878364294767e+02,1.012018762867132438e+02,-1.627450433052730115e-14,2.678910292089263666e-06,-6.837537156613740665e-07,-2.322728245751265637e-23,-9.760848888270087897e+00,9.000000000000000000e+01,-1.760054433628532621e-06,0.000000000000000000e+00,1.475334718280043780e-19,-1.383814587362503194e-05,3.150022987002899243e-26
8.395000000000000000e+02,4.063835913483477537e-22,7.630798496735712311e-01,9.999980456307530403e+02,1.012018762237024418e+02,-1.627450432922475927e-14,2.754065949745476304e-06,-1.492505239588168617e-06,-7.129920298756358581e-23,-9.760790661505478027e+00,9.000000000000000000e+01,-1.945148314538111504e-06,0.000000000000000000e+00,1.475334718161145532e-19,-4.680341961638331274e-05,3.139939478730262521e-26
8.495000000000000000e+02,4.063835912595204886e-22,7.721695437597947409e-01,9.999980025580152869e+02,1.012018761594891316e+02,-1.627450432809204020e-14,2.830649086323751688e-06,2.419700550163483690e-06,1.678420350077992762e-22,-9.760790710369381173e+00,9.000000000000000000e+01,-1.894079776461848856e-06,0.000000000000000000e+00,1.475334718109354146e-19,-4.677575569801527825e-05,3.147919686359542476e-26
8.595000000000000000e+02,4.063835911720736301e-22,7.812592378403120374e-01,9.999979586312547326e+02,1.012018760969177009e+02,-1.627450432693118089e-14,2.908685230734556914e-06,3.212032171486240677e-07,3.844760034144373505e-23,-9.760965317573855771e+00,9.000000000000000000e+01,-1.710008074938017414e-06,0.000000000000000000e+00,1.475334717989077654e-19,5.207868599547106560e-05,3.100640484188044289e-26
8.695000000000000000e+02,4.063835910864710281e-22,7.903489319154353154e-01,9.999979140749201179e+02,1.012018760339845613e+02,-1.627450432589496792e-14,2.988188473091534660e-06,-8.693004698695695188e-07,-3.514048389039502788e-23,-9.760674231804332024e+00,9.000000000000000000e+01,-1.809283669654723785e-06,0.000000000000000000e+00,1.475334717890227374e-19,-1.127204778200541853e-04,3.233907602875520994e-26
8.795000000000000000e+02,4.063835910028517203e-22,7.994386259853502041e-01,9.999978685900568962e+02,1.012018759730072190e+02,-1.627450432484228037e-14,3.069191713746841327e-06,-1.972450243713726470e-07,6.212766311164979056e-24,-9.760907090474390202e+00,9.000000000000000000e+01,-1.697747799974099035e-06,0.000000000000000000e+00,1.475334717810829227e-19,1.911322192330560380e-05,3.136245524673497503e-26
8.895000000000000000e+02,4.063835909208682774e-22,8.085283200501998113e-01,9.999978222437202930e+02,1.012018759203484137e+02,-1.627450432336900690e-14,3.151710090379324017e-06,-1.773451200508106319e-06,-8.988984420615244281e-23,-9.760907064840941061e+00,9.000000000000000000e+01,-1.738127918654460197e-06,0.000000000000000000e+00,1.475334717669214394e-19,1.909870986376435373e-05,3.126242506401737839e-26
8.995000000000000000e+02,4.063835908404854816e-22,8.176180141100969356e-01,9.999977751439437270e+02,1.012018758687359679e+02,-1.627450432191715258e-14,3.235766295099251327e-06,-2.353654318190758281e-06,-1.254804041816899245e-22,-9.760965266361083081e+00,9.000000000000000000e+01,-1.699982355915545498e-06,0.000000000000000000e+00,1.475334717540622700e-19,5.204969180722280475e-05,3.104762276669390377e-26
9.095000000000000000e+02,4.063835907617197429e-22,8.267077081650435755e-01,9.999977271677926183e+02,1.012018758154441684e+02,-1.627450432065650552e-14,3.321386421242324114e-06,2.418635878848111048e-07,3.497809350432140322e-23,-9.760674231800308576e+00,9.000000000000000000e+01,-2.012033471156480380e-06,0.000000000000000000e+00,1.475334717464677986e-19,-1.127204799351197543e-04,3.183221940725263829e-26
9.195000000000000000e+02,4.063835906848393091e-22,8.357974022152560023e-01,9.999976781811565161e+02,1.012018757630938950e+02,-1.627450431943588842e-14,3.408604325194441689e-06,1.684069760803794345e-06,1.229681304799586555e-22,-9.760907104118301092e+00,9.000000000000000000e+01,-1.861501507526242882e-06,0.000000000000000000e+00,1.475334717379609660e-19,1.912094685616717540e-05,3.100502720313293017e-26
9.295000000000000000e+02,4.063835906096475434e-22,8.448870962609656976e-01,9.999976284084841609e+02,1.012018757094614330e+02,-1.627450431838620801e-14,3.497424038632263002e-06,-8.953313910949117102e-07,-3.507311310952173497e-23,-9.760790634736288496e+00,9.000000000000000000e+01,-1.907837558347550163e-06,0.000000000000000000e+00,1.475334717265933571e-19,-4.681857607417404531e-05,3.147459663262415374e-26
9.395000000000000000e+02,4.063835905362587509e-22,8.539767903023206541e-01,9.999975777631625533e+02,1.012018756649854510e+02,-1.627450431687119433e-14,3.587883679501280208e-06,1.295492342750031675e-06,9.782287328152990857e-23,-9.760907091277879033e+00,9.000000000000000000e+01,-1.722692788563067618e-06,0.000000000000000000e+00,1.475334717162988042e-19,1.911367733041384440e-05,3.132129641037900259e-26
9.495000000000000000e+02,4.063835904648018129e-22,8.630664843394760810e-01,9.999975262237712741e+02,1.012018756155140267e+02,-1.627450431576632206e-14,3.680006886072597621e-06,-2.796160435754519541e-07,1.722319175248020419e-24,-9.760907064151599144e+00,9.000000000000000000e+01,-1.748611841106562403e-06,0.000000000000000000e+00,1.475334717056016596e-19,1.909831958131929960e-05,3.122182931432479492e-26
9.595000000000000000e+02,4.063835903947866422e-22,8.721561783725484407e-01,9.999974735472351313e+02,1.012018755690630343e+02,-1.627450431455201269e-14,3.773819272968333789e-06,8.818834243078898977e-07,7.410469496562018169e-23,-9.760965292780401370e+00,9.000000000000000000e+01,-1.845684888984136655e-06,0.000000000000000000e+00,1.475334716969794157e-19,5.206464870145228416e-05,3.069563723472258223e-26
9.695000000000000000e+02,4.063835903268554820e-22,8.812458724015009848e-01,9.999974200250580907e+02,1.012018755245381101e+02,-1.627450431333399252e-14,3.869347088816851556e-06,2.890630046343399279e-06,1.958464198505785957e-22,-9.760674247146292615e+00,9.000000000000000000e+01,-1.890558749762844143e-06,0.000000000000000000e+00,1.475334716892366718e-19,-1.127117922202251565e-04,3.216838140451178049e-26
9.795000000000000000e+02,4.063835902606755262e-22,8.903355664267118552e-01,9.999973655194044113e+02,1.012018754797120863e+02,-1.627450431222430820e-14,3.966620647879894752e-06,4.676845237687928436e-07,4.782864999881524440e-23,-9.760965279107246317e+00,9.000000000000000000e+01,-1.759882480120234054e-06,0.000000000000000000e+00,1.475334716776501568e-19,5.205690736945567870e-05,3.092458393541373694e-26
9.895000000000000000e+02,4.063835901961142261e-22,8.994252604482634306e-01,9.999973099939525127e+02,1.012018754417455852e+02,-1.627450431078324549e-14,4.065667630831979043e-06,-2.926251467772173514e-06,-1.594095579740588692e-22,-9.760790577845101623e+00,9.000000000000000000e+01,-1.915240668312999457e-06,0.000000000000000000e+00,1.475334716620522187e-19,-4.685078483712381203e-05,3.147953409713957159e-26
9.995000000000000000e+02,4.063835901334095488e-22,9.085149544662859400e-01,9.999972535874694586e+02,1.012018753996024145e+02,-1.627450430969608157e-14,4.166514437739649081e-06,8.779991513475213041e-08,2.321392577088662264e-23,-9.760848835480379293e+00,9.000000000000000000e+01,-1.697789223518270501e-06,0.000000000000000000e+00,1.475334716566627686e-19,-1.386803391084551465e-05,3.172633575621402390e-26
1.009500000000000000e+03,4.063835900727294490e-22,9.176046484810277404e-01,9.999971960587427020e+02,1.012018753734970886e+02,-1.627450430773589791e-14,4.269189719960699906e-06,4.932866581810956574e-06,3.202559430908551278e-22,-9.760732478862331973e+00,9.000000000000000000e+01,-1.799712490062889331e-06,0.000000000000000000e+00,1.475334716455202046e-19,-7.974371415944033728e-05,3.210130440742945369e-26
1.019500000000000000e+03,4.063835900137457756e-22,9.266943424926312733e-01,9.999971375688910484e+02,1.012018753320903670e+02,-1.627450430680098098e-14,4.373719033579134271e-06,-2.203135655517106820e-06,-1.160913788015600667e-22,-9.760965221066260966e+00,9.000000000000000000e+01,-1.727134547675700005e-06,0.000000000000000000e+00,1.475334716304401972e-19,5.202404830585724782e-05,3.102527699096257501e-26
1.029500000000000000e+03,4.063835899564064307e-22,9.357840365012636274e-01,9.999970777984708548e+02,1.012018752953087244e+02,-1.627450430567122488e-14,4.480138369505626419e-06,-3.310084202933548417e-06,-1.843954595954452273e-22,-9.760848791281601322e+00,9.000000000000000000e+01,-1.735518311704975549e-06,0.000000000000000000e+00,1.475334716202563612e-19,-1.389305638377373567e-05,3.160472754527089109e-26
1.039500000000000000e+03,4.063835899012231775e-22,9.448737305070321613e-01,9.999970170678570867e+02,1.012018752608233711e+02,-1.627450430451513029e-14,4.588475870801044264e-06,-5.028413558147782952e-06,-2.892040851252491944e-22,-9.761023405288158372e+00,9.000000000000000000e+01,-1.685077818678333390e-06,0.000000000000000000e+00,1.475334716092098529e-19,8.496523638035010533e-05,3.082494686088251399e-26
1.049500000000000000e+03,4.063835898477428865e-22,9.539634245096477727e-01,9.999969551516696811e+02,1.012018752288430079e+02,-1.627450430329724265e-14,4.698764039506592098e-06,7.786346347659010673e-07,6.634639267363371711e-23,-9.760907066168385882e+00,9.000000000000000000e+01,-1.749049383652981928e-06,0.000000000000000000e+00,1.475334716059108794e-19,1.909946157309501348e-05,3.129759696073039912e-26
1.059500000000000000e+03,4.063835897959212651e-22,9.630531185097288560e-01,9.999968921337276697e+02,1.012018752022882779e+02,-1.627450430183469453e-14,4.811033487860220619e-06,-3.464704782431854485e-06,-1.925754245957114932e-22,-9.760848775429245450e+00,9.000000000000000000e+01,-1.878196188160369819e-06,0.000000000000000000e+00,1.475334715894076338e-19,-1.390203095839133082e-05,3.132322012930923218e-26
1.069500000000000000e+03,4.063835897460677503e-22,9.721428125074161875e-01,9.999968280429020524e+02,1.012018751729512189e+02,-1.627450430064563502e-14,4.925317016670538369e-06,-3.504171441200704354e-06,-1.958949355968487036e-22,-9.761081634032240828e+00,9.000000000000000000e+01,-1.652608986268207107e-06,0.000000000000000000e+00,1.475334715799837216e-19,1.179316311314651978e-04,3.060384321082927628e-26
1.079500000000000000e+03,4.063835896981640046e-22,9.812325065028947302e-01,9.999967627255246043e+02,1.012018751416225655e+02,-1.627450429968414295e-14,5.041648239591937443e-06,-4.938279863273313940e-06,-2.829790471705543011e-22,-9.760965173219947388e+00,9.000000000000000000e+01,-1.789356883908855922e-06,0.000000000000000000e+00,1.475334715711338087e-19,5.199695981113519448e-05,3.088979566438407479e-26
1.089500000000000000e+03,4.063835896524619127e-22,9.903222004963496694e-01,9.999966962784528732e+02,1.012018751248179598e+02,-1.627450429795070000e-14,5.160058728238328121e-06,-3.696984600983334490e-06,-2.066732217343373025e-22,-9.760906973766250161e+00,9.000000000000000000e+01,-1.851815548077063552e-06,0.000000000000000000e+00,1.475334715583189356e-19,1.904714890725666516e-05,3.104993660905644832e-26
1.099500000000000000e+03,4.063835896085871032e-22,9.994118944879317734e-01,9.999966286048293114e+02,1.012018751097267000e+02,-1.627450429620921382e-14,5.280580660761937092e-06,-1.532124117378476174e-06,-7.355522460439174351e-23,-9.760848790534964792e+00,9.000000000000000000e+01,-1.955660200426973441e-06,0.000000000000000000e+00,1.475334715464868647e-19,-1.389347767838163384e-05,3.117691653684832809e-26
1.109500000000000000e+03,4.063835895664128580e-22,1.008501588477914046e+00,9.999965596850961447e+02,1.012018750841678667e+02,-1.627450429519725674e-14,5.403253681723890039e-06,-2.266475399662121885e-06,-1.204505253050067669e-22,-9.760906989237321696e+00,9.000000000000000000e+01,-1.722245806130353434e-06,0.000000000000000000e+00,1.475334715380080784e-19,1.905590835136766764e-05,3.139170942533848794e-26
1.119500000000000000e+03,4.063835895263024517e-22,1.017591282466346447e+00,9.999964895453304052e+02,1.012018750682878618e+02,-1.627450429370226751e-14,5.528110438261732779e-06,-2.272374405269150493e-06,-1.204143097179874629e-22,-9.761023418438183441e+00,9.000000000000000000e+01,-1.695412153282656841e-06,0.000000000000000000e+00,1.475334715260691183e-19,8.497268291517445532e-05,3.083115217197592794e-26
1.129500000000000000e+03,4.063835894880777264e-22,1.026680976453412386e+00,9.999964179843664169e+02,1.012018750500187423e+02,-1.627450429245451675e-14,5.655187438826534791e-06,1.784153539061449512e-07,2.963246205188644988e-23,-9.760848807127887383e+00,9.000000000000000000e+01,-1.793115307209285299e-06,0.000000000000000000e+00,1.475334715190845649e-19,-1.388408345114525681e-05,3.153422952867271840e-26
1.139500000000000000e+03,4.063835894518014535e-22,1.035770670439239316e+00,9.999963452154770494e+02,1.012018750379024397e+02,-1.627450429093244749e-14,5.784522837971787341e-06,-1.396963363199071702e-06,-6.589706530655557370e-23,-9.760848774570801467e+00,9.000000000000000000e+01,-1.883658625436940049e-06,0.000000000000000000e+00,1.475334715052593009e-19,-1.390251509802857869e-05,3.130541922880386340e-26
1.149500000000000000e+03,4.063835894174600913e-22,1.044860364423931820e+00,9.999962710533291101e+02,1.012018750163484668e+02,-1.627450429009049310e-14,5.916157317522519656e-06,-5.682330336244248445e-06,-3.284678939240472616e-22,-9.760848691724497428e+00,9.000000000000000000e+01,-1.885034660614328329e-06,0.000000000000000000e+00,1.475334714945806212e-19,-1.394941909315616442e-05,3.138007974106800965e-26
1.159500000000000000e+03,4.063835893848536178e-22,1.053950058407342238e+00,9.999961957018822432e+02,1.012018750109502889e+02,-1.627450428834961276e-14,6.050126885458440392e-06,-3.170135366180297853e-06,-1.752231339699323127e-22,-9.761023384935491265e+00,9.000000000000000000e+01,-1.714795420400118868e-06,0.000000000000000000e+00,1.475334714833309514e-19,8.495371620956585455e-05,3.079804083442932734e-26
1.169500000000000000e+03,4.063835893543516552e-22,1.063039752390051662e+00,9.999961188845336437e+02,1.012018750004709347e+02,-1.627450428703294080e-14,6.186468255501965824e-06,-1.695051574186630971e-06,-8.451657757881107747e-23,-9.760906972569115325e+00,9.000000000000000000e+01,-1.818361888715368933e-06,0.000000000000000000e+00,1.475334714748088318e-19,1.904647310054652845e-05,3.116922308839070181e-26
1.179500000000000000e+03,4.063835893258857430e-22,1.072129446372169559e+00,9.999960406450554729e+02,1.012018749996528726e+02,-1.627450428523187038e-14,6.325219708837569832e-06,-3.561229076597496204e-07,-2.556806886357240944e-24,-9.760848775126117260e+00,9.000000000000000000e+01,-1.849726152651279237e-06,0.000000000000000000e+00,1.475334714618185306e-19,-1.390219931810443061e-05,3.140943098928158450e-26
1.189500000000000000e+03,4.063835892994353804e-22,1.081219140353842478e+00,9.999959610300138593e+02,1.012018749887945006e+02,-1.627450428415182198e-14,6.466423792142204498e-06,-1.909130088897922208e-06,-9.808252827748116432e-23,-9.760848741044137356e+00,9.000000000000000000e+01,-1.809318782978407261e-06,0.000000000000000000e+00,1.475334714521545512e-19,-1.392149498088605283e-05,3.151783581746019548e-26
1.199500000000000000e+03,4.063835892747176024e-22,1.090308834335276700e+00,9.999958799686282873e+02,1.012018749832699456e+02,-1.627450428283585053e-14,6.610119913938530460e-06,-1.648102333400818360e-06,-8.224684504896869353e-23,-9.760848741038378407e+00,9.000000000000000000e+01,-1.796098438500560997e-06,0.000000000000000000e+00,1.475334714424113919e-19,-1.392149810776499150e-05,3.155605067676746670e-26
1.209500000000000000e+03,4.063835892518588922e-22,1.099398528316612333e+00,9.999957975437864661e+02,1.012018749879323991e+02,-1.627450428099303675e-14,6.756353990092993611e-06,-2.934815797055568185e-06,-1.602111079231721001e-22,-9.761023366810116286e+00,9.000000000000000000e+01,-1.777264847565368420e-06,0.000000000000000000e+00,1.475334714262890953e-19,8.494345668885260427e-05,3.065812739147026347e-26
1.219500000000000000e+03,4.063835892310868726e-22,1.108488222298053882e+00,9.999957134602591395e+02,1.012018749809698335e+02,-1.627450427997292916e-14,6.905166080290710349e-06,-3.392254188776785067e-06,-1.884807344871481292e-22,-9.760965134684752798e+00,9.000000000000000000e+01,-1.786252128206561201e-06,0.000000000000000000e+00,1.475334714184940624e-19,5.197514758942505252e-05,3.095614561879915816e-26
1.229500000000000000e+03,4.063835892121398315e-22,1.117577916279788530e+00,9.999956278251484036e+02,1.012018749894271821e+02,-1.627450427810403563e-14,7.056601944728860604e-06,-2.017305059899598091e-06,-1.042592751005443502e-22,-9.760906937853956578e+00,9.000000000000000000e+01,-1.822991198776457737e-06,0.000000000000000000e+00,1.475334714051381234e-19,1.902682188380554735e-05,3.118251024714963637e-26
1.239500000000000000e+03,4.063835891952587452e-22,1.126667610261961050e+00,9.999955406775698066e+02,1.012018749902423451e+02,-1.627450427681231061e-14,7.210706537471952939e-06,-1.291574146841726361e-06,-6.018389002457880170e-23,-9.760790509249755331e+00,9.000000000000000000e+01,-1.855003099978826343e-06,0.000000000000000000e+00,1.475334713962868383e-19,-4.688961426840619173e-05,3.173803885714435784e-26
1.249500000000000000e+03,4.063835891802152387e-22,1.135757304244766397e+00,9.999954519383609295e+02,1.012018749977162173e+02,-1.627450427520778646e-14,7.367524230789423051e-06,-2.165111304571041405e-06,-1.144288458542486640e-22,-9.760848705567298111e+00,9.000000000000000000e+01,-1.750522056803812007e-06,0.000000000000000000e+00,1.475334713829029974e-19,-1.394157742710883105e-05,3.169444334611915702e-26
1.259500000000000000e+03,4.063835891670000020e-22,1.144846998228203017e+00,9.999953616494312882e+02,1.012018749928997607e+02,-1.627450427445142978e-14,7.527101907337045989e-06,-3.340928065533660523e-07,-2.767503702401060191e-24,-9.760906956077676000e+00,9.000000000000000000e+01,-1.674771116733082325e-06,0.000000000000000000e+00,1.475334713801593658e-19,1.903713939513552452e-05,3.157656730110529604e-26
1.269500000000000000e+03,4.063835891558775685e-22,1.153936692211980919e+00,9.999952698769047856e+02,1.012018750013092756e+02,-1.627450427299602558e-14,7.689485057549746543e-06,-5.549267972615702143e-06,-3.215743818816840096e-22,-9.760906846421143257e+00,9.000000000000000000e+01,-1.726603445932770488e-06,0.000000000000000000e+00,1.475334713634456401e-19,1.897505769263786501e-05,3.144778375939754936e-26
1.279500000000000000e+03,4.063835891471651806e-22,1.163026386196913231e+00,9.999951762976124883e+02,1.012018750170382617e+02,-1.627450427121963073e-14,7.854718650541944432e-06,-5.030110246036730340e-06,-2.896390703041061600e-22,-9.760848631705357548e+00,9.000000000000000000e+01,-1.774480310108403334e-06,0.000000000000000000e+00,1.475334713501993347e-19,-1.398339375017978805e-05,3.164561864677212364e-26
1.289500000000000000e+03,4.063835891400289895e-22,1.172116080183143838e+00,9.999950809739530087e+02,1.012018750338541224e+02,-1.627450426945732178e-14,8.022852019063194160e-06,-1.130391824778678022e-06,-5.108632955886873712e-23,-9.760848705620681187e+00,9.000000000000000000e+01,-1.752730226863620947e-06,0.000000000000000000e+00,1.475334713408366911e-19,-1.394154565078433266e-05,3.170537097083151618e-26
1.299500000000000000e+03,4.063835891348628799e-22,1.181205774170793532e+00,9.999949840605258942e+02,1.012018750501811439e+02,-1.627450426782720067e-14,8.193937801769250574e-06,9.943316219050966202e-07,7.839865678500617185e-23,-9.761023404104047785e+00,9.000000000000000000e+01,-1.595711153016195416e-06,0.000000000000000000e+00,1.475334713307454682e-19,8.496457446764753242e-05,3.116284209557774845e-26
1.309500000000000000e+03,4.063835891317765019e-22,1.190295468160045722e+00,9.999948853040114045e+02,1.012018750592882270e+02,-1.627450426674902030e-14,8.368027001701125781e-06,-4.857493265922077631e-06,-2.788521424340857452e-22,-9.760965058308661568e+00,9.000000000000000000e+01,-1.732224631054601861e-06,0.000000000000000000e+00,1.475334713169178208e-19,5.193191116389448531e-05,3.113306701058778682e-26
1.319500000000000000e+03,4.063835891306520710e-22,1.199385162151120898e+00,9.999947848208248615e+02,1.012018750924606394e+02,-1.627450426429996691e-14,8.545163915505741789e-06,-3.508211406285994756e-07,-3.579604618653233188e-24,-9.760848706089802818e+00,9.000000000000000000e+01,-1.733630385334933781e-06,0.000000000000000000e+00,1.475334713021858771e-19,-1.394127762511849427e-05,3.176695221590443607e-26
1.329500000000000000e+03,4.063835891314967342e-22,1.208474856144156950e+00,9.999946824610233307e+02,1.012018751045454223e+02,-1.627450426324370424e-14,8.725406345957675746e-06,-1.927317678886572998e-06,-9.910206727892562741e-23,-9.760848667966394387e+00,9.000000000000000000e+01,-1.831408778463106820e-06,0.000000000000000000e+00,1.475334712933531291e-19,-1.396286137661621842e-05,3.151951163824468112e-26
1.339500000000000000e+03,4.063835891340511775e-22,1.217564550139217605e+00,9.999945782693102956e+02,1.012018751337216713e+02,-1.627450426122893456e-14,8.908815042826703605e-06,1.506957470461885183e-07,2.809029745265643482e-23,-9.760848706608570069e+00,9.000000000000000000e+01,-1.827583385403304634e-06,0.000000000000000000e+00,1.475334712799600919e-19,-1.394098283801436887e-05,3.153325352383478885e-26
1.349500000000000000e+03,4.063835891388582911e-22,1.226654244136578198e+00,9.999944723015651107e+02,1.012018751585212755e+02,-1.627450425960076667e-14,9.095434169073431774e-06,-1.788651775405346981e-07,8.869402978312635070e-24,-9.760790473667546152e+00,9.000000000000000000e+01,-1.953364705057829888e-06,0.000000000000000000e+00,1.475334712674579176e-19,-4.690975274768747311e-05,3.153046739534738898e-26
1.359500000000000000e+03,4.063835891455856923e-22,1.235743938136416586e+00,9.999943644599989057e+02,1.012018751864601143e+02,-1.627450425787922290e-14,9.285316864076006846e-06,-1.142283195675777898e-06,-5.159353393178906055e-23,-9.760848668062108047e+00,9.000000000000000000e+01,-1.780374564932966332e-06,0.000000000000000000e+00,1.475334712534259291e-19,-1.396280440170761359e-05,3.166316486157742503e-26
1.369500000000000000e+03,4.063835891542274096e-22,1.244833632138784507e+00,9.999942545797675848e+02,1.012018751986201863e+02,-1.627450425722239206e-14,9.478520396340209774e-06,-7.607671209480635380e-06,-4.472535686255244908e-22,-9.760906743549860209e+00,9.000000000000000000e+01,-1.762332626780208853e-06,0.000000000000000000e+00,1.475334712429891462e-19,1.891682312187505216e-05,3.136081328521429989e-26
1.379500000000000000e+03,4.063835891648737208e-22,1.253923326143486561e+00,9.999941428583115339e+02,1.012018752399851280e+02,-1.627450425488245707e-14,9.675110120054796457e-06,1.180627691804597596e-06,9.143128506576747153e-23,-9.760848708138263774e+00,9.000000000000000000e+01,-1.857684485686362192e-06,0.000000000000000000e+00,1.475334712342687040e-19,-1.394011436902037165e-05,3.147207213323068390e-26
1.389500000000000000e+03,4.063835891774754905e-22,1.263013020151152244e+00,9.999940291978418827e+02,1.012018752651541149e+02,-1.627450425363436237e-14,9.875136691861838994e-06,-1.107541922572282790e-06,-4.985582808135596510e-23,-9.760965095662283986e+00,9.000000000000000000e+01,-1.679910180654078713e-06,0.000000000000000000e+00,1.475334712231914049e-19,5.195306450819949770e-05,3.130030607148679540e-26
1.399500000000000000e+03,4.063835891921245481e-22,1.272102714161982728e+00,9.999939135424792767e+02,1.012018752976350413e+02,-1.627450425204502852e-14,1.007865032305446005e-05,-3.998087894147440715e-06,-2.256334667549325957e-22,-9.761023248711875766e+00,9.000000000000000000e+01,-1.764609471376700073e-06,0.000000000000000000e+00,1.475334712084827650e-19,8.487660514080049804e-05,3.076969077512867254e-26
1.409500000000000000e+03,4.063835892089450259e-22,1.281192408176097475e+00,9.999937957637012005e+02,1.012018753322662405e+02,-1.627450425043759506e-14,1.028572176383170579e-05,6.626706889375398983e-07,5.924563854872860696e-23,-9.760906902826299358e+00,9.000000000000000000e+01,-1.782427371257695321e-06,0.000000000000000000e+00,1.475334712019427884e-19,1.900700060731412181e-05,3.136116862634117892e-26
1.419500000000000000e+03,4.063835892274029673e-22,1.290282102193716751e+00,9.999936758335679770e+02,1.012018753642534676e+02,-1.627450424907428564e-14,1.049640732206130748e-05,-8.177709573676054651e-06,-4.822468577605604159e-22,-9.760906698428730266e+00,9.000000000000000000e+01,-1.766587343833133655e-06,0.000000000000000000e+00,1.475334711828062669e-19,1.889128109441422039e-05,3.140687147474945340e-26
1.429500000000000000e+03,4.063835892478111950e-22,1.299371796214999986e+00,9.999935537278652191e+02,1.012018754177961455e+02,-1.627450424649190213e-14,1.071076976359567308e-05,-1.654048672615945966e-06,-8.262439255070039944e-23,-9.760790394534978986e+00,9.000000000000000000e+01,-1.848985897632496635e-06,0.000000000000000000e+00,1.475334711696828599e-19,-4.695454821740502983e-05,3.183201654947777927e-26
1.439500000000000000e+03,4.063835892702767258e-22,1.308461490240085068e+00,9.999934293692931533e+02,1.012018754567050820e+02,-1.627450424490893913e-14,1.092888068199176398e-05,-7.774884462380392175e-07,-2.775885953967378535e-23,-9.761081523132231652e+00,9.000000000000000000e+01,-1.799435349250165346e-06,0.000000000000000000e+00,1.475334711594021737e-19,1.178688629111746070e-04,3.037880083061635962e-26
1.449500000000000000e+03,4.063835892943647679e-22,1.317551184269172504e+00,9.999933029506355524e+02,1.012018755000881640e+02,-1.627450424313682937e-14,1.115080018622236020e-05,-5.144409110692201724e-06,-2.956824454315748088e-22,-9.760964971461207895e+00,9.000000000000000000e+01,-1.815749991766513582e-06,0.000000000000000000e+00,1.475334711416770219e-19,5.188275312075415753e-05,3.097520969645428281e-26
1.459500000000000000e+03,4.063835893206232899e-22,1.326640878302375759e+00,9.999931742055341601e+02,1.012018755546840367e+02,-1.627450424079059611e-14,1.137659319689181043e-05,2.307758679021626749e-06,1.604513225623899110e-22,-9.760732244821161530e+00,9.000000000000000000e+01,-1.931031664306591518e-06,0.000000000000000000e+00,1.475334711318627718e-19,-7.987619647483434600e-05,3.194917474343453465e-26
1.469500000000000000e+03,4.063835893491319901e-22,1.335730572339950850e+00,9.999930432103574276e+02,1.012018755876586482e+02,-1.627450423988232376e-14,1.160632864635036173e-05,-3.318247377724567301e-06,-1.831866393163298796e-22,-9.760906778617252755e+00,9.000000000000000000e+01,-1.915198684991204084e-06,0.000000000000000000e+00,1.475334711206571095e-19,1.893668472938332082e-05,3.104377608439500283e-26
1.479500000000000000e+03,4.063835893793881803e-22,1.344820266381889784e+00,9.999929098552092910e+02,1.012018756394187164e+02,-1.627450423791305872e-14,1.184007282685032943e-05,-3.054828864779686681e-06,-1.679144015635613661e-22,-9.760906778389715654e+00,9.000000000000000000e+01,-1.833861622233451431e-06,0.000000000000000000e+00,1.475334711064293983e-19,1.893655707941689431e-05,3.125707760313259104e-26
1.489500000000000000e+03,4.063835894118203986e-22,1.353909960428127279e+00,9.999927741689607501e+02,1.012018756889585660e+02,-1.627450423619180209e-14,1.207789682608625690e-05,2.658253421254257207e-06,1.814079947380957380e-22,-9.760906907139853317e+00,9.000000000000000000e+01,-1.786447490597315418e-06,0.000000000000000000e+00,1.475334711004912026e-19,1.900944975056655567e-05,3.138238540492922823e-26
1.499500000000000000e+03,4.063835894457188345e-22,1.362999654479194245e+00,9.999926360752433538e+02,1.012018757416374655e+02,-1.627450423435122552e-14,1.231987056067686606e-05,-1.172037294170256305e-06,-5.259068328527442102e-23,-9.760848586862566734e+00,9.000000000000000000e+01,-1.871969349093875518e-06,0.000000000000000000e+00,1.475334710830634625e-19,-1.400876535061938809e-05,3.148349791111478388e-26
1.509500000000000000e+03,4.063835894819627107e-22,1.372089348535297404e+00,9.999924954706802964e+02,1.012018758009028687e+02,-1.627450423222777604e-14,1.256606208572733306e-05,9.016369648318657809e-07,7.459432946050804420e-23,-9.760848630529826764e+00,9.000000000000000000e+01,-1.892849156244497034e-06,0.000000000000000000e+00,1.475334710696489994e-19,-1.398404171856656445e-05,3.143333943060996964e-26
1.519500000000000000e+03,4.063835895199022141e-22,1.381179042596591744e+00,9.999923523524776101e+02,1.012018758501670703e+02,-1.627450423080157233e-14,1.281655286162870282e-05,-4.281945977709221377e-06,-2.436140311641073886e-22,-9.760848499437747350e+00,9.000000000000000000e+01,-1.816564086542781102e-06,0.000000000000000000e+00,1.475334710545599160e-19,-1.405825926448312745e-05,3.163429595826588747e-26
1.529500000000000000e+03,4.063835895599656946e-22,1.390268736663226701e+00,9.999922067280858755e+02,1.012018759119559093e+02,-1.627450422871702316e-14,1.307141717809178551e-05,-5.856996906022883015e-06,-3.391263683699334199e-22,-9.760848454920843409e+00,9.000000000000000000e+01,-1.906754872089542277e-06,0.000000000000000000e+00,1.475334710376234085e-19,-1.408346120380775847e-05,3.140608750065140829e-26
1.539500000000000000e+03,4.063835896018702815e-22,1.399358430735375025e+00,9.999920584885403514e+02,1.012018759654519897e+02,-1.627450422723277821e-14,1.333072796668663723e-05,-1.192541010355626380e-07,1.075741282395100445e-23,-9.760848587556223421e+00,9.000000000000000000e+01,-1.768337539463249291e-06,0.000000000000000000e+00,1.475334710341460216e-19,-1.400836933185722045e-05,3.176543042814431638e-26
1.549500000000000000e+03,4.063835896454585054e-22,1.408448124813234115e+00,9.999919076375663280e+02,1.012018760372451851e+02,-1.627450422471234869e-14,1.359456235619688144e-05,1.554132691145533153e-06,1.141991440804134050e-22,-9.760790397755977565e+00,9.000000000000000000e+01,-1.895711299235689803e-06,0.000000000000000000e+00,1.475334710170011043e-19,-4.695271376338085173e-05,3.175806096466965919e-26
1.559500000000000000e+03,4.063835896913028321e-22,1.417537818896991597e+00,9.999917539963498712e+02,1.012018760991188771e+02,-1.627450422291382155e-14,1.386299986950541390e-05,3.629633871539461404e-06,2.419469061410783185e-22,-9.760790443299457664e+00,9.000000000000000000e+01,-1.959784998182269488e-06,0.000000000000000000e+00,1.475334710068487813e-19,-4.692692849417056430e-05,3.159654225030989027e-26
1.569500000000000000e+03,4.063835897391019119e-22,1.426627512986785362e+00,9.999915976589545608e+02,1.012018761653354204e+02,-1.627450422094789814e-14,1.413612621322324757e-05,2.887649656015961088e-07,3.565779671511327590e-23,-9.760790353600768299e+00,9.000000000000000000e+01,-1.795783945253657907e-06,0.000000000000000000e+00,1.475334709892612372e-19,-4.697771035038563088e-05,3.202300388758025919e-26
1.579500000000000000e+03,4.063835897890430715e-22,1.435717207082810587e+00,9.999914386076852679e+02,1.012018762318998597e+02,-1.627450421906846858e-14,1.441401501470236482e-05,-1.935064172890911435e-07,6.844901838790698952e-24,-9.760965013255137990e+00,9.000000000000000000e+01,-1.766610014826903063e-06,0.000000000000000000e+00,1.475334709757088774e-19,5.190642703491601484e-05,3.115101661699241472e-26
1.589500000000000000e+03,4.063835898404104819e-22,1.444806901185102799e+00,9.999912767847999930e+02,1.012018762892326436e+02,-1.627450421782507234e-14,1.469675499802556606e-05,-6.116791311911938501e-06,-3.554424114583544765e-22,-9.760848405889978707e+00,9.000000000000000000e+01,-1.872618055026706771e-06,0.000000000000000000e+00,1.475334709619475543e-19,-1.411121503467203912e-05,3.151644340880764884e-26
1.599500000000000000e+03,4.063835898939237808e-22,1.453896595293580951e+00,9.999911120124161243e+02,1.012018763619337420e+02,-1.627450421574849067e-14,1.498442641234610925e-05,-7.460922231443543159e-07,-2.648159196691294131e-23,-9.760790308600656218e+00,9.000000000000000000e+01,-1.915908508462794340e-06,0.000000000000000000e+00,1.475334709531953582e-19,-4.700318516652896424e-05,3.172483503760089499e-26
1.609500000000000000e+03,4.063835899492763521e-22,1.462986289408752860e+00,9.999909444693475962e+02,1.012018764364407417e+02,-1.627450421365148697e-14,1.527711532818253003e-05,-4.600859921576862528e-06,-2.627265342184321043e-22,-9.761023109967799982e+00,9.000000000000000000e+01,-1.765036149148327739e-06,0.000000000000000000e+00,1.475334709341770648e-19,8.479807425578584322e-05,3.084962908651879001e-26
1.619500000000000000e+03,4.063835900063307572e-22,1.472075983530878318e+00,9.999907738054171205e+02,1.012018765046001931e+02,-1.627450421202964259e-14,1.557491534678566978e-05,9.624124657553209792e-07,7.810687534336235994e-23,-9.760673885374156811e+00,9.000000000000000000e+01,-1.980744090199990832e-06,0.000000000000000000e+00,1.475334709298703966e-19,-1.129165752036938129e-04,3.219876269081704645e-26
1.629500000000000000e+03,4.063835900653630491e-22,1.481165677660000179e+00,9.999906001947820187e+02,1.012018765847439852e+02,-1.627450420976874515e-14,1.587790885336044374e-05,-7.787863165955993263e-06,-4.571322748446208030e-22,-9.761023015098794886e+00,9.000000000000000000e+01,-1.837792304375428760e-06,0.000000000000000000e+00,1.475334709041618318e-19,8.474436605104196309e-05,3.066985755123293418e-26
1.639500000000000000e+03,4.063835901261707136e-22,1.490255371796393558e+00,9.999904234735295177e+02,1.012018766622968258e+02,-1.627450420775708357e-14,1.618619352841575972e-05,-1.472309364766864616e-06,-7.221179880994348370e-23,-9.760790262269802398e+00,9.000000000000000000e+01,-1.798092061063777228e-06,0.000000000000000000e+00,1.475334708972985157e-19,-4.702941110540086747e-05,3.204256923565657571e-26
1.649500000000000000e+03,4.063835901890560878e-22,1.499345065940147714e+00,9.999902437040582299e+02,1.012018767477904788e+02,-1.627450420536259096e-14,1.649985979623493353e-05,1.297498798201572188e-09,1.936520885291757762e-23,-9.760673839272076435e+00,9.000000000000000000e+01,-1.993618975550555079e-06,0.000000000000000000e+00,1.475334708818049389e-19,-1.129426717025577148e-04,3.217629646451819706e-26
1.659500000000000000e+03,4.063835902536511481e-22,1.508434760091510007e+00,9.999900606703013182e+02,1.012018768279558714e+02,-1.627450420337489814e-14,1.681899806003574774e-05,-5.549994081750609505e-06,-3.208803193560078977e-22,-9.760964824903622272e+00,9.000000000000000000e+01,-1.798440751634615428e-06,0.000000000000000000e+00,1.475334708622894908e-19,5.179979972356523940e-05,3.109827951246758607e-26
1.669500000000000000e+03,4.063835903201142570e-22,1.517524454250582799e+00,9.999898744486272335e+02,1.012018769174835739e+02,-1.627450420090867598e-14,1.714371000888618255e-05,-6.864743350498920215e-07,-2.300372070206012909e-23,-9.760790262580906429e+00,9.000000000000000000e+01,-1.904832443062316014e-06,0.000000000000000000e+00,1.475334708500186207e-19,-4.702923063350404804e-05,3.177794498042335415e-26
1.679500000000000000e+03,4.063835903884739555e-22,1.526614148417571482e+00,9.999896848965436220e+02,1.012018769989187064e+02,-1.627450419903001004e-14,1.747408722104601108e-05,-4.051702172052197070e-06,-2.292824837755170354e-22,-9.760790165849943634e+00,9.000000000000000000e+01,-1.884739505139888529e-06,0.000000000000000000e+00,1.475334708340520356e-19,-4.708399414598938318e-05,3.183355687058042615e-26
1.689500000000000000e+03,4.063835904586207815e-22,1.535703842592654356e+00,9.999894919497892261e+02,1.012018770824645486e+02,-1.627450419710853736e-14,1.781023120269377723e-05,-5.335510625283797430e-06,-3.083979736642679274e-22,-9.760848352258840066e+00,9.000000000000000000e+01,-1.804168319949432433e-06,0.000000000000000000e+00,1.475334708200698564e-19,-1.414156689352254428e-05,3.172760076076160658e-26
1.699500000000000000e+03,4.063835905306033536e-22,1.544793536775806997e+00,9.999892956893891096e+02,1.012018771807020840e+02,-1.627450419437825821e-14,1.815225030267012267e-05,1.688614048591171767e-06,1.222919657888589411e-22,-9.760732076770723964e+00,9.000000000000000000e+01,-1.926882847002340627e-06,0.000000000000000000e+00,1.475334708080637536e-19,-7.997131436532626170e-05,3.204784343467254357e-26
1.709500000000000000e+03,4.063835906042006317e-22,1.553883230967019635e+00,9.999890959281474352e+02,1.012018772662333816e+02,-1.627450419250080397e-14,1.850024367926698655e-05,-7.050271098355740761e-07,-2.466084320177182192e-23,-9.760964921012579509e+00,9.000000000000000000e+01,-1.759030803909850443e-06,0.000000000000000000e+00,1.475334707934275767e-19,5.185421806533693491e-05,3.121577712391669909e-26
1.719500000000000000e+03,4.063835906799959432e-22,1.562972925166767668e+00,9.999888927051797509e+02,1.012018773550372401e+02,-1.627450419053465336e-14,1.885431186897022659e-05,6.498138533204128380e-07,5.901306744387070691e-23,-9.760790263953214918e+00,9.000000000000000000e+01,-1.926972971199794565e-06,0.000000000000000000e+00,1.475334707822248996e-19,-4.702844841589648038e-05,3.173729094337948388e-26
1.729500000000000000e+03,4.063835907574774778e-22,1.572062619375264259e+00,9.999886859115213156e+02,1.012018774476639180e+02,-1.627450418841326754e-14,1.921456423026482132e-05,-2.260674941486981539e-06,-1.201445867292235440e-22,-9.760906635859251779e+00,9.000000000000000000e+01,-1.771586717792520130e-06,0.000000000000000000e+00,1.475334707649948081e-19,1.885588933868670680e-05,3.150707977560602477e-26
1.739500000000000000e+03,4.063835908365459299e-22,1.581152313592692149e+00,9.999884753860533237e+02,1.012018775476693122e+02,-1.627450418591561401e-14,1.958110943298169672e-05,3.228833305080046638e-06,2.161511884757385536e-22,-9.760848550679524394e+00,9.000000000000000000e+01,-1.820425916037014028e-06,0.000000000000000000e+00,1.475334707537361347e-19,-1.402922447152589461e-05,3.170024694309091524e-26
1.749500000000000000e+03,4.063835909178305179e-22,1.590242007819199443e+00,9.999882612051442266e+02,1.012018776371982653e+02,-1.627450418416835653e-14,1.995405770204242298e-05,-5.410429495903969506e-06,-3.122763611917371462e-22,-9.760906534812177071e+00,9.000000000000000000e+01,-1.843495980363478606e-06,0.000000000000000000e+00,1.475334707337758689e-19,1.879868355799839400e-05,3.132865733663395482e-26
1.759500000000000000e+03,4.063835910007158000e-22,1.599331702054955340e+00,9.999880431862547994e+02,1.012018777482179530e+02,-1.627450418118040701e-14,2.033351901872135228e-05,-3.347672452974205799e-06,-1.856655816268273876e-22,-9.760906585016932979e+00,9.000000000000000000e+01,-1.873241749077523052e-06,0.000000000000000000e+00,1.475334707145328677e-19,1.882710944785014387e-05,3.125489416092496722e-26
1.769500000000000000e+03,4.063835910851673579e-22,1.608421396300112827e+00,9.999878212381154299e+02,1.012018778576182143e+02,-1.627450417836429979e-14,2.071961616617921882e-05,4.185495648782507969e-06,2.749570901281193981e-22,-9.760906789008604534e+00,9.000000000000000000e+01,-1.811391817630910158e-06,0.000000000000000000e+00,1.475334707029294286e-19,1.894260157890968895e-05,3.141597688240641525e-26
1.779500000000000000e+03,4.063835911714705074e-22,1.617511090554837772e+00,9.999875956773757935e+02,1.012018779615499966e+02,-1.627450417597193079e-14,2.111246000037264245e-05,-6.881878531275852020e-07,-2.232411705203490311e-23,-9.761023107557482703e+00,9.000000000000000000e+01,-1.856098712011059382e-06,0.000000000000000000e+00,1.475334706816072656e-19,8.479673140167353924e-05,3.067062150134869204e-26
1.789500000000000000e+03,4.063835912595624773e-22,1.626600784819267176e+00,9.999873660830780864e+02,1.012018780599794638e+02,-1.627450417400280144e-14,2.151216560477733463e-05,8.710586291818277674e-07,7.266287322208957835e-23,-9.760848451862097264e+00,9.000000000000000000e+01,-1.908683127892945021e-06,0.000000000000000000e+00,1.475334706712319440e-19,-1.408516292455136596e-05,3.148907605312315858e-26
1.799500000000000000e+03,4.063835913493770635e-22,1.635690479093635297e+00,9.999871323443949223e+02,1.012018781570863410e+02,-1.627450417219349216e-14,2.191885336069922201e-05,-1.127220994508634169e-05,-6.716508465239620834e-22,-9.760964560575343896e+00,9.000000000000000000e+01,-1.771422779282018811e-06,0.000000000000000000e+00,1.475334706473171422e-19,5.165016731476951712e-05,3.121314503746769794e-26
1.809500000000000000e+03,4.063835914409165702e-22,1.644780173377828003e+00,9.999868945181369781e+02,1.012018782653010902e+02,-1.627450416978594232e-14,2.233265225444419709e-05,-3.912528871753088136e-06,-2.206334122316373348e-22,-9.760906532034805849e+00,9.000000000000000000e+01,-1.840055739753382896e-06,0.000000000000000000e+00,1.475334706396017224e-19,1.879711951618257801e-05,3.135512683819139038e-26
1.819500000000000000e+03,4.063835915340484956e-22,1.653869867671931893e+00,9.999866525242105126e+02,1.012018783719794470e+02,-1.627450416754608538e-14,2.275368853805383664e-05,-5.737167993373523041e-06,-3.336255944839123801e-22,-9.760790007388960632e+00,9.000000000000000000e+01,-1.785296587802499647e-06,0.000000000000000000e+00,1.475334706233624497e-19,-4.717368987377682188e-05,3.213321126640470566e-26
1.829500000000000000e+03,4.063835916290891887e-22,1.662959561976419920e+00,9.999864062489941716e+02,1.012018784914248926e+02,-1.627450416461277236e-14,2.318208507557502240e-05,-1.325540103860067249e-06,-6.294921651928668341e-23,-9.761023056078215632e+00,9.000000000000000000e+01,-1.706048971359406383e-06,0.000000000000000000e+00,1.475334706078924655e-19,8.476759207448416353e-05,3.107137863580599543e-26
1.839500000000000000e+03,4.063835917254620930e-22,1.672049256291457509e+00,9.999861556496471167e+02,1.012018786077839820e+02,-1.627450416192918747e-14,2.361797397492501133e-05,3.594561414846294721e-07,4.052047055067396032e-23,-9.760848401379091044e+00,9.000000000000000000e+01,-1.833571250313252486e-06,0.000000000000000000e+00,1.475334705917660523e-19,-1.411373730346320714e-05,3.169643995132017594e-26
1.849500000000000000e+03,4.063835918238898555e-22,1.681138950617176553e+00,9.999859007047489285e+02,1.012018787195207494e+02,-1.627450415962512672e-14,2.406148514775417987e-05,-2.797901134576836231e-06,-1.527683944126897883e-22,-9.760964766945200211e+00,9.000000000000000000e+01,-1.772508696983582880e-06,0.000000000000000000e+00,1.475334705738251963e-19,5.176701108585425424e-05,3.122285921288609866e-26
1.859500000000000000e+03,4.063835919240319120e-22,1.690228644953765347e+00,9.999856412382796407e+02,1.012018788431785197e+02,-1.627450415667102564e-14,2.451275090419581279e-05,-8.599927211699196636e-07,-3.293285518645148643e-23,-9.760906584460501634e+00,9.000000000000000000e+01,-1.929425102525890894e-06,0.000000000000000000e+00,1.475334705557808698e-19,1.882680844668877695e-05,3.118719024229675444e-26
1.869500000000000000e+03,4.063835920255734180e-22,1.699318339301421954e+00,9.999853771422058344e+02,1.012018789565281196e+02,-1.627450415440747132e-14,2.497191321500127808e-05,-5.770348162502003024e-06,-3.347403345324315003e-22,-9.761081130808625161e+00,9.000000000000000000e+01,-1.711472071535676190e-06,0.000000000000000000e+00,1.475334705364764073e-19,1.176467974641910280e-04,3.075171380412401719e-26
1.879500000000000000e+03,4.063835921285769098e-22,1.708408033660202108e+00,9.999851083755493164e+02,1.012018790776670016e+02,-1.627450415173367776e-14,2.543911019092645669e-05,-2.243609274321784824e-06,-1.187881713947452803e-22,-9.760848294578430284e+00,9.000000000000000000e+01,-1.835661485405472979e-06,0.000000000000000000e+00,1.475334705229008641e-19,-1.417419691091037637e-05,3.166511301384988338e-26
1.889500000000000000e+03,4.063835922335938354e-22,1.717497728030323856e+00,9.999848349532112479e+02,1.012018791883940025e+02,-1.627450414979070073e-14,2.591448555399115499e-05,-8.927768946228940405e-08,1.288921954444664040e-23,-9.760906585067569807e+00,9.000000000000000000e+01,-1.788714386418762934e-06,0.000000000000000000e+00,1.475334705144901114e-19,1.882715515957269803e-05,3.150789699176859645e-26
1.899500000000000000e+03,4.063835923400297237e-22,1.726587422411946404e+00,9.999845567205920815e+02,1.012018793259580747e+02,-1.627450414626644255e-14,2.639818582040133666e-05,-3.543965047116421101e-06,-1.984398856086686451e-22,-9.760848239693590500e+00,9.000000000000000000e+01,-1.842331286683564178e-06,0.000000000000000000e+00,1.475334704858309016e-19,-1.420526676538546755e-05,3.168981742283263379e-26
1.909500000000000000e+03,4.063835924482798230e-22,1.735677116805220965e+00,9.999842735910788178e+02,1.012018794582054682e+02,-1.627450414314998759e-14,2.689035043412682757e-05,4.177779256176355833e-07,4.343577606847873841e-23,-9.760906585665972912e+00,9.000000000000000000e+01,-1.741678130123222180e-06,0.000000000000000000e+00,1.475334704690950037e-19,1.882749886758604258e-05,3.163371295568397516e-26
1.919500000000000000e+03,4.063835925582289348e-22,1.744766811210135771e+00,9.999839854519814253e+02,1.012018795765807937e+02,-1.627450414095983519e-14,2.739113203320472855e-05,-1.215167516051998860e-06,-5.543059620404474296e-23,-9.760848294585988683e+00,9.000000000000000000e+01,-1.882786313787783210e-06,0.000000000000000000e+00,1.475334704546796588e-19,-1.417418649118320050e-05,3.158995597198169388e-26
1.929500000000000000e+03,4.063835926697916241e-22,1.753856505626737006e+00,9.999836922418326139e+02,1.012018797127620076e+02,-1.627450413775039247e-14,2.790068421506759956e-05,-9.710520643650553972e-07,-3.959234949749992184e-23,-9.760848294689603577e+00,9.000000000000000000e+01,-1.979628987728669705e-06,0.000000000000000000e+00,1.475334704332923272e-19,-1.417412562698307655e-05,3.139183901987055938e-26
1.939500000000000000e+03,4.063835927826974334e-22,1.762946200055481860e+00,9.999833938768133521e+02,1.012018798348019715e+02,-1.627450413546260749e-14,2.841915788856082419e-05,-6.143887431532273378e-06,-3.577358558390894302e-22,-9.760848126955279369e+00,9.000000000000000000e+01,-1.835148220213197154e-06,0.000000000000000000e+00,1.475334704143073764e-19,-1.426908781946194494e-05,3.171793484812195780e-26
1.949500000000000000e+03,4.063835928977197437e-22,1.772035894496540420e+00,9.999830903373658657e+02,1.012018799681442118e+02,-1.627450413258086705e-14,2.894671671687725026e-05,-4.037914742217852878e-06,-2.283430982429330645e-22,-9.760964654671102636e+00,9.000000000000000000e+01,-1.811803228740066895e-06,0.000000000000000000e+00,1.475334703981538075e-19,5.170346237633171042e-05,3.114583630249142684e-26
1.959500000000000000e+03,4.063835930139040066e-22,1.781125588950046135e+00,9.999827813599258661e+02,1.012018801102231436e+02,-1.627450412921063238e-14,2.948351814165302886e-05,-1.941180340391395222e-07,7.926295559841772836e-24,-9.760848295249491713e+00,9.000000000000000000e+01,-1.975794460115822456e-06,0.000000000000000000e+00,1.475334703796621597e-19,-1.417380383706987257e-05,3.140806489334700276e-26
1.969500000000000000e+03,4.063835931316561440e-22,1.790215283416172420e+00,9.999824671354144812e+02,1.012018802445106616e+02,-1.627450412638441512e-14,3.002972455030270346e-05,1.096071148933702023e-07,2.376983599844401211e-23,-9.760848295518364637e+00,9.000000000000000000e+01,-1.681436236234682394e-06,0.000000000000000000e+00,1.475334703622235863e-19,-1.417365012731407766e-05,3.203061717963437920e-26
1.979500000000000000e+03,4.063835932509506239e-22,1.799304977894890634e+00,9.999821472363546491e+02,1.012018803746960600e+02,-1.627450412387475828e-14,3.058550104291931856e-05,-6.955018952458314746e-06,-4.062834224687379574e-22,-9.760906303447498544e+00,9.000000000000000000e+01,-1.911420262362937574e-06,0.000000000000000000e+00,1.475334703397551098e-19,1.866773077653346627e-05,3.121298294202220520e-26
1.989500000000000000e+03,4.063835933719153873e-22,1.808394672386508084e+00,9.999818217912688851e+02,1.012018805233879561e+02,-1.627450412030505540e-14,3.115101954412745913e-05,6.039698704324704914e-07,5.544711351267270922e-23,-9.760848296178297190e+00,9.000000000000000000e+01,-1.836869510962367791e-06,0.000000000000000000e+00,1.475334703239187897e-19,-1.417327294726634243e-05,3.172245953624249184e-26
1.999500000000000000e+03,4.063835934943428418e-22,1.817484366891199077e+00,9.999814905747771263e+02,1.012018806713016801e+02,-1.627450411684274173e-14,3.172645187159366489e-05,4.458890349620546741e-06,2.922186141075123902e-22,-9.760906648019755494e+00,9.000000000000000000e+01,-1.873872898348512673e-06,0.000000000000000000e+00,1.475334703051444635e-19,1.886281572390644852e-05,3.131151127328004923e-26
2.009500000000000000e+03,4.063835936180496104e-22,1.826574061409137473e+00,9.999811536660417914e+02,1.012018807843370638e+02,-1.627450411556699903e-14,3.231197342118882483e-05,-1.164025551209099987e-05,-6.944269400470328246e-22,-9.760906127214493466e+00,9.000000000000000000e+01,-1.792310067097250994e-06,0.000000000000000000e+00,1.475334702841684142e-19,1.856796008541575753e-05,3.152577127565265428e-26
2.019500000000000000e+03,4.063835937433553333e-22,1.835663755940461161e+00,9.999808108583092690e+02,1.012018809425524069e+02,-1.627450411159158814e-14,3.290775619502556501e-05,-4.205295799505049222e-06,-2.395487926826877621e-22,-9.761022830845670128e+00,9.000000000000000000e+01,-1.690159327281813879e-06,0.000000000000000000e+00,1.475334702649811204e-19,8.464010642326839397e-05,3.115560105553850959e-26
2.029500000000000000e+03,4.063835938703868701e-22,1.844753450485333790e+00,9.999804619392380118e+02,1.012018810899358101e+02,-1.627450410835562707e-14,3.351398645753108708e-05,3.563656150210386295e-06,2.369549941835342938e-22,-9.760731884450560614e+00,9.000000000000000000e+01,-1.931094104956097995e-06,0.000000000000000000e+00,1.475334702529708768e-19,-8.008014843880561877e-05,3.212065246912309708e-26
2.039500000000000000e+03,4.063835939987908200e-22,1.853843145043885032e+00,9.999801069488748908e+02,1.012018812353468036e+02,-1.627450410529202579e-14,3.413084880962977466e-05,-5.442647580696608794e-06,-3.146254513180996288e-22,-9.760906299209521464e+00,9.000000000000000000e+01,-1.822830466265075276e-06,0.000000000000000000e+00,1.475334702241859760e-19,1.866534184447663010e-05,3.145135611992937235e-26
2.049500000000000000e+03,4.063835941286193750e-22,1.862932839616309622e+00,9.999797457261011004e+02,1.012018813846878089e+02,-1.627450410204584108e-14,3.475852900676477985e-05,-9.141183899604199582e-06,-5.407097565719905556e-22,-9.760847885214159803e+00,9.000000000000000000e+01,-1.893243799469373032e-06,0.000000000000000000e+00,1.475334701997570714e-19,-1.440593119110037400e-05,3.158978494966628626e-26
2.059500000000000000e+03,4.063835942596175469e-22,1.872022534202734123e+00,9.999793780921027064e+02,1.012018815415266744e+02,-1.627450409838179043e-14,3.539722313468855557e-05,-8.957680867979092121e-06,-5.299758257291992538e-22,-9.760906119847955864e+00,9.000000000000000000e+01,-1.812471094334299315e-06,0.000000000000000000e+00,1.475334701759812014e-19,1.856380026217475257e-05,3.148223416189449321e-26
2.069500000000000000e+03,4.063835943922871308e-22,1.881112228803311748e+00,9.999790040636435151e+02,1.012018816969079467e+02,-1.627450409487673943e-14,3.604712589980721058e-05,-3.369207660140662646e-06,-1.864137791284263396e-22,-9.760964533625077877e+00,9.000000000000000000e+01,-1.910763999432183255e-06,0.000000000000000000e+00,1.475334701597658101e-19,5.163495358578978618e-05,3.091255888444818098e-26
2.079500000000000000e+03,4.063835945260360065e-22,1.890201923418162844e+00,9.999786235168576241e+02,1.012018818577799237e+02,-1.627450409107306988e-14,3.670843032226780430e-05,7.142324268759345282e-07,6.342183934022845230e-23,-9.760848181183488848e+00,9.000000000000000000e+01,-1.957424644942062128e-06,0.000000000000000000e+00,1.475334701393387953e-19,-1.423836076653337845e-05,3.142712988079713683e-26
2.089500000000000000e+03,4.063835946617633332e-22,1.899291618046487162e+00,9.999782361751422286e+02,1.012018819890346748e+02,-1.627450408916754796e-14,3.738134184150425430e-05,-8.274217922387410759e-07,-3.205548001179421531e-23,-9.760848121084253037e+00,9.000000000000000000e+01,-1.854395588590229358e-06,0.000000000000000000e+00,1.475334701299213108e-19,-1.427238650864926061e-05,3.169408850695009637e-26
2.099500000000000000e+03,4.063835947986126458e-22,1.908381312689416909e+00,9.999778421586379409e+02,1.012018821620133480e+02,-1.627450408474588792e-14,3.806606405260824685e-05,5.003961673946439102e-06,3.251164839809104090e-22,-9.760790066793308739e+00,9.000000000000000000e+01,-1.897339845010348878e-06,0.000000000000000000e+00,1.475334701061937576e-19,-4.714001080168909839e-05,3.190069044871624363e-26
2.109500000000000000e+03,4.063835949367806750e-22,1.917471007347058887e+00,9.999774411860853434e+02,1.012018823288142499e+02,-1.627450408075075867e-14,3.876280358188808299e-05,5.391660696953423803e-06,3.494604456969340871e-22,-9.760731831723614249e+00,9.000000000000000000e+01,-1.988465077522524408e-06,0.000000000000000000e+00,1.475334700804837725e-19,-8.010998387819202719e-05,3.198420912219170258e-26
2.119500000000000000e+03,4.063835950762284413e-22,1.926560702019626259e+00,9.999770331420004368e+02,1.012018824740360117e+02,-1.627450407812196174e-14,3.947178186394637082e-05,1.028788657745249592e-07,2.397499762426180652e-23,-9.760789885106671449e+00,9.000000000000000000e+01,-1.798558050491267780e-06,0.000000000000000000e+00,1.475334700609293724e-19,-4.724286976297883533e-05,3.215826808267087357e-26
2.129500000000000000e+03,4.063835952170989790e-22,1.935650396707229826e+00,9.999766180124133825e+02,1.012018826339087099e+02,-1.627450407464892272e-14,4.019320893719058720e-05,5.376346150803889748e-06,3.471214922895936907e-22,-9.760964777172418394e+00,9.000000000000000000e+01,-1.722841155077848411e-06,0.000000000000000000e+00,1.475334700456127646e-19,5.177284848344549599e-05,3.140220977746739478e-26
2.139500000000000000e+03,4.063835953596524955e-22,1.944740091410058769e+00,9.999761955384165049e+02,1.012018828072872196e+02,-1.627450407041728034e-14,4.092730355742986708e-05,2.125843949557349493e-06,1.488309827737264041e-22,-9.760906418768115600e+00,9.000000000000000000e+01,-1.827515397866433735e-06,0.000000000000000000e+00,1.475334700142911733e-19,1.873304957651749085e-05,3.145130724917859978e-26
2.149500000000000000e+03,4.063835955031331479e-22,1.953829786128240098e+00,9.999757656902074814e+02,1.012018829622421663e+02,-1.627450406733922398e-14,4.167429181639182564e-05,-9.366947619551912370e-07,-3.812290502575484156e-23,-9.760789823465335857e+00,9.000000000000000000e+01,-1.948550490269779615e-06,0.000000000000000000e+00,1.475334699937080377e-19,-4.727776249363465987e-05,3.177522642431647488e-26
2.159500000000000000e+03,4.063835956479617632e-22,1.962919480861936572e+00,9.999753282517194748e+02,1.012018831399765304e+02,-1.627450406291255309e-14,4.243440406682677188e-05,-2.833535734228057146e-06,-1.545662148684653603e-22,-9.760906232700822471e+00,9.000000000000000000e+01,-1.854575022763138803e-06,0.000000000000000000e+00,1.475334699624587411e-19,1.862771126548789274e-05,3.138433408766248216e-26
2.169500000000000000e+03,4.063835957943618263e-22,1.972009175611262322e+00,9.999748832182958722e+02,1.012018833141300149e+02,-1.627450405876580793e-14,4.320786964035794352e-05,8.319765462122233441e-06,5.286006347790443176e-22,-9.760906607882169794e+00,9.000000000000000000e+01,-1.876013767871261883e-06,0.000000000000000000e+00,1.475334699482682966e-19,1.884012326870849940e-05,3.132783033536647075e-26
2.179500000000000000e+03,4.063835959416499049e-22,1.981098870376395427e+00,9.999744304157793522e+02,1.012018834556220241e+02,-1.627450405664054723e-14,4.399492119814888932e-05,-2.327907802367510985e-06,-1.240124051139761917e-22,-9.760906231980854386e+00,9.000000000000000000e+01,-1.815878944175518898e-06,0.000000000000000000e+00,1.475334699284217089e-19,1.862730550054331953e-05,3.148539419499743738e-26
2.189500000000000000e+03,4.063835960903820077e-22,1.990188565157450462e+00,9.999739696858450770e+02,1.012018836475897672e+02,-1.627450405147663219e-14,4.479580366907826781e-05,-6.628644525240032189e-08,1.504226726361599208e-23,-9.760848059126621123e+00,9.000000000000000000e+01,-1.903576912740698944e-06,0.000000000000000000e+00,1.475334698956919740e-19,-1.430744290037178880e-05,3.157678396715287611e-26
2.199500000000000000e+03,4.063835962403623916e-22,1.999278259954570425e+00,9.999735008217394352e+02,1.012018838171650401e+02,-1.627450404772402402e-14,4.561075928437701576e-05,4.045548949242903702e-06,2.665416695359751096e-22,-9.760789950417301242e+00,9.000000000000000000e+01,-1.909938301992438057e-06,0.000000000000000000e+00,1.475334698778504719e-19,-4.720587782062419998e-05,3.187731367242552357e-26
2.209500000000000000e+03,4.063835963918019871e-22,2.008367954768193631e+00,9.999730237890034914e+02,1.012018839926031859e+02,-1.627450404366345402e-14,4.644003935031001392e-05,5.905293861199429345e-06,3.806636440934072984e-22,-9.760848250528324499e+00,9.000000000000000000e+01,-1.900501647141410665e-06,0.000000000000000000e+00,1.475334698549689557e-19,-1.419907661016382951e-05,3.158430639790561550e-26
2.219500000000000000e+03,4.063835965442929917e-22,2.017457649598273672e+00,9.999725383464246988e+02,1.012018841525830055e+02,-1.627450404057877437e-14,4.728389612777223546e-05,4.829746688728486090e-06,3.135182547433704520e-22,-9.760731716267818214e+00,9.000000000000000000e+01,-1.843206575331902888e-06,0.000000000000000000e+00,1.475334698377942828e-19,-8.017532997881484541e-05,3.236698526344653716e-26
2.229500000000000000e+03,4.063835966981052050e-22,2.026547344444871168e+00,9.999720443366095424e+02,1.012018843419191683e+02,-1.627450403573784108e-14,4.814259015638793849e-05,-8.376864580550256373e-07,-3.290116807183057153e-23,-9.760847995284557044e+00,9.000000000000000000e+01,-1.836052769964605321e-06,0.000000000000000000e+00,1.475334698000315151e-19,-1.434357939402954089e-05,3.175273791174864821e-26
2.239500000000000000e+03,4.063835968531969674e-22,2.035637039308179741e+00,9.999715415881946683e+02,1.012018845120031756e+02,-1.627450403211621537e-14,4.901638303228278442e-05,1.242588640261198334e-06,9.425252456278150144e-23,-9.760848059833273638e+00,9.000000000000000000e+01,-1.814364262258456120e-06,0.000000000000000000e+00,1.475334697819334551e-19,-1.430703379988164259e-05,3.180847177715216047e-26
2.249500000000000000e+03,4.063835970095362585e-22,2.044726734188299755e+00,9.999710301198065281e+02,1.012018846844573545e+02,-1.627450402838718152e-14,4.990554618847501989e-05,-9.680916340638317583e-06,-5.736261636716893470e-22,-9.760905906191046810e+00,9.000000000000000000e+01,-1.876878776966870178e-06,0.000000000000000000e+00,1.475334697487951341e-19,1.844287361057827431e-05,3.133276740590880969e-26
2.259500000000000000e+03,4.063835971672938070e-22,2.053816429085442152e+00,9.999705096604302526e+02,1.012018848728764482e+02,-1.627450402372606433e-14,5.081034600511295807e-05,-6.859956630965952962e-06,-4.014269975003381213e-22,-9.761138976933681377e+00,9.000000000000000000e+01,-1.693792589394418242e-06,0.000000000000000000e+00,1.475334697225885480e-19,1.503966418810745117e-04,3.053555127412342832e-26
2.269500000000000000e+03,4.063835973262046565e-22,2.062906123999711738e+00,9.999699799632653594e+02,1.012018850612659833e+02,-1.627450401910067623e-14,5.173106561235244139e-05,-1.924482464494298652e-06,-9.783249501649796441e-23,-9.760906165206661100e+00,9.000000000000000000e+01,-1.970489447573765683e-06,0.000000000000000000e+00,1.475334696992804864e-19,1.858952100716977095e-05,3.114551504282432979e-26
2.279500000000000000e+03,4.063835974860479551e-22,2.071995818931215094e+00,9.999694411000236869e+02,1.012018852384850192e+02,-1.627450401517564200e-14,5.266798148145125641e-05,-4.328158475443677287e-06,-2.465305829925975527e-22,-9.761080805316479925e+00,9.000000000000000000e+01,-1.714075928042296755e-06,0.000000000000000000e+00,1.475334696743532714e-19,1.174625938387226833e-04,3.079991758120308402e-26
2.289500000000000000e+03,4.063835976469533834e-22,2.081085513880112092e+00,9.999688928369432688e+02,1.012018854461308734e+02,-1.627450400941510830e-14,5.362138096184958453e-05,7.681634268306252036e-06,4.892607099604877249e-22,-9.760906495048862652e+00,9.000000000000000000e+01,-1.851331111432420539e-06,0.000000000000000000e+00,1.475334696490494890e-19,1.877626735869740424e-05,3.139521787677881538e-26
2.299500000000000000e+03,4.063835978089944333e-22,2.090175208846524413e+00,9.999683349449187517e+02,1.012018856071770045e+02,-1.627450400653575969e-14,5.459155475329181953e-05,9.945424544805019041e-07,7.799838709902089147e-23,-9.760847995691330325e+00,9.000000000000000000e+01,-1.695711507089276263e-06,0.000000000000000000e+00,1.475334696292451032e-19,-1.434333582515448208e-05,3.204054503937232104e-26
2.309500000000000000e+03,4.063835979722538596e-22,2.099264903829748175e+00,9.999677671873942018e+02,1.012018857774065737e+02,-1.627450400312615455e-14,5.557880156657255921e-05,-9.992346066273213073e-06,-5.932527377993810681e-22,-9.760905831353989370e+00,9.000000000000000000e+01,-1.823378335892285532e-06,0.000000000000000000e+00,1.475334696002401408e-19,1.840051548955782881e-05,3.147028065847505931e-26
2.319500000000000000e+03,4.063835981369307440e-22,2.108354598830846971e+00,9.999671895392239094e+02,1.012018859824767958e+02,-1.627450399762663915e-14,5.658342289684682399e-05,-2.471524139177594405e-06,-1.327489369694359007e-22,-9.760906097513423418e+00,9.000000000000000000e+01,-1.821826403318793585e-06,0.000000000000000000e+00,1.475334695730279785e-19,1.855120566408468609e-05,3.147244511139223682e-26
2.329500000000000000e+03,4.063835983024441572e-22,2.117444293849949588e+00,9.999666017815470695e+02,1.012018861766870259e+02,-1.627450399280284622e-14,5.760572595441780373e-05,5.384254339174252377e-06,3.481339480429412813e-22,-9.760848130896983221e+00,9.000000000000000000e+01,-1.840572261833652652e-06,0.000000000000000000e+00,1.475334695524875745e-19,-1.426678257229880466e-05,3.173900266845969596e-26
2.339500000000000000e+03,4.063835984692818353e-22,2.126533988887206572e+00,9.999660037420690060e+02,1.012018863690937991e+02,-1.627450398812626105e-14,5.864602225934049636e-05,4.160662267644709234e-06,2.736206248201145345e-22,-9.760789829252136229e+00,9.000000000000000000e+01,-1.912798307650884709e-06,0.000000000000000000e+00,1.475334695235346604e-19,-4.727444789138625321e-05,3.187010469371529963e-26
2.349500000000000000e+03,4.063835986369998177e-22,2.135623683942787565e+00,9.999653951190412045e+02,1.012018865702221149e+02,-1.627450398292607103e-14,5.970463188589140605e-05,2.266199154626215804e-06,1.572084617037836184e-22,-9.760847997211117288e+00,9.000000000000000000e+01,-1.840474453416088176e-06,0.000000000000000000e+00,1.475334694893740558e-19,-1.434246402597161598e-05,3.173906721640319620e-26
2.359500000000000000e+03,4.063835988059519750e-22,2.144713379016814248e+00,9.999647758156061172e+02,1.012018867606523997e+02,-1.627450397841237301e-14,6.078188183162318476e-05,3.232387023541730300e-06,2.172138535638558933e-22,-9.760731527721318912e+00,9.000000000000000000e+01,-1.987054183465826962e-06,0.000000000000000000e+00,1.475334694647995508e-19,-8.028204624620147699e-05,3.199493423013992447e-26
2.369500000000000000e+03,4.063835989759225807e-22,2.153803074109418070e+00,9.999641456343233585e+02,1.012018869653164046e+02,-1.627450397304309855e-14,6.187809960765080131e-05,2.410816468864888279e-06,1.662451914724871779e-22,-9.760906233007469623e+00,9.000000000000000000e+01,-1.824593842113791011e-06,0.000000000000000000e+00,1.475334694308019280e-19,1.862792778973979338e-05,3.146144825196111222e-26
2.379500000000000000e+03,4.063835991468268110e-22,2.162892769220819744e+00,9.999635044634342194e+02,1.012018871689559489e+02,-1.627450396775096206e-14,6.299362253236387291e-05,3.408802861459559400e-06,2.279484324325888838e-22,-9.760789763773319194e+00,9.000000000000000000e+01,-1.947242111851575313e-06,0.000000000000000000e+00,1.475334693997784707e-19,-4.731150860805874003e-05,3.177877099602646743e-26
2.389500000000000000e+03,4.063835993187688617e-22,2.171982464351100983e+00,9.999628520486876369e+02,1.012018873638389778e+02,-1.627450396301145418e-14,6.412879189198088313e-05,-9.420582856301224105e-06,-5.585283323908401406e-22,-9.760847516597310758e+00,9.000000000000000000e+01,-1.827749308579927271e-06,0.000000000000000000e+00,1.475334693587457147e-19,-1.461455512979693770e-05,3.177111437404757130e-26
2.399500000000000000e+03,4.063835994917998904e-22,2.181072159500395014e+00,9.999621881078928709e+02,1.012018875618778821e+02,-1.627450395809840953e-14,6.528395490051684495e-05,-5.532299753674121982e-06,-3.200809112035314620e-22,-9.760847653624416864e+00,9.000000000000000000e+01,-1.861828417658622292e-06,0.000000000000000000e+00,1.475334693348358482e-19,-1.453697515833829966e-05,3.168157032488805936e-26
2.409500000000000000e+03,4.063835996660497187e-22,2.190161854668895458e+00,9.999615125823765993e+02,1.012018877762450160e+02,-1.627450395221220398e-14,6.645946710158025608e-05,7.852960162888548721e-06,4.997726411001060214e-22,-9.760789904765003300e+00,9.000000000000000000e+01,-1.917513187355124005e-06,0.000000000000000000e+00,1.475334693129013598e-19,-4.723167897416556931e-05,3.185141171598732330e-26
2.419500000000000000e+03,4.063835998413159264e-22,2.199251549856718224e+00,9.999608251722529531e+02,1.012018879806342255e+02,-1.627450394694998741e-14,6.765568459305818818e-05,-3.619183164930233105e-06,-2.025672248174620110e-22,-9.760905956438085340e+00,9.000000000000000000e+01,-1.863704486920811648e-06,0.000000000000000000e+00,1.475334692695057285e-19,1.847135955469444198e-05,3.135701586419545377e-26
2.429500000000000000e+03,4.063836000178644574e-22,2.208341245064054270e+00,9.999601256949827075e+02,1.012018881898784741e+02,-1.627450394141893650e-14,6.887297821175755502e-05,-1.977605533280061260e-06,-1.020312107847598236e-22,-9.760964260546909799e+00,9.000000000000000000e+01,-1.832193510358554947e-06,0.000000000000000000e+00,1.475334692384013340e-19,5.148042451682654629e-05,3.111946793402830476e-26
2.439500000000000000e+03,4.063836001948575603e-22,2.217430940291063024e+00,9.999594139726832509e+02,1.012018883848261623e+02,-1.627450393674549415e-14,7.011172051923027812e-05,2.768377909348125303e-06,1.884915695787987543e-22,-9.760847932154156581e+00,9.000000000000000000e+01,-1.889625676797052549e-06,0.000000000000000000e+00,1.475334692186971929e-19,-1.437927587135401398e-05,3.160378886966717023e-26
2.449500000000000000e+03,4.063836003729843570e-22,2.226520635537866610e+00,9.999586897352710366e+02,1.012018885969992823e+02,-1.627450393103492059e-14,7.137228988533570015e-05,1.201452337087067425e-06,9.303732778151191739e-23,-9.760847861993649843e+00,9.000000000000000000e+01,-1.936486137474239361e-06,0.000000000000000000e+00,1.475334691830375889e-19,-1.441899468399930556e-05,3.148185215013316062e-26
2.459500000000000000e+03,4.063836005520175069e-22,2.235610330804588486e+00,9.999579526986926794e+02,1.012018888084810015e+02,-1.627450392537070996e-14,7.265507282077221377e-05,5.590656490434417610e-07,5.340360688644129250e-23,-9.760964330881535034e+00,9.000000000000000000e+01,-1.841562813783647534e-06,0.000000000000000000e+00,1.475334691490962514e-19,5.152025086827424853e-05,3.109052791399330809e-26
2.469500000000000000e+03,4.063836007324405613e-22,2.244700026091410727e+00,9.999572027595713735e+02,1.012018890137740783e+02,-1.627450392011758107e-14,7.396046776221736388e-05,-9.637446441504105363e-06,-5.713518388984966779e-22,-9.760905669326922052e+00,9.000000000000000000e+01,-1.836111317615181773e-06,0.000000000000000000e+00,1.475334691086392762e-19,1.830882168208667140e-05,3.142224087093168427e-26
2.479500000000000000e+03,4.063836009137196107e-22,2.253789721398441248e+00,9.999564397558569908e+02,1.012018892251217181e+02,-1.627450391449428077e-14,7.528887072762493191e-05,-2.109447900238762268e-06,-1.108897311352245546e-22,-9.760905954000604012e+00,9.000000000000000000e+01,-1.779893232509692451e-06,0.000000000000000000e+00,1.475334690846568503e-19,1.846999222899179888e-05,3.152696742504489529e-26
2.489500000000000000e+03,4.063836010958091400e-22,2.262879416725871895e+00,9.999556633355095983e+02,1.012018894474329187e+02,-1.627450390819682941e-14,7.664069013497962538e-05,-3.656497973479399695e-06,-2.069025437419553891e-22,-9.760905881909186732e+00,9.000000000000000000e+01,-1.642712372321365093e-06,0.000000000000000000e+00,1.475334690449360618e-19,1.842918070102075555e-05,3.181719313837486037e-26
2.499500000000000000e+03,4.063836012788749408e-22,2.271969112073870534e+00,9.999548732880502939e+02,1.012018896727010855e+02,-1.627450390172403635e-14,7.801634004144733113e-05,-3.068143484252590607e-07,9.583958236444325043e-25,-9.760964259626197403e+00,9.000000000000000000e+01,-1.895083076075007190e-06,0.000000000000000000e+00,1.475334690094177488e-19,5.147991978932683568e-05,3.094592776562972389e-26
2.509500000000000000e+03,4.063836014632769965e-22,2.281058807442605918e+00,9.999540694290772080e+02,1.012018898895629775e+02,-1.627450389579166035e-14,7.941623844498680489e-05,-2.679241714565030293e-06,-1.457766979706806193e-22,-9.760847646978778158e+00,9.000000000000000000e+01,-1.820075368022241771e-06,0.000000000000000000e+00,1.475334689727070926e-19,-1.454071069211519034e-05,3.177183470631586530e-26
2.519500000000000000e+03,4.063836016481195806e-22,2.290148502832027422e+00,9.999532514577731490e+02,1.012018900983064782e+02,-1.627450389033003551e-14,8.084081529941494022e-05,-6.112918899476931646e-07,-1.863913253039444579e-23,-9.760847719309245107e+00,9.000000000000000000e+01,-1.868699229992582066e-06,0.000000000000000000e+00,1.475334689454724691e-19,-1.449975931379456409e-05,3.164430533176456982e-26
2.529500000000000000e+03,4.063836018342048032e-22,2.299238198241646103e+00,9.999524190025404096e+02,1.012018903290591822e+02,-1.627450388353841959e-14,8.229051108973985194e-05,5.610826791633955896e-06,3.627779420741447162e-22,-9.760789704430923308e+00,9.000000000000000000e+01,-1.941452382776063679e-06,0.000000000000000000e+00,1.475334689111989569e-19,-4.734507005999011206e-05,3.177038432215164449e-26
2.539500000000000000e+03,4.063836020210155879e-22,2.308327893672446507e+00,9.999515719739720225e+02,1.012018905454963971e+02,-1.627450387761043912e-14,8.376577098566419526e-05,-2.988783471515573229e-06,-1.627710819108153078e-22,-9.760964113412846643e+00,9.000000000000000000e+01,-1.940561165909880408e-06,0.000000000000000000e+00,1.475334688687297219e-19,5.139714981526062989e-05,3.082096490524802142e-26
2.549500000000000000e+03,4.063836022087933343e-22,2.317417589124538768e+00,9.999507100833579898e+02,1.012018907581879574e+02,-1.627450387191358543e-14,8.526704415264495501e-05,-6.353958110756393163e-06,-3.706341879973853021e-22,-9.760963965907635043e+00,9.000000000000000000e+01,-1.767019263158876358e-06,0.000000000000000000e+00,1.475334688343897892e-19,5.131364088852231393e-05,3.126623100951834041e-26
2.559500000000000000e+03,4.063836023973383494e-22,2.326507284598135161e+00,9.999498329721391201e+02,1.012018909931033477e+02,-1.627450386484507618e-14,8.679479469394177913e-05,-1.390748217191782632e-06,-6.654812425440348767e-23,-9.760847645601840483e+00,9.000000000000000000e+01,-1.849236372674771250e-06,0.000000000000000000e+00,1.475334687972811877e-19,-1.454147882953006622e-05,3.168523245903077837e-26
2.569500000000000000e+03,4.063836025869479862e-22,2.335596980093330721e+00,9.999489405397325754e+02,1.012018912264990007e+02,-1.627450385787373250e-14,8.834949193743824459e-05,-4.802293053761985606e-06,-2.732823195280226321e-22,-9.760847497191205591e+00,9.000000000000000000e+01,-2.079551303712086224e-06,0.000000000000000000e+00,1.475334687522272585e-19,-1.462549862504393007e-05,3.119528226904205990e-26
2.579500000000000000e+03,4.063836027773944809e-22,2.344686675610384352e+00,9.999480324536561966e+02,1.012018914521281800e+02,-1.627450385136853935e-14,8.993160874809312923e-05,-2.151329449140950141e-06,-1.116182754824285807e-22,-9.760789337574372837e+00,9.000000000000000000e+01,-2.025028098029692480e-06,0.000000000000000000e+00,1.475334687183423748e-19,-4.755275438925219247e-05,3.154471214243148637e-26
2.589500000000000000e+03,4.063836029688037055e-22,2.353776371149358226e+00,9.999471083823591471e+02,1.012018916747831696e+02,-1.627450384504120593e-14,9.154163398260309272e-05,-3.017535359836178173e-06,-1.653912852512124237e-22,-9.760905803818076265e+00,9.000000000000000000e+01,-1.888257682061898843e-06,0.000000000000000000e+00,1.475334686825581150e-19,1.838499347785049827e-05,3.126020536819750321e-26
2.599500000000000000e+03,4.063836031610377510e-22,2.362866066710431756e+00,9.999461680520325899e+02,1.012018919079973358e+02,-1.627450383805596253e-14,9.318006355294895381e-05,-9.486404340262895096e-07,-3.882381532227648603e-23,-9.760905878402830638e+00,9.000000000000000000e+01,-1.876446246974628705e-06,0.000000000000000000e+00,1.475334686444830337e-19,1.842722245221845156e-05,3.128723239552328499e-26
2.609500000000000000e+03,4.063836033540692048e-22,2.371955762293823433e+00,9.999452112605795264e+02,1.012018921394267750e+02,-1.627450383116501639e-14,9.484739512541500730e-05,-5.502864406620408566e-06,-3.185625115994634939e-22,-9.761022193898895694e+00,9.000000000000000000e+01,-1.726305262570273954e-06,0.000000000000000000e+00,1.475334686003395397e-19,8.427962499295041615e-05,3.103768580529692475e-26
2.619500000000000000e+03,4.063836035480182025e-22,2.381045457899640727e+00,9.999442376187071204e+02,1.012018923754673239e+02,-1.627450382398514207e-14,9.654414549607768581e-05,-4.574342953524270132e-07,-9.176866693041127169e-24,-9.760731103780194928e+00,9.000000000000000000e+01,-1.932657233082068934e-06,0.000000000000000000e+00,1.475334685645763447e-19,-8.052199846854064585e-05,3.208782575289118018e-26
2.629500000000000000e+03,4.063836037429581420e-22,2.390135153528051948e+00,9.999432468032464385e+02,1.012018926328952659e+02,-1.627450381548696126e-14,9.827083105763380821e-05,7.059302370007855625e-06,4.521514981881728365e-22,-9.760906181708923768e+00,9.000000000000000000e+01,-1.951083713018034119e-06,0.000000000000000000e+00,1.475334685201026742e-19,1.859894953425696124e-05,3.115765844515596718e-26
2.639500000000000000e+03,4.063836039385958078e-22,2.399224849179280916e+00,9.999422387396916747e+02,1.012018928768644344e+02,-1.627450380779098573e-14,1.000279855827649873e-04,3.680122911635674007e-06,2.448629277857082948e-22,-9.760906030604751038e+00,9.000000000000000000e+01,-1.898165949561093608e-06,0.000000000000000000e+00,1.475334684712245703e-19,1.851340486358370567e-05,3.121795053909284099e-26
2.649500000000000000e+03,4.063836041353030325e-22,2.408314544853420003e+00,9.999412128515541553e+02,1.012018930987446765e+02,-1.627450380144504782e-14,1.018161484988804987e-04,6.462000766485122609e-06,4.140926715722855275e-22,-9.760673100526389590e+00,9.000000000000000000e+01,-1.922646271833318902e-06,0.000000000000000000e+00,1.475334684416514105e-19,-1.133607225618987540e-04,3.241949647056707297e-26
2.659500000000000000e+03,4.063836043328207370e-22,2.417404240550672601e+00,9.999401690037921071e+02,1.012018933336412942e+02,-1.627450379427975480e-14,1.036358640628173963e-04,-4.339746100791352469e-06,-2.478111697317943126e-22,-9.761022190226713136e+00,9.000000000000000000e+01,-1.677658475161789728e-06,0.000000000000000000e+00,1.475334683902073661e-19,8.427755954565748159e-05,3.114654285964037154e-26
2.669500000000000000e+03,4.063836045312852787e-22,2.426493936271260310e+00,9.999391067204996943e+02,1.012018935910394646e+02,-1.627450378572697220e-14,1.054876933708282297e-04,2.111708027622439241e-06,1.473762564242464238e-22,-9.760789413699924921e+00,9.000000000000000000e+01,-1.811880198163358271e-06,0.000000000000000000e+00,1.475334683457195881e-19,-4.750963125874388767e-05,3.201534180163837657e-26
2.679500000000000000e+03,4.063836047303902768e-22,2.435583632015302147e+00,9.999380258144810796e+02,1.012018938206877863e+02,-1.627450377884057306e-14,1.073722077988288045e-04,-5.065245921605373009e-06,-2.906086411895099040e-22,-9.760963879336658877e+00,9.000000000000000000e+01,-1.864937982359595616e-06,0.000000000000000000e+00,1.475334683016652165e-19,5.126466325929599865e-05,3.097444048203121634e-26
2.689500000000000000e+03,4.063836049301068140e-22,2.444673327782953542e+00,9.999369258917868137e+02,1.012018940840625163e+02,-1.627450376985594591e-14,1.092899829651929419e-04,7.241374818481399904e-06,4.623161170250074303e-22,-9.761022653993563836e+00,9.000000000000000000e+01,-1.769639225994403820e-06,0.000000000000000000e+00,1.475334682605997679e-19,8.454013170562147978e-05,3.089608482533812978e-26
2.699500000000000000e+03,4.063836051310297376e-22,2.453763023574405899e+00,9.999358067428693175e+02,1.012018943137847913e+02,-1.627450376293165305e-14,1.112416096212723277e-04,-9.362708142536659161e-06,-5.536961671722406167e-22,-9.760905412108916934e+00,9.000000000000000000e+01,-1.912708743231054890e-06,0.000000000000000000e+00,1.475334682067120073e-19,1.816325619821001838e-05,3.121130130418894647e-26
2.709500000000000000e+03,4.063836053326172856e-22,2.462852719389782674e+00,9.999346678368747234e+02,1.012018945667520455e+02,-1.627450375455008797e-14,1.132276837144931758e-04,7.938484268039635631e-06,5.049737996227016151e-22,-9.760847882121240104e+00,9.000000000000000000e+01,-1.864044653605103554e-06,0.000000000000000000e+00,1.475334681774631500e-19,-1.440753322588057741e-05,3.159645239612940611e-26
2.719500000000000000e+03,4.063836055351518590e-22,2.471942415229333001e+00,9.999335089642554522e+02,1.012018948500459175e+02,-1.627450374429360247e-14,1.152488173976608742e-04,9.573815006105624312e-06,6.057106232847760947e-22,-9.760731419545644272e+00,9.000000000000000000e+01,-1.986680201124161941e-06,0.000000000000000000e+00,1.475334681146313226e-19,-8.034319660933986521e-05,3.191051968952369122e-26
2.729500000000000000e+03,4.063836057386194927e-22,2.481032111093226078e+00,9.999323297562077641e+02,1.012018950684158654e+02,-1.627450373799132959e-14,1.173056306515495804e-04,2.583716525289951287e-06,1.775795008319117405e-22,-9.760731106174233673e+00,9.000000000000000000e+01,-1.975263765483891837e-06,0.000000000000000000e+00,1.475334680782883986e-19,-8.052061302674893293e-05,3.193738378164740955e-26
2.739500000000000000e+03,4.063836059428456494e-22,2.490121806981351771e+00,9.999311298318207264e+02,1.012018953052076711e+02,-1.627450373052881271e-14,1.193987511714769467e-04,-9.452253856118275887e-06,-5.602528858967623850e-22,-9.760847095930849093e+00,9.000000000000000000e+01,-1.827985483848353973e-06,0.000000000000000000e+00,1.475334680264427978e-19,-1.485262980208091558e-05,3.168087274828859895e-26
2.749500000000000000e+03,4.063836061477751750e-22,2.499211502893509795e+00,9.999299086714163423e+02,1.012018955754349037e+02,-1.627450372098395233e-14,1.215288224876304179e-04,-4.794036368967642359e-07,-1.101325726102150936e-23,-9.760730948544866337e+00,9.000000000000000000e+01,-1.874571322712124701e-06,0.000000000000000000e+00,1.475334679795077888e-19,-8.060984994667905103e-05,3.218872495611292019e-26
2.759500000000000000e+03,4.063836063535888133e-22,2.508301198830550582e+00,9.999286661092191935e+02,1.012018958352393696e+02,-1.627450371204890351e-14,1.236965013339804222e-04,1.964419419243643542e-06,1.390952310319191200e-22,-9.760847570746987500e+00,9.000000000000000000e+01,-1.852396902583960213e-06,0.000000000000000000e+00,1.475334679313783662e-19,-1.458380462071243545e-05,3.160642021552216894e-26
2.769500000000000000e+03,4.063836065605953904e-22,2.517390894792629119e+00,9.999274017103016376e+02,1.012018961193483477e+02,-1.627450370161381043e-14,1.259024538035640915e-04,5.449613893609628868e-06,3.529347091034840733e-22,-9.761022504953373868e+00,9.000000000000000000e+01,-1.793892202217998301e-06,0.000000000000000000e+00,1.475334678714297281e-19,8.445577528189368664e-05,3.080012349715965818e-26
2.779500000000000000e+03,4.063836067683348176e-22,2.526480590779989654e+00,9.999261150173842907e+02,1.012018963627533736e+02,-1.627450369363396488e-14,1.281473540860100563e-04,-9.921191365931126269e-06,-5.885309917470887362e-22,-9.760963552974311952e+00,9.000000000000000000e+01,-1.799774599934708886e-06,0.000000000000000000e+00,1.475334678132981568e-19,5.107992117764856163e-05,3.110110463218229871e-26
2.789500000000000000e+03,4.063836069768812452e-22,2.535570286792861339e+00,9.999248056905344129e+02,1.012018966258495283e+02,-1.627450368441238285e-14,1.304318953817654744e-04,-6.041475563044519274e-06,-3.512664332992201619e-22,-9.760963712411408366e+00,9.000000000000000000e+01,-1.769875426707268059e-06,0.000000000000000000e+00,1.475334677657138446e-19,5.117018961949612989e-05,3.117233006812431848e-26
2.799500000000000000e+03,4.063836071863243869e-22,2.544659982831380507e+00,9.999234733870252967e+02,1.012018968839525996e+02,-1.627450367546488265e-14,1.327567808442040888e-04,-6.845952548049903369e-06,-4.008471508450717450e-22,-9.760905399737994870e+00,9.000000000000000000e+01,-1.759942936103619213e-06,0.000000000000000000e+00,1.475334677159729241e-19,1.815628051014213970e-05,3.146098005665235922e-26
2.809500000000000000e+03,4.063836073967301174e-22,2.553749678895798070e+00,9.999221176775172353e+02,1.012018971490994090e+02,-1.627450366605582940e-14,1.351227201681443014e-04,-5.561160841881812910e-06,-3.218299156974974247e-22,-9.760963710668145055e+00,9.000000000000000000e+01,-1.770069745876086649e-06,0.000000000000000000e+00,1.475334676649411732e-19,5.116920759831093506e-05,3.116169193477983888e-26
2.819500000000000000e+03,4.063836076077563679e-22,2.562839374986273899e+00,9.999207380767911673e+02,1.012018974227687238e+02,-1.627450365607614888e-14,1.375304381763605582e-04,-2.183803687970989536e-06,-1.146971409898883541e-22,-9.760730786745330789e+00,9.000000000000000000e+01,-1.932218570980401383e-06,0.000000000000000000e+00,1.475334676116400268e-19,-8.070143233202252972e-05,3.200686550164249056e-26
2.829500000000000000e+03,4.063836078199262334e-22,2.571929071103062459e+00,9.999193342374637723e+02,1.012018976886720480e+02,-1.627450364654610645e-14,1.399806801540940141e-04,-4.046098546417689436e-06,-2.297931774905219984e-22,-9.761022021351115185e+00,9.000000000000000000e+01,-1.664340220488629475e-06,0.000000000000000000e+00,1.475334675571537594e-19,8.418199791723076871e-05,3.110591128813738988e-26
2.839500000000000000e+03,4.063836080329437243e-22,2.581018767246323176e+00,9.999179056389257312e+02,1.012018979775657357e+02,-1.627450363557056477e-14,1.424741926595780069e-04,-4.260372067485024095e-06,-2.412389031860041292e-22,-9.760788934848049436e+00,9.000000000000000000e+01,-1.955506414247015064e-06,0.000000000000000000e+00,1.475334674921216534e-19,-4.778068604324821122e-05,3.161951902008282367e-26
2.849500000000000000e+03,4.063836082465745411e-22,2.590108463416264328e+00,9.999164520204067230e+02,1.012018982342616340e+02,-1.627450362651032688e-14,1.450117449794563365e-04,-1.125434508006944317e-05,-6.698908249697408445e-22,-9.760788605440477994e+00,9.000000000000000000e+01,-1.916611589158459961e-06,0.000000000000000000e+00,1.475334674373784428e-19,-4.796717938336953071e-05,3.171586408060529765e-26
2.859500000000000000e+03,4.063836084609670783e-22,2.599198159613113290e+00,9.999149727681651711e+02,1.012018985143908338e+02,-1.627450361596607123e-14,1.475941148585862076e-04,-2.716554097890697703e-06,-1.475059004540866707e-22,-9.760847246440162550e+00,9.000000000000000000e+01,-1.843430766270289917e-06,0.000000000000000000e+00,1.475334673869855469e-19,-1.476738220316940000e-05,3.157936263254586060e-26
2.869500000000000000e+03,4.063836086764623702e-22,2.608287855837012170e+00,9.999134674882516265e+02,1.012018987892111852e+02,-1.627450360571556214e-14,1.502220979628587580e-04,-8.722823379799492317e-06,-5.163833242845952904e-22,-9.760905227879627333e+00,9.000000000000000000e+01,-1.703922172610567889e-06,0.000000000000000000e+00,1.475334673238264559e-19,1.805900313069873817e-05,3.161711721803227940e-26
2.879500000000000000e+03,4.063836088929841508e-22,2.617377552088269166e+00,9.999119357177987695e+02,1.012018990888332439e+02,-1.627450359390991791e-14,1.528964970612237725e-04,1.437599031395236360e-06,1.067242171162245753e-22,-9.760847411886997449e+00,9.000000000000000000e+01,-1.827425248224542260e-06,0.000000000000000000e+00,1.475334672651352094e-19,-1.467370655620975952e-05,3.160786745175600809e-26
2.889500000000000000e+03,4.063836091102451293e-22,2.626467248367093887e+00,9.999103770237416029e+02,1.012018993574897507e+02,-1.627450358394576533e-14,1.556181349362807361e-04,-6.543243128284952098e-06,-3.816851828792366930e-22,-9.760788765545111545e+00,9.000000000000000000e+01,-1.885717818315469427e-06,0.000000000000000000e+00,1.475334672036421200e-19,-4.787652314317825933e-05,3.177092847555291251e-26
2.899500000000000000e+03,4.063836093285080992e-22,2.635556944673662194e+00,9.999087908398360014e+02,1.012018996464283589e+02,-1.627450357269618915e-14,1.583878483441163230e-04,-3.395649946384241950e-06,-1.893640133303634915e-22,-9.760963704702126265e+00,9.000000000000000000e+01,-1.745748909337808530e-06,0.000000000000000000e+00,1.475334671434712537e-19,5.116585793117940238e-05,3.117283782460246497e-26
2.909500000000000000e+03,4.063836095476698991e-22,2.644646641008276955e+00,9.999071766715496778e+02,1.012018999325649560e+02,-1.627450356157006023e-14,1.612064914319690943e-04,-4.740874399184800238e-07,-1.018847552219449129e-23,-9.760905558565591278e+00,9.000000000000000000e+01,-1.804199285829811149e-06,0.000000000000000000e+00,1.475334670848230998e-19,1.824623487498411420e-05,3.133251833990589253e-26
2.919500000000000000e+03,4.063836097675469167e-22,2.653736337371082499e+00,9.999055341482162476e+02,1.012019002334379536e+02,-1.627450354947952992e-14,1.640749265810583825e-04,1.648989660957187023e-06,1.200962169525822049e-22,-9.761022185909411064e+00,9.000000000000000000e+01,-1.763979416216520729e-06,0.000000000000000000e+00,1.475334670172929663e-19,8.427519243068633703e-05,3.079475584627664970e-26
2.929500000000000000e+03,4.063836099886028612e-22,2.662826033762396793e+00,9.999038627725094557e+02,1.012019005093540329e+02,-1.627450353888245846e-14,1.669940372454081269e-04,-2.751395766781083519e-06,-1.504259027474425174e-22,-9.760730617117376440e+00,9.000000000000000000e+01,-1.824260927094172997e-06,0.000000000000000000e+00,1.475334669566478157e-19,-8.079743387016716217e-05,3.222012249583828178e-26
2.939500000000000000e+03,4.063836102106830844e-22,2.671915730182386817e+00,9.999021619381383061e+02,1.012019008126464854e+02,-1.627450352655848528e-14,1.699647175023688399e-04,-3.362592134068191077e-06,-1.868592376502616559e-22,-9.760905389070392957e+00,9.000000000000000000e+01,-1.819007083315831945e-06,0.000000000000000000e+00,1.475334668853821726e-19,1.815028505172195305e-05,3.127576263729347349e-26
2.949500000000000000e+03,4.063836104336231112e-22,2.681005426631364319e+00,9.999004311794415116e+02,1.012019011132147313e+02,-1.627450351434375671e-14,1.729878798254497077e-04,4.161022138294883615e-06,2.734625796002184848e-22,-9.760905728940628023e+00,9.000000000000000000e+01,-1.782082115685912963e-06,0.000000000000000000e+00,1.475334668247160053e-19,1.834270690314612493e-05,3.136193427096105203e-26
2.959500000000000000e+03,4.063836106576309100e-22,2.690095123109164543e+00,9.998986698891967535e+02,1.012019014049518262e+02,-1.627450350262057053e-14,1.760644562077612655e-04,-2.862865426652512986e-06,-1.562896826246454741e-22,-9.760905388180797004e+00,9.000000000000000000e+01,-1.812950238535952429e-06,0.000000000000000000e+00,1.475334667531856190e-19,1.814978776937913984e-05,3.127710688085110703e-26
2.969500000000000000e+03,4.063836108826755889e-22,2.699184819615781272e+00,9.998968776063993573e+02,1.012019017058144215e+02,-1.627450349028601399e-14,1.791953862896900084e-04,4.660052633030536475e-06,3.040253366581508182e-22,-9.760905730436935102e+00,9.000000000000000000e+01,-1.779496579174257810e-06,0.000000000000000000e+00,1.475334666928729802e-19,1.834356000785399672e-05,3.135449507439551076e-26
2.979500000000000000e+03,4.063836111081419412e-22,2.708274516152025857e+00,9.998950539287179708e+02,1.012019019991288360e+02,-1.627450347832598021e-14,1.823816305767078888e-04,-3.236675887366566801e-06,-1.798209059362308160e-22,-9.760847072906376098e+00,9.000000000000000000e+01,-1.781235324807520143e-06,0.000000000000000000e+00,1.475334666196912775e-19,-1.486559045804262898e-05,3.166209003293254426e-26
2.989500000000000000e+03,4.063836113352178273e-22,2.717364212718242467e+00,9.998931980403140187e+02,1.012019023032160590e+02,-1.627450346568071976e-14,1.856241706754563629e-04,6.607845529700375500e-07,5.854221616529676239e-23,-9.760847244934970135e+00,9.000000000000000000e+01,-1.751926487973396453e-06,0.000000000000000000e+00,1.475334665540788406e-19,-1.476819286261931582e-05,3.172925183972982662e-26
2.999500000000000000e+03,4.063836115633589464e-22,2.726453909314714874e+00,9.998913094000890851e+02,1.012019026056597113e+02,-1.627450345307853743e-14,1.889240051178657216e-04,-1.867397840946470280e-06,-9.515028944263213052e-23,-9.760905386878228285e+00,9.000000000000000000e+01,-1.824198359222479258e-06,0.000000000000000000e+00,1.475334664825717580e-19,1.814906215690167415e-05,3.121936246544551241e-26
3.009500000000000000e+03,4.063836117924008233e-22,2.735543605941689549e+00,9.998893875749781728e+02,1.012019029451024466e+02,-1.627450343814291716e-14,1.922821412642659368e-04,-7.692619165974838156e-07,-2.746317329796360762e-23,-9.760963701604429943e+00,9.000000000000000000e+01,-1.832176946029773868e-06,0.000000000000000000e+00,1.475334663948535454e-19,5.116414182436727302e-05,3.087352139930651671e-26
3.019500000000000000e+03,4.063836120226228495e-22,2.744633302599367219e+00,9.998874319158494473e+02,1.012019032336675650e+02,-1.627450342626861678e-14,1.956996138820398716e-04,-5.005992416632279209e-06,-2.870872783504230689e-22,-9.760905212258922603e+00,9.000000000000000000e+01,-1.844475336760994919e-06,0.000000000000000000e+00,1.475334663295380387e-19,1.805020847302455731e-05,3.115268658720106540e-26
3.029500000000000000e+03,4.063836122538835426e-22,2.753722999288196860e+00,9.998854417037218809e+02,1.012019035661596860e+02,-1.627450341163935222e-14,1.991774728333768434e-04,-1.142204461369254941e-06,-4.929723494856416448e-23,-9.760905386312487053e+00,9.000000000000000000e+01,-1.977497837981027003e-06,0.000000000000000000e+00,1.475334662492160952e-19,1.814875434943948059e-05,3.088942449505136633e-26
3.039500000000000000e+03,4.063836124865078090e-22,2.762812696008357438e+00,9.998834164738655090e+02,1.012019038630144792e+02,-1.627450339914294982e-14,2.027167884126703022e-04,-4.490410908619165412e-06,-2.565123477414991543e-22,-9.760905210849712077e+00,9.000000000000000000e+01,-1.745385155659999061e-06,0.000000000000000000e+00,1.475334661808714378e-19,1.804941719253299806e-05,3.139143509789424868e-26
3.049500000000000000e+03,4.063836127199594825e-22,2.771902392760142497e+00,9.998813556069508195e+02,1.012019042040151078e+02,-1.627450338386339567e-14,2.063186444879680243e-04,5.832020032698526106e-06,3.761410222826331262e-22,-9.760847422511391258e+00,9.000000000000000000e+01,-1.832636396236839445e-06,0.000000000000000000e+00,1.475334661034432762e-19,-1.466763532046007122e-05,3.147381108397428700e-26
3.059500000000000000e+03,4.063836129548697563e-22,2.780992089543838475e+00,9.998792583588510752e+02,1.012019045277280895e+02,-1.627450336959473205e-14,2.099841522055338489e-04,1.093051629030585704e-05,6.882771910814412675e-22,-9.760672829670824058e+00,9.000000000000000000e+01,-1.923994648907197470e-06,0.000000000000000000e+00,1.475334660301831882e-19,-1.135139416593248385e-04,3.218019249361882661e-26
3.069500000000000000e+03,4.063836131908701366e-22,2.790081786359739802e+00,9.998771242555230856e+02,1.012019048473234761e+02,-1.627450335550527869e-14,2.137144357891707482e-04,-9.363576736489409826e-08,1.184706738574066740e-23,-9.760905386116460747e+00,9.000000000000000000e+01,-1.656718135694470653e-06,0.000000000000000000e+00,1.475334659416308794e-19,1.814865674677899586e-05,3.159376022008830540e-26
3.079500000000000000e+03,4.063836134281313522e-22,2.799171483208089395e+00,9.998749525267630816e+02,1.012019051675411276e+02,-1.627450334131512882e-14,2.175106341584376996e-04,-2.709603050485623593e-06,-1.469287245279575322e-22,-9.760963524377704204e+00,9.000000000000000000e+01,-1.756734392540958947e-06,0.000000000000000000e+00,1.475334658623474695e-19,5.106382714681599486e-05,3.101134297944522310e-26
3.089500000000000000e+03,4.063836136664427073e-22,2.808261180089316245e+00,9.998727425523102283e+02,1.012019055156749658e+02,-1.627450332533906728e-14,2.213739209220098978e-04,3.233235712446506399e-06,2.170380420114711177e-22,-9.760847248497276141e+00,9.000000000000000000e+01,-1.827523769086355230e-06,0.000000000000000000e+00,1.475334657773016291e-19,-1.476613920529839508e-05,3.145324153827189709e-26
3.099500000000000000e+03,4.063836139061490452e-22,2.817350877003722776e+00,9.998704936532303691e+02,1.012019058509767149e+02,-1.627450331008748929e-14,2.253054809184727410e-04,2.717498548926884068e-06,1.855830347333829610e-22,-9.760788932959178155e+00,9.000000000000000000e+01,-1.870473267060589999e-06,0.000000000000000000e+00,1.475334656925646115e-19,-4.778166865342984800e-05,3.165116456106543528e-26
3.109500000000000000e+03,4.063836141471518122e-22,2.826440573951608748e+00,9.998682050677016377e+02,1.012019061698905205e+02,-1.627450329576890655e-14,2.293065184987594200e-04,-9.250388026040887084e-06,-5.477492305336257867e-22,-9.760963164622079802e+00,9.000000000000000000e+01,-1.720940913600080048e-06,0.000000000000000000e+00,1.475334656045216871e-19,5.086016168288628130e-05,3.107868564362398138e-26
3.119500000000000000e+03,4.063836143890406669e-22,2.835530270933246832e+00,9.998658762443810701e+02,1.012019065137940288e+02,-1.627450327982787044e-14,2.333782644231601941e-04,-2.500732626921741276e-06,-1.342197760778964539e-22,-9.760905206794559419e+00,9.000000000000000000e+01,-1.773925188816519397e-06,0.000000000000000000e+00,1.475334655234414568e-19,1.804715107581058878e-05,3.124853066476819958e-26
3.129500000000000000e+03,4.063836146324638708e-22,2.844619967948996297e+00,9.998635063916444778e+02,1.012019068676056719e+02,-1.627450326321945484e-14,2.375219689104119769e-04,4.277700027932791567e-06,2.804381513327390695e-22,-9.760847251073331066e+00,9.000000000000000000e+01,-1.766030237875128400e-06,0.000000000000000000e+00,1.475334654373412660e-19,-1.476466634794095648e-05,3.157451506545833983e-26
3.139500000000000000e+03,4.063836148773799055e-22,2.853709664999217743e+00,9.998610947029665112e+02,1.012019072101834354e+02,-1.627450324723204948e-14,2.417389044047585985e-04,-8.520626876798586768e-06,-5.035780647790027615e-22,-9.760963160533194127e+00,9.000000000000000000e+01,-1.665387717089641274e-06,0.000000000000000000e+00,1.475334653362590255e-19,5.085785899576041806e-05,3.119362552904327769e-26
3.149500000000000000e+03,4.063836151235948145e-22,2.862799362084190946e+00,9.998586405497044325e+02,1.012019075624231164e+02,-1.627450323057517889e-14,2.460303689896128996e-04,1.898404540824930956e-06,1.341261729640332416e-22,-9.760905387625314233e+00,9.000000000000000000e+01,-1.658358538576982352e-06,0.000000000000000000e+00,1.475334652556893592e-19,1.814954095370072013e-05,3.146766692529842839e-26
3.159500000000000000e+03,4.063836153713343867e-22,2.871889059204336903e+00,9.998561431374400854e+02,1.012019079362527947e+02,-1.627450321252745818e-14,2.503976762414145585e-04,1.232354174720272693e-05,7.729511401507582460e-22,-9.760847617981678326e+00,9.000000000000000000e+01,-1.744774132939033622e-06,0.000000000000000000e+00,1.475334651636532598e-19,-1.455692714733466761e-05,3.159864031114316551e-26
3.169500000000000000e+03,4.063836156204982349e-22,2.880978756359991788e+00,9.998536016559228301e+02,1.012019082814780404e+02,-1.627450319615364035e-14,2.548421679939934150e-04,9.543443178866140004e-07,7.801582379632239629e-23,-9.760788754512807586e+00,9.000000000000000000e+01,-1.893480610848736040e-06,0.000000000000000000e+00,1.475334650637166346e-19,-4.788266963388414325e-05,3.152616024037784864e-26
3.179500000000000000e+03,4.063836158712589686e-22,2.890068453551064565e+00,9.998510155193507671e+02,1.012019086238723986e+02,-1.627450317988196738e-14,2.593652100070712569e-04,-4.623386710496541652e-06,-2.649770325631256801e-22,-9.760905021991765906e+00,9.000000000000000000e+01,-1.685769652932645368e-06,0.000000000000000000e+00,1.475334649720575841e-19,1.794254768346749868e-05,3.141724531083162679e-26
3.189500000000000000e+03,4.063836161236261799e-22,2.899158150777876752e+00,9.998483837312087417e+02,1.012019089604502682e+02,-1.627450316389414866e-14,2.639681900545085393e-04,-4.384918848760918406e-06,-2.496895073770637669e-22,-9.760905021328280640e+00,9.000000000000000000e+01,-1.749335735352063587e-06,0.000000000000000000e+00,1.475334648904452435e-19,1.794217348076060538e-05,3.124394237715880768e-26
3.199500000000000000e+03,4.063836163773412130e-22,2.908247848041333850e+00,9.998457054588943720e+02,1.012019093564173176e+02,-1.627450314418015807e-14,2.686525264829778487e-04,5.403639027090726158e-06,3.497451506680853346e-22,-9.760788939890709059e+00,9.000000000000000000e+01,-1.818243826525593013e-06,0.000000000000000000e+00,1.475334647869383293e-19,-4.777770722688253944e-05,3.168792005597664891e-26
3.209500000000000000e+03,4.063836166325420240e-22,2.917337545341868399e+00,9.998429799703881145e+02,1.012019097259761651e+02,-1.627450312599686372e-14,2.734196534049355780e-04,-4.559504688465967426e-06,-2.601854175420226429e-22,-9.760846702729004676e+00,9.000000000000000000e+01,-1.796226907465254592e-06,0.000000000000000000e+00,1.475334646765522583e-19,-1.507508217584168152e-05,3.141953258117115253e-26
3.219500000000000000e+03,4.063836168895057944e-22,2.926427242679753515e+00,9.998402064144611359e+02,1.012019101036172941e+02,-1.627450310724641624e-14,2.782710447771954802e-04,-4.976886678215474070e-06,-2.848384446603287355e-22,-9.760788384590059152e+00,9.000000000000000000e+01,-1.913475664020286651e-06,0.000000000000000000e+00,1.475334645727033712e-19,-4.809208333720523258e-05,3.142425647017016074e-26
3.229500000000000000e+03,4.063836171482704221e-22,2.935516940055458601e+00,9.998373840302228928e+02,1.012019104746582343e+02,-1.627450308882576311e-14,2.832081804403387398e-04,3.227561285829840594e-06,2.164640758747224256e-22,-9.760847074080729158e+00,9.000000000000000000e+01,-1.774865462558109810e-06,0.000000000000000000e+00,1.475334644823999106e-19,-1.486483280486229855e-05,3.145117238076059955e-26
3.239500000000000000e+03,4.063836174087005843e-22,2.944606637469385113e+00,9.998345118211582303e+02,1.012019108333839483e+02,-1.627450307107424704e-14,2.882325793570923310e-04,-9.743985779149467842e-06,-5.788080335854943095e-22,-9.760962962508093810e+00,9.000000000000000000e+01,-1.611428690918864554e-06,0.000000000000000000e+00,1.475334643759733830e-19,5.074578341722185812e-05,3.122954350284963072e-26
3.249500000000000000e+03,4.063836176707034168e-22,2.953696334921967814e+00,9.998315890161320567e+02,1.012019112388334321e+02,-1.627450305037108168e-14,2.933457854477716331e-04,3.120195726855756707e-06,2.093605062367391705e-22,-9.760788757490155731e+00,9.000000000000000000e+01,-1.751969896183689025e-06,0.000000000000000000e+00,1.475334642726554026e-19,-4.788095383955335758e-05,3.180462982953520580e-26
3.259500000000000000e+03,4.063836179348176723e-22,2.962786032413636139e+00,9.998286146465688944e+02,1.012019116459692469e+02,-1.627450302949676505e-14,2.985493702088042631e-04,9.952891954487156033e-07,7.979450364440245023e-23,-9.760905205799533135e+00,9.000000000000000000e+01,-1.735855323279023461e-06,0.000000000000000000e+00,1.475334641525141593e-19,1.804664476520473443e-05,3.120025311986247356e-26
3.269500000000000000e+03,4.063836182005081247e-22,2.971875729944802647e+00,9.998255879646167159e+02,1.012019120293962260e+02,-1.627450300997653448e-14,3.038449281893451539e-04,1.245615250884261350e-06,9.508095297467963786e-23,-9.760905206026849967e+00,9.000000000000000000e+01,-1.729356635842795074e-06,0.000000000000000000e+00,1.475334640483521161e-19,1.804677671795963992e-05,3.120577567877457533e-26
3.279500000000000000e+03,4.063836184680655442e-22,2.980965427515883892e+00,9.998225078023970127e+02,1.012019124463190565e+02,-1.627450298831886951e-14,3.092340830056870414e-04,5.116366149761802554e-06,3.328275458360441967e-22,-9.760905395481021429e+00,9.000000000000000000e+01,-1.796714651886766399e-06,0.000000000000000000e+00,1.475334639302315585e-19,1.815404278556979127e-05,3.101944773970719771e-26
3.289500000000000000e+03,4.063836187374967488e-22,2.990055125127395019e+00,9.998193732919171453e+02,1.012019128247277848e+02,-1.627450296893000006e-14,3.147184964562656012e-04,-1.219349442322422488e-05,-7.276400036669484691e-22,-9.760962765714047862e+00,9.000000000000000000e+01,-1.709390004107877955e-06,0.000000000000000000e+00,1.475334638104314456e-19,5.063439174382545848e-05,3.091996672898542007e-26
3.299500000000000000e+03,4.063836190091751693e-22,2.999144822779841846e+00,9.998161834571510553e+02,1.012019132264977657e+02,-1.627450294803941081e-14,3.202998515031103897e-04,-1.622965240341908739e-06,-8.151411497244493770e-23,-9.760905016600185391e+00,9.000000000000000000e+01,-1.630769465825781952e-06,0.000000000000000000e+00,1.475334637090865563e-19,1.793954470895627384e-05,3.142455330880621440e-26
3.309500000000000000e+03,4.063836192826886307e-22,3.008234520473567652e+00,9.998129374301061034e+02,1.012019136570716569e+02,-1.627450292528702462e-14,3.259798626882031043e-04,2.231680681129409976e-06,1.562266447211354874e-22,-9.760905207325906829e+00,9.000000000000000000e+01,-1.791979594743628269e-06,0.000000000000000000e+00,1.475334635849894289e-19,1.804753081160561634e-05,3.099600531657087105e-26
3.319500000000000000e+03,4.063836195581654497e-22,3.017324218209100462e+00,9.998096340997144580e+02,1.012019140671542061e+02,-1.627450290369466471e-14,3.317602744023172290e-04,-4.780492574272136195e-06,-2.733926863591359404e-22,-9.760904824758220855e+00,9.000000000000000000e+01,-1.765644729203297677e-06,0.000000000000000000e+00,1.475334634606549306e-19,1.783094339879696559e-05,3.105330746656502669e-26
3.329500000000000000e+03,4.063836198359265833e-22,3.026413915987016701e+00,9.998062725625932217e+02,1.012019144913718094e+02,-1.627450288115700647e-14,3.376428628039591148e-04,-1.455298482161792889e-06,-6.992544819757603654e-23,-9.760846697590949361e+00,9.000000000000000000e+01,-1.781924614618086896e-06,0.000000000000000000e+00,1.475334633405563226e-19,-1.507793841083627254e-05,3.131454192640849326e-26
3.339500000000000000e+03,4.063836201159026775e-22,3.035503613807732037e+00,9.998028517356142402e+02,1.012019148962771453e+02,-1.627450285971330267e-14,3.436294297154080858e-04,-1.153268830138442373e-05,-6.877094709500478097e-22,-9.760904438124885729e+00,9.000000000000000000e+01,-1.669014389092945587e-06,0.000000000000000000e+00,1.475334632169094053e-19,1.761205783227937755e-05,3.124163152723478327e-26
3.349500000000000000e+03,4.063836203980276223e-22,3.044593311671762503e+00,9.997993705524131656e+02,1.012019153671477909e+02,-1.627450283413574053e-14,3.497218160403119786e-04,-4.029525558465170892e-06,-2.275209583186262853e-22,-9.760904822806860892e+00,9.000000000000000000e+01,-1.746218410097667536e-06,0.000000000000000000e+00,1.475334630769005336e-19,1.782985480591113515e-05,3.106442310863910254e-26
3.359500000000000000e+03,4.063836206823043331e-22,3.053683009579623242e+00,9.997958279531449080e+02,1.012019157705473162e+02,-1.627450281259132758e-14,3.559218920927371206e-04,2.441138520589571127e-06,1.675121194190349732e-22,-9.760788572222114823e+00,9.000000000000000000e+01,-1.695786797179695917e-06,0.000000000000000000e+00,1.475334629733733972e-19,-4.798579366402436875e-05,3.181374459730230917e-26
3.369500000000000000e+03,4.063836209691468189e-22,3.062772707531800087e+00,9.997922228705137968e+02,1.012019162160481471e+02,-1.627450278838756671e-14,3.622315603012016706e-04,-3.015389692953325257e-06,-1.649322008955538775e-22,-9.760963140603973187e+00,9.000000000000000000e+01,-1.754258088999283823e-06,0.000000000000000000e+00,1.475334628343466293e-19,5.084667427906495654e-05,3.069935790625571589e-26
3.379500000000000000e+03,4.063836212581372620e-22,3.071862405528966278e+00,9.997885541487485170e+02,1.012019166559916812e+02,-1.627450276441847618e-14,3.686527645543273665e-04,7.636744632598643280e-06,4.856777649882154439e-22,-9.760905406081340274e+00,9.000000000000000000e+01,-1.626126721101718526e-06,0.000000000000000000e+00,1.475334627165654928e-19,1.816008849909355043e-05,3.132981367363917826e-26
3.389500000000000000e+03,4.063836215495384089e-22,3.080952103571503731e+00,9.997848208127543330e+02,1.012019171099260291e+02,-1.627450273949662153e-14,3.751874705418666175e-04,-3.031726658357710117e-06,-1.663598458431090937e-22,-9.760904820767217771e+00,9.000000000000000000e+01,-1.740133983547590284e-06,0.000000000000000000e+00,1.475334625683292409e-19,1.782871713593404026e-05,3.102572618872497391e-26
3.399500000000000000e+03,4.063836218434534681e-22,3.090041801659545673e+00,9.997810216033831239e+02,1.012019175613653630e+02,-1.627450271463323410e-14,3.818376848310826811e-04,3.562024708626194518e-07,4.106016089809002478e-23,-9.760846697326199362e+00,9.000000000000000000e+01,-1.766830389099672254e-06,0.000000000000000000e+00,1.475334624375889070e-19,-1.507805532272265551e-05,3.125897401291735332e-26
3.409500000000000000e+03,4.063836221399076420e-22,3.099131499793731148e+00,9.997771552959457040e+02,1.012019180161144902e+02,-1.627450268947032565e-14,3.886054525291528596e-04,1.006560555753682446e-05,6.349971030488327321e-22,-9.760672329859829688e+00,9.000000000000000000e+01,-1.805440821710829691e-06,0.000000000000000000e+00,1.475334623126617279e-19,-1.137967647825839477e-04,3.209436065574542786e-26
3.419500000000000000e+03,4.063836224390497954e-22,3.108221197975121086e+00,9.997732207300141454e+02,1.012019184771798166e+02,-1.627450266382439767e-14,3.954928515971881131e-04,1.833225684975910359e-06,1.311227470306188092e-22,-9.760963336202753027e+00,9.000000000000000000e+01,-1.658033816666223498e-06,0.000000000000000000e+00,1.475334621652636888e-19,5.095743635096059310e-05,3.087522451702376064e-26
3.429500000000000000e+03,4.063836227409782466e-22,3.117310896204294579e+00,9.997692166799679399e+02,1.012019189499300609e+02,-1.627450263737347184e-14,4.025019968617457524e-04,6.775940489810281477e-07,6.001676944787029182e-23,-9.760788378464672732e+00,9.000000000000000000e+01,-1.720714076440198069e-06,0.000000000000000000e+00,1.475334620200253636e-19,-4.809545577224640675e-05,3.165142597259788363e-26
3.439500000000000000e+03,4.063836230453969120e-22,3.126400594481798745e+00,9.997651420887559652e+02,1.012019194238866504e+02,-1.627450261073443424e-14,4.096350438506104704e-04,-1.767330416548174323e-06,-8.990578395259905261e-23,-9.760904819107180330e+00,9.000000000000000000e+01,-1.630960375439982236e-06,0.000000000000000000e+00,1.475334618733215741e-19,1.782780121924108007e-05,3.123366516121441362e-26
3.449500000000000000e+03,4.063836233529147447e-22,3.135490292808346346e+00,9.997609955603256822e+02,1.012019199199817194e+02,-1.627450258265680466e-14,4.168941763621777474e-04,-1.527506260412739286e-06,-7.461639573866819522e-23,-9.760904818891457779e+00,9.000000000000000000e+01,-1.685489255231927452e-06,0.000000000000000000e+00,1.475334617183385971e-19,1.782768557497540162e-05,3.107802988268676124e-26
3.459500000000000000e+03,4.063836236632723367e-22,3.144579991184526246e+00,9.997567758671939373e+02,1.012019204139398738e+02,-1.627450255460756459e-14,4.242816275831500384e-04,-1.278672944825049305e-06,-5.932574020639175869e-23,-9.760904818716436893e+00,9.000000000000000000e+01,-1.687206373093356005e-06,0.000000000000000000e+00,1.475334615653122444e-19,1.782759219186328279e-05,3.105815786529498299e-26
3.469500000000000000e+03,4.063836239766695220e-22,3.153669689610959725e+00,9.997524817483499646e+02,1.012019209176416723e+02,-1.627450252586579932e-14,4.317996645147734115e-04,1.350898653467859476e-05,8.456632832984209686e-22,-9.760905619143974477e+00,9.000000000000000000e+01,-1.635889039307690463e-06,0.000000000000000000e+00,1.475334614237793602e-19,1.828076216192322845e-05,3.117026231571948430e-26
3.479500000000000000e+03,4.063836242931422708e-22,3.162759388088407064e+00,9.997481118431314826e+02,1.012019214101335933e+02,-1.627450249771218665e-14,4.394505977560335028e-04,-8.473655233839238969e-06,-4.993674549013998785e-22,-9.760846097336434823e+00,9.000000000000000000e+01,-1.763569480884736265e-06,0.000000000000000000e+00,1.475334612488739860e-19,-1.541769827800333275e-05,3.114959100132272854e-26
3.489500000000000000e+03,4.063836246127707516e-22,3.171849086617537505e+00,9.997436647033318877e+02,1.012019219345097696e+02,-1.627450246750639651e-14,4.472367759972305018e-04,9.950862112977816191e-06,6.285967216906991795e-22,-9.760847102525952224e+00,9.000000000000000000e+01,-1.739218721688015056e-06,0.000000000000000000e+00,1.475334611017568920e-19,-1.484860107706844620e-05,3.119143294895463645e-26
3.499500000000000000e+03,4.063836249354843879e-22,3.180938785198920815e+00,9.997391392095014453e+02,1.012019224620316749e+02,-1.627450243700179848e-14,4.551605827384372837e-04,1.990057023799929222e-05,1.237772703244330788e-21,-9.760672750236590645e+00,9.000000000000000000e+01,-1.827497841204592103e-06,0.000000000000000000e+00,1.475334609444590435e-19,-1.135587155427866698e-04,3.189610240066091436e-26
3.509500000000000000e+03,4.063836252614146470e-22,3.190028483833430517e+00,9.997345338426530361e+02,1.012019229504227269e+02,-1.627450240878609930e-14,4.632244570749307288e-04,-8.218859113539770273e-07,-3.102833981689332207e-23,-9.760788178619170807e+00,9.000000000000000000e+01,-1.766485082639015246e-06,0.000000000000000000e+00,1.475334607758427935e-19,-4.820855421512055649e-05,3.140826284913617248e-26
3.519500000000000000e+03,4.063836255909057605e-22,3.199118182521487608e+00,9.997298471946269274e+02,1.012019234667379237e+02,-1.627450237876906465e-14,4.714308729668421558e-04,-1.067517122593188616e-05,-6.348277856389126980e-22,-9.760904209440655066e+00,9.000000000000000000e+01,-1.644769224311648906e-06,0.000000000000000000e+00,1.475334606048848053e-19,1.748268156853654325e-05,3.103642388185060269e-26
3.529500000000000000e+03,4.063836259238827320e-22,3.208207881264112604e+00,9.997250777287408710e+02,1.012019239963693309e+02,-1.627450234783624768e-14,4.797823558839751164e-04,-6.413396274191474457e-06,-3.741735160063128076e-22,-9.760962731447214935e+00,9.000000000000000000e+01,-1.586917377321822796e-06,0.000000000000000000e+00,1.475334604431571012e-19,5.061511262081514189e-05,3.088651765766282780e-26
3.539500000000000000e+03,4.063836262604756652e-22,3.217297580061917017e+00,9.997202241411432624e+02,1.012019245483140253e+02,-1.627450231543975609e-14,4.882814659667353806e-04,3.632039655025225782e-07,4.062073427851724585e-23,-9.760846498660164627e+00,9.000000000000000000e+01,-1.634130243457715922e-06,0.000000000000000000e+00,1.475334602730094962e-19,-1.519045475129834824e-05,3.138033084104640575e-26
3.549500000000000000e+03,4.063836266004439599e-22,3.226387278915722856e+00,9.997152849538251758e+02,1.012019251012614802e+02,-1.627450228286426566e-14,4.969308063711662653e-04,4.243052998315042943e-06,2.788860027600050281e-22,-9.760846703535088764e+00,9.000000000000000000e+01,-1.696514100979815618e-06,0.000000000000000000e+00,1.475334601000743002e-19,-1.507445800385312191e-05,3.120100132760888212e-26
3.559500000000000000e+03,4.063836269441426625e-22,3.235476977826323708e+00,9.997102584661915898e+02,1.012019256496996746e+02,-1.627450225046153261e-14,5.057330407775791938e-04,-2.765058118421236593e-06,-1.500728438448271333e-22,-9.760846293624632963e+00,9.000000000000000000e+01,-1.708491739132520240e-06,0.000000000000000000e+00,1.475334599187365366e-19,-1.530652435947841677e-05,3.115455440443215562e-26
3.569500000000000000e+03,4.063836272915580430e-22,3.244566676794410132e+00,9.997051433380693197e+02,1.012019262264281423e+02,-1.627450221621831449e-14,5.146908704705523488e-04,4.111324265405084359e-06,2.692423526250587592e-22,-9.760730064542883611e+00,9.000000000000000000e+01,-1.603209170733339712e-06,0.000000000000000000e+00,1.475334597381682543e-19,-8.110999338424901739e-05,3.204025707506410451e-26
3.579500000000000000e+03,4.063836276431037346e-22,3.253656375820868085e+00,9.996999378753826022e+02,1.012019267962198228e+02,-1.627450218230662622e-14,5.238070410540071392e-04,1.383022578754349636e-06,1.040481055738034498e-22,-9.760846499406914845e+00,9.000000000000000000e+01,-1.712125662800498234e-06,0.000000000000000000e+00,1.475334595521812477e-19,-1.519000681204805555e-05,3.110763335262954444e-26
3.589500000000000000e+03,4.063836279982623785e-22,3.262746074906484495e+00,9.996946404688060284e+02,1.012019273881282402e+02,-1.627450214691533780e-14,5.330843580902621618e-04,4.966706274064114379e-06,3.227617118126357599e-22,-9.760788386386675342e+00,9.000000000000000000e+01,-1.671448124090764106e-06,0.000000000000000000e+00,1.475334593619394767e-19,-4.809087658355417223e-05,3.151009940530883223e-26
3.599500000000000000e+03,4.063836283576476770e-22,3.271835774052105794e+00,9.996892495416104794e+02,1.012019279594675396e+02,-1.627450211268460578e-14,5.425256695152960414e-04,-1.422869157416168669e-06,-6.765939842144833793e-23,-9.760904612809078174e+00,9.000000000000000000e+01,-1.680804654408255915e-06,0.000000000000000000e+00,1.475334591733566055e-19,1.771109913383719705e-05,3.083443069015045645e-26
3.609500000000000000e+03,4.063836287211180534e-22,3.280925473258620162e+00,9.996837635468691587e+02,1.012019285594389260e+02,-1.627450207659043283e-14,5.521338714117974373e-04,5.796446601104727212e-06,3.740164320059472309e-22,-9.760846708606100819e+00,9.000000000000000000e+01,-1.672861969702205674e-06,0.000000000000000000e+00,1.475334589851963555e-19,-1.507154893622929361e-05,3.115092785930850367e-26
3.619500000000000000e+03,4.063836290890397449e-22,3.290015172526152831e+00,9.996781807476654649e+02,1.012019291546997835e+02,-1.627450204068789944e-14,5.619119102987121762e-04,1.843857285856550203e-06,1.317850374626306028e-22,-9.760729859794677665e+00,9.000000000000000000e+01,-1.714944397581398430e-06,0.000000000000000000e+00,1.475334587887257418e-19,-8.122588090672592349e-05,3.165920987685029496e-26
3.629500000000000000e+03,4.063836294613895235e-22,3.299104871856088028e+00,9.996724992580711842e+02,1.012019297654231593e+02,-1.627450200373202533e-14,5.718627889170477046e-04,-9.569943972648456137e-07,-3.906083586279184928e-23,-9.760846291906249306e+00,9.000000000000000000e+01,-1.707634795923584266e-06,0.000000000000000000e+00,1.475334585863739400e-19,-1.530745228902915362e-05,3.102451181577955071e-26
3.639500000000000000e+03,4.063836298379691540e-22,3.308194571249513771e+00,9.996667175320908427e+02,1.012019303895759350e+02,-1.627450196583295756e-14,5.819895647057006993e-04,-4.332287411055620606e-06,-2.455927128404281061e-22,-9.760846081887835979e+00,9.000000000000000000e+01,-1.717195339740563848e-06,0.000000000000000000e+00,1.475334583772419981e-19,-1.542634762040371915e-05,3.098103867667399336e-26
3.649500000000000000e+03,4.063836302192674069e-22,3.317284270707375082e+00,9.996608336949720979e+02,1.012019310114863089e+02,-1.627450192797027838e-14,5.922953425779726696e-04,6.575777389951750608e-06,4.212903651795749722e-22,-9.760788392170299588e+00,9.000000000000000000e+01,-1.645275721283562558e-06,0.000000000000000000e+00,1.475334581865037223e-19,-4.808756503686351872e-05,3.145998582173514736e-26
3.659500000000000000e+03,4.063836306050593396e-22,3.326373970230706689e+00,9.996548458905890584e+02,1.012019316600165695e+02,-1.627450188835638478e-14,6.027832915993072737e-04,7.344512470639234027e-06,4.688693397038855159e-22,-9.760905034644801859e+00,9.000000000000000000e+01,-1.623341725644879257e-06,0.000000000000000000e+00,1.475334579713312937e-19,1.794996254459225958e-05,3.086093923669663406e-26
3.669500000000000000e+03,4.063836309956774289e-22,3.335463669820393662e+00,9.996487523829564452e+02,1.012019323010148213e+02,-1.627450184909712833e-14,6.134566320107641066e-04,-1.599272064716180514e-07,9.363574062764056043e-24,-9.760787971105962413e+00,9.000000000000000000e+01,-1.685714540281124971e-06,0.000000000000000000e+00,1.475334577526958746e-19,-4.832593716989627491e-05,3.131670981111100739e-26
3.679500000000000000e+03,4.063836313914573021e-22,3.344553369477475613e+00,9.996425513094291091e+02,1.012019329489804846e+02,-1.627450180931442796e-14,6.243186396933862693e-04,-1.420859283725029396e-05,-8.492974616607312664e-22,-9.760845442946953554e+00,9.000000000000000000e+01,-1.818819176145251068e-06,0.000000000000000000e+00,1.475334575246939359e-19,-1.578805854767813475e-05,3.072788107167245072e-26
3.689500000000000000e+03,4.063836317921840786e-22,3.353643069202828286e+00,9.996362408129498363e+02,1.012019336247534937e+02,-1.627450176771458334e-14,6.353726467559502695e-04,4.010022602502140798e-06,2.645949806681835081e-22,-9.760788184056929495e+00,9.000000000000000000e+01,-1.666036397578035203e-06,0.000000000000000000e+00,1.475334573183518961e-19,-4.820536019727187434e-05,3.132357187075906628e-26
3.699500000000000000e+03,4.063836321981333414e-22,3.362732768997685362e+00,9.996298188017681241e+02,1.012019342975423939e+02,-1.627450172619053248e-14,6.466220488760564310e-04,-2.777231803257971213e-06,-1.504260728308222108e-22,-9.760846078807494663e+00,9.000000000000000000e+01,-1.694781996344727984e-06,0.000000000000000000e+00,1.475334570878226077e-19,-1.542804981840815258e-05,3.096139212805111970e-26
3.709500000000000000e+03,4.063836326092006596e-22,3.371822468862929245e+00,9.996232834765687585e+02,1.012019349921931024e+02,-1.627450168320903585e-14,6.580702955631446711e-04,-2.508285912255434978e-06,-1.345635923135520107e-22,-9.760846078437046103e+00,9.000000000000000000e+01,-1.620842369442872941e-06,0.000000000000000000e+00,1.475334568545809118e-19,-1.542825126379920107e-05,3.108090237528907934e-26
3.719500000000000000e+03,4.063836330259024984e-22,3.380912168799738993e+00,9.996166326655074954e+02,1.012019356881105949e+02,-1.627450164005216282e-14,6.697209062060777932e-04,-2.253911773586865047e-06,-1.187037622422475445e-22,-9.760846078107901391e+00,9.000000000000000000e+01,-1.643036839787749424e-06,0.000000000000000000e+00,1.475334566224536793e-19,-1.542843018260072843e-05,3.100133069263136614e-26
3.729500000000000000e+03,4.063836334477743494e-22,3.390001868809144892e+00,9.996098644807934761e+02,1.012019363952794890e+02,-1.627450159607551816e-14,6.815774545357576077e-04,1.841003336392173991e-06,1.311439628946741493e-22,-9.760904613871128177e+00,9.000000000000000000e+01,-1.519175913605454253e-06,0.000000000000000000e+00,1.475334563898986256e-19,1.771179174369356984e-05,3.097887285808651196e-26
3.739500000000000000e+03,4.063836338756549043e-22,3.399091568892246507e+00,9.996029767207801342e+02,1.012019371045145419e+02,-1.627450155188136562e-14,6.936435790865981988e-04,-8.984325459285709111e-06,-5.317198194323011334e-22,-9.760845646178752943e+00,9.000000000000000000e+01,-1.547021135508480740e-06,0.000000000000000000e+00,1.475334561417800597e-19,-1.567295304164977753e-05,3.120509278387923760e-26
3.749500000000000000e+03,4.063836343090986038e-22,3.408181269050179818e+00,9.995959674669429660e+02,1.012019378184813263e+02,-1.627450150727429803e-14,7.059229814124642031e-04,-8.911042294037367073e-06,-5.263367343802647963e-22,-9.760787323837609719e+00,9.000000000000000000e+01,-1.660643398171270820e-06,0.000000000000000000e+00,1.475334559047854004e-19,-4.869233140533707927e-05,3.120659840986468405e-26
3.759500000000000000e+03,4.063836347486742461e-22,3.417270969284186499e+00,9.995888342736288905e+02,1.012019385719684408e+02,-1.627450146014564918e-14,7.184194360412876927e-04,-1.051235942510051827e-06,-4.534512078747936688e-23,-9.760904398217986611e+00,9.000000000000000000e+01,-1.562057983820441819e-06,0.000000000000000000e+00,1.475334556565730177e-19,1.758972202536319764e-05,3.079966833319794030e-26
3.769500000000000000e+03,4.063836351941631422e-22,3.426360669595375885e+00,9.995815751943737268e+02,1.012019393196465984e+02,-1.627450141325436858e-14,7.311367742131603389e-04,-9.529733037808573934e-07,-3.939736316496347302e-23,-9.760846077083426664e+00,9.000000000000000000e+01,-1.582967866296131223e-06,0.000000000000000000e+00,1.475334554048904703e-19,-1.542897184020067261e-05,3.103893832726162755e-26
3.779500000000000000e+03,4.063836356459760569e-22,3.435450369984924812e+00,9.995741879278793931e+02,1.012019400884792333e+02,-1.627450136496206470e-14,7.440788991847971639e-04,-4.172968263055844323e-06,-2.371163383080159133e-22,-9.760904180058668445e+00,9.000000000000000000e+01,-1.491793856797361034e-06,0.000000000000000000e+00,1.475334551399514583e-19,1.746622739291580186e-05,3.093298251191084685e-26
3.789500000000000000e+03,4.063836361040272730e-22,3.444540070454094050e+00,9.995666702082380652e+02,1.012019408663166473e+02,-1.627450131600118858e-14,7.572497876427807363e-04,-3.088386604093597616e-07,5.377611976345389844e-25,-9.760904398041194696e+00,9.000000000000000000e+01,-1.586235949842428705e-06,0.000000000000000000e+00,1.475334548798662712e-19,1.758964741679882847e-05,3.066381230196670523e-26
3.799500000000000000e+03,4.063836365686274503e-22,3.453629771004149251e+00,9.995590196410194039e+02,1.012019416622124481e+02,-1.627450126582615140e-14,7.706534785744692745e-04,3.335717532529024335e-06,2.228956050605711845e-22,-9.760787975009581174e+00,9.000000000000000000e+01,-1.569108993660434606e-06,0.000000000000000000e+00,1.475334546116954283e-19,-4.832362469381474809e-05,3.131651341602856859e-26
3.809500000000000000e+03,4.063836370396700419e-22,3.462719471636307222e+00,9.995512340143322945e+02,1.012019424427726904e+02,-1.627450121646601384e-14,7.842940882154790256e-04,1.109611496841326360e-05,6.981937936966562188e-22,-9.760905057316943356e+00,9.000000000000000000e+01,-1.507795812621865375e-06,0.000000000000000000e+00,1.475334543585326834e-19,1.796291411930084543e-05,3.081152445007104198e-26
3.819500000000000000e+03,4.063836375176309350e-22,3.471809172351916661e+00,9.995433108024299145e+02,1.012019432592092443e+02,-1.627450116480484476e-14,7.981758049900127255e-04,3.402841737734767356e-07,3.990745682026736594e-23,-9.760846077082582894e+00,9.000000000000000000e+01,-1.565877346548567863e-06,0.000000000000000000e+00,1.475334540675446503e-19,-1.542892892654527904e-05,3.095713632413800216e-26
3.829500000000000000e+03,4.063836380025041111e-22,3.480898873152290740e+00,9.995352476928383112e+02,1.012019440939211847e+02,-1.627450111191068923e-14,8.123028883431805810e-04,4.135796599593656078e-06,2.721721177999772226e-22,-9.760787976931560195e+00,9.000000000000000000e+01,-1.579107309023770910e-06,0.000000000000000000e+00,1.475334537847382806e-19,-4.832251027302574697e-05,3.121307139918733500e-26
3.839500000000000000e+03,4.063836384944566783e-22,3.489988574038062730e+00,9.995270422128960490e+02,1.012019449002552847e+02,-1.627450106063921112e-14,8.266796769086607200e-04,-2.585001427823752261e-06,-1.399542487190094982e-22,-9.760962498255306485e+00,9.000000000000000000e+01,-1.417265827279435310e-06,0.000000000000000000e+00,1.475334535082473000e-19,5.048331633878359582e-05,3.065312371429554841e-26
3.849500000000000000e+03,4.063836389937630442e-22,3.499078275011045847e+00,9.995186917455866933e+02,1.012019457540177996e+02,-1.627450100635716528e-14,8.413105786789352352e-04,4.924056803698979322e-06,3.194691343078223522e-22,-9.760962941981354390e+00,9.000000000000000000e+01,-1.375121645750547245e-06,0.000000000000000000e+00,1.475334532237500360e-19,5.073454235743796474e-05,3.073217972584016868e-26
3.859500000000000000e+03,4.063836395004351047e-22,3.508167976072948058e+00,9.995101938638836145e+02,1.012019466191066357e+02,-1.627450095126587120e-14,8.562000865207423884e-04,-9.310786355015722223e-06,-5.509362003097204227e-22,-9.761020373576881681e+00,9.000000000000000000e+01,-1.454151814031178115e-06,0.000000000000000000e+00,1.475334529115299975e-19,8.324963918488495441e-05,3.018860238839649761e-26
3.869500000000000000e+03,4.063836400145662881e-22,3.517257677225178458e+00,9.995015457645058632e+02,1.012019475032689684e+02,-1.627450089488815641e-14,8.713527703672678494e-04,5.203064983327731370e-06,3.378739633750605558e-22,-9.760787980093017069e+00,9.000000000000000000e+01,-1.588294761054396088e-06,0.000000000000000000e+00,1.475334526228562823e-19,-4.832068505434814653e-05,3.108039615181185886e-26
3.879500000000000000e+03,4.063836405362337539e-22,3.526347378469141702e+00,9.994927449431270361e+02,1.012019483868121199e+02,-1.627450083842163165e-14,8.867732830859071345e-04,-1.745327023733138700e-06,-8.726693107916831218e-23,-9.760845854677505429e+00,9.000000000000000000e+01,-1.580424236772958831e-06,0.000000000000000000e+00,1.475334523133392624e-19,-1.555478986254091989e-05,3.075736348143400688e-26
3.889500000000000000e+03,4.063836410658446463e-22,3.535437079806341032e+00,9.994837887613102794e+02,1.012019492906007514e+02,-1.627450078060352626e-14,9.024663574552501755e-04,2.210986437729691693e-06,1.534850213255595980e-22,-9.760904400033393102e+00,9.000000000000000000e+01,-1.396862543553409495e-06,0.000000000000000000e+00,1.475334520072640478e-19,1.759086501230814649e-05,3.088265429909447804e-26
3.899500000000000000e+03,4.063836416036322303e-22,3.544526781238328983e+00,9.994746743692085147e+02,1.012019502050094957e+02,-1.627450072202672285e-14,9.184368075254095102e-04,2.458865925591993268e-06,1.687801499455904807e-22,-9.760904400451140717e+00,9.000000000000000000e+01,-1.401551215487073181e-06,0.000000000000000000e+00,1.475334516940107961e-19,1.759111093341440978e-05,3.084148291810324192e-26
3.909500000000000000e+03,4.063836421499264438e-22,3.553616482766673190e+00,9.994653989672660828e+02,1.012019511445439264e+02,-1.627450066181089683e-14,9.346895357014650078e-04,-9.394204528849401357e-07,-3.826082685513894924e-23,-9.760904175415447526e+00,9.000000000000000000e+01,-1.495150944985864428e-06,0.000000000000000000e+00,1.475334513657945853e-19,1.746371698691007821e-05,3.057216388029094338e-26
3.919500000000000000e+03,4.063836427043797636e-22,3.562706184392887998e+00,9.994559597223997116e+02,1.012019520951902507e+02,-1.627450060078534611e-14,9.512295293582952041e-04,2.926251533384394236e-06,1.976700000331410118e-22,-9.760787758932657709e+00,9.000000000000000000e+01,-1.480159209661505392e-06,0.000000000000000000e+00,1.475334510420795136e-19,-4.844584654128753013e-05,3.121452371920814820e-26
3.929500000000000000e+03,4.063836432678022933e-22,3.571795886118721342e+00,9.994463536515831947e+02,1.012019530571496375e+02,-1.627450053897044855e-14,9.680618656404810490e-04,3.185221773159875890e-06,2.143792555035503481e-22,-9.760846080702243910e+00,9.000000000000000000e+01,-1.522089810582423764e-06,0.000000000000000000e+00,1.475334507112250918e-19,-1.542677525623998674e-05,3.075895462512004882e-26
3.939500000000000000e+03,4.063836438400912008e-22,3.580885587945728421e+00,9.994365779524669051e+02,1.012019540294380562e+02,-1.627450047641084736e-14,9.851917151787350883e-04,-1.847674004566396155e-07,7.062396111219728256e-24,-9.761020817769624713e+00,9.000000000000000000e+01,-1.323808001408312068e-06,0.000000000000000000e+00,1.475334503736104633e-19,8.350119875114765948e-05,3.028717148123978874e-26
3.949500000000000000e+03,4.063836444213291468e-22,3.589975289875108722e+00,9.994266295814886689e+02,1.012019550268708770e+02,-1.627450041219614972e-14,1.002624326081288843e-03,-7.198187571617703734e-06,-4.217232221832367057e-22,-9.760903719743472706e+00,9.000000000000000000e+01,-1.446541789900371577e-06,0.000000000000000000e+00,1.475334500211752020e-19,1.720577832172764037e-05,3.057725499897334619e-26
3.959500000000000000e+03,4.063836450116269098e-22,3.599064991909099120e+00,9.994165055053308606e+02,1.012019560496186870e+02,-1.627450034630840117e-14,1.020365056215184491e-03,-3.321246987876923834e-06,-1.841005203309490498e-22,-9.760903947040453943e+00,9.000000000000000000e+01,-1.461269335630669529e-06,0.000000000000000000e+00,1.475334496697779929e-19,1.733447495164163518e-05,3.050659740375065674e-26
3.969500000000000000e+03,4.063836456113409939e-22,3.608154694049368949e+00,9.994062024755403399e+02,1.012019570680810432e+02,-1.627450028056907206e-14,1.038419348206427294e-03,-3.068169926618756801e-06,-1.688010014113313680e-22,-9.760903946584242874e+00,9.000000000000000000e+01,-1.435097009156780381e-06,0.000000000000000000e+00,1.475334493198904239e-19,1.733422669594068255e-05,3.054144472127190136e-26
3.979500000000000000e+03,4.063836462208245645e-22,3.617244396297714548e+00,9.993957174764946103e+02,1.012019581222047862e+02,-1.627450021254216308e-14,1.056792743328025192e-03,1.545922947218970946e-05,9.657392696413967479e-22,-9.760730130118115966e+00,9.000000000000000000e+01,-1.532245296235899425e-06,0.000000000000000000e+00,1.475334489738030278e-19,-8.107252541000700469e-05,3.120473650690957671e-26
3.989500000000000000e+03,4.063836468400869785e-22,3.626334098655955795e+00,9.993850472671911120e+02,1.012019591941351564e+02,-1.627450014330649831e-14,1.075490881299872832e-03,-6.193991201903572463e-06,-3.605180768002837159e-22,-9.760903715685770976e+00,9.000000000000000000e+01,-1.390185999499393660e-06,0.000000000000000000e+00,1.475334485769706757e-19,1.720352710188493054e-05,3.059237173433878663e-26
3.999500000000000000e+03,4.063836474693423171e-22,3.635423801125867271e+00,9.993741885507479310e+02,1.012019603004401773e+02,-1.627450007185180884e-14,1.094519498916225134e-03,1.952107420901286823e-05,1.214661569227301073e-21,-9.760847008292225624e+00,9.000000000000000000e+01,-1.483472278973217444e-06,0.000000000000000000e+00,1.475334482167206888e-19,-1.490153763257628278e-05,3.068332172945709181e-26
4.009500000000000000e+03,4.063836481087878751e-22,3.644513503709428281e+00,9.993631379846483469e+02,1.012019613682181500e+02,-1.627450000263854457e-14,1.113884438756821771e-03,5.265951406408056613e-06,3.412679879653207758e-22,-9.760846086456925974e+00,9.000000000000000000e+01,-1.413915252866919567e-06,0.000000000000000000e+00,1.475334478370888171e-19,-1.542342807866530711e-05,3.077671459749411137e-26
4.019500000000000000e+03,4.063836487585522047e-22,3.653603206408495563e+00,9.993518922273069620e+02,1.012019624744435902e+02,-1.627449993094968331e-14,1.133591642517425531e-03,5.517832602607629487e-06,3.571282390151009715e-22,-9.760846087362304857e+00,9.000000000000000000e+01,-1.448470427370336105e-06,0.000000000000000000e+00,1.475334474557446492e-19,-1.542290471034363418e-05,3.065498286817081083e-26
4.029500000000000000e+03,4.063836494189751647e-22,3.662692909224952498e+00,9.993404478263109922e+02,1.012019636390823791e+02,-1.627449985556918652e-14,1.153647155789048594e-03,2.245425660256967393e-06,1.560664625151764221e-22,-9.760787534729811199e+00,9.000000000000000000e+01,-1.407673274360141385e-06,0.000000000000000000e+00,1.475334470419763433e-19,-4.857265463622135868e-05,3.104177358369800987e-26
4.039500000000000000e+03,4.063836500906534831e-22,3.671782612160856551e+00,9.993288011886179447e+02,1.012019647817438965e+02,-1.627449978143863668e-14,1.174057134679028181e-03,-1.327129858867396957e-06,-6.170892655185452660e-23,-9.760903944489422557e+00,9.000000000000000000e+01,-1.427803819161122498e-06,0.000000000000000000e+00,1.475334466438495496e-19,1.733312416607001225e-05,3.032044414071907870e-26
4.049500000000000000e+03,4.063836507734191112e-22,3.680872315218219448e+00,9.993169488059356809e+02,1.012019659424866234e+02,-1.627449970608474344e-14,1.194827842223348440e-03,2.588912332180732004e-06,1.758961033164056256e-22,-9.760904177905896262e+00,9.000000000000000000e+01,-1.210223930846137272e-06,0.000000000000000000e+00,1.475334462477104361e-19,1.746528452654556659e-05,3.084308120854733687e-26
4.059500000000000000e+03,4.063836514673335510e-22,3.689962018399087107e+00,9.993048870638012886e+02,1.012019671531386820e+02,-1.627449962754927635e-14,1.215965656033471962e-03,-8.166839136992071009e-07,-3.110992649181233240e-23,-9.760903944247660391e+00,9.000000000000000000e+01,-1.348435010862446645e-06,0.000000000000000000e+00,1.475334458198879453e-19,1.733301261222012471e-05,3.045156083293462762e-26
4.069500000000000000e+03,4.063836521730273375e-22,3.699051721705560514e+00,9.992926122890785336e+02,1.012019683615378938e+02,-1.627449954904739580e-14,1.237477056705976568e-03,-7.823504533580891770e-06,-4.604066364505819959e-22,-9.760903474772275601e+00,9.000000000000000000e+01,-1.315825597935399620e-06,0.000000000000000000e+00,1.475334453933402997e-19,1.706723044563617008e-05,3.049945391606642274e-26
4.079500000000000000e+03,4.063836528904830735e-22,3.708141425139843239e+00,9.992801206158474088e+02,1.012019696081347178e+02,-1.627449946808759506e-14,1.259368647168462776e-03,-1.136105646072968202e-05,-6.756158157332190195e-22,-9.760961559396150733e+00,9.000000000000000000e+01,-1.409246961927654586e-06,0.000000000000000000e+00,1.475334449536178970e-19,4.995204535354696659e-05,2.990584464536388085e-26
4.089500000000000000e+03,4.063836536198850294e-22,3.717231128704070020e+00,9.992674082815647125e+02,1.012019708518024856e+02,-1.627449938718543796e-14,1.281647146015979380e-03,-1.475592045632056398e-05,-8.831704010319851364e-22,-9.760961321806684410e+00,9.000000000000000000e+01,-1.431494356702430488e-06,0.000000000000000000e+00,1.475334445196939157e-19,4.981754563876560266e-05,2.981124021818912179e-26
4.099500000000604814e+03,4.063836543619664787e-22,3.726320832400458194e+00,9.992544712964445353e+02,1.012019721330931077e+02,-1.627449930388450316e-14,1.304319392601603969e-03,-1.418592221269356042e-05,-8.497298019619422707e-22,-9.760844677462793939e+00,9.000000000000000000e+01,-1.348570349825252349e-06,0.000000000000000000e+00,1.475334440737918057e-19,-1.622101850634043461e-05,3.062052378562167443e-26
4.109500000002332854e+03,4.063836551164647688e-22,3.735410536231279277e+00,9.992413057284429669e+02,1.012019734345260247e+02,-1.627449921922660454e-14,1.327392342495004301e-03,8.359613109888163583e-06,5.296244468115956962e-22,-9.760671134312833175e+00,9.000000000000000000e+01,-1.326461398234651072e-06,0.000000000000000000e+00,1.475334436452071281e-19,-1.144730299692196378e-04,3.158234392760089960e-26
4.119500000004059984e+03,4.063836558839102358e-22,3.744500240198913144e+00,9.992279075197875500e+02,1.012019747560838567e+02,-1.627449913322470466e-14,1.350873077296537057e-03,-6.567243096392450736e-06,-3.838881645995204334e-22,-9.760903469241531738e+00,9.000000000000000000e+01,-1.225032822442968345e-06,0.000000000000000000e+00,1.475334431687872137e-19,1.706416733531998598e-05,3.050136519559055238e-26
4.129500000005788024e+03,4.063836566645354395e-22,3.753589944305673498e+00,9.992142727021127939e+02,1.012019760981292791e+02,-1.627449904585969416e-14,1.374768801952078699e-03,9.412368275338334696e-07,7.598426204800282381e-23,-9.760903944652946862e+00,9.000000000000000000e+01,-1.234467518072311956e-06,0.000000000000000000e+00,1.475334427103111404e-19,1.733333660426307989e-05,3.047045631263814984e-26
4.139500000007516064e+03,4.063836574583828388e-22,3.762679648553878931e+00,9.992003969419747591e+02,1.012019774553155145e+02,-1.627449895744437848e-14,1.399086852602677818e-03,-5.863630866290510293e-06,-3.416647797363282784e-22,-9.760845146464182776e+00,9.000000000000000000e+01,-1.165305440524139461e-06,0.000000000000000000e+00,1.475334422322547152e-19,-1.595543700519569768e-05,3.092694758666097082e-26
4.149500000009243195e+03,4.063836582662170692e-22,3.771769352946074072e+00,9.991862761182710528e+02,1.012019788720893843e+02,-1.627449886528485757e-14,1.423834685067202743e-03,1.621784524206631418e-06,1.187612779102274468e-22,-9.760845624359932415e+00,9.000000000000000000e+01,-1.362843814124787234e-06,0.000000000000000000e+00,1.475334417420567942e-19,-1.568485804807863836e-05,3.041008749540105480e-26
4.159500000010971235e+03,4.063836590880816710e-22,3.780859057484814212e+00,9.991719056572765112e+02,1.012019803038016619e+02,-1.627449877209961237e-14,1.449019894851686849e-03,-6.020152255901469742e-06,-3.481740315695563676e-22,-9.761020107365682819e+00,9.000000000000000000e+01,-1.342006219295898076e-06,0.000000000000000000e+00,1.475334412318078963e-19,8.309928518288613424e-05,2.943424872226146003e-26
4.169500000012698365e+03,4.063836599238919147e-22,3.789948762170937790e+00,9.991572813708335161e+02,1.012019816706816897e+02,-1.627449868275796572e-14,1.474650212177857408e-03,-8.297114070609358196e-06,-4.897015653258831781e-22,-9.760728261867024358e+00,9.000000000000000000e+01,-1.295644444148327116e-06,0.000000000000000000e+00,1.475334407678434041e-19,-8.212999321758737074e-05,3.109869536692243734e-26
4.179500000014426405e+03,4.063836607746905106e-22,3.799038467008343467e+00,9.991423985715955496e+02,1.012019831881796819e+02,-1.627449858410282213e-14,1.500733505521556444e-03,2.186768189391848964e-06,1.524769691728003745e-22,-9.760903946128291153e+00,9.000000000000000000e+01,-1.207925153144562674e-06,0.000000000000000000e+00,1.475334402403347553e-19,1.733424758434168019e-05,3.032358506411558257e-26
4.189500000016154445e+03,4.063836616402410905e-22,3.808128171999887179e+00,9.991272529056295753e+02,1.012019846794833171e+02,-1.627449848693665979e-14,1.527277776865237566e-03,9.934664460018746720e-06,6.267645381486169086e-22,-9.760846109021672490e+00,9.000000000000000000e+01,-1.217758206886650184e-06,0.000000000000000000e+00,1.475334397293126928e-19,-1.541040472659792847e-05,3.056839655192119331e-26
4.199500000017882485e+03,4.063836625208139709e-22,3.817217877148348926e+00,9.991118396269157529e+02,1.012019861762749287e+02,-1.627449838931522690e-14,1.554291170636613525e-03,-9.328510045953357647e-07,-3.918971437170101451e-23,-9.760903704806477066e+00,9.000000000000000000e+01,-1.125971698889542496e-06,0.000000000000000000e+00,1.475334391999582568e-19,1.719765276441301651e-05,3.044551248906914534e-26
4.209500000019609615e+03,4.063836634167976293e-22,3.826307582456487388e+00,9.990961540741845965e+02,1.012019877226978224e+02,-1.627449828854199177e-14,1.581781976612569663e-03,2.927599825220455396e-06,1.983742995956487188e-22,-9.760903947494059096e+00,9.000000000000000000e+01,-1.228518913929352128e-06,0.000000000000000000e+00,1.475334386648741792e-19,1.733506744500273064e-05,3.013372736501253248e-26
4.219500000021337655e+03,4.063836643285456543e-22,3.835397287927092336e+00,9.990801912751048803e+02,1.012019892871703348e+02,-1.627449818655173675e-14,1.609758629061710904e-03,3.186792305674393723e-06,2.136758874300542055e-22,-9.760903948028575527e+00,9.000000000000000000e+01,-1.163380848719729756e-06,0.000000000000000000e+00,1.475334381213311525e-19,1.733538622135163553e-05,3.025432133309601617e-26
4.229500000023064786e+03,4.063836652566201204e-22,3.844486993562997057e+00,9.990639464948326349e+02,1.012019909134083946e+02,-1.627449808068266212e-14,1.638229714019908247e-03,7.343607004833573464e-06,4.679468187383944538e-22,-9.760845871905186044e+00,9.000000000000000000e+01,-1.160117370616611217e-06,0.000000000000000000e+00,1.475334375538186277e-19,-1.554458226982185506e-05,3.052914174632878539e-26
4.239500000024792826e+03,4.063836662008554239e-22,3.853576699367073921e+00,9.990474146557971835e+02,1.012019925026850444e+02,-1.627449797695182653e-14,1.667203967291801692e-03,-7.211101674942422637e-06,-4.225046555436005747e-22,-9.760903215722716908e+00,9.000000000000000000e+01,-1.190767587304314106e-06,0.000000000000000000e+00,1.475334369916410491e-19,1.692082279748050597e-05,3.009127812540953635e-26
4.249500000026519956e+03,4.063836671621229823e-22,3.862666405342332965e+00,9.990305907363072038e+02,1.012019941980049964e+02,-1.627449786663456404e-14,1.696690279990238507e-03,-3.046241000444467218e-06,-1.670996792292674907e-22,-9.760845139715723207e+00,9.000000000000000000e+01,-1.259924957631557934e-06,0.000000000000000000e+00,1.475334363977015395e-19,-1.595907804779338093e-05,3.022845051210200140e-26
4.259500000028247996e+03,4.063836681404171061e-22,3.871756111491799324e+00,9.990134695190936327e+02,1.012019958551803427e+02,-1.627449775853878752e-14,1.726697699898361834e-03,-6.695489216283431992e-06,-3.918906250269732342e-22,-9.760903213602999173e+00,9.000000000000000000e+01,-1.076473464270611856e-06,0.000000000000000000e+00,1.475334358220215550e-19,1.691965945664226302e-05,3.028536785521967628e-26
4.269500000029976036e+03,4.063836691358723190e-22,3.880845817818434185e+00,9.989960457971319556e+02,1.012019975883920893e+02,-1.627449764566354257e-14,1.757235434621846112e-03,-3.464133657635062120e-06,-1.922958716308223843e-22,-9.761020099662895078e+00,9.000000000000000000e+01,-1.165054431148678475e-06,0.000000000000000000e+00,1.475334352180909227e-19,8.309510571015462223e-05,2.937068637182051902e-26
4.279500000031704076e+03,4.063836701492464856e-22,3.889935524325382143e+00,9.989783141911029816e+02,1.012019993216613898e+02,-1.627449753268399444e-14,1.788312855404498554e-03,4.048900800969185093e-06,2.663759160239612922e-22,-9.761020592785996541e+00,9.000000000000000000e+01,-1.021961886696133749e-06,0.000000000000000000e+00,1.475334346250577076e-19,8.337430594830590657e-05,2.968469609839512007e-26
4.289500000033431206e+03,4.063836711810882797e-22,3.899025231015933457e+00,9.989602693421766162e+02,1.012020010836558868e+02,-1.627449741785711709e-14,1.819939496886548852e-03,-5.968261473087117760e-06,-3.459714265852797027e-22,-9.760903210757492232e+00,9.000000000000000000e+01,-1.175290881002125263e-06,0.000000000000000000e+00,1.475334340034995199e-19,1.691810366999766540e-05,2.987746505690527219e-26
4.299500000035159246e+03,4.063836722311094702e-22,3.908114937893150120e+00,9.989419056931510568e+02,1.012020029092494156e+02,-1.627449729901079779e-14,1.852125061769217818e-03,2.554163953807690850e-06,1.758570027301743462e-22,-9.760728744989334515e+00,9.000000000000000000e+01,-1.259860761315867335e-06,0.000000000000000000e+00,1.475334333736472909e-19,-8.185624309049744903e-05,3.055479083150326109e-26
4.309500000036886377e+03,4.063836733000626554e-22,3.917204644960431192e+00,9.989232174744829535e+02,1.012020047352831540e+02,-1.627449718003192145e-14,1.884879425524185227e-03,-7.804253871176659553e-07,-2.938101828612889733e-23,-9.760728496940139109e+00,9.000000000000000000e+01,-1.146874813144869727e-06,0.000000000000000000e+00,1.475334327371136498e-19,-8.199665838926414744e-05,3.079280136052638625e-26
4.319500000038614417e+03,4.063836743882888229e-22,3.926294352221140649e+00,9.989041990824043751e+02,1.012020066130819202e+02,-1.627449705777709511e-14,1.918212640840549765e-03,9.696096098461963553e-06,6.107167521420307412e-22,-9.760845883644634569e+00,9.000000000000000000e+01,-9.210427085422341469e-07,0.000000000000000000e+00,1.475334320940421988e-19,-1.553777067364975510e-05,3.062445939911302013e-26
4.329500000040342456e+03,4.063836754961819512e-22,3.935384059678777025e+00,9.988848445499315858e+02,1.012020085076104010e+02,-1.627449693439463627e-14,1.952134938074424246e-03,2.303140781368071434e-06,1.597242623443169995e-22,-9.760903706830124094e+00,9.000000000000000000e+01,-1.050795599549721613e-06,0.000000000000000000e+00,1.475334314290828428e-19,1.719903531818944611e-05,2.997526474559751736e-26
4.339500000042069587e+03,4.063836766240358199e-22,3.944473767336691861e+00,9.988651481382548809e+02,1.012020104394507740e+02,-1.627449680861830644e-14,1.986656721327069962e-03,-5.079965245149401884e-06,-2.923883503303694377e-22,-9.760961526785989051e+00,9.000000000000000000e+01,-1.002683679660909879e-06,0.000000000000000000e+00,1.475334307505758216e-19,4.993401356230087949e-05,2.972749502348618688e-26
4.349500000043797627e+03,4.063836777721754298e-22,3.953563475198442756e+00,9.988451036661863327e+02,1.012020124524334506e+02,-1.627449667776212259e-14,2.021788586927066034e-03,6.811598604611034057e-06,4.360699104445147731e-22,-9.760845638590215145e+00,9.000000000000000000e+01,-1.085011014479845566e-06,0.000000000000000000e+00,1.475334300557676570e-19,-1.567644456239910417e-05,3.008857077912787352e-26
4.359500000045525667e+03,4.063836789414122950e-22,3.962653183267769386e+00,9.988247049795463681e+02,1.012020144372021662e+02,-1.627449654854364238e-14,2.057541312909931010e-03,1.942886338724121379e-07,3.155501338896748606e-23,-9.760786817017267580e+00,9.000000000000000000e+01,-1.170162707300358270e-06,0.000000000000000000e+00,1.475334293635795276e-19,-4.897845158942899595e-05,3.013072750302669032e-26
4.369500000047252797e+03,4.063836801317703017e-22,3.971742891548247112e+00,9.988039459073916078e+02,1.012020164880434265e+02,-1.627449641516916524e-14,2.093925866347961205e-03,-2.769461243882886615e-06,-1.495911181118030945e-22,-9.760728245287774385e+00,9.000000000000000000e+01,-1.221676268587651533e-06,0.000000000000000000e+00,1.475334286464813962e-19,-8.213900574734591190e-05,3.025723008321945446e-26
4.379500000048980837e+03,4.063836813437601786e-22,3.980832600043624492e+00,9.987828199611976743e+02,1.012020185660532121e+02,-1.627449628002413398e-14,2.130953416260068182e-03,3.553942358189098090e-06,2.362309327143801739e-22,-9.760903709390158056e+00,9.000000000000000000e+01,-9.770430401520116914e-07,0.000000000000000000e+00,1.475334279322224707e-19,1.720059297167637712e-05,2.987131419991992993e-26
4.389500000050707968e+03,4.063836825778956638e-22,3.989922308757809954e+00,9.987613207679241896e+02,1.012020206644452145e+02,-1.627449614353358369e-14,2.168635319657517390e-03,-7.089575641027123586e-06,-4.151344867160270176e-22,-9.760902950619524177e+00,9.000000000000000000e+01,-9.983717126237187744e-07,0.000000000000000000e+00,1.475334271959534400e-19,1.677103387875226382e-05,2.975884901395926536e-26
4.399500000052436008e+03,4.063836838341501911e-22,3.999012017694653309e+00,9.987394416276365519e+02,1.012020228133587949e+02,-1.627449600382591032e-14,2.206983140172705943e-03,4.907669472669438774e-06,3.195223631118285038e-22,-9.760787071396009651e+00,9.000000000000000000e+01,-1.053502175250334770e-06,0.000000000000000000e+00,1.475334264645481047e-19,-4.883434730498533544e-05,3.018513831494967189e-26
4.409500000054164047e+03,4.063836851135648723e-22,4.008101726858705582e+00,9.987171759111806750e+02,1.012020250105065031e+02,-1.627449586107186440e-14,2.246008646154242817e-03,-7.464174746945463382e-06,-4.383397811944182480e-22,-9.761019587708849699e+00,9.000000000000000000e+01,-8.784655644656677509e-07,0.000000000000000000e+00,1.475334256879883066e-19,8.280555073061987169e-05,2.930646902458647128e-26
4.419500000055891178e+03,4.063836864164455711e-22,4.017191436253432002e+00,9.986945168096572161e+02,1.012020272295286247e+02,-1.627449571688307928e-14,2.285723806226791412e-03,-6.785127017850928996e-06,-3.966863694664678816e-22,-9.760961267082340242e+00,9.000000000000000000e+01,-9.040326441058930797e-07,0.000000000000000000e+00,1.475334249220806586e-19,4.978715897789538552e-05,2.949340691102606713e-26
4.429500000057619218e+03,4.063836877430482161e-22,4.026281145882919965e+00,9.986714572515338659e+02,1.012020295264140657e+02,-1.627449556781776115e-14,2.326140808805286612e-03,4.335602918593759338e-06,2.846911089439436176e-22,-9.760962032382858311e+00,9.000000000000000000e+01,-9.300209309636940517e-07,0.000000000000000000e+00,1.475334241332058866e-19,5.022046214590280151e-05,2.935659870539874312e-26
4.439500000059347258e+03,4.063836890937279006e-22,4.035370855751470032e+00,9.986479901960119605e+02,1.012020318538550896e+02,-1.627449541676992197e-14,2.367272057164050529e-03,6.899405571140745058e-06,4.424795241906131183e-22,-9.760670436310940445e+00,9.000000000000000000e+01,-1.156796031862727393e-06,0.000000000000000000e+00,1.475334233266241148e-19,-1.148675849007793094e-04,3.029329633593903241e-26
4.449500000061074388e+03,4.063836904691923663e-22,4.044460565863210455e+00,9.986241084542125463e+02,1.012020341856952967e+02,-1.627449526534875279e-14,2.409130172405532337e-03,-1.600211862903431012e-05,-9.607269435835162518e-22,-9.760843855819070214e+00,9.000000000000000000e+01,-9.579429696233873281e-07,0.000000000000000000e+00,1.475334224983220180e-19,-1.668553695612956763e-05,2.979347375479859753e-26
4.459500000062802428e+03,4.063836918701891806e-22,4.053550276222533277e+00,9.985998048279434443e+02,1.012020365967432696e+02,-1.627449510899429363e-14,2.451727990830865605e-03,-8.973491579822694074e-06,-5.301788966612183176e-22,-9.760902686890956304e+00,9.000000000000000000e+01,-9.253827916828094632e-07,0.000000000000000000e+00,1.475334216684935736e-19,1.662189376791416961e-05,2.948803603615714787e-26
4.469500000064530468e+03,4.063836932968344352e-22,4.062639986833818107e+00,9.985750716887414455e+02,1.012020390248952992e+02,-1.627449495148919565e-14,2.495078586057875806e-03,1.816545654453311141e-05,1.131479090442400818e-21,-9.760729532313803247e+00,9.000000000000000000e+01,-9.958027913297193500e-07,0.000000000000000000e+00,1.475334208604647303e-19,-8.141011550670509327e-05,3.017915981045108174e-26
4.479500000066257599e+03,4.063836947495540823e-22,4.071729697701669259e+00,9.985499015403911471e+02,1.012020415001249205e+02,-1.627449479099041470e-14,2.539195259625265464e-03,9.702531935723091036e-06,6.114442609727204430e-22,-9.760903975805655719e+00,9.000000000000000000e+01,-7.057200471624648971e-07,0.000000000000000000e+00,1.475334199965509610e-19,1.735166594238684052e-05,2.990524084450420414e-26
4.489500000067985638e+03,4.063836962288827838e-22,4.080819408830598682e+00,9.985242866575717926e+02,1.012020440343679724e+02,-1.627449462677464424e-14,2.584091543580891836e-03,1.408451455898604807e-05,8.803829994240646877e-22,-9.760845917280454032e+00,9.000000000000000000e+01,-7.813981652532077509e-07,0.000000000000000000e+00,1.475334191237994363e-19,-1.551833147142939876e-05,2.995243704995929526e-26
4.499500000069712769e+03,4.063836977355500985e-22,4.089909120225365236e+00,9.984982190942391753e+02,1.012020465769621893e+02,-1.627449446195206303e-14,2.629781213829205516e-03,-1.625957264041290993e-05,-9.773423430108748813e-22,-9.761018800570374410e+00,9.000000000000000000e+01,-6.975950276176356325e-07,0.000000000000000000e+00,1.475334182179564389e-19,8.236013680795029436e-05,2.915512679524212189e-26
4.509500000071440809e+03,4.063836992698213119e-22,4.098998831890628303e+00,9.984716909183189273e+02,1.012020492183930003e+02,-1.627449429097350793e-14,2.676278292376247595e-03,6.033924278907493447e-07,5.591649608577251991e-23,-9.760786562984836934e+00,9.000000000000000000e+01,-8.793322528941477683e-07,0.000000000000000000e+00,1.475334173194993346e-19,-4.912190546580418195e-05,2.987663288256358074e-26
4.519500000073168849e+03,4.063837008325098662e-22,4.108088543831295070e+00,9.984446939146146178e+02,1.012020518883468583e+02,-1.627449411815558479e-14,2.723597038971647868e-03,8.675044241461886036e-06,5.498764171064321603e-22,-9.760728765662806339e+00,9.000000000000000000e+01,-8.675593406851795184e-07,0.000000000000000000e+00,1.475334164057717244e-19,-8.184402101057126444e-05,3.014553734091224552e-26
4.529500000074895979e+03,4.063837024238872534e-22,4.117178256052254071e+00,9.984172198921442032e+02,1.012020545970849383e+02,-1.627449394285691813e-14,2.771751978166445661e-03,1.564631576821403172e-05,9.775404441632302433e-22,-9.760787608136887172e+00,9.000000000000000000e+01,-8.933581937061524787e-07,0.000000000000000000e+00,1.475334154797002514e-19,-4.853013356747435292e-05,2.968155103110423737e-26
4.539500000076624019e+03,4.063837040449155453e-22,4.126267968558599009e+00,9.983892603004351258e+02,1.012020573419166141e+02,-1.627449376526437966e-14,2.820757884438851709e-03,3.364372964824554494e-06,2.246058746552808526e-22,-9.760961781032648332e+00,9.000000000000000000e+01,-6.926221158731988671e-07,0.000000000000000000e+00,1.475334145231473500e-19,5.007845149393158054e-05,2.917165574416980164e-26
4.549500000078352059e+03,4.063837056957513646e-22,4.135357681355379178e+00,9.983608067557215691e+02,1.012020601902490142e+02,-1.627449358123280821e-14,2.870629790572016681e-03,5.421104523396810438e-07,5.198064921112219722e-23,-9.760903200811519298e+00,9.000000000000000000e+01,-7.258602099608026869e-07,0.000000000000000000e+00,1.475334135307087645e-19,1.691310019252192112e-05,2.932472360788967134e-26
4.559500000080079190e+03,4.063837073770144791e-22,4.144447394447897892e+00,9.983318504579365253e+02,1.012020630433705293e+02,-1.627449339680658544e-14,2.921382997811338908e-03,-3.413152744861430696e-06,-1.902960014109752277e-22,-9.760961256425749966e+00,9.000000000000000000e+01,-6.665948481372219304e-07,0.000000000000000000e+00,1.475334125452035749e-19,4.978150633619846349e-05,2.908038598096493377e-26
4.569500000081807229e+03,4.063837090894555593e-22,4.153537107841324350e+00,9.983023824300616980e+02,1.012020659552040627e+02,-1.627449320869663467e-14,2.973033077659023669e-03,-1.426240180137358737e-06,-6.762809391411930850e-23,-9.760786301119980024e+00,9.000000000000000000e+01,-8.433609427799189586e-07,0.000000000000000000e+00,1.475334115451072271e-19,-4.926998369463646098e-05,2.949498303575731978e-26
4.579500000083535269e+03,4.063837108333866286e-22,4.162626821541280719e+00,9.982723936242982745e+02,1.012020689139923064e+02,-1.627449301760294374e-14,3.025595877340722488e-03,-1.082455610611809450e-05,-6.417059427236593597e-22,-9.761019045554249374e+00,9.000000000000000000e+01,-8.273927008350382193e-07,0.000000000000000000e+00,1.475334105178455170e-19,8.249907261890570491e-05,2.818515229134106113e-26
4.589500000085262400e+03,4.063837126093416434e-22,4.171716535553014360e+00,9.982418749649077654e+02,1.012020718933277408e+02,-1.627449282514324550e-14,3.079087525368990382e-03,-1.417224364136891825e-05,-8.496918930454499238e-22,-9.761018779266708023e+00,9.000000000000000000e+01,-5.209302018359962481e-07,0.000000000000000000e+00,1.475334094972522190e-19,8.234834111208789477e-05,2.889042928912548879e-26
4.599500000086990440e+03,4.063837144183121569e-22,4.180806249882349945e+00,9.982108169207349420e+02,1.012020750219104741e+02,-1.627449262346146982e-14,3.133524431150104712e-03,-3.006034592755828899e-06,-1.651348530195441106e-22,-9.760669399576892502e+00,9.000000000000000000e+01,-7.781171813771223352e-07,0.000000000000000000e+00,1.475334084224469061e-19,-1.154540798214314160e-04,3.004332558522876587e-26
4.609500000088718480e+03,4.063837162601923744e-22,4.189895964533048911e+00,9.981792100649327040e+02,1.012020781161580487e+02,-1.627449242375213985e-14,3.188923302185855090e-03,2.868139137338796343e-07,3.638016057747030834e-23,-9.760727982868912633e+00,9.000000000000000000e+01,-7.143777205609081389e-07,0.000000000000000000e+00,1.475334073694833239e-19,-8.228692744800366796e-05,2.980060617023352498e-26
4.619500000090445610e+03,4.063837181366856343e-22,4.198985679512611036e+00,9.981470446847379208e+02,1.012020812957608769e+02,-1.627449221874943331e-14,3.245301129867864207e-03,1.082197863990542996e-05,6.810741583646444585e-22,-9.760787099904211672e+00,9.000000000000000000e+01,-6.226239849992381492e-07,0.000000000000000000e+00,1.475334062899701715e-19,-4.881759178183530377e-05,2.962539482728211995e-26
4.629500000092173650e+03,4.063837200480118481e-22,4.208075394827021753e+00,9.981143109211698174e+02,1.012020845495410697e+02,-1.627449200911476587e-14,3.302675212417516010e-03,9.804234970457277183e-06,6.187591553262391923e-22,-9.760903737071673802e+00,9.000000000000000000e+01,-5.365791415352956119e-07,0.000000000000000000e+00,1.475334051694156445e-19,1.721695854528103065e-05,2.912078756146102469e-26
4.639500000093900780e+03,4.063837219944509246e-22,4.217165110482498314e+00,9.980809987075626850e+02,1.012020878478160455e+02,-1.627449179664731155e-14,3.361063152811713875e-03,3.443190433206026198e-06,2.296833062738515484e-22,-9.760844886052282732e+00,9.000000000000000000e+01,-5.899452105356978881e-07,0.000000000000000000e+00,1.475334040310435452e-19,-1.610170432651726201e-05,2.921112061510692264e-26
4.649500000095628820e+03,4.063837239769193261e-22,4.226254826484853844e+00,9.980470979614183307e+02,1.012020911919367876e+02,-1.627449158127608864e-14,3.420482864743745657e-03,1.031685642845358040e-05,6.493624828914713047e-22,-9.760903738542367591e+00,9.000000000000000000e+01,-4.086701834654958977e-07,0.000000000000000000e+00,1.475334028948503949e-19,1.721785917680784928e-05,2.921532860295733507e-26
4.659500000097356860e+03,4.063837259961021777e-22,4.235344542840739912e+00,9.980125981206074357e+02,1.012020946279520928e+02,-1.627449136018652977e-14,3.480952575467135147e-03,1.674346161211456963e-06,1.214211814675697997e-22,-9.760727983888795478e+00,9.000000000000000000e+01,-6.181876201073455982e-07,0.000000000000000000e+00,1.475334017042526126e-19,-8.228617661997959191e-05,2.958489133213340524e-26
4.669500000099083991e+03,4.063837280527117350e-22,4.244434259556185474e+00,9.979774886490777135e+02,1.012020981171736196e+02,-1.627449113574400598e-14,3.542490840203887069e-03,1.216220256809852877e-05,7.632440051554091482e-22,-9.760787109255444349e+00,9.000000000000000000e+01,-5.271641144561022130e-07,0.000000000000000000e+00,1.475334005187769132e-19,-4.881211984041626984e-05,2.940007398995989840e-26
4.679500000100812031e+03,4.063837301474415867e-22,4.253523976637731963e+00,9.979417587574571371e+02,1.012021016486203138e+02,-1.627449090862333728e-14,3.605116536342766430e-03,4.495793872031977203e-06,2.931773605649120591e-22,-9.760844886805172038e+00,9.000000000000000000e+01,-4.004922140463296772e-07,0.000000000000000000e+00,1.475333993037497928e-19,-1.610113412029654792e-05,2.926366130976668469e-26
4.689500000102540071e+03,4.063837322810717909e-22,4.262613694092069139e+00,9.979053974580019712e+02,1.012021052450363499e+02,-1.627449067743699307e-14,3.668848880286615464e-03,-1.046310718465192277e-05,-6.223102635838278792e-22,-9.760902124979688566e+00,9.000000000000000000e+01,-4.026523704526673144e-07,0.000000000000000000e+00,1.475333980589376844e-19,1.630448378181653961e-05,2.889487750994924315e-26
4.699500000104267201e+03,4.063837344540500697e-22,4.271703411925919625e+00,9.978683935608714819e+02,1.012021089325780707e+02,-1.627449044056913694e-14,3.733707424477003198e-03,2.071308970427462912e-06,1.461154475990582016e-22,-9.760786302441495366e+00,9.000000000000000000e+01,-5.328925224373550787e-07,0.000000000000000000e+00,1.475333968083380121e-19,-4.926878736133513724e-05,2.908774102431532761e-26
4.709500000105995241e+03,4.063837366673841981e-22,4.280793130145988279e+00,9.978307358603924513e+02,1.012021126384315863e+02,-1.627449020249037932e-14,3.799712068274640076e-03,-1.359394305594795734e-05,-8.138171067686036136e-22,-9.760901850267392987e+00,9.000000000000000000e+01,-3.758456887086696347e-07,0.000000000000000000e+00,1.475333955310709026e-19,1.614903023824472612e-05,2.875874079805048830e-26
4.719500000107722371e+03,4.063837389218881824e-22,4.289882848759256184e+00,9.977924127606675029e+02,1.012021165277131729e+02,-1.627448995309898713e-14,3.866883058100639529e-03,1.349709457457278393e-05,8.454129183011239966e-22,-9.760787119668908218e+00,9.000000000000000000e+01,-4.537629936284752189e-07,0.000000000000000000e+00,1.475333942147727043e-19,-4.880602852959266258e-05,2.907709379855059950e-26
4.729500000109450411e+03,4.063837412181820723e-22,4.298972567772843867e+00,9.977534123929217458e+02,1.012021203837569345e+02,-1.627448970565000715e-14,3.935241005579337252e-03,-1.472586877333346885e-06,-7.174674012668943118e-23,-9.760844347626470352e+00,9.000000000000000000e+01,-3.461993059673115032e-07,0.000000000000000000e+00,1.475333928854433269e-19,-1.640619321871793020e-05,2.893410616350862114e-26
4.739500000111178451e+03,4.063837435569104619e-22,4.308062287193985540e+00,9.977137228520587087e+02,1.012021243204008698e+02,-1.627448945316853951e-14,4.004806881039941167e-03,-9.223018834198394561e-06,-5.457274793499463493e-22,-9.760902117409141709e+00,9.000000000000000000e+01,-3.463136787136569522e-07,0.000000000000000000e+00,1.475333915349553221e-19,1.630039982053838136e-05,2.851049605929299937e-26
4.749500000112906491e+03,4.063837459389777766e-22,4.317152007030006011e+00,9.976733319545164704e+02,1.012021283336897426e+02,-1.627448919590339725e-14,4.075602027768847335e-03,1.356372775035813179e-05,8.485427286232724834e-22,-9.760845442766955316e+00,9.000000000000000000e+01,-2.559114244472344522e-07,0.000000000000000000e+00,1.475333901914275318e-19,-1.578609495229197124e-05,2.893971027590855200e-26
4.759500000114633622e+03,4.063837483652062511e-22,4.326241727288357097e+00,9.976322273295372725e+02,1.012021324324626619e+02,-1.627448893331475655e-14,4.147648165017893754e-03,-1.235779920228373734e-05,-7.372220883432442536e-22,-9.760901840226352988e+00,9.000000000000000000e+01,-3.397912770617235298e-07,0.000000000000000000e+00,1.475333887632083203e-19,1.614355722839032312e-05,2.830407807038626912e-26
4.769500000116361662e+03,4.063837508361147487e-22,4.335331447976611408e+00,9.975903963400050998e+02,1.012021365941057525e+02,-1.627448866676941990e-14,4.220967400110658962e-03,-1.442311342338673503e-05,-8.638203220998572693e-22,-9.761076786694589558e+00,9.000000000000000000e+01,-2.021773779924056540e-07,0.000000000000000000e+00,1.475333873426113859e-19,1.151901176570824546e-04,2.759094927676104807e-26
4.779500000118088792e+03,4.063837533527316858e-22,4.344421169102558267e+00,9.975478261327371001e+02,1.012021408303314018e+02,-1.627448839556700186e-14,4.295582220299212946e-03,5.969869789933529625e-07,5.553276640972771252e-23,-9.760786031245327621e+00,9.000000000000000000e+01,-3.056731616604149546e-07,0.000000000000000000e+00,1.475333859162237097e-19,-4.942199100566086774e-05,2.879023281137021689e-26
4.789500000119816832e+03,4.063837559160540228e-22,4.353510890674047396e+00,9.975045036906376481e+02,1.012021451396085041e+02,-1.627448811980313133e-14,4.371515524815032874e-03,-7.177597067964412395e-07,-2.488983502336691634e-23,-9.760902663153698811e+00,9.000000000000000000e+01,-2.209261626175717031e-07,0.000000000000000000e+00,1.475333844484606065e-19,1.660959126791134726e-05,2.825447365333097002e-26
4.799500000121543962e+03,4.063837585269141036e-22,4.362600612699128355e+00,9.974604156780987978e+02,1.012021495362837555e+02,-1.627448783860220110e-14,4.448790604485075920e-03,-4.654130041529344733e-07,-9.591076387660266970e-24,-9.760902663108634414e+00,9.000000000000000000e+01,-1.791321983257688938e-07,0.000000000000000000e+00,1.475333829514475866e-19,1.660961174697627685e-05,2.824096262897663855e-26
4.809500000123272002e+03,4.063837611859948905e-22,4.371690335185863141e+00,9.974155486663803458e+02,1.012021540026945416e+02,-1.627448755303451239e-14,4.527431170105887005e-03,-1.636031390581602966e-05,-9.818825290106307667e-22,-9.761018185098745192e+00,9.000000000000000000e+01,-1.811593057686715825e-07,0.000000000000000000e+00,1.475333814156506952e-19,8.201281266355929002e-05,2.748374833673150545e-26
4.819500000125000042e+03,4.063837638942380485e-22,4.380780058142620170e+00,9.973698887843638659e+02,1.012021585892978806e+02,-1.627448726001591252e-14,4.607461341805340303e-03,1.171808893856876651e-05,7.374989933155377034e-22,-9.760845181390589431e+00,9.000000000000000000e+01,-2.586011304858170926e-07,0.000000000000000000e+00,1.475333798797849758e-19,-1.593375560265497025e-05,2.810271309478469788e-26
4.829500000126728082e+03,4.063837666527633065e-22,4.389869781577920627e+00,9.973234220640733838e+02,1.012021632206219408e+02,-1.627448696417707812e-14,4.688905679685857232e-03,6.392518201428521223e-06,4.105624539946884831e-22,-9.760727995597852313e+00,9.000000000000000000e+01,-2.155012558862428075e-07,0.000000000000000000e+00,1.475333783006580550e-19,-8.227882837579607290e-05,2.872247582301546611e-26
4.839500000128455213e+03,4.063837694622843776e-22,4.398959505500487310e+00,9.972761342441663146e+02,1.012021679413885948e+02,-1.627448666276706188e-14,4.771789164287764187e-03,7.791719882273677399e-06,4.958636306385822588e-22,-9.760903221396473484e+00,9.000000000000000000e+01,-5.139417598676974243e-08,0.000000000000000000e+00,1.475333766980582852e-19,1.692588170024674336e-05,2.806161365228536873e-26
4.849500000130183253e+03,4.063837723239216961e-22,4.408049229918873380e+00,9.972280106972903013e+02,1.012021727396484891e+02,-1.627448635653259638e-14,4.856137226820532796e-03,1.621158620597330456e-06,1.188085972495995664e-22,-9.760844348386296332e+00,9.000000000000000000e+01,-1.302173537687310418e-07,0.000000000000000000e+00,1.475333750633237003e-19,-1.640521618941797374e-05,2.804729518224921230e-26
4.859500000131910383e+03,4.063837752380833935e-22,4.417138954841999698e+00,9.971790367709472775e+02,1.012021776605122767e+02,-1.627448604267861490e-14,4.941975748843854474e-03,2.088541487740890393e-05,1.297584334118285298e-21,-9.760787434691398090e+00,9.000000000000000000e+01,-5.386684097388928376e-08,0.000000000000000000e+00,1.475333734079436519e-19,-4.862703885410258687e-05,2.841992224769645564e-26
4.869500000133638423e+03,4.063837782066546338e-22,4.426228680279117533e+00,9.971291975025087595e+02,1.012021826111393210e+02,-1.627448572694066319e-14,5.029331062641259099e-03,-2.333589840327805114e-06,-1.245108694950017809e-22,-9.760902383140827254e+00,9.000000000000000000e+01,7.442912698955091727e-08,0.000000000000000000e+00,1.475333717091170313e-19,1.645145361696026711e-05,2.798806185225350346e-26
4.879500000135366463e+03,4.063837812299691161e-22,4.435318406239374234e+00,9.970784774534404278e+02,1.012021877167439072e+02,-1.627448540161940517e-14,5.118229965229569196e-03,1.141874437566822786e-05,7.176990548886487264e-22,-9.760728282801165889e+00,9.000000000000000000e+01,-4.715006926426227798e-09,0.000000000000000000e+00,1.475333699854436997e-19,-8.211596949909514968e-05,2.859331027332889003e-26
4.889500000137093593e+03,4.063837843088607833e-22,4.444408132732289296e+00,9.970268611777573824e+02,1.012021928530984525e+02,-1.627448507430790157e-14,5.208699733594973624e-03,1.081402881326866736e-05,6.806007281844717018e-22,-9.760786599230048211e+00,9.000000000000000000e+01,6.654437926757814665e-08,0.000000000000000000e+00,1.475333682490127433e-19,-4.909988062020988311e-05,2.831849816191837544e-26
4.899500000138821633e+03,4.063837874451074529e-22,4.453497859767399980e+00,9.969743327992036939e+02,1.012021981057689999e+02,-1.627448473981170528e-14,5.300768119631310039e-03,-4.336008480166378366e-06,-2.459895581276615501e-22,-9.760843787500917301e+00,9.000000000000000000e+01,1.899966677843988580e-08,0.000000000000000000e+00,1.475333664533590078e-19,-1.672249775987237237e-05,2.777836350169026874e-26
4.909500000140549673e+03,4.063837906389666524e-22,4.462587587354375884e+00,9.969208762235939503e+02,1.012022034712902894e+02,-1.627448439829839245e-14,5.394463371795057798e-03,6.823710849633810466e-06,4.361556724277646324e-22,-9.760844633994295805e+00,9.000000000000000000e+01,1.747565693060735350e-07,0.000000000000000000e+00,1.475333646452374758e-19,-1.624319622070171176e-05,2.799108548782975653e-26
4.919500000142276804e+03,4.063837938919327171e-22,4.471677315503206351e+00,9.968664750093594193e+02,1.012022089090788768e+02,-1.627448405227910928e-14,5.489814233323790822e-03,-7.424365096920972181e-06,-4.363043255789236778e-22,-9.760843500625071556e+00,9.000000000000000000e+01,2.088233887214794715e-07,0.000000000000000000e+00,1.475333627907633602e-19,-1.688479996771733959e-05,2.793726366149012530e-26
4.929500000144004844e+03,4.063837972051388705e-22,4.480767044224079676e+00,9.968111124942079186e+02,1.012022144581362966e+02,-1.627448369936819209e-14,5.586849956198162818e-03,-8.395454564143644987e-07,-3.262718623990306109e-23,-9.760902381916315207e+00,9.000000000000000000e+01,2.306160659545558946e-07,0.000000000000000000e+00,1.475333609197484193e-19,1.645109399786804451e-05,2.752170513582156334e-26
4.939500000145731974e+03,4.063838005793165994e-22,4.489856773527266753e+00,9.967547716433182359e+02,1.012022201117151639e+02,-1.627448333995900480e-14,5.685600310797594981e-03,5.729932535496885562e-06,3.699079537288201924e-22,-9.760961265254747943e+00,9.000000000000000000e+01,2.723883770300873065e-07,0.000000000000000000e+00,1.475333590131777060e-19,4.978814847371020600e-05,2.715509606473967470e-26
4.949500000147460014e+03,4.063838040155802254e-22,4.498946503423137067e+00,9.966974352188408375e+02,1.012022258599218674e+02,-1.627448297465880937e-14,5.786095592712695544e-03,-1.580224620942573347e-05,-9.478049720855671062e-22,-9.760959554035213870e+00,9.000000000000000000e+01,2.342223060745865080e-07,0.000000000000000000e+00,1.475333570460266256e-19,4.881939754309653356e-05,2.691001893616467090e-26
4.959500000149188054e+03,4.063838075153832236e-22,4.508036233922449121e+00,9.966390855899080634e+02,1.012022317074482913e+02,-1.627448260319744619e-14,5.888366634924172179e-03,8.554760201063581650e-07,7.138454853525953078e-23,-9.760844068313987876e+00,9.000000000000000000e+01,2.813527831220109653e-07,0.000000000000000000e+00,1.475333550891620574e-19,-1.656316299854993350e-05,2.750111014678613156e-26
4.969500000150915184e+03,4.063838110797432431e-22,4.517125965036113300e+00,9.965797048583626747e+02,1.012022376624750137e+02,-1.627448222506641236e-14,5.992444811367626280e-03,-8.802409621080623832e-06,-5.203093544099112989e-22,-9.760784895593969779e+00,9.000000000000000000e+01,3.146714597430242859e-07,0.000000000000000000e+00,1.475333530675180170e-19,-5.006392991883793549e-05,2.774730993195135054e-26
4.979500000152643224e+03,4.063838147097628506e-22,4.526215696775050645e+00,9.965192748615518212e+02,1.012022437268514921e+02,-1.627448184014898802e-14,6.098362051866912208e-03,1.322296391934957002e-05,8.285492138486223882e-22,-9.760786616821446771e+00,9.000000000000000000e+01,3.339413210027638805e-07,0.000000000000000000e+00,1.475333510442661862e-19,-4.908938970111616831e-05,2.762307730731732241e-26
4.989500000154371264e+03,4.063838184067343375e-22,4.535305429150594314e+00,9.964577770195901394e+02,1.012022499207050430e+02,-1.627448144721833985e-14,6.206150849522560492e-03,5.251186617792317858e-06,3.410894888045359902e-22,-9.760844356783843878e+00,9.000000000000000000e+01,3.395405984639493072e-07,0.000000000000000000e+00,1.475333489409756681e-19,-1.639965352842101927e-05,2.715685279928092964e-26
4.999500000156098395e+03,4.063838221717090660e-22,4.544395162174131642e+00,9.963951925458386540e+02,1.012022561901703313e+02,-1.627448104956348771e-14,6.315844274730580445e-03,4.539458892236178908e-06,2.966340549215721900e-22,-9.760902670537195291e+00,9.000000000000000000e+01,4.947457892543175967e-07,0.000000000000000000e+00,1.475333468285700846e-19,1.661493330143996706e-05,2.706773754988650779e-26
5.009500000157826435e+03,4.063838260060041539e-22,4.553484895857341286e+00,9.963315021377056837e+02,1.012022626273518284e+02,-1.627448064155305652e-14,6.427475972401557915e-03,9.383145852109296781e-06,5.949024508787249086e-22,-9.760844650454860272e+00,9.000000000000000000e+01,3.288143177451195649e-07,0.000000000000000000e+00,1.475333446551194793e-19,-1.623325641340323452e-05,2.683236345484680386e-26
5.019500000159554475e+03,4.063838299107289389e-22,4.562574630212102633e+00,9.962666862737387419e+02,1.012022690826524922e+02,-1.627448023233300810e-14,6.541080197218229926e-03,-1.208490451679810407e-05,-7.215553494390306819e-22,-9.760842912590389275e+00,9.000000000000000000e+01,5.622388898167201036e-07,0.000000000000000000e+00,1.475333424680629012e-19,-1.721709045218675421e-05,2.721758516970874578e-26
5.029500000161281605e+03,4.063838338873465822e-22,4.571664365250439843e+00,9.962007249547168612e+02,1.012022757245520523e+02,-1.627447981159991974e-14,6.656691801076130947e-03,-2.574291957861863064e-05,-1.557926141332932724e-21,-9.761016978143054246e+00,9.000000000000000000e+01,7.064346032994211457e-07,0.000000000000000000e+00,1.475333402129553459e-19,8.133076455577258306e-05,2.646220162823260788e-26
5.039500000163009645e+03,4.063838379373285676e-22,4.580754100984639976e+00,9.961335980873554945e+02,1.012022824688620375e+02,-1.627447938452251221e-14,6.774346250621405240e-03,-5.342372197375893451e-06,-3.082726143917105013e-22,-9.760901802296245933e+00,9.000000000000000000e+01,6.360898174096184081e-07,0.000000000000000000e+00,1.475333379655388474e-19,1.612364921479669642e-05,2.672564499264985335e-26
5.049500000164736775e+03,4.063838420617394700e-22,4.589843837425285678e+00,9.960652849636971951e+02,1.012022893357622024e+02,-1.627447894984723504e-14,6.894079640832283945e-03,-1.028641567668284578e-05,-6.107142267204125953e-22,-9.760784595055639556e+00,9.000000000000000000e+01,5.831915443917658792e-07,0.000000000000000000e+00,1.475333356496833932e-19,-5.023354322528516023e-05,2.704190276882011540e-26
5.059500000166464815e+03,4.063838462617879795e-22,4.598933574587065642e+00,9.959957647062838078e+02,1.012022963520971501e+02,-1.627447850592072414e-14,7.015928706935983111e-03,1.328254591653049631e-05,8.325903439703354829e-22,-9.760903259250300223e+00,9.000000000000000000e+01,6.808826122106046227e-07,0.000000000000000000e+00,1.475333333102666657e-19,1.694865314684602340e-05,2.645882918237237486e-26
5.069500000168192855e+03,4.063838505389013814e-22,4.608023312482822043e+00,9.959250160669907928e+02,1.012023034500885927e+02,-1.627447805689823806e-14,7.139930830952080643e-03,-2.011885751134303004e-05,-1.214778349610963235e-21,-9.760958942779936365e+00,9.000000000000000000e+01,9.588135001619227207e-07,0.000000000000000000e+00,1.475333308910417605e-19,4.847414039238224625e-05,2.667959070640356849e-26
5.079500000169919986e+03,4.063838548947295056e-22,4.617113051125912193e+00,9.958530171606689692e+02,1.012023107284404091e+02,-1.627447759675460550e-14,7.266124050714781873e-03,2.908385337188490279e-06,1.970852673034997904e-22,-9.760902385107785406e+00,9.000000000000000000e+01,7.930269856128870173e-07,0.000000000000000000e+00,1.475333284632485616e-19,1.645390538029265555e-05,2.636539791294971585e-26
5.089500000171648026e+03,4.063838593306800771e-22,4.626202790529747588e+00,9.957797459643334150e+02,1.012023181088497665e+02,-1.627447713027922191e-14,7.394547087167300733e-03,1.147419487984571743e-05,7.219039838373407523e-22,-9.760844663533267962e+00,9.000000000000000000e+01,7.665159173432032676e-07,0.000000000000000000e+00,1.475333259923437579e-19,-1.622527725696585810e-05,2.644942832864705749e-26
5.099500000173376066e+03,4.063838638478392055e-22,4.635292530707875613e+00,9.957051800852641463e+02,1.012023256109265219e+02,-1.627447665625123668e-14,7.525239334471734570e-03,-1.219232069551722493e-05,-7.264214697692277824e-22,-9.760959521500348401e+00,9.000000000000000000e+01,8.053379713406466169e-07,0.000000000000000000e+00,1.475333234483736017e-19,4.880201649255924901e-05,2.568537213241932038e-26
5.109500000175103196e+03,4.063838684479488797e-22,4.644382271674273532e+00,9.956292966194450855e+02,1.012023332798784168e+02,-1.627447617192062706e-14,7.658240886777033067e-03,1.112246651575784885e-06,8.754400849761742672e-23,-9.760843781142003905e+00,9.000000000000000000e+01,8.534123861286545535e-07,0.000000000000000000e+00,1.475333208832563737e-19,-1.672468663129583858e-05,2.623368528443185630e-26
5.119500000176831236e+03,4.063838731325108169e-22,4.653472013443058941e+00,9.955520722167566419e+02,1.012023410577584173e+02,-1.627447568083307353e-14,7.793592544772259649e-03,-3.347644238858878808e-06,-1.857148144951306824e-22,-9.760901797225530530e+00,9.000000000000000000e+01,9.491263957130581448e-07,0.000000000000000000e+00,1.475333182692150121e-19,1.612139005966301586e-05,2.595594249270578910e-26
5.129500000178558366e+03,4.063838779029249841e-22,4.662561756028686943e+00,9.954734831936657429e+02,1.012023489623048533e+02,-1.627447518189836085e-14,7.931335833152279233e-03,-1.286444767549517912e-05,-7.687699439494708493e-22,-9.760842598794166491e+00,9.000000000000000000e+01,9.940214771526001992e-07,0.000000000000000000e+00,1.475333156109750749e-19,-1.739391513062758202e-05,2.618035382446213026e-26
5.139500000180286406e+03,4.063838827608898295e-22,4.671651499445812483e+00,9.953935054559260607e+02,1.012023570732486633e+02,-1.627447467024150534e-14,8.071513010027177651e-03,5.521317237905444902e-06,3.572339759048492896e-22,-9.760844078171022176e+00,9.000000000000000000e+01,1.024551112651219480e-06,0.000000000000000000e+00,1.475333129015792365e-19,-1.655627427170096438e-05,2.603250350472836998e-26
5.149500000182014446e+03,4.063838877078764607e-22,4.680741243709292121e+00,9.953121144911274314e+02,1.012023652663862663e+02,-1.627447415346108975e-14,8.214167081280754346e-03,-1.459776795417345099e-05,-8.746433551135131242e-22,-9.760959215694022362e+00,9.000000000000000000e+01,1.132767551910769326e-06,0.000000000000000000e+00,1.475333101367915585e-19,4.862929695763081961e-05,2.546575153249767896e-26
5.159500000183742486e+03,4.063838927452940134e-22,4.689830988834433612e+00,9.952292852876707911e+02,1.012023736787655395e+02,-1.627447362315950990e-14,8.359341804779797658e-03,3.536027746230523156e-06,2.363223004866875755e-22,-9.760785472562290011e+00,9.000000000000000000e+01,1.028035423026981605e-06,0.000000000000000000e+00,1.475333073262112609e-19,-4.973585686885424961e-05,2.591772906046706131e-26
5.169500000185469617e+03,4.063838978748518914e-22,4.698920734836679713e+00,9.951449923971667886e+02,1.012023821784698612e+02,-1.627447308741107585e-14,8.507081725941847972e-03,-3.256129528150884529e-06,-1.791187278947147145e-22,-9.760960105302137535e+00,9.000000000000000000e+01,1.133900923488180791e-06,0.000000000000000000e+00,1.475333044734491975e-19,4.913312967964451026e-05,2.501174296762575684e-26
5.179500000187197656e+03,4.063839030982348604e-22,4.708010481731658814e+00,9.950592100853100419e+02,1.012023908255176821e+02,-1.627447254254780211e-14,8.657432167991196970e-03,1.744606610812921319e-05,1.086787922868132497e-21,-9.760844978126542060e+00,9.000000000000000000e+01,1.287245006345581321e-06,0.000000000000000000e+00,1.475333016037830785e-19,-1.604641146611040576e-05,2.580143816629119085e-26
5.189500000188924787e+03,4.063839084175334663e-22,4.717100229535428291e+00,9.949719119276851416e+02,1.012023996398799710e+02,-1.627447198736718698e-14,8.810439249186563515e-03,5.664396051809950375e-06,3.655396327770430404e-22,-9.760902393121336118e+00,9.000000000000000000e+01,1.356252865158359005e-06,0.000000000000000000e+00,1.475332986411319302e-19,1.645936811839953537e-05,2.543030554406903956e-26
5.199500000190652827e+03,4.063839138338604793e-22,4.726189978264316416e+00,9.948830711729824543e+02,1.012024086453199487e+02,-1.627447142038218664e-14,8.966149913736240831e-03,1.095277675581358027e-06,8.716265352175481169e-23,-9.760960403829981757e+00,9.000000000000000000e+01,1.308583296814645187e-06,0.000000000000000000e+00,1.475332956164135487e-19,4.930241728858581645e-05,2.475161034137344341e-26
5.209500000192379957e+03,4.063839193493181064e-22,4.735279727934895710e+00,9.947926604496315122e+02,1.012024177650228438e+02,-1.627447084631441760e-14,9.124611933976322850e-03,-1.322831245511022441e-05,-7.913816840944899032e-22,-9.760783974542572849e+00,9.000000000000000000e+01,1.405156005274168979e-06,0.000000000000000000e+00,1.475332925539394292e-19,-5.058350856672773875e-05,2.571617272041031656e-26
5.219500000194107997e+03,4.063839249654994716e-22,4.744369478564016696e+00,9.947006521979346871e+02,1.012024270551876413e+02,-1.627447026171150583e-14,9.285873921163494485e-03,-1.777004002506580254e-05,-1.069712040594135087e-21,-9.760841980736547185e+00,9.000000000000000000e+01,1.515726691108938067e-06,0.000000000000000000e+00,1.475332894449073737e-19,-1.774301598844493558e-05,2.543626468120526854e-26
5.229500000195836037e+03,4.063839306842582354e-22,4.753459230168916250e+00,9.946070181084796786e+02,1.012024365271090289e+02,-1.627446966588801640e-14,9.449985345318396429e-03,4.217485069666851895e-06,2.762809390324599792e-22,-9.760668558567774156e+00,9.000000000000000000e+01,1.508358796244921974e-06,0.000000000000000000e+00,1.475332863022181998e-19,-1.159264489382613093e-04,2.610813562186201537e-26
5.239500000197564077e+03,4.063839365072314383e-22,4.762548982767008887e+00,9.945117294341325760e+02,1.012024462087678671e+02,-1.627446905711241226e-14,9.616996556984225286e-03,-5.171993976915211426e-06,-2.977986570520096664e-22,-9.760959800939300379e+00,9.000000000000000000e+01,1.648333404776571880e-06,0.000000000000000000e+00,1.475332830473207122e-19,4.896148001088109435e-05,2.462544033399123201e-26
5.249500000199291208e+03,4.063839424363293997e-22,4.771638736376221601e+00,9.944147569583728909e+02,1.012024560298265783e+02,-1.627446843970187985e-14,9.786958793183154690e-03,-7.352109491196012002e-06,-4.305373415421186128e-22,-9.760901189137607403e+00,9.000000000000000000e+01,1.601153260187241590e-06,0.000000000000000000e+00,1.475332797620916575e-19,1.577831889428225458e-05,2.456251621128683040e-26
5.259500000201019247e+03,4.063839484735148659e-22,4.780728491014513359e+00,9.943160709468647838e+02,1.012024660097122108e+02,-1.627446781246303986e-14,9.959924193611302545e-03,2.560310941246836896e-06,1.756881400705082738e-22,-9.760960405872152634e+00,9.000000000000000000e+01,1.765202962880260993e-06,0.000000000000000000e+00,1.475332764418531687e-19,4.930416937947768220e-05,2.439435137007786159e-26
5.269500000202746378e+03,4.063839546208913607e-22,4.789818246700416005e+00,9.942156412024050951e+02,1.012024762243499367e+02,-1.627446717076016380e-14,1.013594581790692659e-02,1.005494830159471269e-05,6.344070593522052846e-22,-9.760961013889547289e+00,9.000000000000000000e+01,1.845112821696909856e-06,0.000000000000000000e+00,1.475332730297495068e-19,4.964850991600456540e-05,2.432511430524885491e-26
5.279500000204474418e+03,4.063839608800450961e-22,4.798908003452670989e+00,9.941134367771446705e+02,1.012024865559134668e+02,-1.627446652178752745e-14,1.031507766932357115e-02,1.039698023521210565e-05,6.557555132740230835e-22,-9.760785787326609508e+00,9.000000000000000000e+01,1.769043419047034660e-06,0.000000000000000000e+00,1.475332695859120804e-19,-4.955647827948420498e-05,2.480680901443797237e-26
5.289500000206202458e+03,4.063839672530861785e-22,4.807997761290360828e+00,9.940094262920320034e+02,1.012024970728173230e+02,-1.627446586135710297e-14,1.049737470325720276e-02,-3.851003509298261454e-06,-2.157118107489321749e-22,-9.760784569354072460e+00,9.000000000000000000e+01,1.738313663047857632e-06,0.000000000000000000e+00,1.475332660652764161e-19,-5.024592913239951550e-05,2.445321821556221507e-26
5.299500000207929588e+03,4.063839737418881108e-22,4.817087520232901987e+00,9.939035779153928161e+02,1.012025077993401680e+02,-1.627446518796985269e-14,1.068289284774186568e-02,-6.076696589947071773e-06,-3.539056839407158560e-22,-9.760901183938429426e+00,9.000000000000000000e+01,2.051338944021068652e-06,0.000000000000000000e+00,1.475332624843311944e-19,1.577591190953079819e-05,2.433860846823276327e-26
5.309500000209657628e+03,4.063839803488113797e-22,4.826177280300059991e+00,9.937958590984344482e+02,1.012025186963707455e+02,-1.627446450404170416e-14,1.087168901445283858e-02,-2.051886632471041033e-05,-1.238180683275269551e-21,-9.761075186902134604e+00,9.000000000000000000e+01,2.209856568012212741e-06,0.000000000000000000e+00,1.475332588389620754e-19,1.142883729063403291e-04,2.350865891970614038e-26
5.319500000211385668e+03,4.063839870760295682e-22,4.835267041511907671e+00,9.936862368546426296e+02,1.012025298744822379e+02,-1.627446380281104026e-14,1.106382111900974102e-02,1.146449155569932486e-05,7.215412078504877585e-22,-9.760785794462437437e+00,9.000000000000000000e+01,1.987266542740798905e-06,0.000000000000000000e+00,1.475332551336982925e-19,-4.955198706932266754e-05,2.421475477117347596e-26
5.329500000213112799e+03,4.063839939253548186e-22,4.844356803888882013e+00,9.935746776256710291e+02,1.012025411928196093e+02,-1.627446309287225441e-14,1.125934811151312748e-02,1.897447886324648856e-05,1.181919536649622396e-21,-9.760786410802058555e+00,9.000000000000000000e+01,2.004816843473114552e-06,0.000000000000000000e+00,1.475332513684932382e-19,-4.920292710271657183e-05,2.395536358945740849e-26
5.339500000214840838e+03,4.063840008994331215e-22,4.853446567451964455e+00,9.934611470811069012e+02,1.012025527134610030e+02,-1.627446237045147393e-14,1.145832997367048078e-02,1.200894389268369524e-05,7.544358096464402880e-22,-9.760785798285807502e+00,9.000000000000000000e+01,2.165988347734909364e-06,0.000000000000000000e+00,1.475332475212380072e-19,-4.954958482031055563e-05,2.406676256205980166e-26
5.349500000216567969e+03,4.063840079998134493e-22,4.862536332222301638e+00,9.933456104267388582e+02,1.012025644468213557e+02,-1.627446163487332027e-14,1.166082774978904023e-02,1.198131430681085445e-05,7.523627410749445338e-22,-9.760961028260005889e+00,9.000000000000000000e+01,2.371524009804378731e-06,0.000000000000000000e+00,1.475332436102674525e-19,4.965756268298775086e-05,2.333016029845631516e-26
5.359500000218296009e+03,4.063840152291345989e-22,4.871626098221361723e+00,9.932280322071164846e+02,1.012025763518809924e+02,-1.627446088867574830e-14,1.186690355801324655e-02,-1.939344098768220227e-06,-1.004991375133768017e-22,-9.760784566482696434e+00,9.000000000000000000e+01,2.387589067833763393e-06,0.000000000000000000e+00,1.475332396362804941e-19,-5.024672954092712624e-05,2.401474809010889677e-26
5.369500000220024049e+03,4.063840225898413633e-22,4.880715865471366044e+00,9.931083763362839818e+02,1.012025884916908467e+02,-1.627446012799620472e-14,1.207662062642286295e-02,-4.697028458067512534e-06,-2.685511713901994465e-22,-9.761076406386619553e+00,9.000000000000000000e+01,2.547690099167526977e-06,0.000000000000000000e+00,1.475332355930125393e-19,1.149795151408847000e-04,2.251497210812213840e-26
5.379500000221751179e+03,4.063840300838466010e-22,4.889805633994488865e+00,9.929866061154752970e+02,1.012026008731046289e+02,-1.627445935239952861e-14,1.229004328600392069e-02,3.171783832456685510e-06,2.126019769437017904e-22,-9.760901798069628654e+00,9.000000000000000000e+01,2.587006971140093690e-06,0.000000000000000000e+00,1.475332314767700878e-19,1.612457294042326771e-05,2.323806785283578448e-26
5.389500000223479219e+03,4.063840377138255960e-22,4.898895403813594562e+00,9.928626841306686401e+02,1.012026134667612212e+02,-1.627445856369638926e-14,1.250723701260588773e-02,-1.338783777353594451e-05,-7.993963005657221017e-22,-9.760841939566272885e+00,9.000000000000000000e+01,2.437658860851171787e-06,0.000000000000000000e+00,1.475332272662065172e-19,-1.776438257703114574e-05,2.284485155970146147e-26
5.399500000225207259e+03,4.063840454821775795e-22,4.907985174951673635e+00,9.927365724565461278e+02,1.012026262840072235e+02,-1.627445776118445433e-14,1.272826844414015092e-02,-5.400933950540717827e-06,-3.125705878470065507e-22,-9.760667332308683442e+00,9.000000000000000000e+01,2.629045939920119224e-06,0.000000000000000000e+00,1.475332230096449026e-19,-1.166187214534106036e-04,2.394760120551623338e-26
5.409500000226934390e+03,4.063840533910837516e-22,4.917074947432337417e+00,9.926082324422895908e+02,1.012026393523677541e+02,-1.627445694316444802e-14,1.295320538169304064e-02,-3.341666147232721704e-06,-1.853609524603409430e-22,-9.760901176246333577e+00,9.000000000000000000e+01,2.731923627313551582e-06,0.000000000000000000e+00,1.475332186593403812e-19,1.577292880158876156e-05,2.259318613717486359e-26
5.419500000228662429e+03,4.063840614435316548e-22,4.926164721279692849e+00,9.924776244638487697e+02,1.012026526151590673e+02,-1.627445611313453299e-14,1.318211683537778671e-02,-8.460084968810445364e-07,-3.218752065667708501e-23,-9.760959793241077875e+00,9.000000000000000000e+01,2.809775769029043339e-06,0.000000000000000000e+00,1.475332142545647832e-19,4.895926930893844121e-05,2.212165076592272808e-26
5.429500000230390469e+03,4.063840696412027161e-22,4.935254496517962330e+00,9.923447087015956640e+02,1.012026660975977563e+02,-1.627445526950243767e-14,1.341507303277621362e-02,-1.232997771833409644e-05,-7.357897084916021903e-22,-9.760841931612409539e+00,9.000000000000000000e+01,2.862841441000890461e-06,0.000000000000000000e+00,1.475332097660863198e-19,-1.776834034106899031e-05,2.254145891914352468e-26
5.439500000232117600e+03,4.063840779874604952e-22,4.944344273172231574e+00,9.922094443133100867e+02,1.012026798862268748e+02,-1.627445440700518188e-14,1.365214544100870793e-02,-7.597647785981711101e-06,-4.465366272629987668e-22,-9.760959166048364111e+00,9.000000000000000000e+01,3.060576627325227188e-06,0.000000000000000000e+00,1.475332051808159378e-19,4.860446613376470231e-05,2.204759639544083988e-26
5.449500000233845640e+03,4.063840864848389817e-22,4.953434051267485039e+00,9.920717897312715650e+02,1.012026938852654894e+02,-1.627445353150715442e-14,1.389340678364722401e-02,-9.581109181797204332e-06,-5.678801915985971043e-22,-9.760900546249677845e+00,9.000000000000000000e+01,3.100539940675691989e-06,0.000000000000000000e+00,1.475332005271850335e-19,1.541682012797219667e-05,2.209671207849641246e-26
5.459500000235572770e+03,4.063840951359754676e-22,4.962523830829693061e+00,9.919317027730867267e+02,1.012027081220256548e+02,-1.627445264132880418e-14,1.413893107949464566e-02,2.953064681509662518e-06,1.996611932490048088e-22,-9.760843184876584644e+00,9.000000000000000000e+01,3.148123303265319432e-06,0.000000000000000000e+00,1.475331958144360967e-19,-1.705836361941671001e-05,2.215505730048550667e-26
5.469500000237300810e+03,4.063841039435564279e-22,4.971613611885006279e+00,9.917891403734683990e+02,1.012027226251832985e+02,-1.627445173470645904e-14,1.438879365340185734e-02,3.841380919131567407e-07,4.162733782166087757e-23,-9.760959793301397625e+00,9.000000000000000000e+01,3.370492979708401402e-06,0.000000000000000000e+00,1.475331909951387930e-19,4.896002915538862597e-05,2.170802737081650783e-26
5.479500000239028850e+03,4.063841129101229050e-22,4.980703394459796485e+00,9.916440588962286711e+02,1.012027374051034485e+02,-1.627445081100209145e-14,1.464307115524048075e-02,8.516317959879072521e-06,5.408444727625931762e-22,-9.760785198125216056e+00,9.000000000000000000e+01,3.238093154761687508e-06,0.000000000000000000e+00,1.475331860930136944e-19,-4.988744871840785418e-05,2.192631819757932648e-26
5.489500000240755980e+03,4.063841220387532837e-22,4.989793178579656541e+00,9.914964137738570571e+02,1.012027524537810024e+02,-1.627444987070329635e-14,1.490184160397530627e-02,2.041891499024702850e-05,1.268790334424755196e-21,-9.760903072228094501e+00,9.000000000000000000e+01,3.478136766458663216e-06,0.000000000000000000e+00,1.475331811057834366e-19,1.684751849142858713e-05,2.150450889943869265e-26
5.499500000242484020e+03,4.063841313323444992e-22,4.998882964273831497e+00,9.913461598483845592e+02,1.012027677704125637e+02,-1.627444891387251997e-14,1.516518437058999268e-02,1.122608690863220117e-05,7.070078821601310699e-22,-9.760843821422042765e+00,9.000000000000000000e+01,3.428076438771986806e-06,0.000000000000000000e+00,1.475331760077859422e-19,-1.669735839287190125e-05,2.129433685558311252e-26
5.509500000244212060e+03,4.063841407936542142e-22,5.007972751570571646e+00,9.911932508600875735e+02,1.012027833371162302e+02,-1.627444794158523215e-14,1.543318025097228062e-02,9.323614158641600229e-06,5.902017738008909145e-22,-9.760785202517073600e+00,9.000000000000000000e+01,3.517666735594887690e-06,0.000000000000000000e+00,1.475331708409215504e-19,-4.988448243308246796e-05,2.143013847277297790e-26
5.519500000245939191e+03,4.063841504258388662e-22,5.017062540498357315e+00,9.910376399522647262e+02,1.012027991754466427e+02,-1.627444695252797949e-14,1.570591146618747005e-02,6.676980907267692129e-06,4.270788087741248927e-22,-9.760901804940777637e+00,9.000000000000000000e+01,3.790496013837138124e-06,0.000000000000000000e+00,1.475331655856617409e-19,1.613052593966688529e-05,2.102943076639118010e-26
5.529500000247667231e+03,4.063841602316987648e-22,5.026152331086268354e+00,9.908792793769389391e+02,1.012028153027410582e+02,-1.627444594563333220e-14,1.598346167660672987e-02,1.417089595924962017e-05,8.862086266919053132e-22,-9.760902448243408358e+00,9.000000000000000000e+01,3.850729587394631064e-06,0.000000000000000000e+00,1.475331602455430024e-19,1.649490023014949414e-05,2.080246113875871157e-26
5.539500000249394361e+03,4.063841702143810846e-22,5.035242123364014333e+00,9.907181205432862043e+02,1.012028317160712447e+02,-1.627444492107953183e-14,1.626591603383812160e-02,-9.476098614889729390e-06,-5.608742594102934659e-22,-9.760841913130725800e+00,9.000000000000000000e+01,3.829671567404098065e-06,0.000000000000000000e+00,1.475331547778801311e-19,-1.777708098562381220e-05,2.064309120314685522e-26
5.549500000251122401e+03,4.063841803771548284e-22,5.044331917361683182e+00,9.905541140036657453e+02,1.012028484138460698e+02,-1.627444387896531222e-14,1.655336119284422230e-02,-1.133732379622827558e-05,-6.753830066312134306e-22,-9.760783289731339352e+00,9.000000000000000000e+01,3.947540888344140157e-06,0.000000000000000000e+00,1.475331492428945249e-19,-5.096673889205383774e-05,2.082316869087869701e-26
5.559500000252850441e+03,4.063841907230022252e-22,5.053421713109814029e+00,9.903872094741091132e+02,1.012028654278308721e+02,-1.627444281733231669e-14,1.684588533620752504e-02,-1.829479866806325852e-05,-1.102702208383688559e-21,-9.760782647102816512e+00,9.000000000000000000e+01,4.172341246452546587e-06,0.000000000000000000e+00,1.475331435946129361e-19,-5.133038784989421452e-05,2.095519360703929573e-26
5.569500000254578481e+03,4.063842012551790654e-22,5.062511510639722268e+00,9.902173557346686721e+02,1.012028827660871997e+02,-1.627444173569029345e-14,1.714357820333505325e-02,7.916165530410193297e-06,5.036762709753225030e-22,-9.760901815696263029e+00,9.000000000000000000e+01,4.206265526129347391e-06,0.000000000000000000e+00,1.475331378719787995e-19,1.613748241306281312e-05,1.993561432038558148e-26
5.579500000256305611e+03,4.063842119770606163e-22,5.071601309983144290e+00,9.900445007570087910e+02,1.012029003784704173e+02,-1.627444063710855511e-14,1.744653112298856848e-02,-1.357583352006149220e-05,-8.123436749632323650e-22,-9.760899887424855592e+00,9.000000000000000000e+01,4.311027272338329240e-06,0.000000000000000000e+00,1.475331320147458006e-19,1.504596850568141262e-05,1.974945272611118290e-26
5.589500000258033651e+03,4.063842228918401320e-22,5.080691111172284558e+00,9.898685913700610399e+02,1.012029183123199090e+02,-1.627443951867488282e-14,1.775483703194774207e-02,-1.891667192343463842e-06,-9.694272228924610889e-23,-9.761017776306806226e+00,9.000000000000000000e+01,4.488558353993011996e-06,0.000000000000000000e+00,1.475331260869852711e-19,8.178933080395826762e-05,1.909033462198905532e-26
5.599500000259760782e+03,4.063842340030826986e-22,5.089780914240189524e+00,9.896895735925063491e+02,1.012029365794136169e+02,-1.627443837967964569e-14,1.806859051583950895e-02,-1.307231196259697459e-05,-7.816666946669738016e-22,-9.760899883458673543e+00,9.000000000000000000e+01,4.539884135331911644e-06,0.000000000000000000e+00,1.475331200219412534e-19,1.504409900979353328e-05,1.938315610319331755e-26
5.609500000261488822e+03,4.063842453145087088e-22,5.098870719220175651e+00,9.895073926458135247e+02,1.012029551940246535e+02,-1.627443721925442147e-14,1.838788783268634208e-02,-5.572178636450196099e-06,-3.225667132449654671e-22,-9.760900527933777937e+00,9.000000000000000000e+01,4.665158958014523457e-06,0.000000000000000000e+00,1.475331138587915681e-19,1.540916602775984647e-05,1.920900410564696296e-26
5.619500000263216862e+03,4.063842568291123347e-22,5.107960526146370306e+00,9.893219925640150905e+02,1.012029741220579666e+02,-1.627443603945635746e-14,1.871282693294371025e-02,-3.265880344547090742e-06,-1.808384350990460242e-22,-9.760959151414718704e+00,9.000000000000000000e+01,4.761519943310011612e-06,0.000000000000000000e+00,1.475331075910691108e-19,4.859923931166813837e-05,1.863818705746058355e-26
5.629500000264943992e+03,4.063842685511260614e-22,5.117050335053546561e+00,9.891333164041861892e+02,1.012029933403902078e+02,-1.627443484173486565e-14,1.904350750644400250e-02,7.362647735855153106e-06,4.697807226055829151e-22,-9.760843199615052868e+00,9.000000000000000000e+01,4.828230271198649562e-06,0.000000000000000000e+00,1.475331012479656833e-19,-1.704705661855168250e-05,1.893205547950986267e-26
5.639500000266672032e+03,4.063842804836215026e-22,5.126140145976828322e+00,9.889413063079118729e+02,1.012030129326049916e+02,-1.627443362092965345e-14,1.938003100052769490e-02,-1.409239351727757952e-05,-8.455966454324440563e-22,-9.760841244587998844e+00,9.000000000000000000e+01,5.112526390511762042e-06,0.000000000000000000e+00,1.475330947400235248e-19,-1.815369731998977288e-05,1.910021627762106137e-26
5.649500000268400072e+03,4.063842926305636948e-22,5.135229958952014506e+00,9.887459035245701671e+02,1.012030328934668972e+02,-1.627443237738051166e-14,1.972250065155433177e-02,-4.555437553454865796e-06,-2.612181676528532368e-22,-9.760900515527371368e+00,9.000000000000000000e+01,5.232030338447013791e-06,0.000000000000000000e+00,1.475330881411092228e-19,1.540294739991122030e-05,1.852652267225946852e-26
5.659500000270127202e+03,4.063843049958044508e-22,5.144319774015799318e+00,9.885470479018986225e+02,1.012030532197818218e+02,-1.627443111128244985e-14,2.007102152203238399e-02,2.264745839859009447e-05,1.404864721145857586e-21,-9.760844507811754056e+00,9.000000000000000000e+01,5.264590821720841146e-06,0.000000000000000000e+00,1.475330814396831106e-19,-1.630579348884681685e-05,1.846328819220134152e-26
5.669500000271855242e+03,4.063843175832177768e-22,5.153409591205295293e+00,9.883446784606203437e+02,1.012030738741271563e+02,-1.627442982492443945e-14,2.042570053333315691e-02,-8.125864176218598934e-06,-4.777312360616443155e-22,-9.760783271799688521e+00,9.000000000000000000e+01,5.185807897038928497e-06,0.000000000000000000e+00,1.475330745745496791e-19,-5.097454683572195093e-05,1.805176008023670628e-26
5.679500000273582373e+03,4.063843303963453904e-22,5.162499410558344159e+00,9.881387331457808614e+02,1.012030948825459120e+02,-1.627442851667637827e-14,2.078664650783297596e-02,-5.811250718641705713e-07,-1.747299510856091418e-23,-9.760783919047797852e+00,9.000000000000000000e+01,5.488679931469159485e-06,0.000000000000000000e+00,1.475330676383470252e-19,-5.060788942253366163e-05,1.821526326230200838e-26
5.689500000275310413e+03,4.063843434395707569e-22,5.171589232113433354e+00,9.879291489217430353e+02,1.012031163023767419e+02,-1.627442718305935186e-14,2.115397016316385159e-02,3.669482053617472820e-06,2.437999844796880744e-22,-9.760901178366614417e+00,9.000000000000000000e+01,5.572968981526746784e-06,0.000000000000000000e+00,1.475330605556409267e-19,1.577908153974926617e-05,1.728646668902903344e-26
5.699500000277038453e+03,4.063843567173086570e-22,5.180679055909733322e+00,9.877158613111823797e+02,1.012031381219962753e+02,-1.627442582479837388e-14,2.152778419065869489e-02,1.115014537279289317e-05,7.028282010665526301e-22,-9.760901844036981245e+00,9.000000000000000000e+01,5.592933654039980546e-06,0.000000000000000000e+00,1.475330533415758616e-19,1.615618175225377306e-05,1.683175783902571738e-26
5.709500000278765583e+03,4.063843702329076509e-22,5.189768881987183669e+00,9.874988049212843180e+02,1.012031602796668750e+02,-1.627442444561842660e-14,2.190820327680918431e-02,8.769172691414144664e-07,7.336239003707908050e-23,-9.761017775934110574e+00,9.000000000000000000e+01,5.845590404159454705e-06,0.000000000000000000e+00,1.475330460080267527e-19,8.179163487136332936e-05,1.619212959887441629e-26
5.719500000280493623e+03,4.063843839909248011e-22,5.198858710386206283e+00,9.872779132239520550e+02,1.012031828660873458e+02,-1.627442303999309760e-14,2.229534412152059386e-02,4.418337154287670603e-06,2.897770524178887324e-22,-9.760901180435935132e+00,9.000000000000000000e+01,5.954886578122267256e-06,0.000000000000000000e+00,1.475330385416586056e-19,1.578094654013936044e-05,1.651201442223909773e-26
5.729500000282221663e+03,4.063843979953558009e-22,5.207948541148174293e+00,9.870531183788552880e+02,1.012032058505920702e+02,-1.627442160977552844e-14,2.268932549409712757e-02,1.524295237001470811e-05,9.521518277213631188e-22,-9.760785246469124488e+00,9.000000000000000000e+01,6.067520324390059058e-06,0.000000000000000000e+00,1.475330309535144136e-19,-4.985521029736901961e-05,1.682645864292725756e-26
5.739500000283948793e+03,4.063844122508564073e-22,5.217038374315086990e+00,9.868243514029309154e+02,1.012032292213246478e+02,-1.627442015570270769e-14,2.309026826378425198e-02,2.969178367867557689e-06,2.008377589292437883e-22,-9.760842553894065077e+00,9.000000000000000000e+01,6.215496114389460795e-06,0.000000000000000000e+00,1.475330232184188299e-19,-1.741018111340573405e-05,1.627774177587666663e-26
5.749500000285676833e+03,4.063844267615092063e-22,5.226128209929797208e+00,9.865915421331301332e+02,1.012032529996986341e+02,-1.627441867644165606e-14,2.349829543344524041e-02,3.236101164914797079e-06,2.167337132868002308e-22,-9.760842554437942908e+00,9.000000000000000000e+01,6.399247903001211563e-06,0.000000000000000000e+00,1.475330153652120534e-19,-1.740962810647532125e-05,1.612233141304058901e-26
5.759500000287403964e+03,4.063844415317859664e-22,5.235218048035642724e+00,9.863546191668137908e+02,1.012032772418286015e+02,-1.627441716855075958e-14,2.391353218305755993e-02,2.524009039176904699e-05,1.563626039184446384e-21,-9.760844546410163858e+00,9.000000000000000000e+01,6.588553016420110277e-06,0.000000000000000000e+00,1.475330073747764128e-19,-1.628161453874327322e-05,1.595706394740960946e-26
5.769500000289132004e+03,4.063844565665396455e-22,5.244307888676948082e+00,9.861135097974911332e+02,1.012033019024072189e+02,-1.627441563482028554e-14,2.433610589196156040e-02,1.972030582735155590e-05,1.225853987301530237e-21,-9.760668663628464969e+00,9.000000000000000000e+01,6.613428007361649741e-06,0.000000000000000000e+00,1.475329992196991120e-19,-1.158579713126047683e-04,1.633024548221303909e-26
5.779500000290860044e+03,4.063844718703715987e-22,5.253397731898709289e+00,9.858681400734931231e+02,1.012033269848106443e+02,-1.627441407502063125e-14,2.476614621416702022e-02,-2.113428869433001600e-05,-1.275563959921829551e-21,-9.760957149854524673e+00,9.000000000000000000e+01,6.906130765253306411e-06,0.000000000000000000e+00,1.475329908910397194e-19,4.746971481257341300e-05,1.484776334005594180e-26
5.789500000292588084e+03,4.063844874480548503e-22,5.262487577746861156e+00,9.856184347337111831e+02,1.012033524800523310e+02,-1.627441248971608784e-14,2.520378506489006146e-02,6.178757781837044825e-06,3.971391021541048456e-22,-9.760901186665998708e+00,9.000000000000000000e+01,6.999672201545896152e-06,0.000000000000000000e+00,1.475329825094714201e-19,1.578623136689686073e-05,1.472235257888825474e-26
5.799500000294315214e+03,4.063845033042647645e-22,5.271577426268026834e+00,9.853643172094598413e+02,1.012033785078317720e+02,-1.627441087155677830e-14,2.564915670905451583e-02,-2.718128116153212798e-06,-1.474296909655254687e-22,-9.760841889264726845e+00,9.000000000000000000e+01,7.099749906708829735e-06,0.000000000000000000e+00,1.475329738959540128e-19,-1.778491314179886376e-05,1.461700392295265610e-26
5.809500000296043254e+03,4.063845194441338317e-22,5.280667277509608404e+00,9.851057094009593129e+02,1.012034050067409368e+02,-1.627440922430822919e-14,2.610239778126246038e-02,1.579271569143163938e-05,9.869450164452161504e-22,-9.760960494864205472e+00,9.000000000000000000e+01,7.223873902929937964e-06,0.000000000000000000e+00,1.475329651561217697e-19,4.936431401966192775e-05,1.364576428748384400e-26
5.819500000297770384e+03,4.063845358725865270e-22,5.289757131520066658e+00,9.848425320647656918e+02,1.012034318877552153e+02,-1.627440755341821611e-14,2.656364732641081083e-02,-4.096585582383273395e-06,-2.306632211573310841e-22,-9.760783258031882070e+00,9.000000000000000000e+01,7.269565446150594037e-06,0.000000000000000000e+00,1.475329562683446197e-19,-5.097862340535861108e-05,1.396511934973147531e-26
5.829500000299498424e+03,4.063845525946335126e-22,5.298846988348526743e+00,9.845747044626623392e+02,1.012034592919017939e+02,-1.627440585022709104e-14,2.703304686039588109e-02,-5.445970856316862515e-06,-3.144144076853173358e-22,-9.760958478067607302e+00,9.000000000000000000e+01,7.638442132441178325e-06,0.000000000000000000e+00,1.475329472193458278e-19,4.822305955578624892e-05,1.323827207092002695e-26
5.839500000301226464e+03,4.063845696158435283e-22,5.307936848045065936e+00,9.843021443029865623e+02,1.012034871999785537e+02,-1.627440411594877838e-14,2.751074037431703451e-02,9.096118231556464854e-06,5.756129822210951731e-22,-9.760725971942921575e+00,9.000000000000000000e+01,7.711916202470978191e-06,0.000000000000000000e+00,1.475329380190746759e-19,-8.341075543616004086e-05,1.395705221807892633e-26
5.849500000302953595e+03,4.063845869409518415e-22,5.317026710660609723e+00,9.840247681802138686e+02,1.012035155499882819e+02,-1.627440235432416384e-14,2.799687442735033713e-02,-4.950324185130156585e-06,-2.848746166018394509e-22,-9.760958476514598914e+00,9.000000000000000000e+01,8.048709463245516560e-06,0.000000000000000000e+00,1.475329286541379822e-19,4.822276293400543432e-05,1.280946103871904288e-26
5.859500000304681635e+03,4.063846045754589666e-22,5.326116576246968215e+00,9.837424908513203263e+02,1.012035444625051639e+02,-1.627440055798631839e-14,2.849159815440555424e-02,7.111873542878695879e-07,6.071128236768328131e-23,-9.760900510463988766e+00,9.000000000000000000e+01,8.306958824383564439e-06,0.000000000000000000e+00,1.475329191134681496e-19,1.540539492398391880e-05,1.295331979280611862e-26
5.869500000306409675e+03,4.063846225249394738e-22,5.335206444856905428e+00,9.834552257051691413e+02,1.012035738478615485e+02,-1.627439873242649648e-14,2.899506332367449146e-02,-9.879233653778306598e-06,-5.867425354433741035e-22,-9.761016430604065874e+00,9.000000000000000000e+01,8.431561226917640386e-06,0.000000000000000000e+00,1.475329094089043029e-19,8.103426704355493634e-05,1.194203424411939834e-26
5.879500000308136805e+03,4.063846407950140130e-22,5.344296316543947434e+00,9.831628846554085612e+02,1.012036037832940991e+02,-1.627439687291552431e-14,2.950742439712549306e-02,1.178634301095201472e-06,9.140127554871843620e-23,-9.760900524330258676e+00,9.000000000000000000e+01,8.434435201572248030e-06,0.000000000000000000e+00,1.475328995416768222e-19,1.541386075342780941e-05,1.182763560471287668e-26
5.889500000309864845e+03,4.063846593909789384e-22,5.353386191362869084e+00,9.828653779709711671e+02,1.012036342162943470e+02,-1.627439498262981028e-14,3.002883856550359748e-02,6.875818949332017760e-06,4.392678232252228957e-22,-9.760842566226134664e+00,9.000000000000000000e+01,8.684480639964928283e-06,0.000000000000000000e+00,1.475328895126632578e-19,-1.739899661415934763e-05,1.194590908524489461e-26
5.899500000311591975e+03,4.063846783188285189e-22,5.362476069369155773e+00,9.825626144297420979e+02,1.012036652155008909e+02,-1.627439305738721459e-14,3.055946578642440917e-02,1.256882150251869938e-05,7.882736915768097536e-22,-9.760784614579581131e+00,9.000000000000000000e+01,8.795309027062207918e-06,0.000000000000000000e+00,1.475328792923837850e-19,-5.020818978538940089e-05,1.173013515382237851e-26
5.909500000313320015e+03,4.063846975844903965e-22,5.371565950619415553e+00,9.822545011257752776e+02,1.012036967837598098e+02,-1.627439109700356980e-14,3.109946885113054962e-02,1.284164673505232527e-05,8.047164647218469836e-22,-9.760784616642093070e+00,9.000000000000000000e+01,9.006896801246190809e-06,0.000000000000000000e+00,1.475328688753580498e-19,-5.020669256744538916e-05,1.144263111362086256e-26
5.919500000315048055e+03,4.063847171936509075e-22,5.380655835170986556e+00,9.819409434841945767e+02,1.012037288957016301e+02,-1.627438910301863456e-14,3.164901342268879036e-02,2.580477307531130884e-05,1.598956127237670920e-21,-9.760727349851316959e+00,9.000000000000000000e+01,9.118371935054618552e-06,0.000000000000000000e+00,1.475328582975682496e-19,-8.262814125809793354e-05,1.119479615371219283e-26
5.929500000316775186e+03,4.063847371525525851e-22,5.389745723080857864e+00,9.816218453263863921e+02,1.012037615566072759e+02,-1.627438707510660933e-14,3.220826810044521982e-02,1.336306600515141163e-05,8.376310759602228343e-22,-9.760784620899572772e+00,9.000000000000000000e+01,9.294821958895289858e-06,0.000000000000000000e+00,1.475328475164179176e-19,-5.020361093326154733e-05,1.047595506623808167e-26
5.939500000318503226e+03,4.063847574677428859e-22,5.398835614410346651e+00,9.812971088867634535e+02,1.012037947730483012e+02,-1.627438501287868664e-14,3.277740445777826972e-02,-2.080591308073739739e-05,-1.255447074981018146e-21,-9.760839834217001965e+00,9.000000000000000000e+01,9.602296383171786393e-06,0.000000000000000000e+00,1.475328365347180450e-19,-1.894406652647805559e-05,1.008963449471334525e-26
5.949500000320231266e+03,4.063847781448720350e-22,5.407925509220293137e+00,9.809666344411671162e+02,1.012038286864144254e+02,-1.627438290765369837e-14,3.335659708040340093e-02,-6.060239235952346816e-07,-1.661564124089716975e-23,-9.760783266196044750e+00,9.000000000000000000e+01,9.561957942479970584e-06,0.000000000000000000e+00,1.475328253605978135e-19,-5.096988114127288074e-05,9.498419909560920969e-27
5.959500000321958396e+03,4.063847991905777670e-22,5.417015407572383978e+00,9.806303206300362945e+02,1.012038631216733791e+02,-1.627438077012856998e-14,3.394602368355757044e-02,2.866136527561485197e-05,1.774073777378032376e-21,-9.760786001356223096e+00,9.000000000000000000e+01,9.925081259796162637e-06,0.000000000000000000e+00,1.475328140425610224e-19,-4.942100680260584866e-05,9.412443937678499250e-27
5.969500000323686436e+03,4.063848206111912474e-22,5.426105309529344112e+00,9.802880642646923661e+02,1.012038981513220506e+02,-1.627437859586607880e-14,3.454586507495541886e-02,-3.808266545250490203e-06,-2.141359244825734835e-22,-9.760899835664933022e+00,9.000000000000000000e+01,1.019814073386403892e-05,0.000000000000000000e+00,1.475328024653656332e-19,1.502702384841689223e-05,8.571940003400316249e-27
5.979500000325414476e+03,4.063848424132892730e-22,5.435195215155064652e+00,9.799397603692486882e+02,1.012039338617457958e+02,-1.627437637956968964e-14,3.515630528203898819e-02,1.127482795948729754e-05,7.080808798358618516e-22,-9.760667362012602766e+00,9.000000000000000000e+01,1.040752135576571053e-05,0.000000000000000000e+00,1.475327907040529302e-19,-1.165883250688846951e-04,9.435082759428770132e-27
5.989500000327141606e+03,4.063848646037926844e-22,5.444285124514690821e+00,9.795853020492941141e+02,1.012039701277418686e+02,-1.627437412889841202e-14,3.577753158431053876e-02,-1.606362286204212375e-05,-9.651339886959817701e-22,-9.760957089280767107e+00,9.000000000000000000e+01,1.071083388429710580e-05,0.000000000000000000e+00,1.475327787310055836e-19,4.744209247351713593e-05,7.681459855507630989e-27
5.999500000328869646e+03,4.063848871896686836e-22,5.453375037674532244e+00,9.792245805701240897e+02,1.012040071170745250e+02,-1.627437183359126076e-14,3.640973456044365592e-02,1.314771815808290794e-05,8.236779351379026324e-22,-9.760959852695124894e+00,9.000000000000000000e+01,1.091788623839419680e-05,0.000000000000000000e+00,1.475327665654125000e-19,4.900699305731754155e-05,7.225103117060590393e-27
6.009500000330596777e+03,4.063849101777679577e-22,5.462464954701767184e+00,9.788574852542951703e+02,1.012040446978594730e+02,-1.627436950170834644e-14,3.705310816224277604e-02,-1.174707131416137805e-05,-7.004940083178543678e-22,-9.760840505080224716e+00,9.000000000000000000e+01,1.105389118390569257e-05,0.000000000000000000e+00,1.475327541605473931e-19,-1.856166193103009652e-05,7.233040305195628621e-27
6.019500000332324817e+03,4.063849335750187293e-22,5.471554875665171735e+00,9.784839034089818597e+02,1.012040830442471275e+02,-1.627436712256583552e-14,3.770784977438281643e-02,1.409515253259304538e-05,8.821101797592138949e-22,-9.760726005933493710e+00,9.000000000000000000e+01,1.119360264606521681e-05,0.000000000000000000e+00,1.475327415384016144e-19,-8.338532762395821124e-05,7.207015839770094064e-27
6.029500000334052856e+03,4.063849573887471964e-22,5.480644800634370206e+00,9.781037205886095762e+02,1.012041220177123648e+02,-1.627436470464318755e-14,3.837416026290400850e-02,1.604037799641555944e-05,1.002210338379703211e-21,-9.760784644962159362e+00,9.000000000000000000e+01,1.136147723292928999e-05,0.000000000000000000e+00,1.475327286957263848e-19,-5.018624365900975438e-05,6.294997864360546848e-27
6.039500000335779987e+03,4.063849816267295833e-22,5.489734729680376013e+00,9.777168200202286243e+02,1.012041616170654663e+02,-1.627436224802245039e-14,3.905224404751039824e-02,-1.487662059567481110e-05,-8.912220382364053549e-22,-9.760957077254818870e+00,9.000000000000000000e+01,1.172350514176874718e-05,0.000000000000000000e+00,1.475327156260870519e-19,4.743727311234778718e-05,5.241291294693252858e-27
6.049500000337508027e+03,4.063850062959835442e-22,5.498824662875466451e+00,9.773230831092223525e+02,1.012042019969118485e+02,-1.627435974321961636e-14,3.974230914522150493e-02,1.267419500273745230e-05,7.955214445990673262e-22,-9.760901226822419119e+00,9.000000000000000000e+01,1.195486291307502099e-05,0.000000000000000000e+00,1.475327023475492962e-19,1.581778683036664358e-05,5.077130103101223069e-27
6.059500000339236067e+03,4.063850314040924754e-22,5.507914600293184471e+00,9.769223890192806721e+02,1.012042430974231877e+02,-1.627435719388228365e-14,4.044456726396600255e-02,1.127222529089326262e-05,7.094657646137959463e-22,-9.760842591618656527e+00,9.000000000000000000e+01,1.218424718836810085e-05,0.000000000000000000e+00,1.475326887995365541e-19,-1.737829690048864600e-05,4.904393449394393253e-27
6.069500000340963197e+03,4.063850569589956186e-22,5.517004542008444368e+00,9.765146147776395082e+02,1.012042848605677960e+02,-1.627435460357051524e-14,4.115923384876141872e-02,1.383765100392533597e-05,8.664516454346630733e-22,-9.760667380372296975e+00,9.000000000000000000e+01,1.234163281478145603e-05,0.000000000000000000e+00,1.475326750531067333e-19,-1.165742888603658965e-04,5.161475971608955621e-27
6.079500000342691237e+03,4.063850829682946136e-22,5.526094488097233359e+00,9.760996353663504124e+02,1.012043273658075009e+02,-1.627435196737258231e-14,4.188652816430188386e-02,-5.010652280360282768e-06,-2.884098541600047534e-22,-9.761016406793356026e+00,9.000000000000000000e+01,1.286078607888357593e-05,0.000000000000000000e+00,1.475326610391293004e-19,8.102860405344774813e-05,3.476726411617483587e-27
6.089500000344418368e+03,4.063851094404209995e-22,5.535184438637226201e+00,9.756773233124986291e+02,1.012043706956873308e+02,-1.627434928029025270e-14,4.262667330534006260e-02,1.605170235233775020e-05,1.001302352695735723e-21,-9.760726023012377794e+00,9.000000000000000000e+01,1.295077679481865401e-05,0.000000000000000000e+00,1.475326467831659201e-19,-8.337267502468361121e-05,4.147524653592859702e-27
6.099500000346146408e+03,4.063851363829258226e-22,5.544274393707167903e+00,9.752475492050871253e+02,1.012044147374581087e+02,-1.627434654914857424e-14,4.337989637008577565e-02,6.698875885484843370e-06,4.287097512301855231e-22,-9.760900534424218122e+00,9.000000000000000000e+01,1.330027957754475768e-05,0.000000000000000000e+00,1.475326322721692355e-19,1.542798937434738189e-05,2.933713819301554246e-27
6.109500000347874447e+03,4.063851638043004311e-22,5.553364353387307162e+00,9.748101811828091741e+02,1.012044595611758098e+02,-1.627434376967810236e-14,4.414642842456614064e-02,-5.928385185433285099e-06,-3.443073966168123187e-22,-9.760957766139386038e+00,9.000000000000000000e+01,1.357989084158982495e-05,0.000000000000000000e+00,1.475326175007230259e-19,4.783037714825137145e-05,2.161293428529386119e-27
6.119500000349602487e+03,4.063851917126995584e-22,5.562454317759379485e+00,9.743650850215926766e+02,1.012045052366259057e+02,-1.627434093758442658e-14,4.492650463151418028e-02,3.993088844954868413e-06,2.634502514525825597e-22,-9.760783259299394388e+00,9.000000000000000000e+01,1.372724003687254093e-05,0.000000000000000000e+00,1.475326024617913156e-19,-5.096676625279722872e-05,2.288093380628993486e-27
6.129500000351329618e+03,4.063852201174754375e-22,5.571544286906564558e+00,9.739121241224929690e+02,1.012045517001358945e+02,-1.627433805678436437e-14,4.572036431877051638e-02,2.033047399853334903e-05,1.264165541449874369e-21,-9.760843316938743186e+00,9.000000000000000000e+01,1.399487783565264376e-05,0.000000000000000000e+00,1.475325871759998995e-19,-1.696445397740801596e-05,1.461866773719018915e-27
6.139500000353057658e+03,4.063852490269029374e-22,5.580634260913292621e+00,9.734511596253141761e+02,1.012045989300519722e+02,-1.627433512856470879e-14,4.652825104051402233e-02,-3.617796463190437455e-06,-2.031899277463031985e-22,-9.761016402968799355e+00,9.000000000000000000e+01,1.447080262896830711e-05,0.000000000000000000e+00,1.475325716067511012e-19,8.102925819949281891e-05,4.625727791656610532e-28
6.149500000354784788e+03,4.063852784497982657e-22,5.589724239865572208e+00,9.729820500621572137e+02,1.012046470495867254e+02,-1.627433214539678592e-14,4.735041262280940966e-02,1.361507349539419599e-05,8.525364665938769933e-22,-9.760842609831559713e+00,9.000000000000000000e+01,1.460684024513749276e-05,0.000000000000000000e+00,1.475325557793842848e-19,-1.736379729857868002e-05,4.910414474814003498e-28
6.159500000356512828e+03,4.063853083955228715e-22,5.598814223851212191e+00,9.725046514952555299e+02,1.012046959407800983e+02,-1.627432911447333485e-14,4.818710132740841590e-02,-3.211440742440798378e-05,-1.948351451192323120e-21,-9.761013562561887014e+00,9.000000000000000000e+01,1.506598163306563406e-05,0.000000000000000000e+00,1.475325396472610102e-19,7.942215660741957757e-05,-5.482736339976193526e-28
6.169500000358239959e+03,4.063853388729536647e-22,5.607904212959304857e+00,9.720188174638897181e+02,1.012047458097549111e+02,-1.627432602318382708e-14,4.903857380975795016e-02,-6.046143564875163407e-06,-3.507508693678871661e-22,-9.760899128370104094e+00,9.000000000000000000e+01,1.515200889442329732e-05,0.000000000000000000e+00,1.475325232488243559e-19,1.463538293188063528e-05,-9.675837618346874430e-28
6.179500000359967999e+03,4.063853698919475418e-22,5.616994207280511020e+00,9.715243989983573556e+02,1.012047965396844376e+02,-1.627432287866547220e-14,4.990509132321280933e-02,1.443690694054404246e-06,1.079643680366260201e-22,-9.760899832658298081e+00,9.000000000000000000e+01,1.545363191230790016e-05,0.000000000000000000e+00,1.475325065521860016e-19,1.503464576684944383e-05,-1.580531708943680174e-27
6.189500000361696038e+03,4.063854014619298045e-22,5.626084206907066232e+00,9.710212443266063929e+02,1.012048481465420764e+02,-1.627431967993034813e-14,5.078691969609391843e-02,1.047776674452435610e-05,6.606562840571019918e-22,-9.760959186831833279e+00,9.000000000000000000e+01,1.583854719441291919e-05,0.000000000000000000e+00,1.475324895741611936e-19,4.863874081106034071e-05,-2.273345679431284365e-27
6.199500000363424078e+03,4.063854335922852706e-22,5.635174211933117405e+00,9.705091991610825062e+02,1.012049006573799943e+02,-1.627431642531895974e-14,5.168432944794586203e-02,1.031744401660722023e-05,6.518382214092545188e-22,-9.760666698955628107e+00,9.000000000000000000e+01,1.588743946975393519e-05,0.000000000000000000e+00,1.475324722916690817e-19,-1.169536859764625533e-04,-1.939904913563212918e-27
6.209500000365151209e+03,4.063854662930063473e-22,5.644264222454078883e+00,9.699881063755601645e+02,1.012049541048738348e+02,-1.627431311277342137e-14,5.259759593717113629e-02,1.517978428084572646e-05,9.479050291289992705e-22,-9.760842623439653920e+00,9.000000000000000000e+01,1.646292577692995226e-05,0.000000000000000000e+00,1.475324547054571917e-19,-1.735290810555034736e-05,-2.828016273498298957e-27
6.219500000366879249e+03,4.063854995739005131e-22,5.653354238567214196e+00,9.694578061234205961e+02,1.012050084968800121e+02,-1.627430974183783767e-14,5.352699930085102337e-02,8.190508255506711793e-06,5.204423402813083967e-22,-9.760841909552983253e+00,9.000000000000000000e+01,1.673446553108214784e-05,0.000000000000000000e+00,1.475324367966861009e-19,-1.775651290157052693e-05,-3.556229896137977753e-27
6.229500000368606379e+03,4.063855334455584080e-22,5.662444260371621851e+00,9.689181356448680162e+02,1.012050638581729061e+02,-1.627430631098437756e-14,5.447282469206198713e-02,-2.862008225336800162e-07,1.313003873335300103e-24,-9.760782551488624392e+00,9.000000000000000000e+01,1.703551205434740854e-05,0.000000000000000000e+00,1.475324185667833327e-19,-5.136170061540727471e-05,-3.917568094039448327e-27
6.239500000370334419e+03,4.063855679181670069e-22,5.671534287968011512e+00,9.683689294457435608e+02,1.012051201924655004e+02,-1.627430281995903414e-14,5.543536228219490825e-02,8.710506939175976756e-06,5.522453127283526242e-22,-9.760841912332889336e+00,9.000000000000000000e+01,1.739764497238022818e-05,0.000000000000000000e+00,1.475324000381976949e-19,-1.775378052086153650e-05,-4.793612229851569574e-27
6.249500000372062459e+03,4.063856030023164797e-22,5.680624321458866532e+00,9.678100189715623856e+02,1.012051775213142264e+02,-1.627429926743419868e-14,5.641490736771618414e-02,-4.033948998724011264e-06,-2.279837026453362299e-22,-9.760899115657215575e+00,9.000000000000000000e+01,1.775421573638610525e-05,0.000000000000000000e+00,1.475323811598035477e-19,1.463266424391263532e-05,-5.696080741520079124e-27
6.259500000373789590e+03,4.063856387094234625e-22,5.689714360948662453e+00,9.672412328226491809e+02,1.012052358730600758e+02,-1.627429565169356544e-14,5.741176047128608573e-02,9.245718618870434600e-06,5.840495097071709615e-22,-9.760841908088474739e+00,9.000000000000000000e+01,1.818439003171953825e-05,0.000000000000000000e+00,1.475323619727031489e-19,-1.775498414809256878e-05,-5.866328312179266506e-27
6.269500000375517629e+03,4.063856750497136277e-22,5.698804406543295009e+00,9.666623964859172702e+02,1.012052952694066619e+02,-1.627429197137039819e-14,5.842622739886645100e-02,9.488034206031010972e-06,5.999498674963671872e-22,-9.760841916809701146e+00,9.000000000000000000e+01,1.842231096666654120e-05,0.000000000000000000e+00,1.475323424257863623e-19,-1.774942940510726539e-05,-6.770999116577267983e-27
6.279500000377245669e+03,4.063857120345032713e-22,5.707894458351119304e+00,9.660733322892338037e+02,1.012053557183804458e+02,-1.627428822595020184e-14,5.945861940325742473e-02,-1.052899818191761321e-05,-6.252618727779937078e-22,-9.760898390154629567e+00,9.000000000000000000e+01,1.876535834294452455e-05,0.000000000000000000e+00,1.475323225105855480e-19,1.422376986086763747e-05,-7.788805577921846427e-27
6.289500000378972800e+03,4.063857496750301193e-22,5.716984516481965706e+00,9.654738596286624670e+02,1.012054171936048590e+02,-1.627428441703274215e-14,6.050925321028095133e-02,-1.170752866926890316e-05,-6.981710630150890334e-22,-9.760839745627274411e+00,9.000000000000000000e+01,1.916680072861861285e-05,0.000000000000000000e+00,1.475323022886780790e-19,-1.897738662268133694e-05,-8.057601844572750766e-27
6.299500000380700840e+03,4.063857879831315409e-22,5.726074581047718937e+00,9.648637945726513863e+02,1.012054798095795149e+02,-1.627428053760400121e-14,6.157845114892183253e-02,8.759562182320940985e-06,5.551272333620753850e-22,-9.761075768348014492e+00,9.000000000000000000e+01,1.966516148543500831e-05,0.000000000000000000e+00,1.475322817044830133e-19,1.146483011782520333e-04,-9.709862414744629033e-27
6.309500000382427970e+03,4.063858269703079146e-22,5.735164652162244359e+00,9.642429499104619026e+02,1.012055435007159190e+02,-1.627427659168798373e-14,6.266654121364156893e-02,9.093125650187197564e-06,5.764302910991941716e-22,-9.760783279974013738e+00,9.000000000000000000e+01,1.979162229879168078e-05,0.000000000000000000e+00,1.475322607525562526e-19,-5.094429178394327857e-05,-9.471374026631563227e-27
6.319500000384156010e+03,4.063858666488340815e-22,5.744254729941577153e+00,9.636111352471634746e+02,1.012056083363627010e+02,-1.627427257499224196e-14,6.377385725916738524e-02,-9.533843555125399644e-06,-5.638502340340591844e-22,-9.760898384134138794e+00,9.000000000000000000e+01,2.021139574776128957e-05,0.000000000000000000e+00,1.475322394000533005e-19,1.422298065306342841e-05,-1.072583232690890499e-26
6.329500000385884050e+03,4.063859070305696981e-22,5.753344814503298821e+00,9.629681566571816802e+02,1.012056743435231567e+02,-1.627426848584407521e-14,6.490073899696742477e-02,1.525875787817955257e-05,9.533114763735492122e-22,-9.761017858369227085e+00,9.000000000000000000e+01,2.075956047955703485e-05,0.000000000000000000e+00,1.475322177050780913e-19,8.186439652540025702e-05,-1.170509878964367815e-26
6.339500000387611180e+03,4.063859481283951733e-22,5.762434905967689147e+00,9.623138168696314096e+02,1.012057414593672320e+02,-1.627426432813805191e-14,6.604753211692936110e-02,-4.577319340744602579e-06,-2.607181984505034708e-22,-9.760781823576229144e+00,9.000000000000000000e+01,2.096701704398748229e-05,0.000000000000000000e+00,1.475321956104169758e-19,-5.176678095254000041e-05,-1.165655489572511828e-26
6.349500000389339220e+03,4.063859899544215783e-22,5.771525004456816710e+00,9.616479152236133814e+02,1.012058097942215227e+02,-1.627426009502574239e-14,6.721458849133263302e-02,-1.525537950515004359e-06,-7.452534173644882407e-23,-9.760899111470960676e+00,9.000000000000000000e+01,2.150153444820050488e-05,0.000000000000000000e+00,1.475321731334547701e-19,1.463685442885597577e-05,-1.272041369173568431e-26
6.359500000391067260e+03,4.063860325219043988e-22,5.780615110094605491e+00,9.609702474297955632e+02,1.012058793046673344e+02,-1.627425578920507618e-14,6.840226613900281250e-02,5.972418957950148021e-06,3.840800378851775119e-22,-9.760899844130683789e+00,9.000000000000000000e+01,2.196178254193560764e-05,0.000000000000000000e+00,1.475321502829332702e-19,1.505236981729627875e-05,-1.337327871281336528e-26
6.369500000392794391e+03,4.063860758436627766e-22,5.789705223006130552e+00,9.602806056141853333e+02,1.012059500690112657e+02,-1.627425140585140838e-14,6.961092943143146194e-02,-5.536836671590959443e-06,-3.196738583847489060e-22,-9.761015666617790743e+00,9.000000000000000000e+01,2.235095081087180616e-05,0.000000000000000000e+00,1.475321269945946420e-19,8.062638509783632038e-05,-1.486837381225314661e-26
6.379500000394522431e+03,4.063861199328645527e-22,5.798795343321905271e+00,9.595787781253457069e+02,1.012060221096274120e+02,-1.627424694355947164e-14,7.084094919021249881e-02,2.096137616663296645e-05,1.301246671458402878e-21,-9.760901316453930221e+00,9.000000000000000000e+01,2.286764967909289551e-05,0.000000000000000000e+00,1.475321033233959463e-19,1.588741141957950495e-05,-1.481492204522405572e-26
6.389500000396250471e+03,4.063861648032034367e-22,5.807885471172845371e+00,9.588645496135577559e+02,1.012060954065701424e+02,-1.627424240356716543e-14,7.209270275713579312e-02,6.713682215413601268e-06,4.300956544264112260e-22,-9.760899847294648879e+00,9.000000000000000000e+01,2.317823018218243466e-05,0.000000000000000000e+00,1.475320791989553976e-19,1.505640325922178756e-05,-1.594071975860930552e-26
6.399500000397977601e+03,4.063862104682115786e-22,5.816975606692176726e+00,9.581377010326832533e+02,1.012061699630342559e+02,-1.627423778561774076e-14,7.336657419695416515e-02,-1.340174631464325294e-05,-8.022575700630113114e-22,-9.760956281516405042e+00,9.000000000000000000e+01,2.371210452912773698e-05,0.000000000000000000e+00,1.475320546623564038e-19,4.700759446081650180e-05,-1.684121490701816850e-26
6.409500000399705641e+03,4.063862569417082311e-22,5.826065750015509970e+00,9.573980094129219651e+02,1.012062459091145712e+02,-1.627423308175022165e-14,7.466295429834228503e-02,5.892296045320250718e-06,3.793470980533883157e-22,-9.760841204037125962e+00,9.000000000000000000e+01,2.407762947056168369e-05,0.000000000000000000e+00,1.475320296971492360e-19,-1.814310883895556758e-05,-1.727571573598076144e-26
6.419500000401432771e+03,4.063863042384531363e-22,5.835155901280982604e+00,9.566452477453276515e+02,1.012063231750369283e+02,-1.627422829623098243e-14,7.598224079459572899e-02,2.175399100121974520e-07,3.289556481438093999e-23,-9.760899111096701830e+00,9.000000000000000000e+01,2.446836817017739978e-05,0.000000000000000000e+00,1.475320042761402449e-19,1.464196558819949983e-05,-1.862288215709160858e-26
6.429500000403160811e+03,4.063863523725733853e-22,5.844246060628995210e+00,9.558791851047426462e+02,1.012064017759792733e+02,-1.627422342808078167e-14,7.732483845719127780e-02,6.420538984775967458e-06,4.111638809651205236e-22,-9.760841206082982779e+00,9.000000000000000000e+01,2.504930556641088224e-05,0.000000000000000000e+00,1.475319784363898357e-19,-1.814033511628312468e-05,-1.888605679272037021e-26
6.439500000404888851e+03,4.063864013588863666e-22,5.853336228202500102e+00,9.550995865296572447e+02,1.012064818282229481e+02,-1.627421847020002267e-14,7.869115915109052561e-02,3.301801049577983118e-05,2.040440379056928423e-21,-9.760726882845307983e+00,9.000000000000000000e+01,2.539491672420649546e-05,0.000000000000000000e+00,1.475319521290680528e-19,-8.286397943452574778e-05,-1.948445239490117359e-26
6.449500000406615982e+03,4.063864512127100881e-22,5.862426404146856562e+00,9.543062127819284797e+02,1.012065632583293109e+02,-1.627421342704382896e-14,8.008162209749110361e-02,9.824693447091284511e-07,7.893444056630441317e-23,-9.760899111527050920e+00,9.000000000000000000e+01,2.596346565640017694e-05,0.000000000000000000e+00,1.475319253127979042e-19,1.464470094427449350e-05,-2.110666937725655498e-26
6.459500000408344022e+03,4.063865019487649834e-22,5.871516588610104392e+00,9.534988204762339592e+02,1.012066461144942338e+02,-1.627420829564297227e-14,8.149665385924448335e-02,5.910710576663655652e-06,3.803107813059248019e-22,-9.760782562854334543e+00,9.000000000000000000e+01,2.642464028388064992e-05,0.000000000000000000e+00,1.475318980717410842e-19,-5.133885462804977507e-05,-2.147080857535551508e-26
6.469500000410072062e+03,4.063865535829341911e-22,5.880606781742947931e+00,9.526771620102226734e+02,1.012067304382924249e+02,-1.627420307342859647e-14,8.293668858165616220e-02,-5.743647674971157457e-06,-3.335523451098421944e-22,-9.760898366554352279e+00,9.000000000000000000e+01,2.701132573120109526e-05,0.000000000000000000e+00,1.475318703297170966e-19,1.422466467106661216e-05,-2.281514880294362126e-26
6.479500000411799192e+03,4.063866061313338328e-22,5.889696983698558874e+00,9.518409851985052228e+02,1.012068163111283354e+02,-1.627419775545720058e-14,8.440216802162225918e-02,2.561482116441783803e-05,1.587903246316701325e-21,-9.760667510723497031e+00,9.000000000000000000e+01,2.726288694562165090e-05,0.000000000000000000e+00,1.475318421137873276e-19,-1.164742288511777236e-04,-2.317487730120796234e-26
6.489500000413527232e+03,4.063866596095605087e-22,5.898787194633171360e+00,9.509900335259735584e+02,1.012069036083118760e+02,-1.627419234923774960e-14,8.589354185627580407e-02,1.047615697106691861e-05,6.603516969036397111e-22,-9.760958507633738179e+00,9.000000000000000000e+01,2.799858674854496544e-05,0.000000000000000000e+00,1.475318133988620860e-19,4.827552914721566270e-05,-2.516814377301096970e-26
6.499500000415254362e+03,4.063867140349788564e-22,5.907877414705379415e+00,9.501240459429100156e+02,1.012069924827843295e+02,-1.627418684550945511e-14,8.741126757146522319e-02,-1.823618444578280434e-05,-1.097511090194859780e-21,-9.760955513742596068e+00,9.000000000000000000e+01,2.849707976554723373e-05,0.000000000000000000e+00,1.475317841441208533e-19,4.658145053397321324e-05,-2.621341363174814837e-26
6.509500000416982402e+03,4.063867694234494919e-22,5.916967644076787103e+00,9.492427567401900887e+02,1.012070829502394815e+02,-1.627418124321667292e-14,8.895581083122382215e-02,-5.978354965465900539e-06,-3.478701181929995746e-22,-9.760839707856526104e+00,9.000000000000000000e+01,2.906635740098509479e-05,0.000000000000000000e+00,1.475317544062393180e-19,-1.898149371672926990e-05,-2.655152044761298316e-26
6.519500000418710442e+03,4.063868257923162703e-22,5.926057882911823782e+00,9.483458955567330122e+02,1.012071750230712013e+02,-1.627417554160530248e-14,9.052764549104330705e-02,9.984426586162622016e-06,6.294991693866061405e-22,-9.760899865136199338e+00,9.000000000000000000e+01,2.964006763553810457e-05,0.000000000000000000e+00,1.475317241438012716e-19,1.507770257692382718e-05,-2.778184847969526925e-26
6.529500000420438482e+03,4.063868831589603331e-22,5.935148131377897762e+00,9.474331872956827283e+02,1.012072687176071639e+02,-1.627416973967192220e-14,9.212725377866952392e-02,2.985019794682145091e-06,2.017003740389532364e-22,-9.760899114436234925e+00,9.000000000000000000e+01,3.011737075403052733e-05,0.000000000000000000e+00,1.475316933248817530e-19,1.465366426700725660e-05,-2.902055928216900780e-26
6.539500000422165613e+03,4.063869415408316589e-22,5.944238389645295051e+00,9.465043518664315343e+02,1.012073640524298241e+02,-1.627416383621803463e-14,9.375512647907903452e-02,-2.774501410646021125e-06,-1.520595029060454900e-22,-9.760957009664288364e+00,9.000000000000000000e+01,3.081816529243552980e-05,0.000000000000000000e+00,1.475316619718237403e-19,4.743222603696177421e-05,-3.004721402016243121e-26
6.549500000423893653e+03,4.063870009555757343e-22,5.953328657887213993e+00,9.455591044221073389e+02,1.012074610803826289e+02,-1.627415782803292540e-14,9.541176296661103839e-02,3.473658035468416641e-06,2.323913137583922306e-22,-9.760899131921801697e+00,9.000000000000000000e+01,3.115855708366554978e-05,0.000000000000000000e+00,1.475316300743662879e-19,1.466555795735801254e-05,-3.131850692622713044e-26
6.559500000425620783e+03,4.063870614213495274e-22,5.962418936279953563e+00,9.445971548669040203e+02,1.012075598556126010e+02,-1.627415171171854776e-14,9.709767155009504935e-02,1.581766318665380128e-05,9.882018930895014730e-22,-9.760783330640604660e+00,9.000000000000000000e+01,3.170240198609292726e-05,0.000000000000000000e+00,1.475315976021687049e-19,-5.089469102673343842e-05,-3.199074777955727437e-26
6.569500000427348823e+03,4.063871229568659206e-22,5.971509225003081234e+00,9.436182081243023276e+02,1.012076603071233336e+02,-1.627414549161612002e-14,9.881336945750246459e-02,-4.433295005570851038e-06,-2.523347149970604568e-22,-9.760839711147466957e+00,9.000000000000000000e+01,3.237824736302122097e-05,0.000000000000000000e+00,1.475315645585763315e-19,-1.897364220346644390e-05,-3.320886266678799587e-26
6.579500000429075953e+03,4.063871855810631625e-22,5.980599524239032405e+00,9.426219638930633664e+02,1.012077625686898017e+02,-1.627413915953120123e-14,1.005593830523102139e-01,-2.470491196409992552e-05,-1.493966099301154348e-21,-9.760896085182745097e+00,9.000000000000000000e+01,3.304833138142175997e-05,0.000000000000000000e+00,1.475315309128385184e-19,1.294376450833751220e-05,-3.448892809328060162e-26
6.589500000430803993e+03,4.063872493130762322e-22,5.989689834173861804e+00,9.416081164674833417e+02,1.012078666592860259e+02,-1.627413271426464393e-14,1.023362480217370057e-01,-4.062480393208212545e-07,-6.939591192510256468e-24,-9.761015657295338599e+00,9.000000000000000000e+01,3.381129090429789576e-05,0.000000000000000000e+00,1.475314967103548030e-19,8.064098777109255430e-05,-3.592147969581934074e-26
6.599500000432532033e+03,4.063873141725202278e-22,5.998780154996514291e+00,9.405763548379763961e+02,1.012079725896805513e+02,-1.627412615520001010e-14,1.041445094517197967e-01,8.509159189843147468e-06,5.403983610200570774e-22,-9.760723931522678143e+00,9.000000000000000000e+01,3.413540314089081874e-05,0.000000000000000000e+00,1.475314618869492993e-19,-8.451941631924751708e-05,-3.629362324054642417e-26
6.609500000434260073e+03,4.063873801791496140e-22,6.007870486899520301e+00,9.395263624116778374e+02,1.012080803500169139e+02,-1.627411948281410623e-14,1.059847222048004578e-01,-2.257018017940447317e-06,-1.185875660641253832e-22,-9.760898358519904505e+00,9.000000000000000000e+01,3.484669475652207941e-05,0.000000000000000000e+00,1.475314264495025608e-19,1.423411664901263133e-05,-3.825494450334323654e-26
6.619500000435987204e+03,4.063874473532408690e-22,6.016960830078706302e+00,9.384578171335160732e+02,1.012081900798812626e+02,-1.627411268858548326e-14,1.078574508227788664e-01,1.134625408975898462e-05,7.134196983156479147e-22,-9.760841233273030326e+00,9.000000000000000000e+01,3.555476327437246330e-05,0.000000000000000000e+00,1.475313903774457278e-19,-1.810638887709879218e-05,-3.901890206757083901e-26
6.629500000437715244e+03,4.063875157156015123e-22,6.026051184733515420e+00,9.373703911341726780e+02,1.012083016883196649e+02,-1.627410577809609255e-14,1.097632698330649609e-01,-1.773628810210311033e-06,-8.790585427737896248e-23,-9.760898373198017453e+00,9.000000000000000000e+01,3.603112525401242427e-05,0.000000000000000000e+00,1.475313536724419371e-19,1.424472359530408854e-05,-4.095737358934379901e-26
6.639500000439442374e+03,4.063875852871601393e-22,6.035141551066790733e+00,9.362637508073821664e+02,1.012084152718201437e+02,-1.627409874532917208e-14,1.117027640207170769e-01,-1.479609675116089079e-06,-7.249499136114401546e-23,-9.760898349133718455e+00,9.000000000000000000e+01,3.698194785225932451e-05,0.000000000000000000e+00,1.475313163322475044e-19,1.423227590998372357e-05,-4.164484089363002908e-26
6.649500000441170414e+03,4.063876560890979829e-22,6.044231929284710425e+00,9.351375566804781556e+02,1.012085308900279443e+02,-1.627409158670543588e-14,1.136765283291322898e-01,-2.353781092295118814e-06,-1.249645895581965211e-22,-9.760839707241384389e+00,9.000000000000000000e+01,3.751970010958332826e-05,0.000000000000000000e+00,1.475312783167435034e-19,-1.896682437349472107e-05,-4.294310197798194835e-26
6.659500000442898454e+03,4.063877281431660613e-22,6.053322319597550738e+00,9.339914632579311728e+02,1.012086485884800027e+02,-1.627408429933859967e-14,1.156851683798872932e-01,-9.940596593474815314e-07,-4.184463587489978053e-23,-9.760898357306826867e+00,9.000000000000000000e+01,3.826166720822868746e-05,0.000000000000000000e+00,1.475312396117238655e-19,1.423932713454745830e-05,-4.445716313300907230e-26
6.669500000444625584e+03,4.063878014712337887e-22,6.062412722219040262e+00,9.328251188220456243e+02,1.012087683197410115e+02,-1.627407688612676803e-14,1.177293004075585653e-01,1.879612185141490478e-05,1.169378376703838795e-21,-9.760783361376338618e+00,9.000000000000000000e+01,3.895943581779862233e-05,0.000000000000000000e+00,1.475312002692549032e-19,-5.086475622925485524e-05,-4.519400411451485952e-26
6.679500000446353624e+03,4.063878760964063998e-22,6.071503137366780045e+00,9.316381656248122454e+02,1.012088901815231310e+02,-1.627406934107944484e-14,1.198095515669243966e-01,8.892931489334324115e-06,5.639751624364531557e-22,-9.761016428193070027e+00,9.000000000000000000e+01,3.971654548639355354e-05,0.000000000000000000e+00,1.475311601909827927e-19,8.108805230076673821e-05,-4.772990896381744838e-26
6.689500000448081664e+03,4.063879520407190065e-22,6.080593565262126354e+00,9.304302394613623619e+02,1.012090141663238114e+02,-1.627406166462274435e-14,1.219265600529137877e-01,1.718157474097467850e-05,1.071368615666756829e-21,-9.760666065736010921e+00,9.000000000000000000e+01,4.026469426452701164e-05,0.000000000000000000e+00,1.475311194418546584e-19,-1.172695188908384235e-04,-4.768402611062291122e-26
6.699500000449808795e+03,4.063880293279026769e-22,6.089684006130463345e+00,9.292009698441252112e+02,1.012091403284097595e+02,-1.627405385335596925e-14,1.240809754382921765e-01,-2.170125172047423877e-05,-1.309461873561507475e-21,-9.760896041604986806e+00,9.000000000000000000e+01,4.113551151098351102e-05,0.000000000000000000e+00,1.475310779280995471e-19,1.293338219618844781e-05,-5.002502196128286267e-26
6.709500000451536835e+03,4.063881079811893640e-22,6.098774460200941938e+00,9.279499795241281390e+02,1.012092687945320364e+02,-1.627404589952476830e-14,1.262734586511228552e-01,6.445112127535675467e-06,4.135895457669023238e-22,-9.760840479044770035e+00,9.000000000000000000e+01,4.190300118694798909e-05,0.000000000000000000e+00,1.475310357144751682e-19,-1.852220969046222216e-05,-5.113547709981233124e-26
6.719500000453263965e+03,4.063881880254558667e-22,6.107864927706892821e+00,9.266768847983330488e+02,1.012093994648793540e+02,-1.627403780923204082e-14,1.285046823803989713e-01,-6.720021049514584001e-06,-3.927195360675297111e-22,-9.760897582873440115e+00,9.000000000000000000e+01,4.272529263429608294e-05,0.000000000000000000e+00,1.475309927455954838e-19,1.380866413495938779e-05,-5.278055932849243964e-26
6.729500000454992005e+03,4.063882694849041091e-22,6.116955408885776713e+00,9.253812950812280178e+02,1.012095324632450826e+02,-1.627402957485952042e-14,1.307753311666293161e-01,-5.437463527391508338e-06,-3.141387593943635316e-22,-9.760956233780110125e+00,9.000000000000000000e+01,4.353981289244655665e-05,0.000000000000000000e+00,1.475309490234805056e-19,4.701544605653342141e-05,-5.451133293209996710e-26
6.739500000456720045e+03,4.063883523846163665e-22,6.126045903979141727e+00,9.240628128405660391e+02,1.012096678205398348e+02,-1.627402119448091287e-14,1.330861016637651939e-01,-6.200877639395866871e-06,-3.619964752275509520e-22,-9.760897572272750011e+00,9.000000000000000000e+01,4.442455720263111516e-05,0.000000000000000000e+00,1.475309045219383566e-19,1.380544506026006323e-05,-5.553654595650527640e-26
6.749500000458447175e+03,4.063884367500031591e-22,6.135136413233060360e+00,9.227210336029529572e+02,1.012098055928578617e+02,-1.627401266470724964e-14,1.354377027591088800e-01,-7.017280146556371376e-06,-4.087321193691047688e-22,-9.760838951353052906e+00,9.000000000000000000e+01,4.485436369862118831e-05,0.000000000000000000e+00,1.475308592222592053e-19,-1.938155011675989778e-05,-5.757109761828479053e-26
6.759500000460175215e+03,4.063885226064771703e-22,6.144226936897801750e+00,9.213555456278845668e+02,1.012099457841271573e+02,-1.627400398508081786e-14,1.378308560942062555e-01,1.513935262657863631e-06,1.116248449955919807e-22,-9.760898358211480996e+00,9.000000000000000000e+01,4.593965574691268408e-05,0.000000000000000000e+00,1.475308131401063991e-19,1.425329177181493917e-05,-5.892723415262797632e-26
6.769500000461903255e+03,4.063886099804601275e-22,6.153317475227892075e+00,9.199659301117062569e+02,1.012100884113417010e+02,-1.627399515467234570e-14,1.402662957745496874e-01,-1.270713967878526561e-05,-7.588732211862640150e-22,-9.760896798725942958e+00,9.000000000000000000e+01,4.675409748352917665e-05,0.000000000000000000e+00,1.475307662417340103e-19,1.337186145551675476e-05,-6.058704827841991463e-26
6.779500000463630386e+03,4.063886988991226894e-22,6.162408028482477818e+00,9.185517607228830457e+02,1.012102336118075243e+02,-1.627398616501454098e-14,1.427447690527441360e-01,-1.049340460045481005e-05,-6.228126255935604067e-22,-9.761014101505836038e+00,9.000000000000000000e+01,4.763000343936495259e-05,0.000000000000000000e+00,1.475307185041062796e-19,7.978472268091049647e-05,-6.280261570029803839e-26
6.789500000465358426e+03,4.063887893896073026e-22,6.171498596925387048e+00,9.171126036103814840e+02,1.012103813788871207e+02,-1.627397701648818370e-14,1.452670363362940087e-01,-4.971051224237940688e-06,-2.852946372195398546e-22,-9.760897577064326924e+00,9.000000000000000000e+01,4.849790032595736883e-05,0.000000000000000000e+00,1.475306699263047070e-19,1.381556144456564248e-05,-6.383408643206241096e-26
6.799500000467086466e+03,4.063888814796433146e-22,6.180589180824761719e+00,9.156480171456933022e+02,1.012105316333456244e+02,-1.627396771390047864e-14,1.478338714833665468e-01,-1.918059759651666042e-05,-1.155702414410966292e-21,-9.760896009671979456e+00,9.000000000000000000e+01,4.941702709380392365e-05,0.000000000000000000e+00,1.475306205364942846e-19,1.292972754581487992e-05,-6.542821889423374241e-26
6.809500000468813596e+03,4.063889751973364662e-22,6.189679780452366664e+00,9.141575520588085055e+02,1.012106846775039912e+02,-1.627395823869862267e-14,1.504460620241919178e-01,-1.358615204063121247e-05,-8.146721815499173439e-22,-9.760779485529988975e+00,9.000000000000000000e+01,5.040259844783437490e-05,0.000000000000000000e+00,1.475305702219806901e-19,-5.303920825447490172e-05,-6.629597298880261098e-26
6.819500000470541636e+03,4.063890705712793409e-22,6.198770396087620149e+00,9.126407510936260223e+02,1.012108403839470867e+02,-1.627394859866817753e-14,1.531044093723197275e-01,-1.961491869190927479e-05,-1.183017105386262269e-21,-9.760837341149468216e+00,9.000000000000000000e+01,5.128994297597100609e-05,0.000000000000000000e+00,1.475305190288570366e-19,-2.028244519756083696e-05,-6.848905849895693771e-26
6.829500000472269676e+03,4.063891676310822653e-22,6.207861028013575755e+00,9.110971489083021879e+02,1.012109989184272223e+02,-1.627393878364182109e-14,1.558097291428304498e-01,1.866166213738485171e-05,1.162479387448681050e-21,-9.760958587914020157e+00,9.000000000000000000e+01,5.211806216638416685e-05,0.000000000000000000e+00,1.475304669381555380e-19,4.836345556783552835e-05,-7.114951313134989050e-26
6.839500000473996806e+03,4.063892664059126397e-22,6.216951676518175596e+00,9.095262717613950372e+02,1.012111601668054419e+02,-1.627392880051069512e-14,1.585628513811035145e-01,2.589519428197090279e-06,1.775846142473048933e-22,-9.760839708532113690e+00,9.000000000000000000e+01,5.307726224388428923e-05,0.000000000000000000e+00,1.475304139142478145e-19,-1.893882495109459858e-05,-7.229049940434485727e-26
6.849500000475724846e+03,4.063893669263610118e-22,6.226042341894270749e+00,9.079276379197835922e+02,1.012113242944596010e+02,-1.627391863912793737e-14,1.613646207773599683e-01,-2.534194900342907680e-06,-1.366707595060142985e-22,-9.760956226765806321e+00,9.000000000000000000e+01,5.416334803140209473e-05,0.000000000000000000e+00,1.475303599491113567e-19,4.703005876387186303e-05,-7.446157774007912844e-26
6.859500000477451977e+03,4.063894692232873996e-22,6.235133024439917904e+00,9.063007569462060928e+02,1.012114912856169440e+02,-1.627390830048054223e-14,1.642158968895351123e-01,-3.210862221182810995e-06,-1.776459762469270582e-22,-9.760897573246893444e+00,9.000000000000000000e+01,5.507344950461790742e-05,0.000000000000000000e+00,1.475303050559176478e-19,1.382490608112940536e-05,-7.620699196053423894e-26
6.869500000479180017e+03,4.063895733279037644e-22,6.244223724458406899e+00,9.046451296247541904e+02,1.012116612807818115e+02,-1.627389777586625372e-14,1.671175545721381439e-01,1.061468578121092240e-05,6.682354862779978614e-22,-9.760840501470289254e+00,9.000000000000000000e+01,5.611273315010916558e-05,0.000000000000000000e+00,1.475302491791750848e-19,-1.848470324676683454e-05,-7.771016725206298278e-26
6.879500000480908056e+03,4.063896792724287605e-22,6.253314442258628425e+00,9.029602480893954635e+02,1.012118342446303245e+02,-1.627388706746921943e-14,1.700704840464572210e-01,-2.353056768341153291e-05,-1.420919373525429947e-21,-9.760953848310986558e+00,9.000000000000000000e+01,5.704270919708519331e-05,0.000000000000000000e+00,1.475301922816973309e-19,4.568877804209513379e-05,-8.050031829448041193e-26
6.889500000482635187e+03,4.063897870888695476e-22,6.262405178154776486e+00,9.012455953247845173e+02,1.012120102948914848e+02,-1.627387616796908468e-14,1.730755913515309996e-01,-2.240270110906745636e-05,-1.352025418928378640e-21,-9.761012498642173796e+00,9.000000000000000000e+01,5.813292265757973124e-05,0.000000000000000000e+00,1.475301344012879595e-19,7.889568318134783397e-05,-8.266035356327122605e-26
6.899500000484363227e+03,4.063898968106604762e-22,6.271495932466570444e+00,8.995006452612578869e+02,1.012121894529073671e+02,-1.627386507607257829e-14,1.761337984648597144e-01,1.139097679514415196e-05,7.159806183985426427e-22,-9.760840506112144155e+00,9.000000000000000000e+01,5.921656598265766973e-05,0.000000000000000000e+00,1.475300755357530715e-19,-1.847659469076676499e-05,-8.366760102034773209e-26
6.909500000486091267e+03,4.063900084714999602e-22,6.280586705519463742e+00,8.977248626025393605e+02,1.012123717136011294e+02,-1.627385379207301451e-14,1.792460436647534405e-01,-2.831584587792467314e-06,-1.538063812270150126e-22,-9.760838916799341902e+00,9.000000000000000000e+01,6.018821187595961461e-05,0.000000000000000000e+00,1.475300156115319412e-19,-1.937450200476570998e-05,-8.596784816159031523e-26
6.919500000487818397e+03,4.063901221051976622e-22,6.289677497644527548e+00,8.959177025090903044e+02,1.012125572435076037e+02,-1.627384230562553965e-14,1.824132819102680103e-01,6.394477740900252527e-06,4.097086015604837719e-22,-9.760957022343074385e+00,9.000000000000000000e+01,6.148818286680778793e-05,0.000000000000000000e+00,1.475299546269427502e-19,4.749326311434158088e-05,-8.816253307153143142e-26
6.929500000489546437e+03,4.063902377470185537e-22,6.298768309178784719e+00,8.940786105738952756e+02,1.012127460899601203e+02,-1.627383061396642685e-14,1.856364848155193370e-01,2.408724022298663241e-05,1.493992595065916813e-21,-9.760666145492287171e+00,9.000000000000000000e+01,6.235271691476884453e-05,0.000000000000000000e+00,1.475298925537072138e-19,-1.171856592467217711e-04,-8.933963967778330345e-26
6.939500000491274477e+03,4.063903554316702809e-22,6.307859140465102321e+00,8.922070226408541203e+02,1.012129381928803866e+02,-1.627381872052599044e-14,1.889166414621397116e-01,-2.040825730798902801e-06,-1.060610606470322761e-22,-9.760838915786457903e+00,9.000000000000000000e+01,6.360317478600218039e-05,0.000000000000000000e+00,1.475298293782218868e-19,-1.936919934094428813e-05,-9.213424555036333442e-26
6.949500000493001608e+03,4.063904751959473686e-22,6.316949991852430557e+00,8.903023644220083952e+02,1.012131336987896049e+02,-1.627380661641676883e-14,1.922547581648048343e-01,-9.002216980320727486e-06,-5.329007944658930259e-22,-9.760838114979794256e+00,9.000000000000000000e+01,6.481461200940376039e-05,0.000000000000000000e+00,1.475297651033600159e-19,-1.982055277467076668e-05,-9.417469388195074898e-26
6.959500000494729647e+03,4.063905970762452379e-22,6.326040863695947536e+00,8.883640516279265285e+02,1.012133326872353649e+02,-1.627379429669997527e-14,1.956518591208299129e-01,-8.736880326911513481e-06,-5.169618025575284964e-22,-9.760838113619408674e+00,9.000000000000000000e+01,6.602119410336187977e-05,0.000000000000000000e+00,1.475296996852734485e-19,-1.981925911457237981e-05,-9.632355791056920299e-26
6.969500000496456778e+03,4.063907211099738084e-22,6.335131756357186283e+00,8.863914894489571452e+02,1.012135351938939039e+02,-1.627378175917154185e-14,1.991089865924008662e-01,-9.296221543291304732e-06,-5.505456659186831925e-22,-9.760779457233363487e+00,9.000000000000000000e+01,6.712206117526187642e-05,0.000000000000000000e+00,1.475296331092009669e-19,-5.302566393004094449e-05,-9.851841380310507818e-26
6.979500000498184818e+03,4.063908473348254476e-22,6.344222670203924608e+00,8.843840728793293238e+02,1.012137412862294781e+02,-1.627376899958267005e-14,2.026272013411580253e-01,-7.431933353496064122e-06,-4.361354774436353118e-22,-9.760896773471559484e+00,9.000000000000000000e+01,6.837471210255917679e-05,0.000000000000000000e+00,1.475295653546449948e-19,1.339544769448807405e-05,-1.013379400138852978e-25
6.989500000499912858e+03,4.063909757896992852e-22,6.353313605610395598e+00,8.823411859655752778e+02,1.012139509963649715e+02,-1.627375601594648431e-14,2.062075828018393731e-01,-7.167444993064729652e-06,-4.207647661321625312e-22,-9.760896755397634905e+00,9.000000000000000000e+01,6.971344499675465641e-05,0.000000000000000000e+00,1.475294964136955696e-19,1.338738912619455466e-05,-1.035155054582518310e-25
6.999500000501639988e+03,4.063911065142577703e-22,6.362404562957467924e+00,8.802622019788250327e+02,1.012141643851392416e+02,-1.627374280456400006e-14,2.098512294425161351e-01,-3.585493315868422111e-05,-2.176517829437378881e-21,-9.760893538878748998e+00,9.000000000000000000e+01,7.088175921656303196e-05,0.000000000000000000e+00,1.475294262377161471e-19,1.156855826238519086e-05,-1.060780255958178425e-25
7.009500000503368028e+03,4.063912395482476112e-22,6.371495542633085485e+00,8.781464830078184605e+02,1.012143816602363700e+02,-1.627372935258267261e-14,2.135592592744197382e-01,5.561541104188023584e-07,5.274356415587416913e-23,-9.760897570434163839e+00,9.000000000000000000e+01,7.219521983037060456e-05,0.000000000000000000e+00,1.475293548295528907e-19,1.385329445722370447e-05,-1.084550179444797221e-25
7.019500000505096068e+03,4.063913749324002514e-22,6.380586545031458279e+00,8.759933799402788281e+02,1.012146026614394430e+02,-1.627371566979766476e-14,2.173328099568798411e-01,8.036652844490302589e-06,5.108674646569411653e-22,-9.760898379184325790e+00,9.000000000000000000e+01,7.349586466625581836e-05,0.000000000000000000e+00,1.475292821889284905e-19,1.431345968042882283e-05,-1.109482921347206764e-25
7.029500000506823199e+03,4.063915127087351001e-22,6.389677570554090913e+00,8.738022323092445731e+02,1.012148276023156512e+02,-1.627370174310065786e-14,2.211730392998524086e-01,1.477081773494207624e-05,9.228753895228729802e-22,-9.760840527168504366e+00,9.000000000000000000e+01,7.483457595812390852e-05,0.000000000000000000e+00,1.475292082445064052e-19,-1.843731620896044048e-05,-1.131642417857957940e-25
7.039500000508551238e+03,4.063916529190990508e-22,6.398768619609437991e+00,8.715723678059875965e+02,1.012150565218392586e+02,-1.627368757004786494e-14,2.250811255512439324e-01,-7.403749191663612386e-06,-4.349876211019308141e-22,-9.760779448290991311e+00,9.000000000000000000e+01,7.615200913561749987e-05,0.000000000000000000e+00,1.475291329590571570e-19,-5.301494658853700322e-05,-1.154496789752168783e-25
7.049500000510278369e+03,4.063917956066240946e-22,6.407859692613588898e+00,8.693031022809445858e+02,1.012152894342574285e+02,-1.627367314969365637e-14,2.290582678216498136e-01,-2.590428816536471677e-05,-1.566851554322361262e-21,-9.761011635295322009e+00,9.000000000000000000e+01,7.756875302115149673e-05,0.000000000000000000e+00,1.475290563759044918e-19,7.844090085280049258e-05,-1.192192981068930449e-25
7.059500000512006409e+03,4.063919408148107635e-22,6.416950789989516402e+00,8.669937395621091127e+02,1.012155265730507097e+02,-1.627365846773778569e-14,2.331056863340924268e-01,1.481306441597138573e-05,9.262249552609530547e-22,-9.760781885640081867e+00,9.000000000000000000e+01,7.885476371783628718e-05,0.000000000000000000e+00,1.475289784439074586e-19,-5.163015778837634406e-05,-1.209190243427547338e-25
7.069500000513734449e+03,4.063920885884631188e-22,6.426041912167725023e+00,8.646435710778459907e+02,1.012157678090290318e+02,-1.627364353194512753e-14,2.372246230269651202e-01,-1.168324294015206499e-05,-6.967191106776737433e-22,-9.760954599608700377e+00,9.000000000000000000e+01,8.042879290236676663e-05,0.000000000000000000e+00,1.475288991102852008e-19,4.615492411803445439e-05,-1.241787085541054271e-25
7.079500000515462489e+03,4.063922389730911295e-22,6.435133059586437554e+00,8.622518758382648230e+02,1.012160133661884487e+02,-1.627362832869327837e-14,2.414163415574112348e-01,1.605828027997882639e-05,1.002447592890853328e-21,-9.760840546910113602e+00,9.000000000000000000e+01,8.176977470316641359e-05,0.000000000000000000e+00,1.475288184031243494e-19,-1.841383749888083810e-05,-1.265898446777290608e-25
7.089500000517189619e+03,4.063923920149785691e-22,6.444224232691610155e+00,8.598179200720041990e+02,1.012162632183940474e+02,-1.627361285943627611e-14,2.456821281391595169e-01,9.783418122195006986e-06,6.183369087660310830e-22,-9.760898389412627552e+00,9.000000000000000000e+01,8.326975828471304766e-05,0.000000000000000000e+00,1.475287362555047851e-19,1.433647623528949316e-05,-1.296427798090528048e-25
7.099500000518917659e+03,4.063925477604359184e-22,6.453315431937293845e+00,8.573409569598734379e+02,1.012165174927138764e+02,-1.627359711635704560e-14,2.500232915720677629e-01,1.431110924532202631e-06,1.066396975025825489e-22,-9.760780260061519442e+00,9.000000000000000000e+01,8.473276137886723541e-05,0.000000000000000000e+00,1.475286526497700154e-19,-5.254020591815795405e-05,-1.319497957002423001e-25
7.109500000520644790e+03,4.063927062574130966e-22,6.462406657785166431e+00,8.548202265957370400e+02,1.012167762232389663e+02,-1.627358109726853308e-14,2.544411638892394856e-01,2.390975089292198639e-06,1.647974717719620580e-22,-9.760838917076313237e+00,9.000000000000000000e+01,8.635596901232674150e-05,0.000000000000000000e+00,1.475285675965360793e-19,-1.932866395847987299e-05,-1.349253517045494217e-25
7.119500000522372829e+03,4.063928675542563055e-22,6.471497910705225287e+00,8.522549556493759155e+02,1.012170395254364053e+02,-1.627356479509992268e-14,2.589371005391773450e-01,2.648007120489047483e-06,1.809296883297800358e-22,-9.760838910238776478e+00,9.000000000000000000e+01,8.788402213393697740e-05,0.000000000000000000e+00,1.475284810393448458e-19,-1.932980673563614330e-05,-1.379822650315926244e-25
7.129500000524099960e+03,4.063930317009547119e-22,6.480589191175899266e+00,8.496443570144474506e+02,1.012173075207099231e+02,-1.627354820234254599e-14,2.635124810415053753e-01,-1.812336400127871296e-05,-1.090959871210919900e-21,-9.760895118896259604e+00,9.000000000000000000e+01,8.948626968304570096e-05,0.000000000000000000e+00,1.475283929067382234e-19,1.249569024182141372e-05,-1.411708092020469673e-25
7.139500000525828000e+03,4.063931987473771121e-22,6.489680499683839976e+00,8.469876298597082496e+02,1.012175803078237379e+02,-1.627353131285965840e-14,2.681687092495578795e-01,1.764157371612472703e-05,1.097937651714550527e-21,-9.760840563235772649e+00,9.000000000000000000e+01,9.118024559961196841e-05,0.000000000000000000e+00,1.475283032475883455e-19,-1.838834350257448932e-05,-1.437543903947659018e-25
7.149500000527556040e+03,4.063933687443618969e-22,6.498771836724347217e+00,8.442839590068906546e+02,1.012178578007317782e+02,-1.627351413188828657e-14,2.729072137798381759e-01,-3.155926859738040829e-06,-1.748677010209278024e-22,-9.760896752750616301e+00,9.000000000000000000e+01,9.278945665514029225e-05,0.000000000000000000e+00,1.475282120035969516e-19,1.342640999506398809e-05,-1.472489465827072635e-25
7.159500000529284080e+03,4.063935417445548034e-22,6.507863202801654978e+00,8.415325148580595851e+02,1.012181402658226546e+02,-1.627349664308124463e-14,2.777294485482562081e-01,-3.552762252281333491e-06,-1.981946285405017295e-22,-9.760838095084148236e+00,9.000000000000000000e+01,9.433423883281964576e-05,0.000000000000000000e+00,1.475281191319247392e-19,-1.977988875496150670e-05,-1.504141495390672272e-25
7.169500000531011210e+03,4.063937178008061986e-22,6.516954598428665868e+00,8.387324533965438604e+02,1.012184276695189453e+02,-1.627347884831389790e-14,2.826368932606054263e-01,-2.033888821148096215e-06,-1.059304729531870041e-22,-9.760955409262846771e+00,9.000000000000000000e+01,9.617236082077112937e-05,0.000000000000000000e+00,1.475280246487396256e-19,4.664089686166846194e-05,-1.539143215393728198e-25
7.179500000532739250e+03,4.063938969670334694e-22,6.526046024127573730e+00,8.358829153981059790e+02,1.012187202013924150e+02,-1.627346073604984985e-14,2.876310535449927430e-01,-1.686839755019532065e-05,-1.014035882004507165e-21,-9.760895098128749225e+00,9.000000000000000000e+01,9.784492348755559853e-05,0.000000000000000000e+00,1.475279284504226796e-19,1.249858727999166571e-05,-1.570054900506546679e-25
7.189500000534466380e+03,4.063940792984780324e-22,6.535137480429621171e+00,8.329830267010256648e+02,1.012190179041782017e+02,-1.627344230360698603e-14,2.927134617856995691e-01,-3.390015115729712563e-06,-1.874305723900872391e-22,-9.760779436197553949e+00,9.000000000000000000e+01,9.941755081080466867e-05,0.000000000000000000e+00,1.475278305824132090e-19,-5.298070582884925676e-05,-1.601939607237722859e-25
7.199500000536194420e+03,4.063942648504206127e-22,6.544228967875246106e+00,8.300318977423012257e+02,1.012193208000479814e+02,-1.627342354935002932e-14,2.978856775909313748e-01,-2.963628743923539657e-05,-1.795677444476571735e-21,-9.761010749319996904e+00,9.000000000000000000e+01,1.014487882421278821e-04,0.000000000000000000e+00,1.475277309758752999e-19,7.798111759995117768e-05,-1.642266551447967103e-25
7.209500000537922460e+03,4.063944536804719533e-22,6.553320487014822504e+00,8.270286228535696864e+02,1.012196291124153333e+02,-1.627340445980061591e-14,3.031492877533001895e-01,-5.013178433992246299e-07,-1.107584598345289341e-23,-9.761014066197667205e+00,9.000000000000000000e+01,1.032174067645139152e-04,0.000000000000000000e+00,1.475276296355684066e-19,7.986217633175575817e-05,-1.678361581974700565e-25
7.219500000539649591e+03,4.063946458462652258e-22,6.562412038408476533e+00,8.239722806541249156e+02,1.012199428339276608e+02,-1.627338503522311832e-14,3.085059074267500479e-01,5.816075428502102824e-06,3.753174361141113997e-22,-9.760897582079913093e+00,9.000000000000000000e+01,1.050497957135965383e-04,0.000000000000000000e+00,1.475275264992983531e-19,1.391756352625385111e-05,-1.707737384237520502e-25
7.229500000541377631e+03,4.063948414064990226e-22,6.571503622625876062e+00,8.208619335032999516e+02,1.012202621066550989e+02,-1.627336526683429297e-14,3.139571802093055197e-01,-1.561568663562950404e-05,-9.371123093898665019e-22,-9.760895085707970154e+00,9.000000000000000000e+01,1.069477728399872963e-04,0.000000000000000000e+00,1.475274215046495535e-19,1.250754718630572041e-05,-1.743060757851702757e-25
7.239500000543105671e+03,4.063950404215106695e-22,6.580595240246840838e+00,8.176966270254924893e+02,1.012205870031198316e+02,-1.627334515016563726e-14,3.195047787278127438e-01,-1.536871991619441667e-05,-9.217279556101851038e-22,-9.760895082878548124e+00,9.000000000000000000e+01,1.088458117709166327e-04,0.000000000000000000e+00,1.475273146881252174e-19,1.250931336308902921e-05,-1.780062168314325069e-25
7.249500000544832801e+03,4.063952429520996965e-22,6.589686891860004003e+00,8.144753901418298483e+02,1.012209176942399864e+02,-1.627332467469047137e-14,3.251504051702305276e-01,1.991580591465284136e-05,1.239426568148204073e-21,-9.760781938946083258e+00,9.000000000000000000e+01,1.106813728780163525e-04,0.000000000000000000e+00,1.475272059925251532e-19,-5.154406477387893479e-05,-1.814030243292537133e-25
7.259500000546560841e+03,4.063954490597600687e-22,6.598778578067525658e+00,8.111972345225512981e+02,1.012212541257386107e+02,-1.627330384350014555e-14,3.308957919399422298e-01,-8.169163809339854152e-06,-4.813811189222969374e-22,-9.760837255905848053e+00,9.000000000000000000e+01,1.128093083570979905e-04,0.000000000000000000e+00,1.475270953603911428e-19,-2.022270069330136863e-05,-1.851165257032203937e-25
7.269500000548287971e+03,4.063956588085219509e-22,6.607870299480670617e+00,8.078611544072628021e+02,1.012215965773947630e+02,-1.627328263959456213e-14,3.367427017959447322e-01,5.488558627279744711e-06,3.548403628816117184e-22,-9.760721612685523851e+00,9.000000000000000000e+01,1.147773087789113507e-04,0.000000000000000000e+00,1.475269827781670228e-19,-8.569093743686882758e-05,-1.884681715298047802e-25
7.279500000550016011e+03,4.063958722624169653e-22,6.616962056721434671e+00,8.044661262454465032e+02,1.012219450629855260e+02,-1.627326106193245628e-14,3.426929288999922552e-01,-1.487903564298249690e-05,-8.920441852869156278e-22,-9.760836415089020335e+00,9.000000000000000000e+01,1.168786235496423279e-04,0.000000000000000000e+00,1.475268681770240293e-19,-2.069156430016138001e-05,-1.928913876960178582e-25
7.289500000551744051e+03,4.063960894870728205e-22,6.626053850422842117e+00,8.010111084040254354e+02,1.012222997033475451e+02,-1.627323910304621193e-14,3.487482990245878156e-01,8.703931871368476164e-07,7.160266831051860227e-23,-9.760955408730350058e+00,9.000000000000000000e+01,1.191144829841749914e-04,0.000000000000000000e+00,1.475267515913233523e-19,4.668075306696172898e-05,-1.971536412348434967e-25
7.299500000553471182e+03,4.063963105491192635e-22,6.635145681229014158e+00,7.974950408805161715e+02,1.012226605987859500e+02,-1.627321675684262641e-14,3.549106700903390532e-01,-8.888742147300449168e-07,-3.648819946056495227e-23,-9.760720774951268552e+00,9.000000000000000000e+01,1.211527939945542356e-04,0.000000000000000000e+00,1.475266329321043860e-19,-8.615418895162862414e-05,-2.001654145901855970e-25
7.309500000555199222e+03,4.063965355160481958e-22,6.644237549795682263e+00,7.939168448271229863e+02,1.012230279034191085e+02,-1.627319401368474773e-14,3.611819330675565820e-01,3.526122692128104148e-07,4.089065422195913535e-23,-9.760838092027096735e+00,9.000000000000000000e+01,1.232624624285449597e-04,0.000000000000000000e+00,1.475265121605604123e-19,-1.973093016379006965e-05,-2.050777771625145841e-25
7.319500000556927262e+03,4.063967644571128796e-22,6.653329456789792928e+00,7.902754224063828588e+02,1.012234016961194385e+02,-1.627317086863981917e-14,3.675640122930505793e-01,8.328424397745477981e-06,5.289236436454545644e-22,-9.760897593791284521e+00,9.000000000000000000e+01,1.255411845955201674e-04,0.000000000000000000e+00,1.475263892620469729e-19,1.396006705955209821e-05,-2.094116099823404544e-25
7.329500000558654392e+03,4.063969974424127450e-22,6.662421402890338129e+00,7.865696564214304090e+02,1.012237820880422277e+02,-1.627314731494343735e-14,3.740588659483661260e-01,2.207357215919318640e-05,1.371297183660056245e-21,-9.760781966002367582e+00,9.000000000000000000e+01,1.276573490707256272e-04,0.000000000000000000e+00,1.475262642008585303e-19,-5.149903923163951235e-05,-2.133855319690378011e-25
7.339500000560382432e+03,4.063972345433192952e-22,6.671513388788346433e+00,7.827984097823500633e+02,1.012241691411245199e+02,-1.627312334856947080e-14,3.806684870872016901e-01,1.512035660930895415e-05,9.452742676647618478e-22,-9.760781124290234700e+00,9.000000000000000000e+01,1.299728247352667694e-04,0.000000000000000000e+00,1.475261369382105629e-19,-5.197156604584311302e-05,-2.176483726889987397e-25
7.349500000562110472e+03,4.063974758327582718e-22,6.680605415186827933e+00,7.789605255750939250e+02,1.012245631394000895e+02,-1.627309895208584792e-14,3.873949038220215746e-01,2.308188040546324909e-05,1.432134146682805102e-21,-9.760840632058851440e+00,9.000000000000000000e+01,1.323995404524586962e-04,0.000000000000000000e+00,1.475260073837042284e-19,-1.827695562299551258e-05,-2.221343217587415778e-25
7.359500000563837602e+03,4.063977213846618279e-22,6.689697482801398642e+00,7.750548261227086186e+02,1.012249639855619421e+02,-1.627307413144834865e-14,3.942401800540052959e-01,1.654598686448992582e-06,1.205757028772727337e-22,-9.760838093066398713e+00,9.000000000000000000e+01,1.347243372795492802e-04,0.000000000000000000e+00,1.475258755696039569e-19,-1.971025947638300622e-05,-2.267290036343617396e-25
7.369500000565565642e+03,4.063979712744185068e-22,6.698789592360181011e+00,7.710801132647320628e+02,1.012253719484862273e+02,-1.627304887002200117e-14,4.012064163306737208e-01,9.574956979331736772e-06,6.057250529475004898e-22,-9.760897601140566593e+00,9.000000000000000000e+01,1.371566564216457037e-04,0.000000000000000000e+00,1.475257414390310670e-19,1.398466189293624961e-05,-2.315723485764470462e-25
7.379500000567292773e+03,4.063982255782987079e-22,6.707881744604473617e+00,7.670351673904806376e+02,1.012257871095134050e+02,-1.627302316271609359e-14,4.082957502421962759e-01,1.770295437692266563e-06,1.262956548183434745e-22,-9.760779434686808642e+00,9.000000000000000000e+01,1.396939449365607261e-04,0.000000000000000000e+00,1.475256049251100004e-19,-5.291135860206704267e-05,-2.353684952329785957e-25
7.389500000569020813e+03,4.063984843745396206e-22,6.716973940288248457e+00,7.629187474763020873e+02,1.012262096240151550e+02,-1.627299700002201524e-14,4.155103570764056009e-01,9.668656147844155281e-06,6.108577475762845394e-22,-9.760838944966913289e+00,9.000000000000000000e+01,1.421397271630682870e-04,0.000000000000000000e+00,1.475254660060307563e-19,-1.921503644676680634e-05,-2.405625203541112336e-25
7.399500000570748853e+03,4.063987477426820575e-22,6.726066180179071985e+00,7.587295905165374279e+02,1.012266396366965893e+02,-1.627297037295348238e-14,4.228524506940735117e-01,1.754218777469842129e-05,1.094262788964563990e-21,-9.760898458189231519e+00,9.000000000000000000e+01,1.445945795427498140e-04,0.000000000000000000e+00,1.475253246132076469e-19,1.448303230191514566e-05,-2.459292154211216659e-25
7.409500000572475983e+03,4.063990157628701420e-22,6.735158465058029620e+00,7.544664110941812396e+02,1.012270771579622561e+02,-1.627294328056371676e-14,4.303242842160175385e-01,3.780468031035684890e-06,2.491697103325904517e-22,-9.760955413707760542e+00,9.000000000000000000e+01,1.474498381342791197e-04,0.000000000000000000e+00,1.475251807442802045e-19,4.673312062078764461e-05,-2.504526016271418679e-25
7.419500000574204023e+03,4.063992885177896514e-22,6.744250795719724856e+00,7.501279013277962804e+02,1.012275225063192750e+02,-1.627291570365447560e-14,4.379281500549114803e-01,1.044534531905309916e-05,6.586479738942315540e-22,-9.760838950138701620e+00,9.000000000000000000e+01,1.498883493837849094e-04,0.000000000000000000e+00,1.475250343037225686e-19,-1.919848840773951572e-05,-2.553100775004762097e-25
7.429500000575932063e+03,4.063995660903723705e-22,6.753343172973377939e+00,7.457127299876883626e+02,1.012279756541350224e+02,-1.627288764354065434e-14,4.456663817294719276e-01,3.081194826636357120e-06,2.088337586884004185e-22,-9.760779436869015058e+00,9.000000000000000000e+01,1.524306758718709236e-04,0.000000000000000000e+00,1.475248852964270346e-19,-5.288742255744209776e-05,-2.604177216310174789e-25
7.439500000577659193e+03,4.063998485661997892e-22,6.762435597642005192e+00,7.412195424595847726e+02,1.012284368036508084e+02,-1.627285908763017121e-14,4.535413539017971174e-01,3.384355965135128416e-06,2.254456994679228013e-22,-9.760779437427144600e+00,9.000000000000000000e+01,1.553475393140252845e-04,0.000000000000000000e+00,1.475247336647112303e-19,-5.288232515213454605e-05,-2.650965484692074214e-25
7.449500000579387233e+03,4.064001360320506622e-22,6.771528070563340940e+00,7.366469600936397910e+02,1.012289061605713414e+02,-1.627283002353310742e-14,4.615554827870196886e-01,1.085813952144428060e-05,6.842674978784405828e-22,-9.760780295923725092e+00,9.000000000000000000e+01,1.580124319117605521e-04,0.000000000000000000e+00,1.475245793290134730e-19,-5.239141369911779622e-05,-2.706441063207337144e-25
7.459500000581114364e+03,4.064004285761386935e-22,6.780620592589936102e+00,7.319935799613595009e+02,1.012293837607547999e+02,-1.627280044871239795e-14,4.697112278311749711e-01,1.148799263675475880e-05,7.223688738113721453e-22,-9.760838957303311858e+00,9.000000000000000000e+01,1.609174153715131497e-04,0.000000000000000000e+00,1.475244222837749752e-19,-1.917512820555811016e-05,-2.761075673995443570e-25
7.469500000582842404e+03,4.064007262882245376e-22,6.789713164589389116e+00,7.272579743778333068e+02,1.012298698539079140e+02,-1.627277034793504406e-14,4.780110915609053213e-01,1.896330582537898588e-05,1.180696557527939577e-21,-9.760839819364631964e+00,9.000000000000000000e+01,1.637377220334258407e-04,0.000000000000000000e+00,1.475242624405838765e-19,-1.868202385617350470e-05,-2.816972576229482415e-25
7.479500000584570444e+03,4.064010292596002831e-22,6.798805787444675452e+00,7.224386902200058103e+02,1.012303644089438279e+02,-1.627273972284764457e-14,4.864576210340418316e-01,-1.622701291781572489e-05,-9.744151211888413504e-22,-9.760952835176961884e+00,9.000000000000000000e+01,1.667609825612286509e-04,0.000000000000000000e+00,1.475240997936328722e-19,4.530737447134665705e-05,-2.876028129474250397e-25
7.489500000586298484e+03,4.064013375829282221e-22,6.807898462054355448e+00,7.175342488428577781e+02,1.012308677647087336e+02,-1.627270855270771415e-14,4.950534080662712388e-01,-2.321053992416869120e-05,-1.401973816823181638e-21,-9.760951970196007466e+00,9.000000000000000000e+01,1.697345177628082659e-04,0.000000000000000000e+00,1.475239342690869360e-19,4.482288287698968181e-05,-2.932469802482011964e-25
7.499500000588025614e+03,4.064016513531139596e-22,6.816991189332854084e+00,7.125431454433128238e+02,1.012313800614924588e+02,-1.627267682878004768e-14,5.038010904533656298e-01,-1.605529267465473248e-05,-9.640880299836026267e-22,-9.760894170407624415e+00,9.000000000000000000e+01,1.727577766621670602e-04,0.000000000000000000e+00,1.475237658081042617e-19,1.210465936390845341e-05,-2.986881796973907413e-25
7.509500000589753654e+03,4.064019706664217845e-22,6.826083970210699015e+00,7.074638486737385392e+02,1.012319013446387714e+02,-1.627264454814177666e-14,5.127033526013997644e-01,-1.345179003887055693e-06,-6.383272613382678571e-23,-9.760895897471355553e+00,9.000000000000000000e+01,1.758904512480113946e-04,0.000000000000000000e+00,1.475235944129142820e-19,1.308784589220548204e-05,-3.044103406701111548e-25
7.519500000591480784e+03,4.064022956212222832e-22,6.835176805635048147e+00,7.022948000375181437e+02,1.012324319222421849e+02,-1.627261169199459502e-14,5.217629261818239605e-01,2.718607187861145138e-05,1.684480774147743595e-21,-9.760782041207294313e+00,9.000000000000000000e+01,1.788442677484546170e-04,0.000000000000000000e+00,1.475234199579540920e-19,-5.136674566065206870e-05,-3.102095330769308249e-25
7.529500000593208824e+03,4.064026263159979961e-22,6.844269696569737604e+00,6.970344135463237762e+02,1.012329717717111777e+02,-1.627257826120497809e-14,5.309825916189334638e-01,-1.529682905385837817e-05,-9.179062193423667236e-22,-9.760894154543755974e+00,9.000000000000000000e+01,1.822134604919647895e-04,0.000000000000000000e+00,1.475232423946094887e-19,1.211218671308834493e-05,-3.164525232125337422e-25
7.539500000594935955e+03,4.064029628529304626e-22,6.853362643995443371e+00,6.916810751287266612e+02,1.012335212203793446e+02,-1.627254423597477646e-14,5.403651778568242525e-01,-8.755737979358158246e-07,-3.480840379769937914e-23,-9.760837237171555714e+00,9.000000000000000000e+01,1.854208164863960142e-04,0.000000000000000000e+00,1.475230617234768601e-19,-2.010607029133635042e-05,-3.223717894325913500e-25
7.549500000596663995e+03,4.064033053351365861e-22,6.862455648910305683e+00,6.862331423135474324e+02,1.012340803404807161e+02,-1.627250961160924222e-14,5.499135642917418743e-01,-3.552098802726317986e-07,-2.455335009447170557e-24,-9.760895897124559184e+00,9.000000000000000000e+01,1.887170763885054141e-04,0.000000000000000000e+00,1.475228778628040674e-19,1.311025258241612845e-05,-3.289842853807624161e-25
7.559500000598392035e+03,4.064036538676079014e-22,6.871548712330239894e+00,6.806889434196054935e+02,1.012346493848105240e+02,-1.627247437248192121e-14,5.596306810973525891e-01,1.384332019903020285e-05,8.657670121269466492e-22,-9.760780318007009626e+00,9.000000000000000000e+01,1.921338946051492219e-04,0.000000000000000000e+00,1.475226907415283158e-19,-5.231933961790732207e-05,-3.345986285363742594e-25
7.569500000600120075e+03,4.064040085574510341e-22,6.880641835288896502e+00,6.750467773554846644e+02,1.012352284504319329e+02,-1.627243851257029902e-14,5.695195101855458075e-01,8.119521854362035234e-06,5.166092325636659972e-22,-9.761072749150388361e+00,9.000000000000000000e+01,1.956003381259325646e-04,0.000000000000000000e+00,1.475225003083476465e-19,1.132475188100264966e-04,-3.425719052707540050e-25
7.579500000601847205e+03,4.064043695138668702e-22,6.889735018838373470e+00,6.693049129480496049e+02,1.012358177370697376e+02,-1.627240201958190642e-14,5.795830861814712520e-01,-1.380448569330852774e-05,-8.261755181791884559e-22,-9.760952811837938725e+00,9.000000000000000000e+01,1.990522734320364709e-04,0.000000000000000000e+00,1.475223064972576236e-19,4.535072932811888514e-05,-3.486082804504694903e-25
7.589500000603575245e+03,4.064047368473231966e-22,6.898828264049108761e+00,6.634615883920341730e+02,1.012364174537625843e+02,-1.627236488048404497e-14,5.898244974633042315e-01,7.884989272547361948e-06,5.013513893576632702e-22,-9.760896771351662338e+00,9.000000000000000000e+01,2.026256036912225868e-04,0.000000000000000000e+00,1.475221092981111241e-19,1.362944453588239635e-05,-3.549561484493092056e-25
7.599500000605302375e+03,4.064051106703408246e-22,6.907921572010809363e+00,6.575150108262896538e+02,1.012370277340753262e+02,-1.627232708701897236e-14,6.002468868634074362e-01,7.915622732823516719e-06,5.030981486439963804e-22,-9.760838112714250059e+00,9.000000000000000000e+01,2.062175995317233872e-04,0.000000000000000000e+00,1.475219086067688067e-19,-1.957400671603185387e-05,-3.615207599765756060e-25
7.609500000607030415e+03,4.064054910975738058e-22,6.917014943832344720e+00,6.514633555440232158e+02,1.012376487720416662e+02,-1.627228862712331719e-14,6.108534528776796702e-01,-2.050791539776006007e-05,-1.237037750277468339e-21,-9.760893269877382039e+00,9.000000000000000000e+01,2.098960570973513670e-04,0.000000000000000000e+00,1.475217043499634332e-19,1.165984259550290822e-05,-3.687660599747634332e-25
7.619500000608758455e+03,4.064058782457310025e-22,6.926108380641865736e+00,6.453047657310962677e+02,1.012382808446284344e+02,-1.627224948367043272e-14,6.216474505205700218e-01,9.042051891374161852e-06,5.724223599817609572e-22,-9.761014095998241658e+00,9.000000000000000000e+01,2.137023988381670501e-04,0.000000000000000000e+00,1.475214965122317604e-19,8.007250375710651979e-05,-3.763346280442454948e-25
7.629500000610485586e+03,4.064062722341601213e-22,6.935201883587945204e+00,6.390373517842963338e+02,1.012389240827483263e+02,-1.627220964874015863e-14,6.326321921268330817e-01,1.571114365350345275e-05,9.812625509901918280e-22,-9.760780334750053910e+00,9.000000000000000000e+01,2.173325341856306649e-04,0.000000000000000000e+00,1.475212849775850905e-19,-5.226552024689782992e-05,-3.827195749947646811e-25
7.639500000612213626e+03,4.064066731832204989e-22,6.944295453839071541e+00,6.326591905755922198e+02,1.012395786743145578e+02,-1.627216911042886785e-14,6.438110489876193165e-01,8.743041574221296902e-06,5.555047740269008443e-22,-9.760779457648688151e+00,9.000000000000000000e+01,2.211196193471829774e-04,0.000000000000000000e+00,1.475210696941254377e-19,-5.275530232938197358e-05,-3.902686081270118151e-25
7.649500000613941666e+03,4.064070812158941409e-22,6.953389092584494335e+00,6.261683250479400158e+02,1.012402447686480684e+02,-1.627212785942165925e-14,6.551874518086283627e-01,8.847917881086274101e-06,5.612596430552584753e-22,-9.760720798746975291e+00,9.000000000000000000e+01,2.250943132160648297e-04,0.000000000000000000e+00,1.475208506465815496e-19,-8.595832676807652485e-05,-3.973260711987532631e-25
7.659500000615668796e+03,4.064074964573543158e-22,6.962482801034653335e+00,6.195627635559067130e+02,1.012409226708904413e+02,-1.627208587689539024e-14,6.667648918968800409e-01,2.409438014144096613e-06,1.667605214436598740e-22,-9.760895899734387982e+00,9.000000000000000000e+01,2.292311376409449076e-04,0.000000000000000000e+00,1.475206276973904614e-19,1.318270390084725759e-05,-4.055488439215743814e-25
7.669500000617396836e+03,4.064079190352175802e-22,6.971576580421176672e+00,6.128404792761430144e+02,1.012416125580837729e+02,-1.627204315198873359e-14,6.785469221799568240e-01,-4.554573689608836418e-06,-2.601618007970862614e-22,-9.760895016807399571e+00,9.000000000000000000e+01,2.333632463973431704e-04,0.000000000000000000e+00,1.475204008028796654e-19,1.268998882250063284e-05,-4.131447092279195274e-25
7.679500000619123966e+03,4.064083490789097178e-22,6.980670431997515024e+00,6.059994095396250486e+02,1.012423146588138536e+02,-1.627199967058663582e-14,6.905371584626670556e-01,2.442605459142087790e-05,1.515044396113295150e-21,-9.760839892705435616e+00,9.000000000000000000e+01,2.374259233397118564e-04,0.000000000000000000e+00,1.475201699245167200e-19,-1.851141895272840476e-05,-4.209449996741997903e-25
7.689500000620852006e+03,4.064087867206802377e-22,6.989764357037453912e+00,5.990374551452696323e+02,1.012430290693613983e+02,-1.627195542633718262e-14,7.027392808207211239e-01,3.187289435095582444e-06,2.129111469243153890e-22,-9.760895900930274038e+00,9.000000000000000000e+01,2.418443834898584234e-04,0.000000000000000000e+00,1.475199349593697697e-19,1.320522832803790521e-05,-4.287626291412450370e-25
7.699500000622580046e+03,4.064092320948428173e-22,6.998858356840959694e+00,5.919524800227954984e+02,1.012437562007243486e+02,-1.627191039432607347e-14,7.151570336838057873e-01,1.064468180753540581e-05,6.704029039740752823e-22,-9.760896788047624284e+00,9.000000000000000000e+01,2.460675611956732525e-04,0.000000000000000000e+00,1.475196958203659811e-19,1.371501780306334141e-05,-4.371170161057576352e-25
7.709500000624307177e+03,4.064096853375310810e-22,7.007952432729132930e+00,5.847423102101311088e+02,1.012444961284588487e+02,-1.627186456946726021e-14,7.277942283329599249e-01,1.089631085745477291e-05,6.857717007145357384e-22,-9.760896789799700102e+00,9.000000000000000000e+01,2.504520502229336341e-04,0.000000000000000000e+00,1.475194524729739838e-19,1.372368431224361033e-05,-4.453898519888423275e-25
7.719500000626035217e+03,4.064101465889165707e-22,7.017046586047285928e+00,5.774047327274456620e+02,1.012452491475313252e+02,-1.627181793358252245e-14,7.406547431744940901e-01,2.560600403072481513e-05,1.585515449795164378e-21,-9.760898569263883218e+00,9.000000000000000000e+01,2.550040907944802512e-04,0.000000000000000000e+00,1.475192048293611410e-19,1.473894405860882100e-05,-4.535881755427363853e-25
7.729500000627763256e+03,4.064106159896366530e-22,7.026140818162350143e+00,5.699374970998615026e+02,1.012460154566348791e+02,-1.627177047466234273e-14,7.537425248149510759e-01,3.952803386655993857e-06,2.618977545748882571e-22,-9.760778582365228218e+00,9.000000000000000000e+01,2.592568063116217720e-04,0.000000000000000000e+00,1.475189527783094280e-19,-5.318408219492620342e-05,-4.622453639240649663e-25
7.739500000629490387e+03,4.064110936840136813e-22,7.035235130467550668e+00,5.623383113835006952e+02,1.012467952730373639e+02,-1.627172217838438020e-14,7.670615908176877662e-01,-1.702643484656165456e-05,-1.025511098756524129e-21,-9.761010551391386514e+00,9.000000000000000000e+01,2.642745478470715794e-04,0.000000000000000000e+00,1.475186962852246170e-19,7.815403144676521965e-05,-4.712097823238362419e-25
7.749500000631218427e+03,4.064115798185778224e-22,7.044329524379811858e+00,5.546048439610749483e+02,1.012475889290379740e+02,-1.627167302530081223e-14,7.806160279062288598e-01,-2.546857172644718481e-06,-1.370785215945804637e-22,-9.760895012694700057e+00,9.000000000000000000e+01,2.687337801637907243e-04,0.000000000000000000e+00,1.475184352682344391e-19,1.274965329595547748e-05,-4.800805046602494535e-25
7.759500000632946467e+03,4.064120745424358797e-22,7.053424001341240590e+00,5.467347218170762062e+02,1.012483965642105375e+02,-1.627162300592103946e-14,7.944099968273740098e-01,-2.287955629900251849e-06,-1.216929734027075269e-22,-9.760895012347061694e+00,9.000000000000000000e+01,2.735606391579217963e-04,0.000000000000000000e+00,1.475181696426682490e-19,1.275783340353785851e-05,-4.890064256774557595e-25
7.769500000634673597e+03,4.064125780075654960e-22,7.062518562819326995e+00,5.387255299864336848e+02,1.012492184881159716e+02,-1.627157210141501833e-14,8.084477308624905545e-01,-1.642497995508453780e-05,-9.866604967657903676e-22,-9.760951883548710128e+00,9.000000000000000000e+01,2.783945924428809452e-04,0.000000000000000000e+00,1.475178992955782483e-19,4.496417887276110416e-05,-4.986010311671088437e-25
7.779500000636401637e+03,4.064130903684389482e-22,7.071613210307784669e+00,5.305748108681291342e+02,1.012500548711548873e+02,-1.627152030099406624e-14,8.227335385847009963e-01,-2.338901930687246888e-05,-1.413961125673709926e-21,-9.760950985297895954e+00,9.000000000000000000e+01,2.834304701117909553e-04,0.000000000000000000e+00,1.475176242110551480e-19,4.446430348937811203e-05,-5.077447085792224266e-25
7.789500000638129677e+03,4.064136117827016897e-22,7.080707945326332187e+00,5.222800634959712625e+02,1.012509061459263364e+02,-1.627146757818193491e-14,8.372718044061134846e-01,5.651334813512435846e-06,3.637956639599973283e-22,-9.760837233654450884e+00,9.000000000000000000e+01,2.884620026086728980e-04,0.000000000000000000e+00,1.475173442413585030e-19,-1.992772830772920992e-05,-5.167325410078617515e-25
7.799500000639856808e+03,4.064141424103191764e-22,7.089802769422025364e+00,5.138387424191460013e+02,1.012517724236777354e+02,-1.627141392607729049e-14,8.520669903302494630e-01,2.025627968903761657e-05,1.259523789077854387e-21,-9.760721723510517478e+00,9.000000000000000000e+01,2.933758708413361786e-04,0.000000000000000000e+00,1.475170593284019531e-19,-8.531518760251726678e-05,-5.262998390637252156e-25
7.809500000641584847e+03,4.064146824138761479e-22,7.098897684168905542e+00,5.052482574963942170e+02,1.012526539935933840e+02,-1.627135932642532682e-14,8.671236376718497452e-01,2.052638708694473868e-05,1.276591102966175776e-21,-9.760721726810318799e+00,9.000000000000000000e+01,2.985452112765674170e-04,0.000000000000000000e+00,1.475167693686818823e-19,-8.530417268857395268e-05,-5.362997353392020233e-25
7.819500000643311978e+03,4.064152319589003115e-22,7.107992691169024546e+00,4.965059727020561695e+02,1.012535510584469733e+02,-1.627130376644794558e-14,8.824463678534690825e-01,-1.518943636568700586e-05,-9.114091552204841934e-22,-9.761010531873864693e+00,9.000000000000000000e+01,3.041203899039313617e-04,0.000000000000000000e+00,1.475164742850665298e-19,7.821306519297241747e-05,-5.472397001369596725e-25
7.829500000645040018e+03,4.064157912138106672e-22,7.117087792052587680e+00,4.876092053800821304e+02,1.012544640398483295e+02,-1.627124722072629712e-14,8.980398832734474146e-01,-2.219526693453006944e-05,-1.340269835622378636e-21,-9.760892305474005326e+00,9.000000000000000000e+01,3.094489007656409866e-04,0.000000000000000000e+00,1.475161739830128130e-19,1.128827327099273766e-05,-5.570222089132710643e-25
7.839500000646768058e+03,4.064163603507917468e-22,7.126182988478872993e+00,4.785552255194634199e+02,1.012553931682689239e+02,-1.627118967453488218e-14,9.139089704853222695e-01,1.415533449694200187e-05,8.855008940581835946e-22,-9.760955476900067040e+00,9.000000000000000000e+01,3.149907992138177570e-04,0.000000000000000000e+00,1.475158684100037040e-19,4.706262189550178840e-05,-5.676585857182771427e-25
7.849500000648495188e+03,4.064169395446866270e-22,7.135278282136309436e+00,4.693412546869367361e+02,1.012563386901207849e+02,-1.627113111287387351e-14,9.300584999740667547e-01,2.164013577464605245e-05,1.344242960707269683e-21,-9.760780401025280995e+00,9.000000000000000000e+01,3.204492150988264400e-04,0.000000000000000000e+00,1.475155574166661224e-19,-5.204735042462249096e-05,-5.776526308633281998e-25
7.859500000650223228e+03,4.064175289731471579e-22,7.144373674742992897e+00,4.599644656833261251e+02,1.012573008887910078e+02,-1.627107151787400652e-14,9.464934288996242895e-01,2.485970873997476278e-07,3.461838101620217775e-23,-9.760777689923159528e+00,9.000000000000000000e+01,3.261234553077436505e-04,0.000000000000000000e+00,1.475152409083955487e-19,-5.357226802682919380e-05,-5.884716944249457910e-25
7.869500000651951268e+03,4.064181288168692495e-22,7.153469168047892346e+00,4.504219810552895069e+02,1.012582800852089377e+02,-1.627101086960102486e-14,9.632188018328261547e-01,-1.396831121057161463e-05,-8.365670943073623791e-22,-9.760893189714440865e+00,9.000000000000000000e+01,3.320576785345447091e-04,0.000000000000000000e+00,1.475149188128806080e-19,1.182847529699272143e-05,-5.997503975557202483e-25
7.879500000653678399e+03,4.064187392608315141e-22,7.162564763830522097e+00,4.407108725598081946e+02,1.012592765879357444e+02,-1.627094914931421246e-14,9.802397521753580811e-01,-2.820204581458907319e-05,-1.707592172285642238e-21,-9.760950043420269395e+00,9.000000000000000000e+01,3.379307485494854294e-04,0.000000000000000000e+00,1.475145910221969528e-19,4.402672500591506640e-05,-6.112522527723365102e-25
7.889500000655406438e+03,4.064193604915467722e-22,7.171660463901205596e+00,4.308281602412462234e+02,1.012602907796128733e+02,-1.627088633310709225e-14,9.975615046125665408e-01,2.262698280578381437e-05,1.404432257102148100e-21,-9.760897736534403180e+00,9.000000000000000000e+01,3.439402790671458468e-04,0.000000000000000000e+00,1.475142574626476460e-19,1.442353403980131220e-05,-6.223102564016108865e-25
7.899500000657134478e+03,4.064199927004295145e-22,7.180756270103826111e+00,4.207708113724365830e+02,1.012613227477914961e+02,-1.627082241541242669e-14,1.015189376022146428e+00,-1.320841647129890751e-05,-7.903567477134217621e-22,-9.760893192942306840e+00,9.000000000000000000e+01,3.500971470247588014e-04,0.000000000000000000e+00,1.475139179880535455e-19,1.186186692836382541e-05,-6.337230239162551060e-25
7.909500000658861609e+03,4.064206360815860199e-22,7.189852184314207584e+00,4.105357397096231580e+02,1.012623730835965006e+02,-1.627075736006851634e-14,1.033128777031484979e+00,1.379848472350953253e-06,1.049430882549381638e-22,-9.760953672710847684e+00,9.000000000000000000e+01,3.561564787439548490e-04,0.000000000000000000e+00,1.475135724964063998e-19,4.611358725517142944e-05,-6.462239118516918309e-25
7.919500000660589649e+03,4.064212908320329973e-22,7.198948208441212415e+00,4.001198043702170253e+02,1.012634419131841810e+02,-1.627069115866221015e-14,1.051385214600788931e+00,1.622580085800802403e-05,1.013107549916809270e-21,-9.760838175299886288e+00,9.000000000000000000e+01,3.625054011118978192e-04,0.000000000000000000e+00,1.475132209300981292e-19,-1.926456271098673134e-05,-6.575119853928330581e-25
7.929500000662316779e+03,4.064219571531060157e-22,7.208044344427232630e+00,3.895198091836646199e+02,1.012645296061239577e+02,-1.627062378862608772e-14,1.069964292384501636e+00,3.100214444922804987e-05,1.918233918419398961e-21,-9.760781343145788824e+00,9.000000000000000000e+01,3.688819843313500386e-04,0.000000000000000000e+00,1.475128631606540639e-19,-5.142899136329337343e-05,-6.695474455266759564e-25
7.939500000664044819e+03,4.064226352494648012e-22,7.217140594249639385e+00,3.787325011203065515e+02,1.012656364865575824e+02,-1.627055522948430500e-14,1.088871713766619287e+00,-1.220585082466699590e-05,-7.287454970167951451e-22,-9.760893185067406108e+00,9.000000000000000000e+01,3.756202560308461130e-04,0.000000000000000000e+00,1.475124990162444435e-19,1.190216273372809466e-05,-6.820787276104842908e-25
7.949500000665772859e+03,4.064233253290696799e-22,7.226236959919970282e+00,3.677545699989423156e+02,1.012667630129055425e+02,-1.627048545347679940e-14,1.108113282065026572e+00,9.689801390753062396e-06,6.126135172233969737e-22,-9.760895938318201459e+00,9.000000000000000000e+01,3.822231294565528481e-04,0.000000000000000000e+00,1.475121284601596470e-19,1.347261470111193905e-05,-6.948447973922937758e-25
7.959500000667499990e+03,4.064240276042218905e-22,7.235333443486013927e+00,3.565826469566673040e+02,1.012679094477163346e+02,-1.627041444408400000e-14,1.127694903975453133e+00,3.192508244905493823e-05,1.974593748234324183e-21,-9.760722697705185524e+00,9.000000000000000000e+01,3.888774508986760190e-04,0.000000000000000000e+00,1.475117513512864021e-19,-8.459622960639206015e-05,-7.071198908684531473e-25
7.969500000669228029e+03,4.064247422905945068e-22,7.244430047031584330e+00,3.452133034402504563e+02,1.012690760066003861e+02,-1.627034218751820536e-14,1.147622590755171812e+00,-1.843740930537573878e-05,-1.109582111445900136e-21,-9.760774941095894164e+00,9.000000000000000000e+01,3.958503395729160096e-04,0.000000000000000000e+00,1.475113675654687924e-19,-5.500636243071892873e-05,-7.203022511984791670e-25
7.979500000670956069e+03,4.064254696073190948e-22,7.253526772677014733e+00,3.336430505542084575e+02,1.012702632531644582e+02,-1.627026864919215620e-14,1.167902459444506880e+00,3.250790791152680841e-05,2.008714276805650471e-21,-9.760722708029016204e+00,9.000000000000000000e+01,4.029669379718833679e-04,0.000000000000000000e+00,1.475109770646773571e-19,-8.456597023891846451e-05,-7.330912493137735134e-25
7.989500000672683200e+03,4.064262097777843911e-22,7.262623622580537841e+00,3.218683376489207149e+02,1.012714714602822426e+02,-1.627019381225889800e-14,1.188540735338877719e+00,-1.051833891176988769e-05,-6.259258073008851266e-22,-9.760717194711377331e+00,9.000000000000000000e+01,4.101228652525977752e-04,0.000000000000000000e+00,1.475105795655824031e-19,-8.767481559749188823e-05,-7.465885597842348343e-25
7.999500000674411240e+03,4.064269630293081516e-22,7.271720598938348878e+00,3.098855512849986553e+02,1.012727010169970470e+02,-1.627011765244963303e-14,1.209543754106872093e+00,-2.544220273979614744e-05,-1.538551914091853130e-21,-9.761008653543667535e+00,9.000000000000000000e+01,4.174544282333766477e-04,0.000000000000000000e+00,1.475101750687227816e-19,7.734831609669214807e-05,-7.618149325645315185e-25
8.009500000676138370e+03,4.064277295932443564e-22,7.280817703985426270e+00,2.976910141007974744e+02,1.012739523102775934e+02,-1.627004014591867386e-14,1.230917963181496821e+00,1.137128763419630381e-05,7.146134408681834656e-22,-9.760837277933857692e+00,9.000000000000000000e+01,4.248648845931403861e-04,0.000000000000000000e+00,1.475097634715868990e-19,-1.966356716916915152e-05,-7.748953171867254789e-25
8.019500000677866410e+03,4.064285097049683050e-22,7.289914939996367416e+00,2.852809838009998202e+02,1.012752256806061837e+02,-1.626996127153148389e-14,1.252669924128972712e+00,-2.985604140001696643e-06,-1.635986877640684909e-22,-9.760894094431684209e+00,9.000000000000000000e+01,4.323518033194459920e-04,0.000000000000000000e+00,1.475093445584383664e-19,1.251649019955085100e-05,-7.896014560452900594e-25
8.029500000679594450e+03,4.064293036042454390e-22,7.299012309286102784e+00,2.726516519011929631e+02,1.012765215567515042e+02,-1.626988100265905984e-14,1.274806314653468720e+00,4.662050979842909549e-06,3.047384205716604521e-22,-9.760836358617890340e+00,9.000000000000000000e+01,4.399879461144079831e-04,0.000000000000000000e+00,1.475089182593237488e-19,-2.015738633509416168e-05,-8.038958547589035931e-25
8.039500000681322490e+03,4.064301115345303247e-22,7.308109814210236976e+00,2.597991426987573504e+02,1.012778403899108213e+02,-1.626979931135712431e-14,1.297333930458992146e+00,1.915782401576806085e-05,1.192903836953350387e-21,-9.760896880192696301e+00,9.000000000000000000e+01,4.477710912460813484e-04,0.000000000000000000e+00,1.475084843969306930e-19,1.412078856185702442e-05,-8.190282321774765566e-25
8.049500000683049620e+03,4.064309337440198014e-22,7.317207457166325923e+00,2.467195118218660355e+02,1.012791824398939866e+02,-1.626971618120793570e-14,1.320259687645953139e+00,-2.018135361009679943e-06,-1.053939297340842055e-22,-9.760835433018741014e+00,9.000000000000000000e+01,4.558501176293283642e-04,0.000000000000000000e+00,1.475080428689228410e-19,-2.065380688936876706e-05,-8.334228665517700552e-25
8.059500000684777660e+03,4.064317704856998608e-22,7.326305240594241042e+00,2.334087451770901680e+02,1.012805482239720902e+02,-1.626963158064411733e-14,1.343590624048737192e+00,1.968169705607842961e-05,1.223640842765665554e-21,-9.760896876362782137e+00,9.000000000000000000e+01,4.639444342620399446e-04,0.000000000000000000e+00,1.475075935717948435e-19,1.414671270033497138e-05,-8.490386788105286323e-25
8.069500000686504791e+03,4.064326220159686252e-22,7.335403166976742106e+00,2.198627578532323241e+02,1.012819381563881933e+02,-1.626954548373642025e-14,1.367333902563155235e+00,2.737315618944456030e-05,1.694046253083911091e-21,-9.760839132424454334e+00,9.000000000000000000e+01,4.722100503537855201e-04,0.000000000000000000e+00,1.475071363052364326e-19,-1.853078515857812820e-05,-8.642611241699007870e-25
8.079500000688232831e+03,4.064334885966955793e-22,7.344501238840788204e+00,2.060773926768451929e+02,1.012833526367028156e+02,-1.626945786581894362e-14,1.391496812459459775e+00,-8.907217313205043432e-06,-5.268315810642902760e-22,-9.760951822104781073e+00,9.000000000000000000e+01,4.805756924730414858e-04,0.000000000000000000e+00,1.475066709116617850e-19,4.528352668143225860e-05,-8.806899747327552242e-25
8.089500000689959961e+03,4.064343704935988700e-22,7.353599458758149687e+00,1.920484187565743923e+02,1.012847920924698144e+02,-1.626936870040725080e-14,1.416086771990907156e+00,-2.287257160693438650e-05,-1.381419755820942296e-21,-9.760891299435199286e+00,9.000000000000000000e+01,4.890132899856335438e-04,0.000000000000000000e+00,1.475061973246962289e-19,1.103335454083222168e-05,-8.967024378985955803e-25
8.099500000691688001e+03,4.064352679781128382e-22,7.362697829345429490e+00,1.777715308619663119e+02,1.012862569906962307e+02,-1.626927795841242408e-14,1.441111330841776450e+00,-1.541147206717996163e-05,-9.241481049599436728e-22,-9.760892227605404869e+00,9.000000000000000000e+01,4.976505298469146958e-04,0.000000000000000000e+00,1.475057153824209117e-19,1.157404066657197211e-05,-9.132151305389411462e-25
8.109500000693416041e+03,4.064361813259780840e-22,7.371796353266214297e+00,1.632423473298549652e+02,1.012877477079615858e+02,-1.626918561607663934e-14,1.466578172392371204e+00,-3.831352062864342475e-05,-2.326896077143415366e-21,-9.761241385319262776e+00,9.000000000000000000e+01,5.067157348920253018e-04,0.000000000000000000e+00,1.475052249165762414e-19,2.092662910001147369e-04,-9.312051276070426189e-25
8.119500000695144081e+03,4.064371108172014993e-22,7.380895033231091418e+00,1.484564089989289641e+02,1.012892648690570638e+02,-1.626909163578937836e-14,1.492495114597393258e+00,7.201042301551395779e-08,2.228891271253136571e-23,-9.760776772068938456e+00,9.000000000000000000e+01,5.155575773169656468e-04,0.000000000000000000e+00,1.475047257940878738e-19,-5.376028162170197201e-05,-9.460357242625658163e-25
8.129500000696871211e+03,4.064380567382756018e-22,7.389993871998379760e+00,1.334091778965666890e+02,1.012908088140694787e+02,-1.626899599583202247e-14,1.518870115254004505e+00,-2.321326351849468689e-07,5.729819755114000232e-24,-9.760894107468514491e+00,9.000000000000000000e+01,5.245573488869478005e-04,0.000000000000000000e+00,1.475042178157133488e-19,1.268556282827939253e-05,-9.642815873168105092e-25
8.139500000698599251e+03,4.064390193796817846e-22,7.399092872375073959e+00,1.180960360802710056e+02,1.012923800002213994e+02,-1.626889866751115725e-14,1.545711272661499214e+00,7.527998245468854816e-06,4.800939395075279365e-22,-9.760836369163724768e+00,9.000000000000000000e+01,5.339198162568081253e-04,0.000000000000000000e+00,1.475037008826830824e-19,-1.998686545272140489e-05,-9.814740769434013123e-25
8.149500000700326382e+03,4.064399990367173943e-22,7.408192037218245929e+00,1.025122837219387293e+02,1.012939789141488234e+02,-1.626879962095825900e-14,1.573026827741287548e+00,-6.927429671839567733e-06,-4.052799647361093405e-22,-9.760893154202431532e+00,9.000000000000000000e+01,5.434441921545054384e-04,0.000000000000000000e+00,1.475031748029781278e-19,1.217875970559976542e-05,-9.995520113057543997e-25
8.159500000702054422e+03,4.064409960108467027e-22,7.417291369435335291e+00,8.665313805267214775e+01,1.012956061244410506e+02,-1.626869882126508724e-14,1.600825167252975856e+00,-2.833732371307348739e-05,-1.715267816218674408e-21,-9.760890337096746805e+00,9.000000000000000000e+01,5.529838074891256419e-04,0.000000000000000000e+00,1.475026393912999982e-19,1.060073339758689803e-05,-1.018009192638044101e-24
8.169500000703782462e+03,4.064420106078913512e-22,7.426390871985007358e+00,7.051373158395290375e+01,1.012972620671218635e+02,-1.626859624075751790e-14,1.629114827100302865e+00,-6.740682653427865320e-06,-3.933326701939789824e-22,-9.760951812018442197e+00,9.000000000000000000e+01,5.628735875435122993e-04,0.000000000000000000e+00,1.475020945674185689e-19,4.542214364087214572e-05,-1.036687989066215031e-24
8.179500000705509592e+03,4.064430431390278754e-22,7.435490547878266021e+00,5.408911086898297071e+01,1.012989472510902687e+02,-1.626849184825806405e-14,1.657904493257426060e+00,-5.010538305584468898e-05,-3.048596629801608350e-21,-9.761004821741568804e+00,9.000000000000000000e+01,5.728788100792837901e-04,0.000000000000000000e+00,1.475015400479731635e-19,7.545126090215451518e-05,-1.055790003753908897e-24
8.189500000707237632e+03,4.064440939227028199e-22,7.444590400179706080e+00,3.737423489615321159e+01,1.013006622348603685e+02,-1.626838560911064302e-14,1.687203005861895644e+00,-2.788923642389589937e-05,-1.688972172975051532e-21,-9.760948980489938975e+00,9.000000000000000000e+01,5.830750527090028086e-04,0.000000000000000000e+00,1.475009757827307864e-19,4.385434874814353375e-05,-1.074601800436912720e-24
8.199500000709196684e+03,4.064451632813296938e-22,7.453690432008017730e+00,2.036397346016019583e+01,1.013024075511349622e+02,-1.626827749039286753e-14,1.717019361191064020e+00,2.026952853407318876e-05,1.259753386287302481e-21,-9.760895037039437838e+00,9.000000000000000000e+01,5.933946540171532776e-04,0.000000000000000000e+00,1.475004015519265569e-19,1.333219885441763160e-05,-1.093898557706624204e-24
8.209500000711233952e+03,4.064462515430610049e-22,7.462790646536778816e+00,3.053105752915143967e+00,1.013041836358493129e+02,-1.626816746479720980e-14,1.747362714974000530e+00,-1.117887513364391712e-06,-5.011328112928383682e-23,-9.760892203667058453e+00,9.000000000000000000e+01,6.039380300435829001e-04,0.000000000000000000e+00,1.474998171268674884e-19,1.174650623999519465e-05,-1.113717757655563775e-24
8.219500000713271220e+03,4.064473590428391981e-22,7.471891046996118391e+00,-1.456368141528218985e+01,1.013059911584884958e+02,-1.626805549157632823e-14,1.778242384126607067e+00,-5.542662151357462220e-07,-1.322005660907884183e-23,-9.760833557093782531e+00,9.000000000000000000e+01,6.143701933446875244e-04,0.000000000000000000e+00,1.474992223660447229e-19,-2.143768440398755913e-05,-1.134296931081887930e-24
8.229500000715308488e+03,4.064484861211926207e-22,7.480991636672966294e+00,-3.249179513752460480e+01,1.013078305751662498e+02,-1.626794154087345948e-14,1.809667852464192483e+00,4.339988394879805151e-05,2.675659292658303928e-21,-9.760780564207660603e+00,9.000000000000000000e+01,6.254901208842225842e-04,0.000000000000000000e+00,1.474986171507262440e-19,-5.142069458689749168e-05,-1.154088515860073419e-24
8.239500000717345756e+03,4.064496331240273185e-22,7.490092418912619010e+00,-5.073673807922750711e+01,1.013097025170562375e+02,-1.626782557509707794e-14,1.841648768664174041e+00,-3.873111084294047698e-07,-4.089308818820233017e-24,-9.760892197976469120e+00,9.000000000000000000e+01,6.365023833909021949e-04,0.000000000000000000e+00,1.474980011273327400e-19,1.180056097318441933e-05,-1.175860644773095639e-24
8.249500000719383024e+03,4.064508004036152505e-22,7.499193397119501725e+00,-6.930411035846918821e+01,1.013116074379858134e+02,-1.626770756502212111e-14,1.874194954528484613e+00,6.327204884385752032e-06,4.064150549866814777e-22,-9.761010464485970317e+00,9.000000000000000000e+01,6.479141639967846622e-04,0.000000000000000000e+00,1.474973743158205765e-19,7.877729645106517449e-05,-1.197515472212522588e-24
8.259500000721420292e+03,4.064519883191513321e-22,7.508294574758221707e+00,-8.819961088337004185e+01,1.013135461804743613e+02,-1.626758745952447642e-14,1.907316403831758933e+00,4.419729186484047992e-05,2.725148247659725888e-21,-9.760780579717629024e+00,9.000000000000000000e+01,6.592801163973730123e-04,0.000000000000000000e+00,1.474967363684952410e-19,-5.135259368786377531e-05,-1.218282554420735980e-24
8.269500000723457561e+03,4.064531972362853063e-22,7.517395955354724713e+00,-1.074290394522249699e+02,1.013155190277213791e+02,-1.626746524000060754e-14,1.941023288822359527e+00,2.242826116117699017e-05,1.392002279166582190e-21,-9.760836388813942222e+00,9.000000000000000000e+01,6.710142558382191499e-04,0.000000000000000000e+00,1.474960871534843622e-19,-1.973561905315533564e-05,-1.240564006479550471e-24
8.279500000725494829e+03,4.064544275261872725e-22,7.526497542497402549e+00,-1.269982984727248549e+02,1.013175267517876108e+02,-1.626734085906008054e-14,1.975325960572996253e+00,1.548006964360806750e-05,9.662713868745656767e-22,-9.760835437659565628e+00,9.000000000000000000e+01,6.829326573049813043e-04,0.000000000000000000e+00,1.474954264645197114e-19,-2.025328361023259288e-05,-1.262986063837895122e-24
8.289500000727532097e+03,4.064556795669128591e-22,7.535599339838167765e+00,-1.469133946243673563e+02,1.013195699420952423e+02,-1.626721427991544628e-14,2.010234953874788566e+00,-1.479535911171959203e-05,-8.872579465202470058e-22,-9.761066258518029670e+00,9.000000000000000000e+01,6.951362271518168401e-04,0.000000000000000000e+00,1.474947540691285202e-19,1.104479072279974331e-04,-1.286873342955233841e-24
8.299500000729569365e+03,4.064569537438500988e-22,7.544701351093348940e+00,-1.671804407862946391e+02,1.013216493603421924e+02,-1.626708545631254608e-14,2.045760988917753931e+00,2.319518497988699607e-05,1.439864199064356702e-21,-9.760836395036131208e+00,9.000000000000000000e+01,7.072386458690067216e-04,0.000000000000000000e+00,1.474940697950019052e-19,-1.966847097342467720e-05,-1.309468370164730594e-24
8.309500000731606633e+03,4.064582504476904318e-22,7.553803580045208577e+00,-1.878056578263640404e+02,1.013237652735214027e+02,-1.626695436973390833e-14,2.081914977943665424e+00,-5.801937903350654112e-06,-3.375668783180573917e-22,-9.760891229371077671e+00,9.000000000000000000e+01,7.199836291478267127e-04,0.000000000000000000e+00,1.474933734718717943e-19,1.139811789882293539e-05,-1.332935674679576308e-24
8.319500000733643901e+03,4.064595700779454086e-22,7.562906030542865921e+00,-2.087953767729923129e+02,1.013259188502404271e+02,-1.626682095014518763e-14,2.118708022827469950e+00,3.858604687884439313e-05,2.382476206948794069e-21,-9.760779654376262826e+00,9.000000000000000000e+01,7.324778680550017270e-04,0.000000000000000000e+00,1.474926647726433495e-19,-5.174807243566107974e-05,-1.357127120805238287e-24
8.329500000735681169e+03,4.064609130402986774e-22,7.572008706503618569e+00,-2.301560406200587749e+02,1.013281102730927472e+02,-1.626668518375363698e-14,2.156151425831430490e+00,1.902330318398443932e-06,1.348348469804414467e-22,-9.760892184396299243e+00,9.000000000000000000e+01,7.456567424508004152e-04,0.000000000000000000e+00,1.474919435534736299e-19,1.198390959775600965e-05,-1.381780128266931982e-24
8.339500000737718437e+03,4.064622797479881771e-22,7.581111611914161941e+00,-2.518942062007263303e+02,1.013303405049672250e+02,-1.626654701269759326e-14,2.194256685652746341e+00,9.357244240291632100e-06,5.918760144330838604e-22,-9.760893141444475063e+00,9.000000000000000000e+01,7.588150852465750220e-04,0.000000000000000000e+00,1.474912095851658981e-19,1.254889465401666762e-05,-1.406912940619823937e-24
8.349500000739755706e+03,4.064636706208396932e-22,7.590214750828326196e+00,-2.740165464375168085e+02,1.013326100545375681e+02,-1.626640640454236822e-14,2.233035506738362042e+00,1.682345300528281969e-05,1.048900767407676468e-21,-9.760894102131986827e+00,9.000000000000000000e+01,7.722738026034661881e-04,0.000000000000000000e+00,1.474904626832104561e-19,1.311634111242723765e-05,-1.432311230053846102e-24
8.359500000741792974e+03,4.064650860865974705e-22,7.599318127377604704e+00,-2.965298520838841796e+02,1.013349197597326565e+02,-1.626626330763914636e-14,2.272499799771282358e+00,3.198808568787646464e-05,1.977203501193175357e-21,-9.760837367922359675e+00,9.000000000000000000e+01,7.859492051713627345e-04,0.000000000000000000e+00,1.474897025502859706e-19,-1.897994613734160175e-05,-1.457902506569583393e-24
8.369500000743830242e+03,4.064665265801175885e-22,7.608421745764775146e+00,-3.194410339938476682e+02,1.013372702369966447e+02,-1.626611768351843773e-14,2.312661686558640017e+00,-3.803807846663456119e-06,-2.147717652897148261e-22,-9.760832555685082568e+00,9.000000000000000000e+01,7.999032540484582975e-04,0.000000000000000000e+00,1.474889289372582847e-19,-2.168001385596628663e-05,-1.484134078567757658e-24
8.379500000745867510e+03,4.064679925447412209e-22,7.617525610266140390e+00,-3.427571253180503845e+02,1.013396623014855891e+02,-1.626596948177313174e-14,2.353533503253957715e+00,-4.555064165624934285e-06,-2.605210303556666425e-22,-9.760949870265559269e+00,9.000000000000000000e+01,8.141150285383915060e-04,0.000000000000000000e+00,1.474881416497490911e-19,4.476285154454137861e-05,-1.511468652438693941e-24
8.389500000747904778e+03,4.064694844313531121e-22,7.626629725233968315e+00,-3.664852835545316339e+02,1.013420966206051332e+02,-1.626581866148454309e-14,2.395127803896409890e+00,1.833290887724801227e-05,1.141868980965913912e-21,-9.760835448338813336e+00,9.000000000000000000e+01,8.283829282666779455e-04,0.000000000000000000e+00,1.474873404743499925e-19,-1.999223104469270709e-05,-1.538514199432858569e-24
8.399500000749942046e+03,4.064710026987531271e-22,7.635734095097117979e+00,-3.906327926432713866e+02,1.013445739711137179e+02,-1.626566517381629368e-14,2.437457365880498106e+00,1.963588691318200003e-05,1.221760829641973145e-21,-9.760718132145205672e+00,9.000000000000000000e+01,8.429816130861677963e-04,0.000000000000000000e+00,1.474865250922178700e-19,-8.638546125038136189e-05,-1.565835528756977658e-24
8.409500000751979314e+03,4.064725478138653485e-22,7.644838724363215654e+00,-4.152070655608549714e+02,1.013470950278008473e+02,-1.626550897658533718e-14,2.480535192347415041e+00,1.831988012559164101e-05,1.141261294471993042e-21,-9.760894108201910058e+00,9.000000000000000000e+01,8.580076988336422534e-04,0.000000000000000000e+00,1.474856953179332404e-19,1.327012780239324612e-05,-1.594810656762751443e-24
8.419500000754016583e+03,4.064741202516664183e-22,7.653943617619560769e+00,-4.402156462017446756e+02,1.013496606878711788e+02,-1.626535001525711651e-14,2.524374515362753257e+00,3.515615665074119350e-05,2.172181181550969751e-21,-9.760661414724268070e+00,9.000000000000000000e+01,8.730748817240444135e-04,0.000000000000000000e+00,1.474848508601440459e-19,-1.184434142003960589e-04,-1.622634724644890083e-24
8.429500000756053851e+03,4.064757204959399704e-22,7.663048779534608279e+00,-4.656662119990214705e+02,1.013522715546362036e+02,-1.626518825049873350e-14,2.568988803899487916e+00,3.873911991476310622e-06,2.552846489743266556e-22,-9.760950827999810286e+00,9.000000000000000000e+01,8.888410913242263079e-04,0.000000000000000000e+00,1.474839914713619330e-19,4.543595942990728760e-05,-1.652701958848909900e-24
8.439500000758091119e+03,4.064773490392373219e-22,7.672154214859508770e+00,-4.915665760915726423e+02,1.013549286542956196e+02,-1.626502362116823941e-14,2.614391761426586580e+00,-1.032587703833133010e-05,-6.129479076250282090e-22,-9.760948884701118544e+00,9.000000000000000000e+01,9.044599341979080859e-04,0.000000000000000000e+00,1.474831168560781332e-19,4.436333912693930781e-05,-1.682782504152983691e-24
8.449500000760128387e+03,4.064790063822758081e-22,7.681259928429483352e+00,-5.179246897585690022e+02,1.013576326900834346e+02,-1.626485608210159616e-14,2.660597337609061253e+00,1.211999484038996881e-05,7.613086335508986698e-22,-9.760893140639941734e+00,9.000000000000000000e+01,9.204620529685898387e-04,0.000000000000000000e+00,1.474822268151823053e-19,1.283172538029817387e-05,-1.712827723184893361e-24
8.459500000762165655e+03,4.064806930348614983e-22,7.690365925165406402e+00,-5.447486449582502246e+02,1.013603844834356238e+02,-1.626468558241194265e-14,2.707619727586699110e+00,-3.794186474428317335e-06,-2.126881234876923548e-22,-9.761067167082609686e+00,9.000000000000000000e+01,9.368177343092153747e-04,0.000000000000000000e+00,1.474813209974657404e-19,1.113859338473975548e-04,-1.744479303312206195e-24
8.469500000764202923e+03,4.064824095158175853e-22,7.699472210075094303e+00,-5.720466768862679601e+02,1.013631848442660441e+02,-1.626451207231185008e-14,2.755473377413524272e+00,6.009008883589735377e-06,3.866709893930918923e-22,-9.760833509116325857e+00,9.000000000000000000e+01,9.533627255213695693e-04,0.000000000000000000e+00,1.474803992178986914e-19,-2.087122463638737291e-05,-1.774709558877866465e-24
8.479500000766240191e+03,4.064841563536031650e-22,7.708578788255289638e+00,-5.998271661978214979e+02,1.013660347288141566e+02,-1.626433549176023775e-14,2.804172990141984734e+00,-1.521896770499561952e-06,-7.547834678801799352e-23,-9.760891188460993462e+00,9.000000000000000000e+01,9.703770093324399007e-04,0.000000000000000000e+00,1.474794610848750338e-19,1.181371157315371575e-05,-1.806634977979435935e-24
8.489500000768277459e+03,4.064859340855741800e-22,7.717685664892737663e+00,-6.280986418612301350e+02,1.013689350042832302e+02,-1.626415578814558638e-14,2.853733527193980990e+00,-2.509303642789364542e-06,-1.342441161907454878e-22,-9.761008502602209091e+00,9.000000000000000000e+01,9.874618027584658453e-04,0.000000000000000000e+00,1.474785063506514934e-19,7.826160940931138643e-05,-1.840028475502899710e-24
8.499500000770314728e+03,4.064877432583254882e-22,7.726792845266264642e+00,-6.568697837060317397e+02,1.013718865041012549e+02,-1.626397290869886954e-14,2.904170217007611132e+00,1.400695408660675807e-05,8.759861042986569075e-22,-9.760834484454724347e+00,9.000000000000000000e+01,1.004954061777399345e-03,0.000000000000000000e+00,1.474775347552392756e-19,-2.022869378020824375e-05,-1.872147537634896348e-24
8.509500000772351996e+03,4.064895844291107659e-22,7.735900334747779716e+00,-6.861494250753894448e+02,1.013748901812469541e+02,-1.626378679517318548e-14,2.955498555900982538e+00,1.424158134065260650e-05,8.919561593914981098e-22,-9.760834484910104081e+00,9.000000000000000000e+01,1.022594833438518220e-03,0.000000000000000000e+00,1.474765459439214220e-19,-2.019724847306710651e-05,-1.906212645249374178e-24
8.519500000774389264e+03,4.064914581645453738e-22,7.745008138804658770e+00,-7.159465555390343070e+02,1.013779468923468841e+02,-1.626359739322990807e-14,3.007734316456208923e+00,1.450750297204869655e-05,9.077441088914481074e-22,-9.760834485415598394e+00,9.000000000000000000e+01,1.040751285452471255e-03,0.000000000000000000e+00,1.474755396556967009e-19,-2.016522593408340047e-05,-1.940355648690626979e-24
8.529500000776426532e+03,4.064933650411554062e-22,7.754116263001112230e+00,-7.462703237021341920e+02,1.013810575170573713e+02,-1.626340464853456378e-14,3.060893549145311532e+00,5.642459213324387294e-06,3.644387004781495588e-22,-9.761009475741664332e+00,9.000000000000000000e+01,1.059325385134422684e-03,0.000000000000000000e+00,1.474745156053598765e-19,7.893841197970888780e-05,-1.975807059797869550e-24
8.539500000778463800e+03,4.064953056457650874e-22,7.763224712999550192e+00,-7.771300399024039507e+02,1.013842231628073733e+02,-1.626320849333262782e-14,3.114992588147856623e+00,-7.231615199829297038e-06,-4.244207450818528844e-22,-9.760890195477955444e+00,9.000000000000000000e+01,1.078065501272304494e-03,0.000000000000000000e+00,1.474734734065871686e-19,1.144036605434588133e-05,-2.010684630730990291e-24
8.549500000780501068e+03,4.064972805760738452e-22,7.772333494562894352e+00,-8.085351792853325605e+02,1.013874447840900075e+02,-1.626300886820134761e-14,3.170048057896957427e+00,2.971488726284177758e-05,1.838712018165240156e-21,-9.760836454871341772e+00,9.000000000000000000e+01,1.097043824569609877e-03,0.000000000000000000e+00,1.474724128053321916e-19,-1.895160588679169493e-05,-2.046787677123072333e-24
8.559500000782538336e+03,4.064992904396212646e-22,7.781442613556342813e+00,-8.404953845134004951e+02,1.013907232775461438e+02,-1.626280571602537922e-14,3.226076878358006716e+00,3.721699594723317656e-05,2.296090855143247146e-21,-9.760837427447745185e+00,9.000000000000000000e+01,1.116670643348804731e-03,0.000000000000000000e+00,1.474713334256518315e-19,-1.836693882109887455e-05,-2.083077287178299606e-24
8.569500000784575604e+03,4.065013358549622532e-22,7.790552075948496302e+00,-8.730204689260572195e+02,1.013940597798242464e+02,-1.626259896908706293e-14,3.283096265198494290e+00,3.022309018269433208e-05,1.870616825008324597e-21,-9.760836460840300433e+00,9.000000000000000000e+01,1.136159856447483329e-03,0.000000000000000000e+00,1.474702349041374801e-19,-1.887953800144208887e-05,-2.121144735288904823e-24
8.579500000786612873e+03,4.065034174522920278e-22,7.799661887813869932e+00,-9.061204193560406566e+02,1.013974551096310392e+02,-1.626238857360045172e-14,3.341123744338048152e+00,8.867108304273286536e-06,5.622969729544600666e-22,-9.760833502054767408e+00,9.000000000000000000e+01,1.156336673306525547e-03,0.000000000000000000e+00,1.474691169900490437e-19,-2.051941173768487200e-05,-2.159043029539118051e-24
8.589500000788650141e+03,4.065055358721415979e-22,7.808772055334637585e+00,-9.398053993973881006e+02,1.014009104345021939e+02,-1.626217445785825341e-14,3.400177148710048503e+00,5.452923597462915224e-07,5.136949237869705720e-23,-9.760949826217423464e+00,9.000000000000000000e+01,1.177005803186712950e-03,0.000000000000000000e+00,1.474679793058816236e-19,4.537377144878106409e-05,-2.197913336653806559e-24
8.599500000790687409e+03,4.065076917666701511e-22,7.817882584802458901e+00,-9.740857523921877146e+02,1.014044269083120611e+02,-1.626195655212261438e-14,3.460274626023049471e+00,1.589059435150140401e-05,9.923487916929959649e-22,-9.760893147306164863e+00,9.000000000000000000e+01,1.197678674569649685e-03,0.000000000000000000e+00,1.474668214775686838e-19,1.332133750291223641e-05,-2.237449049334345276e-24
8.609500000792724677e+03,4.065098857999272357e-22,7.826993482620189013e+00,-1.008972004596143961e+03,1.014080054510813795e+02,-1.626173479727232567e-14,3.521434648997925798e+00,2.335068174574023571e-05,1.449125687057755841e-21,-9.760894138780942697e+00,9.000000000000000000e+01,1.218884240288300481e-03,0.000000000000000000e+00,1.474656431841381583e-19,1.391982351314664530e-05,-2.277574301778276610e-24
8.619500000794761945e+03,4.065121186471272921e-22,7.836104755304472036e+00,-1.044474868547171354e+03,1.014116472123575505e+02,-1.626150912269899096e-14,3.583676015031088902e+00,1.712143574880310303e-05,1.067654028364075650e-21,-9.760834492738288404e+00,9.000000000000000000e+01,1.240431950360144269e-03,0.000000000000000000e+00,1.474644440341445932e-19,-1.981116233548627442e-05,-2.318163250115027040e-24
8.629500000796799213e+03,4.065143909963378043e-22,7.845216409487226983e+00,-1.080605246404185891e+03,1.014153533195605377e+02,-1.626127945858683925e-14,3.647017855078283244e+00,1.810773200062608303e-05,1.128694868992180293e-21,-9.760775837701089586e+00,9.000000000000000000e+01,1.262295959088950269e-03,0.000000000000000000e+00,1.474632236770377313e-19,-5.298041871573346315e-05,-2.359649026478923393e-24
8.639500000798836481e+03,4.065167035470386604e-22,7.854328451917723442e+00,-1.117374233001843095e+03,1.014191249179186656e+02,-1.626104573291904509e-14,3.711479640000588720e+00,2.559810790009981948e-05,1.586583861282096412e-21,-9.760776832937850145e+00,9.000000000000000000e+01,1.284717171304290521e-03,0.000000000000000000e+00,1.474619817231323464e-19,-5.237779398854121169e-05,-2.401759822735497332e-24
8.649500000800873750e+03,4.065190570117502130e-22,7.863440889464990313e+00,-1.154793119696900249e+03,1.014229631516295314e+02,-1.626080787571775184e-14,3.777081183706567646e+00,1.789590380467896962e-05,1.115569140093226877e-21,-9.760834495746044226e+00,9.000000000000000000e+01,1.307434037705044495e-03,0.000000000000000000e+00,1.474607177826000196e-19,-1.969194433971233554e-05,-2.445184489322275602e-24
8.659500000802911018e+03,4.065214521149654594e-22,7.872553729119693422e+00,-1.192873397596180439e+03,1.014268691872733683e+02,-1.626056581372953146e-14,3.843842652934280402e+00,1.816940392888982919e-05,1.131542425465786544e-21,-9.760834495683273104e+00,9.000000000000000000e+01,1.330653626039194010e-03,0.000000000000000000e+00,1.474594314901011573e-19,-1.965141404491125681e-05,-2.488801388915821230e-24
8.669500000804948286e+03,4.065238895948485845e-22,7.881666977996311552e+00,-1.231626760882325470e+03,1.014308441448172999e+02,-1.626031947794949572e-14,3.911784570388988858e+00,-2.403117739975210200e-06,-1.288830538644603594e-22,-9.760772849729560718e+00,9.000000000000000000e+01,1.354241229689093001e-03,0.000000000000000000e+00,1.474581224660278172e-19,-5.451119676634774290e-05,-2.532958496822406142e-24
8.679500000806985554e+03,4.065263702017531795e-22,7.890780643335526534e+00,-1.271065110844559968e+03,1.014348894571448199e+02,-1.626006877921678910e-14,3.980927823298024304e+00,3.391230879132352163e-05,2.094022009354842761e-21,-9.760777841118649434e+00,9.000000000000000000e+01,1.378288702819497995e-03,0.000000000000000000e+00,1.474567902716919175e-19,-5.164329076224796468e-05,-2.578159132483907027e-24
8.689500000809022822e+03,4.065288947002586680e-22,7.899894732506169248e+00,-1.311200559285469353e+03,1.014390062151284155e+02,-1.625981365031115708e-14,4.051293668054220198e+00,1.896662610288078451e-05,1.179460441738955985e-21,-9.760834499530291808e+00,9.000000000000000000e+01,1.402658047422111580e-03,0.000000000000000000e+00,1.474554344659100931e-19,-1.952318611676253098e-05,-2.624707927223407059e-24
8.699500000811060090e+03,4.065314638684783634e-22,7.909009253007601714e+00,-1.352045432401821017e+03,1.014431956759282372e+02,-1.625955401307765698e-14,4.122903738421141995e+00,-1.042229828753467639e-05,-6.187781264777674403e-22,-9.760889154343775687e+00,9.000000000000000000e+01,1.427386676488874356e-03,0.000000000000000000e+00,1.474540546737032784e-19,1.146332884627089282e-05,-2.672238911039479278e-24
8.709500000813097358e+03,4.065340784982122829e-22,7.918124212472293699e+00,-1.393612274523824453e+03,1.014474592182923942e+02,-1.625928978120947840e-14,4.195780052179398645e+00,1.471395572208886410e-05,9.189077389667727619e-22,-9.760657535627460746e+00,9.000000000000000000e+01,1.452661537426186075e-03,0.000000000000000000e+00,1.474526504872469242e-19,-1.196240815632522919e-04,-2.718780523097742428e-24
8.719500000815134626e+03,4.065367393950454661e-22,7.927239618668100007e+00,-1.435913851886056364e+03,1.014517980344229500e+02,-1.625902088120458855e-14,4.269945015926988496e+00,3.414234199132439203e-05,2.109910290221689111e-21,-9.760836510771286001e+00,9.000000000000000000e+01,1.478344241933523921e-03,0.000000000000000000e+00,1.474512214768360877e-19,-1.825165200417311326e-05,-2.768500531177472549e-24
8.729500000817171895e+03,4.065394473783593535e-22,7.936355479499895615e+00,-1.478963156539015472e+03,1.014562134620816636e+02,-1.625874722935007789e-14,4.345421434575517772e+00,-1.769866455534181921e-05,-1.064481275280049869e-21,-9.760946793025215840e+00,9.000000000000000000e+01,1.504576710202884656e-03,0.000000000000000000e+00,1.474497671202821404e-19,4.423087129559544813e-05,-2.818462111438725226e-24
8.739500000819209163e+03,4.065422032834007977e-22,7.945471803013180789e+00,-1.522773410536348820e+03,1.014607069956552579e+02,-1.625846873418707916e-14,4.422232515491855587e+00,3.550270368549279646e-05,2.193152359675114954e-21,-9.760777863505319729e+00,9.000000000000000000e+01,1.531110650553727014e-03,0.000000000000000000e+00,1.474482870973475420e-19,-5.136245519372949138e-05,-2.868196651654484375e-24
8.749500000821246431e+03,4.065450079595234772e-22,7.954588597396142546e+00,-1.567358070015907288e+03,1.014652798644186902e+02,-1.625818531771419356e-14,4.500401879987578901e+00,-1.636394564356863758e-05,-9.828115137035942753e-22,-9.760888127521239355e+00,9.000000000000000000e+01,1.558278188973663721e-03,0.000000000000000000e+00,1.474467807888791097e-19,1.111138432878318354e-05,-2.919930165257025103e-24
8.759500000823283699e+03,4.065478622712833623e-22,7.963705870981812929e+00,-1.612730829169042408e+03,1.014699335819432520e+02,-1.625789688747731743e-14,4.579953565219289757e+00,1.270026308026155201e-05,7.975536013714724078e-22,-9.760892168643319877e+00,9.000000000000000000e+01,1.585782629200345245e-03,0.000000000000000000e+00,1.474452478872807705e-19,1.344762315885979704e-05,-2.972311576166551396e-24
8.769500000825320967e+03,4.065507670986025330e-22,7.972823632251087034e+00,-1.658905624481849372e+03,1.014746695164182739e+02,-1.625760335769247844e-14,4.660912036561558836e+00,2.189011557330493643e-05,1.360278323254851364e-21,-9.760775857250651555e+00,9.000000000000000000e+01,1.613790726621609816e-03,0.000000000000000000e+00,1.474436878348659976e-19,-5.235325224655210840e-05,-3.025002930805735093e-24
8.779500000827358235e+03,4.065537233368487826e-22,7.981941889835055370e+00,-1.705896639154292643e+03,1.014794890786348134e+02,-1.625730463997904556e-14,4.743302193044097059e+00,5.119500354444986301e-06,3.334133590622657344e-22,-9.760949800990383451e+00,9.000000000000000000e+01,1.642448218095072078e-03,0.000000000000000000e+00,1.474421001605648693e-19,4.617563707348410623e-05,-3.079784078678412938e-24
8.789500000829395503e+03,4.065567318973386356e-22,7.991060652518110707e+00,-1.753718307519331574e+03,1.014843938237562924e+02,-1.625700063941115515e-14,4.827149372895798152e+00,3.595413803790693938e-05,2.221574069475751036e-21,-9.760836538903962634e+00,9.000000000000000000e+01,1.671442496595421665e-03,0.000000000000000000e+00,1.474404844279784157e-19,-1.789710932859112067e-05,-3.134387386700597413e-24
8.799500000831432772e+03,4.065597937083177571e-22,8.000179929240223586e+00,-1.802385319153778255e+03,1.014893851419878956e+02,-1.625669126752176434e-14,4.912479367099499505e+00,1.372558896694511463e-05,8.592022361041940941e-22,-9.760892157732133256e+00,9.000000000000000000e+01,1.701178132494806598e-03,0.000000000000000000e+00,1.474388400728726468e-19,1.364352739934865303e-05,-3.190309855602381387e-24
8.809500000833470040e+03,4.065629097138868801e-22,8.009299729100916920e+00,-1.851912623928859830e+03,1.014944647394704873e+02,-1.625637642049790766e-14,4.999318420011873876e+00,1.397160400613248242e-05,8.743770699823092116e-22,-9.760892158161334820e+00,9.000000000000000000e+01,1.731272309270100260e-03,0.000000000000000000e+00,1.474371665931123905e-19,1.369654886416880973e-05,-3.247340288195768348e-24
8.819500000835507308e+03,4.065660808752453842e-22,8.018420061358973783e+00,-1.902315436151809990e+03,1.014996339232337732e+02,-1.625605601524044722e-14,5.087693244932682823e+00,-1.071458145472301265e-06,-4.789612288906206260e-23,-9.760948782712787875e+00,9.000000000000000000e+01,1.762051888378473588e-03,0.000000000000000000e+00,1.474354635540500698e-19,4.580842518236429798e-05,-3.305295169007002836e-24
8.829500000837544576e+03,4.065693081705053798e-22,8.027540935438395309e+00,-1.953609239421784878e+03,1.015048946569863233e+02,-1.625572993309844249e-14,5.177631024348682942e+00,-2.156198750436649249e-05,-1.300366319180355388e-21,-9.760887096408710661e+00,9.000000000000000000e+01,1.792972864821098513e-03,0.000000000000000000e+00,1.474337302602895577e-19,1.093919053570865009e-05,-3.364615216613368917e-24
8.839500000839581844e+03,4.065725925948304159e-22,8.036662360930414195e+00,-2.005809791354462504e+03,1.015102482746730601e+02,-1.625539808699521794e-14,5.269159429482246360e+00,3.633396661325595522e-05,2.244297337469462036e-21,-9.760895210641892916e+00,9.000000000000000000e+01,1.824761689093440560e-03,0.000000000000000000e+00,1.474319663877736651e-19,1.558871845624568229e-05,-3.424647563640211038e-24
8.849500000841619112e+03,4.065759351611646634e-22,8.045784347596359964e+00,-2.058933128789998591e+03,1.015156963433618245e+02,-1.625506038114815652e-14,5.362306616889949140e+00,2.844569495139893413e-05,1.760934425919203288e-21,-9.760952849606530535e+00,9.000000000000000000e+01,1.857118858157254509e-03,0.000000000000000000e+00,1.474301712898737725e-19,4.827781189237859578e-05,-3.485943452413905995e-24
8.859500000843656380e+03,4.065793369019469266e-22,8.054906905370369685e+00,-2.112995572227053344e+03,1.015212407467331843e+02,-1.625471669917639745e-14,5.457101243760723364e+00,1.714686732078610177e-05,1.068021765860190722e-21,-9.760774854965930558e+00,9.000000000000000000e+01,1.889982468444219950e-03,0.000000000000000000e+00,1.474283443686870471e-19,-5.243682376766996696e-05,-3.547208165623617159e-24
8.869500000845693648e+03,4.065827988662282369e-22,8.064030044363285299e+00,-2.168013731163926423e+03,1.015268832262493959e+02,-1.625436693345536346e-14,5.553572475421471921e+00,2.459352821440239333e-05,1.525689741601680534e-21,-9.760775876367281612e+00,9.000000000000000000e+01,1.923264834784323314e-03,0.000000000000000000e+00,1.474264850674353754e-19,-5.179991072153418684e-05,-3.610967796762646130e-24
8.879500000847730917e+03,4.065863221225904173e-22,8.073153774864895382e+00,-2.224004509121179581e+03,1.015326252616918055e+02,-1.625401098873415182e-14,5.651749998069825587e+00,7.564197646224254164e-06,4.819668314221478489e-22,-9.760949793260474294e+00,9.000000000000000000e+01,1.957492598383386590e-03,0.000000000000000000e+00,1.474245928752896729e-19,4.672338224082653530e-05,-3.675880931520692180e-24
8.889500000849768185e+03,4.065899077579316558e-22,8.082278107347933727e+00,-2.280985109039582312e+03,1.015384688164031104e+02,-1.625364874685351585e-14,5.751664018007570434e+00,4.676463025205939176e-05,2.882075407947017596e-21,-9.760778948824073709e+00,9.000000000000000000e+01,1.992054659830910443e-03,0.000000000000000000e+00,1.474226672189833863e-19,-4.994002539232442569e-05,-3.740746782847869953e-24
8.899500000851805453e+03,4.065935568803232386e-22,8.091403052470633739e+00,-2.338973038163036108e+03,1.015444154974929916e+02,-1.625328010589899426e-14,5.853345282874570010e+00,2.442711944465711556e-05,1.514859625185581978e-21,-9.760834535255527911e+00,9.000000000000000000e+01,2.027282338016951711e-03,0.000000000000000000e+00,1.474207074597633123e-19,-1.840778572388221293e-05,-3.807872963049963995e-24
8.909500000853842721e+03,4.065972706151851499e-22,8.100528621080400171e+00,-2.397986113902181387e+03,1.015504673107555931e+02,-1.625290494162023607e-14,5.956825083676550392e+00,-3.124878111410807000e-06,-1.723540054543770013e-22,-9.760771785205575313e+00,9.000000000000000000e+01,2.063133701653588944e-03,0.000000000000000000e+00,1.474187129569156751e-19,-5.387103147124699487e-05,-3.875537189006749724e-24
8.919500000855879989e+03,4.066010501095658118e-22,8.109654824217399138e+00,-2.458042469318956137e+03,1.015566260773439922e+02,-1.625252314016714414e-14,6.062135267549936479e+00,1.674318009640463935e-05,1.044137164465125613e-21,-9.760892165372341722e+00,9.000000000000000000e+01,2.099717092214048106e-03,0.000000000000000000e+00,1.474166831664243917e-19,1.434661001063977890e-05,-3.945151497816100443e-24
8.929500000857917257e+03,4.066048965309977636e-22,8.118781673116981068e+00,-2.519160558088682592e+03,1.015628936403260667e+02,-1.625213458848611206e-14,6.169308244683183062e+00,1.698367619802989854e-05,1.059547024098363744e-21,-9.760892166291696981e+00,9.000000000000000000e+01,2.136805372090529263e-03,0.000000000000000000e+00,1.474146174271404861e-19,1.441227789450874040e-05,-4.015699595176414564e-24
8.939500000859954525e+03,4.066088110662700703e-22,8.127909179214791280e+00,-2.581359161053784192e+03,1.015692718723882706e+02,-1.625173916831931393e-14,6.278377003564236780e+00,-2.082917680289620311e-05,-1.255762703864355431e-21,-9.761004328462522750e+00,9.000000000000000000e+01,2.174674192934610267e-03,0.000000000000000000e+00,1.474125150921570901e-19,7.797955780511212488e-05,-4.087788661426956492e-24
8.949500000861991793e+03,4.066127949247920223e-22,8.137037354148855428e+00,-2.644657391542568803e+03,1.015757628484221868e+02,-1.625133675160635521e-14,6.389375115705969499e+00,4.119333999860682076e-05,2.540100401544852263e-21,-9.760777953853084554e+00,9.000000000000000000e+01,2.213210083928920414e-03,0.000000000000000000e+00,1.474103756062137951e-19,-5.011569875915851684e-05,-4.159309538820744723e-24
8.959500000864029062e+03,4.066168493368089710e-22,8.146166209763848087e+00,-2.709074701279401779e+03,1.015823685295033130e+02,-1.625092721730463947e-14,6.502336748366228214e+00,1.053996661131096019e-05,6.646533465468781662e-22,-9.760891138508922538e+00,9.000000000000000000e+01,2.252288308018961759e-03,0.000000000000000000e+00,1.474081981213228281e-19,1.403283956318978130e-05,-4.234328257598377844e-24
8.969500000866066330e+03,4.066209755545010392e-22,8.155295758114892379e+00,-2.774630886499769986e+03,1.015890908342846757e+02,-1.625051044420383639e-14,6.617296677922700709e+00,1.800230730360994876e-05,1.121191863611830346e-21,-9.760892170275932145e+00,9.000000000000000000e+01,2.292180366003453672e-03,0.000000000000000000e+00,1.474059821516803736e-19,1.468685885304283241e-05,-4.309739240240018392e-24
8.979500000868103598e+03,4.066251748530436052e-22,8.164426011470901301e+00,-2.841346094196662307e+03,1.015959319614937471e+02,-1.625008629752805744e-14,6.734290294630397966e+00,2.757416383967326414e-05,1.707637117670408771e-21,-9.760775902338588494e+00,9.000000000000000000e+01,2.332640340320535615e-03,0.000000000000000000e+00,1.474037269141570457e-19,-5.106749285823354513e-05,-4.386202721707574336e-24
8.989500000870140866e+03,4.066294485305881189e-22,8.173556982318618935e+00,-2.909240827957168221e+03,1.016028939282793715e+02,-1.624965464916691322e-14,6.853353621296104592e+00,8.737051815711533061e-07,7.308694240481814318e-23,-9.761066056802407687e+00,9.000000000000000000e+01,2.374043827354317161e-03,0.000000000000000000e+00,1.474014316910717823e-19,1.132767935735643422e-04,-4.465659647195456688e-24
8.999500000872178134e+03,4.066337979072811753e-22,8.182688683366789562e+00,-2.978335954624228179e+03,1.016099789508262603e+02,-1.624921536469627459e-14,6.974523314555954201e+00,1.765757497507284028e-05,1.101270015229171941e-21,-9.760950824377298218e+00,9.000000000000000000e+01,2.415939943938046411e-03,0.000000000000000000e+00,1.473990958464614748e-19,4.811124509163536918e-05,-4.544908821773664590e-24
9.009500000874215402e+03,4.066382243271624205e-22,8.191821127549250292e+00,-3.048652710776776075e+03,1.016171890445591259e+02,-1.624876831572268363e-14,7.097836687946149858e+00,4.599123024664932956e-06,3.008723738258074365e-22,-9.760890102933581502e+00,9.000000000000000000e+01,2.458730667630249379e-03,0.000000000000000000e+00,1.473967186385283256e-19,1.380856599948649531e-05,-4.625474588733864303e-24
9.019500000876252670e+03,4.066427291586141076e-22,8.200954328030277907e+00,-3.120212709024548531e+03,1.016245265881956641e+02,-1.624831335607836195e-14,7.223331713267838516e+00,-1.250483250489974833e-06,-5.737680023797274805e-23,-9.760830413109072623e+00,9.000000000000000000e+01,2.502209009891478292e-03,0.000000000000000000e+00,1.473942992959369825e-19,-1.990872514901271918e-05,-4.707663621671270347e-24
9.029500000878289939e+03,4.066473137946730735e-22,8.210088298207372404e+00,-3.193037944866344333e+03,1.016319937812846632e+02,-1.624785034852108210e-14,7.351047038627837260e+00,1.229384561582380891e-05,7.726928993370118408e-22,-9.760891155622941184e+00,9.000000000000000000e+01,2.546438942134041615e-03,0.000000000000000000e+00,1.473918371089919390e-19,1.455849874455638474e-05,-4.791966872748587834e-24
9.039500000880327207e+03,4.066519796524857791e-22,8.219223051716065598e+00,-3.267150803412310779e+03,1.016395928476688511e+02,-1.624737915331640310e-14,7.481021999439623649e+00,6.480078756980489369e-06,4.154371426563648267e-22,-9.760831449098890999e+00,9.000000000000000000e+01,2.591595850295405189e-03,0.000000000000000000e+00,1.473893312984974488e-19,-1.916552184342165498e-05,-4.876830050476317150e-24
9.049500000882364475e+03,4.066567281748871395e-22,8.228358602434129310e+00,-3.342574066323228180e+03,1.016473261935261689e+02,-1.624689962199251105e-14,7.613296627438264075e+00,5.622518521091184485e-06,3.624244108663986777e-22,-9.760890084902619890e+00,9.000000000000000000e+01,2.637541403401363720e-03,0.000000000000000000e+00,1.473867810853028325e-19,1.411175713795729968e-05,-4.963863515894706724e-24
9.059500000884401743e+03,4.066615608309361732e-22,8.237494964486016258e+00,-3.419330919052474201e+03,1.016551961421709507e+02,-1.624641161151938807e-14,7.747911665147198867e+00,-2.294268698150903106e-05,-1.385695572006692163e-21,-9.760885931883528599e+00,9.000000000000000000e+01,2.684100372761074205e-03,0.000000000000000000e+00,1.473841856857480866e-19,1.184236034947887130e-05,-5.052521632213695850e-24
9.069500000886439011e+03,4.066664791151311014e-22,8.246632152247160619e+00,-3.497444957707077265e+03,1.016632051461086235e+02,-1.624591496586754154e-14,7.884908583716936370e+00,-8.272197698813894568e-06,-4.883828467523034312e-22,-9.760887991821148191e+00,9.000000000000000000e+01,2.731703270571999524e-03,0.000000000000000000e+00,1.473815443227768360e-19,1.309190072309954092e-05,-5.142328471930430325e-24
9.079500000888476279e+03,4.066714845493807924e-22,8.255770180348182663e+00,-3.576940196498297155e+03,1.016713557368684917e+02,-1.624540953219228698e-14,8.024329583404821165e+00,3.630801543997111153e-05,2.243233612944510946e-21,-9.760835626807459420e+00,9.000000000000000000e+01,2.779814362473372307e-03,0.000000000000000000e+00,1.473788561649002197e-19,-1.646994532913453939e-05,-5.234170249857553719e-24
9.089500000890513547e+03,4.066765786826520199e-22,8.264909063679869661e+00,-3.657841075160540640e+03,1.016796501898794673e+02,-1.624489516182736576e-14,8.166217625354720511e+00,1.870016648238215446e-05,1.163557850760849326e-21,-9.761009484222569199e+00,9.000000000000000000e+01,2.829247044231873818e-03,0.000000000000000000e+00,1.473761203411528448e-19,8.204627890517608799e-05,-5.327736481872086051e-24
9.099500000892550815e+03,4.066817630914115426e-22,8.274048817397726907e+00,-3.740172466540709138e+03,1.016880911648791255e+02,-1.624437169575968707e-14,8.310616421402309939e+00,-1.105298261480723142e-05,-6.575794477440564692e-22,-9.761063947516456452e+00,9.000000000000000000e+01,2.879267547048384047e-03,0.000000000000000000e+00,1.473733360541238084e-19,1.129686538142637763e-04,-5.423026453148567213e-24
9.109500000894588084e+03,4.066870393804029176e-22,8.283189456926031369e+00,-3.823959684053435922e+03,1.016966814745691892e+02,-1.624383895663473070e-14,8.457570468909240802e+00,5.270796823627623903e-05,3.245292732014954457e-21,-9.760779083219869534e+00,9.000000000000000000e+01,2.930181002092600417e-03,0.000000000000000000e+00,1.473705024127989070e-19,-4.821882991681296398e-05,-5.518135821266669680e-24
9.119500000896625352e+03,4.066924091829973158e-22,8.292330997964082684e+00,-3.909228490045294166e+03,1.017054233416159690e+02,-1.624329680563956826e-14,8.607125053755066091e+00,3.137388801845354290e-05,1.939192534060230201e-21,-9.760775942856165344e+00,9.000000000000000000e+01,2.982002708723096793e-03,0.000000000000000000e+00,1.473676185700221045e-19,-4.990581520278299457e-05,-5.616476284563900118e-24
9.129500000898662620e+03,4.066978741612756174e-22,8.301473456489913971e+00,-3.996005103289149702e+03,1.017143196948588155e+02,-1.624274505894585150e-14,8.759326268471999910e+00,2.326085813590173836e-05,1.441315833231911674e-21,-9.760833504491282397e+00,9.000000000000000000e+01,3.034929061331565706e-03,0.000000000000000000e+00,1.473646835893219062e-19,-1.722454646810483346e-05,-5.716522501923748822e-24
9.139500000900699888e+03,4.067034360077517345e-22,8.310616848765393527e+00,-4.084316207194700837e+03,1.017233732481787314e+02,-1.624218355269416996e-14,8.914221018489985937e+00,1.893509839013445342e-06,1.347461790490348386e-22,-9.760830392382287002e+00,9.000000000000000000e+01,3.088426501056641942e-03,0.000000000000000000e+00,1.473616965870719758e-19,-1.889227815348751849e-05,-5.818722574471677363e-24
9.149500000902737156e+03,4.067090964450041165e-22,8.319761191341813245e+00,-4.174188958203420043e+03,1.017325867278105136e+02,-1.624161211162723434e-14,9.071857053429122075e+00,-5.040414987994481372e-06,-2.900016478290235705e-22,-9.760829338498277608e+00,9.000000000000000000e+01,3.143089423824415619e-03,0.000000000000000000e+00,1.473586566476066639e-19,-1.939306900526463595e-05,-5.922300189838125385e-24
9.159500000904774424e+03,4.067148572263787901e-22,8.328906501064857082e+00,-4.265650994219817221e+03,1.017419630629241141e+02,-1.624103055479605762e-14,9.232282965415818055e+00,4.562750150730726911e-05,2.811738029695011193e-21,-9.760836710848925790e+00,9.000000000000000000e+01,3.198782867020755812e-03,0.000000000000000000e+00,1.473555628322384045e-19,-1.512161515736596060e-05,-6.027601960427549050e-24
9.169500000906811692e+03,4.067207201363998890e-22,8.338052795079367030e+00,-4.358730442722328007e+03,1.017515049711464030e+02,-1.624043871555428475e-14,9.395548209420631736e+00,1.706778491694736083e-05,1.064411907482088653e-21,-9.760832497519771778e+00,9.000000000000000000e+01,3.255239826209818926e-03,0.000000000000000000e+00,1.473524141439456692e-19,-1.740770744465291217e-05,-6.135278259795900698e-24
9.179500000908848961e+03,4.067266869925081155e-22,8.347200090835817932e+00,-4.453455930272117257e+03,1.017612154434210510e+02,-1.623983640359844255e-14,9.561703126690233034e+00,2.453600355693146603e-05,1.521209244244750291e-21,-9.760833554315295757e+00,9.000000000000000000e+01,3.312888896656039726e-03,0.000000000000000000e+00,1.473492096619554349e-19,-1.670834151648474257e-05,-6.244401031799630953e-24
9.189500000910886229e+03,4.067327596436261681e-22,8.356348406094399550e+00,-4.549856590738520026e+03,1.017710975173310715e+02,-1.623922343273434159e-14,9.730798947113903807e+00,9.126515905918822572e-06,5.786155837486912424e-22,-9.760890091003977531e+00,9.000000000000000000e+01,3.371447928071292198e-03,0.000000000000000000e+00,1.473459483223934374e-19,1.540294455749100563e-05,-6.356045178477972525e-24
9.199500000912923497e+03,4.067389399717449525e-22,8.365497758931846661e+00,-4.647962074474431574e+03,1.017811540970319868e+02,-1.623859961878342039e-14,9.902887817859225450e+00,-2.066649841636679450e-05,-1.246649099909387128e-21,-9.760944503760399016e+00,9.000000000000000000e+01,3.431230072119071089e-03,0.000000000000000000e+00,1.473426291655010408e-19,4.631357960482027688e-05,-6.469181305721030541e-24
9.209500000914960765e+03,4.067452298935964051e-22,8.374648167746109095e+00,-4.747802557635121047e+03,1.017913884782436185e+02,-1.623796476108894913e-14,1.007802280669424988e+01,1.811187376186311829e-05,1.128367960778037990e-21,-9.760832501564879138e+00,9.000000000000000000e+01,3.491829879398247911e-03,0.000000000000000000e+00,1.473392511774768354e-19,-1.699029587097131326e-05,-6.584031457531169676e-24
9.219500000916998033e+03,4.067516313594714620e-22,8.383799651263094788e+00,-4.849408751598559320e+03,1.018018035092099609e+02,-1.623731867702191004e-14,1.025625793464677571e+01,2.429703708560222285e-05,1.506439278216607151e-21,-9.760892209640717354e+00,9.000000000000000000e+01,3.553715170623365522e-03,0.000000000000000000e+00,1.473358133160678650e-19,1.692204180148421512e-05,-6.701318767713010997e-24
9.229500000919035301e+03,4.067581463552808896e-22,8.392952228539938275e+00,-4.952811912156641483e+03,1.018124026042233083e+02,-1.623666115785034815e-14,1.043764817586132132e+01,3.303893487959950678e-05,2.041860092213594706e-21,-9.760834626943932335e+00,9.000000000000000000e+01,3.616552119151500173e-03,0.000000000000000000e+00,1.473323144669787306e-19,-1.556824974894159392e-05,-6.820417846871210975e-24
9.239500000921072569e+03,4.067647769011466182e-22,8.402105918973830967e+00,-5.058043849394656718e+03,1.018231889302609261e+02,-1.623599200311072883e-14,1.062224948947497793e+01,1.040592876196697134e-05,6.555323624549799250e-22,-9.760890088485876248e+00,9.000000000000000000e+01,3.680622713571377914e-03,0.000000000000000000e+00,1.473287535268195392e-19,1.594378471265928232e-05,-6.941941741402470557e-24
9.249500000923109837e+03,4.067715250543468736e-22,8.411260742310748384e+00,-5.165136937703937292e+03,1.018341658823540854e+02,-1.623531100537460140e-14,1.081011882401958779e+01,6.069030452751254454e-06,3.910361338031776345e-22,-9.760771732650903587e+00,9.000000000000000000e+01,3.745582251244285697e-03,0.000000000000000000e+00,1.473251294346081715e-19,-5.094946568296202324e-05,-7.065304312610479211e-24
9.259500000925147106e+03,4.067783929094315157e-22,8.420416718645238774e+00,-5.274124125530011952e+03,1.018453367311940525e+02,-1.623461795649533622e-14,1.100131414990748979e+01,6.329110807214654265e-06,4.074754501405081010e-22,-9.760771731872900148e+00,9.000000000000000000e+01,3.811814240476715972e-03,0.000000000000000000e+00,1.473214410662085450e-19,-5.083358588841047922e-05,-7.191199760968756876e-24
9.269500000927184374e+03,4.067853825980909478e-22,8.429573868430228600e+00,-5.385038945914246142e+03,1.018567048530084236e+02,-1.623391264543804407e-14,1.119589446620799755e+01,1.248285636698564550e-05,7.835857432783479047e-22,-9.760831442767637256e+00,9.000000000000000000e+01,3.879369355875964247e-03,0.000000000000000000e+00,1.473176873014338649e-19,-1.690968746238743510e-05,-7.319269201127367465e-24
9.279500000929221642e+03,4.067924962909525071e-22,8.438732212482813466e+00,-5.497915526585653424e+03,1.018682739336737910e+02,-1.623319484683240923e-14,1.139391981820869404e+01,1.676552327715226040e-05,1.045894785094595139e-21,-9.760655507062091729e+00,9.000000000000000000e+01,3.947911780357098513e-03,0.000000000000000000e+00,1.473138668948683642e-19,-1.163957766674110207e-04,-7.448864698851113812e-24
9.289500000931258910e+03,4.067997361968515642e-22,8.447891771990692078e+00,-5.612788600792177022e+03,1.018800471825087470e+02,-1.623246435386454467e-14,1.159545133077218182e+01,-1.847814920242617925e-05,-1.112540059285102288e-21,-9.760944459788944982e+00,9.000000000000000000e+01,4.017976414110449417e-03,0.000000000000000000e+00,1.473099787487689284e-19,4.731837068205903919e-05,-7.582517514276246602e-24
9.299500000933296178e+03,4.068071045642533066e-22,8.457052568519165092e+00,-5.729693518115207553e+03,1.018920286635126473e+02,-1.623172092010944029e-14,1.180055120527923940e+01,3.486786107692141194e-05,2.153635379302899354e-21,-9.760834652171594072e+00,9.000000000000000000e+01,4.089046834823386461e-03,0.000000000000000000e+00,1.473060216059873622e-19,-1.472477043930586027e-05,-7.716952352262445060e-24
9.309500000935333446e+03,4.068146036822019745e-22,8.466214624017853296e+00,-5.848666255044750869e+03,1.019042216444734805e+02,-1.623096433745543506e-14,1.200928276130297689e+01,4.974797828347587124e-06,3.230952233939290684e-22,-9.760889017355356856e+00,9.000000000000000000e+01,4.161449559333618708e-03,0.000000000000000000e+00,1.473019942377981519e-19,1.618126398554658410e-05,-7.854492902905044673e-24
9.319500000937370714e+03,4.068222358810288370e-22,8.475377960827298551e+00,-5.969743426720611751e+03,1.019166301914740274e+02,-1.623019435527558182e-14,1.222171044046380040e+01,2.818394767074687297e-05,1.744905552450333349e-21,-9.760833587915705323e+00,9.000000000000000000e+01,4.234996179240592407e-03,0.000000000000000000e+00,1.472978953871860153e-19,-1.507102443794374444e-05,-7.994228965919239140e-24
9.329500000939407983e+03,4.068300035328048050e-22,8.484542601686310803e+00,-6.092962297868914902e+03,1.019292578141296133e+02,-1.622941075055662443e-14,1.243789983894544271e+01,3.564945996538816230e-05,2.201536505199635863e-21,-9.760834663602905081e+00,9.000000000000000000e+01,4.309990422987613340e-03,0.000000000000000000e+00,1.472937238342664685e-19,-1.433046487644384814e-05,-8.136391345177458465e-24
9.339500000941445251e+03,4.068379090524010085e-22,8.493708569738997127e+00,-6.218360794602893293e+03,1.019421084688871701e+02,-1.622861327856227994e-14,1.265791771658070353e+01,-1.726242223178088217e-05,-1.038037023349864267e-21,-9.760944436710300209e+00,9.000000000000000000e+01,4.386292568120525419e-03,0.000000000000000000e+00,1.472894782056066030e-19,4.795182993507563537e-05,-8.281726311843967829e-24
9.349500000943482519e+03,4.068459548973812161e-22,8.502875888542233085e+00,-6.345977516203187406e+03,1.019551863024706648e+02,-1.622780168194588204e-14,1.288183202414179895e+01,1.316177408171379914e-05,8.253703997533167154e-22,-9.760890102778457589e+00,9.000000000000000000e+01,4.463833036010895171e-03,0.000000000000000000e+00,1.472851572371480110e-19,1.732676980614578942e-05,-8.428996691043786673e-24
9.359500000945519787e+03,4.068541435705213892e-22,8.512044582072599397e+00,-6.475851746917702258e+03,1.019684950420439833e+02,-1.622697572490463779e-14,1.310971192786499628e+01,1.866036359263797267e-06,1.329912809385669256e-22,-9.760770649878283578e+00,9.000000000000000000e+01,4.542840535027977897e-03,0.000000000000000000e+00,1.472807595781792077e-19,-5.016319589093049149e-05,-8.578370914004632175e-24
9.369500000947557055e+03,4.068624776188860725e-22,8.521214674734130412e+00,-6.608023468350060284e+03,1.019820390132429679e+02,-1.622613513808798015e-14,1.334162782423353022e+01,2.806968501198596911e-05,1.737562285687273523e-21,-9.760892245196803430e+00,9.000000000000000000e+01,4.623301218207136187e-03,0.000000000000000000e+00,1.472762838171467515e-19,1.881955108511649551e-05,-8.731550494092959564e-24
9.379500000949594323e+03,4.068709596359348330e-22,8.530386191366888582e+00,-6.742533372009173036e+03,1.019958221479942182e+02,-1.622527967666007189e-14,1.357765136481135926e+01,4.991417541834258179e-05,3.074771020515555287e-21,-9.760895469805017655e+00,9.000000000000000000e+01,4.705169965945213938e-03,0.000000000000000000e+00,1.472717286458281332e-19,2.078882809525889379e-05,-8.886883586573597483e-24
9.389500000951631591e+03,4.068795922609808746e-22,8.539559157253275856e+00,-6.879422871816903353e+03,1.020098487675232093e+02,-1.622440907208541283e-14,1.381785547902791400e+01,2.137617733053212826e-05,1.327786174693751884e-21,-9.760891170822807439e+00,9.000000000000000000e+01,4.788385340714206018e-03,0.000000000000000000e+00,1.472670925547012253e-19,1.850115138579476692e-05,-9.045127523564462804e-24
9.399500000953668859e+03,4.068883781824562316e-22,8.548733598127309818e+00,-7.018734116881154478e+03,1.020241232360056216e+02,-1.622352305095555750e-14,1.406231439959686647e+01,8.680138192017784055e-06,5.509832628769728035e-22,-9.760830367880013014e+00,9.000000000000000000e+01,4.873038817404085066e-03,0.000000000000000000e+00,1.472623741307876389e-19,-1.577382783033305422e-05,-9.206013174079377281e-24
9.409500000955706128e+03,4.068973201360717916e-22,8.557909540181853458e+00,-7.160510004806332290e+03,1.020386497767650269e+02,-1.622262134540002177e-14,1.431110368660116627e+01,-1.167679326369514339e-06,-5.259515714035892415e-23,-9.760946570204023232e+00,9.000000000000000000e+01,4.959406647315485472e-03,0.000000000000000000e+00,1.472575719406594129e-19,5.016594386228893004e-05,-9.370179381373605761e-24
9.419500000957743396e+03,4.069064209069606915e-22,8.567087010077283793e+00,-7.304794195013120770e+03,1.020534330398815257e+02,-1.622170367154201188e-14,1.456430023881863178e+01,1.640269097364895415e-05,1.023558853295087581e-21,-9.760831450902534456e+00,9.000000000000000000e+01,5.047089163219356696e-03,0.000000000000000000e+00,1.472526844657028027e-19,-1.485508889928591845e-05,-9.536550451368837257e-24
9.429500000959780664e+03,4.069156833311954573e-22,8.576266034950418060e+00,-7.451631122274324298e+03,1.020684774491146669e+02,-1.622076974824683981e-14,1.482198233833915602e+01,1.517656811526185701e-05,9.489070173599133534e-22,-9.760890093179805049e+00,9.000000000000000000e+01,5.136411459024132521e-03,0.000000000000000000e+00,1.472477101515421446e-19,1.850230706974462496e-05,-9.706620833061362705e-24
9.439500000961817932e+03,4.069251102954611235e-22,8.585446642421892705e+00,-7.601066010583192110e+03,1.020837875280151366e+02,-1.621981929271916122e-14,1.508422966038733648e+01,8.242028882421079117e-06,5.235709973203933413e-22,-9.760889008302397585e+00,9.000000000000000000e+01,5.227392001564627744e-03,0.000000000000000000e+00,1.472426475121669679e-19,1.804775774414700199e-05,-9.879193743510016307e-24
9.449500000963855200e+03,4.069347047385391763e-22,8.594628860606325915e+00,-7.753144887332804501e+03,1.020993681364269179e+02,-1.621885200381386883e-14,1.535112330065578234e+01,8.495985181623854146e-06,5.392359111666717297e-22,-9.760889007834565589e+00,9.000000000000000000e+01,5.319903993168577719e-03,0.000000000000000000e+00,1.472374949145415502e-19,1.820999224990153473e-05,-1.005505334565002002e-23
9.459500000965892468e+03,4.069444696522125434e-22,8.603812718120007474e+00,-7.907914597582072020e+03,1.021152239645491875e+02,-1.621786758665090664e-14,1.562274580706690408e+01,3.774911418218465653e-08,2.162733304201914812e-23,-9.760946560846408104e+00,9.000000000000000000e+01,5.414069303963933537e-03,0.000000000000000000e+00,1.472322507688060041e-19,5.095920419460012337e-05,-1.023432241639558495e-23
9.469500000967929736e+03,4.069544080822965969e-22,8.612998244090507072e+00,-8.065422818366438150e+03,1.021313598788888299e+02,-1.621686573744359719e-14,1.589918120015983938e+01,-1.977823451007067711e-05,-1.191952786335603275e-21,-9.760884652719811427e+00,9.000000000000000000e+01,5.509883466670813246e-03,0.000000000000000000e+00,1.472269134384871594e-19,1.607803926452434492e-05,-1.041617753131922349e-23
9.479500000969967004e+03,4.069645231296198916e-22,8.622185468165936229e+00,-8.225718074286356568e+03,1.021477808146329522e+02,-1.621584614688439160e-14,1.618051500277588772e+01,9.249822829485447769e-06,5.855526324034654750e-22,-9.760889006712295313e+00,9.000000000000000000e+01,5.607410991920041936e-03,0.000000000000000000e+00,1.472214813258617492e-19,1.871437638608911932e-05,-1.060160753513396973e-23
9.489500000972004273e+03,4.069748179512525092e-22,8.631374420524229762e+00,-8.388849751955829561e+03,1.021644918977914642e+02,-1.621480849550878133e-14,1.646683426447942367e+01,-1.054529481624199086e-05,-6.264005593029781608e-22,-9.760827092196487698e+00,9.000000000000000000e+01,5.706618865986581163e-03,0.000000000000000000e+00,1.472159525875117474e-19,-1.616436584832995954e-05,-1.079010026969204786e-23
9.499500000974041541e+03,4.069852957612697070e-22,8.640565131882748773e+00,-8.554868115686811507e+03,1.021814981273428771e+02,-1.621375246766614158e-14,1.675822759439715171e+01,1.694981003247397495e-05,1.056898608373489385e-21,-9.760890112819883058e+00,9.000000000000000000e+01,5.807690227956990858e-03,0.000000000000000000e+00,1.472103256476207866e-19,1.969242435415269183e-05,-1.098233098673434484e-23
9.509500000976078809e+03,4.069959598318762075e-22,8.649757633508240673e+00,-8.723824323317967355e+03,1.021988048982670563e+02,-1.621267773091470967e-14,1.705478517843760500e+01,1.717411540814832438e-05,1.071844827247283474e-21,-9.760890116597160215e+00,9.000000000000000000e+01,5.910379144824635250e-03,0.000000000000000000e+00,1.472045986115930082e-19,1.987518408875246317e-05,-1.117811771329128013e-23
9.519500000978116077e+03,4.070068134936734117e-22,8.658951957226319607e+00,-8.895770441847853363e+03,1.022164171058034157e+02,-1.621158397005917553e-14,1.735659882776935348e+01,-1.288260360400627150e-05,-7.698343684073978480e-22,-9.760944361562540195e+00,9.000000000000000000e+01,6.015167076871086836e-03,0.000000000000000000e+00,1.471987698393191102e-19,5.076996528420852338e-05,-1.137702619673540467e-23
9.529500000980153345e+03,4.070178601384358697e-22,8.668148135432039325e+00,-9.070759464076720178e+03,1.022343406441021187e+02,-1.621047082647280721e-14,1.766376197839940687e+01,1.927461920482359710e-05,1.199524362575786924e-21,-9.760831461916632534e+00,9.000000000000000000e+01,6.121557651822316301e-03,0.000000000000000000e+00,1.471928374261772763e-19,-1.296144649259186490e-05,-1.157917517008434610e-23
9.539500000982190613e+03,4.070291032197900584e-22,8.677346201099958023e+00,-9.248845324777066708e+03,1.022525806891644606e+02,-1.620933796830444958e-14,1.797636975421124816e+01,2.113269502412580374e-05,1.312435924800605942e-21,-9.760772823925261577e+00,9.000000000000000000e+01,6.229977809654879857e-03,0.000000000000000000e+00,1.471867995258377392e-19,-4.596912146220106209e-05,-1.178486775050881274e-23
9.549500000984227881e+03,4.070405462531252318e-22,8.686546187794229823e+00,-9.430082917833700776e+03,1.022711429373302252e+02,-1.620818504260955158e-14,1.829451897046546094e+01,-1.775557660844040604e-05,-1.068072778612355906e-21,-9.760884613157291056e+00,9.000000000000000000e+01,6.340264428115828348e-03,0.000000000000000000e+00,1.471806542142798011e-19,1.751452330605534114e-05,-1.199530425784308620e-23
9.559500000986265150e+03,4.070521928177127433e-22,8.695748129680595184e+00,-9.614528113399632275e+03,1.022900331232706463e+02,-1.620701168559686985e-14,1.861830818309042712e+01,4.166863893837738017e-05,2.568744914306604973e-21,-9.760834721600334163e+00,9.000000000000000000e+01,6.452686016933925628e-03,0.000000000000000000e+00,1.471743996567223410e-19,-1.053449069794964604e-05,-1.220825178895549896e-23
9.569500000988302418e+03,4.070640465581744263e-22,8.704952061535687236e+00,-9.802237774956971407e+03,1.023092570876384997e+02,-1.620581754234191343e-14,1.894783769727883538e+01,3.074834757237987840e-05,1.901154939451946550e-21,-9.760715290664675692e+00,9.000000000000000000e+01,6.566727087149394973e-03,0.000000000000000000e+00,1.471680337814394846e-19,-7.794994053255298522e-05,-1.242536879331107024e-23
9.579500000990339686e+03,4.070761111844996624e-22,8.714158018759112778e+00,-9.993269777742214501e+03,1.023288205225190808e+02,-1.620460224303096557e-14,1.928320963699615831e+01,1.734607368770123802e-05,1.081115957350115038e-21,-9.760948745286002648e+00,9.000000000000000000e+01,6.683062254842058077e-03,0.000000000000000000e+00,1.471615546661509968e-19,5.442549587163080665e-05,-1.264770077775959122e-23
9.589500000992376954e+03,4.070883904753621561e-22,8.723366037384854721e+00,-1.018768302650190890e+04,1.023487294928809916e+02,-1.620336541398709992e-14,1.962452793665371686e+01,1.203429576882714125e-05,7.553575466523964325e-22,-9.760888986540519952e+00,9.000000000000000000e+01,6.801411278641821684e-03,0.000000000000000000e+00,1.471549603140050687e-19,2.080085252898250902e-05,-1.287255991060700294e-23
9.599500000994414222e+03,4.071008882763945913e-22,8.732576154092122067e+00,-1.038553747393377125e+04,1.023689901661484072e+02,-1.620210667144128113e-14,1.997189839587283089e+01,2.438638923728969100e-05,1.512158655254884749e-21,-9.760714196369173479e+00,9.000000000000000000e+01,6.921679331125079639e-03,0.000000000000000000e+00,1.471482486597187354e-19,-7.794551375704705017e-05,-1.310117663661245384e-23
9.609500000996451490e+03,4.071136085040699727e-22,8.741788406217281704e+00,-1.058689413947425783e+04,1.023896087016098591e+02,-1.620082561968468541e-14,2.032542872166342462e+01,5.341388952603701515e-06,3.458736059682269306e-22,-9.760887901023901136e+00,9.000000000000000000e+01,7.044345490846835867e-03,0.000000000000000000e+00,1.471414174899533122e-19,2.061338579915591475e-05,-1.333515615213737459e-23
9.619500000998488758e+03,4.071265551457754466e-22,8.751002831765992696e+00,-1.079181512827053666e+04,1.024105914364091063e+02,-1.619952186724287656e-14,2.068522853646554438e+01,3.945670930681445185e-06,2.598486218718984264e-22,-9.760946537325413175e+00,9.000000000000000000e+01,7.169163120600206135e-03,0.000000000000000000e+00,1.471344647620857482e-19,5.402979196891546335e-05,-1.357273547988520464e-23
9.629500001000526026e+03,4.071397322609722320e-22,8.760219469425329919e+00,-1.100036365109495819e+04,1.024319448761065985e+02,-1.619819500905880189e-14,2.105140943075286586e+01,5.844306068754183403e-06,3.764594275656968990e-22,-9.760887899232004727e+00,9.000000000000000000e+01,7.296038190848254217e-03,0.000000000000000000e+00,1.471273882661884695e-19,2.105481898225887362e-05,-1.381431494154363269e-23
9.639500001002563295e+03,4.071531439844883681e-22,8.769438358576110204e+00,-1.121260404366999865e+04,1.024536754626684285e+02,-1.619684463718486454e-14,2.142408500223699974e+01,2.766464078861655650e-05,1.713185166027862489e-21,-9.760891223446074960e+00,9.000000000000000000e+01,7.425175087037254144e-03,0.000000000000000000e+00,1.471201858257095217e-19,2.316397969155622089e-05,-1.406052621844562932e-23
9.649500001004600563e+03,4.071667945241312383e-22,8.778659539305346371e+00,-1.142860178719367832e+04,1.024757898274296650e+02,-1.619547033377150888e-14,2.180337088396068168e+01,8.470727341852116871e-07,7.052679328444809085e-23,-9.760828151677644726e+00,9.000000000000000000e+01,7.556678016301011588e-03,0.000000000000000000e+00,1.471128551068500185e-19,-1.231311833116958744e-05,-1.431058174685892432e-23
9.659500001006637831e+03,4.071806881664208797e-22,8.787883052419415364e+00,-1.164842352865822613e+04,1.024982949543018549e+02,-1.619407166507009796e-14,2.218938477777576779e+01,2.266421905806003355e-05,1.407459956067698033e-21,-9.760831481978755164e+00,9.000000000000000000e+01,7.690400094390450331e-03,0.000000000000000000e+00,1.471053938415692316e-19,-1.019234270456443197e-05,-1.456576658956428938e-23
9.669500001008675099e+03,4.071948292749597127e-22,8.797108939457293886e+00,-1.187213710179924965e+04,1.025211975430138835e+02,-1.619264820562681988e-14,2.258224650607187911e+01,6.777375377343356627e-05,4.169526046770612007e-21,-9.760779518533579946e+00,9.000000000000000000e+01,7.826571453723656785e-03,0.000000000000000000e+00,1.470977997279950172e-19,-3.937211572284673268e-05,-1.482501463532811395e-23
9.679500001010712367e+03,4.072092222931098948e-22,8.806337242703374812e+00,-1.209981154849007726e+04,1.025445045050514210e+02,-1.619119952041049184e-14,2.298207803838309005e+01,2.319686359748655835e-05,1.439449090722235022e-21,-9.760831485649998029e+00,9.000000000000000000e+01,7.965260075400059508e-03,0.000000000000000000e+00,1.470900703084572975e-19,-9.706999125228579130e-06,-1.508921194094366424e-23
9.689500001012749635e+03,4.072238717438566807e-22,8.815568005201045665e+00,-1.233151714039314538e+04,1.025682232240566947e+02,-1.618972515035215281e-14,2.338900352908142821e+01,2.172924924869856604e-05,1.349982376196060635e-21,-9.760890122910515387e+00,9.000000000000000000e+01,8.106322322058911664e-03,0.000000000000000000e+00,1.470822032073652046e-19,2.373878646215452407e-05,-1.535838815105021521e-23
9.699500001014786903e+03,4.072387822352900345e-22,8.824801270767483885e+00,-1.256732540109287947e+04,1.025923610115784754e+02,-1.618822463523135727e-14,2.380314936747550547e+01,4.330094285525873388e-05,2.670041957615304127e-21,-9.760657814692160983e+00,9.000000000000000000e+01,8.249840155220355270e-03,0.000000000000000000e+00,1.470741958983209838e-19,-1.075307352277474671e-04,-1.563091398548637425e-23
9.709500001016824172e+03,4.072539584588758069e-22,8.834037084006659768e+00,-1.280730912832356989e+04,1.026169248773491773e+02,-1.618669752847863261e-14,2.422464421760355435e+01,7.863643020413922310e-06,5.003699859720661809e-22,-9.760887893618059863e+00,9.000000000000000000e+01,8.396065645420114354e-03,0.000000000000000000e+00,1.470660459399407986e-19,2.298622705891263982e-05,-1.591044059800463561e-23
9.719500001018861440e+03,4.072694051909596625e-22,8.843275490324195687e+00,-1.305154241724032909e+04,1.026419226860344622e+02,-1.618514333821049304e-14,2.465361904837200413e+01,4.409020551082742413e-05,2.716971257464361585e-21,-9.760893445625251630e+00,9.000000000000000000e+01,8.544956301134644383e-03,0.000000000000000000e+00,1.470577507422677636e-19,2.639112480854250071e-05,-1.619363541985732895e-23
9.729500001020898708e+03,4.072851272952692373e-22,8.852516535942204001e+00,-1.330010068344883621e+04,1.026673622118216116e+02,-1.618356159083055491e-14,2.509020717034791659e+01,1.729823558470756743e-05,1.079187485971118606e-21,-9.760830378144405017e+00,9.000000000000000000e+01,8.695987277433630397e-03,0.000000000000000000e+00,1.470493076188461050e-19,-9.048459700083995796e-06,-1.648263801791239652e-23
9.739500001022935976e+03,4.073011297249025106e-22,8.861760267913581401e+00,-1.355306068684253842e+04,1.026932509462189529e+02,-1.618195179063806606e-14,2.553454432858363887e+01,2.298831230990844819e-05,1.427100440172169419e-21,-9.760890131702787187e+00,9.000000000000000000e+01,8.850106902266337977e-03,0.000000000000000000e+00,1.470407139680950593e-19,2.505224169922179409e-05,-1.677653658511788170e-23
9.749500001024973244e+03,4.073174175235133147e-22,8.871006734138271455e+00,-1.381050055577699095e+04,1.027195968091250506e+02,-1.618031345083149943e-14,2.598676867528651968e+01,3.464720529947670075e-06,2.307854639557849713e-22,-9.760828137219030864e+00,9.000000000000000000e+01,9.006923492028522105e-03,0.000000000000000000e+00,1.470319671300771266e-19,-9.770289541255901719e-06,-1.707512899116813459e-23
9.759500001027010512e+03,4.073339958274842128e-22,8.880255983377232099e+00,-1.407249981161300093e+04,1.027464081295662339e+02,-1.617864604693987231e-14,2.644702086005225894e+01,3.069409204287630588e-05,1.898142080619099624e-21,-9.760891257534982657e+00,9.000000000000000000e+01,9.166509676085777408e-03,0.000000000000000000e+00,1.470230642796086214e-19,2.624626295463422168e-05,-1.737979359591914202e-23
9.769500001029047780e+03,4.073508698670548324e-22,8.889508065270014470e+00,-1.433913939401600510e+04,1.027736930273179894e+02,-1.617694907184449768e-14,2.691544405899107772e+01,2.553737878762773854e-05,1.583384220107805202e-21,-9.760831506483661713e+00,9.000000000000000000e+01,9.328765470622916653e-03,0.000000000000000000e+00,1.470140026127291006e-19,-7.296205208096672676e-06,-1.768965821151914274e-23
9.779500001031085048e+03,4.073680449684856682e-22,8.898763030349579495e+00,-1.461050168619863689e+04,1.028014595662422863e+02,-1.617522200239924374e-14,2.739218404395014872e+01,-2.092070275705481576e-05,-1.262826758540922269e-21,-9.760942003147162538e+00,9.000000000000000000e+01,9.494253100229983408e-03,0.000000000000000000e+00,1.470047792906120724e-19,5.555272131649896159e-05,-1.800517509711181070e-23
9.789500001033122317e+03,4.073855265559336540e-22,8.908020930058697218e+00,-1.488667054097168148e+04,1.028297168216172679e+02,-1.617346428883975752e-14,2.787738917754649748e+01,4.504691362452973788e-06,2.948535955845533728e-22,-9.760828132596881090e+00,9.000000000000000000e+01,9.662300959438435352e-03,0.000000000000000000e+00,1.469953914020063293e-19,-8.619387914495645566e-06,-1.832596821244775579e-23
9.799500001035159585e+03,4.074033201534842165e-22,8.917281816767623326e+00,-1.516773130739014596e+04,1.028584731035973476e+02,-1.617167539445791782e-14,2.837121052722587322e+01,3.702920028635634832e-05,2.288209866315368836e-21,-9.760951029044468541e+00,9.000000000000000000e+01,9.833389158804219446e-03,0.000000000000000000e+00,1.469858359900802573e-19,6.126019789956681683e-05,-1.865372858522365763e-23
9.809500001037196853e+03,4.074214313847651482e-22,8.926545743790418541e+00,-1.545377085760887712e+04,1.028877371860234007e+02,-1.616985476323365739e-14,2.887380187331025283e+01,5.366346569826599237e-05,3.304653828426486575e-21,-9.760659001087631736e+00,9.000000000000000000e+01,1.000765784168337717e-02,0.000000000000000000e+00,1.469761100041474151e-19,-1.037656491653880098e-04,-1.898473627652426204e-23
9.819500001039234121e+03,4.074398659793523473e-22,8.935812765402282309e+00,-1.574487761408276856e+04,1.029175179324209353e+02,-1.616800183719074532e-14,2.938531976446565963e+01,-2.714692712770493122e-05,-1.643285268442814665e-21,-9.760940877346712341e+00,9.000000000000000000e+01,1.018511825110770402e-02,0.000000000000000000e+00,1.469662103451675201e-19,5.613172966424237253e-05,-1.932458605326322849e-23
9.829500001041271389e+03,4.074586297696969333e-22,8.945082936856996625e+00,-1.604114157787151635e+04,1.029478248428563916e+02,-1.616611602537226978e-14,2.990592356607553981e+01,1.807786400521592049e-05,1.125783256268865186e-21,-9.760889020020382389e+00,9.000000000000000000e+01,1.036557936929869903e-02,0.000000000000000000e+00,1.469561339888502768e-19,2.709032290182229155e-05,-1.966908056968970635e-23
9.839500001043308657e+03,4.074777286982973624e-22,8.954356314405551132e+00,-1.634265435699000955e+04,1.029786669571829236e+02,-1.616419674995198444e-14,3.043577553244713130e+01,7.413212954575582395e-06,4.728417588416823843e-22,-9.761005152109694549e+00,9.000000000000000000e+01,1.054931977175369018e-02,0.000000000000000000e+00,1.469458776172201641e-19,9.316235411198109818e-05,-2.002049071281780451e-23
9.849500001045345925e+03,4.074971688154035919e-22,8.963632955314565720e+00,-1.664950919548235834e+04,1.030100538144246087e+02,-1.616224341788156836e-14,3.097504083050553447e+01,4.200632101040383676e-05,2.591506257147728523e-21,-9.760833793282253978e+00,9.000000000000000000e+01,1.073612238899977929e-02,0.000000000000000000e+00,1.469354381236716056e-19,-3.523770627857104069e-06,-2.037714345671217008e-23
9.859500001047383194e+03,4.075169562838411217e-22,8.972912917884077189e+00,-1.696180100255645812e+04,1.030419948967762167e+02,-1.616025541531770235e-14,3.152388763160274010e+01,7.878594818120114238e-06,5.017090881969699811e-22,-9.761005150953447895e+00,9.000000000000000000e+01,1.092649676749926288e-02,0.000000000000000000e+00,1.469248120135252485e-19,9.382606725510188425e-05,-2.074146003786525236e-23
9.869500001049420462e+03,4.075370973787916466e-22,8.982196261467830567e+00,-1.727962638327945024e+04,1.030745000630280970e+02,-1.615823213124490956e-14,3.208248711853014612e+01,-4.365318387029295741e-06,-2.484234084292337851e-22,-9.760944251099644475e+00,9.000000000000000000e+01,1.112014964469118170e-02,0.000000000000000000e+00,1.469139960807518386e-19,5.968852627378034122e-05,-2.111129930795630313e-23
9.879500001051457730e+03,4.075575984928100667e-22,8.991483046491504538e+00,-1.760308366862777621e+04,1.031075794082549919e+02,-1.615617292770510291e-14,3.265101357820177697e+01,2.651523329839380015e-05,1.643002753762649318e-21,-9.760890161626026185e+00,9.000000000000000000e+01,1.131715667067930038e-02,0.000000000000000000e+00,1.469029868379051179e-19,2.941280646921381686e-05,-2.148805171267990029e-23
9.889500001053494998e+03,4.075784661359309864e-22,9.000773334473382903e+00,-1.793227294699288905e+04,1.031412427817935793e+02,-1.615407717264071396e-14,3.322964445546330836e+01,2.150910820403976326e-05,1.335223057644080260e-21,-9.760830397613531773e+00,9.000000000000000000e+01,1.151783439144051478e-02,0.000000000000000000e+00,1.468917807787950281e-19,-4.069367846206608268e-06,-2.187112002942217795e-23
9.899500001055532266e+03,4.075997069385126592e-22,9.010067188044271091e+00,-1.826729609586670995e+04,1.031755006189533930e+02,-1.615194421456736063e-14,3.381856038681543453e+01,-3.237709655241590226e-05,-1.963901449291933232e-21,-9.760939691788323103e+00,9.000000000000000000e+01,1.172201073962811022e-02,0.000000000000000000e+00,1.468803743341424755e-19,5.816762194026811280e-05,-2.226217805495998858e-23
9.909500001057569534e+03,4.076213276529981599e-22,9.019364670968107234e+00,-1.860825681421440095e+04,1.032103635620743205e+02,-1.614977337883723077e-14,3.441794528538544995e+01,-1.776084622965613813e-05,-1.068904404468459879e-21,-9.760941963162954593e+00,9.000000000000000000e+01,1.192979874533636048e-02,0.000000000000000000e+00,1.468687639099339613e-19,5.981974261361628205e-05,-2.265972741887261195e-23
9.919500001059606802e+03,4.076433351573675295e-22,9.028665848162756191e+00,-1.895526065535936505e+04,1.032458421406583824e+02,-1.614756400067646647e-14,3.502798638856437918e+01,-4.433058999357610691e-05,-2.695504332575589385e-21,-9.760878768762667690e+00,9.000000000000000000e+01,1.214121368947661955e-02,0.000000000000000000e+00,1.468569457910396690e-19,2.441474697421106932e-05,-2.306424927259956725e-23
9.929500001061644070e+03,4.076657364568785885e-22,9.037970785721656242e+00,-1.930841506046801805e+04,1.032819473464977023e+02,-1.614531538180332367e-14,3.564887432734000328e+01,6.205462659039564371e-06,3.995430845723109308e-22,-9.760886764388763126e+00,9.000000000000000000e+01,1.235639464147155614e-02,0.000000000000000000e+00,1.468449162532267539e-19,2.932089161466085701e-05,-2.347639364527875684e-23
9.939500001063681339e+03,4.076885386871727335e-22,9.047279550935163783e+00,-1.966782939309347421e+04,1.033186898554319555e+02,-1.614302683741396458e-14,3.628080318969119133e+01,6.092484686696236773e-07,5.645695067918731525e-23,-9.761062633276095468e+00,9.000000000000000000e+01,1.257561156782031030e-02,0.000000000000000000e+00,1.468326714581710277e-19,1.292758146371208474e-04,-2.389640333713553064e-23
9.949500001065718607e+03,4.077117491169553471e-22,9.056592212313391954e+00,-2.003361497338116169e+04,1.033560813557351281e+02,-1.614069764085413302e-14,3.692397055984020682e+01,8.361189300859842022e-07,7.017775936841321398e-23,-9.761062631593995675e+00,9.000000000000000000e+01,1.279859419689404962e-02,0.000000000000000000e+00,1.468202074485233759e-19,1.296679572459457622e-04,-2.432331423314536482e-23
9.959500001067755875e+03,4.077353751482713803e-22,9.065908839608166403e+00,-2.040588511412031949e+04,1.033941331954246721e+02,-1.613832707148168058e-14,3.757857761664733687e+01,2.333364756108152749e-05,1.447218318141130763e-21,-9.760830409945054242e+00,9.000000000000000000e+01,1.302544563372621568e-02,0.000000000000000000e+00,1.468075203142575274e-19,-1.404960089412544916e-06,-2.475690440908298637e-23
9.969500001069793143e+03,4.077594243234342337e-22,9.075229503837052292e+00,-2.078475515646673739e+04,1.034328569786826648e+02,-1.613591438944893957e-14,3.824482918951195387e+01,2.877874782229380979e-05,1.781771204401408578e-21,-9.760890184965356653e+00,9.000000000000000000e+01,1.325633940749733862e-02,0.000000000000000000e+00,1.467946059546364518e-19,3.284416326922774026e-05,-2.519990412591303369e-23
9.979500001071830411e+03,4.077839043224334632e-22,9.084554277306109427e+00,-2.117034250705596060e+04,1.034722644408792718e+02,-1.613345884603311855e-14,3.892293382339899921e+01,2.384754218334251066e-05,1.479213727462763576e-21,-9.760830413835174468e+00,9.000000000000000000e+01,1.349144207856364797e-02,0.000000000000000000e+00,1.467814602849046058e-19,-5.808664496548281176e-07,-2.564997915748960558e-23
9.989500001073867679e+03,4.078088229698304648e-22,9.093883233634105778e+00,-2.156276667525433004e+04,1.035123678088943393e+02,-1.613095966775933110e-14,3.961310384216389480e+01,5.486615066854641856e-05,3.377521595934549730e-21,-9.760776382399297901e+00,9.000000000000000000e+01,1.373077160797542447e-02,0.000000000000000000e+00,1.467680790863557558e-19,-3.074891533387587197e-05,-2.610809878746467755e-23
9.999500001075904947e+03,4.078341882360261282e-22,9.103216447776683040e+00,-2.196214931111689657e+04,1.035531792076297251e+02,-1.612841608651687243e-14,4.031555542489302013e+01,1.116162461759677774e-05,7.020905979377224488e-22,-9.761005146945688438e+00,9.000000000000000000e+01,1.397435233473653948e-02,0.000000000000000000e+00,1.467544580616240906e-19,9.919646743908405262e-05,-2.657604489338055223e-23
1.000950000107794222e+04,4.078600082407901875e-22,9.112553996052215055e+00,-2.236861424467805773e+04,1.035947114622625662e+02,-1.612582729960848525e-14,4.103050866898215787e+01,-4.119209752009075215e-06,-2.325764054045273759e-22,-9.760825817825907080e+00,9.000000000000000000e+01,1.422200613646205404e-02,0.000000000000000000e+00,1.467405928851106055e-19,-1.894015416137742390e-06,-2.705087249795753755e-23
1.001950000107997948e+04,4.078862912542158169e-22,9.121895956166184760e+00,-2.278228752539213747e+04,1.036369770631139602e+02,-1.612319249672358726e-14,4.175818769794412333e+01,3.408495456255116254e-05,2.107361650092873940e-21,-9.760772948299829110e+00,9.000000000000000000e+01,1.447418268480727722e-02,0.000000000000000000e+00,1.467264791239835011e-19,-3.138113880515163432e-05,-2.753468863476157374e-23
1.002950000108201675e+04,4.079130457009716762e-22,9.131242407237921910e+00,-2.320329746249783784e+04,1.036799886242148148e+02,-1.612051086653412971e-14,4.249882070306031778e+01,-1.484588616538573894e-05,-8.899285523651711485e-22,-9.760941910560564594e+00,9.000000000000000000e+01,1.473114341470058153e-02,0.000000000000000000e+00,1.467121122021825777e-19,6.473051087197925378e-05,-2.802770060938796478e-23
1.003950000108405402e+04,4.079402801642108519e-22,9.140593429826486371e+00,-2.363177466604951769e+04,1.037237598808446393e+02,-1.611778156323084639e-14,4.325263999324973696e+01,2.746143508136449085e-05,1.700588893027445442e-21,-9.760771801629800848e+00,9.000000000000000000e+01,1.499237962494388322e-02,0.000000000000000000e+00,1.466974876345918530e-19,-3.111598161165106955e-05,-2.852853179808953650e-23
1.004950000108609129e+04,4.079680033882184474e-22,9.149949105957601247e+00,-2.406785208868514746e+04,1.037683039608047295e+02,-1.611500373582147505e-14,4.401988214554862111e+01,4.109083623945412184e-06,2.715692655715221924e-22,-9.760826963458994143e+00,9.000000000000000000e+01,1.525830548248246869e-02,0.000000000000000000e+00,1.466826005693128684e-19,5.835878139225387952e-07,-2.903956400919965551e-23
1.005950000108812856e+04,4.079962242802784559e-22,9.159309519151571877e+00,-2.451166506846621633e+04,1.038136343922346754e+02,-1.611217651625905403e-14,4.480078803668706655e+01,3.105171470050866606e-05,1.920516579251934919e-21,-9.760890211496267455e+00,9.000000000000000000e+01,1.552913662218096541e-02,0.000000000000000000e+00,1.466674463534542765e-19,3.686961480377488160e-05,-2.955944284591393174e-23
1.006950000109016582e+04,4.080249519160783540e-22,9.168674754451210163e+00,-2.496335137232299894e+04,1.038597652109596652e+02,-1.610929902181320651e-14,4.559560291536324428e+01,2.574438928602644505e-06,1.762726161487990822e-22,-9.760885582790583825e+00,9.000000000000000000e+01,1.580472429954747626e-02,0.000000000000000000e+00,1.466520200088219942e-19,3.473558463854461965e-05,-3.008853510859703705e-23
1.007950000109220309e+04,4.080541955405302552e-22,9.178044898450133715e+00,-2.542305124013591558e+04,1.039067105611197519e+02,-1.610637034947527082e-14,4.640457651300776831e+01,2.856462836753814391e-05,1.766849627167694194e-21,-9.760771812192745145e+00,9.000000000000000000e+01,1.608518980014944297e-02,0.000000000000000000e+00,1.466363166654401343e-19,-2.918074755459015528e-05,-3.062668367726238565e-23
1.008950000109424036e+04,4.080839645736918754e-22,9.187420039322287124e+00,-2.589090743005368859e+04,1.039544847328751871e+02,-1.610338958812588661e-14,4.722796311401000935e+01,-1.548215577347120120e-05,-9.286946285857580399e-22,-9.761000509590822105e+00,9.000000000000000000e+01,1.637061661245314825e-02,0.000000000000000000e+00,1.466203311748592526e-19,1.008011973713026098e-04,-3.117654658192730179e-23
1.009950000109627763e+04,4.081142686121200431e-22,9.196800266851598238e+00,-2.636706526417564601e+04,1.040031024391266925e+02,-1.610035579899855799e-14,4.806602164366138652e+01,-3.855355413411899745e-06,-2.169572133749792408e-22,-9.760884420343764134e+00,9.000000000000000000e+01,1.666110206972672841e-02,0.000000000000000000e+00,1.466040584709000953e-19,3.559011294093408073e-05,-3.173455037913554397e-23
1.010950000109831490e+04,4.081451174337220598e-22,9.206185672462078529e+00,-2.685167267555650324e+04,1.040525783991296862e+02,-1.609726803729775551e-14,4.891901575911609967e+01,-2.726492560277665039e-05,-1.650243602843259107e-21,-9.760939554704163967e+00,9.000000000000000000e+01,1.695683015998495149e-02,0.000000000000000000e+00,1.465874932489675812e-19,6.732706097476977639e-05,-3.230344160868959081e-23
1.011950000110035216e+04,4.081765210007608738e-22,9.215576349245830912e+00,-2.734488025576993823e+04,1.041029278014109423e+02,-1.609412533451235175e-14,4.978721392822836123e+01,-1.477558409572173395e-05,-8.856687672383070193e-22,-9.761000496958338601e+00,9.000000000000000000e+01,1.725786314393426557e-02,0.000000000000000000e+00,1.465706302259190334e-19,1.023615582902337500e-04,-3.288259253176293525e-23
1.012950000110238943e+04,4.082084894634028169e-22,9.224972392003277122e+00,-2.784684130350034684e+04,1.041541663480342663e+02,-1.609092670204303412e-14,5.067088951425320431e+01,2.056846434551982267e-05,1.279360025040509329e-21,-9.760829284707247311e+00,9.000000000000000000e+01,1.756403380172406881e-02,0.000000000000000000e+00,1.465534639020096804e-19,5.970591525464169525e-06,-3.347157062192830522e-23
1.013950000110442670e+04,4.082410331640658047e-22,9.234373897267598608e+00,-2.835771187387127429e+04,1.042063091213842654e+02,-1.608767114573878358e-14,5.157032092062561190e+01,1.870335932082842212e-05,1.164277326753013689e-21,-9.760887907085026072e+00,9.000000000000000000e+01,1.787596107283214927e-02,0.000000000000000000e+00,1.465359887337554853e-19,3.971099077415231386e-05,-3.407174449383157862e-23
1.014950000110646397e+04,4.082741626424731630e-22,9.243780963339801815e+00,-2.887765082934871316e+04,1.042593727594278334e+02,-1.608435763720650208e-14,5.248579158599688554e+01,2.754242682755352750e-05,1.706340333912689213e-21,-9.760653423453808486e+00,9.000000000000000000e+01,1.819311932545896598e-02,0.000000000000000000e+00,1.465181990474736728e-19,-9.248161419478748851e-05,-3.468206881698693971e-23
1.015950000110850124e+04,4.083078886367987474e-22,9.253193690321294795e+00,-2.940681989062298089e+04,1.043133728024530456e+02,-1.608098514297982298e-14,5.341759020720123630e+01,1.417498782613603805e-05,8.876215407138034010e-22,-9.760828120998809254e+00,9.000000000000000000e+01,1.851626873922082236e-02,0.000000000000000000e+00,1.465000890945220595e-19,6.995145675701963244e-06,-3.530487276041252378e-23
1.016950000111053851e+04,4.083422220883189387e-22,9.262612180149661256e+00,-2.994538368937745690e+04,1.043683263036957669e+02,-1.607755259989344524e-14,5.436601070886620590e+01,4.249594183488355353e-05,2.621240108206143396e-21,-9.760655766216766338e+00,9.000000000000000000e+01,1.884501726487691417e-02,0.000000000000000000e+00,1.464816530269147344e-19,-9.000261987475356056e-05,-3.593752265721394773e-23
1.017950000111257577e+04,4.083771741474965315e-22,9.272036536632091597e+00,-3.049350982117187232e+04,1.044242496276935839e+02,-1.607405893938623399e-14,5.533135244880875092e+01,3.160630786533131370e-06,2.131911817542654580e-22,-9.760944192422858379e+00,9.000000000000000000e+01,1.917978902939400723e-02,0.000000000000000000e+00,1.464628848182230806e-19,7.388275345814336505e-05,-3.658379167063620073e-23
1.018950000111461304e+04,4.084127561769181065e-22,9.281466865482025597e+00,-3.105136890002246946e+04,1.044811602815575640e+02,-1.607050305237665229e-14,5.631392024696349097e+01,3.409794938525820274e-06,2.279080797416212488e-22,-9.760944191139175885e+00,9.000000000000000000e+01,1.952047380110795427e-02,0.000000000000000000e+00,1.464437783797117829e-19,7.448463182338976385e-05,-3.724038472429043036e-23
1.019950000111665031e+04,4.084489797549034092e-22,9.290903274354565866e+00,-3.161913461413886398e+04,1.045390753909186969e+02,-1.606688383079386758e-14,5.731402453883674752e+01,-8.484378328439332040e-06,-5.019381226306272615e-22,-9.760883193307453354e+00,9.000000000000000000e+01,1.986731631980849511e-02,0.000000000000000000e+00,1.464243275199785340e-19,4.056397499064341472e-05,-3.790847832603328677e-23
1.020950000111868758e+04,4.084858566816704419e-22,9.300345872884058451e+00,-3.219698378157895058e+04,1.045980130706848286e+02,-1.606320013388627864e-14,5.833198143419748760e+01,-6.040039919863546963e-06,-3.513411776894773668e-22,-9.760824603742952021e+00,9.000000000000000000e+01,2.022008096087027709e-02,0.000000000000000000e+00,1.464045259043186701e-19,8.017829965517681850e-06,-3.858930332008674906e-23
1.021950000112072485e+04,4.085233989807775130e-22,9.309794772721799561e+00,-3.278509640841558576e+04,1.046579909019492050e+02,-1.605945080048611909e-14,5.936811290248073902e+01,1.133467664570170577e-05,7.124142453008136883e-22,-9.760945361976407497e+00,9.000000000000000000e+01,2.057936713946544732e-02,0.000000000000000000e+00,1.463843670518748191e-19,7.702130129940321264e-05,-3.928302117573803057e-23
1.022950000112276211e+04,4.085616189072616547e-22,9.319250087574303620e+00,-3.338365574714541435e+04,1.047190274425794456e+02,-1.605563466067272489e-14,6.042274678463240889e+01,-2.928438813948677777e-05,-1.774518909153670015e-21,-9.760879684614769403e+00,9.000000000000000000e+01,2.094492612731237158e-02,0.000000000000000000e+00,1.463638443889476999e-19,4.048511841496850742e-05,-3.998874429316465160e-23
1.023950000112479938e+04,4.086005289511745099e-22,9.328711933242974652e+00,-3.399284835644625127e+04,1.047811415931011965e+02,-1.605175049861048667e-14,6.149621697827880951e+01,3.015568493713741485e-05,1.865728891508547996e-21,-9.760653448395771647e+00,9.000000000000000000e+01,2.131688848371260381e-02,0.000000000000000000e+00,1.463429512512217038e-19,-8.694029405376982290e-05,-4.070677817534852880e-23
1.024950000112683665e+04,4.086401418412512850e-22,9.338180427663997918e+00,-3.461286416174005717e+04,1.048443515450325094e+02,-1.604779711108397603e-14,6.258886355849971039e+01,-4.998617632602595645e-06,-2.872063924922730383e-22,-9.760824593006670824e+00,9.000000000000000000e+01,2.169581802078553862e-02,0.000000000000000000e+00,1.463216807678618040e-19,1.062464602792298733e-05,-4.143928693844193725e-23
1.025950000112887392e+04,4.086804705509710821e-22,9.347655690949128626e+00,-3.524389651767909527e+04,1.049086774001296334e+02,-1.604377323435662732e-14,6.370103281257783578e+01,1.680363729288526092e-05,1.047744465464052116e-21,-9.760828127501373075e+00,9.000000000000000000e+01,2.208139255042837826e-02,0.000000000000000000e+00,1.463000259755206400e-19,1.330870005755386790e-05,-4.218457276969744113e-23
1.026950000113091119e+04,4.087215283036342816e-22,9.357137845428152190e+00,-3.588614227117504925e+04,1.049741385709189530e+02,-1.603967761309487486e-14,6.483307744581823329e+01,3.367964606193138422e-05,2.081493592654098923e-21,-9.760771871711318326e+00,9.000000000000000000e+01,2.247378175294338642e-02,0.000000000000000000e+00,1.462779798224488612e-19,-1.784537296456942810e-05,-4.294335066787494542e-23
1.027950000113294846e+04,4.087633285763713076e-22,9.366627015691120661e+00,-3.653980182582885027e+04,1.050407546764782865e+02,-1.603550895684206152e-14,6.598535669319268493e+01,-1.101883232013317962e-05,-6.561025842369793508e-22,-9.761000435311386170e+00,9.000000000000000000e+01,2.287344341749930621e-02,0.000000000000000000e+00,1.462555350185350716e-19,1.122645566015148728e-04,-4.371689558510461677e-23
1.028950000113498572e+04,4.088058851068715806e-22,9.376123328631518206e+00,-3.720507920740079135e+04,1.051085469896936502e+02,-1.603126593561745939e-14,6.715823636438334177e+01,2.019221454934404247e-05,1.256113126046961469e-21,-9.760946545272027208e+00,9.000000000000000000e+01,2.327992488605264490e-02,0.000000000000000000e+00,1.462326842058452170e-19,8.247524869248012817e-05,-4.450387235732341820e-23
1.029950000113702299e+04,4.088492118981629363e-22,9.385626913491149637e+00,-3.788218213090859354e+04,1.051775356575471960e+02,-1.602694722375262034e-14,6.835208909141714173e+01,2.241264883902447519e-05,1.392177523259336532e-21,-9.760710899431906284e+00,9.000000000000000000e+01,2.369367069875179255e-02,0.000000000000000000e+00,1.462094198727299372e-19,-5.020266126150850651e-05,-4.530429416788015086e-23
1.030950000113906026e+04,4.088933232228144881e-22,9.395137901905616928e+00,-3.857132206902466714e+04,1.052477413353247044e+02,-1.602255145863448703e-14,6.956729440286051158e+01,-5.726369446548175424e-06,-3.317136507364040962e-22,-9.760883177307778880e+00,9.000000000000000000e+01,2.411515279604560177e-02,0.000000000000000000e+00,1.461857343646069091e-19,4.808006011681410834e-05,-4.612079610018313116e-23
1.031950000114109753e+04,4.089382336308114993e-22,9.404656427950456532e+00,-3.927271432130131871e+04,1.053191863510040633e+02,-1.601807724398898546e-14,7.080423878601565946e+01,1.604762791938395966e-05,1.002456726691570924e-21,-9.760886764960398310e+00,9.000000000000000000e+01,2.454388247402827447e-02,0.000000000000000000e+00,1.461616198912909117e-19,5.087179258068356692e-05,-4.695197309529952557e-23
1.032950000114313480e+04,4.089839579535203249e-22,9.414182628188019208e+00,-3.998657808510772884e+04,1.053918919109178489e+02,-1.601352317106462553e-14,7.206331596488328728e+01,2.116231418147849347e-05,1.315542288263925691e-21,-9.760946551162227536e+00,9.000000000000000000e+01,2.498043818323305437e-02,0.000000000000000000e+00,1.461370684664644001e-19,8.549429987188885425e-05,-4.779842056325420051e-23
1.033950000114517206e+04,4.090305113116024043e-22,9.423716641716385567e+00,-4.071313652790151536e+04,1.054658805414030525e+02,-1.600888779813066875e-14,7.334492691614644855e+01,3.790834379106561985e-05,2.339849466189233408e-21,-9.760713283026481335e+00,9.000000000000000000e+01,2.542472852108306272e-02,0.000000000000000000e+00,1.461120719911519554e-19,-4.578282892706308133e-05,-4.865897928713912957e-23
1.034950000114720933e+04,4.090779091194173340e-22,9.433258610218524964e+00,-4.145261686105187982e+04,1.055411747240856215e+02,-1.600416966374645343e-14,7.464948007717521250e+01,4.780113764599538961e-06,3.127492626673471013e-22,-9.760825758348756764e+00,9.000000000000000000e+01,2.587692845699032448e-02,0.000000000000000000e+00,1.460866221697793022e-19,1.869813126249682958e-05,-4.953735418160708086e-23
1.035950000114924660e+04,4.091261670917520078e-22,9.442808678012406531e+00,-4.220525041455775499e+04,1.056177975139947876e+02,-1.599936726458417642e-14,7.597739147551541805e+01,3.844908631620794909e-05,2.374089544012839899e-21,-9.760713291530352720e+00,9.000000000000000000e+01,2.633726405758082464e-02,0.000000000000000000e+00,1.460607106093441117e-19,-4.415806984126781923e-05,-5.043054855856986165e-23
1.036950000115128387e+04,4.091753012501285558e-22,9.452366992102435361e+00,-4.297127271381765604e+04,1.056957722755256412e+02,-1.599447908528268405e-14,7.732908486310151375e+01,4.825959983409226772e-05,2.974903898837314745e-21,-9.760655874051064274e+00,9.000000000000000000e+01,2.680584048797143848e-02,0.000000000000000000e+00,1.460343286618735603e-19,-7.583306866120639021e-05,-5.134049461459110631e-23
1.037950000115332114e+04,4.092253279289565986e-22,9.461933702231798193e+00,-4.375092355751711875e+04,1.057751223316304419e+02,-1.598950358209464119e-14,7.870499190258323097e+01,3.430371341227138327e-05,2.118824266394302959e-21,-9.760830522822653066e+00,9.000000000000000000e+01,2.728310167665171787e-02,0.000000000000000000e+00,1.460074676090474164e-19,2.389210803008916126e-05,-5.226772318547984741e-23
1.038950000115535840e+04,4.092762637827998248e-22,9.471508960936585453e+00,-4.454444709729123861e+04,1.058558731013903582e+02,-1.598443916839102905e-14,8.010555221038555374e+01,3.928463437355509541e-05,2.425448794666653663e-21,-9.760713304587289585e+00,9.000000000000000000e+01,2.776844015775316310e-02,0.000000000000000000e+00,1.459801184786709761e-19,-4.160877892401193198e-05,-5.321163147112307863e-23
1.039950000115739567e+04,4.093281257918535596e-22,9.481092923599197420e+00,-4.535209191851504147e+04,1.059380480962576030e+02,-1.597928424295082377e-14,8.153121371928789074e+01,-8.263602693740074168e-06,-4.861107548798232710e-22,-9.760823363633077676e+00,9.000000000000000000e+01,2.826277612253711227e-02,0.000000000000000000e+00,1.459522721284211419e-19,2.157979612084172708e-05,-5.417343131680940353e-23
1.040950000115943294e+04,4.093809312709707272e-22,9.490685748506090036e+00,-4.617411112328991294e+04,1.060216728929260199e+02,-1.597403716424932790e-14,8.298243263208100018e+01,4.464637888262727727e-05,2.752686099255293662e-21,-9.760773121433224730e+00,9.000000000000000000e+01,2.876597259718475727e-02,0.000000000000000000e+00,1.459239193897161092e-19,-5.970730738677249190e-06,-5.515209961349283120e-23
1.041950000116147021e+04,4.094346978770293799e-22,9.500287596903476128e+00,-4.701076241457462311e+04,1.061067729982809311e+02,-1.596869627069103269e-14,8.445967368992614865e+01,-7.729992108801951589e-06,-4.544012346027584668e-22,-9.760823357443328518e+00,9.000000000000000000e+01,2.927814911559213987e-02,0.000000000000000000e+00,1.458950506054057543e-19,2.338108960927194285e-05,-5.614949742614689624e-23
1.042950000116350748e+04,4.094894436135317955e-22,9.509898633056257822e+00,-4.786230818209424615e+04,1.061933743452578369e+02,-1.596325986772883534e-14,8.596341032256755454e+01,-1.222478758282959793e-05,-7.297543429506871264e-22,-9.760763544922435031e+00,9.000000000000000000e+01,2.979946762572597413e-02,0.000000000000000000e+00,1.458656563107243939e-19,-9.554857289296223683e-06,-5.716484170624490872e-23
1.043950000116554475e+04,4.095451868391797091e-22,9.519519024307065536e+00,-4.872901558994222432e+04,1.062815033675652643e+02,-1.595772621564912106e-14,8.749412482608769892e+01,2.626152887625580329e-05,1.627097705263615957e-21,-9.760887959743065778e+00,9.000000000000000000e+01,3.033020992831870696e-02,0.000000000000000000e+00,1.458357265503282448e-19,6.182700669432203368e-05,-5.819978621263877750e-23
1.044950000116758201e+04,4.096019462763682940e-22,9.529148941137741247e+00,-4.961115666592959315e+04,1.063711870633195247e+02,-1.595209355649084632e-14,8.905230850785221719e+01,-2.189157789061861592e-06,-1.151477937757417372e-22,-9.760883156871145161e+00,9.000000000000000000e+01,3.087044312035189253e-02,0.000000000000000000e+00,1.458052511828733971e-19,6.006906741914177237e-05,-5.925326571584938526e-23
1.045950000116961928e+04,4.096597410188838629e-22,9.538788557230816423e+00,-5.050900839273165911e+04,1.064624526104510949e+02,-1.594636010303246634e-14,9.063846189708874590e+01,2.677241640681744111e-05,1.657933918756603792e-21,-9.760887964495168490e+00,9.000000000000000000e+01,3.142039353073278196e-02,0.000000000000000000e+00,1.457742201581512589e-19,6.376966312632141066e-05,-6.032624929197746518e-23
1.046950000117165655e+04,4.097185905409318530e-22,9.548438049533656269e+00,-5.142285280076134950e+04,1.065553280800832141e+02,-1.594052402688312043e-14,9.225309489647447947e+01,1.265930369843092096e-05,7.945656651660370705e-22,-9.760885561074532646e+00,9.000000000000000000e+01,3.198011036895250653e-02,0.000000000000000000e+00,1.457426229020363523e-19,6.340556272232074678e-05,-6.141936593769567097e-23
1.047950000117369382e+04,4.097785147022093185e-22,9.558097598323019639e+00,-5.235297706277947873e+04,1.066498414303880793e+02,-1.593458346308057721e-14,9.389672702154794592e+01,4.162776354338804802e-05,2.567529971734392316e-21,-9.760890377579634958e+00,9.000000000000000000e+01,3.255004667965735038e-02,0.000000000000000000e+00,1.457104488160536672e-19,6.714724422533339683e-05,-6.253238233743850216e-23
1.048950000117573109e+04,4.098395337593656249e-22,9.567767387271265633e+00,-5.329967359067313373e+04,1.067460217936389455e+02,-1.592853651991673072e-14,9.556988750638645058e+01,2.282614423841731327e-05,1.415833268639408993e-21,-9.760828134843308135e+00,9.000000000000000000e+01,3.313015661932446065e-02,0.000000000000000000e+00,1.456776869638902777e-19,3.294165663758176022e-05,-6.366592138889819574e-23
1.049950000117776835e+04,4.099016683740990662e-22,9.577447603514455565e+00,-5.426324013375118375e+04,1.068438989112630537e+02,-1.592238126189662392e-14,9.727311554615849332e+01,3.270427168667027623e-05,2.022769418911933295e-21,-9.760770757817633481e+00,9.000000000000000000e+01,3.372043380982214095e-02,0.000000000000000000e+00,1.456443263005726030e-19,1.509699677150732602e-06,-6.482111557976732011e-23
1.050950000117980562e+04,4.099649396209537771e-22,9.587138437721135276e+00,-5.524397987928520888e+04,1.069435015111333911e+02,-1.591611573055902820e-14,9.900696056932821421e+01,1.365831371782661591e-05,8.563200652764500258e-22,-9.760885580123884964e+00,9.000000000000000000e+01,3.432164965145829277e-02,0.000000000000000000e+00,1.456103555290397572e-19,6.758819933443719838e-05,-6.599791824685268169e-23
1.051950000118184289e+04,4.100293689965475523e-22,9.596840084163540396e+00,-5.624220155519060791e+04,1.070448602861801959e+02,-1.590973791601160291e-14,1.007719822939000665e+02,-5.396742561867423627e-06,-3.123578293800901942e-22,-9.761000360360233330e+00,9.000000000000000000e+01,3.493385479153832129e-02,0.000000000000000000e+00,1.455757630875574757e-19,1.336624933489409593e-04,-6.719624426757475306e-23
1.052950000118388016e+04,4.100949784316504743e-22,9.606552740789769729e+00,-5.725821953427325934e+04,1.071480072632103173e+02,-1.590324577556053674e-14,1.025687509530939394e+02,2.350257747904451605e-05,1.459249009833251586e-21,-9.761005196808753226e+00,9.000000000000000000e+01,3.555662328066307165e-02,0.000000000000000000e+00,1.455405372448656516e-19,1.375117344147372411e-04,-6.841740019355721945e-23
1.053950000118591743e+04,4.101617902956491112e-22,9.616276609297814915e+00,-5.829235394090041518e+04,1.072529724281365731e+02,-1.589663723597949466e-14,1.043978476997367153e+02,-3.829322835288175020e-05,-2.326405353765170670e-21,-9.760935693723107320e+00,9.000000000000000000e+01,3.619092394250516403e-02,0.000000000000000000e+00,1.455046658957243329e-19,9.929376676509165918e-05,-6.966010073266594681e-23
1.054950000118795469e+04,4.102298274130671499e-22,9.626011895210755398e+00,-5.934493075974937528e+04,1.073597892031292389e+02,-1.588991017165381952e-14,1.062598645252399052e+02,2.940852777877280694e-05,1.820660888285831182e-21,-9.760710956745974443e+00,9.000000000000000000e+01,3.683623968922727920e-02,0.000000000000000000e+00,1.454681369673111093e-19,-2.678963187485874182e-05,-7.092619390192287534e-23
1.055950000118999196e+04,4.102991130670723186e-22,9.635758807954628580e+00,-6.041628194654267281e+04,1.074684884661982522e+02,-1.588306243935886290e-14,1.081554047935574516e+02,-2.304894944224651632e-05,-1.392216990947400852e-21,-9.760761073258748866e+00,9.000000000000000000e+01,3.749355981704552421e-02,0.000000000000000000e+00,1.454309378182175801e-19,2.757309148402126342e-06,-7.221647978932742599e-23
1.056950000119202923e+04,4.103696710135611133e-22,9.645517560936964330e+00,-6.150674554142821580e+04,1.075791042745086514e+02,-1.587609182530491372e-14,1.100850831849081572e+02,-1.350446669000967409e-05,-8.081678043128306686e-22,-9.760880707586437666e+00,9.000000000000000000e+01,3.816272089269959894e-02,0.000000000000000000e+00,1.453930557597391761e-19,7.168353911847175975e-05,-7.353126943182959329e-23
1.057950000119406650e+04,4.104415254913347234e-22,9.655288371627806399e+00,-6.261666578431893140e+04,1.076916704951644874e+02,-1.586899609673514494e-14,1.120495260724881774e+02,1.081812520594641752e-05,6.812425549608093421e-22,-9.760825744828826700e+00,9.000000000000000000e+01,3.884379644934151526e-02,0.000000000000000000e+00,1.453544777917830501e-19,4.178300944810414691e-05,-7.487008507430191928e-23
1.058950000119610377e+04,4.105147012321728767e-22,9.665071461641780104e+00,-6.374639323246292770e+04,1.078062213107454852e+02,-1.586177297576261238e-14,1.140493717531755209e+02,6.444904463422107543e-06,4.147122041512809157e-22,-9.760765923402788147e+00,9.000000000000000000e+01,3.953703618715408152e-02,0.000000000000000000e+00,1.453151906253782748e-19,9.154098296198037057e-06,-7.623425765958987098e-23
1.059950000119814104e+04,4.105892234728280672e-22,9.674867056823417855e+00,-6.489628488057292998e+04,1.079227909295844370e+02,-1.585442013342918560e-14,1.160852707105323560e+02,6.411970588063222593e-05,3.945225100312963388e-21,-9.760775664454765632e+00,9.000000000000000000e+01,4.024304120873367641e-02,0.000000000000000000e+00,1.452751807762133483e-19,1.593101068169248301e-05,-7.762373441014661719e-23
1.060950000120017830e+04,4.106651179664014716e-22,9.684675387333104624e+00,-6.606670428366027772e+04,1.080414156122349993e+02,-1.584693520538561609e-14,1.181578857284722943e+02,1.158757312120627797e-05,7.292763868566185203e-22,-9.760825767607762771e+00,9.000000000000000000e+01,4.096162423508197675e-02,0.000000000000000000e+00,1.452344342657759952e-19,4.558230005585975505e-05,-7.903987522436787911e-23
1.061950000120221557e+04,4.107424109929266777e-22,9.694496687735039586e+00,-6.725802168181072921e+04,1.081621308677038513e+02,-1.583931577787801658e-14,1.202678923182961768e+02,-2.201384849403152655e-05,-1.328413235619747360e-21,-9.760938071718539888e+00,9.000000000000000000e+01,4.169332130859011720e-02,0.000000000000000000e+00,1.451929371245545570e-19,1.104725447366068105e-04,-8.048269499869142950e-23
1.062950000120425284e+04,4.108211293728440937e-22,9.704331197088606586e+00,-6.847061412770207971e+04,1.082849738876011685e+02,-1.583155939471309892e-14,1.224159788282510988e+02,-6.790953501204649578e-06,-3.973271718509085389e-22,-9.760763478135588755e+00,9.000000000000000000e+01,4.243813572487251801e-02,0.000000000000000000e+00,1.451506750107741112e-19,1.295884701499543481e-05,-8.195129239505430823e-23
1.063950000120629011e+04,4.109013004798584118e-22,9.714179159039529665e+00,-6.970486561678349972e+04,1.084099821520428151e+02,-1.582366354841347508e-14,1.246028467954241847e+02,4.105763705953766052e-05,2.534072710414202574e-21,-9.760830640906798195e+00,9.000000000000000000e+01,4.319629003314157806e-02,0.000000000000000000e+00,1.451076331897539454e-19,5.234090046064889939e-05,-8.344914824767881635e-23
1.064950000120832738e+04,4.109829522510319663e-22,9.724040821915432176e+00,-7.096116722018644214e+04,1.085371928430390369e+02,-1.581562568861968528e-14,1.268292112404304390e+02,7.411500351574978884e-06,4.729535639872791277e-22,-9.760942949586393524e+00,9.000000000000000000e+01,4.396840874734422172e-02,0.000000000000000000e+00,1.450637965567259028e-19,1.173075350584975966e-04,-8.497484927205656281e-23
1.065950000121036464e+04,4.110661132014821753e-22,9.733916438822486583e+00,-7.223991722028981894e+04,1.086666453793918805e+02,-1.580744322055876019e-14,1.290958007970288293e+02,-4.445534810133822123e-05,-2.704027276793812990e-21,-9.760815928505472527e+00,9.000000000000000000e+01,4.475436744387598087e-02,0.000000000000000000e+00,1.450191499284426125e-19,4.680238770924700112e-05,-8.652837376500707774e-23
1.066950000121240191e+04,4.111508124401573326e-22,9.743806267743540417e+00,-7.354152124880068004e+04,1.087983790225826795e+02,-1.579911348397693953e-14,1.314033581517705045e+02,-6.431036976019786910e-06,-3.756039270466181505e-22,-9.760940495523211524e+00,9.000000000000000000e+01,4.555455109448015155e-02,0.000000000000000000e+00,1.449736777062483485e-19,1.187607180813996752e-04,-8.811252006406620307e-23
1.067950000121443918e+04,4.112370796802135898e-22,9.753710571640773708e+00,-7.486639242818485945e+04,1.089324344362968588e+02,-1.579063378699222412e-14,1.337526402091596367e+02,-2.432212559647442540e-05,-1.469873033152541544e-21,-9.760701182513955132e+00,9.000000000000000000e+01,4.636890291401691427e-02,0.000000000000000000e+00,1.449273638545251762e-19,-1.526627109408872863e-05,-8.972548573537459485e-23
1.068950000121647645e+04,4.113249452535337224e-22,9.763629618558043788e+00,-7.621495151546411216e+04,1.090688506458364202e+02,-1.578200138055607379e-14,1.361444185855716000e+02,-2.030184272614962704e-05,-1.224005509827471432e-21,-9.760938035304125293e+00,9.000000000000000000e+01,4.719841643125732150e-02,0.000000000000000000e+00,1.448801921995722919e-19,1.203166261250531902e-04,-9.137053692704524723e-23
1.069950000121851372e+04,4.114144401268244434e-22,9.773563681728086650e+00,-7.758762704945821315e+04,1.092076711231444648e+02,-1.577321345091985515e-14,1.385794795654954612e+02,4.794568907889526499e-05,2.955759656505020667e-21,-9.760713462342193836e+00,9.000000000000000000e+01,4.804257788649646255e-02,0.000000000000000000e+00,1.448321460761855032e-19,-5.310584227384802077e-06,-9.304521872704565371e-23
1.070950000122055098e+04,4.115055959160712218e-22,9.783513039680217460e+00,-7.898485550078470260e+04,1.093489358942227909e+02,-1.576426715867277209e-14,1.410586248285177078e+02,8.864814054312594727e-06,5.619845454375473110e-22,-9.760942946268086118e+00,9.000000000000000000e+01,4.890244197650048252e-02,0.000000000000000000e+00,1.447832084836967713e-19,1.261561173848074844e-04,-9.475313927521538835e-23
1.071950000122258825e+04,4.115984449006729446e-22,9.793477976352377823e+00,-8.040708142476622015e+04,1.094926895836282483e+02,-1.575515958433426163e-14,1.435826713505495604e+02,2.344620660053343963e-05,1.455307276789886011e-21,-9.760945408630005815e+00,9.000000000000000000e+01,4.977763833267394300e-02,0.000000000000000000e+00,1.447333622030522391e-19,1.291224814553626260e-04,-9.649292492862438244e-23
1.072950000122462552e+04,4.116930200405435723e-22,9.803458781204001937e+00,-8.185475761810317636e+04,1.096389753141893948e+02,-1.574588775811598990e-14,1.461524520503723750e+02,2.459304433594794448e-05,1.525027617569217399e-21,-9.760768381159193652e+00,9.000000000000000000e+01,5.066869459692693867e-02,0.000000000000000000e+00,1.446825894439961167e-19,3.049932092978125189e-05,-9.826488942601018508e-23
1.073950000122666279e+04,4.117893549926563287e-22,9.813455749332831601e+00,-8.332834527845866978e+04,1.097878371107933617e+02,-1.573644866626646470e-14,1.487688159742856726e+02,-1.909661110907796833e-05,-1.149459080656196473e-21,-9.760938010442474777e+00,9.000000000000000000e+01,5.157599166989280254e-02,0.000000000000000000e+00,1.446308721970840922e-19,1.281668096664226450e-04,-1.000723239267599067e-22
1.074950000122870006e+04,4.118874841264826437e-22,9.823469181595065436e+00,-8.482831416731234640e+04,1.099393202485894960e+02,-1.572683921818930303e-14,1.514326286442860976e+02,-1.437632701901427057e-05,-8.613097079919207831e-22,-9.760997838433091545e+00,9.000000000000000000e+01,5.249984573506696200e-02,0.000000000000000000e+00,1.445781920380866325e-19,1.637003180363491225e-04,-1.019134213883389488e-22
1.075950000123073733e+04,4.119874425421200630e-22,9.833499384726206216e+00,-8.635514277620892972e+04,1.100934712441471817e+02,-1.571705627773093757e-14,1.541447723741853224e+02,5.638855608012041665e-06,3.638882454282783445e-22,-9.760883108108380668e+00,9.000000000000000000e+01,5.344032496903846491e-02,0.000000000000000000e+00,1.445245301317471472e-19,1.004380356725191408e-04,-1.037891479643297930e-22
1.076950000123277459e+04,4.120892660878813582e-22,9.843546671466681275e+00,-8.790931849689316005e+04,1.102503364380182944e+02,-1.570709664320935338e-14,1.569061467234923555e+02,1.476019846855317064e-05,9.231870691348776594e-22,-9.761002778554896508e+00,9.000000000000000000e+01,5.439790650353207302e-02,0.000000000000000000e+00,1.444698672009411328e-19,1.699141022383877724e-04,-1.057019911578223559e-22
1.077950000123481186e+04,4.121929913778308802e-22,9.853611360690608834e+00,-8.949133779441379011e+04,1.104099638857325090e+02,-1.569695705628281869e-14,1.597176687414741139e+02,4.027147389392554677e-05,2.485910859079961755e-21,-9.760770868364634367e+00,9.000000000000000000e+01,5.537270890797241912e-02,0.000000000000000000e+00,1.444141836625805996e-19,4.037383470268362113e-05,-1.076500600924513352e-22
1.078950000123684913e+04,4.122986558103788118e-22,9.863693777536081342e+00,-9.110170638427324593e+04,1.105724004554121933e+02,-1.568663419452511667e-14,1.625802735115248652e+02,2.072756206181886052e-05,1.288221216245418243e-21,-9.760885586891504317e+00,9.000000000000000000e+01,5.636558672259577019e-02,0.000000000000000000e+00,1.443574594002750858e-19,1.071113827060639134e-04,-1.096365278942231419e-22
1.079950000123888640e+04,4.124062975880462109e-22,9.873794253540495447e+00,-9.274093941333983094e+04,1.107376967846037985e+02,-1.567612466683637230e-14,1.654949142485654363e+02,3.091009799486427179e-05,1.911296514268904657e-21,-9.760828232908860258e+00,9.000000000000000000e+01,5.737637424388732782e-02,0.000000000000000000e+00,1.442996739770721662e-19,7.646299125170983831e-05,-1.116606292445827877e-22
1.080950000124092367e+04,4.125159557374599352e-22,9.883913126777700953e+00,-9.440956164444237947e+04,1.109059032326212559e+02,-1.566542501285530999e-14,1.684625629208774171e+02,2.233672025723880405e-05,1.387687563720442109e-21,-9.760708561780418790e+00,9.000000000000000000e+01,5.840535192865524416e-02,0.000000000000000000e+00,1.442408063407682153e-19,1.056769443101336478e-05,-1.137238861079147048e-22
1.081950000124296093e+04,4.126276701286568446e-22,9.894050741999267373e+00,-9.610810764485318214e+04,1.110770682361854398e+02,-1.565453173057190332e-14,1.714842107158287661e+02,-2.267352251732190904e-05,-1.369847062893388201e-21,-9.761055162619992842e+00,9.000000000000000000e+01,5.945360536204228469e-02,0.000000000000000000e+00,1.441808352501798022e-19,2.086885991713563341e-04,-1.158280907264407821e-22
1.082950000124499820e+04,4.127414814969580593e-22,9.904207450779392019e+00,-9.783712197879608721e+04,1.112512466192208365e+02,-1.564344120876369149e-14,1.745608680313322623e+02,-3.121571475829185149e-05,-1.893273243920508745e-21,-9.760935474488858787e+00,9.000000000000000000e+01,6.052058663159824020e-02,0.000000000000000000e+00,1.441197387270746803e-19,1.428539915260536406e-04,-1.179713266588919970e-22
1.083950000124703547e+04,4.128574314641751593e-22,9.914383611662891838e+00,-9.959715940434392542e+04,1.114284897835065777e+02,-1.563214979653270058e-14,1.776935653919320544e+02,3.196895077718468758e-05,1.975150960357443164e-21,-9.760828212906291768e+00,9.000000000000000000e+01,6.160705124353416107e-02,0.000000000000000000e+00,1.440574945476325647e-19,8.409092363046241246e-05,-1.201560510634956116e-22
1.084950000124907274e+04,4.129755625601651776e-22,9.924579590316882971e+00,-1.013887850741036236e+05,1.116088519120299196e+02,-1.562065376935532515e-14,1.808833535497794003e+02,5.651316079763324396e-05,3.479439517591349476e-21,-9.760773393429056810e+00,9.000000000000000000e+01,6.271315394244561525e-02,0.000000000000000000e+00,1.439940798140812142e-19,5.505505392371767809e-05,-1.223837161201469503e-22
1.085950000125111001e+04,4.130959182447216433e-22,9.934795759687263583e+00,-1.032125747404722497e+05,1.117923866700679838e+02,-1.560894932611577578e-14,1.841313041141162898e+02,3.244766275842941861e-05,2.007063927453041391e-21,-9.760828253407318300e+00,9.000000000000000000e+01,6.383954009290192244e-02,0.000000000000000000e+00,1.439294712049495057e-19,8.815223117171499569e-05,-1.246550106729605554e-22
1.086950000125314727e+04,4.132185429339252155e-22,9.945032500157388711e+00,-1.050691149653019384e+05,1.119791490911806591e+02,-1.559703259223981323e-14,1.874385098871835282e+02,2.745918664998417413e-06,1.880676621906497739e-22,-9.761000288246169276e+00,9.000000000000000000e+01,6.498670913048382181e-02,0.000000000000000000e+00,1.438636449510381111e-19,1.876267499450172556e-04,-1.269705308169892367e-22
1.087950000125518454e+04,4.133434820227926850e-22,9.955290199712818477e+00,-1.069590033341972157e+05,1.121691970151864268e+02,-1.558489960501967000e-14,1.908060852535687104e+02,3.298207365040953243e-05,2.038977223421014702e-21,-9.760828258463664753e+00,9.000000000000000000e+01,6.615466400381994627e-02,0.000000000000000000e+00,1.437965766691146288e-19,9.234714740711836038e-05,-1.293296874773269336e-22
1.088950000125722181e+04,4.134707819098437250e-22,9.965569254108546104e+00,-1.088828486748486757e+05,1.123625864745037859e+02,-1.557254634791604490e-14,1.942351668827573405e+02,1.892922162007731890e-05,1.177148995095539700e-21,-9.760825760379512772e+00,9.000000000000000000e+01,6.734414811713620996e-02,0.000000000000000000e+00,1.437282414602304294e-19,9.308843669329765300e-05,-1.317353224635632942e-22
1.089950000125925908e+04,4.136004900239629585e-22,9.975870067040895961e+00,-1.108412712809490040e+05,1.125593770391443798e+02,-1.555996870288514963e-14,1.977269139476226201e+02,2.350154937409351663e-05,1.457647709190052965e-21,-9.760885586059771413e+00,9.000000000000000000e+01,6.855525562345141100e-02,0.000000000000000000e+00,1.436586138534051156e-19,1.291553101280719514e-04,-1.341886495259067268e-22
1.090950000126129635e+04,4.137326548487579887e-22,9.986193050324898124e+00,-1.128349031405569986e+05,1.127596277299446825e+02,-1.554716249138841603e-14,2.012825088137059311e+02,-2.356741590961962396e-05,-1.424106743774192036e-21,-9.760818244728451276e+00,9.000000000000000000e+01,6.978845781631502765e-02,0.000000000000000000e+00,1.435876678463340613e-19,9.326775278994923232e-05,-1.366893902855615002e-22
1.091950000126333362e+04,4.138673259519383404e-22,9.996538624074526425e+00,-1.148643881691871211e+05,1.129633984607213222e+02,-1.553412343476502145e-14,2.049031574985458519e+02,9.659699474393740326e-06,6.107214458144082673e-22,-9.760883100367992782e+00,9.000000000000000000e+01,7.104434621381092163e-02,0.000000000000000000e+00,1.435153769179482671e-19,1.322663776851866707e-04,-1.392396416528957670e-22
1.092950000126537088e+04,4.140045540122450017e-22,1.000690721688904894e+01,-1.169303824485354125e+05,1.131707509919881858e+02,-1.552084718093334420e-14,2.085900901094421158e+02,-2.451829608032633778e-05,-1.481366316585268778e-21,-9.760995259167662752e+00,9.000000000000000000e+01,7.232323725242859047e-02,0.000000000000000000e+00,1.434417137350924858e-19,1.980891392836896237e-04,-1.418402448530526523e-22
1.093950000126740815e+04,4.141443908476392957e-22,1.001729926604349785e+01,-1.190335544701134786e+05,1.133817477797346527e+02,-1.550732929087523922e-14,2.123445614527534815e+02,9.643961424235514279e-08,2.578670767001984775e-23,-9.760940432977751158e+00,9.000000000000000000e+01,7.362556365340067188e-02,0.000000000000000000e+00,1.433666506503515104e-19,1.694169643463256725e-04,-1.444911299694039884e-22
1.094950000126944542e+04,4.142868894481660346e-22,1.002771521768443286e+01,-1.211745853843940422e+05,1.135964522884842438e+02,-1.549356523285110967e-14,2.161678515652159831e+02,-1.826468881688594892e-05,-1.098818244324816616e-21,-9.760878086523970154e+00,9.000000000000000000e+01,7.495180441843996011e-02,0.000000000000000000e+00,1.432901590862227121e-19,1.365322407463459000e-04,-1.471941424808693748e-22
1.095950000127148269e+04,4.144321040026337625e-22,1.003815552703014546e+01,-1.233541692553618923e+05,1.138149288066792764e+02,-1.547955039886321947e-14,2.200612662663648678e+02,1.648367793155754157e-05,1.027913572344661851e-21,-9.760765921774170906e+00,9.000000000000000000e+01,7.630245537647996346e-02,0.000000000000000000e+00,1.432122101654498475e-19,7.548869412566812354e-05,-1.499501838920182307e-22
1.096950000127351996e+04,4.145800899337577575e-22,1.004862065857745890e+01,-1.255730133206592873e+05,1.140372435008719378e+02,-1.546528006848683729e-14,2.240261377035829753e+02,-4.215910860744589983e-05,-2.562124307199464275e-21,-9.760932868555116215e+00,9.000000000000000000e+01,7.767790680491265531e-02,0.000000000000000000e+00,1.431327738848063111e-19,1.725119901806557870e-04,-1.527622543404227424e-22
1.097950000127555722e+04,4.147309039288768275e-22,1.005911108631214645e+01,-1.278318382576480508e+05,1.142634625125362220e+02,-1.545074944208559417e-14,2.280638250160702398e+02,1.113826250696836606e-06,8.622550280885427349e-23,-9.760940377374438981e+00,9.000000000000000000e+01,7.907879186574036379e-02,0.000000000000000000e+00,1.430518200796494568e-19,1.793168369935760939e-04,-1.556289237429154648e-22
1.098950000127759449e+04,4.148846039751454012e-22,1.006962729392739142e+01,-1.301313784554181620e+05,1.144936557102727193e+02,-1.543595361707823713e-14,2.321757147428382382e+02,2.963079924067288373e-06,1.999625683498534848e-22,-9.760763399906863924e+00,9.000000000000000000e+01,8.050513155657797182e-02,0.000000000000000000e+00,1.429693174381496783e-19,8.172303838821430946e-05,-1.585521413650711320e-22
1.099950000127963176e+04,4.150412493911106446e-22,1.008016977504547995e+01,-1.324723822926720604e+05,1.147278902802905094e+02,-1.542088760355086177e-14,2.363632217913998375e+02,1.166474920528265402e-05,7.338808412803773959e-22,-9.760883098745962272e+00,9.000000000000000000e+01,8.195787756757727527e-02,0.000000000000000000e+00,1.428852342434589001e-19,1.521433683608231641e-04,-1.615348732346357144e-22
1.100950000128166903e+04,4.152009008663559143e-22,1.009073903344419065e+01,-1.348556124221161008e+05,1.149662367230346263e+02,-1.540554630416900476e-14,2.406277897451537626e+02,4.058557099131249180e-05,2.504369210472170995e-21,-9.760888156178106456e+00,9.000000000000000000e+01,8.343747902018307239e-02,0.000000000000000000e+00,1.427995379363793613e-19,1.577099813588996784e-04,-1.645762332657097389e-22
1.101950000128370630e+04,4.153636204980888183e-22,1.010133558330173464e+01,-1.372818460607416928e+05,1.152087674796089374e+02,-1.538992452214099906e-14,2.449708915828368845e+02,2.821533051745005183e-05,1.747077560271615474e-21,-9.760708606397260567e+00,9.000000000000000000e+01,8.494421300867019409e-02,0.000000000000000000e+00,1.427121951407404392e-19,5.881255943765627362e-05,-1.676777499043827815e-22
1.102950000128574356e+04,4.155294718272607247e-22,1.011195994942874066e+01,-1.397518752875896171e+05,1.154555536924475234e+02,-1.537401695107090969e-14,2.493940305381379972e+02,-1.904940751275979727e-06,-9.725894164215817086e-23,-9.760880563891708661e+00,9.000000000000000000e+01,8.647897910389887310e-02,0.000000000000000000e+00,1.426231717513518970e-19,1.589751596007074348e-04,-1.708427037486886844e-22
1.103950000128778083e+04,4.156985198801005511e-22,1.012261266751872135e+01,-1.422665073472103104e+05,1.157066707414739710e+02,-1.535781817795360200e-14,2.538987404625334250e+02,3.714992065657896081e-05,2.294026285362301864e-21,-9.760828317177018931e+00,9.000000000000000000e+01,8.804198160350662494e-02,0.000000000000000000e+00,1.425324329392228900e-19,1.322579368378618350e-04,-1.740702083594656380e-22
1.104950000128981810e+04,4.158708312081671482e-22,1.013329428440340685e+01,-1.448265649606632069e+05,1.159621932990405355e+02,-1.534132268879955021e-14,2.584865868026473663e+02,2.307486644235155759e-05,1.432556864941451506e-21,-9.760825783333174854e+00,9.000000000000000000e+01,8.963386235330061957e-02,0.000000000000000000e+00,1.424399428932488259e-19,1.337410725488515214e-04,-1.773629147626134873e-22
1.105950000129185537e+04,4.160464739299079153e-22,1.014400535831506822e+01,-1.474328866433165967e+05,1.162221972984901157e+02,-1.532452485632087333e-14,2.631591672173364600e+02,5.800173548170181603e-05,3.570166509112868660e-21,-9.760713697139719258e+00,9.000000000000000000e+01,9.125527490879624393e-02,0.000000000000000000e+00,1.423456651977978751e-19,7.325718148198800018e-05,-1.807211831809318243e-22
1.106950000129389264e+04,4.162255177755887333e-22,1.015474645915506713e+01,-1.500863270304361358e+05,1.164867604393144660e+02,-1.530741893387651214e-14,2.679181122915082369e+02,1.759937259228003259e-05,1.096385456816965138e-21,-9.760942954017837181e+00,9.000000000000000000e+01,9.290679274196632365e-02,0.000000000000000000e+00,1.422495622653208870e-19,2.060833793545304262e-04,-1.841488987882155613e-22
1.107950000129592991e+04,4.164080341318302485e-22,1.016551816877161762e+01,-1.527877572091910988e+05,1.167559629693227521e+02,-1.528999906021787444e-14,2.727650862436611305e+02,3.819693511965954746e-05,2.357709463402185130e-21,-9.760828330218339843e+00,9.000000000000000000e+01,9.458873242896485845e-02,0.000000000000000000e+00,1.421515959333437873e-19,1.442791926518284691e-04,-1.876445951271592454e-22
1.108950000129796717e+04,4.165940960864790780e-22,1.017632108124349877e+01,-1.555380650594793260e+05,1.170298834343181795e+02,-1.527225925537155854e-14,2.777017879483914840e+02,2.828179370193209530e-05,1.749808649361926369e-21,-9.760885620234203586e+00,9.000000000000000000e+01,9.630206313917807903e-02,0.000000000000000000e+00,1.420517268702677789e-19,1.798646100742238977e-04,-1.912116929392124343e-22
1.109950000130000444e+04,4.167837784817634289e-22,1.018715580317300429e+01,-1.583381556017454714e+05,1.173086055733056838e+02,-1.525419341792185999e-14,2.827299513429434796e+02,-1.446716188999511155e-05,-8.666432645456989081e-22,-9.760878001677259164e+00,9.000000000000000000e+01,9.804695823614319183e-02,0.000000000000000000e+00,1.419499149089311639e-19,1.787631262524240928e-04,-1.948514734569912313e-22
1.110950000130204171e+04,4.169771579569898278e-22,1.019802295398678638e+01,-1.611889513534894213e+05,1.175922106109450453e+02,-1.523579532317919114e-14,2.878513466863635131e+02,-1.010167694752428513e-05,-5.989025565486437690e-22,-9.760937859559167151e+00,9.000000000000000000e+01,9.982440058893866930e-02,0.000000000000000000e+00,1.418461190220112221e-19,2.159262392942872314e-04,-1.985655359870762636e-22
1.111950000130407898e+04,4.171743130034781561e-22,1.020892316624533969e+01,-1.640913926934413612e+05,1.178807834795296259e+02,-1.521705861340263304e-14,2.930677810541620829e+02,-3.440448743971535883e-05,-2.086764404377963388e-21,-9.760992601900454702e+00,9.000000000000000000e+01,1.016349230163235140e-01,0.000000000000000000e+00,1.417402969601575019e-19,2.502571020256940857e-04,-2.023554133605940090e-22
1.112950000130611625e+04,4.173753240168374826e-22,1.021985708596065656e+01,-1.670464382348237559e+05,1.181744101722133138e+02,-1.519797680504608040e-14,2.983810993451765512e+02,-2.803961875989455232e-05,-1.697561700552926495e-21,-9.760875433164779125e+00,9.000000000000000000e+01,1.034791289378391016e-01,0.000000000000000000e+00,1.416324056465685954e-19,1.873252298679020699e-04,-2.062220316708551128e-22
1.113950000130815351e+04,4.175802733548553988e-22,1.023082537292465233e+01,-1.700550652070445940e+05,1.184731775381830516e+02,-1.517854328116549004e-14,3.037931851863456814e+02,-5.234634614706065725e-05,-3.185887598945156323e-21,-9.760930169557243019e+00,9.000000000000000000e+01,1.053577447538808221e-01,0.000000000000000000e+00,1.415224008142475191e-19,2.217846922243364618e-04,-2.101688548965880933e-22
1.114950000131019078e+04,4.177892453909917574e-22,1.024182870104583820e+01,-1.731182698463788256e+05,1.187771742385147746e+02,-1.515875128426209183e-14,3.093059617948882192e+02,5.208432752208669303e-06,3.376032755141136117e-22,-9.760940401544457856e+00,9.000000000000000000e+01,1.072714492809725417e-01,0.000000000000000000e+00,1.414102372742056100e-19,2.311159473567191125e-04,-2.141965579218309510e-22
1.115950000131222805e+04,4.180023265737247273e-22,1.025286775869557765e+01,-1.762370677957898006e+05,1.190864916472081916e+02,-1.513859392231479539e-14,3.149213928562264755e+02,4.026830294056801818e-05,2.484956775280158001e-21,-9.760828367697262919e+00,9.000000000000000000e+01,1.092206915018614360e-01,0.000000000000000000e+00,1.412958685237277251e-19,1.712955736530692935e-04,-2.183072028175052835e-22
1.116950000131426532e+04,4.182196054885669131e-22,1.026394324906573630e+01,-1.794124945145305246e+05,1.194012199241252290e+02,-1.511806415802832836e-14,3.206414837175546495e+02,-2.453731733104147494e-06,-1.306226166897908547e-22,-9.760820676811507113e+00,9.000000000000000000e+01,1.112064404629861947e-01,0.000000000000000000e+00,1.411792469468120043e-19,1.706203873632928798e-04,-2.225032747032036332e-22
1.117950000131630259e+04,4.184411729212882843e-22,1.027505589053623503e+01,-1.826456056973105296e+05,1.197214519565895898e+02,-1.509715480560147520e-14,3.264682821533624519e+02,1.619370314275350720e-05,1.010845996126474099e-21,-9.760883103748367873e+00,9.000000000000000000e+01,1.132294526054882511e-01,0.000000000000000000e+00,1.410603239457936279e-19,2.097152453713345183e-04,-2.267864962126342587e-22
1.118950000131833986e+04,4.186671219204435884e-22,1.028620641705293792e+01,-1.859374777029436082e+05,1.200472828461423660e+02,-1.507585853566161356e-14,3.324038794038317519e+02,-8.149489823250366527e-06,-4.801711488835277228e-22,-9.760937808875464583e+00,9.000000000000000000e+01,1.152903595806064607e-01,0.000000000000000000e+00,1.409390494873325437e-19,2.445125588689034727e-04,-2.311587837375403958e-22
1.119950000132037712e+04,4.188975478698980009e-22,1.029739557851743825e+01,-1.892892079941481352e+05,1.203788102250554317e+02,-1.505416784805184984e-14,3.384504112242902352e+02,3.101192854814555089e-05,1.918575621656201682e-21,-9.760885700149326993e+00,9.000000000000000000e+01,1.173896971040508247e-01,0.000000000000000000e+00,1.408153723613793517e-19,2.189126714425279141e-04,-2.356220911116754415e-22
1.120950000132241439e+04,4.191325485522986952e-22,1.030862414118905690e+01,-1.927019155874829739e+05,1.207161292440269023e+02,-1.503207511451269813e-14,3.446100592003150496e+02,-5.418021581195253678e-06,-3.134367083898278507e-22,-9.760760803882799763e+00,9.000000000000000000e+01,1.195286260928597327e-01,0.000000000000000000e+00,1.406892400570490470e-19,1.521813298702015061e-04,-2.401780347862669607e-22
1.121950000132445166e+04,4.193722242291673857e-22,1.031989288809776184e+01,-1.961767415138185024e+05,1.210593410928326676e+02,-1.500957251712903086e-14,3.508850514225424604e+02,-1.140226926786558348e-06,-5.085329392597726804e-23,-9.760820665529239548e+00,9.000000000000000000e+01,1.217076458112202053e-01,0.000000000000000000e+00,1.405605987507889005e-19,1.901304494348203848e-04,-2.448307378094569041e-22
1.122950000132648893e+04,4.196166777084628993e-22,1.033120261947029839e+01,-1.997148492905721068e+05,1.214085456065578228e+02,-1.498665208884017517e-14,3.572776639995250321e+02,1.112383175829595450e-05,7.006594396479840047e-22,-9.761000258825932363e+00,9.000000000000000000e+01,1.239277262996596463e-01,0.000000000000000000e+00,1.404293932249316042e-19,2.959469351692960073e-04,-2.495817670513472066e-22
1.123950000132852620e+04,4.198660144266530632e-22,1.034255415316958349e+01,-2.033174254048112780e+05,1.217638465247112265e+02,-1.496330569776840219e-14,3.637902219378713653e+02,5.716125811131705925e-06,3.686802221926848912e-22,-9.760703510812259509e+00,9.000000000000000000e+01,1.261894743608372726e-01,0.000000000000000000e+00,1.402955668920705139e-19,1.321639025674808249e-04,-2.544308321547708892e-22
1.124950000133056346e+04,4.201203425318628744e-22,1.035394832514674412e+01,-2.069856798086063936e+05,1.221253464339756363e+02,-1.493952502009929325e-14,3.704251006495293836e+02,1.795175247370009441e-05,1.118279759114634406e-21,-9.760883108944481634e+00,9.000000000000000000e+01,1.284940112656939859e-01,0.000000000000000000e+00,1.401590615924009273e-19,2.381503284228476622e-04,-2.593847057381806251e-22
1.125950000133260073e+04,4.203797729630340287e-22,1.036538598990851767e+01,-2.107208464262597263e+05,1.224931523850393091e+02,-1.491530157957184231e-14,3.771847268278803540e+02,-4.942694612741077576e-05,-3.007143010047962253e-21,-9.760930049049941104e+00,9.000000000000000000e+01,1.308419708118341018e-01,0.000000000000000000e+00,1.400198177446523480e-19,2.691183679982339302e-04,-2.644431929680377390e-22
1.126950000133463800e+04,4.206444195385257390e-22,1.037686802099782923e+01,-2.145241836740588769e+05,1.228673718131549890e+02,-1.489062668865240405e-14,3.840715799977115239e+02,1.685933254086391386e-06,1.235166031113585278e-22,-9.761057538058651062e+00,9.000000000000000000e+01,1.332342884931344285e-01,0.000000000000000000e+00,1.398777742715060788e-19,3.457777675425454918e-04,-2.696098372953263723e-22
1.127950000133667527e+04,4.209143990439085054e-22,1.038839531148915896e+01,-2.183969749926701188e+05,1.232481133933979009e+02,-1.486549151199415499e-14,3.910881937096742718e+02,4.380921150039934764e-06,2.873605669886588040e-22,-9.760880519921011356e+00,9.000000000000000000e+01,1.356718925617813321e-01,0.000000000000000000e+00,1.397328684362124209e-19,2.501297394805399835e-04,-2.748851536390422564e-22
1.128950000133871254e+04,4.211898313322466669e-22,1.039996877450226975e+01,-2.223405293932696804e+05,1.236354891388365189e+02,-1.483988698538923381e-14,3.982371568355375757e+02,4.757832117742791245e-05,2.933185187501706499e-21,-9.760888297411353776e+00,9.000000000000000000e+01,1.381555876832496477e-01,0.000000000000000000e+00,1.395850357794933094e-19,2.591967072046402298e-04,-2.802747038908453483e-22
1.129950000134074980e+04,4.214708394127807515e-22,1.041158934372824696e+01,-2.263561820165282115e+05,1.240296094517185139e+02,-1.481380389158731152e-14,4.055211151546260453e+02,1.134924648917706724e-05,7.128558792787238169e-22,-9.760763346070177704e+00,9.000000000000000000e+01,1.406865843015646100e-01,0.000000000000000000e+00,1.394342102980622005e-19,1.932132096412635450e-04,-2.857789964979880329e-22
1.130950000134278707e+04,4.217575495601395059e-22,1.042325797397484521e+01,-2.304452947057252750e+05,1.244305918026177693e+02,-1.478723276048192043e-14,4.129427723740550391e+02,-5.254786517309290028e-06,-3.025696305691036054e-22,-9.760937791109565609e+00,9.000000000000000000e+01,1.432654784712479590e-01,0.000000000000000000e+00,1.392803239807025272e-19,2.968305331401508308e-04,-2.914039029929472905e-22
1.131950000134482434e+04,4.220500914091406468e-22,1.043497564173006964e+01,-2.346092565948925912e+05,1.248385514556505456e+02,-1.476016396127592936e-14,4.205048920250261517e+02,2.617863662791181101e-05,1.622063653453666910e-21,-9.760765973466998702e+00,9.000000000000000000e+01,1.458933588988133856e-01,0.000000000000000000e+00,1.391233073414630421e-19,2.045088521375542593e-04,-2.971488663413312332e-22
1.132950000134686161e+04,4.223485980721845194e-22,1.044674334574052743e+01,-2.388494847109913826e+05,1.252536051068909302e+02,-1.473258763694982067e-14,4.282102988191723512e+02,4.467924686894428343e-05,2.754723731440337004e-21,-9.760828448473144903e+00,9.000000000000000000e+01,1.485714140005022776e-01,0.000000000000000000e+00,1.389630887622662581e-19,2.449337326117893973e-04,-3.030194942515403944e-22
1.133950000134889888e+04,4.226532062488324113e-22,1.045856210761266425e+01,-2.431674245911473408e+05,1.256758741190168962e+02,-1.470449371749114322e-14,4.360618800000805777e+02,-1.495924473169166213e-05,-8.959670090624876382e-22,-9.760995051000993072e+00,9.000000000000000000e+01,1.513004628239779104e-01,0.000000000000000000e+00,1.387995947098079069e-19,3.444140791247337014e-04,-3.090187447500523845e-22
1.134950000135093615e+04,4.229640563379133547e-22,1.047043297243021165e+01,-2.475645509166531265e+05,1.261054789820167201e+02,-1.467587190674721137e-14,4.440625872573938864e+02,1.392214467100388875e-05,8.715326998304456792e-22,-9.761000258597720247e+00,9.000000000000000000e+01,1.540817232937773951e-01,0.000000000000000000e+00,1.386327498712132572e-19,3.526258589761373631e-04,-3.151480411373349368e-22
1.135950000135297341e+04,4.232812925697686515e-22,1.048235700939449799e+01,-2.520423681620182469e+05,1.265425458738312869e+02,-1.464671169266629918e-14,4.522154379874669416e+02,-1.838009561780720724e-05,-1.105320545405118675e-21,-9.760935169028142511e+00,9.000000000000000000e+01,1.569159182886842308e-01,0.000000000000000000e+00,1.384624766016500731e-19,3.211468133933058529e-04,-3.214120497319131512e-22
1.136950000135501068e+04,4.236050631225265551e-22,1.049433531248381968e+01,-2.566024112606421113e+05,1.269871966428608800e+02,-1.461700231112632638e-14,4.605235175749126597e+02,2.482721364989101676e-05,1.539243946427257571e-21,-9.760942995694920299e+00,9.000000000000000000e+01,1.598046324875250224e-01,0.000000000000000000e+00,1.382886952701992708e-19,3.310602044722646322e-04,-3.278137881419663858e-22
1.137950000135704795e+04,4.239355202628601018e-22,1.050636900113695482e+01,-2.612462462884867564e+05,1.274395609848969571e+02,-1.458673278718037818e-14,4.689899804094114302e+02,4.160894059562075809e-06,2.740651511361298952e-22,-9.761057520966767598e+00,9.000000000000000000e+01,1.627486588583305915e-01,0.000000000000000000e+00,1.381113239782689873e-19,4.014945971337748965e-04,-3.343577774705940483e-22
1.138950000135908522e+04,4.242728204771119072e-22,1.051845922095763264e+01,-2.659754711645692587e+05,1.278997697255329911e+02,-1.455589187485582345e-14,4.776180521070637610e+02,2.143418683852801876e-05,1.332618972200005625e-21,-9.760883150302532840e+00,9.000000000000000000e+01,1.657489852110056727e-01,0.000000000000000000e+00,1.379302785797083660e-19,3.084855097953045477e-04,-3.410459401280120990e-22
1.139950000136112249e+04,4.246171246124056799e-22,1.053060714444506019e+01,-2.707917163698961958e+05,1.283679493416184982e+02,-1.452446809534314372e-14,4.864110316244220371e+02,3.601910766993718371e-05,2.224414834807644484e-21,-9.760885743181603402e+00,9.000000000000000000e+01,1.688073419386907636e-01,0.000000000000000000e+00,1.377454725756181265e-19,3.157835350197961345e-04,-3.478833097683454077e-22
1.140950000136315975e+04,4.249685980335746705e-22,1.054281397174612778e+01,-2.756966456848466769e+05,1.288442377401476335e+02,-1.449244970837512235e-14,4.953722923019490736e+02,3.791489539120562746e-06,2.518140077697620176e-22,-9.760820631285797688e+00,9.000000000000000000e+01,1.719243571998413100e-01,0.000000000000000000e+00,1.375568169861098471e-19,2.848717045744233447e-04,-3.548737374878072332e-22
1.141950000136519702e+04,4.253274107676571047e-22,1.055508093143658144e+01,-2.806919569461923093e+05,1.293287668015630345e+02,-1.445982470669986104e-14,5.045052848014108804e+02,1.454807769021501662e-05,9.098712018078099923e-22,-9.760763374828217209e+00,9.000000000000000000e+01,1.751016397349179909e-01,0.000000000000000000e+00,1.373642204413936640e-19,2.585315595577982579e-04,-3.620207830565740933e-22
1.142950000136723429e+04,4.256937376716448696e-22,1.056740928132728641e+01,-2.857793828237615526e+05,1.298216729222597223e+02,-1.442658080951271123e-14,5.138135385393119350e+02,-9.028895471160230946e-06,-5.345014255146299014e-22,-9.761054890205484114e+00,9.000000000000000000e+01,1.783405203604398193e-01,0.000000000000000000e+00,1.371675887451205527e-19,4.297770113195830766e-04,-3.693302237926018158e-22
1.143950000136927156e+04,4.260677585957784867e-22,1.057980030929937953e+01,-2.909606916173845530e+05,1.303230999513362747e+02,-1.439270546003070992e-14,5.233006636048152131e+02,-1.262471426424424670e-05,-7.540345881450219404e-22,-9.760995008555346075e+00,9.000000000000000000e+01,1.816417504003665362e-01,0.000000000000000000e+00,1.369668251791629087e-19,4.022082085010024151e-04,-3.768039640388668519e-22
1.144950000137130883e+04,4.264496585597471328e-22,1.059225533416721809e+01,-2.962376880751485005e+05,1.308331862698148882e+02,-1.435818582012631544e-14,5.329703536271736084e+02,-4.103992965287517336e-05,-2.492647244214029372e-21,-9.760989747087714719e+00,9.000000000000000000e+01,1.850069443642778921e-01,0.000000000000000000e+00,1.367618301566567267e-19,4.056962605095593317e-04,-3.844478635173075272e-22
1.145950000137334609e+04,4.268396279298573612e-22,1.060477570657317159e+01,-3.016122142331916839e+05,1.313520733427980076e+02,-1.432300875023816522e-14,5.428263875258428470e+02,1.562367248082729976e-05,9.755463836767883893e-22,-9.760763376021850846e+00,9.000000000000000000e+01,1.884376264329829243e-01,0.000000000000000000e+00,1.365525013060399155e-19,2.841390754426838228e-04,-3.922646468242921259e-22
1.146950000137538336e+04,4.272378626187598427e-22,1.061736280991341808e+01,-3.070861502783522010e+05,1.318799090554990698e+02,-1.428716081415745462e-14,5.528726315991117417e+02,4.748118398435752230e-05,2.926832563210246459e-21,-9.760591636364935653e+00,9.000000000000000000e+01,1.919348753245268824e-01,0.000000000000000000e+00,1.363387330442814849e-19,1.936516567998997117e-04,-4.002612133575403822e-22
1.147950000137742063e+04,4.276445642724266942e-22,1.063001806129757121e+01,-3.126614154331935570e+05,1.324168359362304273e+02,-1.425062826998297767e-14,5.631130425351860822e+02,-8.703664888344564421e-06,-5.136595245019561042e-22,-9.760817986370176058e+00,9.000000000000000000e+01,1.955005684675919786e-01,0.000000000000000000e+00,1.361204167804197445e-19,3.286874367278929234e-04,-4.084431544395014490e-22
1.148950000137945790e+04,4.280599404812791978e-22,1.064274291254108817e+01,-3.183399688655771315e+05,1.329630072563871011e+02,-1.421339704582207818e-14,5.735516689630380824e+02,-8.439021812238489684e-06,-4.976129938959400735e-22,-9.760817982901805578e+00,9.000000000000000000e+01,1.991357322441707767e-01,0.000000000000000000e+00,1.358974408380336329e-19,3.357194087204484387e-04,-4.168132732845502801e-22
1.149950000138149517e+04,4.284842049949957578e-22,1.065553885119571653e+01,-3.241238106223735958e+05,1.335185731795297102e+02,-1.417545274951041312e-14,5.841926547113190509e+02,-1.874837303634385721e-05,-1.128385091717055381e-21,-9.760875225860786486e+00,9.000000000000000000e+01,2.028419514583783001e-01,0.000000000000000000e+00,1.356696900226977742e-19,3.753122159791663962e-04,-4.253780401276586673e-22
1.150950000138353244e+04,4.289175779408779379e-22,1.066840740161480561e+01,-3.300149825885230675e+05,1.340836860841954206e+02,-1.413678065259258112e-14,5.950402411051302352e+02,9.498358355675140530e-06,5.996449097050631952e-22,-9.760643613677858710e+00,9.000000000000000000e+01,2.066208225167131263e-01,0.000000000000000000e+00,1.354370458217825430e-19,2.515230507346177032e-04,-4.341409140671288905e-22
1.151950000138556970e+04,4.293602860690090237e-22,1.068135012606108525e+01,-3.360155694724079221e+05,1.346585025828579205e+02,-1.409736567543548251e-14,6.060987695282261711e+02,3.525471361225801514e-05,2.178567043462144466e-21,-9.760825906505870009e+00,9.000000000000000000e+01,2.104737743444071441e-01,0.000000000000000000e+00,1.351993859703820517e-19,3.622257367585909665e-04,-4.431114308475874408e-22
1.152950000138760697e+04,4.298125629819456195e-22,1.069436862585262915e+01,-3.421276998183783144e+05,1.352431770091530723e+02,-1.405719239836563750e-14,6.173726845177980067e+02,2.368740240066280478e-08,2.101531579548228298e-23,-9.760937736403739962e+00,9.000000000000000000e+01,2.144026606149357916e-01,0.000000000000000000e+00,1.349565846226971909e-19,4.331977254507443100e-04,-4.522922675077326520e-22
1.153950000138964424e+04,4.302746494027453116e-22,1.070746454255263913e+01,-3.483535470467731357e+05,1.358378717469984451e+02,-1.401624502142128343e-14,6.288665360636269952e+02,7.153776536733547076e-06,4.573832553364726740e-22,-9.760820615186775129e+00,9.000000000000000000e+01,2.184088295656066714e-01,0.000000000000000000e+00,1.347085121154581510e-19,3.747144985406659478e-04,-4.616892805043575353e-22
1.154950000139168151e+04,4.307467934340815472e-22,1.072063955920399714e+01,-3.546953305226648226e+05,1.364427473388349483e+02,-1.397450737131001756e-14,6.405849830723029754e+02,7.399374771670241824e-06,4.735669424598071228e-22,-9.760820614215706570e+00,9.000000000000000000e+01,2.224940329388426508e-01,0.000000000000000000e+00,1.344550346261929498e-19,3.827097088331205747e-04,-4.713102992157857314e-22
1.155950000139371878e+04,4.312292508376399273e-22,1.073389540160906463e+01,-3.611553166548414156e+05,1.370579647459895796e+02,-1.393196288788403244e-14,6.525327962732912965e+02,-6.646311901871426731e-06,-3.867933099304185145e-22,-9.760817959561643775e+00,9.000000000000000000e+01,2.266602000735659928e-01,0.000000000000000000e+00,1.341960142276350735e-19,3.893772980262847445e-04,-4.811606417102707048e-22
1.156950000139575604e+04,4.317222853271995114e-22,1.074723383966058776e+01,-3.677358200247064233e+05,1.376836894209138507e+02,-1.388859461376738856e-14,6.647148611215409346e+02,5.454253340238246484e-05,3.358947453499690117e-21,-9.760888457729128831e+00,9.000000000000000000e+01,2.309090732017049785e-01,0.000000000000000000e+00,1.339313087915275617e-19,4.376398418879737522e-04,-4.912474262038193250e-22
1.157950000139779331e+04,4.322261688730380821e-22,1.076065668872174896e+01,-3.744392045473987237e+05,1.383200925848574343e+02,-1.384438518989130779e-14,6.771361809517258052e+02,6.871162575493305891e-05,4.226263124281804636e-21,-9.760654243151975606e+00,9.000000000000000000e+01,2.352421102869302894e-01,0.000000000000000000e+00,1.336607715345056503e-19,3.135721243834241052e-04,-5.015763696960338779e-22
1.158950000139983058e+04,4.327411820178100465e-22,1.077416581105991611e+01,-3.812678846652302891e+05,1.389673393666614061e+02,-1.379931682679494032e-14,6.898018809795672723e+02,1.542424997014180121e-05,9.636999658313039067e-22,-9.760703496904394427e+00,9.000000000000000000e+01,2.396615231452605688e-01,0.000000000000000000e+00,1.333842510447405677e-19,3.501795595654973408e-04,-5.121568776777142076e-22
1.159950000140186785e+04,4.332676142106878530e-22,1.078776311733697746e+01,-3.882243265750044957e+05,1.396256016437054939e+02,-1.375337130429371335e-14,7.027172110319958165e+02,1.689717470075569050e-06,1.238204734182741502e-22,-9.760937724007371585e+00,9.000000000000000000e+01,2.441691503688969977e-01,0.000000000000000000e+00,1.331015912513371826e-19,4.917038007366962603e-04,-5.229959803811482533e-22
1.160950000140390512e+04,4.338057641538717705e-22,1.080145056815652538e+01,-3.953110494902236387e+05,1.402950523611503684e+02,-1.370652995394025678e-14,7.158875494231809853e+02,-1.600288654821091505e-05,-9.605082744724480538e-22,-9.760875167006075159e+00,9.000000000000000000e+01,2.487669552101258175e-01,0.000000000000000000e+00,1.328126308649071102e-19,4.654013619694443793e-04,-5.340988573913167012e-22
1.161950000140594238e+04,4.343559401754048808e-22,1.081523017567414868e+01,-4.025306269394354895e+05,1.409758676450657617e+02,-1.365877364300818243e-14,7.293184065199214956e+02,1.648569021195367412e-05,1.029260470634963657e-21,-9.760940385649021778e+00,9.000000000000000000e+01,2.534568556419662388e-01,0.000000000000000000e+00,1.325172034268641172e-19,5.116433803037767451e-04,-5.454758598193139277e-22
1.162950000140797965e+04,4.349184606016832890e-22,1.082910400527046058e+01,-4.098856881013112143e+05,1.416682238588896610e+02,-1.361008277592548684e-14,7.430154286904444234e+02,9.475008879572532905e-06,5.996977642165591810e-22,-9.760820607344740552e+00,9.000000000000000000e+01,2.582409401384500591e-01,0.000000000000000000e+00,1.322151369811702832e-19,4.533580305960875721e-04,-5.571335685623195280e-22
1.163950000141001692e+04,4.354936541648808663e-22,1.084307417729148781e+01,-4.173789191789561883e+05,1.423722982352323072e+02,-1.356043726306238290e-14,7.569844022137710908e+02,-4.564508472949813100e-06,-2.602170972264599874e-22,-9.760817934798524220e+00,9.000000000000000000e+01,2.631214290069137096e-01,0.000000000000000000e+00,1.319062539902401254e-19,4.615873345209136388e-04,-5.690818628596548539e-22
1.164950000141205419e+04,4.360818604221040168e-22,1.085714286886087976e+01,-4.250130648133009672e+05,1.430882727933431511e+02,-1.350981650243644792e-14,7.712312571315588912e+02,2.876426698307510410e-06,1.964978261050164967e-22,-9.760937712835504598e+00,9.000000000000000000e+01,2.681003789772904433e-01,0.000000000000000000e+00,1.315903709298248455e-19,5.393630647381948999e-04,-5.813299275058407399e-22
1.165950000141409146e+04,4.366834301890549591e-22,1.087131231576340085e+01,-4.327909295380264521e+05,1.438163264292813608e+02,-1.345819939462019677e-14,7.857620718509642757e+02,-7.566357203531159925e-06,-4.438635557540784790e-22,-9.760994925740090977e+00,9.000000000000000000e+01,2.731802420570428880e-01,0.000000000000000000e+00,1.312672982677747394e-19,5.819439140629775655e-04,-5.938855370645393421e-22
1.166950000141612873e+04,4.372987260131786411e-22,1.088558481440790082e+01,-4.407153792767487466e+05,1.445566493385656486e+02,-1.340556428150856718e-14,8.005830767445908123e+02,2.837599080549035868e-05,1.758122163409191519e-21,-9.760883195415418712e+00,9.000000000000000000e+01,2.783628534876195770e-01,0.000000000000000000e+00,1.309368399641050262e-19,5.291097505675920656e-04,-6.067587407322331173e-22
1.167950000141816599e+04,4.379281226461661420e-22,1.089996272387085696e+01,-4.487893428846346214e+05,1.453094215076803550e+02,-1.335188897260749955e-14,8.157006597707999163e+02,4.291480340539582938e-05,2.648156220551304405e-21,-9.760648970246441181e+00,9.000000000000000000e+01,2.836509531901399428e-01,0.000000000000000000e+00,1.305987933537909500e-19,4.071638434041374276e-04,-6.199589647056880509e-22
1.168950000142020326e+04,4.385720075612506151e-22,1.091444846802501267e+01,-4.570158137344792485e+05,1.460748271703074010e+02,-1.329715070318917630e-14,8.311213703560893009e+02,5.752528279355517693e-05,3.541278246106788094e-21,-9.760651657937357228e+00,9.000000000000000000e+01,2.890471377136717424e-01,0.000000000000000000e+00,1.302529488788317560e-19,4.195926278058889711e-04,-6.334978820443740593e-22
1.169950000142224053e+04,4.392307814876302788e-22,1.092904453775888562e+01,-4.653978513512499630e+05,1.468530572269827417e+02,-1.324132611567738150e-14,8.468519240726099042e+02,-6.637620256225162940e-06,-3.877373069174057181e-22,-9.760994912035528159e+00,9.000000000000000000e+01,2.945537124919268557e-01,0.000000000000000000e+00,1.298990895679284085e-19,6.250867263315477073e-04,-6.473872291713045157e-22
1.170950000142427780e+04,4.399048589644579323e-22,1.094375349328795721e+01,-4.739385830937949941e+05,1.476443088195106554e+02,-1.318439124120742283e-14,8.628992076361835188e+02,4.302945793274726149e-06,2.840649174296640791e-22,-9.760937702551398587e+00,9.000000000000000000e+01,3.001727492160406463e-01,0.000000000000000000e+00,1.295369911320241367e-19,6.041166373161090944e-04,-6.616355045934565502e-22
1.171950000142631507e+04,4.405946689283369523e-22,1.095857796656809136e+01,-4.826412058883272111e+05,1.484487616128563161e+02,-1.312632151234392308e-14,8.792702853015208575e+02,5.116064004640624718e-05,3.151162950512617049e-21,-9.760768777460430812e+00,9.000000000000000000e+01,3.059076227668860448e-01,0.000000000000000000e+00,1.291664214400229222e-19,5.201652481658770128e-04,-6.762541233880350259e-22
1.172950000142835233e+04,4.413006553542268615e-22,1.097352066380925173e+01,-4.915089880128279328e+05,1.492666152821879564e+02,-1.306709168857140405e-14,8.959724022177107372e+02,1.261466697023705397e-06,9.698720132155598048e-23,-9.760877804305527761e+00,9.000000000000000000e+01,3.117605539107153323e-01,0.000000000000000000e+00,1.287871397505342142e-19,5.938516953459248857e-04,-6.912582619395031196e-22
1.173950000143038960e+04,4.420232778781317444e-22,1.098858436810252748e+01,-5.005452709359703586e+05,1.500980579470502221e+02,-1.300667588081851904e-14,9.130129916015089293e+02,-2.355680967537632231e-05,-1.423387086298742062e-21,-9.760932303311433245e+00,9.000000000000000000e+01,3.177346512269953460e-01,0.000000000000000000e+00,1.283988972425783099e-19,6.369492689549111205e-04,-7.066580942838972633e-22
1.174950000143242687e+04,4.427630125074857143e-22,1.100377194215984744e+01,-5.097534712121551856e+05,1.509432913586804546e+02,-1.294504749483383951e-14,9.303996791250536944e+02,-1.768049113969050179e-06,-8.780813266070731749e-23,-9.760817903948273866e+00,9.000000000000000000e+01,3.238323164705265156e-01,0.000000000000000000e+00,1.280014358459092259e-19,5.847148357788109182e-04,-7.224671538366432113e-22
1.175950000143446414e+04,4.435203523258522783e-22,1.101908633117469627e+01,-5.191370824336847290e+05,1.518025041534652928e+02,-1.288217923825931684e-14,9.481402902355597462e+02,9.272022995825135450e-06,5.889020594070661489e-22,-9.760760703704660202e+00,9.000000000000000000e+01,3.300568989148490728e-01,0.000000000000000000e+00,1.275944881749642092e-19,5.651626236180329940e-04,-7.386993709194864373e-22
1.176950000143650141e+04,4.442958082598119616e-22,1.103453056581236424e+01,-5.286996772431507707e+05,1.526758904117775444e+02,-1.281804308018797427e-14,9.662428552980519498e+02,2.733980028451349353e-05,1.694559951066977789e-21,-9.760823301343608094e+00,9.000000000000000000e+01,3.364115262455052990e-01,0.000000000000000000e+00,1.271777771225167373e-19,6.137418274053672070e-04,-7.553690607013254219e-22
1.177950000143853867e+04,4.450899098838073974e-22,1.105010776533316985e+01,-5.384449094081539661e+05,1.535636493367762228e+02,-1.275261023872716141e-14,9.847156159473800017e+02,1.330209402937432284e-05,8.337879125126992475e-22,-9.760820597789015451e+00,9.000000000000000000e+01,3.428991333778497186e-01,0.000000000000000000e+00,1.267510153802025605e-19,6.256670041362017961e-04,-7.724905352841894646e-22
1.178950000144057594e+04,4.459032062620630373e-22,1.106582114085877322e+01,-5.483765159599622712e+05,1.544659816477457071e+02,-1.268585112677098231e-14,1.003567031878300213e+03,-8.103354930580342064e-06,-4.753495744625951651e-22,-9.760934984379684209e+00,9.000000000000000000e+01,3.495227146151136943e-01,0.000000000000000000e+00,1.263139048307753187e-19,7.042089809961827283e-04,-7.900806458614096976e-22
1.179950000144261321e+04,4.467362668278455218e-22,1.108167399878571224e+01,-5.584983193983575329e+05,1.553830809712824532e+02,-1.261773535348055041e-14,1.022805788087347651e+03,-1.481230164769586910e-05,-8.859503928228922639e-22,-9.760815182910260290e+00,9.000000000000000000e+01,3.562857771638500148e-01,0.000000000000000000e+00,1.258661362726265540e-19,6.505001501669138795e-04,-8.081533224137724052e-22
1.180950000144465048e+04,4.475896823361032987e-22,1.109766974436016973e+01,-5.688142299664355814e+05,1.563151407127641619e+02,-1.254823169272152010e-14,1.042440801566585833e+03,2.836272182230731298e-05,1.756690588998768171e-21,-9.760823309311314588e+00,9.000000000000000000e+01,3.631919209878247123e-01,0.000000000000000000e+00,1.254073888596964661e-19,6.695636958687366290e-04,-8.267267854999236030e-22
1.181950000144668775e+04,4.484640658525261585e-22,1.111381188541576570e+01,-5.793282479959288612e+05,1.572623637185328676e+02,-1.247730803815077866e-14,1.062481228122748007e+03,2.861080073607302765e-05,1.772186905604730638e-21,-9.760823311356922716e+00,9.000000000000000000e+01,3.702443237976927870e-01,0.000000000000000000e+00,1.249373292381750680e-19,6.843836657075560255e-04,-8.458186496599548870e-22
1.182950000144872502e+04,4.493600537893627392e-22,1.113010403628973499e+01,-5.900444663273440674e+05,1.582249421742987181e+02,-1.240493139268665824e-14,1.082936471007917589e+03,-1.058377088888895479e-05,-6.281028827023343558e-22,-9.760875061962487109e+00,9.000000000000000000e+01,3.774468279647473778e-01,0.000000000000000000e+00,1.244556114378311564e-19,7.288681500884168756e-04,-8.654470788106186408e-22
1.183950000145076228e+04,4.502783070213297265e-22,1.114654992192372340e+01,-6.009670728065315634e+05,1.592030757329366395e+02,-1.233106781292033923e-14,1.103816187846375669e+03,3.942955765293132409e-06,2.618541313093684398e-22,-9.760877782187186824e+00,9.000000000000000000e+01,3.848029594697195965e-01,0.000000000000000000e+00,1.239618760089664376e-19,7.459720997803991321e-04,-8.856311324265204907e-22
1.184950000145279955e+04,4.512195120453739524e-22,1.116315338216065456e+01,-6.121003528611687943e+05,1.601969553793015280e+02,-1.225568240194188441e-14,1.125130299618531126e+03,2.190818401240357538e-05,1.361774763406581256e-21,-9.760940401449989423e+00,9.000000000000000000e+01,3.923167581998596165e-01,0.000000000000000000e+00,1.234557493551589475e-19,7.973779675605226344e-04,-9.063909960977706989e-22
1.185950000145483682e+04,4.521843822204828382e-22,1.117991837625049989e+01,-6.234486921597728506e+05,1.612067780501124048e+02,-1.217873924748647114e-14,1.146888998374977291e+03,3.303081878471003652e-05,2.042707322193615550e-21,-9.760883221978348345e+00,9.000000000000000000e+01,3.999920226599961715e-01,0.000000000000000000e+00,1.229368429979658927e-19,7.813614536625288235e-04,-9.277470595353356645e-22
1.186950000145687409e+04,4.531736590721695015e-22,1.119684898757430247e+01,-6.350165793565344065e+05,1.622327347333285843e+02,-1.210020140775609957e-14,1.169102756619622141e+03,2.987608842952571564e-05,1.849436637501836415e-21,-9.760823321925263585e+00,9.000000000000000000e+01,4.078328985526271655e-01,0.000000000000000000e+00,1.224047530242215990e-19,7.642193924616740627e-04,-9.497216806158298510e-22
1.187950000145891136e+04,4.541881136728424196e-22,1.121394942860188770e+01,-6.468086089250333607e+05,1.632750111975435061e+02,-1.202003086624215659e-14,1.191782336382389758e+03,4.950808626488778508e-06,3.218212573592187899e-22,-9.760877709740977792e+00,9.000000000000000000e+01,4.158438175764145872e-01,0.000000000000000000e+00,1.218590592471042337e-19,8.122096591920662098e-04,-9.723380207217475537e-22
1.188950000146094862e+04,4.552285481147598473e-22,1.123122404609522640e+01,-6.588294840841218829e+05,1.643338083550380588e+02,-1.193818848143344735e-14,1.214938797619341585e+03,1.608222128347824853e-05,1.004973727236477719e-21,-9.760820597763473216e+00,9.000000000000000000e+01,4.240285180703212142e-01,0.000000000000000000e+00,1.212993243565465734e-19,7.975155285720606294e-04,-9.956199217451862877e-22
1.189950000146298589e+04,4.562957970394531046e-22,1.124867732656939978e+01,-6.710840198201276362e+05,1.654092989993247897e+02,-1.185463394899210712e-14,1.238583510273342654e+03,-2.318314889544759172e-05,-1.399257954787691799e-21,-9.760872309597063534e+00,9.000000000000000000e+01,4.323921091532693661e-01,0.000000000000000000e+00,1.207250928556160588e-19,8.448882038005592387e-04,-1.019592629219721679e-21
1.190950000146502316e+04,4.573907293071690131e-22,1.126631390204583738e+01,-6.835771460075573996e+05,1.665016736439110332e+02,-1.176932577429042184e-14,1.262728162059388524e+03,5.273568006727846758e-05,3.249746748738368390e-21,-9.760708987279313575e+00,9.000000000000000000e+01,4.409388502230451867e-01,0.000000000000000000e+00,1.201358907745274628e-19,7.709892659150278721e-04,-1.044281568605523781e-21
1.191950000146706043e+04,4.585142497240997301e-22,1.128413855607492700e+01,-6.963139106340920553e+05,1.676111027589793707e+02,-1.168222120728368499e-14,1.287384771018041192e+03,-7.923128175768567871e-07,-2.898522478671767441e-23,-9.760757956896430443e+00,9.000000000000000000e+01,4.496739245510915084e-01,0.000000000000000000e+00,1.195312236940896608e-19,8.177662535827516293e-04,-1.069715621759541695e-21
1.192950000146909770e+04,4.596673009053045029e-22,1.130215623008728620e+01,-7.092994831321015954e+05,1.687377703254489063e+02,-1.159327618615435004e-14,1.312565694769153424e+03,3.138325885949921901e-05,1.941546384206680378e-21,-9.760823327945454153e+00,9.000000000000000000e+01,4.586018930984435138e-01,0.000000000000000000e+00,1.189105766983910212e-19,8.743312424912636155e-04,-1.095923595979759232e-21
1.193950000147113496e+04,4.608508652279817059e-22,1.132037203007018533e+01,-7.225391578214336187e+05,1.698818448839403459e+02,-1.150244532554704410e-14,1.338283643386114136e+03,3.495684983634284038e-05,2.160857763384127674e-21,-9.760883243986791413e+00,9.000000000000000000e+01,4.677279648003888068e-01,0.000000000000000000e+00,1.182734127001196608e-19,9.283269217654840791e-04,-1.122935525460846604e-21
1.194950000147317223e+04,4.620659669248636599e-22,1.133879123359799301e+01,-7.360383574687307701e+05,1.710434922988905839e+02,-1.140968182171362294e-14,1.364551690624492494e+03,-1.865514901620846100e-05,-1.121352679592163181e-21,-9.760932185247925830e+00,9.000000000000000000e+01,4.770574277776708505e-01,0.000000000000000000e+00,1.176191713540524742e-19,9.766457807528995585e-04,-1.150783301639314082e-21
1.195950000147520950e+04,4.633136743036852891e-22,1.135741929723400823e+01,-7.498026369656650349e+05,1.722228736904560265e+02,-1.131493740258654602e-14,1.391383286341993426e+03,1.781992963748035841e-05,1.112028651214929505e-21,-9.760820597793017583e+00,9.000000000000000000e+01,4.865957218918617322e-01,0.000000000000000000e+00,1.169472679883698485e-19,9.346356632644097157e-04,-1.179499732209371981e-21
1.196950000147724677e+04,4.645951021097863312e-22,1.137626186433223729e+01,-7.638376871331967413e+05,1.734201396875394892e+02,-1.121816230566936152e-14,1.418792269563636637e+03,-1.819256721982687175e-05,-1.093020120594079993e-21,-9.760932173867136186e+00,9.000000000000000000e+01,4.963486310552096548e-01,0.000000000000000000e+00,1.162570920348262896e-19,1.019544256339509347e-03,-1.209121605862372022e-21
1.197950000147928404e+04,4.659114140362202203e-22,1.139532477326034510e+01,-7.781493386546196416e+05,1.746354422748411537e+02,-1.111930515646489470e-14,1.446792881235667664e+03,3.919545949039593413e-05,2.421125150207872683e-21,-9.760943164010022599e+00,9.000000000000000000e+01,5.063218185234835689e-01,0.000000000000000000e+00,1.155480058214500607e-19,1.048099688005200590e-03,-1.239684730328375139e-21
1.198950000148132131e+04,4.672638253993233919e-22,1.141461406607612261e+01,-7.927435661445250735e+05,1.758689166835292212e+02,-1.101831296843154180e-14,1.475399778931314131e+03,-1.771559697996694105e-05,-1.064784266237830725e-21,-9.760932158510094325e+00,9.000000000000000000e+01,5.165214988384277950e-01,0.000000000000000000e+00,1.148193428402241342e-19,1.064816905755263006e-03,-1.271228091334268726e-21
1.199950000148335857e+04,4.686536060027268653e-22,1.143413599768248545e+01,-8.076264923572633415e+05,1.771207060095261170e+02,-1.091513100100578833e-14,1.504628050052468552e+03,1.880419127286980796e-05,1.173062597231148858e-21,-9.760820598188875152e+00,9.000000000000000000e+01,5.269534918070892804e-01,0.000000000000000000e+00,1.140704063691536856e-19,1.025241162508496546e-03,-1.303793148417075216e-21
1.200950000148539584e+04,4.700820831544543353e-22,1.145389704549636889e+01,-8.228043925417689607e+05,1.783909174278655314e+02,-1.080970277419381177e-14,1.534493228939990104e+03,-3.000633812769160080e-06,-1.615961737127576810e-22,-9.760934907005529126e+00,9.000000000000000000e+01,5.376248406481447528e-01,0.000000000000000000e+00,1.133004676958072829e-19,1.114201171729429498e-03,-1.337423513255165872e-21
1.201950000148743311e+04,4.715506449341030196e-22,1.147390391966406753e+01,-8.382836989476699382e+05,1.796796702215278003e+02,-1.070196989851287714e-14,1.565011310092736039e+03,2.254971232588942609e-05,1.402678801727674374e-21,-9.760880509035395391e+00,9.000000000000000000e+01,5.485419905069115476e-01,0.000000000000000000e+00,1.125087640839132381e-19,1.108330314901191747e-03,-1.372163298308281377e-21
1.202950000148947038e+04,4.730607436532855588e-22,1.149416357386159504e+01,-8.540710054897842929e+05,1.809870613526356067e+02,-1.059187208345095831e-14,1.596198766034722667e+03,3.950617250864096874e-06,2.638151572871614817e-22,-9.761054722506900205e+00,9.000000000000000000e+01,5.597120264556980640e-01,0.000000000000000000e+00,1.116944971440612250e-19,1.232596494363187188e-03,-1.408062071218786270e-21
1.203950000149150765e+04,4.746138995545575248e-22,1.151468321671891992e+01,-8.701730725767202675e+05,1.823131875258720811e+02,-1.047934697745830981e-14,1.628072563130468552e+03,-3.735277623106991740e-05,-2.265946312192943824e-21,-9.760809548432698435e+00,9.000000000000000000e+01,5.711418766523916890e-01,0.000000000000000000e+00,1.108568303846554076e-19,1.120159065557011771e-03,-1.445167877138332498e-21
1.204950000149354491e+04,4.762117047802862059e-22,1.153547032391212745e+01,-8.865968321101088077e+05,1.836581194382957278e+02,-1.036433012037981060e-14,1.660650180391100093e+03,2.002737161077572381e-05,1.248440749366780407e-21,-9.760820598792733449e+00,9.000000000000000000e+01,5.828391896470549449e-01,0.000000000000000000e+00,1.099948873442503045e-19,1.153545301864922776e-03,-1.483536942977437859e-21
1.205950000149558218e+04,4.778558275901796110e-22,1.155653265097046400e+01,-9.033493926623323932e+05,1.850219124587957253e+02,-1.024675485572390316e-14,1.693949627204262242e+03,-4.148113109253559472e-07,-5.034862877115416313e-24,-9.760698006398941473e+00,9.000000000000000000e+01,5.948118973328737624e-01,0.000000000000000000e+00,1.091077488123160843e-19,1.112059249082835832e-03,-1.523223451782567019e-21
1.206950000149761945e+04,4.795480169353783620e-22,1.157787824684863232e+01,-9.204380448390711099e+05,1.864046215999715912e+02,-1.012655218521913298e-14,1.727989461662104759e+03,-4.770489450103831963e-05,-2.898977502183013038e-21,-9.760866645158852606e+00,9.000000000000000000e+01,6.070677118713856402e-01,0.000000000000000000e+00,1.081944503843369583e-19,1.236274733906419674e-03,-1.564289631580106758e-21
1.207950000149965672e+04,4.812901072718856672e-22,1.159951546831894653e+01,-9.378702668350040913e+05,1.878062662274911361e+02,-1.000365070641428386e-14,1.762788812094774585e+03,4.934522134224239576e-05,3.042754335780053914e-21,-9.760826142434185115e+00,9.000000000000000000e+01,6.196152678834051519e-01,0.000000000000000000e+00,1.072539801020846063e-19,1.242935671077234931e-03,-1.606795472978193616e-21
1.208950000150169399e+04,4.830840238278235005e-22,1.162145299524460462e+01,-9.556537301906300709e+05,1.892268601673108037e+02,-9.877976500686049717e-15,1.798367396230184795e+03,5.182134099113167025e-06,3.399468867228983487e-22,-9.761054708402111757e+00,9.000000000000000000e+01,6.324630705317567658e-01,0.000000000000000000e+00,1.062852746649396960e-19,1.402815405639294471e-03,-1.650810262582081204e-21
1.209950000150373126e+04,4.849317881560420093e-22,1.164369984679537318e+01,-9.737963057581055909e+05,1.906663914852175310e+02,-9.749452965309093992e-15,1.834745543748344517e+03,2.442624039623864096e-05,1.517715759579993506e-21,-9.760880512232475326e+00,9.000000000000000000e+01,6.456201607274421050e-01,0.000000000000000000e+00,1.052872170327651218e-19,1.335589506117685179e-03,-1.696401345845057346e-21
1.210950000150576852e+04,4.868355241858140142e-22,1.166626539867962720e+01,-9.923060698854969814e+05,1.921248256457060108e+02,-9.618000743881330902e-15,1.871944218503224647e+03,-2.932233741724521447e-05,-1.772553054706717166e-21,-9.760929316402011224e+00,9.000000000000000000e+01,6.590959347103344523e-01,0.000000000000000000e+00,1.042586324424685808e-19,1.395571995793216512e-03,-1.743646305262131752e-21
1.211950000150780579e+04,4.887974646509566527e-22,1.168915940146626475e+01,-1.011191310827977024e+06,1.936021044031167548e+02,-9.483537554096775484e-15,1.909985041983732344e+03,3.284320735923162982e-05,2.033620810160612624e-21,-9.760763464721947003e+00,9.000000000000000000e+01,6.729001575902000543e-01,0.000000000000000000e+00,1.031982852596599877e-19,1.335020837147553666e-03,-1.792622323700287612e-21
1.212950000150984306e+04,4.908199580775877348e-22,1.171239200008008652e+01,-1.030460535396821797e+06,1.950981407559607987e+02,-9.345978078825203898e-15,1.948890317905368192e+03,2.510456379277437033e-05,1.560235657166569282e-21,-9.760880516095710391e+00,9.000000000000000000e+01,6.870430558949357502e-01,0.000000000000000000e+00,1.021048743896270341e-19,1.435671074693408485e-03,-1.843415579509540687e-21
1.213950000151188033e+04,4.929054762464713910e-22,1.173597375456258618e+01,-1.050122475854404271e+06,1.966128243115007592e+02,-9.205233780543145725e-15,1.988683057397034645e+03,1.419536796082310204e-05,8.921388451312734048e-22,-9.760937648184947690e+00,9.000000000000000000e+01,7.015351298627301446e-01,0.000000000000000000e+00,1.009770295071576601e-19,1.503475317926013417e-03,-1.896113832052384028e-21
1.214950000151391760e+04,4.950566222881897881e-22,1.175991566219235551e+01,-1.070186097067898139e+06,1.981460143562715643e+02,-9.061212762235984296e-15,2.029387005835370019e+03,2.066785034324225556e-05,1.289241541121160219e-21,-9.761057481487211973e+00,9.000000000000000000e+01,7.163873084610015152e-01,0.000000000000000000e+00,9.981330624446254429e-20,1.607900440107501005e-03,-1.950812554585922456e-21
1.215950000151595486e+04,4.972761393681997271e-22,1.178422918107810524e+01,-1.090660603930858895e+06,1.996975336535015799e+02,-8.913819591202733852e-15,2.071026670808520521e+03,-4.249757869764780871e-05,-2.579019450220476809e-21,-9.760926486840199701e+00,9.000000000000000000e+01,7.316110774758073365e-01,0.000000000000000000e+00,9.861218111187781129e-20,1.571488189734753091e-03,-2.007611065715510459e-21
1.216950000151799213e+04,4.995669201201709529e-22,1.180892625533690143e+01,-1.111555449065982364e+06,2.012671718916635939e+02,-8.762955101067899942e-15,2.113627350831075091e+03,-1.373045060176769638e-05,-8.165422121084916338e-22,-9.760932060599420979e+00,9.000000000000000000e+01,7.472183346033560714e-01,0.000000000000000000e+00,9.737204636877740694e-20,1.613614218472251768e-03,-2.066618414982239674e-21
1.217950000152002940e+04,5.019320167735649390e-22,1.183401934198829686e+01,-1.132880340819408186e+06,2.028546696385179473e+02,-8.608516240841147782e-15,2.157215166203177887e+03,-2.311911909136377119e-06,-1.181699582926272359e-22,-9.760874901929565084e+00,9.000000000000000000e+01,7.632217525231733690e-01,0.000000000000000000e+00,9.609120404776273516e-20,1.621496374070393199e-03,-2.127947579411020205e-21
1.218950000152206667e+04,5.043746521843356373e-22,1.185952143970437689e+01,-1.154645251561656594e+06,2.044597410161831590e+02,-8.450395801223740378e-15,2.201817089446929913e+03,2.646860452665267260e-05,1.644009499259785639e-21,-9.760880497514861531e+00,9.000000000000000000e+01,7.796341365467139850e-01,0.000000000000000000e+00,9.476785942278457271e-20,1.666235053811904220e-03,-2.191721022893448298e-21
1.219950000152410394e+04,5.068982317150311614e-22,1.188544611956827879e+01,-1.176860426305944100e+06,2.060820500241261755e+02,-8.288482258942611359e-15,2.247460979230356315e+03,3.787720934222971181e-05,2.343294322282129705e-21,-9.760823391288916184e+00,9.000000000000000000e+01,7.964689845372457944e-01,0.000000000000000000e+00,9.340011465494511758e-20,1.676861730172109167e-03,-2.258068137798658820e-21
1.220950000152614120e+04,5.095063561438889938e-22,1.191180755801197577e+01,-1.199536391660559922e+06,2.077211986619395248e+02,-8.122659511824528211e-15,2.294175615249330349e+03,-1.286319599622109955e-05,-7.633379731524868377e-22,-9.760932037372379355e+00,9.000000000000000000e+01,8.137407240121602436e-01,0.000000000000000000e+00,9.198596114129212199e-20,1.782778692375094811e-03,-2.327128069302556511e-21
1.221950000152817847e+04,5.122028356791761214e-22,1.193862057211627459e+01,-1.222683965127766132e+06,2.093767563053030472e+02,-7.952806586369884346e-15,2.341990732733483583e+03,5.261000017425798703e-05,3.246123131481378730e-21,-9.760826206854549270e+00,9.000000000000000000e+01,8.314639137443868844e-01,0.000000000000000000e+00,9.052327136400456525e-20,1.768784049361351186e-03,-2.399047586593497430e-21
1.222950000153021574e+04,5.149917051633507284e-22,1.196590065747931675e+01,-1.246314264766529202e+06,2.110482158575401854e+02,-7.778797444857393445e-15,2.390937061886058018e+03,4.978613914444207644e-05,3.073083038137113825e-21,-9.760766290122496969e+00,9.000000000000000000e+01,8.496542491205624215e-01,0.000000000000000000e+00,8.900979019974944391e-20,1.782368481941875400e-03,-2.473985759748715876e-21
1.223950000153225301e+04,5.178772406313603737e-22,1.199366402887587491e+01,-1.270438719233898446e+06,2.127350217860378052e+02,-7.600500631262796144e-15,2.441046365781280656e+03,5.063700786012148569e-06,3.367809051390490176e-22,-9.760994749105293522e+00,9.000000000000000000e+01,8.683278135881239423e-01,0.000000000000000000e+00,8.744312547861772565e-20,1.960876660482952904e-03,-2.552113210537086477e-21
1.224950000153429028e+04,5.208639772751694841e-22,1.202192766395474166e+01,-1.295069078223515302e+06,2.144365326321944281e+02,-7.417778974448619158e-15,2.492351483005757473e+03,5.291499740711635980e-06,3.488775617531170520e-22,-9.760994745722124222e+00,9.000000000000000000e+01,8.875018955545445065e-01,0.000000000000000000e+00,8.582073765495928544e-20,2.011777599439509064e-03,-2.633608714515933903e-21
1.225950000153632755e+04,5.239567291539168354e-22,1.205070935025098855e+01,-1.320217423317581415e+06,2.161520764792123828e+02,-7.230489257439261074e-15,2.544886367928139862e+03,5.047632604535112755e-05,3.116739254831928128e-21,-9.760766301629580255e+00,9.000000000000000000e+01,9.071936170669598898e-01,0.000000000000000000e+00,8.413992822348227084e-20,1.935167023686566387e-03,-2.718667874545865574e-21
1.226950000153836481e+04,5.271606105268531410e-22,1.208002773580685485e+01,-1.345896179272553883e+06,2.178808466600745533e+02,-7.038481862108858306e-15,2.598686140202935348e+03,5.372080047427729710e-05,3.315959003199684449e-21,-9.760826228526314097e+00,9.000000000000000000e+01,9.274222513098516751e-01,0.000000000000000000e+00,8.239782752880377401e-20,2.023728272681960157e-03,-2.807500775163020907e-21
1.227950000154040208e+04,5.304810593071384614e-22,1.210990238374453121e+01,-1.372118125757777132e+06,2.196219847493838984e+02,-6.841600365973742010e-15,2.653787127839035747e+03,-2.569741426730609568e-05,-1.546980366797169778e-21,-9.760929178174176712e+00,9.000000000000000000e+01,9.482072219582411421e-01,0.000000000000000000e+00,8.059138125639705146e-20,2.138651010222017770e-03,-2.900330981244476179e-21
1.228950000154243935e+04,5.339238626486872444e-22,1.214035383115325928e+01,-1.398896409567122348e+06,2.213745447950522589e+02,-6.639681110835002606e-15,2.710226917850653990e+03,3.988734508808544632e-05,2.469170088125076846e-21,-9.760823417611581121e+00,9.000000000000000000e+01,9.695688529094386165e-01,0.000000000000000000e+00,7.871733581382386823e-20,2.137516311780593859e-03,-2.997399098754774850e-21
1.229950000154447662e+04,5.374951849839578294e-22,1.217140365270584113e+01,-1.426244557326736860e+06,2.231374650729560472e+02,-6.432552790765551901e-15,2.768044408778060188e+03,-2.829832107825724918e-05,-1.704863397990291092e-21,-9.760869236592213838e+00,9.000000000000000000e+01,9.915288563411688294e-01,0.000000000000000000e+00,7.677222148599243184e-20,2.224410485321283611e-03,-3.098966249801160486e-21
1.230950000154651389e+04,5.412015987635241234e-22,1.220307452945956683e+01,-1.454176488721078262e+06,2.249095768879934099e+02,-6.220035902611780351e-15,2.827279864028981137e+03,-2.510293726540324677e-05,-1.509327347928913435e-21,-9.760929152368568396e+00,9.000000000000000000e+01,1.014110043092908198e+00,0.000000000000000000e+00,7.475233539197797697e-20,2.321611515068612228e-03,-3.205311769901716458e-21
1.231950000154855115e+04,5.450501182558951338e-22,1.223539032334850951e+01,-1.482706530261559412e+06,2.266896137627115877e+02,-6.001942269516243915e-15,2.887974967681942417e+03,-1.063955220592660567e-05,-6.228896278601144298e-22,-9.760931969594739854e+00,9.000000000000000000e+01,1.037336023322332546e+00,0.000000000000000000e+00,7.265372143599406272e-20,2.388933926099692795e-03,-3.316737914266144962e-21
1.232950000155058842e+04,5.490482366596160571e-22,1.226837615793489711e+01,-1.511849429622781463e+06,2.284761666871590364e+02,-5.778074433721043898e-15,2.950172885378034607e+03,3.236569553974333324e-05,2.011497533238342349e-21,-9.760940447804850706e+00,9.000000000000000000e+01,1.061232021210759324e+00,0.000000000000000000e+00,7.047214892110489722e-20,2.462039661128055581e-03,-3.433571282365863352e-21
1.233950000155262569e+04,5.532039670069228232e-22,1.230205850605288909e+01,-1.541620370573707856e+06,2.302676850178734185e+02,-5.548225039521044616e-15,3.013918325969822945e+03,-1.854612552698586825e-06,-8.547822606530250183e-23,-9.760814934029959034e+00,9.000000000000000000e+01,1.085824710788894532e+00,0.000000000000000000e+00,6.820308861755268190e-20,2.462003290488397160e-03,-3.556164209729243075e-21
1.234950000155466296e+04,5.575258873386636966e-22,1.233646528504945472e+01,-1.572034988531240262e+06,2.320625054375843206e+02,-5.312176144780693685e-15,3.079257604966772760e+03,4.190797494696418823e-06,2.874263308306160905e-22,-9.760934782265897169e+00,9.000000000000000000e+01,1.111141555309748563e+00,0.000000000000000000e+00,6.584168684410292374e-20,2.603746829768835772e-03,-3.684901111195749852e-21
1.235950000155670023e+04,5.620231904270510996e-22,1.237162596041770612e+01,-1.603109386765703559e+06,2.338587556145693327e+02,-5.069698514610194435e-15,3.146238716427838426e+03,3.000494020782840110e-05,1.867623488265728769e-21,-9.760880520388809600e+00,9.000000000000000000e+01,1.137212502222509025e+00,0.000000000000000000e+00,6.338273655143169326e-20,2.649945040303395508e-03,-3.820194421642648868e-21
1.236950000155873749e+04,5.667057390438551478e-22,1.240757165870932255e+01,-1.634860153289477341e+06,2.356544325266665965e+02,-4.820550781565633764e-15,3.214911400708754172e+03,4.563753660813407720e-06,3.109657151335562070e-22,-9.760934772824409578e+00,9.000000000000000000e+01,1.164068376148511108e+00,0.000000000000000000e+00,6.082064474408485396e-20,2.760778755203389598e-03,-3.962495737424034768e-21
1.237950000156077476e+04,5.715841269675950483e-22,1.244433529073010369e+01,-1.667304378461108543e+06,2.374473219752990758e+02,-4.564478574672503438e-15,3.285327222409977367e+03,1.837601086018825214e-06,1.440076874608814422e-22,-9.760874839616722198e+00,9.000000000000000000e+01,1.191742232955320446e+00,0.000000000000000000e+00,5.814939745097289720e-20,2.810350634066388024e-03,-4.112293462815826857e-21
1.238950000156281203e+04,5.766697468751624038e-22,1.248195168614087969e+01,-1.700459673339479603e+06,2.392350208260523914e+02,-4.301213572677118285e-15,3.357539647605769460e+03,-1.225072871718912992e-05,-7.177854627016991144e-22,-9.760871997915261389e+00,9.000000000000000000e+01,1.220268795724214650e+00,0.000000000000000000e+00,5.536251989045388664e-20,2.895828824398037279e-03,-4.270121129832067031e-21
1.239950000156484930e+04,5.819748657235279755e-22,1.252045774073863882e+01,-1.734344188823572360e+06,2.410148955423131838e+02,-4.030472441705144688e-15,3.431604127609545230e+03,4.212638217429565124e-05,2.612276060919104443e-21,-9.760823431436604025e+00,9.000000000000000000e+01,1.249685036898378065e+00,0.000000000000000000e+00,5.245303278434634382e-20,2.959217995844188893e-03,-4.436559176750321363e-21
1.240950000156688657e+04,5.875127087921364832e-22,1.255989257785441104e+01,-1.768976635615921579e+06,2.427840766246385726e+02,-3.751955697039112668e-15,3.507578185272358496e+03,1.665813309231767292e-05,1.053452362453615431e-21,-9.760877645477783915e+00,9.000000000000000000e+01,1.280030100883823962e+00,0.000000000000000000e+00,4.941340295805934458e-20,3.084826229190014771e-03,-4.612242345226253509e-21
1.241950000156892384e+04,5.932975534321431125e-22,1.260029772549631133e+01,-1.804376305049772374e+06,2.445394457551014114e+02,-3.465346412551176217e-15,3.585521505902690933e+03,5.676550557418003073e-05,3.510251958478183812e-21,-9.760826280697436630e+00,9.000000000000000000e+01,1.311345371048771247e+00,0.000000000000000000e+00,4.623548914783421687e-20,3.154940117253133159e-03,-4.797863440151348023e-21
1.242950000157096110e+04,5.993448338883301217e-22,1.264171731108899266e+01,-1.840563090821720660e+06,2.462775799372209065e+02,-3.170308852047570764e-15,3.665496034383198548e+03,3.982668028235103463e-05,2.472742454197619572e-21,-9.760763501491343419e+00,9.000000000000000000e+01,1.343675198807537274e+00,0.000000000000000000e+00,4.291048021514064708e-20,3.223141455675899471e-03,-4.994182309876256430e-21
1.243950000157299837e+04,6.056712587931040116e-22,1.268419827591473137e+01,-1.877557511673262343e+06,2.479947816742943019e+02,-2.866486925508864513e-15,3.747566073616828817e+03,2.287723502603089543e-05,1.436250160444091799e-21,-9.760700716639822971e+00,9.000000000000000000e+01,1.377066243836071679e+00,0.000000000000000000e+00,3.942882706360491286e-20,3.296182192066296826e-03,-5.202032447709537716e-21
1.244950000157503564e+04,6.122949429600136848e-22,1.272779061165625336e+01,-1.915380735068141483e+06,2.496869854739657626e+02,-2.553502497074635277e-15,3.831798392911039173e+03,-1.120986705288595786e-05,-6.492990879584136652e-22,-9.760871941020871745e+00,9.000000000000000000e+01,1.411568759693785813e+00,0.000000000000000000e+00,3.578016527693425562e-20,3.506868287397370883e-03,-5.422330111956322457e-21
1.245950000157707291e+04,6.192355557348138069e-22,1.277254762178687209e+01,-1.954054601913761348e+06,2.513497877207896636e+02,-2.230953493818727983e-15,3.918262336777532710e+03,2.892392388756381827e-05,1.808723612061366588e-21,-9.760820572763945435e+00,9.000000000000000000e+01,1.447235931873458448e+00,0.000000000000000000e+00,3.195322846964181475e-20,3.597038277510569964e-03,-5.656081905881814905e-21
1.246950000157911018e+04,6.265144882553910238e-22,1.281852621095553779e+01,-1.993601652377406135e+06,2.529783705820888144e+02,-1.898411854888388487e-15,4.007029943460599497e+03,3.178076623344683327e-05,1.985097391747456800e-21,-9.761177303432921448e+00,9.000000000000000000e+01,1.484124825339442566e+00,0.000000000000000000e+00,2.793575017948489887e-20,3.924135863288119412e-03,-5.904401423876836571e-21
1.247950000158114744e+04,6.341550423803365399e-22,1.286578720597582048e+01,-2.034045152850818820e+06,2.545675373704378899e+02,-1.555421208505365081e-15,4.098176065107450995e+03,2.922438248759151591e-05,1.830366583179106317e-21,-9.760820565629670043e+00,9.000000000000000000e+01,1.522295684989953157e+00,0.000000000000000000e+00,2.371435384245845293e-20,3.853591406279773240e-03,-6.168513775206436745e-21
1.248950000158318471e+04,6.421826447457575920e-22,1.291439571258673169e+01,-2.075409124118702486e+06,2.561115232362622010e+02,-1.201494295030639891e-15,4.191778502661183666e+03,6.467141930810438311e-06,4.375874325462086573e-22,-9.760934698980133106e+00,9.000000000000000000e+01,1.561814426150768487e+00,0.000000000000000000e+00,1.927442683009181765e-20,4.056369723672724817e-03,-6.449782058454566845e-21
1.249950000158522198e+04,6.506250898313652653e-22,1.296442151278839638e+01,-2.117718370790421963e+06,2.576041419965064279e+02,-8.361100997610501603e-16,4.287918134640010067e+03,9.387254055970295497e-06,6.180336472536598812e-22,-9.760994624453378066e+00,9.000000000000000000e+01,1.602750338158874799e+00,0.000000000000000000e+00,1.459997846055164160e-20,4.235684607827435930e-03,-6.749713400561921519e-21
1.250950000158725925e+04,6.595128165713886216e-22,1.301593950832301161e+01,-2.160998512055525556e+06,2.590386196160407621e+02,-4.587106609046694258e-16,4.386679064666917839e+03,5.260162751191677089e-05,3.266104324076995439e-21,-9.760706421657879162e+00,9.000000000000000000e+01,1.645178216494495693e+00,0.000000000000000000e+00,9.673477906711373202e-21,4.225667919753522267e-03,-7.069984007624423627e-21
1.251950000158929652e+04,6.688792241250710567e-22,1.306903021676310850e+01,-2.205276013827022631e+06,2.604075095804159332e+02,-6.869747857020003429e-17,4.488148773080723004e+03,-3.319840466997625583e-05,-1.986686083701084371e-21,-9.760985993612100842e+00,9.000000000000000000e+01,1.689179222292561677e+00,0.000000000000000000e+00,4.475668847067271164e-21,4.545449457902087792e-03,-7.412464690752179657e-21
1.252950000159133378e+04,6.787610332810569236e-22,1.312378032774450887e+01,-2.250578222339309752e+06,2.617027904828509008e+02,3.345725750967125337e-16,4.592418269832557598e+03,6.928725441279759423e-06,4.716058445431380543e-22,-9.760934662995865096e+00,9.000000000000000000e+01,1.734839416022525116e+00,0.000000000000000000e+00,-1.014641876112119867e-21,4.686887426926657045e-03,-7.779239574647716759e-21
1.253950000159337105e+04,6.891987011998921598e-22,1.318028332814302495e+01,-2.296933399270024616e+06,2.629156383951535645e+02,7.517917285131242187e-16,4.699582267141282500e+03,4.430876590555410388e-05,2.761389954896745304e-21,-9.760823406715061878e+00,9.000000000000000000e+01,1.782252491419478835e+00,0.000000000000000000e+00,-6.820827875452128086e-21,4.804109807311475466e-03,-8.172644887960203775e-21
1.254950000159540832e+04,7.002368989596104378e-22,1.323864020651827111e+01,-2.344370758457314689e+06,2.640364501182476715e+02,1.183706510144599286e-15,4.809739351812149835e+03,7.076323688348651331e-06,4.854558490231000578e-22,-9.760934694238352805e+00,9.000000000000000000e+01,1.831519262860314967e+00,0.000000000000000000e+00,-1.296872327821812634e-20,5.057825972696750570e-03,-8.595301986049983125e-21
1.255950000159744559e+04,7.119250628100205773e-22,1.329896024896520501e+01,-2.392920504287326708e+06,2.650546749893863989e+02,1.631123520574191071e-15,4.922992173238508258e+03,-2.133283714167433232e-05,-1.253846564437978098e-21,-9.760928868527319224e+00,9.000000000000000000e+01,1.882749516992537453e+00,0.000000000000000000e+00,-1.948694490649701643e-20,5.256610927394183251e-03,-9.050159040035999631e-21
1.256950000159948286e+04,7.243180332221722457e-22,1.336136194070583727e+01,-2.442613871827547904e+06,2.659588785277030638e+02,2.094916101143146662e-15,5.039447633126291294e+03,2.485750400549324723e-05,1.576492837005824384e-21,-9.760700634254760644e+00,9.000000000000000000e+01,1.936061106126945708e+00,0.000000000000000000e+00,-2.640726832252137146e-20,5.341820376303868002e-03,-9.540541918004364039e-21
1.257950000160152013e+04,7.374767973177582157e-22,1.342597399041005524e+01,-2.493483168785162270e+06,2.667364543580941927e+02,2.576031800761766534e-15,5.159217097028381431e+03,1.884407808172561261e-05,1.211342677524571625e-21,-9.760877549697527300e+00,9.000000000000000000e+01,1.991583177095399781e+00,0.000000000000000000e+00,-3.376506232530427756e-20,5.669826643959874346e-03,-1.007021552681777364e-20
1.258950000160355739e+04,7.514693552765266203e-22,1.349293649744518930e+01,-2.545561819368920289e+06,2.673736603787452850e+02,3.075501016140864244e-15,5.282416605623804571e+03,-3.816173485127194454e-05,-2.276435880811208271e-21,-9.760865997495862700e+00,9.000000000000000000e+01,2.049455616181231843e+00,0.000000000000000000e+00,-4.159979651456039895e-20,5.905754132718247888e-03,-1.064344897211634484e-20
1.259950000160559466e+04,7.663717348407666593e-22,1.356240228618977284e+01,-2.598884410135454033e+06,2.678554062909583990e+02,3.594446863575901391e-15,5.409167105294483008e+03,-1.846119880771768251e-05,-1.066895236262586385e-21,-9.760988729417571008e+00,9.000000000000000000e+01,2.109831377033347888e+00,0.000000000000000000e+00,-4.995563597147946947e-20,6.233675390031478622e-03,-1.126510384030269027e-20
1.260950000160763193e+04,7.822691838411729740e-22,1.363453843635089413e+01,-2.653486737899310887e+06,2.681651621138711334e+02,4.134096498288832609e-15,5.539594686357252613e+03,1.894662777945921306e-05,1.225967163577826175e-21,-9.760877505025684187e+00,9.000000000000000000e+01,2.172877451271188587e+00,0.000000000000000000e+00,-5.888213956263110004e-20,6.446619354278785782e-03,-1.194073055472264038e-20
1.261950000160966920e+04,7.992575779174304033e-22,1.370952804415365378e+01,-2.709405859784887638e+06,2.682847665697053117e+02,4.695794225323607068e-15,5.673830836664564231e+03,-9.567817316646909376e-06,-5.171468564680081266e-22,-9.760871699064511020e+00,9.000000000000000000e+01,2.238776981999777149e+00,0.000000000000000000e+00,-6.843508395243242251e-20,6.738422615891050821e-03,-1.267669085540107973e-20
1.262950000161170647e+04,8.174450892036984590e-22,1.378757225660537067e+01,-2.766680145495476667e+06,2.681942753167094224e+02,5.281016714878693479e-15,5.812012706688245999e+03,1.358842193377451935e-05,9.041244771657177946e-22,-9.760757587947773928e+00,9.000000000000000000e+01,2.307731009109891041e+00,0.000000000000000000e+00,-7.867743958389116897e-20,6.990002132162219037e-03,-1.348030015218802884e-20
1.263950000161374373e+04,8.369541735259756053e-22,1.386889263015996399e+01,-2.825349331867716741e+06,2.678717159318222230e+02,5.891390609178938934e-15,5.954283390579707884e+03,1.091224392074652272e-05,7.435448106519513049e-22,-9.760697624706970998e+00,9.000000000000000000e+01,2.379961231871446703e+00,0.000000000000000000e+00,-8.968053222520052534e-20,7.295502493758323007e-03,-1.436000462129651764e-20
1.264950000161578100e+04,8.579239481534780836e-22,1.395373387652974451e+01,-2.885454579772811383e+06,2.672928949530558498e+02,6.528713195531462451e-15,6.100792219472423312e+03,-2.127726784284522665e-05,-1.222929250894911689e-21,-9.760928656687777760e+00,9.000000000000000000e+01,2.455712366763338483e+00,0.000000000000000000e+00,-1.015254316782219420e-19,7.791483313065033188e-03,-1.532559395460307774e-20
1.265950000161781827e+04,8.805130510714955111e-22,1.404236707277196317e+01,-2.947038533412655350e+06,2.664311413984996193e+02,7.194976596511895942e-15,6.251695070872840915e+03,1.876068693623667016e-05,1.233143709604995138e-21,-9.760877389898713119e+00,9.000000000000000000e+01,2.535255299928174999e+00,0.000000000000000000e+00,-1.143046192997498837e-19,8.156187312945642129e-03,-1.638846270396277916e-20
1.266950000161985554e+04,9.049030978671634470e-22,1.413509343098237814e+01,-3.010145382040021941e+06,2.652569424516769914e+02,7.892396262156798667e-15,6.407154695504549636e+03,1.865275680912326095e-05,1.231097751799147018e-21,-9.760877300800427037e+00,9.000000000000000000e+01,2.618891431404031689e+00,0.000000000000000000e+00,-1.281240026195939852e-19,8.581636910678092089e-03,-1.756193543413369211e-20
1.267950000162189281e+04,9.313028844648410625e-22,1.423224874615881141e+01,-3.074820924109174870e+06,2.637376901709539538e+02,8.623444789037938654e-15,6.567341056073242726e+03,1.848474993637605479e-05,1.227565290437302683e-21,-9.760877320603484009e+00,9.000000000000000000e+01,2.706956268465922300e+00,0.000000000000000000e+00,-1.431053604976100876e-19,9.042626442787736821e-03,-1.886166430722284652e-20
1.268950000162393007e+04,9.599535270230301908e-22,1.433420867061577475e+01,-3.141112633826714009e+06,2.618371546076400591e+02,9.390892094675878604e-15,6.732431688095148274e+03,4.420948066619079242e-05,2.808098725791719981e-21,-9.760823155953843866e+00,9.000000000000000000e+01,2.799825838167630199e+00,0.000000000000000000e+00,-1.593893287503102415e-19,9.512699340925533792e-03,-2.030613282017168622e-20
1.269950000162596734e+04,9.911347884906690310e-22,1.444139500191247727e+01,-3.209069730027579702e+06,2.595151490559415492e+02,1.019785347277260943e-14,6.902612070648273402e+03,2.331020605095268650e-05,1.534872194531815027e-21,-9.760997114247206952e+00,9.000000000000000000e+01,2.897921834128679208e+00,0.000000000000000000e+00,-1.771390683985926353e-19,1.015665353676538374e-02,-2.191728048975403550e-20
1.270950000162800461e+04,1.025172917340876878e-21,1.455428322155422016e+01,-3.278743247235064395e+06,2.567269849082418887e+02,1.104784753683636829e-14,7.078076017134314498e+03,9.388761432749248570e-07,1.738765092284725526e-22,-9.760814316658148471e+00,9.000000000000000000e+01,3.001719290656969186e+00,0.000000000000000000e+00,-1.965448018303121710e-19,1.064915271952844925e-02,-2.372129982762519175e-20
1.271950000163004188e+04,1.062450430389680284e-21,1.467341158784804023e+01,-3.350186108678503428e+06,2.534226661247961374e+02,1.194486621791874696e-14,7.259026085303835316e+03,8.390936397928427937e-06,6.387366993881508086e-22,-9.760994077820084769e+00,9.000000000000000000e+01,3.111757128056444888e+00,0.000000000000000000e+00,-2.178294598036257515e-19,1.140423325476564061e-02,-2.574965429906208048e-20
1.272950000163207915e+04,1.103418415624447197e-21,1.479939217402193741e+01,-3.423453200921530835e+06,2.495464198281853783e+02,1.289346012877088475e-14,7.445673992058803378e+03,-2.052583740641544807e-05,-1.122673070155104646e-21,-9.760988162059906159e+00,9.000000000000000000e+01,3.228647019883958968e+00,0.000000000000000000e+00,-2.412557646854096245e-19,1.211952073516210475e-02,-2.804038064911691553e-20
1.273950000163411642e+04,1.148612130770513983e-21,1.493292436013819469e+01,-3.498601449593013152e+06,2.450356485219932665e+02,1.389884330271576356e-14,7.638241051230809717e+03,2.176212188886861298e-05,1.477401863989080238e-21,-9.760996828620642773e+00,9.000000000000000000e+01,3.353088387094818934e+00,0.000000000000000000e+00,-2.671351846993483231e-19,1.291789649521542585e-02,-3.063978688053579321e-20
1.274950000163615368e+04,1.198670955237397134e-21,1.507481144619444535e+01,-3.575689895488395356e+06,2.398199992992555281e+02,1.496702254462187404e-14,7.836958615360107615e+03,2.262703067001936574e-05,1.543470817946539905e-21,-9.760699923439586811e+00,9.000000000000000000e+01,3.485884260265879941e+00,0.000000000000000000e+00,-2.958393479542069921e-19,1.362945305010954469e-02,-3.360467387622046440e-20
1.275950000163819095e+04,1.254364152075319604e-21,1.522598127097827714e+01,-3.654779770000744611e+06,2.338199537867560593e+02,1.610495861003003109e-14,8.042068528628832610e+03,1.289837981544028622e-05,9.594146619539984960e-22,-9.760816721459672607e+00,9.000000000000000000e+01,3.627963271289090130e+00,0.000000000000000000e+00,-3.278147242897318812e-19,1.467505820528021247e-02,-3.700527973711681009e-20
1.276950000164022822e+04,1.316624472829806035e-21,1.538751202164853460e+01,-3.735934568409831729e+06,2.269457477005951205e+02,1.732076862156074501e-14,8.253823569237614720e+03,-1.383877314176107376e-05,-6.604530318398778022e-22,-9.760870667778913656e+00,9.000000000000000000e+01,3.780402633264040357e+00,0.000000000000000000e+00,-3.636016953912237230e-19,1.580144714478196738e-02,-4.092920956347620541e-20
1.277950000164226549e+04,1.386592475865307672e-21,1.556066483975709502e+01,-3.819220118951918557e+06,2.190951509313243832e+02,1.862398257101630024e-14,8.472487896748443745e+03,2.049979084484121472e-06,3.311451589578768302e-22,-9.760933370911407891e+00,9.000000000000000000e+01,3.944463961129806684e+00,0.000000000000000000e+00,-4.038595803701671247e-19,1.706936816198881268e-02,-4.548678131043197547e-20
1.278950000164430276e+04,1.465675678440425411e-21,1.574692542670154616e+01,-3.904704644730982371e+06,2.101515855872055454e+02,2.002587169753470182e-14,8.698337464128095235e+03,9.862001607574555351e-07,2.872385532388173184e-22,-9.760933132361916620e+00,9.000000000000000000e+01,4.121632827646420694e+00,0.000000000000000000e+00,-4.493998580954681308e-19,1.846314072792080291e-02,-5.081833517897745005e-20
1.279950000164634002e+04,1.555628537427549228e-21,1.594805771200997668e+01,-3.992458814289212227e+06,1.999813645892681961e+02,2.153987324506520615e-14,8.931660394400296354e+03,-2.778534822334144394e-06,8.103683318421299376e-23,-9.760872854912246765e+00,9.000000000000000000e+01,4.313673130569511294e+00,0.000000000000000000e+00,-5.012308059722694724e-19,2.001542280010117428e-02,-5.710441913942721241e-20
1.280950000164837729e+04,1.658662140582154800e-21,1.616617390692604772e+01,-4.082555774841263425e+06,1.884304186833916219e+02,2.318214631770607502e-14,9.172757285525358384e+03,2.423331652057214569e-05,1.764773584603114834e-21,-9.760878391247473473e+00,9.000000000000000000e+01,4.522696915997125089e+00,0.000000000000000000e+00,-5.606182898144886556e-19,2.183649487216593812e-02,-6.458017230490954088e-20
1.281950000165041456e+04,1.777597005834198816e-21,1.640382714085414051e+01,-4.175071159481408540e+06,1.753200706916725267e+02,2.497230858746417424e-14,9.421941406059515430e+03,-5.805407914050153551e-05,-3.239662601777099497e-21,-9.760980165868435421e+00,9.000000000000000000e+01,4.751257492365633439e+00,0.000000000000000000e+00,-6.291697628811646285e-19,2.399327807896496981e-02,-7.355599914229485719e-20
1.282950000165245183e+04,1.916079616784431474e-21,1.666413572353686590e+01,-4.270083055602699518e+06,1.604419137238523945e+02,2.693442635076874021e-14,9.679538718071808034e+03,-2.489168135599850729e-05,-1.168236032615374607e-21,-9.760808509983954551e+00,9.000000000000000000e+01,5.002472788337192000e+00,0.000000000000000000e+00,-7.089522078920040191e-19,2.634059404349236785e-02,-8.444780820422497866e-20
1.283950000165448910e+04,2.078895170195135096e-21,1.695095248471607263e+01,-4.367671915490210988e+06,1.435509019801251043e+02,2.909836537860012963e-14,9.945887641912408071e+03,-3.677486438680155345e-05,-1.843523743168467462e-21,-9.760924625830408985e+00,9.000000000000000000e+01,5.280195546561690989e+00,0.000000000000000000e+00,-8.026606854977032766e-19,2.928008181890617151e-02,-9.782217502004585609e-20
1.284950000165652636e+04,2.272428954745413667e-21,1.726909963376652968e+01,-4.467920380155330524e+06,1.243565547869069405e+02,3.150166583759788830e-14,1.022133842075415123e+04,-2.572168017478393409e-05,-1.103789342957028395e-21,-9.760926441433728229e+00,9.000000000000000000e+01,5.589247946347668083e+00,0.000000000000000000e+00,-9.138639424763574092e-19,3.269573105054423418e-02,-1.144653625356043754e-19
1.285950000165856363e+04,2.505363350048944793e-21,1.762470095348958665e+01,-4.570912971480335109e+06,1.025113021479385225e+02,3.419219369600503490e-14,1.050625187340692901e+04,-2.028553681698852529e-05,-6.929593759643598136e-22,-9.760807935951026693e+00,9.000000000000000000e+01,5.935753499919063536e+00,0.000000000000000000e+00,-1.047370182873281412e-18,3.673534789466236655e-02,-1.354914143364951310e-19
1.286950000166060090e+04,2.789759361036042651e-21,1.802566217706618090e+01,-4.676735581132405438e+06,7.759467765600288658e+01,3.723197069394999033e-14,1.080099719560742597e+04,3.315780282786562339e-06,8.536326757439517840e-22,-9.760811637502179394e+00,9.000000000000000000e+01,6.327617521872084261e+00,0.000000000000000000e+00,-1.209785185299885344e-18,4.174535826619669987e-02,-1.625164374177042131e-19
1.287950000166263817e+04,3.142786763961667301e-21,1.848238330106896044e+01,-4.785474639007854275e+06,4.909150377205037330e+01,4.070283954665340693e-14,1.110594825305767881e+04,-3.139165842247493288e-05,-1.140328029495366165e-21,-9.760802537034015458e+00,9.000000000000000000e+01,6.775239743084047639e+00,0.000000000000000000e+00,-1.410387532445005821e-18,4.794541328282980741e-02,-1.979487978809677707e-19
1.288950000166467544e+04,3.589590357405864410e-21,1.900884557931577135e+01,-4.897215762550790794e+06,1.636135050372786282e+01,4.471507397053963090e-14,1.142147742867084708e+04,-3.003830869174883844e-05,-8.807513124468103869e-22,-9.760680783135505578e+00,9.000000000000000000e+01,7.292600580783564546e+00,0.000000000000000000e+00,-1.662544388762763288e-18,5.570975136140412370e-02,-2.454904088404465311e-19
1.289950000166671271e+04,4.168234873447768670e-21,1.962432621326987814e+01,-5.012041537026754580e+06,-2.140606489551851155e+01,4.942087544595382921e-14,1.174794537801544175e+04,-8.553834749913669100e-05,-4.034372998475871400e-21,-9.760961197659863586e+00,9.000000000000000000e+01,7.898976637868754480e+00,0.000000000000000000e+00,-1.986084181374265198e-18,6.597671175954467060e-02,-3.110404742442818763e-19
1.290950000166874997e+04,4.938651923980876369e-21,2.035621005949751705e+01,-5.130027781741993502e+06,-6.525698724713720367e+01,5.503630076975186224e-14,1.208568368531404303e+04,-8.816299095504298577e-05,-3.839821404305839369e-21,-9.760891929478239248e+00,9.000000000000000000e+01,8.621750742923017796e+00,0.000000000000000000e+00,-2.411438136366688120e-18,7.932898563837575967e-02,-4.044077470654238186e-19
1.291950000167078724e+04,5.999771649437375112e-21,2.124481656146637576e+01,-5.251237047673542053e+06,-1.165769470702721264e+02,6.187840332423569164e-14,1.243496459903246432e+04,-6.809740781799078491e-05,-2.067715721395320981e-21,-9.760819690966325624e+00,9.000000000000000000e+01,9.501240086686614461e+00,0.000000000000000000e+00,-2.987218245785993762e-18,9.760660234798590462e-02,-5.427506089913894478e-19
1.292950000167282451e+04,7.524655907933501009e-21,2.235215594094812275e+01,-5.375706744280696847e+06,-1.772575893849621025e+02,7.043130713561261828e-14,1.279594590930470258e+04,-1.119794899895332208e-04,-3.862638370339139473e-21,-9.760777545357564478e+00,9.000000000000000000e+01,1.059945072579475678e+01,0.000000000000000000e+00,-3.794864686492057562e-18,1.236578342190950419e-01,-7.579920388734870974e-19
1.293950000167486178e+04,9.838923687499006237e-21,2.377892253573456216e+01,-5.503426057613098994e+06,-2.499823351357235879e+02,8.147079727949943360e-14,1.316856445411805362e+04,-1.743759328538541098e-04,-6.070349698481243744e-21,-9.760635682417420966e+00,9.000000000000000000e+01,1.201706910293959751e+01,0.000000000000000000e+00,-4.978822294408142309e-18,1.626216772869771288e-01,-1.114229917096084312e-18
1.294950000167689905e+04,1.361567385237310885e-20,2.570038263906814535e+01,-5.634287220395995304e+06,-3.387485073210968949e+02,9.631607992723642834e-14,1.355231353050535654e+04,-2.196863364396506313e-04,-5.510504382249407591e-21,-9.760523269653722522e+00,9.000000000000000000e+01,1.392934587998592377e+01,0.000000000000000000e+00,-6.813401937608503431e-18,2.250408419440418362e-01,-1.753186543623418420e-18
1.295950000167893631e+04,2.043303035211400746e-20,2.845086078600480306e+01,-5.767970672893825918e+06,-4.499037767534005070e+02,1.173812444649067597e-13,1.394572565008177480e+04,-4.109980422142278655e-04,-8.890290084543780766e-21,-9.760220783622910901e+00,9.000000000000000000e+01,1.667057030315341848e+01,0.000000000000000000e+00,-9.862617580327884949e-18,3.343510419709418979e-01,-3.029761532371578787e-18
1.296950000168097358e+04,3.470362875310194091e-20,3.275335193861666738e+01,-5.903630390367599204e+06,-5.944312783691202640e+02,1.494886958014770162e-13,1.434498168292089758e+04,-6.901784781647712919e-04,1.493856348189759907e-21,-9.758437074529791033e+00,9.000000000000000000e+01,2.096364478661717712e+01,0.000000000000000000e+00,-1.537920378185854968e-17,5.516831041133172242e-01,-5.989642251347140106e-18
1.297950000168301085e+04,7.238510670309733041e-20,4.047619317260538452e+01,-6.038825297596143559e+06,-7.936654755998570181e+02,2.030622351359552195e-13,1.473930674341602207e+04,-1.672991430100800869e-03,7.742521291431115955e-20,-9.751350930443940968e+00,9.000000000000000000e+01,2.867660880717647842e+01,0.000000000000000000e+00,-2.605320917847933569e-17,1.075692448094674569e+00,-1.438698364214179906e-17
1.298950000168504812e+04,2.150139385516875054e-19,5.775109423495015193e+01,-6.164588038646255620e+06,-1.094712504903548506e+03,2.967616415750346319e-13,1.509050069647408964e+04,-6.755292095247611428e-03,8.766926173870193164e-19,-9.696969894493193465e+00,9.000000000000000000e+01,4.593997303299656210e+01,0.000000000000000000e+00,-4.034769524253099664e-17,2.703768462424501084e+00,-4.193558916478356567e-17
1.299950000168708539e+04,6.509472692595859117e-19,1.032034473682162741e+02,-6.237830489657791331e+06,-1.573019482768250100e+03,3.798387334468381250e-13,1.522541098598381723e+04,-3.281301014290102791e-02,3.169225902409397723e-18,-9.412280356370136047e+00,9.000000000000000000e+01,9.137793457330194258e+01,0.000000000000000000e+00,1.527095132170700963e-18,6.230040109627915434e+00,-5.630501093238966818e-17
1.300950000168912266e+04,2.589679245875564977e-19,1.534546924673812498e+02,-6.181491557346983813e+06,-2.028014096846674875e+03,3.144629208599242061e-13,1.486175798748536181e+04,-5.276528985574735486e-03,1.193471028426959543e-18,-9.674184816585990276e+00,9.000000000000000000e+01,1.416246927828906053e+02,0.000000000000000000e+00,5.024073741654117912e-17,3.151173594924074450e+00,-3.960963490428591841e-17
1.301950000169115992e+04,8.113566998559236692e-20,1.733006532103300401e+02,-6.061841328346472234e+06,-2.255514143686815260e+03,2.150881969653926449e-13,1.427326567681316010e+04,1.020523404474449336e-03,9.316175930483644108e-20,-9.748600797334528778e+00,9.000000000000000000e+01,1.614644699199793934e+02,0.000000000000000000e+00,3.225135558987301877e-17,1.208532585021620864e+00,-1.073093342953147929e-17
1.302950000169319719e+04,3.695293726235972407e-20,-1.781493866480269332e+02,-5.931853572333048098e+06,-2.362091293205719012e+03,1.573908802127228604e-13,1.365316951046031863e+04,9.793235734696370542e-04,-9.797015277056850734e-21,-9.758015922423926014e+00,9.000000000000000000e+01,1.700062470792580029e+02,0.000000000000000000e+00,1.866876477317859641e-17,6.020376393499630163e-01,-3.245423241608971577e-18
1.303950000169523446e+04,2.106083486256209374e-20,-1.734949136328480677e+02,-5.802687765003748238e+06,-2.409143574251705559e+03,1.233709071200257072e-13,1.303682357748462891e+04,7.084412893795244415e-04,-1.645623536576281607e-20,-9.759914460898047039e+00,9.000000000000000000e+01,1.746519930994415404e+02,0.000000000000000000e+00,1.196380724739853796e-17,3.589655586946773891e-01,-1.096293361394508700e-18
1.304950000169727173e+04,1.373627662304357835e-20,-1.705547239978427285e+02,-5.677243625249689445e+06,-2.422438155290311897e+03,1.014037490805349763e-13,1.243166805791856132e+04,4.923828621254955351e-04,-1.521779032892828203e-20,-9.760414681669820069e+00,9.000000000000000000e+01,1.775832705061498018e+02,0.000000000000000000e+00,8.376026565313884366e-18,2.398071274925636098e-01,-3.428389736073199871e-19
1.305950000169930900e+04,9.789176606333297922e-21,-1.685108461017952948e+02,-5.556507043584420346e+06,-2.414550528451414266e+03,8.613807191501916333e-14,1.183938974187831627e+04,4.063628590471046742e-04,-9.843729672550879679e-21,-9.760637523071853394e+00,9.000000000000000000e+01,1.796181581896726129e+02,0.000000000000000000e+00,6.264294492077631944e-18,1.729776152167064041e-01,-4.011007719977073440e-20
1.306950000170134626e+04,7.426922498799198586e-21,-1.669932669297936911e+02,-5.440856321013636887e+06,-2.392455599429238191e+03,7.493207754405596052e-14,1.126007484236178971e+04,3.333266831961056997e-04,-6.930624945656624145e-21,-9.760676915117317165e+00,9.000000000000000000e+01,-1.788732910894414090e+02,0.000000000000000000e+00,4.922404694066650758e-18,1.317534503902990928e-01,9.173970742785716266e-20
1.307950000170338353e+04,5.904121410357103854e-21,-1.658110247174758172e+02,-5.330432161833589897e+06,-2.360390585453571930e+03,6.636013785580031079e-14,1.069327895717267529e+04,2.773268666885209122e-04,-5.169984605333008368e-21,-9.760786067980577130e+00,9.000000000000000000e+01,-1.777000981694912127e+02,0.000000000000000000e+00,4.017515143868870431e-18,1.046093401235998616e-01,1.510532153110236455e-19
1.308950000170542080e+04,4.867191999712013094e-21,-1.648556610455614759e+02,-5.225269106139206327e+06,-2.321103367903622711e+03,5.959255142826743872e-14,1.013837017897399164e+04,2.337443593694032984e-04,-4.098019620670977030e-21,-9.760753739094933934e+00,9.000000000000000000e+01,-1.767537962352582497e+02,0.000000000000000000e+00,3.378288087478325415e-18,8.570112866634559123e-02,1.770811758778651711e-19
1.309950000170745807e+04,4.131183747162087346e-21,-1.640609541177851440e+02,-5.125350212986228988e+06,-2.276463697642625903e+03,5.411599788782984380e-14,9.594656126555937590e+03,2.057628712175407770e-04,-3.045523496312230669e-21,-9.760830408421702131e+00,9.000000000000000000e+01,-1.759681586458519291e+02,0.000000000000000000e+00,2.909742245386052897e-18,7.209865290568297225e-02,1.870492365668471715e-19
1.310950000170949534e+04,3.591791204114386014e-21,-1.633841182077052565e+02,-5.030632571703447960e+06,-2.227790161391746551e+03,4.959676766164650054e-14,9.061435516819214172e+03,1.830978558379214860e-04,-2.339042677186816454e-21,-9.760841123792658891e+00,9.000000000000000000e+01,-1.753003972323417656e+02,0.000000000000000000e+00,2.555915993829751386e-18,6.193486479923634991e-02,1.890759370337822353e-19
1.311950000171153260e+04,3.186577155064455674e-21,-1.627962231330360794e+02,-4.941060264054553583e+06,-2.176038110379986847e+03,4.580892792953009591e-14,8.538020011016997159e+03,1.372330551921985275e-04,-3.527013548786900987e-21,-9.760842384598959143e+00,9.000000000000000000e+01,-1.747215803962463099e+02,0.000000000000000000e+00,2.282135024061950723e-18,5.416564051842060606e-02,1.871974016125682548e-19
1.312950000171356987e+04,2.876319078598590981e-21,-1.622769599484063008e+02,-4.856571389170597307e+06,-2.121913827580448014e+03,4.259427318481775856e-14,8.023743366837878057e+03,1.214940035739742186e-04,-3.217778362549671313e-21,-9.760787505964085398e+00,9.000000000000000000e+01,-1.742113978267835535e+02,0.000000000000000000e+00,2.065993043669460364e-18,4.807893564377227480e-02,1.834997594535134164e-19
1.313950000171560714e+04,2.635379491011226638e-21,-1.618116141996945316e+02,-4.777102060557390563e+06,-2.065946887966775193e+03,3.983884556878579328e-14,7.517964886138561269e+03,1.250089890676431281e-04,-1.984147866213319443e-21,-9.760794202127028640e+00,9.000000000000000000e+01,-1.737551347582351866e+02,0.000000000000000000e+00,1.892489081648661112e-18,4.328769648227025896e-02,1.790897781232196140e-19
1.314950000171764441e+04,2.446437279300337447e-21,-1.613892312040378556e+02,-4.702588762985792942e+06,-2.008538286939737191e+03,3.745857007863895380e-14,7.020070017448198996e+03,6.388722734507190637e-05,-4.906120922194790077e-21,-9.760904816040369525e+00,9.000000000000000000e+01,-1.733418355492039211e+02,0.000000000000000000e+00,1.751272369285802332e-18,3.950595409113833584e-02,1.745628073955419466e-19
1.315950000171968168e+04,2.297461339994579054e-21,-1.610014586924646380e+02,-4.632969776499341242e+06,-1.949992839892937809e+03,3.539013974632443481e-14,6.529469770884998070e+03,6.903726796725351278e-05,-3.920283454409401970e-21,-9.760849962626915399e+00,9.000000000000000000e+01,-1.729631480933984164e+02,0.000000000000000000e+00,1.635013418554947085e-18,3.636367667355074051e-02,1.702390821752882162e-19
1.316950000172171895e+04,2.179898951735963258e-21,-1.606417913477024797e+02,-4.568186048318491317e+06,-1.890542248705476368e+03,3.358504711518315283e-14,6.045599369046602988e+03,6.559594854338435255e-05,-3.579389141721072951e-21,-9.760911548914457114e+00,9.000000000000000000e+01,-1.726125666216930483e+02,0.000000000000000000e+00,1.538404792618623543e-18,3.386427467749186793e-02,1.662878691541538019e-19
1.317950000172375621e+04,2.087552245837267072e-21,-1.603050627789488090e+02,-4.508181727381004021e+06,-1.830361334977449815e+03,3.200556766025328150e-14,5.567916710619923833e+03,1.059057797232476617e-04,-6.562016862559450387e-22,-9.760981854749488207e+00,9.000000000000000000e+01,-1.722849244926048584e+02,0.000000000000000000e+00,1.457528149422963651e-18,3.183240793578720473e-02,1.627947745973436659e-19
1.318950000172579348e+04,2.015859829394432535e-21,-1.599870947839376925e+02,-4.452904487491227686e+06,-1.769579939681126234e+03,3.062199131024075660e-14,5.095900703777691888e+03,1.099963969732886682e-04,-2.819322490149531516e-23,-9.760806029066783296e+00,9.000000000000000000e+01,-1.719760436696296324e+02,0.000000000000000000e+00,1.389441848301221130e-18,3.003869463114666391e-02,1.597991952838594038e-19
1.319950000172783075e+04,1.961425180664552391e-21,-1.596844494092252944e+02,-4.402305715514353476e+06,-1.708291833138584934e+03,2.941067393997471818e-14,4.629049546808318155e+03,9.278995577566284680e-05,-7.690537649896227868e-22,-9.760803841248705481e+00,9.000000000000000000e+01,-1.716824857913776725e+02,0.000000000000000000e+00,1.331905505784589163e-18,2.865661581096192942e-02,1.573156337860535280e-19
1.320950000172986802e+04,1.921699959211067247e-21,-1.593942498414309057e+02,-4.356340612355253659e+06,-1.646561205232017528e+03,2.835264051073778045e-14,4.166879115480162000e+03,1.330866306916700381e-04,1.958666229928499051e-21,-9.760813602863464666e+00,9.000000000000000000e+01,-1.714013742543704097e+02,0.000000000000000000e+00,1.283191942468115042e-18,2.754573783701666848e-02,1.553460569251228012e-19
1.321950000173190529e+04,1.894767250860729960e-21,-1.591140483629991138e+02,-4.314968237280422822e+06,-1.584427753723462502e+03,2.743256755820848546e-14,3.708921329045020229e+03,9.063126240560492874e-05,-4.284056355875785001e-22,-9.760865039065842907e+00,9.000000000000000000e+01,-1.711302609631696043e+02,0.000000000000000000e+00,1.241956284817123310e-18,2.668537749052930438e-02,1.538871756562049426e-19
1.322950000173394255e+04,1.879190911939521500e-21,-1.588417270713300411e+02,-4.278151515549709089e+06,-1.521910379836666380e+03,2.663803195227470559e-14,3.254722655919378667e+03,7.496855533828394869e-05,-1.215265563678994565e-21,-9.760862463409500478e+00,9.000000000000000000e+01,-1.708670281356493774e+02,0.000000000000000000e+00,1.207143295833875339e-18,2.599249460372911325e-02,1.529347947236333163e-19
1.323950000173597982e+04,1.873909726113550980e-21,-1.585754217452353032e+02,-4.245857222620419227e+06,-1.459010110141831092e+03,2.595894973906777501e-14,2.803842635188490476e+03,7.183592283688255975e-05,-1.270417437882274807e-21,-9.760802872004269659e+00,9.000000000000000000e+01,-1.706098115231143879e+02,0.000000000000000000e+00,1.177920798396401975e-18,2.544322042756964539e-02,1.524865112542289759e-19
1.324950000173801709e+04,1.878162653725897355e-21,-1.583134622490209154e+02,-4.218055953834379092e+06,-1.395712244047897002e+03,2.538715349537677429e-14,2.355852494646441755e+03,1.138475078030776189e-04,1.408345958157613813e-21,-9.760812270001791191e+00,9.000000000000000000e+01,-1.703569410323272848e+02,0.000000000000000000e+00,1.153631266682504293e-18,2.509202791007030323e-02,1.525434448176867031e-19
1.325950000174005436e+04,1.891436232466164827e-21,-1.580543248306761654e+02,-4.194722085607074201e+06,-1.331987967259251036e+03,2.491607218302649307e-14,1.910333824648178052e+03,3.224262880618944394e-05,-3.510484566879611155e-21,-9.760914226034842045e+00,9.000000000000000000e+01,-1.701068928233607664e+02,0.000000000000000000e+00,1.133756300134114906e-18,2.493969214889956570e-02,1.531114617287529393e-19
1.326950000174209163e+04,1.913428223711639714e-21,-1.577965929763296060e+02,-4.175833732166995294e+06,-1.267795492921402683e+03,2.454048840077359725e-14,1.466877327920042717e+03,4.846166677174856829e-05,-2.466269393725980023e-21,-9.760977415218345499e+00,9.000000000000000000e+01,-1.698582503578550700e+02,0.000000000000000000e+00,1.117890409415923330e-18,2.490287111205456705e-02,1.542021330166704788e-19
1.327950000174412889e+04,1.944023605235452113e-21,-1.575389243592757964e+02,-4.161372700511985458e+06,-1.203080840822077789e+03,2.425635510059171399e-14,1.025081626647943722e+03,5.673165083108777651e-05,-1.934907958085234303e-21,-9.760800710024648552e+00,9.000000000000000000e+01,-1.696096713527804241e+02,0.000000000000000000e+00,1.105721671320907843e-18,2.486177109023578885e-02,1.558336169393141622e-19
1.328950000174616616e+04,1.983280374993145366e-21,-1.572800220113342107e+02,-4.151324445243737660e+06,-1.137778295207937390e+03,2.406065930125549274e-14,5.845521274153225022e+02,8.570319886458399594e-05,-1.590403929826580813e-22,-9.760806905210081652e+00,9.000000000000000000e+01,-1.693598588026226537e+02,0.000000000000000000e+00,1.097017563825582543e-18,2.505255852576306411e-02,1.580315771677288355e-19
1.329950000174820343e+04,2.031423605678553563e-21,-1.570186082368405209e+02,-4.145678024177695159e+06,-1.071810570723115234e+03,2.395132375931280411e-14,1.448999511156848996e+02,8.041240752598710628e-05,-5.045927833030940001e-22,-9.761043788767462814e+00,9.000000000000000000e+01,-1.691075349085333528e+02,0.000000000000000000e+00,1.091614813655905811e-18,2.550160298949633725e-02,1.608302864522373856e-19
1.330950000175024070e+04,2.088846922926033765e-21,-1.567534000412775868e+02,-4.144426055001426488e+06,-1.005088718274798794e+03,2.392714046397696893e-14,-2.942590694281597052e+02,7.538376919691280875e-05,-8.594606698930650178e-22,-9.760863935117297885e+00,9.000000000000000000e+01,-1.688514168565171190e+02,0.000000000000000000e+00,1.089412467123421184e-18,2.584409534918901200e-02,1.642739450663190983e-19
1.331950000175227797e+04,2.156121172155541509e-21,-1.564830849922910829e+02,-4.147564672705881763e+06,-9.375117840451403026e+02,2.398773193669540037e-14,-7.333053455792398836e+02,5.229445339405280890e-05,-2.342283024101177523e-21,-9.760977771257861590e+00,9.000000000000000000e+01,-1.685901921935108021e+02,0.000000000000000000e+00,1.090367667297787280e-18,2.648640584988556229e-02,1.684182936605772345e-19
1.332950000175431524e+04,2.234010612293304589e-21,-1.562062964904784792e+02,-4.155093486980239861e+06,-8.689662056615350139e+02,2.413353789486561131e-14,-1.172616408835022867e+03,2.351661173527475057e-05,-4.201604822617186665e-21,-9.760911676907644718e+00,9.000000000000000000e+01,-1.683224940956584419e+02,0.000000000000000000e+00,1.094493801539187434e-18,2.716708918093864791e-02,1.733327751361522005e-19
1.333950000175635250e+04,2.323497490269224611e-21,-1.559215874100818837e+02,-4.167015538192118984e+06,-7.993249674570782872e+02,2.436582662899462200e-14,-1.612567697684000223e+03,6.817933360792061137e-05,-1.588275411896826186e-21,-9.760920797547212757e+00,9.000000000000000000e+01,-1.680468758257152331e+02,0.000000000000000000e+00,1.101860917118091197e-18,2.804004726359666036e-02,1.791031647458170388e-19
1.334950000175838977e+04,2.425816549357079322e-21,-1.556274009753889800e+02,-4.183337249918325804e+06,-7.284464398055913534e+02,2.468673140557307673e-14,-2.053533292513618107e+03,1.234580761120263048e-04,1.645263570754040964e-21,-9.760813037299691075e+00,9.000000000000000000e+01,-1.677617803952977340e+02,0.000000000000000000e+00,1.112598385078467454e-18,2.900906687848523596e-02,1.858350900843653448e-19
1.335950000176042704e+04,2.542501761259358678e-21,-1.553220375585345892e+02,-4.204068375182275660e+06,-6.561729275858522215e+02,2.509931408505766381e-14,-2.495886513395407292e+03,5.908482730809794248e-05,-2.480196054907753240e-21,-9.760917591158687401e+00,9.000000000000000000e+01,-1.674655080276515662e+02,0.000000000000000000e+00,1.126900022481087836e-18,3.027663925330391706e-02,1.936584923047092395e-19
1.336950000176246431e+04,2.675448646153103998e-21,-1.550036157994601353e+02,-4.229221932514391840e+06,-5.823288776264137141e+02,2.560765957118753952e-14,-2.940000399201346681e+03,8.875219348780660766e-05,-8.812965043010370731e-22,-9.760863653852885236e+00,9.000000000000000000e+01,-1.671561777781939782e+02,0.000000000000000000e+00,1.145032006258289951e-18,3.165318278685286257e-02,2.027335169157050899e-19
1.337950000176450158e+04,2.826996983377912677e-21,-1.546700260269593343e+02,-4.258814126568747684e+06,-5.067185827724375713e+02,2.621700648287211973e-14,-3.386248052926341643e+03,8.215894479945973217e-05,-1.542228712848215481e-21,-9.760980421294631171e+00,9.000000000000000000e+01,-1.668316797169808581e+02,0.000000000000000000e+00,1.167344159199980028e-18,3.335054649420213235e-02,2.132582274288134717e-19
1.338950000176653884e+04,3.000040715682148210e-21,-1.543188733508601729e+02,-4.292864246151121333e+06,-4.291234871973996405e+02,2.693392245453016075e-14,-3.835002754788430138e+03,1.374630662804854353e-04,1.543335161363877033e-21,-9.760812689466701997e+00,9.000000000000000000e+01,-1.664896193814761887e+02,0.000000000000000000e+00,1.194285449614580019e-18,3.514280241286210638e-02,2.254788694697974010e-19
1.339950000176857611e+04,3.198174835486919464e-21,-1.539474069217880583e+02,-4.331394529906750657e+06,-3.492987182707994407e+02,2.776653513528396256e-14,-4.286637852454148742e+03,9.588570922680617059e-05,-1.356630023931970798e-21,-9.760683463775109203e+00,9.000000000000000000e+01,-1.661272455386209401e+02,0.000000000000000000e+00,1.226424930419192350e-18,3.725251678103531916e-02,2.397036126761567925e-19
1.340950000177061338e+04,3.425893353497312497e-21,-1.535524305976710764e+02,-4.374429986243829131e+06,-2.669689978759870428e+02,2.872483505972837948e-14,-4.741526284479315109e+03,9.519144827674352882e-05,-1.813198626305170181e-21,-9.760920206564652091e+00,9.000000000000000000e+01,-1.657413621262815013e+02,0.000000000000000000e+00,1.264479863910022656e-18,3.991483929280029153e-02,2.563211954641769045e-19
1.341950000177265065e+04,3.688859037135988088e-21,-1.531301884301545329e+02,-4.421998148802572861e+06,-1.818235152940014814e+02,2.982107241864744945e-14,-5.200039673109122305e+03,1.406974531734661582e-04,4.883477594406098046e-22,-9.760809495622039478e+00,9.000000000000000000e+01,-1.653282136857573050e+02,0.000000000000000000e+00,1.309353523651559400e-18,4.278860470875854582e-02,2.758265730798710966e-19
1.342950000177468792e+04,3.994275656682611952e-21,-1.526762156989692585e+02,-4.474128741111444309e+06,-9.350943800214304247e+01,3.107027909962555360e-14,-5.662546815733418953e+03,1.077898844052960214e-04,-2.097105303274324101e-21,-9.760860336399840520e+00,9.000000000000000000e+01,-1.648833352622993687e+02,0.000000000000000000e+00,1.362186283283027409e-18,4.624173956544815056e-02,2.988565596687612396e-19
1.343950000177672518e+04,4.351409262701350042e-21,-1.521851422124067597e+02,-4.530853212697569281e+06,-1.624006066601623388e+00,3.249096034257536861e-14,-6.129411333300313345e+03,1.577660360481125679e-04,2.898669246351035887e-22,-9.760809874826637866e+00,9.000000000000000000e+01,-1.644013570357889478e+02,0.000000000000000000e+00,1.424425185330682619e-18,5.022780378970680831e-02,3.262403047186528797e-19
1.344950000177876245e+04,4.772330288242571363e-21,-1.516504284982134152e+02,-4.592204091732278466e+06,9.429570445621629915e+01,3.410601951954284215e-14,-6.600988181175716818e+03,1.260350334053583765e-04,-2.453045565406700300e-21,-9.760801163665883351e+00,9.000000000000000000e+01,-1.638757395827319669e+02,0.000000000000000000e+00,1.497919658808844473e-18,5.496073568482829491e-02,3.590718243156913059e-19
1.345950000178079972e+04,5.272989660749126577e-21,-1.510640060634935082e+02,-4.658214072779705748e+06,1.947857277538878407e+02,3.594400879730864040e-14,-7.077618529532737739e+03,1.533343896484851143e-04,-1.738284213412806679e-21,-9.760805225262680906e+00,9.000000000000000000e+01,-1.632984147566985769e+02,0.000000000000000000e+00,1.585054736849447473e-18,6.059911058421940666e-02,3.988162455012112490e-19
1.346950000178283699e+04,5.874811723529631971e-21,-1.504157779363590635e+02,-4.728914716373695992e+06,3.004721524245701403e+02,3.804084225717284032e-14,-7.559622313676980411e+03,1.994883898204236061e-04,-6.921721387814007795e-23,-9.760872939705253160e+00,9.000000000000000000e+01,-1.626592856614516052e+02,0.000000000000000000e+00,1.688938857834153872e-18,6.740559064433294945e-02,4.474685874094490066e-19
1.347950000178487426e+04,6.607107102889977698e-21,-1.496929114063734403e+02,-4.804334569424360991e+06,4.120932200567729069e+02,4.044217685716832239e-14,-8.047287370847096099e+03,1.885394332132861450e-04,-2.150537728670411280e-21,-9.760809476629386694e+00,9.000000000000000000e+01,-1.619455204133889481e+02,0.000000000000000000e+00,1.813672223029465698e-18,7.558791367801213912e-02,5.077963668110399040e-19
1.348950000178691153e+04,7.510823333813624311e-21,-1.488788143598011970e+02,-4.884496402722387575e+06,5.305292064543759807e+02,4.320677455610332982e-14,-8.540853459647887576e+03,1.593998101685478730e-04,-5.676587767474677779e-21,-9.760921485024583788e+00,9.000000000000000000e+01,-1.611405274275647344e+02,0.000000000000000000e+00,1.964735525702109453e-18,8.576090015701659519e-02,5.837195722330664834e-19
1.349950000178894879e+04,8.644547464024849613e-21,-1.479516169649886592e+02,-4.969413068156210706e+06,6.568428834279479815e+02,4.641133197664684060e-14,-9.040488434077542479e+03,2.589945345641275765e-04,-1.762082376744105193e-21,-9.760884327337171484e+00,9.000000000000000000e+01,-1.602224378373574893e+02,0.000000000000000000e+00,2.149560303086497325e-18,9.836686328905017151e-02,6.809221231150878923e-19
1.350950000179098606e+04,1.009443570415686828e-20,-1.468818567042927157e+02,-5.059081133622270077e+06,7.923359377662541192e+02,5.015754482980869142e-14,-9.546252018295639573e+03,3.352706756327705762e-04,1.235563164816873166e-22,-9.760726096975110622e+00,9.000000000000000000e+01,-1.591617905405666420e+02,0.000000000000000000e+00,2.378374227707636541e-18,1.143335661802576675e-01,8.078655745387925142e-19
1.351950000179302333e+04,1.199127019912070516e-20,-1.456288364404463493e+02,-5.153470815220747143e+06,9.386293254516049274e+02,5.458263211242887160e-14,-1.005803933535783108e+04,3.072297720616568029e-04,-5.219847513677015832e-21,-9.760908798425813160e+00,9.000000000000000000e+01,-1.579178900542448787e+02,0.000000000000000000e+00,2.665457866980901632e-18,1.352909007994453627e-01,9.775257869113134212e-19
1.352950000179506060e+04,1.454105165771304549e-20,-1.441346860570199055e+02,-5.252509488689108752e+06,1.097780220641837332e+03,5.987528196439715189e-14,-1.057549013251120778e+04,4.167665839087675295e-04,-3.349542346475863266e-21,-9.760836170219766572e+00,9.000000000000000000e+01,-1.564328698075691761e+02,0.000000000000000000e+00,3.030989184347961879e-18,1.630269211810835839e-01,1.210474953855585302e-18
1.353950000179709787e+04,1.808266382217943743e-20,-1.423142733092799972e+02,-5.356053534305564128e+06,1.272457956213955640e+03,6.630010123535177246e-14,-1.109783712299755098e+04,5.059846505592879851e-04,-4.528992341839976085e-21,-9.761023641999367229e+00,9.000000000000000000e+01,-1.546216024823038993e+02,0.000000000000000000e+00,3.503605762334608573e-18,2.012712292532071179e-01,1.540555369211207651e-18
1.354950000179913513e+04,2.320294959549110351e-20,-1.400372330232803506e+02,-5.463837789220484905e+06,1.466215089979191816e+03,7.423502198015730310e-14,-1.162364075160248467e+04,6.524266326319860809e-04,-5.015306090785473294e-21,-9.761102358830285652e+00,9.000000000000000000e+01,-1.523537318839958346e+02,0.000000000000000000e+00,4.123324517209189222e-18,2.556422754308332879e-01,2.025690728257747591e-18
1.355950000180117240e+04,3.098172019560906408e-20,-1.370941845666361587e+02,-5.575379159795239568e+06,1.683917971214894351e+03,8.422615169906172869e-14,-1.215029860755452319e+04,8.642362573763051614e-04,-6.115280891214671537e-21,-9.761568518794838667e+00,9.000000000000000000e+01,-1.494198924573016711e+02,0.000000000000000000e+00,4.942053047938119544e-18,3.368504791568625034e-01,2.768937976672799371e-18
1.356950000180320967e+04,4.355126372635221681e-20,-1.331293294446719813e+02,-5.689779064023821615e+06,1.932440812969131912e+03,9.705444327998058337e-14,-1.267307587465675715e+04,1.323227919230340888e-03,-1.757628327532726714e-22,-9.762136327216316189e+00,9.000000000000000000e+01,-1.454643161315519535e+02,0.000000000000000000e+00,6.008554403236338822e-18,4.645738984621709533e-01,3.958442290358768947e-18
1.357950000180524694e+04,6.545718109217597359e-20,-1.274978533706784276e+02,-5.805282779705081135e+06,2.221762556823236082e+03,1.137454545437374297e-13,-1.318303623909197267e+04,2.084391641917093807e-03,8.611344950629249018e-21,-9.763875895032775531e+00,9.000000000000000000e+01,-1.398422488031575597e+02,0.000000000000000000e+00,7.281915117529392732e-18,6.795204893003424784e-01,5.927315690712993476e-18
1.358950000180728421e+04,1.069699756488984993e-19,-1.189551803092868880e+02,-5.918203407221314497e+06,2.566391857599251125e+03,1.351459228515114551e-13,-1.366226898491794418e+04,3.882885463862173481e-03,4.505472212943944312e-20,-9.769058659236938169e+00,9.000000000000000000e+01,-1.313092409509949050e+02,0.000000000000000000e+00,8.261821324784151949e-18,1.066418552240148143e+00,9.106347407103739563e-18
1.359950000180932147e+04,1.893521832647047866e-19,-1.050648948258674125e+02,-6.020134043049705215e+06,2.985010029268860308e+03,1.595652869751249233e-13,-1.407249856770028782e+04,8.611377527687924527e-03,1.494062241856321504e-19,-9.785235208851725375e+00,9.000000000000000000e+01,-1.174291058767022378e+02,0.000000000000000000e+00,6.941433465247334208e-18,1.777851594008511116e+00,1.286706636558632014e-17
1.360950000181135874e+04,3.200888370150429092e-19,-8.218510672494595326e+01,-6.091776266663193703e+06,3.484772193398831405e+03,1.772815001383155495e-13,-1.433372605979523360e+04,1.919902934478834311e-02,2.709933868179262815e-19,-9.824555448580998274e+00,9.000000000000000000e+01,-9.455993477409690229e+01,0.000000000000000000e+00,1.215764072550716395e-18,2.802362997618228935e+00,1.182423740271659775e-17
1.361950000181339601e+04,3.524717204088599292e-19,-5.164655285880792235e+01,-6.102286562446323223e+06,4.000738541452040863e+03,1.794368778292305315e-13,-1.433786380236454715e+04,2.222674409543801133e-02,2.707702375450122224e-19,-9.836692255480784297e+00,9.000000000000000000e+01,-6.403081740306043912e+01,0.000000000000000000e+00,-4.213498033502231016e-18,3.040381262265599016e+00,9.221281788858306400e-18
1.362950000181543328e+04,2.272732055412058858e-19,-2.565717070160420121e+01,-6.044070070173825137e+06,4.398431128552731934e+03,1.661086234545514610e-13,-1.409262064557110534e+04,1.005319637749568784e-02,2.034819738580740867e-19,-9.795937740512261627e+00,9.000000000000000000e+01,-3.804908237217136957e+01,0.000000000000000000e+00,-1.093803194337009271e-17,2.083023991992245971e+00,8.772891530698314944e-18
1.363950000181747055e+04,1.273289546017044837e-19,-9.372386369651998450e+00,-5.945047591365569271e+06,4.639970550760037440e+03,1.418459170692682157e-13,-1.372600320751631079e+04,3.113047447824701663e-03,7.351075086229216894e-20,-9.773109184318713005e+00,9.000000000000000000e+01,-2.177212491978829334e+01,0.000000000000000000e+00,-1.157966130919116358e-17,1.242816153324691975e+00,4.730764128322013718e-18
1.364950000181950782e+04,7.594116655107886813e-20,4.734771629455755138e-01,-5.828826015028523281e+06,4.768217096388432765e+03,1.186598807741135660e-13,-1.332402388401155986e+04,9.191867322575486554e-04,2.082948760552777596e-20,-9.765542943940864973e+00,9.000000000000000000e+01,-1.193464598988031078e+01,0.000000000000000000e+00,-9.216590471664102371e-18,7.731503308495153437e-01,2.003457197793717467e-18
1.365950000182154508e+04,4.938229366341829858e-20,6.806681881816972535e+00,-5.706281256601979956e+06,4.823868530164946606e+03,1.001842595127285692e-13,-1.291958315620050416e+04,2.206280726346765420e-04,2.755293787242546131e-21,-9.763065038729953571e+00,9.000000000000000000e+01,-5.610145741372381423e+00,0.000000000000000000e+00,-6.940344894868354193e-18,5.163087671344507301e-01,7.074604521507613701e-19
1.366950000182358235e+04,3.449076066154997773e-20,1.116733289722505873e+01,-5.582104720458278432e+06,4.832358147108389858e+03,8.593254731677722722e-14,-1.252411424153924418e+04,2.975004794028568433e-05,-6.251227691838699319e-22,-9.761992814946895081e+00,9.000000000000000000e+01,-1.258360545662909225e+00,0.000000000000000000e+00,-5.259123887112154642e-18,3.666753829666712927e-01,1.214363725647895820e-19
1.367950000182561962e+04,2.544531677403890893e-20,1.434218418800695893e+01,-5.458468899986222386e+06,4.809055932684798790e+03,7.483429298714936600e-14,-1.214155630705297153e+04,-1.085172056259353646e-04,-6.164810694727595045e-21,-9.761639858509219891e+00,9.000000000000000000e+01,1.907540411832953753e+00,0.000000000000000000e+00,-4.069365831138338725e-18,2.734580984724626074e-01,-1.438864176869646767e-19
1.368950000182765689e+04,1.957338769227275364e-20,1.675651743731221188e+01,-5.336458653031049296e+06,4.763597359899855292e+03,6.601730220711471018e-14,-1.177309209461769387e+04,-9.046881262275707769e-05,-4.077264513149176011e-21,-9.761239938813115913e+00,9.000000000000000000e+01,4.312875629617139772e+00,0.000000000000000000e+00,-3.220314776479045583e-18,2.116686354208615062e-01,-2.620583974220720353e-19
1.369950000182969416e+04,1.555178158005676956e-20,1.865584780166262036e+01,-5.216643786634068005e+06,4.702304078916527942e+03,5.886306926844745779e-14,-1.141881730037443413e+04,-6.316444705101176282e-05,-2.170627243141938357e-21,-9.761120086261808382e+00,9.000000000000000000e+01,6.203180094806508116e+00,0.000000000000000000e+00,-2.601126141556498015e-18,1.688341132320155258e-01,-3.104610402383330195e-19
1.370950000183173142e+04,1.267548672558193997e-20,2.019054304998796923e+01,-5.099328948157052509e+06,4.629496661819923247e+03,5.294345479693224852e-14,-1.107838141156529491e+04,-3.277394039447045770e-05,-3.592481342644881905e-22,-9.760931954414264311e+00,9.000000000000000000e+01,7.728831191998545513e+00,0.000000000000000000e+00,-2.138612540173675279e-18,1.378129960352225125e-01,-3.249251275154643835e-19
1.371950000183376869e+04,1.054408980070520599e-20,2.145744201606100532e+01,-4.984672655605358072e+06,4.548231668045191327e+03,4.795985790680290479e-14,-1.075125308008354477e+04,-7.915499968036421308e-05,-3.353671957830567395e-21,-9.760992514713546342e+00,9.000000000000000000e+01,8.986674518945310552e+00,0.000000000000000000e+00,-1.785152478766377023e-18,1.147526984369801467e-01,-3.227431177472379342e-19
1.372950000183580596e+04,8.917522230227946150e-21,2.252159971528600835e+01,-4.872748474709227681e+06,4.460732959071496225e+03,4.370037636084001164e-14,-1.043683710024907305e+04,-8.445336541029746513e-05,-3.861506048886767999e-21,-9.761018385372752348e+00,9.000000000000000000e+01,1.004176865838749499e+01,0.000000000000000000e+00,-1.509384806247823611e-18,9.703339992972831451e-02,-3.125603060957231603e-19
1.373950000183784323e+04,7.645107877785841756e-21,2.342830225942397249e+01,-4.763578533557862043e+06,4.368656256353788194e+03,4.001161331013923035e-14,-1.013452762258538132e+04,-8.367305417866788275e-06,6.209736628744746798e-22,-9.760952864033100695e+00,9.000000000000000000e+01,1.093940157088298015e+01,0.000000000000000000e+00,-1.290231707640251496e-18,8.305799714110964627e-02,-2.988113526297939055e-19
1.374950000183988050e+04,6.628524429257421682e-21,2.421004107540668571e+01,-4.657152884847185574e+06,4.273257899067963081e+03,3.678031265726771340e-14,-9.843732542932457363e+03,1.342680159099884918e-05,1.792172045201945747e-21,-9.761000694994864446e+00,9.000000000000000000e+01,1.171206695601352799e+01,0.000000000000000000e+00,-1.113206549295686164e-18,7.190963823748285078e-02,-2.838025617807948143e-19
1.375950000184191776e+04,5.801438297250484854e-21,2.489073875278428005e+01,-4.553441197594715282e+06,4.175505550383106311e+03,3.392128837229619318e-14,-9.563884594094803106e+03,-3.976838500063806237e-05,-1.610020992703980002e-21,-9.760916883688459222e+00,9.000000000000000000e+01,1.238368810810402110e+01,0.000000000000000000e+00,-9.681319614760836694e-19,6.274632955780469479e-02,-2.687310983536402386e-19
1.376950000184395503e+04,5.117790376268488161e-21,2.548840697986119608e+01,-4.452400081631273963e+06,4.076153991264026899e+03,3.136936261222049447e-14,-9.294445541830231377e+03,-6.205619638643966596e-05,-3.098918660418127557e-21,-9.760962058636257765e+00,9.000000000000000000e+01,1.297227736993466962e+01,0.000000000000000000e+00,-8.477090611389095144e-19,5.522344861149724310e-02,-2.542027213646479670e-19
1.377950000184599230e+04,4.544787591388515768e-21,2.601687366878642749e+01,-4.353977818429882638e+06,3.975797856057438366e+03,2.907388200531724224e-14,-9.034907215583101788e+03,9.758955274552505443e-06,1.190162086937339058e-21,-9.760851300269070663e+00,9.000000000000000000e+01,1.349166335134787253e+01,0.000000000000000000e+00,-7.466028519203404851e-19,4.882692013579233159e-02,-2.405031667331605237e-19
1.378950000184802957e+04,4.058562876605216682e-21,2.648693778020236422e+01,-4.258117494544543326e+06,3.874909246091346631e+03,2.699491817320130798e-14,-8.784790963861321870e+03,-3.734553658496508888e-05,-1.785446174599498228e-21,-9.761073397083285030e+00,9.000000000000000000e+01,1.395264535839291398e+01,0.000000000000000000e+00,-6.608454174238383102e-19,4.357524917318732899e-02,-2.277440929530808554e-19
1.379950000185006684e+04,3.641404751389536158e-21,2.690716120928623312e+01,-4.164759119803471491e+06,3.773865252409779259e+03,2.510058782777674216e-14,-8.543646305886533810e+03,-7.521927476439316251e-06,-3.857659692757269738e-23,-9.761015568583520263e+00,9.000000000000000000e+01,1.436378552755229698e+01,0.000000000000000000e+00,-5.874384389836054310e-19,3.892892850369368551e-02,-2.159432385897199196e-19
1.380950000185210411e+04,3.279940612912420304e-21,2.728442409321827355e+01,-4.073841082375442609e+06,3.672968366206034261e+03,2.336513052604938162e-14,-8.311049281406647424e+03,-7.594754798034841770e-05,-4.295191145918647532e-21,-9.760996358884622026e+00,9.000000000000000000e+01,1.473196415452175856e+01,0.000000000000000000e+00,-5.240832970829846519e-19,3.492226775852518700e-02,-2.050690269506312179e-19
1.381950000185414137e+04,2.963916501361344253e-21,2.762432208087574992e+01,-3.985301160287676845e+06,3.572461923887468402e+03,2.176750806086465676e-14,-8.086600690965652575e+03,-5.700317612600258599e-06,-5.290735518953328779e-23,-9.760889406449118511e+00,9.000000000000000000e+01,1.506277729940654631e+01,0.000000000000000000e+00,-4.689943901352598362e-19,3.137132153156833858e-02,-1.950656360468907985e-19
1.382950000185617864e+04,2.685359691396636627e-21,2.793145568630158238e+01,-3.899077230066296179e+06,3.472541770098273446e+03,2.029036900147622793e-14,-7.869924434230649240e+03,2.626596927335356213e-05,1.856221220812032702e-21,-9.760953372199722367e+00,9.000000000000000000e+01,1.536082530243198896e+01,0.000000000000000000e+00,-4.207678236176079096e-19,2.833483786985410008e-02,-1.858670465103788646e-19
1.383950000185821591e+04,2.437992758645744807e-21,2.820964447889473092e+01,-3.815107764813390560e+06,3.373365555186153870e+03,1.891927280186743073e-14,-7.660665808032495988e+03,1.236219809008787252e-05,9.615072655858844482e-22,-9.760888243529372232e+00,9.000000000000000000e+01,1.562992812686992394e+01,0.000000000000000000e+00,-3.782875478322636706e-19,2.557371012633194440e-02,-1.774048639621564232e-19
1.384950000186025318e+04,2.216816357119565973e-21,2.846208797694730919e+01,-3.733332183612916153e+06,3.275059735391752838e+03,1.764210113904458044e-14,-7.458490050113129655e+03,2.968738988329278072e-05,1.987065485465981899e-21,-9.760949703929250987e+00,9.000000000000000000e+01,1.587328511383677743e+01,0.000000000000000000e+00,-3.406573015510399604e-19,2.317739334167523771e-02,-1.696125162799704017e-19
1.385950000186229045e+04,2.017807348956625747e-21,2.869148812982413688e+01,-3.653691094565963373e+06,3.177725370489084071e+03,1.644860606915549796e-14,-7.263080873758844064e+03,1.542430481027423639e-05,1.082771157552506808e-21,-9.760885100265289438e+00,9.000000000000000000e+01,1.609359840622684956e+01,0.000000000000000000e+00,-3.071505681293888455e-19,2.095823777941311500e-02,-1.624274079145946406e-19
1.386950000186432771e+04,1.837697198268503440e-21,2.890014370276956157e+01,-3.576126460868393071e+06,3.081442581806758426e+03,1.533005952999564840e-14,-7.074139201631407559e+03,5.634777620500130979e-05,3.562019205252253648e-21,-9.760773403393598002e+00,9.000000000000000000e+01,1.629316680287335117e+01,0.000000000000000000e+00,-2.771733299589977518e-19,1.892463286270529635e-02,-1.557918628560184891e-19
1.387950000186636498e+04,1.673807100236755463e-21,2.909002382760824545e+01,-3.500581710699800402e+06,2.986274258094392280e+03,1.427897868239884811e-14,-6.891381951998901968e+03,6.714517170269829194e-06,4.992907133764202686e-22,-9.760999517038323248e+00,9.000000000000000000e+01,1.647395975909738652e+01,0.000000000000000000e+00,-2.502360114130750298e-19,1.726466791408013540e-02,-1.496534037425313270e-19
1.388950000186840225e+04,1.523923809340934783e-21,2.926282591082425810e+01,-3.427001805795829277e+06,2.892268869918252676e+03,1.328890876914210927e-14,-6.714541010531846041e+03,1.900435694324187352e-05,1.233565756210515757e-21,-9.760881766488726186e+00,9.000000000000000000e+01,1.663767406760350198e+01,0.000000000000000000e+00,-2.259321155572737695e-19,1.556772554540627497e-02,-1.439646523962651292e-19
1.389950000187043952e+04,1.386205054004111913e-21,2.942002166087872084e+01,-3.355333279482940678e+06,2.799463155611982074e+03,1.235424983865548831e-14,-6.543362119312999312e+03,-6.930996706788761230e-06,-3.713410408911170448e-22,-9.760934491130219826e+00,9.000000000000000000e+01,1.678578209411982769e+01,0.000000000000000000e+00,-2.039217952609122546e-19,1.410442013976653981e-02,-1.386830420243471377e-19
1.390950000187247679e+04,1.259106733891819393e-21,2.956289399531144113e+01,-3.285524252078457270e+06,2.707883823975151245e+03,1.147011750740484322e-14,-6.377604080311916732e+03,6.674712675902583214e-06,4.493381024540183500e-22,-9.760876969140394266e+00,9.000000000000000000e+01,1.691956627164619320e+01,0.000000000000000000e+00,-1.839190965965973638e-19,1.269854542386231362e-02,-1.337704294570520978e-19
1.391950000187451406e+04,1.141326332060429818e-21,2.969256687728745447e+01,-3.217524429504317697e+06,2.617549434767196544e+03,1.063223006326814384e-14,-6.217037815321908056e+03,1.881446931850661031e-05,1.180964655855658605e-21,-9.760759510253004478e+00,9.000000000000000000e+01,1.704015096959804154e+01,0.000000000000000000e+00,-1.656819643342876030e-19,1.136399286243322364e-02,-1.291926886954175532e-19
1.392950000187655132e+04,1.031758536526470087e-21,2.981002962003979562e+01,-3.151285089481865522e+06,2.528471605215056570e+03,9.836816437178065685e-15,-6.061445657996376212e+03,5.396574637384077278e-06,3.501154676030945407e-22,-9.760755712234137960e+00,9.000000000000000000e+01,1.714852540753998866e+01,0.000000000000000000e+00,-1.490043532065659255e-19,1.018664786956917367e-02,-1.249192975781821060e-19
1.393950000187858859e+04,9.294601382353801797e-22,2.991615682572941637e+01,-3.086759058592543006e+06,2.440656232858799740e+03,9.080540574529755801e-15,-5.910620606732484703e+03,-4.779416737576980267e-05,-2.915329073146919341e-21,-9.760862358630584268e+00,9.000000000000000000e+01,1.724556434105587854e+01,0.000000000000000000e+00,-1.337099439023224474e-19,9.154098146958434407e-03,-1.209229538735373070e-19
1.394950000188062586e+04,8.336220503876283434e-22,3.001172485160385861e+01,-3.023900682691845577e+06,2.354104381312226906e+03,8.360438950076857158e-15,-5.764365694629454993e+03,3.805035725967798044e-05,2.334805351553203045e-21,-9.760881017694698514e+00,9.000000000000000000e+01,1.733204388149561836e+01,0.000000000000000000e+00,-1.196471084306670907e-19,8.144906233033707282e-03,-1.171792167934822444e-19
1.395950000188266313e+04,7.435468366951342013e-22,3.009742549297295611e+01,-2.962665792569106910e+06,2.268813179601871525e+03,7.673868596020204276e-15,-5.622493343395291959e+03,-5.927266433802813594e-05,-3.631133217906234288e-21,-9.760918123514278122e+00,9.000000000000000000e+01,1.740865612622666347e+01,0.000000000000000000e+00,-1.066848453291676659e-19,7.211482740050079339e-03,-1.136661869078397237e-19
1.396950000188470040e+04,6.586305417695261966e-22,3.017387741988981276e+01,-2.903011666299973615e+06,2.184776346379712322e+03,7.018463731557594990e-15,-5.484824860957530291e+03,2.363035905261767766e-05,1.443815301843014864e-21,-9.760816987733157646e+00,9.000000000000000000e+01,1.747601907250854580e+01,0.000000000000000000e+00,-9.470947737242438976e-20,6.258316544703945890e-03,-1.103642132833503083e-19
1.397950000188673766e+04,5.783478989818771113e-22,3.024163578886096460e+01,-2.844896989400276914e+06,2.101985019070059934e+03,6.392099197635697901e-15,-5.351189821233808289e+03,2.698414424040507242e-05,1.645181951285134175e-21,-9.760936578276806941e+00,9.000000000000000000e+01,1.753468887841822976e+01,0.000000000000000000e+00,-8.362195000889046737e-20,5.482718018092695017e-03,-1.072556431296459290e-19
1.398950000188877493e+04,5.022402217337618427e-22,3.030120036263208405e+01,-2.788281813633021899e+06,2.020427911067684136e+03,5.792859706702499171e-15,-5.221425706528938463e+03,-1.649616155141586660e-05,-1.019067768100822713e-21,-9.760866645652519935e+00,9.000000000000000000e+01,1.758516459606511972e+01,0.000000000000000000e+00,-7.333561516785373423e-20,4.647249021667614749e-03,-1.043245868718592252e-19
1.399950000189081220e+04,4.299054254230800960e-22,3.035302240315665756e+01,-2.733127515122561250e+06,1.940091983425941180e+03,5.219013669621393808e-15,-5.095377359232780691e+03,2.658406389777212553e-05,1.617645889795702102e-21,-9.760875942964505114e+00,9.000000000000000000e+01,1.762789778010953512e+01,0.000000000000000000e+00,-6.377439472294662986e-20,3.899526077832196364e-03,-1.015567239493693656e-19
1.400950000189284947e+04,3.609897662127745267e-22,3.039751055013575254e+01,-2.679396752277640160e+06,1.860962672939853292e+03,4.668990895669315348e-15,-4.972896610163757032e+03,1.286042424863964584e-05,7.760676467733920888e-22,-9.760872408298252978e+00,9.000000000000000000e+01,1.766329709682023719e+01,0.000000000000000000e+00,-5.487125706356149335e-20,3.183431927181748933e-03,-9.893912370983297515e-20
1.401950000189488674e+04,2.951809634325767239e-22,3.043503585634632103e+01,-2.627053423907247838e+06,1.783024189422266318e+03,4.141363554134143174e-15,-4.853841888936723080e+03,2.746939373432510934e-05,1.671983181593693309e-21,-9.760875399294683064e+00,9.000000000000000000e+01,1.769173331083978340e+01,0.000000000000000000e+00,-4.656694516339301264e-20,2.506395937953247860e-03,-9.646009060620277395e-20
1.402950000189692400e+04,2.322024447053227241e-22,3.046593611858697415e+01,-2.576062627820601221e+06,1.706259842968835756e+03,3.634829756517347115e-15,-4.738077834929196797e+03,2.518956735286792536e-05,1.533443226558267057e-21,-9.760755179613388677e+00,9.000000000000000000e+01,1.771354446874776656e+01,0.000000000000000000e+00,-3.880890744425110648e-20,1.791839060490120006e-03,-9.410902904357175935e-20
1.403950000189896127e+04,1.718085109884097546e-22,3.049051961743568384e+01,-2.526390620131994132e+06,1.630652200869440776e+03,3.148199420721757502e-15,-4.625474979864593479e+03,1.141945051941206657e-05,6.910249592324870805e-22,-9.760751738817242895e+00,9.000000000000000000e+01,1.772903896420543646e+01,0.000000000000000000e+00,-3.155040033869928686e-20,1.172851287590916287e-03,-9.187632294726027326e-20
1.404950000190099854e+04,1.137802537287215523e-22,3.050906835858991073e+01,-2.478004775433389470e+06,1.556183269088229281e+03,2.680382035866202416e-15,-4.515909431566802596e+03,4.153603951229101199e-05,2.536249314121851350e-21,-9.760817944497084397e+00,9.000000000000000000e+01,1.773849871412478407e+01,0.000000000000000000e+00,-2.474972632536969924e-20,6.202693242489735982e-04,-8.975322973738866020e-20
1.405950000190303581e+04,5.792209393607721597e-23,3.052184089222056329e+01,-2.430873547954875510e+06,1.482834651457599421e+03,2.230376015070406717e-15,-4.409262576183818055e+03,1.218427695981461056e-05,7.423338003088765951e-22,-9.760751329762086925e+00,9.000000000000000000e+01,1.774218197071150982e+01,0.000000000000000000e+00,-1.836958802892816802e-20,1.724968559020647680e-05,-8.773178763129447280e-20
1.406950000190507308e+04,4.058835633919580328e-24,3.052907477358528965e+01,-2.384966433797221631e+06,1.410587775591087848e+03,1.797259403898528949e-15,-4.305420771767113365e+03,-3.895717756030592227e-05,-2.388189045707819681e-21,-9.760978200732933985e+00,9.000000000000000000e+01,1.774032697338917686e+01,0.000000000000000000e+00,-1.237653580363719513e-20,-3.968393828839488434e-04,-8.580473562086238564e-20
1.407950000190711035e+04,-4.796684981001585912e-23,3.053098871749392984e+01,-2.340253934294002131e+06,1.339423823247873997e+03,1.380181815112075386e-15,-4.204275145844567305e+03,-3.864479323656411225e-05,-2.365826549098031289e-21,-9.760978021523232684e+00,9.000000000000000000e+01,1.773315169722329188e+01,0.000000000000000000e+00,-6.740497750007860258e-21,-9.184857098564179218e-04,-8.396543725549803480e-20
1.408950000190914761e+04,-9.829658369143041415e-23,3.052778449054246224e+01,-2.296707520539508201e+06,1.269324020180384878e+03,9.783572605107938323e-16,-4.105721290746515479e+03,1.585590861541419372e-05,9.739933902352162903e-22,-9.760870758138382897e+00,9.000000000000000000e+01,1.772085825984554219e+01,0.000000000000000000e+00,-1.434372908258866784e-21,-1.481377582929875245e-03,-8.220782085148241896e-20
1.409950000191118488e+04,-1.470581364393742395e-22,3.051964857792985697e+01,-2.254299599100543652e+06,1.200269608320273619e+03,5.910578917769740425e-16,-4.009659068443612796e+03,2.909090430591732002e-05,1.787191319811121767e-21,-9.760813870528863845e+00,9.000000000000000000e+01,1.770363313567478514e+01,0.000000000000000000e+00,3.566316690317238182e-21,-1.997819544979728083e-03,-8.052632113371167176e-20
1.410950000191322215e+04,-1.943670318422337417e-22,3.050675365585743037e+01,-2.213003478918677196e+06,1.132241933040260392e+03,2.176084973633163136e-16,-3.915992388890169423e+03,6.942127906128803261e-05,4.261107049920727437e-21,-9.760703461216003518e+00,9.000000000000000000e+01,1.768164882066740162e+01,0.000000000000000000e+00,8.283728802630225807e-21,-2.527946130887482375e-03,-7.891582872827413886e-20
1.411950000191525942e+04,-2.403279367124979002e-22,3.048925989570033579e+01,-2.172793339397830889e+06,1.065222563029875573e+03,-1.426184080173024697e-16,-3.824628990916681232e+03,-9.081125055043770544e-06,-5.427486872673186065e-22,-9.760983873363819896e+00,9.000000000000000000e+01,1.765506602226729527e+01,0.000000000000000000e+00,1.273796235757330191e-20,-2.821380880535361707e-03,-7.737164749918791002e-20
1.412950000191729669e+04,-2.850358670390109683e-22,3.046731612215677742e+01,-2.133644199664416723e+06,9.991932045346770792e+02,-4.902069029174903336e-16,-3.735480286470721694e+03,4.101355831842568023e-06,2.696294206835958100e-22,-9.760926995264210149e+00,9.000000000000000000e+01,1.762403281213378747e+01,0.000000000000000000e+00,1.694728572720653422e-20,-3.291427418866423732e-03,-7.588945043188413269e-20
1.413950000191933395e+04,-3.285772411424093261e-22,3.044106084428623049e+01,-2.095531888982240111e+06,9.341359208871637065e+02,-8.257015576152802891e-16,-3.648461134548781956e+03,1.734101041117597219e-05,1.083511682312311277e-21,-9.760870099898227181e+00,9.000000000000000000e+01,1.758868829531244415e+01,0.000000000000000000e+00,2.092833491616314155e-20,-3.748121047075064858e-03,-7.446525020461309434e-20
1.414950000192137122e+04,-3.710307975549022349e-22,3.041062317555729066e+01,-2.058433018297781236e+06,8.700330067045891838e+02,-1.149610838150396494e-15,-3.563489711487487057e+03,5.646656750357692545e-05,3.484607574401582028e-21,-9.760699778579621011e+00,9.000000000000000000e+01,1.754916109784118206e+01,0.000000000000000000e+00,2.469628652916049116e-20,-4.256565062911043910e-03,-7.309536390973217249e-20
1.415950000192340849e+04,-4.124684020613690443e-22,3.037612365674928228e+01,-2.022324952889556997e+06,8.068671580477682710e+02,-1.462410206183460169e-15,-3.480487317405067188e+03,4.381350438498188282e-05,2.713077996368475535e-21,-9.760756427786512646e+00,9.000000000000000000e+01,1.750557238620432443e+01,0.000000000000000000e+00,2.826501159333600685e-20,-4.624861659991849443e-03,-7.177638720278020505e-20
1.416950000192544576e+04,-4.529557540798347682e-22,3.033767499356294550e+01,-1.987185786092521623e+06,7.446213653753316066e+02,-1.764544856509759853e-15,-3.399378254138343436e+03,5.164991952799624642e-06,3.504302674777036431e-22,-9.760926564946098338e+00,9.000000000000000000e+01,1.745803453020212359e+01,0.000000000000000000e+00,3.164720821940567986e-20,-4.918008326445016606e-03,-7.050516683673955229e-20
1.417950000192748303e+04,-4.925530108701637363e-22,3.029538271919065906e+01,-1.952994314065763727e+06,6.832790020438644660e+02,-2.056432213550328227e-15,-3.320089665857984528e+03,6.096055660265164988e-05,3.771787746818143059e-21,-9.760879449933677066e+00,9.000000000000000000e+01,1.740665284887613140e+01,0.000000000000000000e+00,3.485452092139401359e-20,-5.323940892600097230e-03,-6.927877846483702679e-20
1.418950000192952029e+04,-5.313153379362406957e-22,3.024934579067810958e+01,-1.919730011572527699e+06,6.228238582810969319e+02,-2.338464119807377312e-15,-3.242551401387230271e+03,-9.708786413042957975e-06,-5.508766988163171624e-22,-9.760863149170228681e+00,9.000000000000000000e+01,1.735152654257435145e+01,0.000000000000000000e+00,3.789764303967142554e-20,-5.702845261480708403e-03,-6.809450886137079526e-20
1.419950000193155756e+04,-5.692933958691043272e-22,3.019965712675023539e+01,-1.887373008739006706e+06,5.632401147688957508e+02,-2.611008879988604909e-15,-3.166695893646888180e+03,-5.915891945651452488e-06,-3.139428631967665287e-22,-9.761043025808699980e+00,9.000000000000000000e+01,1.729274860481399401e+01,0.000000000000000000e+00,4.078641083445929284e-20,-5.961679144511897351e-03,-6.694983575209045099e-20
1.420950000193359483e+04,-6.065337726929638879e-22,3.014640409375366659e+01,-1.855904068758926354e+06,5.045123397825101961e+02,-2.874413048532233117e-15,-3.092458039325423670e+03,-2.457340137107522082e-05,-1.451775395596911460e-21,-9.760799742522154432e+00,9.000000000000000000e+01,1.723040606050129853e+01,0.000000000000000000e+00,4.352988462101800272e-20,-6.451614725534791581e-03,-6.584240942305709995e-20
1.421950000193563210e+04,-6.430793679085066754e-22,3.008966894551692661e+01,-1.825304566512105055e+06,4.466255618150692612e+02,-3.129003070843639014e-15,-3.019775074727968786e+03,2.287288696267708588e-05,1.458770129002475735e-21,-9.761049379100260381e+00,9.000000000000000000e+01,1.716458161215199496e+01,0.000000000000000000e+00,4.613642068631283611e-20,-6.654500956017155890e-03,-6.477004473485884098e-20
1.422950000193766937e+04,-6.789697350428789703e-22,3.002952922219438037e+01,-1.795556468063038774e+06,3.895651882200878049e+02,-3.375086786637846393e-15,-2.948586478857148450e+03,1.963341994848377681e-05,1.264355622119128783e-21,-9.760869313270859493e+00,9.000000000000000000e+01,1.709535247832778992e+01,0.000000000000000000e+00,4.861373837663998425e-20,-7.093135985422471465e-03,-6.373069765262003816e-20
1.423950000193970664e+04,-7.142413866134198058e-22,2.996605811252333496e+01,-1.766642311008641496e+06,3.333170710338613389e+02,-3.612954740215445409e-15,-2.878833861768803217e+03,-2.268532933058509116e-05,-1.321714351369451428e-21,-9.760859504219991933e+00,9.000000000000000000e+01,1.702279191093747812e+01,0.000000000000000000e+00,5.096897501442992591e-20,-7.428268951315534184e-03,-6.272246354748318611e-20
1.424950000194174390e+04,-7.489280680909794536e-22,2.989932478338249666e+01,-1.738545185642794706e+06,2.778674889355212372e+02,-3.842881442033990650e-15,-2.810460869644979994e+03,-3.749164229738255472e-06,-1.562580253989840137e-22,-9.761102650843943351e+00,9.000000000000000000e+01,1.694696920195740120e+01,0.000000000000000000e+00,5.320874028342149021e-20,-7.613466234485783378e-03,-6.174355983860799428e-20
1.425950000194378117e+04,-7.830610028132194992e-22,2.982939468007342754e+01,-1.711248716908113100e+06,2.232031289490727204e+02,-4.065126470832415982e-15,-2.743413093002307050e+03,2.775300681268078051e-06,2.462923728056759798e-22,-9.760685933428517203e+00,9.000000000000000000e+01,1.686794961679290950e+01,0.000000000000000000e+00,5.533916217824772282e-20,-8.165881622996987166e-03,-6.079231431870235590e-20
1.426950000194581844e+04,-8.166691111229953645e-22,2.975632980033130792e+01,-1.684737047104299068e+06,1.693111231283529605e+02,-4.279935496253785454e-15,-2.677637976115247056e+03,-4.811589734510235417e-05,-2.864800435325923651e-21,-9.760972753847823924e+00,9.000000000000000000e+01,1.678579545516954852e+01,0.000000000000000000e+00,5.736592586689067305e-20,-8.313952411347731372e-03,-5.986716732128799778e-20
1.427950000194785571e+04,-8.497792093152847794e-22,2.968018894472650260e+01,-1.658994819324384443e+06,1.161789847438398056e+02,-4.487541200487562707e-15,-2.613084735810838993e+03,-5.402640682383719195e-06,-2.428878053332013266e-22,-9.760982495912973178e+00,9.000000000000000000e+01,1.670056502070072924e+01,0.000000000000000000e+00,5.929431546136868613e-20,-8.613165557648072568e-03,-5.896664803055553309e-20
1.428950000194989298e+04,-8.824161879066676049e-22,2.960102794581164076e+01,-1.634007161591209471e+06,6.379469166598823904e+01,-4.688164150238407257e-15,-2.549704279325269908e+03,6.824193593768512756e-06,5.086600933570802643e-22,-9.760865734709218700e+00,9.000000000000000000e+01,1.661231471230552614e+01,0.000000000000000000e+00,6.112924503471365819e-20,-8.978558357508898552e-03,-5.808937787790716314e-20
1.429950000195193024e+04,-9.146031714494274576e-22,2.951889987808850790e+01,-1.609759671666731127e+06,1.214658166242020343e+01,-4.882013560784996250e-15,-2.487449129989391622e+03,4.956096487029881814e-05,3.131965021654187280e-21,-9.760875534229217720e+00,9.000000000000000000e+01,1.652109705181327470e+01,0.000000000000000000e+00,6.287528848510849793e-20,-9.267123642308109852e-03,-5.723406209905822228e-20
1.430950000195396751e+04,-9.463616660936299395e-22,2.943385525066166863e+01,-1.586238402508500032e+06,-3.877655041750699638e+01,-5.069288018163332569e-15,-2.426273355612182513e+03,-5.835331268411181327e-06,-2.565878853251748554e-22,-9.760922352210153363e+00,9.000000000000000000e+01,1.642696314677229097e+01,0.000000000000000000e+00,6.453670933958791957e-20,-9.529803376180282989e-03,-5.639947982234835271e-20
1.431950000195600478e+04,-9.777116896283252563e-22,2.934594218420556189e+01,-1.563429848347709514e+06,-8.898556055387746255e+01,-5.250176128591202848e-15,-2.366132497168973259e+03,-6.708416049772125689e-06,-3.045040472601466236e-22,-9.760862315849326620e+00,9.000000000000000000e+01,1.632996053093510369e+01,0.000000000000000000e+00,6.611748346979032273e-20,-9.848282083633931247e-03,-5.558448141079599385e-20
1.432950000195804205e+04,-1.008671892621987074e-21,2.925520657373186850e+01,-1.541320931365555152e+06,-1.384908688914993036e+02,-5.424857140588506093e-15,-2.306983507178272703e+03,-1.855949593743133619e-05,-1.024730585179485855e-21,-9.760978970684204725e+00,9.000000000000000000e+01,1.623013547591622796e+01,0.000000000000000000e+00,6.762132268865450014e-20,-1.006224430752016008e-02,-5.478798330737173065e-20
1.433950000196007932e+04,-1.039259666577332237e-21,2.916169223845034963e+01,-1.519898988943804987e+06,-1.873025251874739752e+02,-5.593501497911312866e-15,-2.248784684543767980e+03,-5.879363927041580951e-05,-3.483620793718659788e-21,-9.761089059730306161e+00,9.000000000000000000e+01,1.612753175483292267e+01,0.000000000000000000e+00,6.905169509923434652e-20,-1.027564202154910601e-02,-5.400896112396925340e-20
1.434950000196211658e+04,-1.069491243055652840e-21,2.906544105990480631e+01,-1.499151761467943899e+06,-2.354302079128991636e+02,-5.756271330478320792e-15,-2.191495613993935876e+03,3.334389028220030582e-05,2.162823386679957484e-21,-9.760692069550286121e+00,9.000000000000000000e+01,1.602219090363708887e+01,0.000000000000000000e+00,7.041184350328503756e-20,-1.077202977871604718e-02,-5.324644575545159170e-20
1.435950000196415385e+04,-1.099381784181036066e-21,2.896649310942638422e+01,-1.479067380661858246e+06,-2.828831807271476464e+02,-5.913320980920558308e-15,-2.135077117006367189e+03,-5.831297798408741073e-06,-2.319978320846464110e-22,-9.760862110527286362e+00,9.000000000000000000e+01,1.591415367558415106e+01,0.000000000000000000e+00,7.170480127270200875e-20,-1.094347129073694296e-02,-5.249952532560034236e-20
1.436950000196619112e+04,-1.128945464829129095e-21,2.886488676584315272e+01,-1.459634358432624489e+06,-3.296703888757264167e+02,-6.064797365513155539e-15,-2.079491184069775045e+03,2.372659476312932725e-05,1.583723435341566318e-21,-9.760928678172430040e+00,9.000000000000000000e+01,1.580345779065903855e+01,0.000000000000000000e+00,7.293340936248278259e-20,-1.116973855472616801e-02,-5.176733105290938155e-20
1.437950000196822839e+04,-1.158195548642530042e-21,2.876065882430044240e+01,-1.440841576207515784e+06,-3.758003845657674447e+02,-6.210840466561842512e-15,-2.024700935445829373e+03,6.441108997368161226e-05,4.080787165968599224e-21,-9.760818556731853946e+00,9.000000000000000000e+01,1.569014020317547242e+01,0.000000000000000000e+00,7.410032981523182179e-20,-1.149243607300787923e-02,-5.104904083859572755e-20
1.438950000197026566e+04,-1.187144456921943983e-21,2.865384459693418862e+01,-1.422678274742379785e+06,-4.212813543992577365e+02,-6.351583653231025855e-15,-1.970670570386863346e+03,8.963988754384644153e-06,6.887043783735182328e-22,-9.760865333761188367e+00,9.000000000000000000e+01,1.557423669111189213e+01,0.000000000000000000e+00,7.520805794852527579e-20,-1.172284558901205004e-02,-5.034387576533861733e-20
1.439950000197230293e+04,-1.215803831482975217e-21,2.854447800610040531e+01,-1.405134044385988265e+06,-4.661211748361464515e+02,-6.487154010479045821e-15,-1.917365306967857123e+03,9.144349606415858034e-06,7.053464276958644653e-22,-9.760865331236239228e+00,9.000000000000000000e+01,1.545578052788511947e+01,0.000000000000000000e+00,7.625893395197893367e-20,-1.197641463447179401e-02,-4.965109522471334592e-20
1.440950000197434019e+04,-1.244184594100317428e-21,2.843259167075029126e+01,-1.388198815781252459e+06,-5.103273432092016719e+02,-6.617672743027629625e-15,-1.864751356085469297e+03,-1.799710023409062387e-05,-9.522448948335367155e-22,-9.760918680557256977e+00,9.000000000000000000e+01,1.533480477805797371e+01,0.000000000000000000e+00,7.725515490176557307e-20,-1.219657968666969239e-02,-4.896999502213367814e-20
1.441950000197637746e+04,-1.272296999321533918e-21,2.831821698654676567e+01,-1.371862850988327526e+06,-5.539070432588828226e+02,-6.743255376348497655e-15,-1.812795862381031384e+03,5.016486214870496951e-05,3.224984070444145899e-21,-9.760755164413970064e+00,9.000000000000000000e+01,1.521134062697083777e+01,0.000000000000000000e+00,7.819878317282726042e-20,-1.253644368655951885e-02,-4.829990422342036102e-20
1.442950000197841473e+04,-1.300150684088876033e-21,2.820138420018731296e+01,-1.356116735013223253e+06,-5.968671221750489622e+02,-6.864012114163299117e-15,-1.761466871320963946e+03,-3.176750919342552493e-05,-1.786462769935206650e-21,-9.760915305426411948e+00,9.000000000000000000e+01,1.508541836270203618e+01,0.000000000000000000e+00,7.909175516513007684e-20,-1.269009918700901920e-02,-4.764018670021318447e-20
1.443950000198045200e+04,-1.327754713913389064e-21,2.808212247840885212e+01,-1.340951367727628909e+06,-6.392141098018942102e+02,-6.980048045363960552e-15,-1.710733285053562895e+03,2.225156540047734666e-05,1.526074275559807238e-21,-9.760748517319452588e+00,9.000000000000000000e+01,1.495706703094134227e+01,0.000000000000000000e+00,7.993589172392080545e-20,-1.302598258405061361e-02,-4.699023119328121408e-20
1.444950000198248927e+04,-1.355117624654570390e-21,2.796045997208260658e+01,-1.326357956165323034e+06,-6.809542078250940449e+02,-7.091463409787321167e-15,-1.660564831677544589e+03,-1.815646053726638343e-05,-9.435557617894890226e-22,-9.760858558755776571e+00,9.000000000000000000e+01,1.482631508354353045e+01,0.000000000000000000e+00,8.073290272465390799e-20,-1.320237230606262184e-02,-4.634945881779315826e-20
1.445950000198452653e+04,-1.382247461868630766e-21,2.783642387577096855e+01,-1.312328007182176225e+06,-7.220933235417571723e+02,-7.198353809034839741e-15,-1.610932016991705268e+03,1.133033077138634326e-05,8.666042105685237239e-22,-9.760925141278669059e+00,9.000000000000000000e+01,1.469318951906053528e+01,0.000000000000000000e+00,8.148439638189067473e-20,-1.340069357702599641e-02,-4.571731331469877078e-20
1.446950000198656380e+04,-1.409151817217480716e-21,2.771004048308926215e+01,-1.298853320466393605e+06,-7.626370545926345130e+02,-7.300810426504107998e-15,-1.561806098351590208e+03,3.895086052763119255e-05,2.561778262339462373e-21,-9.760871750480124120e+00,9.000000000000000000e+01,1.455771665198468945e+01,0.000000000000000000e+00,8.219188439713836550e-20,-1.366435268320208285e-02,-4.509326333943484981e-20
1.447950000198860107e+04,-1.435837862138341678e-21,2.758133523818040089e+01,-1.285925981887137517e+06,-8.025907028809458552e+02,-7.398920207140943151e-15,-1.513159047398401526e+03,8.993164626325267363e-06,7.312298947867510486e-22,-9.760745123827650360e+00,9.000000000000000000e+01,1.441992189114698242e+01,0.000000000000000000e+00,8.285678790623098184e-20,-1.396697149279064847e-02,-4.447680072582060622e-20
1.448950000199063834e+04,-1.462312379366763414e-21,2.745033278357730211e+01,-1.273538357169422321e+06,-8.419592770902970642e+02,-7.492766031269823477e-15,-1.464963519335792398e+03,2.428141383292725664e-05,1.672437907643518251e-21,-9.760808412193346939e+00,9.000000000000000000e+01,1.427982990375365979e+01,0.000000000000000000e+00,8.348044301228478656e-20,-1.415964418030999684e-02,-4.386743922900917133e-20
1.449950000199267561e+04,-1.488581792567953719e-21,2.731705700471654907e+01,-1.261683085884585977e+06,-8.807474986493164124e+02,-7.582426919110823789e-15,-1.417192822304369884e+03,3.867355924214166407e-05,2.557443106693844732e-21,-9.760811704799170485e+00,9.000000000000000000e+01,1.413746468206135987e+01,0.000000000000000000e+00,8.406410638795500583e-20,-1.438393212092437153e-02,-4.326471008104440226e-20
1.450950000199471287e+04,-1.514652193296948054e-21,2.718153107133215229e+01,-1.250353075745499693e+06,-9.189598130377139569e+02,-7.667978144064029897e-15,-1.369820882989961774e+03,-4.169691698407973490e-05,-2.358762488451400606e-21,-9.761091742376644120e+00,9.000000000000000000e+01,1.399284932580028418e+01,0.000000000000000000e+00,8.460895836506648778e-20,-1.444925795813366450e-02,-4.266816569840053021e-20
1.451950000199675014e+04,-1.540529367295052003e-21,2.704377747593634140e+01,-1.239541497196271084e+06,-9.566003964098492816e+02,-7.749491382320556011e-15,-1.322822215476488736e+03,2.316412577618720547e-05,1.617043204994493906e-21,-9.760688381620829190e+00,9.000000000000000000e+01,1.384600599407377430e+01,0.000000000000000000e+00,8.511610924087311509e-20,-1.489927598193199754e-02,-4.207737069020552178e-20
1.452950000199878741e+04,-1.566218818189887160e-21,2.690381806959031863e+01,-1.229241778287532739e+06,-9.936731321197596571e+02,-7.827034893703353677e-15,-1.276171916711486574e+03,-1.464672244377851484e-06,1.131890130838631239e-22,-9.760921689759625153e+00,9.000000000000000000e+01,1.369695720931491500e+01,0.000000000000000000e+00,8.558660050679852161e-20,-1.498668809940265252e-02,-4.149191392671464925e-20
1.453950000200082468e+04,-1.591725790427362058e-21,2.676167409513290707e+01,-1.219447599827636965e+06,-1.030181666269066000e+03,-7.900673592435671150e-15,-1.229845599126105299e+03,1.204248021302589677e-05,9.445213674242590613e-22,-9.760865011223261334e+00,9.000000000000000000e+01,1.354572367918638953e+01,0.000000000000000000e+00,8.602141109053101836e-20,-1.523618270761104530e-02,-4.091139161965057419e-20
1.454950000200286195e+04,-1.617055290675224520e-21,2.661736621803121849e+01,-1.210152890801099129e+06,-1.066129367257096646e+03,-7.970469180127300527e-15,-1.183819400717385179e+03,2.640928632757777450e-05,1.828275646786254622e-21,-9.760868352783599988e+00,9.000000000000000000e+01,1.339232628887265086e+01,0.000000000000000000e+00,8.642145863051487218e-20,-1.544965853843753741e-02,-4.033541837044429829e-20
1.455950000200489922e+04,-1.642212107995575394e-21,2.647091455499831625e+01,-1.201351824046896771e+06,-1.101519354473812427e+03,-8.036480280685721220e-15,-1.138069940359397378e+03,6.826995512287936663e-05,4.395556427548375544e-21,-9.760818328953872580e+00,9.000000000000000000e+01,1.323678508593332204e+01,0.000000000000000000e+00,8.678760376785082098e-20,-1.569136269305392364e-02,-3.976362042278030051e-20
1.456950000200693648e+04,-1.667200833093265616e-21,2.632233870051431524e+01,-1.193038812187420204e+06,-1.136354491119030627e+03,-8.098762512154368309e-15,-1.092574303700318978e+03,2.683080320231567839e-05,1.861351003886784714e-21,-9.760868302727020662e+00,9.000000000000000000e+01,1.307911982271158813e+01,0.000000000000000000e+00,8.712065213115863188e-20,-1.587451908363703493e-02,-3.919563699104189449e-20
1.457950000200897375e+04,-1.692025876344583784e-21,2.617165775136924566e+01,-1.185208503802496940e+06,-1.170637399960257881e+03,-8.157368598200211199e-15,-1.047310007528682490e+03,1.288027388524071171e-05,1.010510071436973162e-21,-9.760864958036520989e+00,9.000000000000000000e+01,1.291934940690482847e+01,0.000000000000000000e+00,8.742135762275473650e-20,-1.608597678632080197e-02,-3.863111787404229505e-20
1.458950000201101102e+04,-1.716691485246601810e-21,2.601889032934574786e+01,-1.177855779840256087e+06,-1.204370456594072493e+03,-8.212348426613886061e-15,-1.002254987309509715e+03,-2.860592618958435196e-05,-1.525201248323595028e-21,-9.760914926891112842e+00,9.000000000000000000e+01,1.275749242583757237e+01,0.000000000000000000e+00,8.769042386844885132e-20,-1.626541209243404645e-02,-3.806972449322166207e-20
1.459950000201304829e+04,-1.741201761085058700e-21,2.586405460213660490e+01,-1.170975750258139335e+06,-1.237555793004026782e+03,-8.263749167334091487e-15,-9.573875773198853949e+02,-6.744460545604624713e-08,2.254224241273991233e-22,-9.760921591491658944e+00,9.000000000000000000e+01,1.259356724650506187e+01,0.000000000000000000e+00,8.792850760884375648e-20,-1.646756997116199939e-02,-3.751112681167853462e-20
1.460950000201508556e+04,-1.765560674380889339e-21,2.570716830258518826e+01,-1.164563750889545307e+06,-1.270195310791780685e+03,-8.311615334164859786e-15,-9.126864761297126734e+02,1.352042559599198057e-05,1.060563849061956147e-21,-9.760864894539592385e+00,9.000000000000000000e+01,1.242759146475291132e+01,0.000000000000000000e+00,8.813621951613590739e-20,-1.670384844187045720e-02,-3.695500486081223568e-20
1.461950000201712282e+04,-1.789772080221431828e-21,2.554824874634865495e+01,-1.158615340528182685e+06,-1.302290678219876781e+03,-8.355988832267735029e-15,-8.681307320003554651e+02,4.123480877549212664e-05,2.762575117845563387e-21,-9.760811617343055246e+00,9.000000000000000000e+01,1.225958222127404085e+01,0.000000000000000000e+00,8.831412637916849201e-20,-1.693647992567432273e-02,-3.640104738007135346e-20
1.462950000201916009e+04,-1.813839733120922120e-21,2.538731284804816113e+01,-1.153126298226061277e+06,-1.333843326395069425e+03,-8.396909073252742095e-15,-8.236997355145367692e+02,1.388649727829260883e-05,1.092371573740973017e-21,-9.760864971283321978e+00,9.000000000000000000e+01,1.208955674133316194e+01,0.000000000000000000e+00,8.846275341242769769e-20,-1.710707027845586453e-02,-3.584895047368453126e-20
1.463950000202119736e+04,-1.837767300831935739e-21,2.522437713597745201e+01,-1.148092620798968710e+06,-1.364854464333278656e+03,-8.434412970001628979e-15,-7.793731795464489096e+02,-1.587003458869418182e-06,1.478411380401336974e-22,-9.760741569917669835e+00,9.000000000000000000e+01,1.191753150969460506e+01,0.000000000000000000e+00,8.858258515846065885e-20,-1.737609763515258338e-02,-3.529841644143294819e-20
1.464950000202323463e+04,-1.861558377895001211e-21,2.505945776543923031e+01,-1.143510520535773598e+06,-1.395325076257885485e+03,-8.468535028592401817e-15,-7.351310481134835300e+02,2.622025203202760224e-05,1.853484850179324068e-21,-9.760688270459112914e+00,9.000000000000000000e+01,1.174352263665485196e+01,0.000000000000000000e+00,8.867406663773342931e-20,-1.760383966465335973e-02,-3.474915601903772112e-20
1.465950000202527190e+04,-1.885216499162907448e-21,2.489257053075550274e+01,-1.139376423105612397e+06,-1.425255921377938193e+03,-8.499307388808594546e-15,-6.909536028197130690e+02,2.944553929462578878e-05,2.053806072109902421e-21,-9.760928244629475614e+00,9.000000000000000000e+01,1.156754607212946873e+01,0.000000000000000000e+00,8.873760494885054340e-20,-1.766398244351998978e-02,-3.420088583688792218e-20
1.466950000202730916e+04,-1.908745152546832368e-21,2.472373087601403086e+01,-1.135686965659891255e+06,-1.454647545946372020e+03,-8.526759872694149869e-15,-6.468213429839884157e+02,4.233144654763876247e-05,2.846339926721828193e-21,-9.760811609444552062e+00,9.000000000000000000e+01,1.138961681115878122e+01,0.000000000000000000e+00,8.877357078634303003e-20,-1.792449390939206133e-02,-3.365332501016636128e-20
1.467950000202934643e+04,-1.932147791839948067e-21,2.455295390458923777e+01,-1.132438995124891400e+06,-1.483500266263153208e+03,-8.550920019165884228e-15,-6.027150292876366393e+02,1.497684435425306049e-05,1.173436997382943830e-21,-9.760864849121620779e+00,9.000000000000000000e+01,1.120975046990012913e+01,0.000000000000000000e+00,8.878229869566458275e-20,-1.808733688900993411e-02,-3.310620114524307264e-20
1.468950000203138370e+04,-1.955427848716635059e-21,2.438025438748487872e+01,-1.129629566680996679e+06,-1.511814192482656608e+03,-8.571813112648835747e-15,-5.586156148320469583e+02,2.934123115116982206e-05,2.056487484159198988e-21,-9.760868245240290619e+00,9.000000000000000000e+01,1.102796139102050077e+01,0.000000000000000000e+00,8.876408835057264808e-20,-1.827693859619537037e-02,-3.255924422928331448e-20
1.469950000203342097e+04,-1.978588745365846954e-21,2.420564677052765390e+01,-1.127255942425248213e+06,-1.539589213020239868e+03,-8.589462223113479517e-15,-5.145042685391266559e+02,2.953714022990716614e-05,2.072508951866935986e-21,-9.760868253539943140e+00,9.000000000000000000e+01,1.084426415927699061e+01,0.000000000000000000e+00,8.871920528441081437e-20,-1.846703010185158506e-02,-3.201218862621346236e-20
1.470950000203545824e+04,-2.001633906375749538e-21,2.402914518045002623e+01,-1.125315590214848518e+06,-1.566825001865862077e+03,-8.603888244490287572e-15,-4.703623460321703078e+02,-1.270501941075252716e-05,-5.121875352709403880e-22,-9.760858149771989289e+00,9.000000000000000000e+01,1.065867314955855427e+01,0.000000000000000000e+00,8.864788184282487553e-20,-1.866144998970575494e-02,-3.146477141262459303e-20
1.471950000203749551e+04,-2.024566770311390339e-21,2.385076342988726950e+01,-1.123806182687714696e+06,-1.593521024785724649e+03,-8.615109896086800751e-15,-4.261713523408122910e+02,-2.529082296520712703e-05,-1.278788695320021796e-21,-9.760974766699240135e+00,9.000000000000000000e+01,1.047120183447477970e+01,0.000000000000000000e+00,8.855031712263712482e-20,-1.878276118598377897e-02,-3.091673396936200758e-20
1.472950000203953277e+04,-2.047390802270245566e-21,2.367051502131288743e+01,-1.122725596458545886e+06,-1.619676529940722048e+03,-8.623143747170238442e-15,-3.819129594787210067e+02,2.952538579759078630e-05,2.078849816254510786e-21,-9.760808252180282807e+00,9.000000000000000000e+01,1.028186397406314967e+01,0.000000000000000000e+00,8.842667840812121364e-20,-1.906303369646382764e-02,-3.036781676486945988e-20
1.473950000204157004e+04,-2.070109504880353269e-21,2.348841314993313745e+01,-1.122071911487426609e+06,-1.645290557226534474e+03,-8.628004257262286431e-15,-3.375689593919436788e+02,3.041048864682593944e-05,2.136257477757923386e-21,-9.760868249360594717e+00,9.000000000000000000e+01,1.009067257024042163e+01,0.000000000000000000e+00,8.827710019688881353e-20,-1.921376190809391191e-02,-2.981776667292723521e-20
1.474950000204360731e+04,-2.092726430882209419e-21,2.330447070555583267e+01,-1.121843410619557835e+06,-1.670361932311132705e+03,-8.629703762071599126e-15,-2.931212708134244167e+02,-1.117830327768132292e-05,-4.078261701341813567e-22,-9.760918125157768799e+00,9.000000000000000000e+01,9.897640649483388842e+00,0.000000000000000000e+00,8.810168602908983737e-20,-1.936894690470772687e-02,-2.926632817891761185e-20
1.475950000204564458e+04,-2.115245194552844918e-21,2.311870027344829381e+01,-1.122038579293496907e+06,-1.694889270631344289e+03,-8.628252485453902755e-15,-2.485519042853362066e+02,-2.642159920673847751e-05,-1.338772272087989234e-21,-9.760794754494378722e+00,9.000000000000000000e+01,9.702780638977845484e+00,0.000000000000000000e+00,8.790050780099787485e-20,-1.962097297361600073e-02,-2.871324733035006866e-20
1.476950000204768185e+04,-2.137669483822619378e-21,2.293111413419051559e+01,-1.122656105417340063e+06,-1.718870973804781670e+03,-8.623658552335367151e-15,-2.038429656646321746e+02,1.754096392425630313e-05,1.356199911574983916e-21,-9.760924876181524823e+00,9.000000000000000000e+01,9.506104999909023689e+00,0.000000000000000000e+00,8.767360588843704808e-20,-1.972827106173824507e-02,-2.815827249920894794e-20
1.477950000204971911e+04,-2.160003072466301993e-21,2.274172426253371526e+01,-1.123694879411119968e+06,-1.742305232293978179e+03,-8.615928009261144914e-15,-1.589766222547046937e+02,4.543859465422350752e-05,3.066122370172108723e-21,-9.760871644474102382e+00,9.000000000000000000e+01,9.307625645210913845e+00,0.000000000000000000e+00,8.742098981511403201e-20,-1.993819345085257044e-02,-2.760114856509424960e-20
1.478950000205175638e+04,-2.182249832136919045e-21,2.255054232526513758e+01,-1.125153994414052926e+06,-1.765190022576460024e+03,-8.605064792092602814e-15,-1.139350952817255802e+02,3.816993228156206897e-06,5.199332363153426888e-22,-9.760921498283700259e+00,9.000000000000000000e+01,9.107354206760138737e+00,0.000000000000000000e+00,8.714263728781611825e-20,-2.008860269741213553e-02,-2.704162277605265232e-20
1.479950000205379365e+04,-2.204413745113788896e-21,2.235757967807510127e+01,-1.127032746656590141e+06,-1.787523106033521799e+03,-8.591070723268283130e-15,-6.870064754029326082e+01,4.710716642120083009e-05,3.172341362816460174e-21,-9.760991651295485738e+00,9.000000000000000000e+01,8.905302133076345328e+00,0.000000000000000000e+00,8.683849498282225308e-20,-2.022639995833774157e-02,-2.647943939873087289e-20
1.480950000205583092e+04,-2.226498916805450038e-21,2.216284736143026635e+01,-1.129330635996303521e+06,-1.809302028665267926e+03,-8.573945530662803728e-15,-2.325555356033126486e+01,4.247229403064878284e-06,5.500699782604393183e-22,-9.760921497853534134e+00,9.000000000000000000e+01,8.701480254008682635e+00,0.000000000000000000e+00,8.650847754167910889e-20,-2.044254426962132873e-02,-2.591434116412941053e-20
1.481950000205786819e+04,-2.248509588938738559e-21,2.196635609543748302e+01,-1.132047366617226973e+06,-1.830524118312505607e+03,-8.553686827332191674e-15,2.241789302722384036e+01,-2.442533894186915688e-05,-1.204023505575161197e-21,-9.760854700456560451e+00,9.000000000000000000e+01,8.495899476386735927e+00,0.000000000000000000e+00,8.615246808515206476e-20,-2.065573306441679038e-02,-2.534606919699969754e-20
1.482950000205990546e+04,-2.270450152740333036e-21,2.176811627369602675e+01,-1.135182847893034108e+06,-1.851186482914399676e+03,-8.530290064193487546e-15,6.833741714182792748e+01,-3.719950981251329836e-05,-1.983431488066741434e-21,-9.760971326545716309e+00,9.000000000000000000e+01,8.288570112120137168e+00,0.000000000000000000e+00,8.577031681946899479e-20,-2.076405353368665843e-02,-2.477436235117303089e-20
1.483950000206194272e+04,-2.292325162931595188e-21,2.156813795611588347e+01,-1.138737195413721725e+06,-1.871286008994866506e+03,-8.503748571968820551e-15,1.145207631450653025e+02,-9.820831164741861130e-06,-3.061725897391382240e-22,-9.760858089994924214e+00,9.000000000000000000e+01,8.079502316481038449e+00,0.000000000000000000e+00,8.536184186412271838e-20,-2.100152278509901174e-02,-2.419895350694730537e-20
1.484950000206397999e+04,-2.314139351489799002e-21,2.136643086069094366e+01,-1.142710732176453806e+06,-1.890819357357555191e+03,-8.474053483516271633e-15,1.609857285490409708e+02,4.530676614566964133e-05,3.071588291919889631e-21,-9.760691718224883573e+00,9.000000000000000000e+01,7.868705555800850071e+00,0.000000000000000000e+00,8.492682718377900648e-20,-2.126812062278399945e-02,-2.361957440330724387e-20
1.485950000206601726e+04,-2.335897642731677016e-21,2.116300435420695436e+01,-1.147103989941918291e+06,-1.909782963241267225e+03,-8.441193745200186395e-15,2.077501424387113502e+02,4.241404609528487413e-06,5.577560772642742916e-22,-9.760801525725703698e+00,9.000000000000000000e+01,7.656189682032982446e+00,0.000000000000000000e+00,8.446502289713385011e-20,-2.137744008496637524e-02,-2.303595203051525830e-20
1.486950000206805453e+04,-2.357605168089492263e-21,2.095786744185331330e+01,-1.151917710755695589e+06,-1.928173028553669610e+03,-8.405156063741728409e-15,2.548319366149308678e+02,5.566013352220622323e-06,6.402678803465221764e-22,-9.760921523753319562e+00,9.000000000000000000e+01,7.441963331010500227e+00,0.000000000000000000e+00,8.397614442360898914e-20,-2.148010840592214435e-02,-2.244780681749411704e-20
1.487950000207009180e+04,-2.379267282096403141e-21,2.075102875571783656e+01,-1.157152848637159914e+06,-1.945985520500526036e+03,-8.365924882603059527e-15,3.022491248327302173e+02,3.352780329168858486e-05,2.355037913747199825e-21,-9.760868339467116073e+00,9.000000000000000000e+01,7.226034981585254258e+00,0.000000000000000000e+00,8.345987128206678364e-20,-2.167998061838073351e-02,-2.185485347571206895e-20
1.488950000207212906e+04,-2.400889578860869659e-21,2.054249654212758003e+01,-1.162810571436706930e+06,-1.963216171790285443e+03,-8.323482376940485492e-15,3.500198019663500304e+02,4.980432068313334071e-06,6.062748238027933405e-22,-9.760801542383642726e+00,9.000000000000000000e+01,7.008413407610403212e+00,0.000000000000000000e+00,8.291584662973206479e-20,-2.188675512543891699e-02,-2.125680064959179540e-20
1.489950000207416633e+04,-2.422477908750175802e-21,2.033227864779556526e+01,-1.168892262862264179e+06,-1.979860466503461339e+03,-8.277808340121336871e-15,3.981622189311931379e+02,3.402021014942135935e-05,2.385724754557176455e-21,-9.760868361474468458e+00,9.000000000000000000e+01,6.789106026460216547e+00,0.000000000000000000e+00,8.234367527681239233e-20,-2.201711852522855381e-02,-2.065335115188164605e-20
1.490950000207620360e+04,-2.444038396775523050e-21,2.012038250475855961e+01,-1.175399524682015181e+06,-1.995913644726194207e+03,-8.228880216040508002e-15,4.466947434606930187e+02,2.062066845165411166e-05,1.565804660977372108e-21,-9.760924960179835352e+00,9.000000000000000000e+01,6.568120448504437547e+00,0.000000000000000000e+00,8.174292348004677848e-20,-2.215254655024758920e-02,-2.004419774260401658e-20
1.491950000207824087e+04,-2.465577460959620486e-21,1.990681511401287551e+01,-1.182334179096028209e+06,-2.011370690327131342e+03,-8.176672994152302548e-15,4.956359130102637209e+02,2.083099016836342798e-05,1.580497728927560125e-21,-9.760924970533386258e+00,9.000000000000000000e+01,6.345463460073301754e+00,0.000000000000000000e+00,8.111311696810578458e-20,-2.231933457938722540e-02,-1.942902543276547041e-20
1.492950000208027814e+04,-2.487101832254012822e-21,1.969158302783841208e+01,-1.189698271287294105e+06,-2.026226334390780949e+03,-8.121159204298648772e-15,5.450044134716079043e+02,7.428933105568802375e-06,7.590008969633656779e-22,-9.760981563760909197e+00,9.000000000000000000e+01,6.121142054394469234e+00,0.000000000000000000e+00,8.045374004610061377e-20,-2.245345615406842132e-02,-1.880750938550690648e-20
1.493950000208231540e+04,-2.508618574831497182e-21,1.947469233074152939e+01,-1.197494072153046727e+06,-2.040475034047458848e+03,-8.062308797951404029e-15,5.948191566538880579e+02,4.959599517173618466e-05,3.342046621967734405e-21,-9.760931826257456478e+00,9.000000000000000000e+01,5.895161782693175034e+00,0.000000000000000000e+00,7.976423320174314209e-20,-2.264719315987396772e-02,-1.817931459555219149e-20
1.494950000208435267e+04,-2.530135108204455770e-21,1.925614861895431673e+01,-1.205724081218009815e+06,-2.054110982091123788e+03,-8.000089152663524508e-15,6.450992346345366286e+02,2.059060972969817271e-05,1.566943356684702753e-21,-9.760805010447946017e+00,9.000000000000000000e+01,5.667528449727047501e+00,0.000000000000000000e+00,7.904399212068772891e-20,-2.288403404315826617e-02,-1.754409443147828812e-20
1.495950000208638994e+04,-2.551659229969636750e-21,1.903595697842465739e+01,-1.214391029734385200e+06,-2.067128093275215178e+03,-7.934464963980681909e-15,6.958639656779970437e+02,2.039193132330474612e-05,1.554528791432324352e-21,-9.760745025610075842e+00,9.000000000000000000e+01,5.438247330884993680e+00,0.000000000000000000e+00,7.829236570954572427e-20,-2.308255638483758601e-02,-1.690149039537795163e-20
1.496950000208842721e+04,-2.573199139989735659e-21,1.881412196122298042e+01,-1.223497883971505798e+06,-2.079519991991974621e+03,-7.865398160503360220e-15,7.471329257960840096e+02,7.396319919195093462e-06,7.597955637061228175e-22,-9.760861609776565473e+00,9.000000000000000000e+01,5.207322803314327508e+00,0.000000000000000000e+00,7.750865338661274560e-20,-2.318068619961406035e-02,-1.625113099790127827e-20
1.497950000209046448e+04,-2.594763466240203938e-21,1.859064756028501719e+01,-1.233047848699230701e+06,-2.091280012932981208e+03,-7.792847859108283463e-15,7.989259409344588221e+02,3.594655728123008487e-05,2.506869324224461941e-21,-9.760868463933134009e+00,9.000000000000000000e+01,4.974759025295953485e+00,0.000000000000000000e+00,7.669210388488598025e-20,-2.334056991152253652e-02,-1.559262815893142144e-20
1.498950000209250175e+04,-2.616361291698556193e-21,1.836553718240186583e+01,-1.243044370869425125e+06,-2.102401180950699199e+03,-7.716770261479046467e-15,8.512631387033345618e+02,7.891683958538564525e-06,7.898751652572698374e-22,-9.760861636818463083e+00,9.000000000000000000e+01,4.740559053323125660e+00,0.000000000000000000e+00,7.584191181372906879e-20,-2.350788914433310506e-02,-1.492558032810939638e-20
1.499950000209453901e+04,-2.638002183503291859e-21,1.813879361936086809e+01,-1.253491143500881270e+06,-2.112876220134319283e+03,-7.637118569012395845e-15,9.041649180640711165e+02,-3.301848435710574847e-05,-1.715606484065639348e-21,-9.761031348106397942e+00,9.000000000000000000e+01,4.504726117502880101e+00,0.000000000000000000e+00,7.495721598529280102e-20,-2.357501347010492257e-02,-1.424956838160651559e-20
1.500950000209657628e+04,-2.659696223383140691e-21,1.791041901713150963e+01,-1.264392109771075659e+06,-2.122697521341732681e+03,-7.553842864743271501e-15,9.576520288715156539e+02,-2.027467890108880511e-05,-9.372380321592812916e-22,-9.760794796948731644e+00,9.000000000000000000e+01,4.267262039840393761e+00,0.000000000000000000e+00,7.403709604109593564e-20,-2.387196374858018347e-02,-1.356415273930221821e-20
1.501950000209861355e+04,-2.681454040300784262e-21,1.768041484298188593e+01,-1.275751467321704142e+06,-2.131857149502627180e+03,-7.466890032821722450e-15,1.011745546815929288e+03,9.062819571914459971e-06,8.592698026859308608e-22,-9.760921671166443048e+00,9.000000000000000000e+01,4.028168388601454986e+00,0.000000000000000000e+00,7.308056922683423111e-20,-2.396304824848622533e-02,-1.286887894334625163e-20
1.502950000210065082e+04,-2.703286845393929765e-21,1.744878185040048280e+01,-1.287573672783163376e+06,-2.140346821309077768e+03,-7.376203632769412533e-15,1.066466921254193267e+03,2.225953856149764931e-05,1.667233087490838083e-21,-9.760745129630036487e+00,9.000000000000000000e+01,3.787445750390904475e+00,0.000000000000000000e+00,7.208658768837167404e-20,-2.422587444188636918e-02,-1.216326581624994408e-20
1.503950000210268809e+04,-2.725206468980463119e-21,1.721552004168114891e+01,-1.299863446522860788e+06,-2.148157910108427131e+03,-7.281723798834474212e-15,1.121837961429889674e+03,2.293471658321166728e-05,1.706598124614250276e-21,-9.760805144894272090e+00,9.000000000000000000e+01,3.545094599729511131e+00,0.000000000000000000e+00,7.105403468082420002e-20,-2.435481220381528061e-02,-1.144681317798056205e-20
1.504950000210472535e+04,-2.747225400167712144e-21,1.698062862802922979e+01,-1.312625777625799179e+06,-2.155281402356341459e+03,-7.183387051474300468e-15,1.177880921529143279e+03,2.356011691084791693e-05,1.744738208675599919e-21,-9.760865167290001310e+00,9.000000000000000000e+01,3.301113653058277198e+00,0.000000000000000000e+00,6.998172017723504313e-20,-2.448386607605317067e-02,-1.071899419845672097e-20
1.505950000210676262e+04,-2.769356829495363109e-21,1.674410598701774688e+01,-1.325865929113271646e+06,-2.161707920353162990e+03,-7.081126243449561571e-15,1.234618451624703539e+03,-4.066319726270251067e-06,5.100737354272432614e-23,-9.760918252814752449e+00,9.000000000000000000e+01,3.055501661737998198e+00,0.000000000000000000e+00,6.886837771120823045e-20,-2.461705302618406865e-02,-9.979255217739831141e-21
1.506950000210879989e+04,-2.791614694226085206e-21,1.650594961721956722e+01,-1.339589443406084552e+06,-2.167427675430707950e+03,-6.974870316685687304e-15,1.292073682575667135e+03,-4.189111479979690245e-06,4.177670047263246565e-23,-9.760858304195940249e+00,9.000000000000000000e+01,2.808255803358978397e+00,0.000000000000000000e+00,6.771265874140298659e-20,-2.481453066556228021e-02,-9.227014020507329321e-21
1.507950000211083716e+04,-2.814013727278972904e-21,1.626615608981544980e+01,-1.353802148041498847e+06,-2.172430476758526311e+03,-6.864544238834566226e-15,1.350270206902345308e+03,2.367178705253714099e-05,1.746225643528117067e-21,-9.760745223896190481e+00,9.000000000000000000e+01,2.559372733528403998e+00,0.000000000000000000e+00,6.651312881459312135e-20,-2.504248032700434265e-02,-8.461657741855020536e-21
1.508950000211287443e+04,-2.836569509603803949e-21,1.602472099697063612e+01,-1.368510161651345901e+06,-2.176705706820830983e+03,-6.750068746429841038e-15,1.409232118082207990e+03,-3.665096101168607845e-06,7.128220661413429272e-23,-9.760858340257602350e+00,9.000000000000000000e+01,2.308848167513207983e+00,0.000000000000000000e+00,6.526826118900887112e-20,-2.514285984837833637e-02,-7.682540676953379904e-21
1.509950000211491169e+04,-2.859298526593172002e-21,1.578163889673532516e+01,-1.383719900209832005e+06,-2.180242299918729714e+03,-6.631360220401401321e-15,1.468984044803322831e+03,-1.784534730292497429e-05,-7.994389132803388688e-22,-9.760794906921077541e+00,9.000000000000000000e+01,2.056676609543799383e+00,0.000000000000000000e+00,6.397643220848699238e-20,-2.534379178572812238e-02,-6.888978569252376732e-21
1.510950000211694896e+04,-2.882218228742460516e-21,1.553690325423153418e+01,-1.399438083559921943e+06,-2.183028729977693729e+03,-6.508330448403608721e-15,1.529551166151019743e+03,1.165050553381119514e-05,1.004845563025121787e-21,-9.760981827049077353e+00,9.000000000000000000e+01,1.802851578489886641e+00,0.000000000000000000e+00,6.263591416388296333e-20,-2.540369590628989427e-02,-6.080251230477089296e-21
1.511950000211898623e+04,-2.905347097184902765e-21,1.529050637881855046e+01,-1.415671742228250951e+06,-2.185052981854615155e+03,-6.380886446770324650e-15,1.590959253962271760e+03,1.098755166567544350e-05,9.616043115995713831e-22,-9.760801853717456567e+00,9.000000000000000000e+01,1.547365167344089132e+00,0.000000000000000000e+00,6.124486905127032789e-20,-2.567214738164759133e-02,-5.255592720033437042e-21
1.512950000212102350e+04,-2.928704714318258985e-21,1.504243935695394363e+01,-1.432428224538462237e+06,-2.186302551929957644e+03,-6.248930209780785335e-15,1.653234669302793691e+03,1.186839508487969042e-05,1.012837093785885911e-21,-9.760921872296790980e+00,9.000000000000000000e+01,1.290208771309144797e+00,0.000000000000000000e+00,5.980134106487272575e-20,-2.577171271244188891e-02,-4.414195882471524071e-21
1.513950000212306077e+04,-2.952311840214420157e-21,1.479269198039781941e+01,-1.449715204033679329e+06,-2.186764399046280687e+03,-6.112358481149291518e-15,1.716404432057522854e+03,-1.612203969739156584e-05,-7.045202984330606391e-22,-9.760914971927981298e+00,9.000000000000000000e+01,1.031372001058506127e+00,0.000000000000000000e+00,5.830324875374603182e-20,-2.594422209364329393e-02,-3.555200865648154972e-21
1.514950000212509804e+04,-2.976190495274842101e-21,1.454125266939615635e+01,-1.467540687218570150e+06,-2.186424934378159833e+03,-5.971062467585244693e-15,1.780496230410294856e+03,1.212242303663679799e-05,1.022750253374862972e-21,-9.760861961066266801e+00,9.000000000000000000e+01,7.708431224942575710e-01,0.000000000000000000e+00,5.674837622659186526e-20,-2.614406680978801495e-02,-2.677696498946633693e-21
1.515950000212713530e+04,-3.000364049836766817e-21,1.428810839043019243e+01,-1.485913021633937955e+06,-2.185270012108245737e+03,-5.824927594420270271e-15,1.845538433988463566e+03,5.401817980552059417e-05,3.583713082010252664e-21,-9.760692348308740662e+00,9.000000000000000000e+01,5.086094235125496743e-01,0.000000000000000000e+00,5.513436391000025742e-20,-2.641130546147068409e-02,-1.780713308741585268e-21
1.516950000212917257e+04,-3.024857321317345919e-21,1.403324456808650389e+01,-1.504840904274945147e+06,-2.183284874449423114e+03,-5.673833177305008533e-15,1.911560163424188204e+03,4.070885974367943749e-05,2.765678962576149085e-21,-9.760808909063417360e+00,9.000000000000000000e+01,2.446561888505725813e-01,0.000000000000000000e+00,5.345869807951637321e-20,-2.651806417634130358e-02,-8.632214782113145006e-22
1.517950000213120984e+04,-3.049696679825991529e-21,1.377664499054674430e+01,-1.524333390366401523e+06,-2.180454142658582441e+03,-5.517652097002228819e-15,1.978591299006531472e+03,-6.531091273549206877e-07,2.298038621858481854e-22,-9.760978524020421432e+00,9.000000000000000000e+01,-2.103277861480641955e-02,0.000000000000000000e+00,5.171869995992461133e-20,-2.659649285130520971e-02,7.587850503251660759e-23
1.518950000213324711e+04,-3.074910162971118213e-21,1.351829170816001380e+01,-1.544399902508792467e+06,-2.176761787447594088e+03,-5.356250453609455291e-15,2.046662516487289849e+03,-1.447688516487133370e-05,-6.227458607974178945e-22,-9.760975076383019200e+00,9.000000000000000000e+01,-2.884752941459742814e-01,0.000000000000000000e+00,4.991151346096715699e-20,-2.677478743316028323e-02,1.037759358568797452e-21
1.519950000213528438e+04,-3.100527600934729163e-21,1.325816492448669237e+01,-1.565050240208412521e+06,-2.172191073614221750e+03,-5.189487179170883875e-15,2.115805349373355511e+03,1.359644656116765216e-05,1.092101211102963886e-21,-9.760862022610652389e+00,9.000000000000000000e+01,-5.576915718321251436e-01,0.000000000000000000e+00,4.803409170269969147e-20,-2.701721225893214881e-02,2.023671563840332048e-21
1.520950000213732164e+04,-3.126580752856491440e-21,1.299624287915115239e+01,-1.586294589807481505e+06,-2.166724573395585594e+03,-5.017213649872603958e-15,2.186052174218511027e+03,1.411261302997068867e-05,1.119513579588413665e-21,-9.760922082011456169e+00,9.000000000000000000e+01,-8.287030456198769546e-01,0.000000000000000000e+00,4.608318266881911891e-20,-2.716390736353262517e-02,3.034951853416797106e-21
1.521950000213935891e+04,-3.153103455756138396e-21,1.273250172176174466e+01,-1.608143534828918986e+06,-2.160344089704413364e+03,-4.839273203860571338e-15,2.257436294683195229e+03,4.265173290204926637e-05,2.862513846357019772e-21,-9.760929090702026301e+00,9.000000000000000000e+01,-1.101533650023128752e+00,0.000000000000000000e+00,4.405531310197892534e-20,-2.734313185707259314e-02,4.073031869282813770e-21
1.522950000214139618e+04,-3.180131787385434266e-21,1.246691537608306355e+01,-1.630608066752161831e+06,-2.153030637572854175e+03,-4.655500714519314595e-15,2.329991960964267491e+03,4.254206803219751087e-05,2.850474267883141825e-21,-9.760809111276982364e+00,9.000000000000000000e+01,-1.376209451455221666e+00,0.000000000000000000e+00,4.194677134180330392e-20,-2.759697534799544771e-02,5.139444821478778125e-21
1.523950000214343345e+04,-3.207704244541949346e-21,1.219945539355175690e+01,-1.653699596237228252e+06,-2.144764405179661026e+03,-4.465722026180266814e-15,2.403754409850575030e+03,2.873902797145833077e-05,1.999125413854912626e-21,-9.760805664976189178e+00,9.000000000000000000e+01,-1.652758771995772591e+00,0.000000000000000000e+00,3.975358793375943743e-20,-2.778781246178208680e-02,6.235834144492395226e-21
1.524950000214547072e+04,-3.235861938587915162e-21,1.193009079512333237e+01,-1.677429964814113453e+06,-2.135524698211436771e+03,-4.269753409988535275e-15,2.478759920156327098e+03,2.924881475252494312e-05,2.024042951357286573e-21,-9.760865691395295585e+00,9.000000000000000000e+01,-1.931212680264658976e+00,0.000000000000000000e+00,3.747151471326501314e-20,-2.794594494919374825e-02,7.363965196208258336e-21
1.525950000214750798e+04,-3.264648810134941771e-21,1.165878790033026213e+01,-1.701811457056188025e+06,-2.125289903739798319e+03,-4.067400952958731306e-15,2.555045847413756746e+03,-2.694147536719260216e-05,-1.423213177771436710e-21,-9.760851784488984606e+00,9.000000000000000000e+01,-2.211604930881966968e+00,0.000000000000000000e+00,3.509600149617805736e-20,-2.814944478290137483e-02,8.525736021063079151e-21
1.526950000214954525e+04,-3.294111865129307489e-21,1.138551014229725666e+01,-1.726856813257061876e+06,-2.114037445721032327e+03,-3.858459891139235061e-15,2.632650666414878742e+03,2.972491260933018964e-05,2.039868698083021250e-21,-9.760805779327103693e+00,9.000000000000000000e+01,-2.493972074943592077e+00,0.000000000000000000e+00,3.262217110047101897e-20,-2.837492552020614428e-02,9.723188704980345264e-21
1.527950000215158252e+04,-3.324301434844681057e-21,1.111021786731434169e+01,-1.752579242629278451e+06,-2.101743739910858949e+03,-3.642713903100745257e-15,2.711614014154825327e+03,-4.010026732037541564e-05,-2.243384100516730548e-21,-9.760968351708768864e+00,9.000000000000000000e+01,-2.778353551763676155e+00,0.000000000000000000e+00,3.004479046359864778e-20,-2.848644678796648233e-02,1.095852322229922428e-20
1.528950000215361979e+04,-3.355271462680100016e-21,1.083286811740624600e+01,-1.778992437047478743e+06,-2.088384107943727940e+03,-3.419934294890745480e-15,2.791976764182390980e+03,-5.404116467011554903e-05,-3.105617634678589073e-21,-9.760904869230680347e+00,9.000000000000000000e+01,-3.064792571188899029e+00,0.000000000000000000e+00,2.735824044691882285e-20,-2.873041929893193486e-02,1.223411489387899856e-20
1.529950000215565706e+04,-3.387079821021109163e-21,1.055341439414704752e+01,-1.806110585355651565e+06,-2.073932738146785141e+03,-3.189879154521405023e-15,2.873781059855502008e+03,1.673557486447929676e-05,1.222798108682793997e-21,-9.760862451793352434e+00,9.000000000000000000e+01,-3.353335911894722354e+00,0.000000000000000000e+00,2.455648102850050511e-20,-2.896730189907943676e-02,1.355252754722961279e-20
1.530950000215769433e+04,-3.419788661510975472e-21,1.027180640175387616e+01,-1.833948388261207379e+06,-2.058362689626795145e+03,-2.952292439805877158e-15,2.957070318302413853e+03,1.748835166448525769e-05,1.258298990447866056e-21,-9.761042448694457363e+00,9.000000000000000000e+01,-3.644032900922816509e+00,0.000000000000000000e+00,2.163301309420305479e-20,-2.908349322394509703e-02,1.491653468446003589e-20
1.531950000215973159e+04,-3.453464804003783157e-21,9.987989767256388873e+00,-1.862521073838246055e+06,-2.041645660905052864e+03,-2.706902913270869093e-15,3.041889408560006814e+03,3.157553384980360534e-05,2.112186439458455234e-21,-9.760865999524042991e+00,9.000000000000000000e+01,-3.936938965337391405e+00,0.000000000000000000e+00,1.858083694444807578e-20,-2.940713967310626051e-02,1.632914201885462489e-20
1.532950000216176886e+04,-3.488180167449259913e-21,9.701905735252513097e+00,-1.891844413663741201e+06,-2.023752107971657551e+03,-2.453423021765341911e-15,3.128284566095418995e+03,1.791720716692868365e-05,1.265883048111917250e-21,-9.760922543872215584e+00,9.000000000000000000e+01,-4.232112206326776871e+00,0.000000000000000000e+00,1.539240455845822999e-20,-2.960498248309399033e-02,1.779360621258868690e-20
1.533950000216380613e+04,-3.524012249844567748e-21,9.413490834451234690e+00,-1.921934739609734155e+06,-2.004651019381630022e+03,-2.191547702328790267e-15,3.216303559738651984e+03,3.991227105260009012e-06,4.051003013170440662e-22,-9.760859180651229039e+00,9.000000000000000000e+01,-4.529616631641805391e+00,0.000000000000000000e+00,1.205956831789122483e-20,-2.987730715360932890e-02,1.931346675596910926e-20
1.534950000216584340e+04,-3.561044662282089176e-21,9.122676512835488083e+00,-1.952808961316939443e+06,-1.984309965256732085e+03,-1.920952978364087116e-15,3.305995661148817817e+03,1.843184775751627313e-05,1.277412453083745569e-21,-9.760802647065032644e+00,9.000000000000000000e+01,-4.829520096320111477e+00,0.000000000000000000e+00,8.573521806696443109e-21,-3.015288852996266672e-02,2.089257161795965703e-20
1.535950000216788067e+04,-3.599367725850005995e-21,8.829388737858595348e+00,-1.984484584373399615e+06,-1.962694882230392523e+03,-1.641294481427964727e-15,3.397411792644369598e+03,-9.359851688817144577e-06,-4.360891895227550283e-22,-9.760855677988169887e+00,9.000000000000000000e+01,-5.131897034410275005e+00,0.000000000000000000e+00,4.924735394232483058e-21,-3.037413219590071392e-02,2.253511261858801312e-20
1.536950000216991793e+04,-3.639079138297543170e-21,8.533547557605665190e+00,-2.016979729224484414e+06,-1.939770059267762008e+03,-1.352205822146382351e-15,3.490604537755013553e+03,-8.903160471973592394e-06,-4.194652822817586247e-22,-9.760915763068810591e+00,9.000000000000000000e+01,-5.436827466461895852e+00,0.000000000000000000e+00,1.102883510882083082e-21,-3.059969018249368219e-02,2.424566277919250297e-20
1.537950000217195520e+04,-3.680284721367467216e-21,8.235066618297945951e+00,-2.050313150837701745e+06,-1.915498042210975200e+03,-1.053296727728948906e-15,3.585628206059252534e+03,7.611197237333833243e-05,4.771430118383286656e-21,-9.760816853375914093e+00,9.000000000000000000e+01,-5.744397444707070477e+00,0.000000000000000000e+00,-2.903237817648035282e-21,-3.092423764863518748e-02,2.602921870548870969e-20
1.538950000217399247e+04,-3.723099260290842952e-21,7.933852632867313126e+00,-2.084504259149290621e+06,-1.889839452194766181e+03,-7.441510800678379708e-16,3.682538943888601352e+03,5.922748221198759211e-06,4.623994300860322670e-22,-9.760859358569376809e+00,9.000000000000000000e+01,-6.054700804922325652e+00,0.000000000000000000e+00,-7.105801674997481132e-21,-3.117841814245376694e-02,2.789124784892095870e-20
1.539950000217602974e+04,-3.767647447103957298e-21,7.629804794584233107e+00,-2.119573140315392986e+06,-1.862752997131041184e+03,-4.243246364014726473e-16,3.781394731883161967e+03,-5.006469713464412052e-05,-2.980316604153229703e-21,-9.760965338960573945e+00,9.000000000000000000e+01,-6.367837713495365648e+00,0.000000000000000000e+00,-1.151805434386886527e-20,-3.140714105405997825e-02,2.983774448389260771e-20
1.540950000217806701e+04,-3.814064945730539541e-21,7.322814128852309423e+00,-2.155540578793202527e+06,-1.834195209689014519e+03,-9.334254942692291220e-17,3.882255533066655971e+03,6.758531640782550198e-06,4.833320849725384956e-22,-9.760859485584310491e+00,9.000000000000000000e+01,-6.683917506397798469e+00,0.000000000000000000e+00,-1.615443156314537466e-20,-3.176712511132352007e-02,3.187529203817203784e-20
1.541950000218010427e+04,-3.862499594555742681e-21,7.012762775260114267e+00,-2.192428080273763277e+06,-1.804120404231062821e+03,2.493033807790487683e-16,3.985183316119602750e+03,2.129747217072264220e-05,1.357797844864634317e-21,-9.760863078260141990e+00,9.000000000000000000e+01,-7.003057985082106640e+00,0.000000000000000000e+00,-2.103069063933202302e-20,-3.207740360825479808e-02,3.401113194723748703e-20
1.542950000218214154e+04,-3.913112768835638069e-21,6.699523190801522254e+00,-2.230257895488870796e+06,-1.772480496890237418e+03,6.041578175146506639e-16,4.090242149116344990e+03,3.583231019410604290e-05,2.231876107035621844e-21,-9.760866741106543287e+00,9.000000000000000000e+01,-7.325386763346942054e+00,0.000000000000000000e+00,-2.616405984762783011e-20,-3.240091118571965245e-02,3.625324722641105284e-20
1.543950000218417881e+04,-3.966080927515647251e-21,6.382957263776897427e+00,-2.269053044909812976e+06,-1.739224890277272152e+03,9.718053184013177242e-16,4.197498257366484722e+03,2.217531244763648601e-05,1.376930897178602594e-21,-9.760983228038089266e+00,9.000000000000000000e+01,-7.651041593418454134e+00,0.000000000000000000e+00,-3.157340838750518386e-20,-3.267491637668638871e-02,3.861045341380512397e-20
1.544950000218621608e+04,-4.021597374354743700e-21,6.062915326247249048e+00,-2.308837344355520792e+06,-1.704300209185818858e+03,1.352874249214553537e-15,4.307020143932611063e+03,-1.974355083844692160e-05,-1.208152612995658309e-21,-9.760912731880752702e+00,9.000000000000000000e+01,-7.980172677816105065e+00,0.000000000000000000e+00,-3.727943991975059168e-20,-3.307036481415358276e-02,4.109250811881736069e-20
1.545950000218825335e+04,-4.079874266779855873e-21,5.739235050975419306e+00,-2.349635431520657614e+06,-1.667650245652031117e+03,1.748041108908127858e-15,4.418878611275964431e+03,2.307979604743159996e-05,1.394032123193067461e-21,-9.760863464040905768e+00,9.000000000000000000e+01,-8.312942018613748374e+00,0.000000000000000000e+00,-4.330491353528006758e-20,-3.347070252833474896e-02,4.371023081291673369e-20
1.546950000219029062e+04,-4.141144915287512903e-21,5.411740216494936639e+00,-2.391472793432605453e+06,-1.629215696424961607e+03,2.158035427914373934e-15,4.533146871309471862e+03,-4.630502159930216521e-06,-3.265908660481542486e-22,-9.760856416647387235e+00,9.000000000000000000e+01,-8.649525581924489614e+00,0.000000000000000000e+00,-4.967489741435826480e-20,-3.386550071415395102e-02,4.647564724266892586e-20
1.547950000219232788e+04,-4.205666422214935873e-21,5.080239321220266113e+00,-2.434375794836592861e+06,-1.588933874900699948e+03,2.583645343380064009e-15,4.649900651175633357e+03,-4.212149525617547852e-06,-3.217543926745794050e-22,-9.760916506316583252e+00,9.000000000000000000e+01,-8.990115577257643764e+00,0.000000000000000000e+00,-5.641705823176523414e-20,-3.424225589135299758e-02,4.940215568804563422e-20
1.548950000219436515e+04,-4.273722716721684908e-21,4.744524024269727747e+00,-2.478371707502663136e+06,-1.546738665217852031e+03,3.025723843200302085e-15,4.769218201171205692e+03,2.465559809006201419e-05,1.419607585817419887e-21,-9.760803684120878287e+00,9.000000000000000000e+01,-9.334919653375129300e+00,0.000000000000000000e+00,-6.356199835570372153e-20,-3.473864099799642974e-02,5.250471685366447186e-20
1.549950000219640242e+04,-4.345628060946754704e-21,4.404367386769741266e+00,-2.523488740435594227e+06,-1.502560071858516949e+03,3.485195908733841820e-15,4.891180447483739954e+03,-3.128187578749219711e-06,-3.072057328128402412e-22,-9.760916703273178285e+00,9.000000000000000000e+01,-9.684165124321815199e+00,0.000000000000000000e+00,-7.114363996288171747e-20,-3.513085576386566072e-02,5.580007972664841724e-20
1.550950000219843969e+04,-4.421731107314315230e-21,4.059521882725721120e+00,-2.569756070958164055e+06,-1.456324048976354788e+03,3.963066651678656303e-15,5.015871028302838567e+03,5.396041128391537711e-05,3.161764825514335185e-21,-9.760811004316769512e+00,9.000000000000000000e+01,-1.003809960772817611e+01,0.000000000000000000e+00,-7.919967568186404728e-20,-3.567275605243627745e-02,5.930704515273933490e-20
1.551950000220047696e+04,-4.502419613843516272e-21,3.709717142947855262e+00,-2.617203876619598363e+06,-1.407952219375845743e+03,4.460430517610842146e-15,5.143376363879443488e+03,6.889837015089383954e-05,4.045379006667807810e-21,-9.760634663097293995e+00,9.000000000000000000e+01,-1.039699307928754557e+01,0.000000000000000000e+00,-8.777208849622150679e-20,-3.628291533730394064e-02,6.304677259215923410e-20
1.552950000220251422e+04,-4.588125941572096608e-21,3.354657388653759398e+00,-2.665863367862155195e+06,-1.357361463078530278e+03,4.978481999540191937e-15,5.273785752203290031e+03,-1.454940732781295765e-06,-2.947292661382672134e-22,-9.760917044444775925e+00,9.000000000000000000e+01,-1.076114134376518905e+01,0.000000000000000000e+00,-9.690775969181626002e-20,-3.666431295591392192e-02,6.704314702704204912e-20
1.553950000220455149e+04,-4.679333485627527633e-21,2.994018503079824978e+00,-2.715766821352453902e+06,-1.304463548525186980e+03,5.518527826201520906e-15,5.407191432519276532e+03,1.336807536622686143e-05,5.792371782288045661e-22,-9.760860724344318839e+00,9.000000000000000000e+01,-1.113086896194254649e+01,0.000000000000000000e+00,-1.066591823292855119e-19,-3.727140732996898215e-02,7.132321244784666941e-20
1.554950000220658876e+04,-4.776584229063765859e-21,2.627444679295641627e+00,-2.766947613852348644e+06,-1.249164847621728541e+03,6.082001042279306729e-15,5.543688612153286158e+03,-1.963712583652466037e-07,-2.879922982596874013e-22,-9.760917307480966087e+00,9.000000000000000000e+01,-1.150653135097410207e+01,0.000000000000000000e+00,-1.170852970138417013e-19,-3.785187356007774923e-02,7.591768244254984264e-20
1.555950000220862603e+04,-4.880487649783889615e-21,2.254544569959206157e+00,-2.819440256463684607e+06,-1.191365780017726593e+03,6.670477373601818152e-15,5.683375547541539163e+03,-1.361423772894276851e-05,-1.150380925464555651e-21,-9.760913895428956266e+00,9.000000000000000000e+01,-1.188851986726048970e+01,0.000000000000000000e+00,-1.282524802991263274e-19,-3.850736418613379813e-02,8.086155820573071173e-20
1.556950000221066330e+04,-4.991731266731671488e-21,1.874886849394258981e+00,-2.873280429030762054e+06,-1.130960339899391329e+03,7.285694177505585828e-15,5.826353575334207562e+03,-2.714444091855838792e-05,-2.021145283626430833e-21,-9.760970486902497356e+00,9.000000000000000000e+01,-1.227726604096226559e+01,0.000000000000000000e+00,-1.402357136237573949e-19,-3.917418366501466270e-02,8.619486600835112377e-20
1.557950000221270056e+04,-5.111093180465689661e-21,1.487995079332333548e+00,-2.928505014421442524e+06,-1.067835627582476036e+03,7.929572603788430653e-15,5.972727118566929676e+03,1.847048978209642200e-06,-2.941928863040861051e-22,-9.760977764686765923e+00,9.000000000000000000e+01,-1.267324597020902743e+01,0.000000000000000000e+00,-1.531199777844333011e-19,-3.991901690416384957e-02,9.196354595783040595e-20
1.558950000221473783e+04,-5.239457057212267780e-21,1.093341745927152830e+00,-2.985152132326471154e+06,-1.001871099036706255e+03,8.604243556895114981e-15,6.122603720690838600e+03,-2.561569552694820118e-05,-2.024355626468943830e-21,-9.760970812228533688e+00,9.000000000000000000e+01,-1.307698772290620859e+01,0.000000000000000000e+00,-1.670019153762658887e-19,-4.072743849449489417e-02,9.822053528666313623e-20
1.559950000221677510e+04,-5.377830113282495816e-21,6.903413058961841431e-01,-3.043261172116238158e+06,-9.329380962687721421e+02,9.312078225482830963e-15,6.276093984243187151e+03,3.211528406499297716e-05,1.455195139569911208e-21,-9.760805252746333593e+00,9.000000000000000000e+01,-1.348907632760314890e+01,0.000000000000000000e+00,-1.819918330679761597e-19,-4.168737662554868051e-02,1.050270789087885278e-19
1.560950000221881237e+04,-5.527364818489597504e-21,2.783420421265779265e-01,-3.102872824164695572e+06,-8.608989255092335497e+02,1.005572419931311363e-14,6.433311553870219541e+03,4.330848050404512151e-06,-3.053487226628618673e-22,-9.760978313906207404e+00,9.000000000000000000e+01,-1.391016354753007889e+01,0.000000000000000000e+00,-1.982161125303358323e-19,-4.252439421284232718e-02,1.124543481102892640e-19
1.561950000222084964e+04,-5.689385220826935136e-21,-1.433835185366174880e-01,-3.164029108885235619e+06,-7.856060545646187165e+02,1.083814841216231655e-14,6.594373017695598719e+03,-2.276102316089989586e-05,-2.029572445923223557e-21,-9.760911382606332509e+00,9.000000000000000000e+01,-1.434097702004059194e+01,0.000000000000000000e+00,-2.158201439600480272e-19,-4.357418506009628351e-02,1.205854272223079684e-19
1.562950000222288691e+04,-5.865419064191079932e-21,-5.756499334160425363e-01,-3.226773402513150591e+06,-7.069012099928049793e+02,1.166268835257654090e-14,6.759397765012147829e+03,2.077932614907851416e-05,5.645578853677435184e-22,-9.760862307670537419e+00,9.000000000000000000e+01,-1.478233115156378830e+01,0.000000000000000000e+00,-2.349718990370934963e-19,-4.470010942871966569e-02,1.295177833604825905e-19
1.563950000222492417e+04,-6.057237207273457531e-21,-1.019372304379087435e+00,-3.291150458395347930e+06,-6.246142394665496340e+02,1.253311360489287425e-14,6.928507801115012626e+03,3.581005028774342236e-05,1.406921137681904802e-21,-9.760926116301153144e+00,9.000000000000000000e+01,-1.523514110901424168e+01,0.000000000000000000e+00,-2.558663231761280243e-19,-4.585917702492554177e-02,1.393663523759408527e-19
1.564950000222696144e+04,-6.266902313156076660e-21,-1.475582358186430021e+00,-3.357206422196445055e+06,-5.385619297965292844e+02,1.345370016163886016e-14,7.101827474234680267e+03,-5.511824494597306057e-06,-1.209792351032208572e-21,-9.760975634278969082e+00,9.000000000000000000e+01,-1.570043853203142348e+01,0.000000000000000000e+00,-2.787307611946906018e-19,-4.713595589849762374e-02,1.502674185004391862e-19
1.565950000222899871e+04,-6.496829400287075266e-21,-1.945447766935892719e+00,-3.424988838966536336e+06,-4.485465638239620603e+02,1.442932070558381684e-14,7.279483121018938618e+03,1.031530234119060196e-05,-3.360033428066173425e-22,-9.760859466907692905e+00,9.000000000000000000e+01,-1.617939123402246082e+01,0.000000000000000000e+00,-3.038317034219449593e-19,-4.863084534525345670e-02,1.623835374893954682e-19
1.566950000223103598e+04,-6.749861686846702640e-21,-2.430295503084854758e+00,-3.494546649409873411e+06,-3.543544064706718473e+02,1.546555500365421326e-14,7.461602584453694362e+03,-2.793450805782526913e-06,-1.244975718168799776e-21,-9.760976148350620107e+00,9.000000000000000000e+01,-1.667332585655708854e+01,0.000000000000000000e+00,-3.314832384806167135e-19,-5.013546891101679920e-02,1.759098250671117426e-19
1.567950000223307325e+04,-7.029366326169464099e-21,-2.931640255156750641e+00,-3.565930171886169817e+06,-2.557537244486729833e+02,1.656882585646979601e-14,7.648314604407160914e+03,1.308913139697054362e-05,-3.907953560691794804e-22,-9.760920002951595009e+00,9.000000000000000000e+01,-1.718375734743564820e+01,0.000000000000000000e+00,-3.620577214475422386e-19,-5.189989181852263517e-02,1.910820656724323036e-19
1.568950000223511051e+04,-7.339356244410332922e-21,-3.451219240826798984e+00,-3.639191065598661546e+06,-1.524927675696312690e+02,1.774656770341065233e-14,7.839748004500665047e+03,5.759703352481437832e-05,2.202249814166957238e-21,-9.760811037951924618e+00,9.000000000000000000e+01,-1.771242282632373133e+01,0.000000000000000000e+00,-3.959993438490031843e-19,-5.388041666139782582e-02,2.081872608283800963e-19
1.569950000223714778e+04,-7.684646567348898585e-21,-3.991035174724543388e+00,-3.714382268965182826e+06,-4.429723907768448043e+01,1.900743744179289146e-14,8.036030658427910566e+03,1.695248149813366467e-05,-4.350639115093746052e-22,-9.760860601552128202e+00,9.000000000000000000e+01,-1.826132485286851548e+01,0.000000000000000000e+00,-4.338415487245729534e-19,-5.598640787595367957e-02,2.275774898527428862e-19
1.570950000223918505e+04,-8.071057358111109425e-21,-4.553409724069482856e+00,-3.791557905180817004e+06,6.913262196580126329e+01,2.036158022642935264e-14,8.237288154128173119e+03,4.274854658259386042e-06,-1.381072591786962929e-21,-9.761037231979614148e+00,9.000000000000000000e+01,-1.883278483855183083e+01,0.000000000000000000e+00,-4.762295822889148958e-19,-5.827066224114278020e-02,2.496883125264860948e-19
1.571950000224122232e+04,-8.505679057747803076e-21,-5.141050582396554880e+00,-3.870773144238141365e+06,1.881256226507703104e+02,2.182096764052512705e-14,8.443642072523616662e+03,2.129268878636736417e-05,-5.303784080005579245e-22,-9.760921068770349152e+00,9.000000000000000000e+01,-1.942951099701932449e+01,0.000000000000000000e+00,-5.239499812797219450e-19,-6.101338499842341029e-02,2.750634978827957821e-19
1.572950000224325959e+04,-8.997223837788081041e-21,-5.757136408807185468e+00,-3.952084006840893067e+06,3.130434759014356132e+02,2.339983212315684962e-14,8.655207765751145416e+03,3.867817581015842165e-05,3.147348862509261190e-22,-9.760804867743106072e+00,9.000000000000000000e+01,-2.005468153436207501e+01,0.000000000000000000e+00,-5.779695430713666872e-19,-6.410089235301577593e-02,3.043886373485374682e-19
1.573950000224529686e+04,-9.556496211553900077e-21,-6.405425466482144614e+00,-4.035547090228770860e+06,4.442858900154560615e+02,2.511523109125296027e-14,8.872091488170235607e+03,5.566126828382422786e-05,1.100801120221940351e-21,-9.760868560537034000e+00,9.000000000000000000e+01,-2.071205443555967562e+01,0.000000000000000000e+00,-6.394874058866814828e-19,-6.749566576639047522e-02,3.385374857361228612e-19
1.574950000224733412e+04,-1.019703151336993328e-20,-7.090396078697149385e+00,-4.121219188158202916e+06,5.822965906368021933e+02,2.698778776746439228e-14,9.094386656995262456e+03,1.638312619212101140e-05,-1.596851275189158266e-21,-9.760977812172498602e+00,9.000000000000000000e+01,-2.140610827974542829e+01,0.000000000000000000e+00,-7.100055018440993847e-19,-7.135408370310127035e-02,3.786367634495851754e-19
1.575950000224937139e+04,-1.093597428835464167e-20,-7.817430361072163159e+00,-4.209156765955286101e+06,7.275704465088278994e+02,2.904267632471139868e-14,9.322168971084918667e+03,3.496903959288033548e-05,-8.009583366798372976e-22,-9.760921239085664780e+00,9.000000000000000000e+01,-2.214222496989123101e+01,0.000000000000000000e+00,-7.914251259542576941e-19,-7.589716421672343394e-02,4.261582152928688178e-19
1.576950000225140866e+04,-1.179530527487006145e-20,-8.593057654609294715e+00,-4.299415234772059135e+06,8.806624663642182895e+02,3.131094963393568599e-14,9.555489972834859145e+03,6.845037393476971488e-05,8.434444168270824670e-22,-9.760867984139494524e+00,9.000000000000000000e+01,-2.292693336880178734e+01,0.000000000000000000e+00,-8.861811647299788939e-19,-8.115851297851491009e-02,4.830517213648316010e-19
1.577950000225344593e+04,-1.280358410720247703e-20,-9.425281599284746292e+00,-4.392047943837325089e+06,1.042199109811300332e+03,3.383135564095431497e-14,9.794368467145084651e+03,6.026067869013829181e-05,-1.398108497172573053e-22,-9.760863472269985408e+00,9.000000000000000000e+01,-2.376823715777171842e+01,0.000000000000000000e+00,-9.974315531598781034e-19,-8.727969357599789368e-02,5.519414400939792084e-19
1.578950000225548320e+04,-1.399847021784032658e-20,-1.032402638484835045e+01,-4.487104770468914881e+06,1.212892216902569544e+03,3.665286265928046979e-14,1.003877899818105107e+04,5.431794050103633253e-05,-1.085426241023964978e-21,-9.760678261340686390e+00,9.000000000000000000e+01,-2.467606007595094297e+01,0.000000000000000000e+00,-1.129329125674238478e-18,-9.461001068286907512e-02,6.364209522167278193e-19
1.579950000225752046e+04,-1.543044379929150359e-20,-1.130175599419638033e+01,-4.584630126150901429e+06,1.393557033618376863e+03,3.983823370343309408e-14,1.028863612340017062e+04,7.622206155399879890e-05,-4.540908423593718323e-22,-9.760859142422937396e+00,9.000000000000000000e+01,-2.566286539599858685e+01,0.000000000000000000e+00,-1.287418621651308703e-18,-1.031322379643174469e-01,7.415079340995014754e-19
1.580950000225955773e+04,-1.716842215740929902e-20,-1.237434973989766185e+01,-4.684660097794996575e+06,1.585135610540387916e+03,4.346918620327597340e-14,1.054377262751981107e+04,7.242160843068390363e-05,-1.564692660446333659e-21,-9.760971075253637608e+00,9.000000000000000000e+01,-2.674453214820786684e+01,0.000000000000000000e+00,-1.479227648380984226e-18,-1.134890918940444221e-01,8.743628343383729927e-19
1.581950000226159500e+04,-1.930844990970879694e-20,-1.356236617539449618e+01,-4.787218278831718490e+06,1.788727195035119621e+03,4.765400472925057664e-14,1.080390886499492080e+04,8.642241925915783440e-05,-1.809838362616987420e-21,-9.760963773693788426e+00,9.000000000000000000e+01,-2.794161814129479637e+01,0.000000000000000000e+00,-1.715164217910389897e-18,-1.262572389873215517e-01,1.045458309620594696e-18
1.582950000226363227e+04,-2.198752232669749385e-20,-1.489291042948877575e+01,-4.892309563738035038e+06,2.005628892242324127e+03,5.253904772324481571e-14,1.106860866244067802e+04,1.329730615760027490e-04,-3.711027091497479280e-22,-9.760959004432383068e+00,9.000000000000000000e+01,-2.928122711315505455e+01,0.000000000000000000e+00,-2.009908936315444230e-18,-1.421427241445974710e-01,1.270544805608393921e-18
1.583950000226566954e+04,-2.540626357352097783e-20,-1.640246544298863185e+01,-4.999910683026586659e+06,2.237390852715806886e+03,5.832661258205120569e-14,1.133721437065600549e+04,1.306869146038280860e-04,-2.355561668934950664e-21,-9.760751773676231480e+00,9.000000000000000000e+01,-3.079984047863105801e+01,0.000000000000000000e+00,-2.384620492604544969e-18,-1.623847707214730318e-01,1.574077277360960355e-18
1.584950000226770680e+04,-2.986743858427617105e-20,-1.814131096327857051e+01,-5.109955344960214570e+06,2.485891756910322783e+03,6.530350602717508113e-14,1.160874868312503531e+04,1.778722497336460151e-04,-1.934687086535081137e-21,-9.760961287371763717e+00,9.000000000000000000e+01,-3.254773493392309547e+01,0.000000000000000000e+00,-2.870497897705908559e-18,-1.883070078708553030e-01,1.995440761725420043e-18
1.585950000226974407e+04,-3.584391605064166689e-20,-2.018064800244293622e+01,-5.222310108905824833e+06,2.753444743437686611e+03,7.388823702931564572e-14,1.188176125209233760e+04,1.857377162810536220e-04,-4.841352834690853253e-21,-9.760950479270253055e+00,9.000000000000000000e+01,-3.459610823176558370e+01,0.000000000000000000e+00,-3.514611829005125132e-18,-2.228463393891053912e-01,2.600800178969421360e-18
1.586950000227178134e+04,-4.410378599993800937e-20,-2.262450606947122012e+01,-5.336733628641267307e+06,3.042945650975214903e+03,8.471170254162160680e-14,1.215408065138467100e+04,2.939133443859986983e-04,-3.008480793130911806e-21,-9.760548057149426526e+00,9.000000000000000000e+01,-3.704898335772228535e+01,0.000000000000000000e+00,-4.389420721559966039e-18,-2.702085796712077603e-01,3.506867257721064318e-18
1.587950000227381861e+04,-5.595131406584434861e-20,-2.563043802274139793e+01,-5.452804561756791547e+06,3.358082150174621347e+03,9.875994442098190542e-14,1.242239586501458689e+04,4.370306249077415828e-04,-1.200946787585560748e-21,-9.760280549032751551e+00,9.000000000000000000e+01,-4.006390278725144327e+01,0.000000000000000000e+00,-5.607526022639392810e-18,-3.369137972713045492e-01,4.931402484723046184e-18
1.588950000227585588e+04,-7.371177985458137900e-20,-2.944696411642564016e+01,-5.569787138629930094e+06,3.703617290382266219e+03,1.176337638264312426e-13,1.268151715330876686e+04,6.674856762138858812e-04,2.652631489372616952e-21,-9.759847844992332710e+00,9.000000000000000000e+01,-4.388936875047865982e+01,0.000000000000000000e+00,-7.339732348194046257e-18,-4.349284121503827483e-01,7.307207208484622375e-18
1.589950000227789315e+04,-1.017367466546118875e-19,-3.448371282468607291e+01,-5.686365348032679409e+06,4.085724328246021287e+03,1.440210584135092998e-13,1.292300505959458678e+04,1.095147056793699392e-03,1.425416525371563773e-20,-9.759005095813106934e+00,9.000000000000000000e+01,-4.893497764837191966e+01,0.000000000000000000e+00,-9.809512016052458523e-18,-5.855857654004665847e-01,1.155344307947058050e-17
1.590950000227993041e+04,-1.484315006339564546e-19,-4.144387512880746982e+01,-5.800085548622468486e+06,4.512155466095539850e+03,1.824723245508014042e-13,1.313251590543507882e+04,2.137072313808552337e-03,6.259260086313573170e-20,-9.756784854024781239e+00,9.000000000000000000e+01,-5.590386182793961467e+01,0.000000000000000000e+00,-1.309733545231577804e-17,-8.280249164636407366e-01,1.972798610186118599e-17
1.591950000228196768e+04,-2.292724732065491327e-19,-5.155121769089795691e+01,-5.906143034346297383e+06,4.991197139027011872e+03,2.399625880195107218e-13,1.328462476666301518e+04,4.626237537120214682e-03,2.330635738351782739e-19,-9.750904660472414776e+00,9.000000000000000000e+01,-6.601968835183554063e+01,0.000000000000000000e+00,-1.589728000638008811e-17,-1.228008906947284817e+00,3.632191105233317429e-17
1.592950000228400495e+04,-3.622052338306935905e-19,-6.673317473655875176e+01,-5.994900597411127761e+06,5.525300250290785698e+03,3.212720674910752192e-13,1.333409419651731878e+04,1.064148440971846021e-02,8.226915041341932946e-19,-9.736927022111284913e+00,9.000000000000000000e+01,-8.120980297235676915e+01,0.000000000000000000e+00,-1.019872920953433935e-17,-1.844639932548652883e+00,6.765612085255058376e-17
1.593950000228604222e+04,-4.991380146222834086e-19,-8.857620377599533867e+01,-6.048954335557500832e+06,6.089076522831825969e+03,-5.491729118528358573e-12,1.321199121923562598e+04,1.992610254350246635e-02,-1.786832168421664151e-17,-9.716254886192327689e+00,9.000000000000000000e+01,-1.030609596474139806e+02,-2.544443745170813414e-14,2.241425320206280666e-17,-2.480493000407645976e+00,-1.003825332828008203e-15
1.594950000228807949e+04,-4.811642649230733867e-19,-1.140746745929188251e+02,-6.049289942006118596e+06,6.600427637643264461e+03,-5.380672817110028148e-12,1.286715899491851269e+04,1.976030351347546343e-02,-1.773679168725135510e-17,-9.717043169697271665e+00,9.000000000000000000e+01,-1.285685270760295680e+02,-2.544443745170813414e-14,5.612935110322993175e-17,-2.470819202703196993e+00,-1.024950873465666585e-15
1.595950000229011675e+04,-3.289162624818150363e-19,-1.357755264381318341e+02,-5.996744115954939276e+06,6.970025576057574654e+03,-5.254820807584431634e-12,1.234338482042984106e+04,9.904796685196615158e-03,-9.704908493466223692e-18,-9.737597405424637032e+00,9.000000000000000000e+01,-1.502794258744521585e+02,-2.544443745170813414e-14,4.605825848957289546e-17,-1.829751701901265681e+00,-7.841590692374167179e-16
1.596950000229215402e+04,-1.986990719353711539e-19,-1.508313121319090442e+02,-5.911262660576105118e+06,7.187716702726194853e+03,-5.084150274549264980e-12,1.173636422568204944e+04,3.416510376141879135e-03,-4.262489751173686594e-18,-9.750843595320079160e+00,9.000000000000000000e+01,-1.653452161024870861e+02,-2.544443745170813414e-14,2.447644145789481185e-17,-1.218872559063796546e+00,-5.326638615659548228e-16
1.597950000229419129e+04,-1.209532118239625853e-19,-1.608738210378632800e+02,-5.810379773355986923e+06,7.291367207602451344e+03,-4.878412726615444122e-12,1.110807497509156747e+04,8.701402578351613570e-04,-1.926685552695887739e-18,-9.756523395591090164e+00,9.000000000000000000e+01,-1.753974060700338669e+02,-2.544443745170813414e-14,1.053471094069405412e-17,-8.243490146530518814e-01,-3.630062281185928665e-16
1.598950000229622856e+04,-7.633760572992709017e-20,-1.678155273406498793e+02,-5.703688533040527254e+06,7.317286528499373162e+03,-4.656551332523410773e-12,1.048440053787659235e+04,4.605267263069201533e-05,-9.607714777121737651e-19,-9.758624801518111624e+00,9.000000000000000000e+01,1.776514390541018997e+02,-2.544443745170813414e-14,2.880714235722469248e-18,-5.855921559845358448e-01,-2.578829728450279091e-16
1.599950000229826583e+04,-4.956196616882024822e-20,-1.728640816405900011e+02,-5.595957315873537213e+06,7.290048199874048805e+03,-4.430093424604841237e-12,9.874566992036798183e+03,-1.760687573293395758e-04,-5.285555807999207953e-19,-9.759545087616874781e+00,9.000000000000000000e+01,1.725935716466172494e+02,-2.544443745170813414e-14,-1.410379068711999538e-18,-4.373158922998281462e-01,-1.916991080860346365e-16
1.600950000230030309e+04,-3.250290446947745061e-20,-1.767130981871913207e+02,-5.489622370448319241e+06,7.225367127628646813e+03,-4.204755523528004019e-12,9.281389396898521227e+03,-2.553511468814662067e-04,-3.186052700383567127e-19,-9.760130858100728446e+00,9.000000000000000000e+01,1.687353199459588780e+02,-2.544443745170813414e-14,-3.975563293385920446e-18,-3.409680190023552937e-01,-1.483158635079729554e-16
1.601950000230234036e+04,-2.099901839183901716e-20,-1.797669763712120812e+02,-5.385993823344103992e+06,7.133444197433826048e+03,-3.983232456193760792e-12,8.705254090440290383e+03,-3.053659915512874079e-04,-2.086142163829592336e-19,-9.760426307665369450e+00,9.000000000000000000e+01,1.656722532182288603e+02,-2.544443745170813414e-14,-5.622878672725088080e-18,-2.756294058620739618e-01,-1.186532254718324753e-16
1.602950000230437763e+04,-1.284116399401006789e-20,1.777286233093640533e+02,-5.285808057502195239e+06,7.021109808379843344e+03,-3.766743529910813149e-12,8.145624973009641508e+03,-2.311047273986233108e-04,-1.398034854163227108e-19,-9.760462248896331516e+00,9.000000000000000000e+01,1.631586927331294419e+02,-2.544443745170813414e-14,-6.757255123724274793e-18,-2.296499669736803972e-01,-9.758632984802809798e-17
1.603950000230641490e+04,-6.795884207220560845e-21,1.756177280165814807e+02,-5.189490954617045820e+06,6.893082988529438808e+03,-3.555781419579344522e-12,7.601633796683045148e+03,-2.368483584875846759e-04,-1.011546919757806490e-19,-9.760661507282780036e+00,9.000000000000000000e+01,1.610386564522511605e+02,-2.544443745170813414e-14,-7.591301521651768819e-18,-1.960634674792738896e-01,-8.212606829574855669e-17
1.604950000230845217e+04,-2.139173547198581405e-21,1.737971700277085176e+02,-5.097291017521902919e+06,6.752714899379780036e+03,-3.350473430983915346e-12,7.072319380429883495e+03,-1.990544465635402105e-04,-7.381300111257289898e-20,-9.760721180591195534e+00,9.000000000000000000e+01,1.592089700579563498e+02,-2.544443745170813414e-14,-8.242535695711810971e-18,-1.709858668468645648e-01,-7.045962666093407192e-17
1.605950000231048944e+04,1.573738246529148012e-21,1.721961849777041209e+02,-5.009350760060662404e+06,6.602439279936301318e+03,-3.150761179454582540e-12,6.556726588056991204e+03,-2.472459669324855724e-04,-5.992217531496770308e-20,-9.760680876903593983e+00,9.000000000000000000e+01,1.575988655020352667e+02,-2.544443745170813414e-14,-8.779157848388858784e-18,-1.518513903974457457e-01,-6.144504675284397373e-17
1.606950000231252670e+04,4.627368241650112265e-21,1.707646627716074761e+02,-4.925747060755374841e+06,6.444055226584486263e+03,-2.956492881026371544e-12,6.053945749149484072e+03,-1.873028534724596739e-04,-4.444201872570961167e-20,-9.760838678115671740e+00,9.000000000000000000e+01,1.561582301437623244e+02,-2.544443745170813414e-14,-9.242543178220772012e-18,-1.368386020344454779e-01,-5.433756196875703723e-17
1.607950000231456397e+04,7.210373451536045499e-21,1.694661115618587814e+02,-4.846515038373891264e+06,6.278910245762995146e+03,-2.767472382049969361e-12,5.563126590610155290e+03,-1.704055985807251261e-04,-3.483155545940688621e-20,-9.760798184553470591e+00,9.000000000000000000e+01,1.548505707398840343e+02,-2.544443745170813414e-14,-9.658824398750606615e-18,-1.250637456805163417e-01,-4.863614126514173352e-17
1.608950000231660124e+04,9.451930922956740306e-21,1.682732897711257181e+02,-4.771662740391438827e+06,6.108022604444551689e+03,-2.583485778737513730e-12,5.083480765986362712e+03,-1.553528458555497593e-04,-2.747987107309244793e-20,-9.760692769250088219e+00,9.000000000000000000e+01,1.536486439939860986e+02,-2.544443745170813414e-14,-1.004512961823556567e-17,-1.156874652316271790e-01,-4.399431723888581404e-17
1.609950000231863851e+04,1.144310930253531553e-20,1.671654049357580050e+02,-4.701180483613250777e+06,5.932164948772044227e+03,-2.404316299076043984e-12,4.614279936632128738e+03,-1.455056416741484782e-04,-2.192161381180022571e-20,-9.760883877600846859e+00,9.000000000000000000e+01,1.525316571158999750e+02,-2.544443745170813414e-14,-1.041308391566952951e-17,-1.079657625437050322e-01,-4.016659159243765817e-17
1.610950000232067578e+04,1.324987194141934936e-20,1.661262642272690186e+02,-4.635046961646402255e+06,5.751923326239699236e+03,-2.229752490743590143e-12,4.154851594463250876e+03,-1.337037449982148019e-04,-1.728429362519547264e-20,-9.760712525000704076e+00,9.000000000000000000e+01,1.514834163505259426e+02,-2.544443745170813414e-14,-1.077084934649405059e-17,-1.018827654012823269e-01,-3.697520636856583019e-17
1.611950000232271304e+04,1.492124273283242408e-20,1.651430209405648952e+02,-4.573233331517910585e+06,5.567739236720016379e+03,-2.059592930149545234e-12,3.704574739585412317e+03,-8.307013664321516444e-05,-1.102049776056966990e-20,-9.760730362043577912e+00,9.000000000000000000e+01,1.504910749542375186e+02,-2.544443745170813414e-14,-1.112435420421446250e-17,-9.684048531703388918e-02,-3.428895134184821785e-17
1.612950000232475031e+04,1.649458340710710330e-20,1.642053045903913642e+02,-4.515705999487102032e+06,5.379940532676600924e+03,-1.893648732145346261e-12,3.262875359539136298e+03,-1.041410349200688756e-04,-9.700069155717008316e-21,-9.760728400973487595e+00,9.000000000000000000e+01,1.495442619400903368e+02,-2.544443745170813414e-14,-1.147805698147863987e-17,-9.274410684622499956e-02,-3.200929749290094679e-17
1.613950000232678758e+04,1.799909521205282505e-20,1.633046040904331448e+02,-4.462428547358309850e+06,5.188764207856391295e+03,-1.731744972462144141e-12,2.829222455325885221e+03,-1.263432150926391273e-04,-8.860571663420312373e-21,-9.760725349392524564e+00,9.000000000000000000e+01,1.486344658489848882e+02,-2.544443745170813414e-14,-1.183543436555617266e-17,-8.942189821741043654e-02,-3.006111075156323418e-17
1.614950000232882485e+04,1.945820055284326864e-20,1.624338216286376735e+02,-4.413363077372346073e+06,4.994373561354268531e+03,-1.573721428387697699e-12,2.403124459295413544e+03,-1.643028639088939258e-04,-9.298234957548925075e-21,-9.760777740289626081e+00,9.000000000000000000e+01,1.477545888024982048e+02,-2.544443745170813414e-14,-1.219930132430847015e-17,-8.671869712464615187e-02,-2.838630124464370019e-17
1.615950000233086212e+04,2.089120187195706787e-20,1.615869439606386777e+02,-4.368471155232662335e+06,4.796871273718204975e+03,-1.419432941751764713e-12,1.984126054284111206e+03,-7.436696731399905502e-05,-2.143828335671292501e-21,-9.760682650996370668e+00,9.000000000000000000e+01,1.468986173821665204e+02,-2.544443745170813414e-14,-1.257202614523953266e-17,-8.465448759050490934e-02,-2.693939612826019098e-17
1.616950000233289938e+04,2.231446494934463840e-20,1.607587958915298714e+02,-4.327714469693574123e+06,4.596309412380551294e+03,-1.268749637639960751e-12,1.571805479649837480e+03,-8.508400701767726559e-05,-1.335062715779331809e-21,-9.760681166153753807e+00,9.000000000000000000e+01,1.460613762472889050e+02,-2.544443745170813414e-14,-1.295567824938735067e-17,-8.301926088431085815e-02,-2.568439910304377010e-17
1.617950000233493665e+04,2.374228428016130988e-20,1.599448521654550461e+02,-4.291055288241574541e+06,4.392697161849113400e+03,-1.121557095196941100e-12,1.165772248785808188e+03,-6.828948165793491398e-05,1.015687078733043905e-21,-9.760686590441761012e+00,9.000000000000000000e+01,1.452383402799111707e+02,-2.544443745170813414e-14,-1.335213248845778968e-17,-8.180505058266397678e-02,-2.459252727890661389e-17
1.618950000233697392e+04,2.518753327942127289e-20,1.591410913974213770e+02,-4.258456763056734577e+06,4.186006843329903859e+03,-9.777565108243409665e-13,7.656651681699506753e+02,-2.467285218532566660e-05,4.901879608924767559e-21,-9.760759003076067586e+00,9.000000000000000000e+01,1.444254878335971455e+02,-2.544443745170813414e-14,-1.376314387460787251e-17,-8.093369992675111813e-02,-2.364055558672595328e-17
1.619950000233901119e+04,2.666216821316462039e-20,1.583438805740549640e+02,-4.229883124549057335e+06,3.976178562729587611e+03,-8.372649771850635777e-13,3.711507866912550071e+02,-7.801334110268953737e-05,2.771447625921112779e-21,-9.760625202686028956e+00,9.000000000000000000e+01,1.436191855791291800e+02,-2.544443745170813414e-14,-1.419040285133464002e-17,-8.052604685620530500e-02,-2.280958987143201147e-17
1.620950000234104846e+04,2.817763290952300525e-20,1.575498819317269010e+02,-4.205299788244387135e+06,3.763123827024995990e+03,-7.000158903909226598e-13,-1.807780647233130367e+01,-7.696566533965665258e-05,3.910526255111229335e-21,-9.760625869610930039e+00,9.000000000000000000e+01,1.428160962355730135e+02,-2.544443745170813414e-14,-1.463557661412801318e-17,-8.036377910169294203e-02,-2.208414564962034163e-17
1.621950000234308573e+04,2.974519741378980692e-20,1.567559762528469776e+02,-4.184673392748604063e+06,3.546728349657183571e+03,-5.659594293288385129e-13,-4.023020445611939522e+02,-2.236355814844159795e-05,8.289872449954275549e-21,-9.760821057240123721e+00,9.000000000000000000e+01,1.420131002492112771e+02,-2.544443745170813414e-14,-1.510034047570804449e-17,-8.039446378355910583e-02,-2.145144818807237251e-17
1.622950000234512299e+04,3.137625497832292002e-20,1.559591981569543293e+02,-4.167971780738760252e+06,3.326854165335310881e+03,-4.350633033701295567e-13,-7.817784497413390454e+02,-1.215571128465597894e-04,3.224509254966685759e-21,-9.760855261395455784e+00,9.000000000000000000e+01,1.412072323449539795e+02,-2.544443745170813414e-14,-1.558640230277401474e-17,-8.080692297033646720e-02,-2.090089522841174806e-17
1.623950000234716026e+04,3.308259564000387877e-20,1.551566800272277931e+02,-4.155163930642450228e+06,3.103341217859524477e+03,-3.073136481736007745e-13,-1.156739034950930318e+03,-6.261486909320268524e-05,7.829718549190942695e-21,-9.760630017021831861e+00,9.000000000000000000e+01,1.403956247775395241e+02,-2.544443745170813414e-14,-1.609552045682170643e-17,-8.164972156657304692e-02,-2.042363892973806114e-17
1.624950000234919753e+04,3.487667135419107620e-20,1.543456019511949933e+02,-4.146219843347670976e+06,2.876008503394801664e+03,-1.827161914216154459e-13,-1.527391340428900094e+03,-1.212691291199163857e-04,5.237726673899414220e-21,-9.760734859654188966e+00,9.000000000000000000e+01,1.395754576453872744e+02,-2.544443745170813414e-14,-1.662951679717173424e-17,-8.258668542137143076e-02,-2.001225762300905402e-17
1.625950000235123480e+04,3.677186538665424601e-20,1.535231455617907841e+02,-4.141110385579339229e+06,2.644654848190851681e+03,-6.129768213875602843e-14,-1.893918186555586999e+03,-2.484866788954320782e-05,1.215361914925625939e-20,-9.760820300868694233e+00,9.000000000000000000e+01,1.387439127076928855e+02,-2.544443745170813414e-14,-1.719028509560375074e-17,-8.381775399195259824e-02,-1.966049527701747594e-17
1.626950000235327207e+04,3.878277759880442953e-20,1.526864500044463853e+02,-4.139807089228466619e+06,2.409059358673567203e+03,5.689236881656958843e-14,-2.256477112646200567e+03,-1.243226713718570409e-04,7.098221193111080629e-21,-9.760733625304556682e+00,9.000000000000000000e+01,1.378981289449092174e+02,-2.544443745170813414e-14,-1.777979287462544299e-17,-8.543580988193608117e-02,-1.936305057879459356e-17
1.627950000235530933e+04,4.092553743242047807e-20,1.518325684684479597e+02,-4.142281903726079036e+06,2.168981640907678866e+03,1.717795592050121619e-13,-2.615199413586118681e+03,-7.028131427766481920e-05,1.147980287263696437e-20,-9.760747589439741745e+00,9.000000000000000000e+01,1.370351596738539399e+02,-2.544443745170813414e-14,-1.840007675924350521e-17,-8.729722219420170404e-02,-1.911540448430506158e-17
1.628950000235734660e+04,4.321815691063651322e-20,1.509584238326299044e+02,-4.148506896354720462e+06,1.924161765713971818e+03,2.832620588921905940e-13,-2.970188828762421053e+03,-1.458097377726730315e-04,7.975933282151767625e-21,-9.760907900343728016e+00,9.000000000000000000e+01,1.361519278085732765e+02,-2.544443745170813414e-14,-1.905322877990576070e-17,-8.939142915914861931e-02,-1.891367598463312583e-17
1.629950000235938387e+04,4.568093756025757118e-20,1.500607620023821198e+02,-4.158453893034351524e+06,1.674320057898546338e+03,3.912075644394832864e-13,-3.321519768575673424e+03,-1.491311790449145747e-04,8.953184342323208064e-21,-9.760906639551812702e+00,9.000000000000000000e+01,1.352451792431781712e+02,-2.544443745170813414e-14,-1.974137036113808301e-17,-9.191290688621576999e-02,-1.875449815559526474e-17
1.630950000236142114e+04,4.833694742754589269e-20,1.491361014646135459e+02,-4.172094049454016611e+06,1.419156724192980164e+03,4.954496697554505401e-13,-3.669235041627825012e+03,-1.249407240040412148e-04,1.169054624029040307e-20,-9.760912659051218299e+00,9.000000000000000000e+01,1.343114324051346955e+02,-2.544443745170813414e-14,-2.046660890455426039e-17,-9.479149143937849742e-02,-1.863490765418330258e-17
1.631950000236345841e+04,5.121258768670221020e-20,1.481806774614439348e+02,-4.189397339280351996e+06,1.158351379976876160e+03,5.957835459867522532e-13,-4.013342997632913011e+03,-1.443952312190077691e-04,1.184404784314924006e-20,-9.760967347444228892e+00,9.000000000000000000e+01,1.333469227879125469e+02,-2.544443745170813414e-14,-2.123097128989233804e-17,-9.803509352048060677e-02,-1.855224298081748928e-17
1.632950000236549567e+04,5.433827250015350106e-20,1.471903789778865530e+02,-4.210331942355405539e+06,8.915624111961612925e+02,6.919608233068032748e-13,-4.353814023742947938e+03,-1.348368253450971110e-04,1.388138496667130502e-20,-9.760909359011922248e+00,9.000000000000000000e+01,1.323475391743507146e+02,-2.544443745170813414e-14,-2.203630334880289854e-17,-1.017731327080274445e-01,-1.850404502257079953e-17
1.633950000236753294e+04,5.774925167930132235e-20,1.461606764447552109e+02,-4.234863511053667404e+06,6.184263900601940804e+02,7.836834982590887933e-13,-4.690576215316027628e+03,-6.888910705438178184e-05,1.949676457302214434e-20,-9.760806205815715231e+00,9.000000000000000000e+01,1.313087522469585906e+02,-2.544443745170813414e-14,-2.288412252157134792e-17,-1.060132365427665091e-01,-1.848795564912765982e-17
1.634950000236957021e+04,6.148661275210268625e-20,1.450865376612081263e+02,-4.262954286985818297e+06,3.385573901127700083e+02,8.705967261988469112e-13,-5.023510144900900741e+03,-1.014320753220943061e-04,1.922797622476699060e-20,-9.760616818491090640e+00,9.000000000000000000e+01,1.302255299157710624e+02,-2.544443745170813414e-14,-2.377540332429611509e-17,-1.108336028502771853e-01,-1.850160845653879920e-17
1.635950000237160748e+04,6.559850851645683059e-20,1.439623289224435325e+02,-4.294562032595950179e+06,5.154641118387780807e+01,9.522802711919520881e-13,-5.352442502274772778e+03,-1.569473865297155157e-04,1.772916795543163282e-20,-9.760963600470335066e+00,9.000000000000000000e+01,1.290922386037256047e+02,-2.544443745170813414e-14,-2.471026729324653000e-17,-1.159475538980982989e-01,-1.854250591190291215e-17
1.636950000237364475e+04,7.014166777716561380e-20,1.427816976727797851e+02,-4.329638732360154390e+06,-2.430390748797285596e+02,1.028238386211703099e-12,-5.677138403605766143e+03,-1.926319932046283157e-04,1.764634481435388054e-20,-9.760834184031420335e+00,9.000000000000000000e+01,1.279025256659012513e+02,-2.544443745170813414e-14,-2.568753870357610331e-17,-1.220067550209731344e-01,-1.860787836003686840e-17
1.637950000237568202e+04,7.518326122277320294e-20,1.415374321638548736e+02,-4.368129005527908914e+06,-5.456552392949652130e+02,1.097887853412170767e-12,-5.997292095488696759e+03,-1.744075492773333735e-04,2.110559506178838449e-20,-9.760779821809837387e+00,9.000000000000000000e+01,1.266491794841215892e+02,-2.544443745170813414e-14,-2.670410278372614342e-17,-1.287929981128934365e-01,-1.869451481079512827e-17
1.638950000237771746e+04,8.080321205425120788e-20,1.402212925518958002e+02,-4.409968155700406060e+06,-8.567815960597804406e+02,1.160543894105464154e-12,-6.312515723857214653e+03,-1.965576355358322758e-04,2.237221967168555886e-20,-9.760658243794564370e+00,9.000000000000000000e+01,1.253239605203178542e+02,-2.544443745170813414e-14,-2.775398728375515405e-17,-1.364992718715800635e-01,-1.879856417321554470e-17
1.639950000237975473e+04,8.709706053267565035e-20,1.388238065906367922e+02,-4.455079760734235868e+06,-1.176920010035980340e+03,1.215403642122142617e-12,-6.622325746066388092e+03,-2.128672386527696858e-04,2.432522395973959125e-20,-9.760777079675497347e+00,9.000000000000000000e+01,1.239173968593059953e+02,-2.544443745170813414e-14,-2.882703824581152242e-17,-1.450863517543103109e-01,-1.891529858368511790e-17
1.640950000238179200e+04,9.417951305066760146e-20,1.373340215591999254e+02,-4.503372677840009332e+06,-1.506592682078496182e+03,1.261526902891388430e-12,-6.926126472834377637e+03,-2.598268311624352123e-04,2.478666318273580646e-20,-9.760889148576294971e+00,9.000000000000000000e+01,1.224185357503226186e+02,-2.544443745170813414e-14,-2.990701276666538531e-17,-1.548564837196711175e-01,-1.903884235128059180e-17
1.641950000238382927e+04,1.021888245998571175e-19,1.357392023429473795e+02,-4.554737301167675294e+06,-1.846338432254166491e+03,1.297814039567239268e-12,-7.223190162852221874e+03,-2.789177071216286663e-04,2.740091697309677061e-20,-9.760829854953453122e+00,9.000000000000000000e+01,1.208146424506545742e+02,-2.544443745170813414e-14,-3.096882293143687007e-17,-1.660984909583175795e-01,-1.916187780773337023e-17
1.642950000238586654e+04,1.112921707400795818e-19,1.340244637923809989e+02,-4.609040859975740314e+06,-2.196706798763085317e+03,1.322981028164024882e-12,-7.512632893201235674e+03,-3.176677189484777841e-04,2.932783535625394386e-20,-9.760888495457374248e+00,9.000000000000000000e+01,1.190908322941235014e+02,-2.544443745170813414e-14,-3.197454482459936000e-17,-1.788848073291003371e-01,-1.927536502561901445e-17
1.643950000238790381e+04,1.216921435238266773e-19,1.321723239508968391e+02,-4.666121481559362262e+06,-2.558248813130026520e+03,1.335532210238277704e-12,-7.793385342489305003e+03,-2.589094964777771679e-04,3.781406314789715636e-20,-9.760735958280859492e+00,9.000000000000000000e+01,1.172296235156877486e+02,-2.544443745170813414e-14,-3.286763375441694235e-17,-1.936872242229971397e-01,-1.936836266158162110e-17
1.644950000238994107e+04,1.336344195050516785e-19,1.301621641809701941e+02,-4.725780661284345202e+06,-2.931502773730225272e+03,1.333732185801228570e-12,-8.064157568540145803e+03,-3.073816146930141713e-04,4.039064550459067124e-20,-9.760740847423530653e+00,9.000000000000000000e+01,1.152103980258434177e+02,-2.544443745170813414e-14,-3.356453527784427444e-17,-2.106417979789549089e-01,-1.942812910032513164e-17
1.645950000239197834e+04,1.474164294736929977e-19,1.279695840755059209e+02,-4.787773680174473673e+06,-3.316973052947819724e+03,1.315579852191893165e-12,-8.323396704674327339e+03,-4.226379310612315976e-04,3.957395372507855100e-20,-9.760916080962640962e+00,9.000000000000000000e+01,1.130087563040824676e+02,-2.544443745170813414e-14,-3.394255539981861176e-17,-2.301562844138674291e-01,-1.944086546206800567e-17
1.646950000239401561e+04,1.633963812054526604e-19,1.255656461069988836e+02,-4.851797389967123047e+06,-3.715098819935863503e+03,1.278790430025178049e-12,-8.569236634125421915e+03,-3.742897467016170765e-04,4.945590411128485137e-20,-9.760844221569357160e+00,9.000000000000000000e+01,1.105957614251162937e+02,-2.544443745170813414e-14,-3.382243257923191968e-17,-2.529633584803660518e-01,-1.939378777239786903e-17
1.647950000239605288e+04,1.820010192826085333e-19,1.229160224424504833e+02,-4.917474657109650783e+06,-4.126208028698583803e+03,1.220796171368826373e-12,-8.799439231823842420e+03,-5.378687864623366011e-04,4.691460774456913218e-20,-9.760851130068379788e+00,9.000000000000000000e+01,1.079370860122543263e+02,-2.544443745170813414e-14,-3.294363671825741534e-17,-2.794644626290012090e-01,-1.927981045598651338e-17
1.648950000239809015e+04,2.037286538428460483e-19,1.199800935732197900e+02,-4.984334652633498423e+06,-4.550450340958456763e+03,1.138784383263107624e-12,-9.011327838598668677e+03,-5.631917151132093124e-04,5.303205379672168822e-20,-9.760855553259871087e+00,9.000000000000000000e+01,1.049921121402746564e+02,-2.544443745170813414e-14,-3.093024254363103130e-17,-3.103816688365950149e-01,-1.910714970781924742e-17
1.649950000240012741e+04,2.291406223123560503e-19,1.167101213473821559e+02,-5.051788170182285830e+06,-4.987701141538174852e+03,1.029803744022026760e-12,-9.201715525115627315e+03,-6.981178881733107744e-04,5.187670466703637480e-20,-9.760980432404346985e+00,9.000000000000000000e+01,1.017131024416674308e+02,-2.544443745170813414e-14,-2.724589937263673999e-17,-3.463944829632766842e-01,-1.891781377578854420e-17
1.650950000240216468e+04,2.588286105079654535e-19,1.130507529599245373e+02,-5.119097411987045780e+06,-5.437424650099082100e+03,8.909885535712172863e-13,-9.366835892589097057e+03,-8.198249937330093218e-04,4.953032724940046418e-20,-9.761028721460997204e+00,9.000000000000000000e+01,9.804470546077236293e+01,-2.544443745170813414e-14,-2.113951470785647046e-17,-3.883843101538714815e-01,-1.882137538617737030e-17
1.651950000240420195e+04,2.933364173268128903e-19,1.089393422030436938e+02,-5.185340519512488507e+06,-5.898484165092640978e+03,7.199734986015738401e-13,-9.502291190240110154e+03,-9.714417915236417400e-04,4.085612344947266041e-20,-9.761304790952261001e+00,9.000000000000000000e+01,9.392427575448705568e+01,-2.544443745170813414e-14,-1.159167708522179316e-17,-4.368527206713521682e-01,-1.905308777394626736e-17
1.652950000240623922e+04,2.147751052828540605e-18,1.043079325956311294e+02,-5.249373101871932857e+06,-6.368886979468391473e+03,-3.750479468838521942e-12,-9.603046432843504590e+03,-1.186501336698300713e-03,-3.047989784144273758e-19,-9.761454879520025329e+00,9.000000000000009948e+01,8.928385747097888725e+01,0.000000000000000000e+00,3.246639071952511180e-18,-4.923539363036211758e-01,2.381364334848968945e-16
1.653950000240827649e+04,2.427456871152366419e-18,9.908822050023623262e+01,-5.309792972985724919e+06,-6.845461377467765487e+03,-4.026213643251881316e-12,-9.663517055301372238e+03,-1.550618091468392024e-03,-5.144883254412364396e-19,-9.761713310392401866e+00,9.000000000000009948e+01,8.405514636182824972e+01,0.000000000000000000e+00,2.840322681112206346e-17,-5.544078053353423963e-01,2.701330258890161265e-16
1.654950000241031375e+04,2.731130959145815408e-18,9.322123173201018176e+01,-5.364921130343156867e+06,-7.323486917263015130e+03,-4.311600215703360367e-12,-9.677821546965353264e+03,-1.871809184298856010e-03,-7.939370005290103074e-19,-9.762079387090656368e+00,9.000000000000009948e+01,7.817916610468220995e+01,0.000000000000000000e+00,6.347886164799267087e-17,-6.214010239408558345e-01,3.019720504182620686e-16
1.655950000241235102e+04,3.042662815626987763e-18,8.667326730298987059e+01,-5.412821565384136513e+06,-7.796351023954128323e+03,-4.591071526772342118e-12,-9.640285252346926427e+03,-2.325918781223013099e-03,-1.154438377433437274e-18,-9.762614127812495823e+00,9.000000000000009948e+01,7.162221200802183319e+01,0.000000000000000000e+00,1.096695751966656174e-16,-6.897489301517231164e-01,3.292472306298573433e-16
1.656950000241438829e+04,3.334492363387509027e-18,7.945786033939947401e+01,-5.451391143173396587e+06,-8.255383362037726329e+03,-4.841315606647407275e-12,-9.546259953442640835e+03,-2.757593056006424348e-03,-1.558857822128765460e-18,-9.762948585813671087e+00,9.000000000000009948e+01,6.439780870202388030e+01,0.000000000000000000e+00,1.659123001272828777e-16,-7.537047754444706760e-01,3.456403015420873629e-16
1.657950000241642556e+04,3.568976659255010700e-18,7.165898134576063683e+01,-5.478548160651152022e+06,-8.690099351676895822e+03,-5.033078612862207167e-12,-9.393218039299865268e+03,-3.159172429725742859e-03,-1.939179357055818264e-18,-9.763414549248498275e+00,9.000000000000009948e+01,5.658991453909318636e+01,0.000000000000000000e+00,2.273788212226070754e-16,-8.050428582201374361e-01,3.442487451279855348e-16
1.658950000241846283e+04,3.706447233518317765e-18,6.344445003754863421e+01,-5.492518837447529659e+06,-9.089071794923180278e+03,-5.137276598276387595e-12,-9.181875160197740115e+03,-3.429474156890321979e-03,-2.193081157963775192e-18,-9.763561437916566277e+00,9.000000000000009948e+01,4.836633669381816958e+01,0.000000000000000000e+00,2.852149401531697712e-16,-8.355990303747122816e-01,3.205155648562361541e-16
1.659950000242050010e+04,3.719128251391892096e-18,5.505586420610615050e+01,-5.492160649658957496e+06,-9.441439971327477906e+03,-5.134446331293470907e-12,-8.916877174273169658e+03,-3.427477660991939956e-03,-2.232242715488429210e-18,-9.763819010047789959e+00,9.000000000000009948e+01,3.996866479177004550e+01,0.000000000000000000e+00,3.289344650952152028e-16,-8.392156936442641824e-01,2.754336786749364820e-16
1.660950000242253736e+04,3.603566114367142234e-18,4.676979290959240387e+01,-5.477202974615972489e+06,-9.738672927485442415e+03,-5.022744069684195679e-12,-8.606586069220769787e+03,-3.295894545905397877e-03,-2.053609561605781529e-18,-9.763773482123987435e+00,9.000000000000009948e+01,3.167346599902749205e+01,0.000000000000000000e+00,3.509004459339320423e-16,-8.152897394096088046e-01,2.162921564582847114e-16
1.661950000242457463e+04,3.382381223263876233e-18,3.884310355908025514e+01,-5.448291601936983876e+06,-9.975909693940517172e+03,-4.818917117001599872e-12,-8.261875169916649611e+03,-2.884711970910558421e-03,-1.712241706808024309e-18,-9.763173490207536886e+00,9.000000000000009948e+01,2.373761499421977206e+01,0.000000000000000000e+00,3.497369401776522134e-16,-7.685993805653886790e-01,1.536471594284579339e-16
1.662950000242661190e+04,3.093882390625771925e-18,3.146737956361929633e+01,-5.406815987898709252e+06,-1.015234326462663739e+04,-4.551450695022046823e-12,-7.894380297289008013e+03,-2.444999252212198826e-03,-1.319802823939642510e-18,-9.762905752446364716e+00,9.000000000000009948e+01,1.635270738149604952e+01,0.000000000000000000e+00,3.300147590111352383e-16,-7.066556702158200975e-01,9.672698929707484874e-17
1.663950000242864917e+04,2.777529962375383938e-18,2.475031534037243475e+01,-5.354607551315663382e+06,-1.027063115251222735e+04,-4.250786914485047415e-12,-7.514898271718899196e+03,-1.929999361205636532e-03,-9.506125442290977245e-19,-9.762538120538952313e+00,9.000000000000009948e+01,9.626449676915662224e+00,0.000000000000000000e+00,2.990525417029452792e-16,-6.380945564054038011e-01,5.065529274862764904e-17
1.664950000243068644e+04,2.463957533649386238e-18,1.872359755144819005e+01,-5.293635035004535690e+06,-1.033576344087707184e+04,-3.942127299717861882e-12,-7.132398747067513796e+03,-1.367712358654848970e-03,-6.440238385959938999e-19,-9.762061455621765305e+00,9.000000000000009948e+01,3.590538764710451858e+00,0.000000000000000000e+00,2.636835741533100925e-16,-5.695692168887825924e-01,1.651073464071759260e-17
1.665950000243272370e+04,2.172074250597656156e-18,1.336467136244869636e+01,-5.225780676951047033e+06,-1.035389331308765031e+04,-3.642735037822376527e-12,-6.753704489702363389e+03,-1.128948566204934778e-03,-4.284186201952827338e-19,-9.761939865320014675e+00,9.000000000000009948e+01,-1.777574119492056681e+00,0.000000000000000000e+00,2.286763192091832840e-16,-5.050410598024792641e-01,-7.103843421587671532e-18
1.666950000243476097e+04,1.910838380495866256e-18,8.619839628688991340e+00,-5.152716589286328293e+06,-1.033143201737179879e+04,-3.362521161032571455e-12,-6.383634641567796280e+03,-8.102693284484097092e-04,-2.686223396827110595e-19,-9.761738095787437786e+00,9.000000000000009948e+01,-6.531582791070686511e+00,0.000000000000000000e+00,1.966504628161102378e-16,-4.468657662939818365e-01,-2.249773847398722592e-17
1.667950000243679824e+04,1.682529679691664818e-18,4.422141287446828883e+00,-5.075860560153774917e+06,-1.027448139277219707e+04,-3.105967260219105175e-12,-6.025361794059926979e+03,-6.292648037538040029e-04,-1.631141981187659629e-19,-9.761566493619428186e+00,9.000000000000009948e+01,-1.073844763292660076e+01,0.000000000000000000e+00,1.686573249489435927e-16,-3.956312349965492303e-01,-3.194610994673885839e-17
1.668950000243883551e+04,1.485675362143290569e-18,7.027384395144052887e-01,-4.996380264267226681e+06,-1.018854585201249938e+04,-2.874095306352885393e-12,-5.680809352108166422e+03,-4.879247039850653778e-04,-9.240754740376400308e-20,-9.761437307788520812e+00,9.000000000000009948e+01,-1.446700670656544752e+01,0.000000000000000000e+00,1.448208691937236055e-16,-3.511328798405881635e-01,-3.730563682985952317e-17
1.669950000244087278e+04,1.317070552207744606e-18,-2.602933881598182175e+00,-4.915220688166648149e+06,-1.007843143072645762e+04,-2.665978544542492425e-12,-5.351002014061800764e+03,-3.746246711058276446e-04,-4.539757094473740600e-20,-9.761401375576120643e+00,9.000000000000009948e+01,-1.778182599024997756e+01,0.000000000000000000e+00,1.248088091236512087e-16,-3.127309645050606046e-01,-3.995193837225167212e-17
1.670950000244291004e+04,1.172972821030184775e-18,-5.552474232685206346e+00,-4.833139029776353389e+06,-9.948251688919592198e+03,-2.479739952045700923e-12,-5.036342472045155773e+03,-3.044822077007403038e-04,-1.563004774456996554e-20,-9.761323617338556247e+00,9.000000000000009948e+01,-2.074050511378039374e+01,0.000000000000000000e+00,1.081167498988721001e-16,-2.797426337376016092e-01,-4.084921635114113857e-17
1.671950000244494731e+04,1.049723688931141766e-18,-8.195816571035756226e+00,-4.750738915729332715e+06,-9.801486028791216086e+03,-2.313149852313307930e-12,-4.736816196130686876e+03,-2.400415781838027840e-04,4.208006075995711509e-21,-9.761146015216288774e+00,9.000000000000009948e+01,-2.339297928007366068e+01,0.000000000000000000e+00,9.421706219502847386e-17,-2.514360895932080120e-01,-4.065092411123593016e-17
1.672950000244698458e+04,9.440254891324803922e-19,-1.057555275481452028e+01,-4.668500500805212185e+06,-9.641057743156086872e+03,-2.163954806557550872e-12,-4.452137441661756384e+03,-1.788779014084695973e-04,1.759990577528475436e-20,-9.761044421119850156e+00,9.000000000000009948e+01,-2.578184139579786915e+01,0.000000000000000000e+00,8.262622872384596968e-17,-2.270093822590140975e-01,-3.979045862302798624e-17
1.673950000244902185e+04,8.530307045843140641e-19,-1.272769881157150174e+01,-4.586805523941760883e+06,-9.469414456799826439e+03,-2.030041807217465814e-12,-4.181850735780777541e+03,-1.306830583516216393e-04,2.614104946270986968e-20,-9.761011936739683037e+00,9.000000000000009948e+01,-2.794310825416178190e+01,0.000000000000000000e+00,7.292844185010933641e-17,-2.058514614583702163e-01,-3.855091293464074019e-17
1.674950000245105912e+04,7.743385442293373498e-19,-1.468259283499530632e+01,-4.505957552276130766e+06,-9.288602722815561719e+03,-1.909507770353397664e-12,-3.925400142265918021e+03,-7.450793849006487335e-05,3.254932391983349930e-20,-9.760870227744906202e+00,9.000000000000009948e+01,-2.990711907017393045e+01,0.000000000000000000e+00,6.477799553718248100e-17,-1.875391299687446944e-01,-3.711483818512649592e-17
1.675950000245309639e+04,7.059513263178451779e-19,-1.646577046816860346e+01,-4.426198077739228494e+06,-9.100333409800263325e+03,-1.800677630951797757e-12,-3.682176240142599454e+03,-8.826381888571432910e-05,3.298933161903671610e-20,-9.761078457183192114e+00,9.000000000000009948e+01,-3.169940989712561574e+01,0.000000000000000000e+00,5.789267112301617482e-17,-1.713723408592242314e-01,-3.559834863660461911e-17
1.676950000245513365e+04,6.462178864755227214e-19,-1.809875163433142475e+01,-4.347719216396731324e+06,-8.906037574818690700e+03,-1.702096426872150997e-12,-3.451547134630307482e+03,-4.292307363495950767e-05,3.597265891073611418e-20,-9.760946170740826489e+00,9.000000000000009948e+01,-3.334150131843705367e+01,0.000000000000000000e+00,5.204422636113840428e-17,-1.573754584253785616e-01,-3.407398731895091391e-17
1.677950000245717092e+04,5.937770537381240436e-19,-1.959971781799258395e+01,-4.270673699964052066e+06,-8.706913187297330296e+03,-1.612509645087467402e-12,-3.232879012362167487e+03,-2.008302793043981183e-05,3.690489490840553219e-20,-9.761053290610353983e+00,9.000000000000009948e+01,-3.485157509549517840e+01,0.000000000000000000e+00,4.704879698706605105e-17,-1.449159862940550825e-01,-3.258587826237883797e-17
1.678950000245920819e+04,5.475067277109364334e-19,-2.098408123615326915e+01,-4.195182740138975903e+06,-8.503963992437553316e+03,-1.530839532745489132e-12,-3.025549191847015663e+03,-4.065358603089208600e-05,3.476919635431454624e-20,-9.761091400138401042e+00,9.000000000000009948e+01,-3.624504391511062096e+01,0.000000000000000000e+00,4.275834685241825801e-17,-1.339163227792544708e-01,-3.115970130519955776e-17
1.679950000246124546e+04,5.064803148149687967e-19,-2.226495666017246577e+01,-4.121342233569358010e+06,-8.298031595839740476e+03,-1.456161316919418488e-12,-2.828954293076682006e+03,-1.587334488117875253e-05,3.517730621037966176e-20,-9.760903167968006500e+00,9.000000000000009948e+01,-3.753502331021529415e+01,0.000000000000000000e+00,3.905348757429397267e-17,-1.242561894977802228e-01,-2.980924488716712126e-17
1.680950000246328273e+04,4.699305085404636702e-19,-2.345354965071455666e+01,-4.049227675462057348e+06,-8.089821852083761769e+03,-1.387681186708768502e-12,-2.642515298950190754e+03,-2.572227128538884244e-05,3.333888267192165314e-20,-9.760948882712582986e+00,9.000000000000009948e+01,-3.873271828413858486e+01,0.000000000000000000e+00,3.583763947057693292e-17,-1.155008175722391228e-01,-2.854070255600870572e-17
1.681950000246531999e+04,4.372196605149091315e-19,-2.455947491140609884e+01,-3.978898067654454615e+06,-7.879926838195771779e+03,-1.324716763581918499e-12,-2.465679730920038310e+03,-6.477578797259297971e-05,2.966465146407823603e-20,-9.760988275151081695e+00,9.000000000000009948e+01,-3.984774432617565054e+01,0.000000000000000000e+00,3.303236377638132400e-17,-1.076408794861415108e-01,-2.735549046562728866e-17
1.682950000246735726e+04,4.078157598503811537e-19,-2.559101710977022393e+01,-3.910399041786359157e+06,-7.668842794209301246e+03,-1.266680202195013143e-12,-2.297923021303160567e+03,-3.051516225838213359e-05,3.047742241674808194e-20,-9.760868060978634020e+00,9.000000000000009948e+01,-4.088838615899143036e+01,0.000000000000000000e+00,3.057366812411395096e-17,-1.006414122057074367e-01,-2.625209047717759606e-17
1.683950000246939453e+04,3.812730476114934587e-19,-2.655534473983695420e+01,-3.843765367553378455e+06,-7.456985115529793802e+03,-1.213063781355375908e-12,-2.138748451229964758e+03,1.180052587734792269e-05,3.181447602575899162e-20,-9.760992568436000383e+00,9.000000000000009948e+01,-4.186181254783332406e+01,0.000000000000000000e+00,2.840909326081914865e-17,-9.417113220154280095e-02,-2.522725492012256112e-17
1.684950000247143180e+04,3.572163966823147117e-19,-2.745868582678376768e+01,-3.779022977088955697e+06,-7.244700737814686363e+03,-1.163427724786772711e-12,-1.987686678724056492e+03,-2.924585543873092774e-05,2.809119319912660775e-20,-9.761034839607470204e+00,9.000000000000009948e+01,-4.277425132323784140e+01,0.000000000000000000e+00,2.649542116188282329e-17,-8.832871262889543940e-02,-2.427678756660801833e-17
1.685950000247346907e+04,3.353287222390277834e-19,-2.830647267692922142e+01,-3.716190606745184399e+06,-7.032278521868015559e+03,-1.117389957195585098e-12,-1.844294619857623729e+03,-6.801706079073710498e-05,2.456592032409666726e-20,-9.760957822513088189e+00,9.000000000000009948e+01,-4.363113530929334161e+01,0.000000000000000000e+00,2.479686746960284800e-17,-8.306184514275538611e-02,-2.339604861706562364e-17
1.686950000247550634e+04,3.153408177518127601e-19,-2.910346151242501378e+01,-3.655281134816573001e+06,-6.819957842129298115e+03,-1.074617508573075856e-12,-1.708154439658845149e+03,3.882268894805918080e-06,2.787901377369851706e-20,-9.760972107175497570e+00,9.000000000000009948e+01,-4.443722048059014185e+01,0.000000000000000000e+00,2.328365571767685584e-17,-7.818890415818288697e-02,-2.258027380751034049e-17
1.687950000247754360e+04,2.970231292092762455e-19,-2.985383169963723304e+01,-3.596302676382652018e+06,-6.607935876586365339e+03,-1.034819306618563116e-12,-1.578872065370740529e+03,3.950759883686316698e-06,2.685838572700563286e-20,-9.761027657985414052e+00,9.000000000000009948e+01,-4.519668642685302018e+01,0.000000000000000000e+00,2.193088715040429062e-17,-7.368486308882007951e-02,-2.182477324366896826e-17
1.688950000247958087e+04,2.801790770293961761e-19,-3.056126835959483046e+01,-3.539259483143855352e+06,-6.396373682340594314e+03,-9.977401301311174793e-13,-1.456075879690528382e+03,-7.436351931566775875e-06,2.520042892753612170e-20,-9.760959818537395805e+00,9.000000000000009948e+01,-4.591321838763147412e+01,0.000000000000000000e+00,2.071764255082529420e-17,-6.959713441141186785e-02,-2.112504981153047234e-17
1.689950000248161814e+04,2.646396155704007943e-19,-3.122903140687084900e+01,-3.484152685905131977e+06,-6.185401337069986766e+03,-9.631555297844505780e-13,-1.339415348489312237e+03,3.580247863865793079e-05,2.694911469915244759e-20,-9.760967750129953657e+00,9.000000000000009948e+01,-4.659007616024736365e+01,0.000000000000000000e+00,1.962626489309510957e-17,-6.577347189274897199e-02,-2.047686554397204663e-17
1.690950000248365541e+04,2.502587843246491508e-19,-3.186001346870551032e+01,-3.430980909474940505e+06,-5.975122307853584971e+03,-9.308675536589981493e-13,-1.228559597128004043e+03,-5.017624402814391260e-05,2.084664105333297960e-20,-9.761061271937290229e+00,9.000000000000009948e+01,-4.723015260821755135e+01,0.000000000000000000e+00,1.864178429934021979e-17,-6.217413586404617332e-02,-1.987627377102780352e-17
1.691950000248569268e+04,2.369100557405304188e-19,-3.245678866120218942e+01,-3.379740783633068670e+06,-5.765617135255650282e+03,-9.007011418942486119e-13,-1.123196146385116208e+03,8.543536706806520442e-05,2.837022920158368526e-20,-9.760733081436280045e+00,9.000000000000009948e+01,-4.783602206095710585e+01,0.000000000000000000e+00,1.775145511692510077e-17,-5.905663892118420688e-02,-1.931962927871461861e-17
1.692950000248772994e+04,2.244833251508602622e-19,-3.302165382029657792e+01,-3.330427369061392266e+06,-5.556946563682363376e+03,-8.725010782564965591e-13,-1.023029750822004644e+03,2.597619113675619928e-05,2.400043275214983971e-20,-9.760894794393568219e+00,9.000000000000009948e+01,-4.840998064922814592e+01,0.000000000000000000e+00,1.694438070272862605e-17,-5.587896127121266127e-02,-1.880358551235261960e-17
1.693950000248976721e+04,2.128824200191957178e-19,-3.355666348251856590e+01,-3.283034513402626850e+06,-5.349154270354923938e+03,-8.461294055914798290e-13,-9.277809704389001126e+02,-6.025981280455283695e-05,1.804375538171313492e-20,-9.760989042959501205e+00,9.000000000000009948e+01,-4.895408367927927884e+01,0.000000000000000000e+00,1.621120914461041192e-17,-5.293397974892809221e-02,-1.832508282911082959e-17
1.694950000249180448e+04,2.020230304134851965e-19,-3.406365966845044113e+01,-3.237555149682072923e+06,-5.142269115990654427e+03,-8.214632287740752183e-13,-8.371852860020294429e+02,2.893696054950822827e-05,2.287784434194927473e-20,-9.760829949078100753e+00,9.000000000000009948e+01,-4.947017318129843488e+01,0.000000000000000000e+00,1.554388462916552239e-17,-5.030700194368078332e-02,-1.788133239575581628e-17
1.695950000249384175e+04,1.918309828782401236e-19,-3.454429732785077789e+01,-3.193981547009150032e+06,-4.936307122308124235e+03,-7.983928417948459548e-13,-7.509920086888812421e+02,-2.934672373999802630e-05,1.872481754177881989e-20,-9.760932265426013998e+00,9.000000000000009948e+01,-4.995990367897640994e+01,0.000000000000000000e+00,1.493544330934119797e-17,-4.768902415239434367e-02,-1.746979801581851031e-17
1.696950000249587902e+04,1.822407949936430788e-19,-3.500006614955849216e+01,-3.152305521633510012e+06,-4.731273177797265816e+03,-7.768201267520323403e-13,-6.689631849547777165e+02,1.631504830346131030e-05,2.097858104686896453e-20,-9.760821886314063889e+00,9.000000000000009948e+01,-5.042476524944676441e+01,0.000000000000000000e+00,1.437984559905058904e-17,-4.533291032024484857e-02,-1.708817678601487753e-17
1.697950000249791628e+04,1.731944601765953320e-19,-3.543230931374952064e+01,-3.112518614960512146e+06,-4.527162470472934729e+03,-7.566571816939519520e-13,-5.908728040018329466e+02,3.100616405582456991e-05,2.137481305741632529e-20,-9.760823877115999636e+00,9.000000000000009948e+01,-5.086610089579519922e+01,0.000000000000000000e+00,1.387183711824666213e-17,-4.304081068329678600e-02,-1.673438028948267177e-17
1.698950000249995355e+04,1.646404223014524150e-19,-3.584223966260451277e+01,-3.074612243951393757e+06,-4.323961751266997453e+03,-7.378251414332776568e-13,-5.165058527840280931e+02,2.099338922256777096e-06,1.913982656232855397e-20,-9.760874361442118285e+00,9.000000000000009948e+01,-5.128512370539326071e+01,0.000000000000000000e+00,1.340683352202041585e-17,-4.083657928934093795e-02,-1.640651626867489821e-17
1.699950000250199082e+04,1.565327070793599179e-19,-3.623095368315127729e+01,-3.038577828382307198e+06,-4.121650402067583855e+03,-7.202531617402423759e-13,-4.456575982034955814e+02,-2.830321014979375605e-05,1.684533219970502906e-20,-9.760984911193904878e+00,9.000000000000009948e+01,-5.168292978618543287e+01,0.000000000000000000e+00,1.298082456163933306e-17,-3.870265628165003163e-02,-1.610287137272855740e-17
1.700950000250402809e+04,1.488301837041452881e-19,-3.659944362903944182e+01,-3.004406898667058442e+06,-3.920201378998187920e+03,-7.038775421489644811e-13,-3.781327310636818311e+02,-1.519032751051696550e-05,1.724821296188669865e-20,-9.761047216966742823e+00,9.000000000000009948e+01,-5.206051174142496052e+01,0.000000000000000000e+00,1.259029338104002128e-17,-3.669048244688462995e-02,-1.582189554479806307e-17
1.701950000250606536e+04,1.414959346657115892e-19,-3.694860805330999654e+01,-2.972091187321866397e+06,-3.719582007025380790e+03,-6.886409668822998232e-13,-3.137447431341101947e+02,-3.968863592529459083e-05,1.537894644351532848e-20,-9.760918031038677611e+00,9.000000000000009948e+01,-5.241876821517687546e+01,0.000000000000000000e+00,1.223214929971910258e-17,-3.487226130245772715e-02,-1.556218725189448255e-17
1.702950000250810263e+04,1.344967161162453975e-19,-3.727926097936320815e+01,-2.941622706639714073e+06,-3.519754675344305269e+03,-6.744918466100992888e-13,-2.523152709202356618e+02,1.696952155683106866e-05,1.850726658100907113e-20,-9.760932217224157270e+00,9.000000000000009948e+01,-5.275851298114824317e+01,0.000000000000000000e+00,1.190367084324895893e-17,-3.305036849036169927e-02,-1.532248035770957419e-17
1.703950000251013989e+04,1.278024940348362388e-19,-3.759213990044639075e+01,-2.912993814721648116e+06,-3.320677442476026044e+03,-6.613837467552369267e-13,-1.936734310742383514e+02,2.209530250318891831e-05,1.850622967068081242e-20,-9.760750936250268239e+00,9.000000000000009948e+01,-5.308048366033712995e+01,0.000000000000000000e+00,1.160245788938479622e-17,-3.140934601822033267e-02,-1.510163202476260227e-17
1.704950000251217716e+04,1.213860440573901871e-19,-3.788791276750225734e+01,-2.886197271667861845e+06,-3.122304550027592995e+03,-6.492748900932775738e-13,-1.376552922788000615e+02,1.963613866173830047e-05,1.806500236885229678e-20,-9.760869638472119192e+00,9.000000000000009948e+01,-5.338534793659980693e+01,0.000000000000000000e+00,1.132639073955596190e-17,-2.966205366492894943e-02,-1.489861214569638973e-17
1.705950000251421443e+04,1.152226050072901123e-19,-3.816718409998463812e+01,-2.861226287445033435e+06,-2.924586874464765515e+03,-6.381277236642504579e-13,-8.410326495555068504e+01,2.019029253474968755e-05,1.783370637613378944e-20,-9.760868456683542860e+00,9.000000000000009948e+01,-5.367371079780894405e+01,0.000000000000000000e+00,1.107359579353501113e-17,-2.804013280116789825e-02,-1.471249351660828480e-17
1.706950000251625170e+04,1.092895776743847076e-19,-3.843050033322420944e+01,-2.838074562709953636e+06,-2.727472308623793651e+03,-6.279085412768302002e-13,-3.286566879070869618e+01,-2.288405347705690929e-05,1.495429234411042823e-20,-9.760915644847706574e+00,9.000000000000009948e+01,-5.394611851922951473e+01,0.000000000000000000e+00,1.084241604141486633e-17,-2.644275824683341158e-02,-1.454244330457845242e-17
1.707950000251828897e+04,1.035662620345052340e-19,-3.867835449837650685e+01,-2.816736323670751881e+06,-2.530906096876756692e+03,-6.185871544475014172e-13,1.620378796419117862e+01,-2.229028955902379039e-05,1.476832361427465450e-20,-9.760914505016994980e+00,9.000000000000009948e+01,-5.420306390401507457e+01,0.000000000000000000e+00,1.063138607561418458e-17,-2.491954610390351155e-02,-1.438771531585788471e-17
1.708950000252032623e+04,9.803362707424999278e-20,-3.891119031625491687e+01,-2.797206351903141476e+06,-2.334831119983894041e+03,-6.101366056367424333e-13,6.324651025288994788e+01,1.407158555455367832e-05,1.679654073462082972e-20,-9.760621407065020350e+00,9.000000000000009948e+01,-5.444499136826102159e+01,0.000000000000000000e+00,1.043921037552827798e-17,-2.360368123138390992e-02,-1.424764342556328906e-17
1.709950000252236350e+04,9.267410805974666338e-20,-3.912940577394708441e+01,-2.779480009898521937e+06,-2.139188142363233965e+03,-6.025329186717261433e-13,1.083993337203404508e+02,8.348526963075642016e-06,1.626534713136866701e-20,-9.760860312575079689e+00,9.000000000000009948e+01,-5.467229790665752631e+01,0.000000000000000000e+00,1.026474530028814054e-17,-2.202426198162696011e-02,-1.412163536373925238e-17
1.710950000252440077e+04,8.747142753501287798e-20,-3.933335624259570551e+01,-2.763553263004472014e+06,-1.943916018591206466e+03,-5.957548817925173418e-13,1.517950846302144328e+02,5.731571649292277471e-06,1.594347051968518081e-20,-9.760979292522090844e+00,9.000000000000009948e+01,-5.488533947166808247e+01,0.000000000000000000e+00,1.010698332356345756e-17,-2.054625784411369394e-02,-1.400916752747185360e-17
1.711950000252643804e+04,8.241043612874106868e-20,-3.952335718578063251e+01,-2.749422698318259791e+06,-1.748951873099788372e+03,-5.897838598453255295e-13,1.935628876519608639e+02,4.065560914501276102e-05,1.794003325672354586e-20,-9.760746240355253178e+00,9.000000000000009948e+01,-5.508443177226215681e+01,0.000000000000000000e+00,9.965039589391608993e-18,-1.929720640175990737e-02,-1.390978043957011849e-17
1.712950000252847531e+04,7.747697037998220626e-20,-3.969968650028464197e+01,-2.737085541009502951e+06,-1.554231256697076105e+03,-5.846036324087883829e-13,2.338285332471996298e+02,8.387046725566449368e-06,1.583780430063721613e-20,-9.760917441118314386e+00,9.000000000000009948e+01,-5.526985197883129075e+01,0.000000000000000000e+00,9.838140494154042579e-18,-1.784528110057092068e-02,-1.382307477246510348e-17
1.713950000253051257e+04,7.265772501815492860e-20,-3.986258652440331929e+01,-2.726539668474776205e+06,-1.359688265705465255e+03,-5.802002550899402178e-13,2.727149216808791152e+02,8.918257735857082480e-06,1.576342650758996415e-20,-9.760916536714145053e+00,9.000000000000009948e+01,-5.544184315201145097e+01,0.000000000000000000e+00,9.725614029929277382e-18,-1.651332114294790793e-02,-1.374870789114818580e-17
1.714950000253254984e+04,6.794013723813354674e-20,-4.001226574323773377e+01,-2.717783622664870229e+06,-1.165255660199624344e+03,-5.765619420160580124e-13,3.103423338983160988e+02,-4.571223680471803164e-06,1.484576681824767765e-20,-9.760911687903908174e+00,9.000000000000009948e+01,-5.560061332268254830e+01,0.000000000000000000e+00,9.626881639958784830e-18,-1.520281016303829009e-02,-1.368639092117658963e-17
1.715950000253458711e+04,6.331228140410912830e-20,-4.014890021536015752e+01,-2.710816620870692655e+06,-9.708649468228121577e+02,-5.736789675208641818e-13,3.468288309084525167e+02,-3.043837873839549957e-05,1.318761166759215771e-20,-9.760843059873497651e+00,9.000000000000009948e+01,-5.574633886021418760e+01,0.000000000000000000e+00,9.541451131009616153e-18,-1.394444183187400731e-02,-1.363588648353952015e-17
1.716950000253662438e+04,5.876277202548976370e-20,-4.027263474077769700e+01,-2.705638565205570310e+06,-7.764464598807314815e+02,-5.715435855079296247e-13,3.822905551032608855e+02,-3.505524896141309910e-06,1.477859042911910518e-20,-9.760909995543933348e+00,9.000000000000009948e+01,-5.587916432391785548e+01,0.000000000000000000e+00,9.468911149380537345e-18,-1.262227996862038543e-02,-1.359700661655270427e-17
1.717950000253866165e+04,5.428067388742950864e-20,-4.038358378612967670e+01,-2.702250050979647785e+06,-5.819294186637852135e+02,-5.701499654156734534e-13,4.168420801392531985e+02,-1.334112159412370602e-06,1.487061825285775725e-20,-9.760849159720201840e+00,9.000000000000009948e+01,-5.599920447218785569e+01,0.000000000000000000e+00,9.408926473546931042e-18,-1.138241593460226700e-02,-1.356961130467575068e-17
1.718950000254069892e+04,4.985541766535329353e-20,-4.048183217936345102e+01,-2.700652374123543967e+06,-3.872419874287890025e+02,-5.694941436828776040e-13,4.505967139275521163e+02,-7.741142038497628164e-07,1.487794342431930051e-20,-9.760848303905330425e+00,9.000000000000009948e+01,-5.610654373510752180e+01,0.000000000000000000e+00,9.361234387149230521e-18,-1.011561526262626416e-02,-1.355360735146134056e-17
1.719950000254273618e+04,4.547671999173632860e-20,-4.056743558280209072e+01,-2.700847537783660926e+06,-1.923113083031759629e+02,-5.695739899977540981e-13,4.836668363577146010e+02,-3.160562001269795473e-05,1.298012300158857204e-20,-9.760959556967634398e+00,9.000000000000009948e+01,-5.620123805575743603e+01,0.000000000000000000e+00,9.325641741322272669e-18,-8.789463081254528243e-03,-1.354894779619441096e-17
1.720950000254477345e+04,4.113450659686046174e-20,-4.064042075026650025e+01,-2.702838258179656696e+06,2.936454875083740035e+00,-5.703891879642536966e-13,5.161642032809297689e+02,5.469049743744847092e-05,1.826960399011394718e-20,-9.760922261569538350e+00,9.000000000000009948e+01,-5.628331415353788003e+01,0.000000000000000000e+00,9.302023316300343344e-18,-7.548644563427762098e-03,-1.355563141827135836e-17
1.721950000254681072e+04,3.681883762979224788e-20,-4.070078557086301885e+01,-2.706627969781932887e+06,1.985760889905467934e+02,-5.719412297714348381e-13,5.482002682807901692e+02,-2.546421254923103561e-05,1.338330164080349670e-20,-9.760777900718849764e+00,9.000000000000009948e+01,-5.635277001536151431e+01,0.000000000000000000e+00,9.290320443890607756e-18,-6.366780707309320324e-03,-1.357370301812484709e-17
1.722950000254884799e+04,3.251983391709925141e-20,-4.074849889899741839e+01,-2.712220829840592574e+06,3.946832994816905966e+02,-5.742334247876185766e-13,5.798865021524354688e+02,-1.769518875693876225e-05,1.389658838549706832e-20,-9.761020851781406549e+00,9.000000000000009948e+01,-5.640957415705382516e+01,0.000000000000000000e+00,9.290540792993854301e-18,-4.961057245949774923e-03,-1.360325384362912403e-17
1.723950000255088526e+04,2.822760321540236758e-20,-4.078350016710826509e+01,-2.719621722263355274e+06,5.913346969652810685e+02,-5.772709223192555132e-13,6.113347113352086808e+02,-4.006933308886573286e-05,1.258123960902837991e-20,-9.760832179827300337e+00,9.000000000000009948e+01,-5.645366655721905147e+01,0.000000000000000000e+00,9.302759016574128909e-18,-3.792146042895251732e-03,-1.364442237008353461e-17
1.724950000255292252e+04,2.393216527696946046e-20,-4.080569877444196436e+01,-2.728836260814255103e+06,7.886077523020444460e+02,-5.810607486889096200e-13,6.426573745009832237e+02,8.135287856703143916e-07,1.515426231687292364e-20,-9.760903045341475348e+00,9.000000000000009948e+01,-5.648495602256153347e+01,0.000000000000000000e+00,9.327117771440846944e-18,-2.465700851851310334e-03,-1.369739581363570609e-17
1.725950000255495979e+04,1.962337476159407978e-20,-4.081497324185659181e+01,-2.739870791569739580e+06,9.865807896025953596e+02,-5.856118593261050922e-13,6.739679659819873905e+02,-3.357234806689035622e-05,1.313581689386808981e-20,-9.761134152058374980e+00,9.000000000000009948e+01,-5.650332133882446328e+01,0.000000000000000000e+00,9.363830001153750868e-18,-1.034798368284917071e-03,-1.376241178108136319e-17
1.726950000255699706e+04,1.529084062276289967e-20,-4.081117011904878211e+01,-2.752732394538024906e+06,1.185332950525950537e+03,-5.909352065018885768e-13,7.053812975856327512e+02,4.217870948863833291e-05,1.788084904619542997e-20,-9.760972968749458190e+00,9.000000000000009948e+01,-5.650860950218288536e+01,0.000000000000000000e+00,9.413182038265910368e-18,1.910065451847078920e-04,-1.383976044385761153e-17
1.727950000255903433e+04,1.092384078634993388e-20,-4.079410262665475528e+01,-2.767428884309893474e+06,1.384944140614615435e+03,-5.970438238720857541e-13,7.370139009921379056e+02,-1.154268012726333836e-05,1.471275440775409002e-20,-9.760896275067151961e+00,9.000000000000009948e+01,-5.650063300028765667e+01,0.000000000000000000e+00,9.475537520705940488e-18,1.485056599420754141e-03,-1.392978731257164127e-17
1.728950000256107160e+04,6.511230843237986091e-21,-4.076354901128898689e+01,-2.783968809569503181e+06,1.585495014086988249e+03,-6.039529288762590642e-13,7.689843588358043007e+02,1.705618198410974173e-05,1.660421343405701090e-20,-9.760903155798141384e+00,9.000000000000009948e+01,-5.647917041138388328e+01,0.000000000000000000e+00,9.551342303918997970e-18,2.850425843262593181e-03,-1.403289658311660793e-17
1.729950000256310886e+04,2.041344858432113084e-21,-4.071925058663335051e+01,-2.802361451247877441e+06,1.787066904000864952e+03,-6.116800448352037111e-13,8.014137097071877633e+02,-1.395063483222713785e-05,1.486611666070060243e-20,-9.761014180682908048e+00,9.000000000000009948e+01,-5.644396312079448563e+01,0.000000000000000000e+00,9.641130852601819564e-18,4.302564852127442434e-03,-1.414955486198367804e-17
1.730950000256514613e+04,-2.498113255285722638e-21,-4.066090942802592423e+01,-2.822616819051492028e+06,1.989741760023800452e+03,-6.202451444015207833e-13,8.344258479263432946e+02,-8.065559012671030814e-06,1.540630507687514857e-20,-9.760833224684269283e+00,9.000000000000009948e+01,-5.639471325875663865e+01,0.000000000000000000e+00,9.745533826661468448e-18,5.621260415794026265e-03,-1.428029561714792220e-17
1.731950000256718340e+04,-7.120189933385433929e-21,-4.058818568144579331e+01,-2.844745646037274040e+06,2.193602058754129303e+03,-6.296708167941002910e-13,8.681479690006383407e+02,-1.101312191309489208e-05,1.542376927402538394e-20,-9.760952004979415619e+00,9.000000000000009948e+01,-5.633108045013650411e+01,0.000000000000000000e+00,9.865286837447387727e-18,7.145859516075644090e-03,-1.442572456536477713e-17
1.732950000256922067e+04,-1.183881607471119155e-20,-4.050069444017151454e+01,-2.868759380837189965e+06,2.398730732893655386e+03,-6.399824615142189889e-13,9.027109501253007693e+02,1.071250661066613930e-05,1.697636064395464757e-20,-9.760714891882553701e+00,9.000000000000009948e+01,-5.625268066613560336e+01,0.000000000000000000e+00,1.000124130083010208e-17,8.509855600073319357e-03,-1.458652558076331219e-17
1.733950000257125794e+04,-1.666895814777343308e-20,-4.039800213344410906e+01,-2.894670177054970991e+06,2.605211004113641138e+03,-6.512085117855039229e-13,9.382499310406234372e+02,3.757954659722173574e-05,1.886579737010677103e-20,-9.760781539578577082e+00,9.000000000000009948e+01,-5.615907967442765170e+01,0.000000000000000000e+00,1.015437713890928972e-17,1.009178227708189615e-02,-1.476346758880256180e-17
1.734950000257329521e+04,-2.162678930017647258e-20,-4.027962236086239756e+01,-2.922490879259719048e+06,2.813126268094175884e+03,-6.633806914139999885e-13,9.749047442576074900e+02,-1.959347515079201685e-05,1.563113920384095937e-20,-9.760824401650886273e+00,9.000000000000009948e+01,-5.604979113368699473e+01,0.000000000000000000e+00,1.032581786145182443e-17,1.171171347105977312e-02,-1.495741238254350568e-17
1.735950000257533247e+04,-2.672988455203393857e-20,-4.014501109364407938e+01,-2.952235004889193922e+06,3.022559904325691150e+03,-6.765343098576044624e-13,1.012820473498104548e+03,-6.765489759530396441e-06,1.670920214149424833e-20,-9.760886911575354929e+00,9.000000000000009948e+01,-5.592427129025286803e+01,0.000000000000000000e+00,1.051684798710347912e-17,1.340026953871703043e-02,-1.516932381417948321e-17
1.736950000257736974e+04,-3.199744504306582972e-20,-3.999356114881920377e+01,-2.983916721237379126e+06,3.233595048134285662e+03,-6.907086005906824779e-13,1.052148061840804530e+03,3.401483357023948884e-05,1.952637773337819309e-20,-9.760957358564985142e+00,9.000000000000009948e+01,-5.578191298716864566e+01,0.000000000000000000e+00,1.072893414834827643e-17,1.515744364485779698e-02,-1.540027788252847424e-17
1.737950000257940701e+04,-3.745055679585810674e-20,-3.982459582428693778e+01,-3.017550816538077313e+06,3.446314325762116368e+03,-7.059471092611151257e-13,1.093044941082409878e+03,7.374472992527358883e-05,2.230530270005731399e-20,-9.760603924904579287e+00,9.000000000000009948e+01,-5.562203944003049827e+01,0.000000000000000000e+00,1.096374980165671485e-17,1.674606725462840159e-02,-1.565147434683899252e-17
1.738950000258144428e+04,-4.311249102202544077e-20,-3.963736156074870820e+01,-3.053152663957499899e+06,3.660799532071806425e+03,-7.222981389889525647e-13,1.135675726294893593e+03,-4.806039801685813018e-06,1.787145907706840323e-20,-9.760882330660034967e+00,9.000000000000009948e+01,-5.544389678330158233e+01,0.000000000000000000e+00,1.122320378984349214e-17,1.877193431851324062e-02,-1.592425038070518250e-17
1.739950000258348155e+04,-4.900905461839401533e-20,-3.943101946992511841e+01,-3.090738177067896817e+06,3.877131268861106037e+03,-7.398152617547507220e-13,1.180212891266300176e+03,5.561590321967457839e-05,2.197958280221980171e-20,-9.760776502813699906e+00,9.000000000000009948e+01,-5.524664670991567306e+01,0.000000000000000000e+00,1.150947562149006975e-17,2.066879736385314123e-02,-1.622009506221375546e-17
1.740950000258551881e+04,-5.516900102504533197e-20,-3.920463553595660500e+01,-3.130323755081142299e+06,4.095388444964358314e+03,-7.585579064525473242e-13,1.226837702837206280e+03,-4.536953087974637810e-05,1.623572023418324520e-20,-9.760866783040491157e+00,9.000000000000009948e+01,-5.502935466444530732e+01,0.000000000000000000e+00,1.182505584008962252e-17,2.277527830820643556e-02,-1.654066685096918901e-17
1.741950000258755608e+04,-6.162451421410044304e-20,-3.895716925707230871e+01,-3.171926215761373751e+06,4.315647771732230467e+03,-7.785920359310504059e-13,1.275740969670553795e+03,-4.506223284295174381e-06,1.921506608336284223e-20,-9.760936652543252379e+00,9.000000000000009948e+01,-5.479098064731662276e+01,0.000000000000000000e+00,1.217279492914345171e-17,2.498007812146712039e-02,-1.688781279117355950e-17
1.742950000258959335e+04,-6.841178188595890542e-20,-3.868746044550845653e+01,-3.215562713491713628e+06,4.537983066868519018e+03,-7.999909281539688281e-13,1.327124141855289736e+03,-1.769682600105682013e-05,1.891986328699874471e-20,-9.760930502951762122e+00,9.000000000000009948e+01,-5.453036410400526535e+01,0.000000000000000000e+00,1.255596179731855322e-17,2.726442141114119450e-02,-1.726359013825727509e-17
1.743950000259163062e+04,-7.557167704550186452e-20,-3.839421384290011474e+01,-3.261250639422303066e+06,4.762464503243249055e+03,-8.228360790545383705e-13,1.381200281049945033e+03,1.115678888385929213e-05,2.123880674466030296e-20,-9.760936095716512995e+00,9.000000000000009948e+01,-5.424620995021997771e+01,0.000000000000000000e+00,1.297831318002862146e-17,2.969236461871131369e-02,-1.767029120098215772e-17
1.744950000259366789e+04,-8.315057291240128258e-20,-3.807598113274955409e+01,-3.309007499943608884e+06,4.989157668792711775e+03,-8.472182485598433119e-13,1.438195256630235235e+03,-1.023422900026105253e-05,2.052563218706751470e-20,-9.760745682831615255e+00,9.000000000000009948e+01,-5.393707023665588451e+01,0.000000000000000000e+00,1.344417785568244839e-17,3.216260702269079647e-02,-1.811047070304329273e-17
1.745950000259570515e+04,-9.120132184473973470e-20,-3.773113983704215713e+01,-3.358850768874730915e+06,5.218122425192157607e+03,-8.732386750993554437e-13,1.498349142649140958e+03,8.898819503500021710e-07,2.184680695060130633e-20,-9.760866814667300773e+00,9.000000000000009948e+01,-5.360132192241826488e+01,0.000000000000000000e+00,1.395855805736718020e-17,3.498110464114365104e-02,-1.858697650502394203e-17
1.746950000259774242e+04,-9.978443700018607231e-20,-3.735786846526662686e+01,-3.410797707682673354e+06,5.449411618248693230e+03,-9.010104894165111327e-13,1.561917515946045796e+03,2.996737061344845188e-05,2.431287699974353078e-20,-9.760871737576433560e+00,9.000000000000009948e+01,-5.323714375033948443e+01,0.000000000000000000e+00,1.452725250837612259e-17,3.792698731730597544e-02,-1.910298356812670448e-17
1.747950000259977969e+04,-1.089695264654529767e-19,-3.695411713397521680e+01,-3.464865146688894834e+06,5.683069465622892494e+03,-9.306603642686694694e-13,1.629173127001449984e+03,-1.280541286696745829e-05,2.242881172531380944e-20,-9.760916424857530416e+00,9.000000000000009948e+01,-5.284248596969333533e+01,0.000000000000000000e+00,1.515700593674403631e-17,4.111306158571394892e-02,-1.966203140423092242e-17
1.748950000260181696e+04,-1.188370428223430299e-19,-3.651757268435788006e+01,-3.521069218489833176e+06,5.919129657657353164e+03,-9.623304444577500035e-13,1.700407651451922902e+03,5.416261019508539221e-05,2.731690873160591591e-20,-9.760628860652548866e+00,9.000000000000009948e+01,-5.241503575127852343e+01,0.000000000000000000e+00,1.585569263599246111e-17,4.435701651480219304e-02,-2.026806398315785962e-17
1.749950000260385423e+04,-1.294804292925626652e-19,-3.604561708183920388e+01,-3.579425032601729501e+06,6.157613024772679637e+03,-9.961806104490309676e-13,1.775933818577912461e+03,-3.810765970335694419e-05,2.250263737568083551e-20,-9.760900720076147508e+00,9.000000000000009948e+01,-5.195217418329302461e+01,0.000000000000000000e+00,1.663254148653112955e-17,4.819653119327426544e-02,-2.092547214763615030e-17
1.750950000260589150e+04,-1.410087669545726868e-19,-3.553527756902198576e+01,-3.639946277483715676e+06,6.398524876523109924e+03,-1.032391139615144101e-12,1.856087303349146623e+03,-1.858432028978285189e-05,2.458833766054164958e-20,-9.760780272001415625e+00,9.000000000000009948e+01,-5.145092960248027225e+01,0.000000000000000000e+00,1.749841422388752731e-17,5.213109777152891144e-02,-2.163913634734859145e-17
1.751950000260792876e+04,-1.535500597013235738e-19,-3.498316663958749473e+01,-3.702644732384133153e+06,6.641851566780023859e+03,-1.071165842227645565e-12,1.941229571575769114e+03,6.921622373567970499e-05,3.090424942878324804e-20,-9.760739243887778471e+00,9.000000000000009948e+01,-5.090791399329741296e+01,0.000000000000000000e+00,1.846615057470301219e-17,5.647269828439460682e-02,-2.241446736975455643e-17
1.752950000260996603e+04,-1.672553341753063344e-19,-3.438540937653963425e+01,-3.767529666605077218e+06,6.887556539877256000e+03,-1.112735764242595244e-12,2.031750395285232116e+03,6.134437385618696226e-05,3.140949268420764388e-20,-9.760609713237689888e+00,9.000000000000009948e+01,-5.031925280230358766e+01,0.000000000000000000e+00,1.955099866070411064e-17,6.117917831721086247e-02,-2.325744036550824774e-17
1.753950000261200330e+04,-1.823037893473929475e-19,-3.373755501371550025e+01,-3.834607097393683624e+06,7.135575381952723546e+03,-1.157363566183641522e-12,2.128071138477266231e+03,-2.045402593964240623e-06,2.855295312879067512e-20,-9.760887244922852091e+00,9.000000000000009948e+01,-4.968049489465032309e+01,0.000000000000000000e+00,2.077115447424997839e-17,6.659378795577294841e-02,-2.417461458810802304e-17
1.754950000261404057e+04,-1.989093046080366864e-19,-3.303446868115815960e+01,-3.903878869189017918e+06,7.385809905391644861e+03,-1.205348707107419324e-12,2.230648028665363199e+03,-2.704115227825099055e-05,2.807465478862435622e-20,-9.760872096297177336e+00,9.000000000000009948e+01,-4.898650604900556260e+01,0.000000000000000000e+00,2.214844125383454216e-17,7.239504162700086121e-02,-2.517312672215816755e-17
1.755950000261607784e+04,-2.173287182405552085e-19,-3.227019810988409176e+01,-3.975341505609739572e+06,7.638120759567820642e+03,-1.257033582178240226e-12,2.339976255655264140e+03,6.578260203227159764e-06,3.119074952741816547e-20,-9.760811991608346005e+00,9.000000000000009948e+01,-4.823133387900939795e+01,0.000000000000000000e+00,2.370916833750351678e-17,7.881267399140096108e-02,-2.626063896950154785e-17
1.756950000261811510e+04,-2.378724257080078827e-19,-3.143780850155471995e+01,-4.048984770266461186e+06,7.892318446373532424e+03,-1.312810780959384333e-12,2.456594173925791438e+03,5.502442869875778797e-05,3.518781241610985443e-20,-9.760754715571767548e+00,9.000000000000009948e+01,-4.740804374824711687e+01,0.000000000000000000e+00,2.548522239667954958e-17,8.598162469646644657e-02,-2.744521057625806015e-17
1.757950000262015237e+04,-2.609180350721522298e-19,-3.052917668104275606e+01,-4.124789851674924605e+06,8.148152134816169564e+03,-1.373131645167126963e-12,2.581088137503983944e+03,5.649793194972829724e-05,3.623149808135688720e-20,-9.760863896382314664e+00,9.000000000000009948e+01,-4.650851256090163588e+01,0.000000000000000000e+00,2.751545803335173269e-17,9.412542839435109054e-02,-2.873504466257277007e-17
1.758950000262218964e+04,-2.869280710050569185e-19,-2.953473286854075397e+01,-4.202727059013157152e+06,8.405295781351018377e+03,-1.438516299211885999e-12,2.714097667789402749e+03,6.342978182338754323e-05,3.745909927976268239e-20,-9.760851397806138863e+00,9.000000000000009948e+01,-4.552317111155817031e+01,0.000000000000000000e+00,2.984747426416965201e-17,1.032408073540664467e-01,-3.013803337892911574e-17
1.759950000262422691e+04,-3.164730606197298270e-19,-2.844313470247408659e+01,-4.282752876028005965e+06,8.663330676459929236e+03,-1.509565287357270656e-12,2.856321232328474252e+03,6.035174202345672256e-05,3.780878451315443210e-20,-9.760772764399646917e+00,9.000000000000009948e+01,-4.444067724492758487e+01,0.000000000000000000e+00,3.253988552134397594e-17,1.135557235199640552e-01,-3.166097963104425285e-17
1.760950000262626418e+04,-3.502617883865141996e-19,-2.724085322560895506e+01,-4.364806165464710444e+06,8.921723508767725434e+03,-1.586972842442432912e-12,3.008522168229342242e+03,1.137858459427931734e-04,4.117870669930800208e-20,-9.760767441312186321e+00,9.000000000000009948e+01,-4.324750202222556794e+01,0.000000000000000000e+00,3.566521960188756973e-17,1.253923417768330606e-01,-3.330830170026587027e-17
1.761950000262830144e+04,-3.891810933733925386e-19,-2.591164407722540730e+01,-4.448803239363324828e+06,9.179798598634872178e+03,-1.671541573935473951e-12,3.171534489812835545e+03,8.896102987332454859e-05,3.905876372486680615e-20,-9.760674653578455207e+00,9.000000000000009948e+01,-4.192740186799198909e+01,0.000000000000000000e+00,3.931359325207633807e-17,1.389626635476597927e-01,-3.507991325002530608e-17
1.762950000263033871e+04,-4.343482994881704680e-19,-2.443586878552543595e+01,-4.534631401968955062e+06,9.436702375207447403e+03,-1.764197887278469973e-12,3.346268471024080100e+03,1.089802798617256485e-04,3.859275013887265129e-20,-9.760649603554186982e+00,9.000000000000009948e+01,-4.046073896943555326e+01,0.000000000000000000e+00,4.359731643958383372e-17,1.547345068615713637e-01,-3.696778741772439967e-17
1.763950000263237598e+04,-4.871801489504100492e-19,-2.278962067248888701e+01,-4.622140418477837928e+06,9.691357827704938245e+03,-1.866006538796144828e-12,3.533714738862689046e+03,1.178915250292789096e-04,3.574570369930151056e-20,-9.760734526152482715e+00,9.000000000000009948e+01,-3.882360681339297770e+01,0.000000000000000000e+00,4.865652176267429505e-17,1.732109216450826716e-01,-3.895042434012093476e-17
1.764950000263441325e+04,-5.494827083490284843e-19,-2.094359791176792385e+01,-4.711131146087348461e+06,9.942405895852654794e+03,-1.978181048174114472e-12,3.734944991416215089e+03,1.689673110867317973e-04,3.285395202787089928e-20,-9.760700085315322738e+00,9.000000000000009948e+01,-3.698670482948946159e+01,0.000000000000000000e+00,5.466573423095480012e-17,1.948690550686686673e-01,-4.098398995356363383e-17
1.765950000263645052e+04,-6.235664708168631878e-19,-1.886165475483593923e+01,-4.801340260414108634e+06,1.018812946357593682e+04,-2.102083640254893471e-12,3.951107234627702383e+03,2.707812569990863949e-04,2.901183597702604017e-20,-9.760423626668167429e+00,9.000000000000009948e+01,-3.491388882547227723e+01,0.000000000000000000e+00,6.184084703190858092e-17,2.204103513117801338e-01,-4.298819652086933986e-17
1.766950000263848779e+04,-7.123881435001700626e-19,-1.649895674423360248e+01,-4.892419594669603743e+06,1.042635488105510740e+04,-2.239202967958795976e-12,4.183410430947702480e+03,3.250938620116272659e-04,1.596739467827788751e-20,-9.760476803138461221e+00,9.000000000000009948e+01,-3.256032510637754029e+01,0.000000000000000000e+00,7.044493663458089853e-17,2.511365367000806259e-01,-4.482399938640741074e-17
1.767950000264052505e+04,-8.197115846989559966e-19,-1.379968151220400330e+01,-4.983908065553464927e+06,1.065432515368227178e+04,-2.391088478835303680e-12,4.433089706280678001e+03,3.167448366685476913e-04,-1.067922641898539436e-20,-9.760362260296036041e+00,9.000000000000009948e+01,-2.987019371653126143e+01,0.000000000000000000e+00,8.078917132779725652e-17,2.879983907623162032e-01,-4.625890480610558720e-17
1.768950000264256232e+04,-9.502566469920170907e-19,-1.069427723194537805e+01,-5.075193520432280377e+06,1.086853786874686921e+04,-2.559204649302799934e-12,4.701339863860178411e+03,5.341414145871858921e-04,-3.867089071008538611e-20,-9.760332182507752918e+00,9.000000000000009948e+01,-2.677394475113069561e+01,0.000000000000000000e+00,9.322071665500918422e-17,3.326644896955666675e-01,-4.691451910701564340e-17
1.769950000264459959e+04,-1.109748906083596968e-18,-7.096488928812322960e+00,-5.165461282203166746e+06,1.106454425281167460e+04,-2.744644023329817135e-12,4.989193212891227631e+03,7.265079835963028643e-04,-9.163681041691281936e-20,-9.760114028192024449e+00,9.000000000000009948e+01,-2.318532622243145624e+01,0.000000000000000000e+00,1.080814648069197292e-16,3.868008056384861781e-01,-4.619142117251642544e-17
1.770950000264663686e+04,-1.304663060593698849e-18,-2.900835620695951800e+00,-5.253626249718792737e+06,1.123671301031865733e+04,-2.947605358967877743e-12,5.297307026996308196e+03,1.015749519390762856e-03,-1.743874254595072666e-19,-9.759958360575639702e+00,9.000000000000009948e+01,-1.899886001647711709e+01,0.000000000000000000e+00,1.256081793458756906e-16,4.525581644740410692e-01,-4.317272015195167958e-17
1.771950000264867413e+04,-1.541221116337894170e-18,2.017769116304820365e+00,-5.338247579895420931e+06,1.137798539431424251e+04,-3.166514162686846675e-12,5.625606674675408613e+03,1.554746979614662905e-03,-2.945356288884163426e-19,-9.759569791092381763e+00,9.000000000000009948e+01,-1.408946259930369926e+01,0.000000000000000000e+00,1.457282625920957347e-16,5.316143654594058798e-01,-3.652946297603951556e-17
1.772950000265071139e+04,-1.822843895812045406e-18,7.798659040217207128e+00,-5.417432462952361442e+06,1.147969665392983188e+04,-3.396682592538010468e-12,5.972717045152327046e+03,2.154280645962902696e-03,-4.838360237332545686e-19,-9.759335078171627487e+00,9.000000000000009948e+01,-8.317801291656760299e+00,0.000000000000000000e+00,1.677017191488270502e-16,6.250244902908890232e-01,-2.450483572207438391e-17
1.773950000265274866e+04,-2.144959550164997205e-18,1.457784208568086015e+01,-5.488754174368741922e+06,1.153163303951330818e+04,-3.628585979192687810e-12,6.335125918480105611e+03,3.069001587563680022e-03,-7.424330237435338691e-19,-9.758748605139999199e+00,9.000000000000009948e+01,-1.547865929669783425e+00,0.000000000000000000e+00,1.896192679182160599e-16,7.306766753589839514e-01,-5.149352224152450446e-18
1.774950000265478593e+04,-2.486750780169590792e-18,2.244938719907010594e+01,-5.549245992409790866e+06,1.152262961004579665e+04,-3.846346777713617920e-12,6.706122618772644273e+03,4.220311732226811330e-03,-1.067828378761695193e-18,-9.758229482836929591e+00,9.000000000000009948e+01,6.314423170123821372e+00,0.000000000000000000e+00,2.079777299137511193e-16,8.417913708125779326e-01,2.294248584853518109e-17
1.775950000265682320e+04,-2.803059981354584191e-18,3.140098272977671456e+01,-5.595581009530371986e+06,1.144210753041941825e+04,-4.027871708616084971e-12,7.074828237897762847e+03,5.404154636671876233e-03,-1.414891149554207003e-18,-9.757248706135719374e+00,9.000000000000009948e+01,1.525677555513804862e+01,0.000000000000000000e+00,2.179164513452632097e-16,9.435200459746081458e-01,5.931294075427637742e-17
1.776950000265886047e+04,-3.026841935488943746e-18,4.123962705772154891e+01,-5.624559015948130749e+06,1.128272823491618510e+04,-4.148535695033266262e-12,7.426084794734628304e+03,6.236673317400409644e-03,-1.689161723661459736e-18,-9.756954875999886312e+00,9.000000000000009948e+01,2.508622141479701284e+01,0.000000000000000000e+00,2.147753220188688187e-16,1.015435266685660753e+00,1.003565768758576450e-16
1.777950000266089774e+04,-3.094125786051552456e-18,5.155968846537400196e+01,-5.633890608491991647e+06,1.104349211313805245e+04,-4.188740625583569196e-12,7.742186575587626976e+03,6.590665528070971391e-03,-1.768419258015098743e-18,-9.756796060665484660e+00,9.000000000000009948e+01,3.539715840068163999e+01,0.000000000000000000e+00,1.966487809603900299e-16,1.037387644888460914e+00,1.394747826784893231e-16
1.778950000266293500e+04,-2.982694591124575591e-18,6.181414926062062420e+01,-5.622967828847005963e+06,1.073149227077717114e+04,-4.141948359088582350e-12,8.006614312444703501e+03,6.149912168803339796e-03,-1.624254524115160252e-18,-9.757169794693194120e+00,9.000000000000009948e+01,4.564257906105823537e+01,0.000000000000000000e+00,1.660651028948755662e-16,1.002702420745265277e+00,1.694838441381191887e-16
1.779950000266497227e+04,-2.728203657438566527e-18,7.147725824516753335e+01,-5.593123993382283486e+06,1.036067914306438615e+04,-4.017684612798794902e-12,8.208118045442452058e+03,5.177191085107502033e-03,-1.316738615075385547e-18,-9.757887384096134653e+00,9.000000000000009948e+01,5.529671619014044381e+01,0.000000000000000000e+00,1.290877271986609108e-16,9.221631177483277098e-01,1.859437593963175694e-16
1.780950000266700954e+04,-2.399086339679743392e-18,8.019241384776525194e+01,-5.547180143330685794e+06,9.948106640338086436e+03,-3.837168541719361730e-12,8.342720812171775833e+03,4.135519748936555828e-03,-9.532402496322271676e-19,-9.758664027580316258e+00,9.000000000000009948e+01,6.400293693024420350e+01,0.000000000000000000e+00,9.238975855172243939e-17,8.168077628179988281e-01,1.888349356627039053e-16
1.781950000266904681e+04,-2.058473015727554104e-18,8.781557530878311013e+01,-5.488610570975430310e+06,9.509996036087706671e+03,-3.624936459363152270e-12,8.412853559375007535e+03,3.104069606119086444e-03,-6.340862925503943003e-19,-9.759374717302135238e+00,9.000000000000009948e+01,7.161717068402971620e+01,0.000000000000000000e+00,6.059962155170602384e-17,7.065111337698404270e-01,1.814857611208810621e-16
1.782950000267108408e+04,-1.745136094970879456e-18,9.436680555401423476e+01,-5.420816329538745806e+06,9.059442227742465548e+03,-3.401934752741129270e-12,8.424914070057518984e+03,2.208467996996255067e-03,-3.945105813115704644e-19,-9.760073163666453055e+00,9.000000000000009948e+01,7.815946209839199810e+01,0.000000000000000000e+00,3.554111212114835813e-17,6.039425111990301964e-01,1.681980803253069864e-16
1.783950000267312134e+04,-1.474964708056873031e-18,9.995499943759284633e+01,-5.346730433067727834e+06,8.605898704348483079e+03,-3.182683505588382465e-12,8.386883812876838419e+03,1.714825715839696230e-03,-2.172091457712610136e-19,-9.760359094228592269e+00,9.000000000000009948e+01,8.373869737207837716e+01,0.000000000000000000e+00,1.700668858294915639e-17,5.143880046018082242e-01,1.525247859441830940e-16
1.784950000267515861e+04,-1.249807788010765787e-18,1.047193580819974983e+02,-5.268707011483929120e+06,8.155668764887283032e+03,-2.975627348120902526e-12,8.306754673143570471e+03,1.292158558363731835e-03,-1.040777581616309696e-19,-9.760427502817051959e+00,9.000000000000009948e+01,8.849407648229994550e+01,0.000000000000000000e+00,3.862594517858085404e-18,4.389379318746574610e-01,1.367462358800068220e-16
1.785950000267719588e+04,-1.234769913400223762e-18,1.087966275974534369e+02,-5.188563724567127414e+06,7.712692534787266595e+03,-8.362408099120540424e-12,8.191747671071656441e+03,9.882145366151839916e-04,-1.307208029695452561e-19,-9.760828931392525831e+00,9.000000000000009948e+01,9.256234721849824609e+01,-5.088887490341626828e-14,-1.405047791782019799e-18,3.767067678874595482e-01,3.763642291060678449e-16
1.786950000267923315e+04,-1.054542141694291534e-18,1.123072249941228336e+02,-5.107677961535017006e+06,7.279268849608598430e+03,-8.257026993877640762e-12,8.048047503944888376e+03,7.962965465841964630e-04,-2.353363241775833827e-20,-9.760814196799524112e+00,9.000000000000009948e+01,9.606392922238495657e+01,-5.088887490341626828e-14,-3.905755736138687069e-18,3.253305168130293801e-01,3.327187273668624099e-16
1.787950000268127042e+04,-9.071819544570910639e-19,1.153517301613113233e+02,-5.027086293982639909e+06,6.856605413009070617e+03,-8.128645661453723177e-12,7.880803394428900901e+03,5.926751993039491850e-04,4.140282279319566333e-20,-9.761103687058689360e+00,9.000000000000009948e+01,9.909940572766191735e+01,-5.088887490341626828e-14,-6.178044592248460972e-18,2.832330323707766273e-01,2.961801371261292718e-16
1.788950000268330768e+04,-7.860475478321996693e-19,1.180120175848693549e+02,-4.947568644876556471e+06,6.445203893777241319e+03,-7.982641152038588901e-12,7.694240752976602380e+03,4.127724209297412017e-04,8.019919095289047838e-20,-9.761060186654470172e+00,9.000000000000009948e+01,1.017506535217798671e+02,-5.088887490341626828e-14,-8.180920821944325264e-18,2.483003157859456356e-01,2.655697049891584855e-16
1.789950000268534495e+04,-6.857429290800916559e-19,1.203539897934438585e+02,-4.869713803576143458e+06,6.045117683743294037e+03,-7.823172432099382885e-12,7.491804164818751815e+03,3.470254073443257425e-04,1.078041515274563220e-19,-9.760965301316169018e+00,9.000000000000009948e+01,1.040835774501324664e+02,-5.088887490341626828e-14,-9.929320281442656525e-18,2.192396312755850729e-01,2.398495019350158310e-16
1.790950000268738222e+04,-6.019988554995377500e-19,1.224305309661279608e+02,-4.793968504431392998e+06,5.656121160209727350e+03,-7.653455497176446658e-12,7.276295448562416823e+03,3.965348843002480805e-04,1.305328311742277959e-19,-9.760948898479117730e+00,9.000000000000009948e+01,1.061510633290270249e+02,-5.088887490341626828e-14,-1.145899600705061620e-17,1.949585524080740262e-01,2.181471467610253279e-16
1.791950000268941949e+04,-5.314759051039442711e-19,1.242841485843937619e+02,-4.720673597988492809e+06,5.277819443214750208e+03,-7.475987566889139623e-12,7.049994065573178887e+03,2.204974335442422273e-04,1.316383754119283755e-19,-9.760916832865380144e+00,9.000000000000009948e+01,1.079956200049763027e+02,-5.088887490341626828e-14,-1.281003920828402472e-17,1.744809792869255194e-01,1.997469683793433697e-16
1.792950000269145676e+04,-4.715700851032120995e-19,1.259491585601251558e+02,-4.650090588078274392e+06,4.909719279366275259e+03,-7.292720156871296992e-12,6.814757018275477094e+03,2.481245830061595825e-04,1.401071662420413206e-19,-9.760997972255406552e+00,9.000000000000009948e+01,1.096515647279215102e+02,-5.088887490341626828e-14,-1.401993041977336841e-17,1.571533188671900838e-01,1.840689789912015313e-16
1.793950000269349403e+04,-4.202475037507735125e-19,1.274534267271396004e+02,-4.582421139173104428e+06,4.551274770135323706e+03,-7.105189510952616554e-12,6.572099673770617301e+03,2.953940865819681960e-04,1.464677074298483847e-19,-9.760777029997957044e+00,9.000000000000009948e+01,1.111467637519518377e+02,-5.088887490341626828e-14,-1.512117123158280790e-17,1.421683893359488859e-01,1.706456067038436836e-16
1.794950000269553129e+04,-3.759124800153854897e-19,1.288197321429399835e+02,-4.517821497055564076e+06,4.201916384782529349e+03,-6.914614325294499553e-12,6.323260670983598175e+03,1.851031961548343929e-04,1.410611134918057914e-19,-9.761113365731945990e+00,9.000000000000009948e+01,1.125039971854954217e+02,-5.088887490341626828e-14,-1.614097227944992549e-17,1.295608989892796381e-01,1.591003108700062245e-16
1.795950000269756856e+04,-3.373055049376430890e-19,1.300668262532200572e+02,-4.456413230666053481e+06,3.861069642895241486e+03,-6.721968655988412325e-12,6.069253435520650783e+03,1.543163692088178607e-04,1.391893204617919991e-19,-9.760985670539286119e+00,9.000000000000009948e+01,1.137420167850230683e+02,-5.088887490341626828e-14,-1.710177137420285074e-17,1.183940373355887032e-01,1.491294230539059322e-16
1.796950000269960583e+04,-3.034254299014246475e-19,1.312102543621003008e+02,-4.398291302874740213e+06,3.528166572939848720e+03,-6.528036868464927358e-12,5.810907377637382524e+03,1.526237401847652109e-04,1.383005637958801464e-19,-9.760925749232011839e+00,9.000000000000009948e+01,1.148763681951119366e+02,-5.088887490341626828e-14,-1.802200552589032372e-17,1.086826058592647443e-01,1.404873317498110070e-16
1.797950000270164310e+04,-2.734704603980980997e-19,1.322629938831010747e+02,-4.343530189373295754e+06,3.202652665493882523e+03,-6.333455249839123105e-12,5.548900744288806891e+03,1.744845569904285298e-04,1.384084934227231955e-19,-9.761053764824884738e+00,9.000000000000009948e+01,1.159200295772225928e+02,-5.088887490341626828e-14,-1.891689690057549188e-17,1.002646198951413770e-01,1.329746463428892303e-16
1.798950000270368037e+04,-2.467934321316546254e-19,1.332359521589985718e+02,-4.292188560106774792e+06,2.883991012010566010e+03,-6.138743766114311467e-12,5.283786836444171058e+03,1.196106812737518510e-04,1.336164464587125178e-19,-9.761037359097739952e+00,9.000000000000009948e+01,1.168839080371307517e+02,-5.088887490341626828e-14,-1.979915121167537276e-17,9.276588345641825772e-02,1.264288475823830624e-16
1.799950000270571763e+04,-2.228678214390091757e-19,1.341383567428335084e+02,-4.244312893155789003e+06,2.571664180234006380e+03,-5.944330776457007583e-12,5.016015251652956067e+03,5.748317175502393184e-05,1.283390719589524514e-19,-9.760897082627700172e+00,9.000000000000009948e+01,1.177772315012175284e+02,-5.088887490341626828e-14,-2.067954786198333625e-17,8.604657993901347612e-02,1.207169396015855050e-16
1.800950000270775490e+04,-2.012617950501767385e-19,1.349780631645249684e+02,-4.199940288946552202e+06,2.265175034818505083e+03,-5.750572280229944240e-12,4.745948923667705458e+03,1.899439051005202828e-04,1.350435308011364455e-19,-9.760874351485732348e+00,9.000000000000009948e+01,1.186078558825239639e+02,-5.088887490341626828e-14,-2.156742414225990499e-17,8.011928671265086677e-02,1.157296856816234167e-16
1.801950000270979217e+04,-1.816182805914591114e-19,1.357617991466782428e+02,-4.159100680347991642e+06,1.964046690033860614e+03,-5.557767203221761913e-12,4.473877965541485537e+03,5.349166833301666202e-05,1.254270524534709003e-19,-9.760893820380340813e+00,9.000000000000009948e+01,1.193825089455755943e+02,-5.088887490341626828e-14,-2.247107006090437884e-17,7.483901448591862016e-02,1.113770844203000957e-16
1.802950000271182944e+04,-1.636395573603781840e-19,1.364953596388483561e+02,-4.121818582642402966e+06,1.667821875667103768e+03,-5.366169722368062941e-12,4.200030972955861216e+03,1.578554798786768743e-04,1.307502150223089522e-19,-9.760923330804939013e+00,9.000000000000009948e+01,1.201069856408711587e+02,-5.088887490341626828e-14,-2.339805066078181388e-17,7.010266997596337202e-02,1.075848145428582344e-16
1.803950000271386671e+04,-1.470752531700293322e-19,1.371837635836862148e+02,-4.088114490316700656e+06,1.376061967410895932e+03,-5.175999339705659109e-12,3.924584264866685771e+03,1.046133215769629032e-04,1.266518549769110849e-19,-9.761027820638183528e+00,9.000000000000009948e+01,1.207863053290685258e+02,-5.088887490341626828e-14,-2.435547301622870426e-17,6.587619388427029543e-02,1.042914354800573128e-16
1.804950000271590397e+04,-1.317129191272493047e-19,1.378313807352309937e+02,-4.058006000803267118e+06,1.088345935905369515e+03,-4.987449230425609788e-12,3.647669426859134546e+03,4.805946780539471774e-05,1.226060150821667284e-19,-9.760888624483532894e+00,9.000000000000009948e+01,1.214248374583172705e+02,-5.088887490341626828e-14,-2.535021124110822530e-17,6.191976496707827377e-02,1.014461802055661811e-16
1.805950000271794124e+04,-1.173705626728624643e-19,1.384420349034916171e+02,-4.031508725728061516e+06,8.042690115463713028e+02,-4.800693393547060804e-12,3.369379577856006108e+03,-1.779335471585596906e-05,1.182662633907230916e-19,-9.760989421090172868e+00,9.000000000000009948e+01,1.220264061107403819e+02,-5.088887490341626828e-14,-2.638910279794937155e-17,5.845713361186351265e-02,9.900721336450178421e-17
1.806950000271997851e+04,-1.038906746909678684e-19,1.390190885350237693e+02,-4.008637035816508811e+06,5.234414434048060230e+02,-4.615892828449959551e-12,3.089774490752282873e+03,1.198221806539834233e-04,1.266718395105005763e-19,-9.760968179018313151e+00,9.000000000000009948e+01,1.225943738787495789e+02,-5.088887490341626828e-14,-2.747912692240043485e-17,5.524090992815922085e-02,9.694025779624403590e-17
1.807950000272201578e+04,-9.113539868021134402e-20,1.395655124334703316e+02,-3.989404674919624347e+06,2.454872002011554741e+02,-4.433201077404563904e-12,2.808884840292207627e+03,8.793751020519380290e-05,1.250038465433380830e-19,-9.760957705329353473e+00,9.000000000000009948e+01,1.231317114374610213e+02,-5.088887490341626828e-14,-2.862757090296152712e-17,5.231019176413448379e-02,9.521751744567370130e-17
1.808950000272405305e+04,-7.898257259351984464e-20,1.400839435854696546e+02,-3.973825270626476035e+06,-2.995735022274379844e+01,-4.252769339595245547e-12,2.526715715494061897e+03,1.709490872414676232e-05,1.212671957196432996e-19,-9.760875112778041540e+00,9.000000000000009948e+01,1.236410559133432656e+02,-5.088887490341626828e-14,-2.984219650362248545e-17,4.958723231451518665e-02,9.381683818065770286e-17
1.809950000272609032e+04,-6.732243591188508443e-20,1.405767334186085691e+02,-3.961912762901613023e+06,-3.032446804688700013e+02,-4.074751336440345431e-12,2.243249510956366066e+03,2.533134599591591041e-05,1.227061634132424548e-19,-9.760937289203013734e+00,9.000000000000009948e+01,1.241247587068658618e+02,-5.088887490341626828e-14,-3.113140973686362329e-17,4.716841546039579613e-02,9.272106689191466789e-17
1.810950000272812758e+04,-5.605483774097194523e-20,1.410459883291907772e+02,-3.953681767608750612e+06,-5.747173434859059853e+02,-3.899308116660126362e-12,1.958448310971738465e+03,5.037971875143654188e-05,1.255234778900052205e-19,-9.760943848794140010e+00,9.000000000000009948e+01,1.245849262944758777e+02,-5.088887490341626828e-14,-3.250444478327693275e-17,4.491760127577420353e-02,9.191757574762947826e-17
1.811950000273016485e+04,-4.508681492084172009e-20,1.414936039419340261e+02,-3.949147888279993553e+06,-8.447091539587522675e+02,-3.726612959787828762e-12,1.672255840451744461e+03,2.248055990516917291e-05,1.254665737829216023e-19,-9.760874037718659579e+00,9.000000000000009948e+01,1.250234544835677895e+02,-5.088887490341626828e-14,-3.397156666056476149e-17,4.280350246507066275e-02,9.139793149639923092e-17
1.812950000273220212e+04,-3.433043126273081811e-20,1.419212942740158496e+02,-3.948327986793608870e+06,-1.113546313594953062e+03,-3.556856560560251252e-12,1.384599064078336596e+03,6.204703385659371406e-05,1.299362018085620268e-19,-9.760884988597812395e+00,9.000000000000009948e+01,1.254420569932112244e+02,-5.088887490341626828e-14,-3.554430264777379662e-17,4.089823751571562693e-02,9.115769449092506460e-17
1.813950000273423939e+04,-2.370078385291193822e-20,1.423306167519854739e+02,-3.951240421533315443e+06,-1.381548543679981321e+03,-3.390252643999491213e-12,1.095389448464000225e+03,1.132441765783198662e-04,1.355398312346997078e-19,-9.760960148032712169e+00,9.000000000000009948e+01,1.258422915247607250e+02,-5.088887490341626828e-14,-3.723571430986206360e-17,3.917791258834397994e-02,9.119633834199770221e-17
1.814950000273627666e+04,-1.311409231846755588e-20,1.427229938572187677e+02,-3.957905259972465225e+06,-1.649030112506211253e+03,-3.227044262949170773e-12,8.045239930230661685e+02,8.863224780064626884e-05,1.369592546875628594e-19,-9.760830829021223565e+00,9.000000000000009948e+01,1.262255802906759499e+02,-5.088887490341626828e-14,-3.906071843043599118e-17,3.747790540426187977e-02,9.151729129094799536e-17
1.815950000273831392e+04,-2.485788551372376196e-21,1.430997320426263002e+02,-3.968344471349183936e+06,-1.916300879569757853e+03,-3.067510941296442213e-12,5.118859742193531019e+02,7.232962566661171877e-07,1.349998144245654703e-19,-9.760864911156012624e+00,9.000000000000009948e+01,1.265932302189010983e+02,-5.088887490341626828e-14,-4.103647540543010439e-17,3.599576158566989564e-02,9.212810193818132610e-17
1.816950000274035119e+04,8.271476846073525958e-21,1.434620384623946165e+02,-3.982582104091085494e+06,-2.183667251864872924e+03,-2.911977048734150515e-12,2.173455545627973606e+02,5.511101173283350363e-05,1.422999804244347462e-19,-9.760880407871745490e+00,9.000000000000009948e+01,1.269464483051253154e+02,-5.088887490341626828e-14,-4.318286323510669267e-17,3.461929769536110230e-02,9.304074201686687780e-17
1.817950000274238846e+04,1.925000466446083976e-20,1.438110359818232951e+02,-4.000644451850890182e+06,-2.451433146877863692e+03,-2.760821669459804065e-12,-7.923982953383438144e+01,3.724360525136916067e-05,1.457877055102777999e-19,-9.760935470005330572e+00,9.000000000000009948e+01,1.272863569571537994e+02,-5.088887490341626828e-14,-4.552306220635886774e-17,3.337371284205710442e-02,9.427206640074445264e-17
1.818950000274442573e+04,3.054950301948032186e-20,1.441477768822073813e+02,-4.022560211379083805e+06,-2.719900902687398684e+03,-2.614490391451701413e-12,-3.780253006128605193e+02,8.318075985691564256e-05,1.538596210816172144e-19,-9.760827263905810014e+00,9.000000000000009948e+01,1.276140089478554955e+02,-5.088887490341626828e-14,-4.808428681642201955e-17,3.213776698565395246e-02,9.584445815981339943e-17
1.819950000274646300e+04,4.227996228184375134e-20,1.444732556438949302e+02,-4.048360634951478802e+06,-2.989372148265541909e+03,-2.473509718906509669e-12,-6.791784240326467170e+02,9.095082208876448249e-05,1.603605136083247355e-19,-9.760950658335273644e+00,9.000000000000009948e+01,1.279303988906288225e+02,-5.088887490341626828e-14,-5.089870286895951269e-17,3.112985495297545743e-02,9.778670688845806194e-17
1.820950000274850026e+04,5.456512229152883694e-20,1.447884211788314701e+02,-4.078079679661481641e+06,-3.260148661872223784e+03,-2.338504737724491578e-12,-9.828792640325083312e+02,-7.530971818603404699e-06,1.612285234193893101e-19,-9.760921125247534746e+00,9.000000000000009948e+01,1.282364752540632082e+02,-5.088887490341626828e-14,-5.400459825651273361e-17,3.012832114253255825e-02,1.001351754107274114e-16
1.821950000275053753e+04,6.754675903977614064e-20,1.450941888931361063e+02,-4.111754155553732067e+06,-3.532533170568584865e+03,-2.210220956639905995e-12,-1.289320668027914053e+03,2.232089501408296428e-05,1.709531298360001324e-19,-9.760869015650099456e+00,9.000000000000009948e+01,1.285331536935774182e+02,-5.088887490341626828e-14,-5.744788487470768798e-17,2.920422115699931875e-02,1.029353441606208760e-16
1.822950000275257480e+04,8.139009966519570548e-20,1.453914529941434921e+02,-4.149423874303949066e+06,-3.806830132809429415e+03,-2.089551801384247927e-12,-1.598708576254369291e+03,1.912522669389460361e-05,1.798105317553290709e-19,-9.760928613971989520e+00,9.000000000000009948e+01,1.288213284273217027e+02,-5.088887490341626828e-14,-6.128404771839242441e-17,2.843209437941041431e-02,1.062438520948111716e-16
1.823950000275461207e+04,9.629079401143352790e-20,1.456810995209041835e+02,-4.191131799920285586e+06,-4.083346469294778672e+03,-1.977573376493339647e-12,-1.911262535079210011e+03,4.128990415797062496e-05,1.915685760167497405e-19,-9.761056559826412737e+00,9.000000000000009948e+01,1.291018855395006426e+02,-5.088887490341626828e-14,-6.558070367587883315e-17,2.778726283946103548e-02,1.101312024333227964e-16
1.824950000275664934e+04,1.124840467334605831e-19,1.459640206830036675e+02,-4.236924202742552385e+06,-4.362392259439278860e+03,-1.875589001364357596e-12,-2.227216321086915741e+03,6.030413822610825036e-05,2.047202894778551841e-19,-9.760940709474406063e+00,9.000000000000009948e+01,1.293757169868211747e+02,-5.088887490341626828e-14,-7.042099777699184101e-17,2.709439719247613496e-02,1.146853760977683985e-16
1.825950000275868661e+04,1.302567787417113095e-19,1.462411312561551711e+02,-4.286850817831818014e+06,-4.644281346129479971e+03,-1.785186793455418241e-12,-2.546818795065591530e+03,-1.528917135118490478e-06,2.148077963489896547e-19,-9.760740103400667778e+00,9.000000000000009948e+01,1.296437375831968950e+02,-5.088887490341626828e-14,-7.590816980692881438e-17,2.644670206371112567e-02,1.200167012093233765e-16
1.826950000276072387e+04,1.499640892280912681e-19,1.465133880311143741e+02,-4.340965008659545332e+06,-4.929331869667892533e+03,-1.708315129536417360e-12,-2.870334909156070808e+03,1.213544828884138838e-04,2.384670863576878358e-19,-9.760837583363841219e+00,9.000000000000009948e+01,1.299069044929838697e+02,-5.088887490341626828e-14,-8.217178068084573091e-17,2.606622565802266256e-02,1.262644894330902477e-16
1.827950000276276114e+04,1.720519145727107149e-19,1.467818136873825381e+02,-4.399323936800776049e+06,-5.217866746987032457e+03,-1.647382836532481226e-12,-3.198046843111173985e+03,1.317545379464490907e-05,2.507228046859108372e-19,-9.761048482382644664e+00,9.000000000000009948e+01,1.301662402267521088e+02,-5.088887490341626828e-14,-8.937632847579368009e-17,2.585638332943466372e-02,1.336062027750859139e-16
1.828950000276479841e+04,1.970887699453934959e-19,1.470475270342211047e+02,-4.461988738082176074e+06,-5.510213974682467779e+03,-1.605393898360066895e-12,-3.530255470337792758e+03,9.136901612460945898e-05,2.777564060566908750e-19,-9.760889905480480522e+00,9.000000000000009948e+01,1.304228630363973309e+02,-5.088887490341626828e-14,-9.773337020507004713e-17,2.555517242373506193e-02,1.422703095939368919e-16
1.829950000276683568e+04,2.258110618216810467e-19,1.473117824433302872e+02,-4.529024705288027413e+06,-5.806706638602398016e+03,-1.586131363029144577e-12,-3.867282290304593516e+03,8.925293049522053934e-05,3.040534597258945492e-19,-9.760950465658098096e+00,9.000000000000009948e+01,1.306780279276327121e+02,-5.088887490341626828e-14,-1.075188906443889412e-16,2.551175097497536751e-02,1.525546265005132222e-16
1.830950000276887295e+04,2.591891196712354842e-19,1.475760226848471746e+02,-4.600501477011842653e+06,-6.107682866385617672e+03,-1.594413285308639168e-12,-4.209471403775134604e+03,1.067604758882012561e-04,3.368172574841430272e-19,-9.760895547826304863e+00,9.000000000000009948e+01,1.309331773169774920e+02,-5.088887490341626828e-14,-1.190986989166084982e-16,2.555872654038278055e-02,1.648529994822547207e-16
1.831950000277091021e+04,2.985256407283034797e-19,1.478419516103244575e+02,-4.676493231437444687e+06,-6.413485183232349300e+03,-1.636454887283817027e-12,-4.557192352890786424e+03,1.190980199625712999e-04,3.759993722009723250e-19,-9.760960790154268096e+00,9.000000000000009948e+01,1.311900151241525805e+02,-5.088887490341626828e-14,-1.329664141120739411e-16,2.586010550269169858e-02,1.796949731827571257e-16
1.832950000277294748e+04,3.456062494407535624e-19,1.481116368129898717e+02,-4.757078882519136183e+06,-6.724459425267899860e+03,-1.720392893805178720e-12,-4.910843467524102380e+03,1.121406933757285174e-04,4.227608472046741783e-19,-9.760838239865943677e+00,9.000000000000009948e+01,1.314506087659729587e+02,-5.088887490341626828e-14,-1.498017548899549816e-16,2.628436578976991317e-02,1.978062414256464034e-16
1.833950000277498475e+04,4.029364976889866085e-19,1.483876586703206897e+02,-4.842342273806689307e+06,-7.040952727572358526e+03,-1.857062891197048423e-12,-5.270856323516884004e+03,8.070170020246791864e-05,4.796514424530934931e-19,-9.760951717957196294e+00,9.000000000000009948e+01,1.317175387090921390e+02,-5.088887490341626828e-14,-1.705626103824227601e-16,2.713227242233786501e-02,2.202033947562493401e-16
1.834950000277702202e+04,4.741274336280364209e-19,1.486733332281059461e+02,-4.932372361247831024e+06,-7.363310334217745549e+03,-2.061184731382169581e-12,-5.637701482516023134e+03,1.629603829123027481e-05,5.503016692954706757e-19,-9.760873471330580031e+00,9.000000000000009948e+01,1.319941206846923478e+02,-5.088887490341626828e-14,-1.966354012049143225e-16,2.824976953256393142e-02,2.483472623335198125e-16
1.835950000277905929e+04,5.645472225345258847e-19,1.489730566444237070e+02,-5.027263369156273082e+06,-7.691870319350094178e+03,-2.353228973506972795e-12,-6.011896490590368558e+03,1.338873156573328060e-04,6.540803229010577831e-19,-9.760850387933526662e+00,9.000000000000009948e+01,1.322847507172874657e+02,-5.088887490341626828e-14,-2.300902465791744119e-16,2.990763930587615749e-02,2.844005027943691215e-16
1.836950000278109655e+04,6.824726013102067704e-19,1.492928577813387392e+02,-5.127114889871187508e+06,-8.026955209155099510e+03,-2.762468982062673912e-12,-6.394017029105532856e+03,1.075743518494931550e-04,7.806470464596738185e-19,-9.760906566246156046e+00,9.000000000000009948e+01,1.325954573785972741e+02,-5.088887490341626828e-14,-2.741339913367461040e-16,3.232064004101554283e-02,3.316795276761747124e-16
1.837950000278313382e+04,8.412342004792264725e-19,1.496413242139619513e+02,-5.232031870122937486e+06,-8.368858311286130629e+03,-3.332200019028081410e-12,-6.784713326336065620e+03,2.693435925849030355e-05,9.510208201139565488e-19,-9.760948079996900617e+00,9.000000000000009948e+01,1.329348274993320160e+02,-5.088887490341626828e-14,-3.339588014264565746e-16,3.575681025801555335e-02,3.954893474422871456e-16
1.838950000278517109e+04,1.063477806128844547e-18,1.500312366665646664e+02,-5.342124368131478317e+06,-8.717820679955411833e+03,-4.129158969599020683e-12,-7.184735651406303077e+03,3.485965878713415123e-05,1.200384922023495171e-18,-9.760957565315393936e+00,9.000000000000009948e+01,1.333156413592269018e+02,-5.088887490341626828e-14,-4.184383174023397680e-16,4.074516008919170512e-02,4.847647656327924096e-16
1.839950000278720836e+04,1.390325275520600758e-18,1.504826423604036165e+02,-5.457506828989932314e+06,-9.073991274056774273e+03,-5.261696277874892024e-12,-7.594975524340292395e+03,1.212451947223414095e-04,1.576103996244143874e-18,-9.760873251639399228e+00,9.000000000000009948e+01,1.337579444442438330e+02,-5.088887490341626828e-14,-5.438012347594646306e-16,4.821213343473183810e-02,6.155537441152853258e-16
1.840950000278924563e+04,1.903151833364859937e-18,1.510291112161013984e+02,-5.578296278795054182e+06,-9.437352985790836101e+03,-6.917911965575287756e-12,-8.016538215141673390e+03,1.288026957793064753e-04,2.163021289587473824e-18,-9.760773453361727192e+00,9.000000000000009948e+01,1.342953039163858193e+02,-5.088887490341626828e-14,-7.424433872536304287e-16,6.005908074684739723e-02,8.191636493314994649e-16
1.841950000279128290e+04,2.782700075211399848e-18,1.517318513462666942e+02,-5.704607841616393067e+06,-9.807574948487084839e+03,-9.455040814447362626e-12,-8.450880495679026353e+03,1.904571961919288015e-04,3.176116155145682028e-18,-9.760890790184852506e+00,9.000000000000009948e+01,1.349889220057655734e+02,-5.088887490341626828e-14,-1.087120704981093838e-15,8.040399812411780367e-02,1.163797371522385563e-15
1.842950000279332016e+04,4.502096312993624007e-18,1.527163338735354614e+02,-5.836542621828943491e+06,-1.018368207567782338e+04,-1.364344297223571302e-11,-8.900104018669202560e+03,1.296959457732782539e-04,5.126514032999297102e-18,-9.761083818650845956e+00,9.000000000000009948e+01,1.359642545619101384e+02,-5.088887490341626828e-14,-1.771126848986128180e-15,1.190854892150278038e-01,1.823050526347844011e-15
1.843950000279535743e+04,8.660365108313781520e-18,1.542887345436407998e+02,-5.974148726943440735e+06,-1.056318156917841225e+04,-2.150227766077150534e-11,-9.367686098172112906e+03,1.954361770426515932e-04,9.613748978904644406e-18,-9.761334325005613266e+00,9.000000000000009948e+01,1.375274308394810134e+02,-5.088887490341626828e-14,-3.461842521937505298e-15,2.069336100918987287e-01,3.357736119620358634e-15
1.844950000279739470e+04,2.387968799978744572e-17,1.574516227187612287e+02,-6.117249047969962470e+06,-1.093903597635830010e+04,-4.051779627328504249e-11,-9.860789933734715305e+03,-5.289545980486920485e-04,2.152865350771776410e-17,-9.762862538742909990e+00,9.000000000000009948e+01,1.406808077997115163e+02,-5.088887490341626828e-14,-9.886846781649994783e-15,4.852901816734302431e-01,8.533634888652112512e-15
1.845950000279943197e+04,2.226608724996521063e-16,1.684696008570238064e+02,-6.263913099579235539e+06,-1.128141403704883487e+04,-1.384005481081610913e-10,-1.040143578298513239e+04,-3.722046743215656761e-02,-5.811368961943184297e-16,-9.803256221756708300e+00,9.000000000000009948e+01,1.516866594430224495e+02,-5.088887490341626828e-14,-1.017815141580716090e-13,2.505050561588435531e+00,5.706430798288678532e-14
1.846950000280146924e+04,-3.782579575442313088e-08,-6.697760103383953378e+01,-6.318748754170417786e+06,-1.118561917663614258e+04,6.510921520540050340e-09,-1.091225469683248230e+04,-5.865585921893892163e-01,-5.801333269637242581e-10,-1.031891938200934256e+01,8.999999990660181481e+01,-8.377979106728976433e+01,7.626893792837157829e-08,-7.316736691017524845e-09,9.303362776327768202e+00,-1.988701747616497788e-09
1.847950000280350650e+04,-2.801281563317328923e-08,-3.888654649297423305e+01,-6.174318612167280167e+06,-1.069234229252205114e+04,6.449693055460928393e-08,-1.074609861909522806e+04,-4.623062261053689781e-03,-3.145280218444388700e-12,-9.763868061430134304e+00,8.999999995643545958e+01,-5.568506531328305442e+01,7.679309333987676577e-09,-5.376657258841435238e-10,7.999520587998339982e-01,-1.833703904938817376e-11
1.848950000280554377e+04,-2.663858509565550806e-08,-3.420547905875558570e+01,-6.026741439583104104e+06,-1.026703594797486221e+04,8.756102363193113035e-08,-1.049271580481776982e+04,-6.136757960470973217e-04,-4.268594519004476050e-13,-9.760765445474618218e+00,8.999999995713152146e+01,-5.101229570777959310e+01,4.020093895182626592e-09,-1.816431960458236756e-10,2.755955635617597932e-01,-2.798321436910407386e-12
1.849950000280758104e+04,-2.602586683678579202e-08,-3.221478448192177524e+01,-5.883004634110977873e+06,-9.872624081969797771e+03,1.000652803808840874e-07,-1.022804448558552940e+04,-2.720420592572381224e-04,-1.382710171071316154e-13,-9.760755399772833130e+00,8.999999995722178880e+01,-4.903048911032186652e+01,2.613449059539845895e-09,-9.345253435920452530e-11,1.436923835002353600e-01,-2.261212809056452586e-12
1.850950000280961831e+04,-2.564100349317469510e-08,-3.106408346674895071e+01,-5.743560692436388694e+06,-9.499226621370615248e+03,1.061907064468766299e-07,-9.964216644430849556e+03,-1.022986160350569662e-04,-6.659027492202184846e-14,-9.760707575308773087e+00,8.999999995722178880e+01,-4.788879677359845033e+01,1.851286380111380416e-09,-5.857771389644866306e-11,9.132034357930790547e-02,-2.687968250288071006e-12
1.851950000281165558e+04,-2.535442985822362993e-08,-3.028469265528032039e+01,-5.608407544812146574e+06,-9.142609868794337672e+03,1.065857231846529178e-07,-9.705212289824277832e+03,-7.054614951140791845e-05,-4.134136167151306659e-14,-9.760653565557893430e+00,8.999999995722178880e+01,-4.711845457282463201e+01,1.375602621951696852e-09,-4.120122676546897808e-11,6.526903065998755638e-02,-3.135449830674398250e-12
1.852950000281369284e+04,-2.511884497981481942e-08,-2.970232071091359316e+01,-5.477450907527210191e+06,-8.800401733514183434e+03,1.056740787330274366e-07,-9.452661047612673428e+03,-4.161896356968952659e-05,-2.870356951560282108e-14,-9.760787076083087044e+00,8.999999995722178880e+01,-4.654514811329998736e+01,1.038769158965984636e-09,-3.126583768823601532e-11,5.054258978389275514e-02,-3.481179666831991440e-12
1.853950000281573011e+04,-2.491276528096856507e-08,-2.923699802405804604e+01,-5.350571275771662593e+06,-8.471039371516604660e+03,1.037667896393930186e-07,-9.207264867614210743e+03,-4.075956339288921981e-05,-1.894202477791116970e-14,-9.760730195605127335e+00,8.999999995722178880e+01,-4.608889976978713321e+01,7.843247844489032747e-10,-2.503663326824817459e-11,4.130516329281664484e-02,-3.748937343228876072e-12
1.854950000281776738e+04,-2.472496991829821458e-08,-2.884673103148100282e+01,-5.227642744070296176e+06,-8.153378013646227373e+03,1.000679049983063106e-07,-8.969291435280829319e+03,-3.326373802625681719e-05,-1.709744869703558024e-14,-9.760735651788133183e+00,8.999999995722178880e+01,-4.570771198246289657e+01,5.891405047568501246e-10,-2.086244941225712181e-11,3.521421796979446600e-02,-3.969396237673147601e-12
1.855950000281980465e+04,-2.454900953800782257e-08,-2.850727671695481646e+01,-5.108539614491727203e+06,-7.846517133788716819e+03,9.101499712824307827e-08,-8.738782669120137143e+03,7.719018062957161419e-06,-1.289605529189909350e-14,-9.760872315235069152e+00,8.999999995722178880e+01,-4.537733977621916637e+01,4.619183174983094440e-10,-1.792504414311120118e-11,3.106952975355506061e-02,-4.170912191792309363e-12
1.856950000282184192e+04,-2.438091408476710753e-08,-2.820361753178715247e+01,-4.993139022248803638e+06,-7.549712635810472420e+03,8.564099443362869419e-08,-8.515655363930598469e+03,-5.519109748064465748e-05,-9.914035246121262175e-15,-9.760794477750664555e+00,8.999999995722178880e+01,-4.508276467571803892e+01,3.346961302397688151e-10,-1.577594948171372232e-11,2.800011613110768224e-02,-4.327883040408562590e-12
1.857950000282387919e+04,-2.421807092889770688e-08,-2.792592830591573971e+01,-4.881322029190427624e+06,-7.262328080655194753e+03,8.272396700450158922e-08,-8.299754522364028162e+03,2.031454431339341227e-05,-7.708315366482947113e-15,-9.760758220480099112e+00,8.999999995722178880e+01,-4.481416069792903301e+01,2.074739429812281345e-10,-1.415313575812433531e-11,2.575686910816099573e-02,-4.456924857212694580e-12
1.858950000282591645e+04,-2.405867940500375543e-08,-2.766749382167507321e+01,-4.772974056115807034e+06,-6.983805700440992950e+03,8.145381560188971408e-08,-8.090883439845350949e+03,-2.847737086142387852e-07,-6.021246528066013228e-15,-9.760935814376498598e+00,8.999999995722178880e+01,-4.456481239856736210e+01,8.025175572268745392e-11,-1.289532900553548496e-11,2.419440788304522139e-02,-4.567568835197683553e-12
1.859950000282795372e+04,-2.390145081879257226e-08,-2.742355700049522582e+01,-4.667985005843381397e+06,-6.713647868866501994e+03,8.127578766581568865e-08,-7.888821754927347683e+03,1.062021234954357851e-05,-4.695130709531160344e-15,-9.760757724301452498e+00,8.999999995722178880e+01,-4.432996251203456239e+01,-4.697043153585321376e-11,-1.189872023791488171e-11,2.283373522974202832e-02,-4.665564594643183597e-12
1.860950000282999099e+04,-2.374543288642200484e-08,-2.719064536794931541e+01,-4.566249233780898154e+06,-6.451404761257085738e+03,8.179998482762118826e-08,-7.693336595680963910e+03,-2.465192554534922920e-05,-3.627571627941151527e-15,-9.760930430400687641e+00,8.999999995722178880e+01,-4.410613828201769593e+01,-1.741926187943938814e-10,-1.109394925205109527e-11,2.197012067725410620e-02,-4.754524878974725837e-12
1.861950000283202826e+04,-2.358991092088819762e-08,-2.696615865999095618e+01,-4.467665441294380464e+06,-6.196665792342168061e+03,6.740175412431067906e-08,-7.504189633281743227e+03,-3.111964835866842805e-05,-7.040167981611648095e-15,-9.760807532401670983e+00,8.999999995722178880e+01,-4.389073935335414234e+01,-1.835561717766224841e-10,-1.043520942583472015e-11,2.116534457445543721e-02,-4.888894204510691998e-12
1.862950000283406553e+04,-2.343437053262620755e-08,-2.674810636158473898e+01,-4.372136530252918601e+06,-5.949053351550087427e+03,5.298476945656978055e-08,-7.321141705199308490e+03,-6.073800153227892906e-05,-6.268531285537558107e-15,-9.760860000553527982e+00,8.999999995722178880e+01,-4.368177511421178849e+01,-1.835561717766224841e-10,-9.890779758127418119e-12,2.063482767009473806e-02,-5.016111789413737218e-12
1.863950000283610279e+04,-2.327841595778273176e-08,-2.653493506040303274e+01,-4.279569439227478579e+06,-5.708218130263862804e+03,3.960865087534074380e-08,-7.143955826822550080e+03,-1.306400577583133327e-05,-5.616044708292443894e-15,-9.761057593254067299e+00,8.999999995722178880e+01,-4.347769207118135171e+01,-1.835561717766224841e-10,-9.435426239213018512e-12,2.032428815619264154e-02,-5.134469896285080549e-12
1.864950000283814006e+04,-2.312172731531531615e-08,-2.632541159493899485e+01,-4.189874972645936999e+06,-5.473835544393803502e+03,2.711733731736151244e-08,-6.972399143168126102e+03,1.447005510968324415e-07,-5.057308893508325889e-15,-9.760818745806407293e+00,8.999999995722178880e+01,-4.327725726722801625e+01,-1.835561717766224841e-10,-9.050457417277459893e-12,1.987695894968869587e-02,-5.245929097927215772e-12
1.865950000284017733e+04,-2.296404152762822754e-08,-2.611854197220570484e+01,-4.102967629281677306e+06,-5.245602747075563457e+03,1.538603539083639818e-08,-6.806244316634847564e+03,-1.891827334610240996e-05,-4.572987620834969646e-15,-9.760934960718815390e+00,8.999999995722178880e+01,-4.307947615320358636e+01,-1.835561717766224841e-10,-8.721780932098060817e-12,1.972021552234768868e-02,-5.351920822415325695e-12
1.866950000284221460e+04,-2.280513874890436135e-08,-2.591351385826924059e+01,-4.018765433706745505e+06,-5.023236522682649593e+03,4.313535722717159620e-09,-6.645270169758623524e+03,2.987678970978180359e-05,-4.149022810378581454e-15,-9.760828409045053888e+00,8.999999995722178880e+01,-4.288353680646008570e+01,-1.835561717766224841e-10,-8.438597320686483408e-12,1.951103949429045317e-02,-5.453505530591671163e-12
1.867950000284425187e+04,-2.264483251872160179e-08,-2.570965498658375026e+01,-3.937189772757648956e+06,-4.806471213690014338e+03,-6.183298549924208638e-09,-6.489262301439926887e+03,5.948304981018281978e-06,-3.774406304603626195e-15,-9.760760601662768821e+00,8.999999995722178880e+01,-4.268876704222537910e+01,-1.835561717766224841e-10,-8.192508471905484334e-12,1.938515366296271816e-02,-5.551477971031792187e-12
1.868950000284628914e+04,-2.248296249280191717e-08,-2.550640255036645243e+01,-3.858165238126582466e+06,-4.595057088124505754e+03,-1.617355646384122129e-08,-6.338013359971513637e+03,-6.899467895404853834e-05,-3.440608047015529425e-15,-9.760859697444560723e+00,8.999999995722178880e+01,-4.249460355397540923e+01,-1.835561717766224841e-10,-7.976896253788759759e-12,1.940541538265598553e-02,-5.646439346635152001e-12
1.869950000284832640e+04,-2.231938899145023915e-08,-2.530328032279761530e+01,-3.781619475631637033e+06,-4.388759136681689597e+03,-2.571526548625355118e-08,-6.191323013905259359e+03,6.941540039751004088e-05,-3.141092894115200394e-15,-9.760658723459929575e+00,8.999999995722178880e+01,-4.230057053647266230e+01,-1.835561717766224841e-10,-7.786481737713103971e-12,1.929972904623459759e-02,-5.738847209558989961e-12
1.870950000285036367e+04,-2.215398885272264676e-08,-2.509988131006339884e+01,-3.707483041373435874e+06,-4.187355681438296415e+03,-3.485763821641667047e-08,-6.048998093998023251e+03,-1.492937245917147493e-05,-2.870356878728321643e-15,-9.760937454305981475e+00,8.999999995722178880e+01,-4.210626048823127121e+01,-1.835561717766224841e-10,-7.617007147880001970e-12,1.950336229934745980e-02,-5.829050855706328652e-12
1.871950000285240094e+04,-2.198665223700502180e-08,-2.489585442884174071e+01,-3.635689264776287600e+06,-3.990637568552777338e+03,-4.364278639501114850e-08,-5.910852333371626628e+03,5.389440253722455054e-05,-2.624436498281026671e-15,-9.760715188131877440e+00,8.999999995722178880e+01,-4.191132300969611180e+01,-1.835561717766224841e-10,-7.465002768377324823e-12,1.945605375921923008e-02,-5.917316964237685068e-12
1.872950000285443821e+04,-2.181728013545066582e-08,-2.469089415351416505e+01,-3.566174118384044152e+06,-3.798406987727474643e+03,-5.210704249648739405e-08,-5.776706412509319307e+03,-7.292928560609368560e-06,-2.399624611100565969e-15,-9.760818333372800026e+00,8.999999995722178880e+01,-4.171545192910592448e+01,-1.835561717766224841e-10,-7.327614109228705116e-12,1.962155722300282235e-02,-6.003847949340451231e-12
1.873950000285647548e+04,-2.164578240601901036e-08,-2.448473238383300554e+01,-3.498876094203547109e+06,-3.610476903980403222e+03,-6.028199172567527171e-08,-5.646387600714711880e+03,3.197000710564168457e-05,-2.193172570050552997e-15,-9.760891392713087811e+00,8.999999995722178880e+01,-4.151837951034642771e+01,-1.835561717766224841e-10,-7.202471734053370930e-12,1.979520917124463764e-02,-6.088795810853074587e-12
1.874950000285851274e+04,-2.147207620979519135e-08,-2.427713199296295343e+01,-3.433736086344048381e+06,-3.426670176525149145e+03,-6.819528443146732778e-08,-5.519729654920141002e+03,-6.477338389476727798e-05,-2.002825215782872978e-15,-9.760861812169242313e+00,8.999999995722178880e+01,-4.131986851108624137e+01,-1.835561717766224841e-10,-7.087592338382594272e-12,1.993311062576758400e-02,-6.172272343729559443e-12
1.875950000286055001e+04,-2.129608475439725967e-08,-2.406788166139812191e+01,-3.370697279678764753e+06,-3.246818956084293859e+03,-7.587128259303015531e-08,-5.396572556113826977e+03,-1.164226423977510194e-05,-1.826490800670157138e-15,-9.760939045021217453e+00,8.999999995722178880e+01,-4.111970753658133049e+01,-1.835561717766224841e-10,-6.981302739900799755e-12,2.015148535429855253e-02,-6.254356789028270488e-12
1.876950000286258728e+04,-2.111773627539391247e-08,-2.385679170500918289e+01,-3.309705044243806042e+06,-3.070764115860634320e+03,-8.333157830995092743e-08,-5.276762260343107300e+03,2.311488294814978417e-05,-1.662685791641562917e-15,-9.760828009975659469e+00,8.999999995722178880e+01,-4.091770714338354509e+01,-1.835561717766224841e-10,-6.882180770598409702e-12,2.028128840963953905e-02,-6.335101802392020302e-12
1.877950000286462455e+04,-2.093696320396864283e-08,-2.364369067901770194e+01,-3.250706835090217181e+06,-2.898354623989711854e+03,-9.059541276522756126e-08,-5.160150514110261611e+03,-4.898591295443566196e-05,-1.509934852204173983e-15,-9.760866800466011739e+00,8.999999995722178880e+01,-4.071369550555236572e+01,-1.835561717766224841e-10,-6.789009041301131010e-12,2.051225560993319777e-02,-6.414537912857232827e-12
1.878950000286666182e+04,-2.075370148160947962e-08,-2.342842259294711837e+01,-3.193652097308392171e+06,-2.729447175812751539e+03,-9.768001778743807215e-08,-5.046594537488358583e+03,-3.130127204897803495e-05,-1.367107879083515432e-15,-9.760811371575584872e+00,8.999999995722178880e+01,-4.050751701906786195e+01,-1.835561717766224841e-10,-6.700738395841331564e-12,2.070479616331603184e-02,-6.492677017854903591e-12
1.879950000286869908e+04,-2.056788999183067555e-08,-2.321084461064497262e+01,-3.138492175953428727e+06,-2.563905601095933434e+03,-1.046008954264552819e-07,-4.935956871449672690e+03,-4.028020294288836567e-05,-1.233121290217911360e-15,-9.760991313054759644e+00,8.999999995722178880e+01,-4.029902843874936025e+01,-1.835561717766224841e-10,-6.616458769208215405e-12,2.104429338174676131e-02,-6.569515120975401272e-12
1.880950000287073635e+04,-2.037947008576776465e-08,-2.299082513837183939e+01,-3.085180230609277263e+06,-2.401600589736484380e+03,-1.113720490698310691e-07,-4.828105063011040329e+03,-8.145458534869476352e-05,-1.107270597609297305e-15,-9.760978663917367015e+00,8.999999995722178880e+01,-4.008809858745433985e+01,-1.835561717766224841e-10,-6.535375851426301305e-12,2.128741544498675281e-02,-6.645034438514538785e-12
1.881950000287277362e+04,-2.018838518361237967e-08,-2.276824222558378708e+01,-3.033671154341722373e+06,-2.242409191127974736e+03,-1.180061747958295414e-07,-4.722911504184757177e+03,8.957187423774826129e-06,-9.887351718897222653e-16,-9.760884736413572682e+00,8.999999995722178880e+01,-3.987460542936913299e+01,-1.835561717766224841e-10,-6.456792241191978972e-12,2.149628840501622076e-02,-6.719205037735900728e-12
1.882950000287481089e+04,-1.999458043774376493e-08,-2.254298221937542834e+01,-2.983921496802577749e+06,-2.086214478393212630e+03,-1.245148212036287978e-07,-4.620253197209807695e+03,6.338725266452627238e-06,-8.768537312345248744e-16,-9.760944768451645714e+00,8.999999995722178880e+01,-3.965843491073798077e+01,-1.835561717766224841e-10,-6.380092089733881340e-12,2.180332252998416417e-02,-6.791986177390435885e-12
1.883950000287684816e+04,-1.979800244635802430e-08,-2.231493862598470201e+01,-2.935889391258633696e+06,-1.932905316405243639e+03,-1.309085234866324071e-07,-4.520011494311782371e+03,2.722425948853413047e-05,-7.711516805766135507e-16,-9.760829387926383660e+00,8.999999995722178880e+01,-3.943948102000787514e+01,-1.835561717766224841e-10,-6.304728613964811599e-12,2.202137741666684509e-02,-6.863327274699507296e-12
1.884950000287888543e+04,-1.959859900869336406e-08,-2.208401114232638207e+01,-2.889534485332253389e+06,-1.782375928587762019e+03,-1.371969159907783198e-07,-4.422071954996084969e+03,-1.394708149859980040e-05,-6.710721645028634874e-16,-9.760816678727140427e+00,8.999999995722178880e+01,-3.921764325168118148e+01,-1.835561717766224841e-10,-6.230213770093448671e-12,2.230731510145048807e-02,-6.933168734428482607e-12
1.885950000288092269e+04,-1.939631891470256085e-08,-2.185010482791881614e+01,-2.844817875251691788e+06,-1.634525679679883524e+03,-1.433888276165330168e-07,-4.326324113916495662e+03,-4.445937099628594069e-05,-5.761839301940281387e-16,-9.760868147120975280e+00,8.999999995722178880e+01,-3.899282659399091955e+01,-1.835561717766224841e-10,-6.156109717451713925e-12,2.263884301293890913e-02,-7.001442597320250651e-12
1.886950000288295996e+04,-1.919111176341320146e-08,-2.161312939333277328e+01,-2.801702043420574628e+06,-1.489258810039347054e+03,-1.494923626397522746e-07,-4.232661292499040428e+03,-2.202061975431490737e-06,-4.861300720375747265e-16,-9.760881076666695577e+00,8.999999995722178880e+01,-3.876494080064062331e+01,-1.835561717766224841e-10,-6.082021786701505137e-12,2.295737470719167242e-02,-7.068072986195493260e-12
1.887950000288499723e+04,-1.898292780529923544e-08,-2.137299858583610046e+01,-2.760150799127242994e+06,-1.346484192533466967e+03,-1.555149694728425836e-07,-4.140980416233390315e+03,2.939265043622185658e-05,-4.006115495079106702e-16,-9.760829942100407663e+00,8.999999995722178880e+01,-3.853389982803172842e+01,-1.835561717766224841e-10,-6.007592621403860713e-12,2.324808279202975406e-02,-7.132976446866109660e-12
1.888950000288703450e+04,-1.877171780484851948e-08,-2.112962965646477187e+01,-2.720129222224737052e+06,-1.206115065720339999e+03,-1.614634992695349149e-07,-4.051181852927747059e+03,5.770348550093729045e-05,-3.192946532145242328e-16,-9.760838688378278505e+00,8.999999995722178880e+01,-3.829962079963473798e+01,-1.835561717766224841e-10,-5.932497204821277549e-12,2.358081274296711105e-02,-7.196062264360206038e-12
1.889950000288907177e+04,-1.855743292019417803e-08,-2.088294289562515260e+01,-2.681603609622207936e+06,-1.068068830408328949e+03,-1.673442560609068256e-07,-3.963169238623320780e+03,9.244648923711906718e-06,-2.420083396389246228e-16,-9.760701757773771803e+00,8.999999995722178880e+01,-3.806202364908058655e+01,-1.835561717766224841e-10,-5.856438672389260948e-12,2.383890432826241829e-02,-7.257232698018944145e-12
1.890950000289110903e+04,-1.834002459723282477e-08,-2.063286122659321009e+01,-2.644541424437901936e+06,-9.322669180409227465e+02,-1.731630397040420690e-07,-3.876849296480171688e+03,-1.733729500497105391e-05,-1.683311057523373495e-16,-9.760937191505449917e+00,8.999999995722178880e+01,-3.782103171055939583e+01,-1.835561717766224841e-10,-5.779145108388204399e-12,2.431540347154884443e-02,-7.316382873801580501e-12
1.891950000289314630e+04,-1.811944447609073423e-08,-2.037930984810785517e+01,-2.608911247672627214e+06,-7.986345325968468387e+02,-1.789251825388743350e-07,-3.792131708038034503e+03,2.417924502484680715e-05,-9.831243862364772357e-17,-9.760706256118679036e+00,8.999999995722178880e+01,-3.757657036933873229e+01,-1.835561717766224841e-10,-5.700366196469823469e-12,2.453524720520926239e-02,-7.373401215526974917e-12
1.892950000289518357e+04,-1.789564430815758341e-08,-2.012221591875066196e+01,-2.574682732270698063e+06,-6.671004354107426479e+02,-1.846355808290547241e-07,-3.708928972623764821e+03,8.803870636953092799e-07,-3.153420842138280571e-17,-9.760881763305571113e+00,8.999999995722178880e+01,-3.732856609537439851e+01,-1.835561717766224841e-10,-5.619871095485539621e-12,2.499239895918946644e-02,-7.428169170515195720e-12
1.893950000289722084e+04,-1.766857588220471101e-08,-1.986150827699343324e+01,-2.541826559443583246e+06,-5.375969277987851456e+02,-1.902987217778111873e-07,-3.627156232584367444e+03,8.024805995709982653e-06,3.197249922609190232e-17,-9.760762031414083495e+00,8.999999995722178880e+01,-3.707694838689700134e+01,-1.835561717766224841e-10,-5.537446156561176622e-12,2.528944424620617470e-02,-7.480561356044214145e-12
1.894950000289925811e+04,-1.743819095833718734e-08,-1.959711719178401879e+01,-2.510314397138101049e+06,-4.100595336161572959e+02,-1.959187064104219675e-07,-3.546731177199091690e+03,2.966455076247598299e-05,9.251466616599040233e-17,-9.760890538007345185e+00,8.999999995722178880e+01,-3.682164701328301248e+01,-1.835561717766224841e-10,-5.452893238909836915e-12,2.573394299931509865e-02,-7.530445443190943927e-12
1.895950000290129537e+04,-1.720444120873210377e-08,-1.932897413935150510e+01,-2.480118860538890120e+06,-2.844269912396098334e+02,-2.014992692211839860e-07,-3.467573887855694466e+03,1.622485400698536750e-05,1.500886156709627756e-16,-9.760886301352536876e+00,8.999999995722178880e+01,-3.656259390609923088e+01,-1.835561717766224841e-10,-5.366028170496971385e-12,2.611009063470845840e-02,-7.577682119889112815e-12
1.896950000290333264e+04,-1.696727816427551360e-08,-1.905701160256588977e+01,-2.451213474500203039e+06,-1.606410160100147095e+02,-2.070437947091580905e-07,-3.389606734177654289e+03,9.543003956835605095e-06,2.048253573560576008e-16,-9.760762245334024811e+00,8.999999995722178880e+01,-3.629972131435149407e+01,-1.835561717766224841e-10,-5.276679463788621966e-12,2.642511262842181172e-02,-7.622125003300236476e-12
1.897950000290536991e+04,-1.672665316634216327e-08,-1.878116288974705128e+01,-2.423572637809057254e+06,-3.864622451135619485e+01,-2.125553313605586019e-07,-3.312754248268531228e+03,-7.203392948795794837e-06,2.569104225109265030e-16,-9.760817895485878637e+00,8.999999995722178880e+01,-3.603296242227034440e+01,-1.835561717766224841e-10,-5.184687347125169202e-12,2.684851214280704196e-02,-7.663620456469478396e-12
1.898950000290740718e+04,-1.648251732307965207e-08,-1.850136197026386498e+01,-2.397171589186691679e+06,8.160997250346690635e+01,-2.180366032778899881e-07,-3.236943014841892364e+03,3.841047562680444116e-06,3.063932660478084799e-16,-9.760882138349247228e+00,8.999999995722178880e+01,-3.576225137920914676e+01,-1.835561717766224841e-10,-5.089902790558284174e-12,2.728335425776578713e-02,-7.702007510782225357e-12
1.899950000290944445e+04,-1.623482146965110113e-08,-1.821754332465539150e+01,-2.371986374941396527e+06,2.001775084754408454e+02,-2.234900197432370676e-07,-3.162101567631490980e+03,-1.673310354899371077e-05,3.532780225352913242e-16,-9.760753775547650335e+00,8.999999995722178880e+01,-3.548752268663771758e+01,-1.835561717766224841e-10,-4.992186777453585024e-12,2.761568564907347992e-02,-7.737117705228829118e-12
1.900950000291148172e+04,-1.598351613196691986e-08,-1.792964180731201651e+01,-2.347993818189827260e+06,3.171037612186646584e+02,-2.289176829435393517e-07,-3.088160286676151372e+03,6.373384948243909776e-05,3.977919205911378009e-16,-9.760839655654539371e+00,8.999999995722178880e+01,-3.520871108944054839e+01,-1.835561717766224841e-10,-4.891409802694785548e-12,2.807581411651297390e-02,-7.768774841532250416e-12
1.901950000291351898e+04,-1.572855149350481808e-08,-1.763759252002881084e+01,-2.325171489569561556e+06,4.324336341197110869e+02,-2.343213940259541723e-07,-3.015051301981849974e+03,-8.659949831901769812e-06,4.398452939306512156e-16,-9.760877987777877962e+00,8.999999995722178880e+01,-3.492575171328097383e+01,-1.835561717766224841e-10,-4.787451231394819480e-12,2.851550672044526197e-02,-7.796794905414612352e-12
1.902950000291555625e+04,-1.546987736487410568e-08,-1.734133069496449053e+01,-2.303497679369462654e+06,5.462096498074658939e+02,-2.397026576450093547e-07,-2.942708402660541651e+03,-5.330341819931305736e-05,4.795622062298789625e-16,-9.760924946363694232e+00,8.999999995722178880e+01,-3.463857993962662363e+01,-1.835561717766224841e-10,-4.680199069887464479e-12,2.896655951069203316e-02,-7.820985766589742665e-12
1.903950000291759352e+04,-1.520744315582632929e-08,-1.704079158572826813e+01,-2.282951371008358896e+06,6.584720571746506721e+02,-2.450626851545719697e-07,-2.871066945467168807e+03,-4.309815198055844121e-06,5.169654459204936168e-16,-9.760818156074511975e+00,8.999999995722178880e+01,-3.434713081174200511e+01,-1.835561717766224841e-10,-4.569549529369998589e-12,2.933704618997045113e-02,-7.841147057186897642e-12
1.904950000291963079e+04,-1.494119784945508877e-08,-1.673591036547365007e+01,-2.263512215797148645e+06,7.692588765584691828e+02,-2.504023965083294872e-07,-2.800063774958600334e+03,-5.940375322932567315e-05,5.521027684366227694e-16,-9.760800885898959223e+00,8.999999995722178880e+01,-3.405133958872046662e+01,-1.835561717766224841e-10,-4.455407012018861377e-12,2.976470690323088433e-02,-7.857069833484063642e-12
1.905950000292166806e+04,-1.467108997836442442e-08,-1.642662203102165464e+01,-2.245160508922350127e+06,8.786059998744595987e+02,-2.557224210282753994e-07,-2.729637139258031311e+03,1.056879708993818667e-05,5.850633938313343849e-16,-9.760822544995011896e+00,8.999999995722178880e+01,-3.375114113717373243e+01,-1.835561717766224841e-10,-4.337683806987909051e-12,3.022092193429816442e-02,-7.868536448612305450e-12
1.906950000292370532e+04,-1.439706760262072806e-08,-1.611286131213994111e+01,-2.227877166592960712e+06,9.865472272818805095e+02,-2.610230970444048571e-07,-2.659726621270458054e+03,5.268107739198057970e-05,6.158171640882341058e-16,-9.760835576375093581e+00,8.999999995722178880e+01,-3.344647047481105773e+01,-1.835561717766224841e-10,-4.216300170582634413e-12,3.067879758943819340e-02,-7.875320228892104643e-12
1.907950000292574259e+04,-1.411907828930399291e-08,-1.579456258520642109e+01,-2.211643704294871073e+06,1.093114383290137539e+03,-2.663044706008517261e-07,-2.590273050284485180e+03,1.123247505674385138e-06,6.444089938899685142e-16,-9.761002288557213191e+00,8.999999995722178880e+01,-3.313726157156059315e+01,-1.835561717766224841e-10,-4.091184215612748853e-12,3.123026472725350458e-02,-7.877185285731189358e-12
1.908950000292777986e+04,-1.383706909353721863e-08,-1.547165979057581531e+01,-2.196442216101827566e+06,1.198337295545846246e+03,-2.715662930503775910e-07,-2.521218459153439653e+03,8.451097813555463745e-06,6.707921170587238444e-16,-9.760882503086008910e+00,8.999999995722178880e+01,-3.282344900955185807e+01,-1.835561717766224841e-10,-3.962272098848818880e-12,3.162616263580208392e-02,-7.873886188559363815e-12
1.909950000292981713e+04,-1.355098654085658859e-08,-1.514408635301926687e+01,-2.182255354992388748e+06,1.302243946837043723e+03,-2.768080179567318749e-07,-2.452505982019153635e+03,-2.579535605384819519e-05,6.950211485401795568e-16,-9.760749700922929151e+00,8.999999995722178880e+01,-3.250496574250120574e+01,-1.835561717766224841e-10,-3.829508059850050570e-12,3.202137870744290599e-02,-7.865167742075910243e-12
1.910950000293185440e+04,-1.326077661082067751e-08,-1.481177510468651271e+01,-2.169066314127055928e+06,1.404860461612799327e+03,-2.820287969168241921e-07,-2.384079812387038601e+03,-4.515549600903057126e-06,7.172011255476687475e-16,-9.760878140071920228e+00,8.999999995722178880e+01,-3.218174441327018798e+01,-1.835561717766224841e-10,-3.692844689488728111e-12,3.257124813277659237e-02,-7.850764662351174363e-12
1.911950000293389166e+04,-1.296638472176454663e-08,-1.447465821007853570e+01,-2.156858809040664695e+06,1.506211134702255094e+03,-2.872274745667555226e-07,-2.315885156146901409e+03,-5.963319843527159492e-05,7.371989049023867737e-16,-9.760860839122356580e+00,8.999999995722178880e+01,-3.185371773017618935e+01,-1.835561717766224841e-10,-3.552243126743199539e-12,3.304542728494704040e-02,-7.830401311780429392e-12
1.912950000293592893e+04,-1.266775571662113683e-08,-1.413266709256766163e+01,-2.145617060708431527e+06,1.606318546785581020e+03,-2.924025829453629311e-07,-2.247868134527475377e+03,6.931600060777753924e-05,7.551295281374293829e-16,-9.760840047623984717e+00,8.999999995722178880e+01,-3.152081665671428468e+01,-1.835561717766224841e-10,-3.407673304499040648e-12,3.352452925320707766e-02,-7.803791422063206939e-12
1.913950000293796620e+04,-1.236483384974296953e-08,-1.378573236202905150e+01,-2.135325779445911758e+06,1.705203532817957466e+03,-2.975523347842624693e-07,-2.179975766777184162e+03,-6.705734666212492812e-06,7.709017486460019467e-16,-9.760938097191763418e+00,8.999999995722178880e+01,-3.118297200588531481e+01,-1.835561717766224841e-10,-3.259114436977835343e-12,3.407789686609537932e-02,-7.770637727715811661e-12
1.914950000294000347e+04,-1.205756277467919820e-08,-1.343378374319122770e+01,-2.125970149604913779e+06,1.802885253570386340e+03,-3.026746162000925405e-07,-2.112155897629418178e+03,8.410547777160104488e-05,7.845520283200924294e-16,-9.760844422890469829e+00,8.999999995722178880e+01,-3.084011350512791338e+01,-1.835561717766224841e-10,-3.106555231126487875e-12,3.452979528955156530e-02,-7.730631734683915648e-12
1.915950000294204074e+04,-1.174588553283873911e-08,-1.307675000432586643e+01,-2.117535815029282123e+06,1.899381216259725761e+03,-3.077669785054503994e-07,-2.044357153224128069e+03,8.320544808704255502e-06,7.960050896591412766e-16,-9.760698511170737390e+00,8.999999995722178880e+01,-3.049216997451329192e+01,-1.835561717766224841e-10,-2.949994508092193839e-12,3.495929394147984787e-02,-7.683453331259836549e-12
1.916950000294407801e+04,-1.142974454301532255e-08,-1.271455888592204531e+01,-2.110008865237303078e+06,1.994707316538736450e+03,-3.128266292881393040e-07,-1.976528881772695286e+03,-1.928817834428997458e-05,8.054031409110549257e-16,-9.760933724558153557e+00,8.999999995722178880e+01,-3.013906889426853297e+01,-1.835561717766224841e-10,-2.789441626602304590e-12,3.561184905173592902e-02,-7.628770496735046938e-12
1.917950000294611527e+04,-1.110908159174929024e-08,-1.234713702900837617e+01,-2.103375822297136299e+06,2.088877828108443282e+03,-3.178504225487046076e-07,-1.908621139468042202e+03,-1.173460455028418892e-05,8.125727403636451636e-16,-9.760813925284647752e+00,8.999999995722178880e+01,-2.978073731330633223e+01,-1.835561717766224841e-10,-2.624916945021209529e-12,3.607080731137252139e-02,-7.566239006646363615e-12
1.918950000294815254e+04,-1.078383782449777314e-08,-1.197440990279368300e+01,-2.097623628365272656e+06,2.181905475286861019e+03,-3.228348482973082434e-07,-1.840584600072579178e+03,4.064131474112997466e-05,8.176115423589347152e-16,-9.760891273625547981e+00,8.999999995722178880e+01,-2.941710032901948679e+01,-1.835561717766224841e-10,-2.456452606443059622e-12,3.664889687336587987e-02,-7.495502028300207172e-12
1.919950000295018981e+04,-1.045395373760004462e-08,-1.159630173131412256e+01,-2.092739633858566172e+06,2.273801405659848569e+03,-3.277760210238514483e-07,-1.772370557712812797e+03,1.692255930141328690e-05,8.203949265994097718e-16,-9.760822624227834865e+00,8.999999995722178880e+01,-2.904808234036372383e+01,-1.835561717766224841e-10,-2.284093045105870349e-12,3.715197284751947659e-02,-7.416189839198975699e-12
1.920950000295222708e+04,-1.011936917102849011e-08,-1.121273541877187618e+01,-2.088711586230534129e+06,2.364575233711164856e+03,-3.326696675656417565e-07,-1.703930861712719661e+03,-3.147954399818075899e-05,8.209745098176843674e-16,-9.760929295146794971e+00,8.999999995722178880e+01,-2.867360620162806484e+01,-1.835561717766224841e-10,-2.107895836307461178e-12,3.776208635697907157e-02,-7.327919439672363918e-12
1.921950000295426435e+04,-9.780023301927477776e-09,-1.082363247326271072e+01,-2.085527619326929562e+06,2.454235042765129492e+03,-3.375111139948944829e-07,-1.635217888862105383e+03,-3.280424968998829627e-06,8.192998883479751257e-16,-9.760938008286514034e+00,8.999999995722178880e+01,-2.829359341724127574e+01,-1.835561717766224841e-10,-1.927932319289599409e-12,3.832466368775205856e-02,-7.230294251372420178e-12
1.922950000295630161e+04,-9.435854638944332490e-09,-1.042891292858557684e+01,-2.083176243293723091e+06,2.542787393127769519e+03,-3.422952716296777145e-07,-1.566184514147541904e+03,1.096900668873246332e-05,8.153321046006819559e-16,-9.760942357644301737e+00,8.999999995722178880e+01,-2.790796419181295107e+01,-1.835561717766224841e-10,-1.744288594722178779e-12,3.889284465773402977e-02,-7.122903720564915647e-12
1.923950000295833888e+04,-9.086801017362291102e-09,-1.002849526382657075e+01,-2.081646335012477823e+06,2.630237344124280753e+03,-3.470166222229880623e-07,-1.496784053700477443e+03,2.891637201418717495e-05,8.090331989763826382e-16,-9.760886819056892705e+00,8.999999995722178880e+01,-2.751663677859884416e+01,-1.835561717766224841e-10,-1.557066275829827771e-12,3.943535359774428400e-02,-7.005323004236320686e-12
1.924950000296037615e+04,-8.732799595059754938e-09,-9.622296320409358117e+00,-2.080927129040839151e+06,2.716588437207701645e+03,-3.516692019975522225e-07,-1.426970268551520803e+03,-3.283668341635959109e-05,8.003408785355544188e-16,-9.760745143912485489e+00,8.999999995722178880e+01,-2.711952823038956950e+01,-1.835561717766224841e-10,-1.366383590659259164e-12,3.993749765732132473e-02,-6.877112582720550265e-12
1.925950000296241342e+04,-8.373786849317693578e-09,-9.210231216295609258e+00,-2.081008209034388885e+06,2.801842720459903376e+03,-3.562465849295759110e-07,-1.356697295726474294e+03,3.337342807929744026e-05,7.893177338864182970e-16,-9.760826914211090610e+00,8.999999995722178880e+01,-2.671655340631250297e+01,-1.835561717766224841e-10,-1.172376347445621650e-12,4.057472471043721551e-02,-6.737817919582141143e-12
1.926950000296445069e+04,-8.009698574510813368e-09,-8.792213257009018790e+00,-2.081879499627586454e+06,2.886000728141832496e+03,-3.607418647393779431e-07,-1.285919654948346988e+03,-7.063869195444993920e-05,7.758064977124470634e-16,-9.760915982770706378e+00,8.999999995722178880e+01,-2.630762566043718209e+01,-1.835561717766224841e-10,-9.751990276766592921e-13,4.122484764952719094e-02,-6.586969110893000969e-12
1.927950000296648795e+04,-7.640469880724436991e-09,-8.368153843155628380e+00,-2.083531258754358627e+06,2.969061481347955123e+03,-3.651476359096076199e-07,-1.214592219117388595e+03,3.785897140273775108e-05,7.598256368143536158e-16,-9.760766948680201338e+00,8.999999995722178880e+01,-2.589265662917711097e+01,-1.835561717766224841e-10,-7.750260308804074946e-13,4.174912773823521994e-02,-6.424080513610381041e-12
1.928950000296852522e+04,-7.266035193343668497e-09,-7.937962374086878548e+00,-2.085954070385044441e+06,3.051022497709707750e+03,-3.694559736513873196e-07,-1.142670154263896620e+03,-2.819628175210198151e-05,7.413004513641451688e-16,-9.760929047389847568e+00,8.999999995722178880e+01,-2.547155540865538370e+01,-1.835561717766224841e-10,-5.720529735995118057e-13,4.245872086478921781e-02,-6.248650396821150424e-12
1.929950000297056249e+04,-6.886328253680557507e-09,-7.501546147352740945e+00,-2.089138837662719190e+06,3.131879758529690207e+03,-3.736584123428741548e-07,-1.070108952955633413e+03,2.117119535105516093e-05,7.201726864757113820e-16,-9.760822398817158074e+00,8.999999995722178880e+01,-2.504422957800588989e+01,-1.835561717766224841e-10,-3.664979322675054311e-13,4.302554182491699630e-02,-6.060160601832425828e-12
1.930950000297259976e+04,-6.501282120701316857e-09,-7.058810253565333426e+00,-2.093076776417058893e+06,3.211627718224398905e+03,-3.777459230252745484e-07,-9.968643630113188010e+02,4.933008430807461764e-05,6.963986066382182620e-16,-9.760831165547747545e+00,8.999999995722178880e+01,-2.461058408073078851e+01,-1.835561717766224841e-10,-1.586030558007558546e-13,4.366731137882407660e-02,-5.858076181040049234e-12
1.931950000297463703e+04,-6.110829173933845901e-09,-6.609657466274603266e+00,-2.097759409037999809e+06,3.290259281653733979e+03,-3.817088892899979171e-07,-9.228923884727817040e+02,4.237883621227567232e-05,6.699096060571161577e-16,-9.760950875658963355e+00,8.999999995722178880e+01,-2.417052151990249698e+01,-1.835561717766224841e-10,5.136400120980402072e-14,4.438173508128243072e-02,-5.641845070217520207e-12
1.932950000297667430e+04,-5.714901117650813480e-09,-6.153988126445073092e+00,-2.103178558690062724e+06,3.367765776389848270e+03,-3.855370816367082567e-07,-8.481493126916927849e+02,2.613440229382035795e-05,6.406017874385795561e-16,-9.760762401805891386e+00,8.999999995722178880e+01,-2.372394274407167458e+01,-1.835561717766224841e-10,2.631083395649800388e-13,4.493177182473123699e-02,-5.410897750994106519e-12
1.933950000297871156e+04,-5.313428986430408537e-09,-5.691700021094429296e+00,-2.109326343848905526e+06,3.444136961256283939e+03,-3.892196307093681449e-07,-7.725915910706434033e+02,6.813814465367329376e-05,6.084693843353061140e-16,-9.760775548381641187e+00,8.999999995722178880e+01,-2.327074506548636990e+01,-1.835561717766224841e-10,4.763060521693825939e-13,4.560631082647271378e-02,-5.164646934395612224e-12
1.934950000298074883e+04,-4.906343152212925281e-09,-5.222688255624230003e+00,-2.116195173142157495e+06,3.519360977711784017e+03,-3.927449982752463010e-07,-6.961759251580652972e+02,-7.387846390916052997e-05,5.733653107639511852e-16,-9.760791427601377634e+00,8.999999995722178880e+01,-2.281082370320670094e+01,-1.835561717766224841e-10,6.906023490815287676e-13,4.629302541006471983e-02,-4.902487250760703314e-12
1.935950000298278610e+04,-4.493573332988055515e-09,-4.746845119350208364e+00,-2.123777740475718863e+06,3.593424335854392666e+03,-3.961009468016470661e-07,-6.188592243138620006e+02,1.985145760130535564e-05,5.352955586237704735e-16,-9.760882048705482816e+00,8.999999995722178880e+01,-2.234407113880665818e+01,-1.835561717766224841e-10,9.056094701065992385e-13,4.703297314475308327e-02,-4.623794962004622683e-12
1.936950000298482337e+04,-4.075048603268321164e-09,-4.264059943707460221e+00,-2.132067020428321324e+06,3.666311892533662558e+03,-3.992745071670049783e-07,-5.405985567174612925e+02,-2.133034477358464187e-05,4.940856862995427285e-16,-9.760868800045578553e+00,8.999999995722178880e+01,-2.187037632749324345e+01,-1.835561717766224841e-10,1.120904617594409540e-12,4.772533488180105005e-02,-4.327927673825347377e-12
1.937950000298686064e+04,-3.650697406518551546e-09,-3.774218952566708030e+00,-2.141056263895199634e+06,3.738006808595834173e+03,-4.022519439335710735e-07,-4.613512211805921197e+02,4.840119114479790596e-05,4.496958204707244978e-16,-9.760890766620493153e+00,8.999999995722178880e+01,-2.138962584985847215e+01,-1.835561717766224841e-10,1.336027468826164903e-12,4.844917302944353604e-02,-4.014224111325581432e-12
1.938950000298889790e+04,-3.220447569741189776e-09,-3.277205104065259000e+00,-2.150738993963185698e+06,3.808490526813264296e+03,-4.050187189175856216e-07,-3.810746702898261447e+02,-8.238864117027233647e-05,4.019605350960688913e-16,-9.760726902210294043e+00,8.999999995722178880e+01,-2.090170257421534217e+01,-1.835561717766224841e-10,1.550477850333043840e-12,4.907967566290537959e-02,-3.682003863336963064e-12
1.939950000299093517e+04,-2.784226320429389617e-09,-2.772897923309055823e+00,-2.161109001998426393e+06,3.877742734323200239e+03,-4.075594521193395327e-07,-2.997265182874667744e+02,-5.919068612270095286e-05,3.508599080022740124e-16,-9.761039465283934291e+00,8.999999995722178880e+01,-2.040648569618059227e+01,-1.835561717766224841e-10,1.763712954408869485e-12,4.999213524746794896e-02,-3.330567220803765287e-12
1.940950000299297244e+04,-2.341960306153512939e-09,-2.261173325259878908e+00,-2.172160343927048147e+06,3.945741315500152268e+03,-4.098578798403766191e-07,-2.172646306765443569e+02,-1.225235750368369736e-05,2.962046875676415737e-16,-9.760748823022955989e+00,8.999999995722178880e+01,-1.990385192904869527e+01,-1.835561717766224841e-10,1.975144601688363915e-12,5.057568407526821797e-02,-2.959194978280215900e-12
1.941950000299500971e+04,-1.893575617048225753e-09,-1.741903427072153843e+00,-2.183887336690605618e+06,4.012462325249588503e+03,-4.118968109361238177e-07,-1.336469457235868958e+02,5.368987340581554690e-05,2.379072835918718952e-16,-9.760830677450888615e+00,8.999999995722178880e+01,-1.939367258097383839e+01,-1.835561717766224841e-10,2.184136087788367545e-12,5.138310853116202781e-02,-2.567148359891034266e-12
1.942950000299704698e+04,-1.438997811522724177e-09,-1.214956349084810094e+00,-2.196284554855019320e+06,4.077879930525700274e+03,-4.136580789015710453e-07,-4.883166049774240491e+01,4.020330480258849093e-05,1.758026153686991307e-16,-9.760826246691326702e+00,8.999999995722178880e+01,-1.887581611341941112e+01,-1.835561717766224841e-10,2.389998985884661601e-12,5.215507755532240025e-02,-2.153668915061344803e-12
1.943950000299908424e+04,-9.781519455559282972e-10,-6.801960036210348282e-01,-2.209346827352299355e+06,4.141966370006090074e+03,-4.151224916713909355e-07,3.722286452437811022e+01,-5.022512790864297472e-05,1.097513622666494319e-16,-9.760919451035066530e+00,8.999999995722178880e+01,-1.835014639035855666e+01,-1.835561717766224841e-10,2.591989595861434365e-12,5.299614998160890461e-02,-1.717978533809287401e-12
1.944950000300112151e+04,-5.109626059737095417e-10,-1.374818706732345852e-01,-2.223069234334386420e+06,4.204691901560949191e+03,-4.162697774891783019e-07,1.245580634063737762e+02,-3.219234533125003850e-05,3.960673750588417503e-17,-9.760863885195657730e+00,8.999999995722178880e+01,-1.781652294272780424e+01,-1.835561717766224841e-10,2.789305212165099712e-12,5.376727793435170238e-02,-1.259279469878690731e-12
1.945950000300315878e+04,-3.735394817333774920e-11,4.133312405066680295e-01,-2.237447104115223046e+06,4.266024747477923484e+03,-4.170785271268645484e-07,2.132151600259614952e+02,5.516220528711812676e-05,-3.480763818647809859e-17,-9.760830544273733977e+00,8.999999995722178880e+01,-1.727480062110023695e+01,-1.835561717766224841e-10,2.981080052950057345e-12,5.456575021503675543e-02,-7.767545052458145235e-13
1.946950000300519605e+04,4.427502611960275475e-10,9.723934449819656711e-01,-2.252476010177809745e+06,4.325931036776788460e+03,-4.175261320156983313e-07,3.032351656091107088e+02,3.781725556128989751e-05,-1.136883213707538832e-16,-9.760885913330664465e+00,8.999999995722178880e+01,-1.672482917149106996e+01,-1.835561717766224841e-10,3.166380944120946100e-12,5.542971283327855631e-02,-2.695671289011407714e-13
1.947950000300723332e+04,9.294265960135732475e-10,1.539860052020128434e+00,-2.268151768221170641e+06,4.384374743306012533e+03,-4.175887178182911875e-07,3.946588433837200682e+02,-1.109441595081861465e-05,-1.972318740033207001e-16,-9.760992332128846982e+00,8.999999995722178880e+01,-1.616645320588161283e+01,-1.835561717766224841e-10,3.344202638435891184e-12,5.633837789299026011e-02,2.631381418718282241e-13
1.948950000300927059e+04,1.422751916270475620e-09,2.115891852536669671e+00,-2.284470433220357168e+06,4.441317625933877025e+03,-4.172410731099174776e-07,4.875266586866193848e+02,4.466168404304582396e-05,-2.856547362472697055e-16,-9.761009979043237195e+00,8.999999995722178880e+01,-1.559951228250119293e+01,-1.835561717766224841e-10,3.513462793660030429e-12,5.721314839933215601e-02,8.222353132970785472e-13
1.949950000301130785e+04,1.922803306716732047e-09,2.700655425441209179e+00,-2.301428296470786911e+06,4.496719149497054786e+03,-4.164565731631473545e-07,5.818788437604350747e+02,3.114171281026756333e-05,-3.791965093616176316e-16,-9.761005491689795477e+00,8.999999995722178880e+01,-1.502383939745401698e+01,-1.835561717766224841e-10,3.672996561473853607e-12,5.809234580784990165e-02,1.408616407745636509e-12
1.950950000301334512e+04,2.429658007732549969e-09,3.294323464336612606e+00,-2.319021882587397937e+06,4.550536425510482331e+03,-4.152070972896653376e-07,6.777552509030786041e+02,-4.395803063728109805e-05,-4.781081896904033761e-16,-9.760859051300611711e+00,8.999999995722178880e+01,-1.443926222106692236e+01,-1.835561717766224841e-10,3.821550766753042060e-12,5.890876282191672558e-02,2.023190687823426790e-12
1.951950000301538239e+04,2.943393337476071046e-09,3.897075126149653013e+00,-2.337247946425532456e+06,4.602724125234252824e+03,-4.134629406037101554e-07,7.751954169544324031e+02,6.115709963161464202e-05,-5.826896412530622333e-16,-9.760770310921005333e+00,8.999999995722178880e+01,-1.384560145673171228e+01,-1.835561717766224841e-10,3.957777622439575471e-12,5.977609878048449621e-02,2.666883816692183476e-12
1.952950000301741966e+04,3.464086604238343932e-09,4.509096403401522402e+00,-2.356103469888674095e+06,4.653234401845358661e+03,-4.111927184583437462e-07,8.742384820383146007e+02,8.143722309172929386e-05,-6.932421782103473564e-16,-9.760898845771345478e+00,8.999999995722178880e+01,-1.324267104488354718e+01,-1.835561717766224841e-10,4.080227948605336632e-12,6.078540004992551843e-02,3.340636766386899423e-12
1.953950000301945693e+04,3.991815007791612925e-09,5.130580521968425955e+00,-2.375585658585728146e+06,4.702016811206040074e+03,-4.083632634699931348e-07,9.749231308847793116e+02,1.245252919979122908e-05,-8.100812672986165409e-16,-9.760876668163085412e+00,8.999999995722178880e+01,-1.263027796131420999e+01,-1.835561717766224841e-10,4.187343824877408839e-12,6.172907329993836123e-02,4.045404533157441838e-12
1.954950000302149419e+04,4.526655528359544820e-09,5.761728366349498032e+00,-2.395691938296671025e+06,4.749018210742186056e+03,-4.049395145707410790e-07,1.077287600655499091e+03,8.864100059513546626e-06,-9.335973529147397831e-16,-9.760936427093708900e+00,8.999999995722178880e+01,-1.200822109319679676e+01,-1.835561717766224841e-10,4.277450696969141285e-12,6.273962197128986340e-02,4.782154521500125280e-12
1.955950000302353146e+04,5.068684801654282018e-09,6.402748934624270305e+00,-2.416419951202954166e+06,4.794182678827895870e+03,-4.008843966724808829e-07,1.181369560305656023e+03,5.855719253444746641e-05,-1.064181871102969863e-15,-9.760829962766818468e+00,8.999999995722178880e+01,-1.137629162796260474e+01,-1.835561717766224841e-10,4.348748790744532074e-12,6.367738469132158685e-02,5.551864692861772223e-12
1.956950000302556873e+04,5.617978978220969088e-09,7.053859825480066625e+00,-2.437767551834638231e+06,4.837451401379664276e+03,-3.961586909205055722e-07,1.287206117143388838e+03,4.109018344178316795e-05,-1.202267177492024444e-15,-9.760885309314609515e+00,8.999999995722178880e+01,-1.073427175010844081e+01,-1.835561717766224841e-10,4.399303870144027591e-12,6.472896429651574246e-02,6.355521309111896801e-12
1.957950000302760600e+04,6.174613565090296380e-09,7.715287759892915709e+00,-2.459732802682056092e+06,4.878762585904812113e+03,-3.907208936920321160e-07,1.394833677572155239e+03,3.145760952261156262e-05,-1.348329848740931835e-15,-9.760820938658394397e+00,8.999999995722178880e+01,-1.008193501925421387e+01,-1.835561717766224841e-10,4.427037153241744304e-12,6.573591243699931919e-02,7.194116334644372952e-12
1.958950000302964327e+04,6.738663247473944445e-09,8.387269140284113078e+00,-2.482313969415555242e+06,4.918051332773656213e+03,-3.845270642343629058e-07,1.504287951565185267e+03,1.194995703235335327e-05,-1.502892501838777770e-15,-9.760692220010543707e+00,8.999999995722178880e+01,-9.419044871159586663e+00,-1.835561717766224841e-10,4.429714422902939066e-12,6.673057398326838474e-02,8.068644334500147839e-12
1.959950000303168054e+04,7.310201687930593175e-09,9.070050650214609433e+00,-2.505509515651111957e+06,4.955249525686211200e+03,-3.775306589345772147e-07,1.615603843307436819e+03,6.337771223163812806e-06,-1.666560183279116475e-15,-9.760995942015748383e+00,8.999999995722178880e+01,-8.745354378555003194e+00,-1.835561717766224841e-10,4.404934273749354549e-12,6.799526703608541056e-02,8.980098807556233290e-12
1.960950000303371780e+04,7.889301300081686197e-09,9.763889897969365350e+00,-2.529318097194219474e+06,4.990285738531269999e+03,-3.696823511152799836e-07,1.728815285064419186e+03,4.630822500795162000e-06,-1.839915421049665582e-15,-9.760811810089784046e+00,8.999999995722178880e+01,-8.060606518493221628e+00,-1.835561717766224841e-10,4.350115109539807004e-12,6.901008999124932930e-02,9.929468036477131573e-12
1.961950000303575507e+04,8.476032993546890933e-09,1.046905610768186534e+01,-2.553738555687876418e+06,5.023085050795468305e+03,-3.609298359071972478e-07,1.843955314747993498e+03,6.625115917269219779e-05,-2.023710658282111591e-15,-9.760953750978105248e+00,8.999999995722178880e+01,-7.364531414064534154e+00,-1.835561717766224841e-10,4.262481411681465844e-12,7.023704814523218376e-02,1.091773001622225679e-11
1.962950000303779234e+04,9.070465886330152932e-09,1.118583086198601251e+01,-2.578769911583349574e+06,5.053568989990492810e+03,-3.512176165009174696e-07,1.961055752451968601e+03,3.290738883565680339e-05,-2.218621347600543381e-15,-9.760820574574033515e+00,8.999999995722178880e+01,-6.656848133780921550e+00,-1.835561717766224841e-10,4.139048428671890805e-12,7.133705016310785962e-02,1.194584676045402145e-11
1.963950000303982961e+04,9.672666980345907127e-09,1.191450890054679768e+01,-2.604411356344403233e+06,5.081655315805684040e+03,-3.404867726936865163e-07,2.080147295314400253e+03,-1.235717433112348829e-05,-2.425526515611635836e-15,-9.760866983923273565e+00,8.999999995722178880e+01,-5.937261406029708866e+00,-1.835561717766224841e-10,3.976605721452958164e-12,7.256888550232790114e-02,1.301475755216054767e-11
1.964950000304186688e+04,1.028270079518548697e-08,1.265539897923622092e+01,-2.630662243786964566e+06,5.107257939744741634e+03,-3.286747071168090918e-07,2.201259218756192240e+03,-2.010388070872171085e-05,-2.645358485183519352e-15,-9.760986632115672634e+00,8.999999995722178880e+01,-5.205462731843140567e+00,-1.835561717766224841e-10,3.771699240290841287e-12,7.387379248410817778e-02,1.412537112061307980e-11
1.965950000304390414e+04,1.090062895453382440e-08,1.340882479515791026e+01,-2.657522080446157139e+06,5.130286740430303325e+03,-3.157148690450270469e-07,2.324419319021586944e+03,6.543170325068459192e-05,-2.879149087170245119e-15,-9.760769413905560299e+00,8.999999995722178880e+01,-4.461128476439111701e+00,-1.835561717766224841e-10,3.520611598094139109e-12,7.502113161003015618e-02,1.527855659908601544e-11
1.966950000304594141e+04,1.152650312772422548e-08,1.417512598321949113e+01,-2.684990514851625077e+06,5.150647399890071028e+03,-3.079530892895967365e-07,2.449653765134261448e+03,2.998004072796156549e-05,-3.664488024801843735e-15,-9.760880095960256853e+00,8.999999995729878322e+01,-3.703918791278591360e+00,-1.835561717766224841e-10,3.324160810087561175e-12,7.638890829202676924e-02,1.646833763520857352e-11
1.967950000304797868e+04,1.216027352917605039e-08,1.495465919049351022e+01,-2.713067325580733828e+06,5.168241270519805767e+03,-3.139408972739795719e-07,2.576986860791615072e+03,6.594139244886498830e-05,-3.733921764976867656e-15,-9.760769264461593764e+00,8.999999995755322857e+01,-2.933477307549769098e+00,-1.835561717766224841e-10,3.322632737564848370e-12,7.766782851091208473e-02,1.769215232646685298e-11
1.968950000305001595e+04,1.280194740354642854e-08,1.574779923520266678e+01,-2.741752407943842001e+06,5.182965145891660541e+03,-3.189466347598472104e-07,2.706440968692989827e+03,2.758082219223023657e-06,-3.734891519409152604e-15,-9.760870915811041826e+00,8.999999995780767392e+01,-2.149428713411897007e+00,-1.835561717766224841e-10,3.273877721003697479e-12,7.910547839450751684e-02,1.896985328678605738e-11
1.969950000305205322e+04,1.345156306163100227e-08,1.655494035781267925e+01,-2.771045759142634459e+06,5.194711172585283748e+03,-3.229114348985865338e-07,2.838036129317115865e+03,2.939979250965452096e-06,-3.861593164676675815e-15,-9.760870920306095044e+00,8.999999995806211928e+01,-1.351379496544481862e+00,-1.835561717766224841e-10,3.173565162358137930e-12,8.052602114708566627e-02,2.030273438529929645e-11
1.970950000305409048e+04,1.410915456332194356e-08,1.737649757244672344e+01,-2.800947461724929046e+06,5.203366553943384133e+03,-3.257489963241033660e-07,2.971790041684238986e+03,6.259277369033422467e-05,-4.004541939299196316e-15,-9.760828900374239225e+00,8.999999995831656463e+01,-5.389142741996372221e-01,-1.835561717766224841e-10,3.016693612201211506e-12,8.196536087128437897e-02,2.169205343723964310e-11
1.971950000305612775e+04,1.477475039920528106e-08,1.821290812762950040e+01,-2.831457665139431134e+06,5.208813409258292268e+03,-3.273916565763062823e-07,3.107717709086065952e+03,1.315744182815020702e-05,-4.154120762450349887e-15,-9.760935080416045295e+00,8.999999995857100998e+01,2.884044423580658933e-01,-1.835561717766224841e-10,2.798209884373701151e-12,8.353349379751427717e-02,2.313899727590292327e-11
1.972950000305816502e+04,1.544837427523629592e-08,1.906463308623047581e+01,-2.862576565175221302e+06,5.210928596105964061e+03,-3.277407224210053059e-07,3.245831131827473200e+03,4.102603079908506700e-05,-4.302321879281426327e-15,-9.760943940995113977e+00,8.999999995882545534e+01,1.131037406864325190e+00,-1.835561717766224841e-10,2.512275669539751092e-12,8.509388389971830891e-02,2.464467705175641329e-11
1.973950000306020229e+04,1.613004157992480915e-08,1.993215903543547540e+01,-2.894304381044979207e+06,5.209583449024765287e+03,-3.267085133875076714e-07,3.386139095113879648e+03,5.349460619474832868e-05,-4.471325381177021558e-15,-9.760764261188752400e+00,8.999999995907990069e+01,1.989471281726687302e+00,-1.835561717766224841e-10,2.152801691531644015e-12,8.659752870844804329e-02,2.621009649843507441e-11
1.974950000306223956e+04,1.681976107077293560e-08,2.081599993863488507e+01,-2.926641329846444540e+06,5.204643593549770230e+03,-3.242019246671188570e-07,3.528646794496882194e+03,6.753192151809361832e-05,-4.663276896012241153e-15,-9.760768641024968773e+00,8.999999995933434604e+01,2.864219917340482535e+00,-1.835561717766224841e-10,1.713229302540558187e-12,8.825821274850978448e-02,2.783613808361073235e-11
1.975950000306427683e+04,1.751753022675291448e-08,2.171669914225161335e+01,-2.959587598106668796e+06,5.195968683384387077e+03,-3.208954735780691337e-07,3.673355532421959651e+03,-1.790951051183764520e-05,-5.019284174573495076e-15,-9.760985528163276470e+00,8.999999995959748844e+01,3.755826933611400076e+00,-1.835561717766224841e-10,1.200047936412409099e-12,9.009508600069084105e-02,2.952442129361787654e-11
1.976950000306631409e+04,1.822332655196774802e-08,2.263483155180179551e+01,-2.993143310080794152e+06,5.183412231531948237e+03,-3.172123981120465072e-07,3.820262239568618497e+03,-1.776048721224832150e-05,-5.114300390916170657e-15,-9.760985397308310496e+00,8.999999995987482748e+01,4.664866886693882719e+00,-1.835561717766224841e-10,6.151764424282987447e-13,9.186824331037163338e-02,3.127690644299886954e-11
1.977950000306835136e+04,1.893712262918818508e-08,2.357100599284757791e+01,-3.027308492441211361e+06,5.166821289396552856e+03,-3.118016493202906055e-07,3.969359160867228184e+03,-1.346396918355807770e-05,-4.748221313892692743e-15,-9.760925399722877316e+00,8.999999996015279180e+01,5.591948892324743348e+00,-1.835561717766224841e-10,-7.116983299815817987e-14,9.367017342285759163e-02,3.309295505385927936e-11
1.978950000307038863e+04,1.965888041495114644e-08,2.452586777399287143e+01,-3.062083034951712005e+06,5.146036265767766963e+03,-3.044309364697385198e-07,4.120633297699041577e+03,5.548732326943195403e-07,-5.930258987210624553e-15,-9.760929742512534091e+00,8.999999996043013084e+01,6.537718174312115771e+00,-1.835561717766224841e-10,-8.697581148759428647e-13,9.557498107732922965e-02,3.497254387695500801e-11
1.979950000307242590e+04,2.038855676372694145e-08,2.550010147068529065e+01,-3.097466646674857475e+06,5.120890660960947571e+03,-3.168468553736626108e-07,4.274065918373873501e+03,7.405110295199968107e-05,-4.803193854390925971e-15,-9.760892205765021146e+00,8.999999996092823551e+01,7.502859108924658571e+00,-1.835561717766224841e-10,-1.395897383491283273e-12,9.752660441834098970e-02,3.696741423812389120e-11
1.980950000307446317e+04,2.112609359146018415e-08,2.649443395034413129e+01,-3.133458807212206535e+06,5.091210776454989173e+03,-3.285695593360977750e-07,4.429632035767824163e+03,1.884952364017422610e-05,-5.260945456524352662e-15,-9.760874048504547318e+00,8.999999996143712622e+01,8.488098711582209077e+00,-1.835561717766224841e-10,-2.020550192167977718e-12,9.956411487475141930e-02,3.904395239722893407e-11
1.981950000307650043e+04,2.187140873097967817e-08,2.750963766118763232e+01,-3.170058712416424416e+06,5.056815493886935656e+03,-3.384861549542875219e-07,4.587299743833160392e+03,-4.505265817966730424e-06,-5.118785691760955744e-15,-9.760805003332242435e+00,8.999999996194601692e+01,9.494209409069657823e+00,-1.835561717766224841e-10,-2.772421545265576532e-12,1.016524641898257919e-01,4.120062357893999640e-11
1.982950000307853770e+04,2.262440151428191705e-08,2.854653420914322481e+01,-3.207265213953844272e+06,5.017515998860655600e+03,-3.463724148219029281e-07,4.747029558006859588e+03,-2.235404101447180381e-05,-5.341434727989810086e-15,-9.760860152514304389e+00,8.999999996245489342e+01,1.052201283153400979e+01,-1.835561717766224841e-10,-3.664812805826698618e-12,1.038958820844826103e-01,4.343728238226648424e-11
1.983950000308057497e+04,2.338493943158130696e-08,2.960599824930551804e+01,-3.245076752022601198e+06,4.973115508399112514e+03,-3.521061987152223057e-07,4.908773682907803050e+03,-8.320315734611227754e-06,-5.614498036357424099e-15,-9.760864289388003101e+00,8.999999996296378413e+01,1.157238385788966717e+01,-1.835561717766224841e-10,-4.710169349565749506e-12,1.062006873101302012e-01,4.575357612637335811e-11
1.984950000308261224e+04,2.415287024895863630e-08,3.068896172062871486e+01,-3.283491280453024898e+06,4.923409117227924071e+03,-3.554894095588961506e-07,5.072475094151584017e+03,-7.318019516233675859e-05,-5.943861659839034518e-15,-9.760781750450892247e+00,8.999999996347267484e+01,1.264625367954779200e+01,-1.835561717766224841e-10,-5.923219873763542504e-12,1.085526428674348370e-01,4.814836989835075280e-11
1.985950000308464951e+04,2.492799764086686727e-08,3.179641845473213735e+01,-3.322506183328630868e+06,4.868183345207484308e+03,-3.563107666212376986e-07,5.238066841406253843e+03,-3.783025003922801943e-06,-6.337042981597538370e-15,-9.760803987310696428e+00,8.999999996398156554e+01,1.374461679288797633e+01,-1.835561717766224841e-10,-7.319964748447394267e-12,1.110665760778176275e-01,5.061974693742550378e-11
1.986950000308668677e+04,2.571009612150985489e-08,3.292942919201798446e+01,-3.362118182166173123e+06,4.807216082217906660e+03,-3.543994571312916282e-07,5.405470877235906300e+03,2.520824972362945005e-05,-6.800848547440165615e-15,-9.760996739126046151e+00,8.999999996449045625e+01,1.486853387928181469e+01,-1.835561717766224841e-10,-8.916769052254870962e-12,1.137866637256753771e-01,5.316516834252075568e-11
1.987950000308872404e+04,2.649888806660597783e-08,3.408912704040392327e+01,-3.402323232585372869e+06,4.740276349344856499e+03,-3.494431997281323864e-07,5.574596996588956245e+03,1.873423915110805638e-06,-7.942508469589426334e-15,-9.760927487074521736e+00,8.999999996499934696e+01,1.601913754918832922e+01,-1.835561717766224841e-10,-1.073379316429889150e-11,1.164755625519612731e-01,5.578041864616081037e-11
1.988950000309076131e+04,2.729404619587571478e-08,3.527672341407286893e+01,-3.443116409276722930e+06,4.667123954205110749e+03,-3.424568928793570076e-07,5.745341766461878251e+03,8.391440382071735371e-05,-7.972265334658000126e-15,-9.760770086877601059e+00,8.999999996551942161e+01,1.719763981326559588e+01,-1.835561717766224841e-10,-1.276707151388426303e-11,1.192398507650508921e-01,5.846784418677348116e-11
1.989950000309279858e+04,2.809516406835884485e-08,3.649351449124561242e+01,-3.484491777941801120e+06,4.587509519611445285e+03,-3.412582801341978990e-07,5.917587042818803639e+03,2.024961479563103239e-05,-6.606187606237303683e-15,-9.760871236893180480e+00,8.999999996612667985e+01,1.840533647417119312e+01,-1.835561717766224841e-10,-1.488102635866698921e-11,1.222846339099274010e-01,6.127484521445190919e-11
1.990950000309483585e+04,2.890177677186627180e-08,3.774088823122843905e+01,-3.526442252734611742e+06,4.501174208552900382e+03,-3.407996950756537401e-07,6.091198647516655910e+03,-3.910410024143828878e-05,-6.523255674710745423e-15,-9.760912448388044282e+00,8.999999996677277636e+01,1.964361564512075375e+01,-1.835561717766224841e-10,-1.718913127627488345e-11,1.254391532809866205e-01,6.417417078576513955e-11
1.991950000309687312e+04,2.971339067700795892e-08,3.902033199137980546e+01,-3.568959437570548151e+06,4.407849731020539366e+03,-3.497590978318835875e-07,6.266024711651571124e+03,-1.656018850715312851e-05,-7.962621567964023876e-15,-9.760796628040273148e+00,8.999999996753609821e+01,2.091396451249467958e+01,-1.835561717766224841e-10,-1.953911608550833671e-11,1.286587876507349071e-01,6.723092701812003317e-11
1.992950000309891038e+04,3.052941928942246225e-08,4.033344078388616083e+01,-3.612033449496305082e+06,4.307258273870071207e+03,-3.549530331016839522e-07,6.441893970104099935e+03,-2.489554069295962790e-05,-7.987047710821036081e-15,-9.760915583235995285e+00,8.999999996829943427e+01,2.221797810766089754e+01,-1.835561717766224841e-10,-2.220893353127539035e-11,1.321765676147236002e-01,7.035224584106225903e-11
1.993950000310094765e+04,3.134915720038492567e-08,4.168192620992745390e+01,-3.655652722126125358e+06,4.199112592528952518e+03,-3.415836023341717648e-07,6.618613822255863852e+03,-2.296239170807012897e-06,-1.322056452417006900e-14,-9.760799566227913004e+00,8.999999996906302613e+01,2.355736796667415689e+01,-5.920920595012482388e-11,-2.523057447332126861e-11,1.357386820343018941e-01,7.321935257649724102e-11
1.994950000310298492e+04,3.217176242994329846e-08,4.306762610419204407e+01,-3.699803786952388473e+06,4.083116115836176505e+03,-3.230572970041771671e-07,6.795968261033913222e+03,1.183385159997385472e-05,-1.427852810175339173e-14,-9.760803117587515843e+00,8.999999996983174810e+01,2.493397226649748788e+01,6.801298130841584380e-11,-2.862636435809117591e-11,1.395589952262454581e-01,7.610301769735371479e-11
1.995950000310502219e+04,3.299623887416638666e-08,4.449251491504599443e+01,-3.744471030130786356e+06,3.958963388649254739e+03,-3.161068734548471392e-07,6.973715466209745500e+03,3.969817766602545817e-05,-1.160000321611827913e-14,-9.760811053443164909e+00,8.999999997075222780e+01,2.634976483832054939e+01,1.952351685669565115e-10,-3.209428229549438856e-11,1.435865129313454447e-01,7.915713817448315536e-11
1.996950000310705946e+04,3.382142962651144323e-08,4.595871483379492872e+01,-3.789636422130400315e+06,3.826340269169776093e+03,-3.147120991075566484e-07,7.151585412818067198e+03,3.136801352354723349e-05,-1.374135914027940020e-14,-9.760929443058863342e+00,8.999999997177000921e+01,2.780686829087127521e+01,3.224573558254971921e-10,-3.578077115003262100e-11,1.478966560895181304e-01,8.233217394521214736e-11
1.997950000310909672e+04,3.464602254706813219e-08,4.746850766912096731e+01,-3.835279217433141544e+06,3.684924742205397251e+03,-3.071773799294440087e-07,7.329276983916748577e+03,4.028362179564481949e-05,-1.408457594061915615e-14,-9.760808249564217220e+00,8.999999997278779063e+01,2.930756420939980345e+01,4.496795430840378727e-10,-3.995193575388970321e-11,1.523078466392600305e-01,8.549651862984461399e-11
1.998950000311113399e+04,3.546849526159486882e-08,4.902434743779396342e+01,-3.881375621274768841e+06,3.534387634332157177e+03,-2.930853147418265660e-07,7.506455011585483589e+03,4.334096659341923896e-06,-1.568488939045604450e-14,-9.760917114231522973e+00,8.999999997380555783e+01,3.085430674157547770e+01,5.769017303425785016e-10,-4.465038390424911135e-11,1.571038652316269213e-01,8.861776416261744169e-11
1.999950000311317126e+04,3.628709219990437020e-08,5.062887360826580618e+01,-3.927898420260639396e+06,3.374393802348852660e+03,-2.717400773724100904e-07,7.682746936142281811e+03,3.660413403228091056e-05,-1.755849142209799136e-14,-9.760864343763456574e+00,8.999999997482333924e+01,3.244973517568978139e+01,7.041239176011191822e-10,-4.992628284402754314e-11,1.620822031759467929e-01,9.165328174673373276e-11
2.000950000311520853e+04,3.709979816843239880e-08,5.228492488631633961e+01,-3.974816573582463898e+06,3.204603481608774018e+03,-2.463641489704808550e-07,7.857739260048632786e+03,-5.973937653713790041e-05,-1.971678272724905307e-14,-9.760830155266665642e+00,8.999999997586900236e+01,3.409668834295620599e+01,8.313461048596598628e-10,-5.575208507685384480e-11,1.673655429092260616e-01,9.460547739470021848e-11
2.001950000311724580e+04,3.790426690359153932e-08,5.399555336796490224e+01,-4.022094761542544700e+06,3.024674210653274258e+03,-2.383507241573056577e-07,8.030973624537973592e+03,4.613314009649371883e-05,-1.705602901917331535e-14,-9.760739543566440801e+00,8.999999997712336608e+01,3.579821800871974347e+01,9.585682921182004400e-10,-6.173458084085363390e-11,1.729335056443055962e-01,9.774503858632102780e-11
2.002950000311928306e+04,3.869774018347939005e-08,5.576403879969458188e+01,-4.069692888200860936e+06,2.834262962590405550e+03,-2.246842735576085784e-07,8.201942689131401494e+03,3.785458797711527268e-05,-1.960760246556366291e-14,-9.760856080132757739e+00,8.999999997839930188e+01,3.755760425081909659e+01,1.085790479376741224e-09,-6.838079988221497094e-11,1.789588194768802210e-01,1.007254907683674037e-10
2.003950000312132033e+04,3.947705044296584509e-08,5.759390257377590672e+01,-4.117565535257032607e+06,2.633029166668638936e+03,-2.133525787048068998e-07,8.370085586424927897e+03,2.954763108142799410e-05,-1.702369917269132940e-14,-9.760972018468001110e+00,8.999999997976495081e+01,3.937836821318273905e+01,1.213012666635281801e-09,-7.557259853284817057e-11,1.853487532445107777e-01,1.036179652961411878e-10
2.004950000312335760e+04,4.023862776650844730e-08,5.948892094020173005e+01,-4.165661364845165052e+06,2.420638129944009961e+03,-2.137819742684553531e-07,8.534783195843880094e+03,1.986392959185678819e-05,-2.011169956177539682e-14,-9.760719255798086635e+00,8.999999998129162293e+01,4.126428597805058729e+01,1.340234853893822585e-09,-8.316651417695468958e-11,1.919210553518424234e-01,1.065403787750061693e-10
2.005950000312539487e+04,4.097836928488550934e-08,6.145313672821468742e+01,-4.213922469853838906e+06,2.196765286900867977e+03,-2.045974890811297845e-07,8.695353138253374709e+03,-2.882870568932105471e-06,-2.365883524949647023e-14,-9.760645304843123427e+00,8.999999998281828084e+01,4.321940062214108025e+01,1.467457041152363162e-09,-9.163311236855377064e-11,1.990129283284410022e-01,1.090698792453342919e-10
2.006950000312743214e+04,4.169152627609238248e-08,6.349086863025092242e+01,-4.262283671828949824e+06,1.961101547911748185e+03,-1.874789631803593398e-07,8.851044523221455165e+03,6.935620330494884911e-06,-2.767841684305448480e-14,-9.760703877044029753e+00,8.999999998436265969e+01,4.524803068480879631e+01,1.594679228410903946e-09,-1.009746001864033358e-10,2.066261680978449811e-01,1.111318901267486273e-10
2.007950000312946941e+04,4.237269257637825248e-08,6.560671679939216006e+01,-4.310671768639293499e+06,1.713359536094544183e+03,-1.834346279714084045e-07,9.001032633348835589e+03,-2.467187814225724196e-05,-2.581051301997203493e-14,-9.760747846123852156e+00,8.999999998608819851e+01,4.735477629482664241e+01,1.721901415669444524e-09,-1.108173938614251006e-10,2.147058132191535795e-01,1.130437300215037356e-10
2.008950000313150667e+04,4.301545760125501033e-08,6.780556313828994064e+01,-4.359004737107167020e+06,1.453281213883274631e+03,-1.590225284493995662e-07,9.144413573597827053e+03,1.710936833276832658e-05,-2.985290645071749663e-14,-9.760753692754347455e+00,8.999999998789159861e+01,4.954451913485368664e+01,1.967363903766072803e-09,-1.214750379574499539e-10,2.232665916017709806e-01,1.139519494436918857e-10
2.009950000313354394e+04,4.361252425606257501e-08,7.009256420446141078e+01,-4.407190899989121594e+06,1.180646826438929111e+03,-1.524236902650342560e-07,9.280199111734174949e+03,-5.418698840742308676e-06,-3.315771813476778683e-14,-9.760859747684907717e+00,8.999999998992298345e+01,5.182241586094891517e+01,2.221808278283154371e-09,-1.325713749031243932e-10,2.324137088684734564e-01,1.146179813461100025e-10
2.010950000313558121e+04,4.415571587669126355e-08,7.247313412082493755e+01,-4.455128072351112962e+06,8.952856416353461100e+02,-1.334501259096285735e-07,9.407311888225231087e+03,-6.563099040945985507e-05,-3.856875154583576651e-14,-9.760706803702444034e+00,8.999999999195864575e+01,5.419388059043879480e+01,2.476252652800235525e-09,-1.446996665917751202e-10,2.419683867061503124e-01,1.142284978718842520e-10
2.011950000313761848e+04,4.463567565346060287e-08,7.495291426588987349e+01,-4.502702709862477146e+06,5.970884619417433896e+02,-1.204292276503865215e-07,9.524581348093168344e+03,-1.243494092584285227e-06,-4.149931608179038288e-14,-9.760777425124317119e+00,8.999999999415902607e+01,5.666455464747063786e+01,2.755200020583311891e-09,-1.574360947960985080e-10,2.522246106609236094e-01,1.130389686849002903e-10
2.012950000313965575e+04,4.504169038333237799e-08,7.753772584562796055e+01,-4.549789091199843213e+06,2.860221546618640787e+02,-1.016532856613516176e-07,9.630740780176467524e+03,4.853208181376800212e-05,-3.990082617545993377e-14,-9.760657666587016834e+00,8.999999999653681471e+01,5.924025921709240805e+01,3.136866582358934036e-09,-1.707259189002113263e-10,2.629630596607306359e-01,1.105680117399172016e-10
2.013950000314169301e+04,4.536173144920808448e-08,8.023350076298626732e+01,-4.596248578925523907e+06,-3.785359934888992939e+01,-8.530326653787464828e-08,9.724425977892395167e+03,-2.607952082023246021e-05,-5.007186132532100648e-14,-9.760678908964440126e+00,8.999999999908125403e+01,6.192692600074055775e+01,3.565885242232184799e-09,-1.845225423079358258e-10,2.743782145117582005e-01,1.068502757293425639e-10
2.014950000314373028e+04,4.558237822518748645e-08,8.304618558166160369e+01,-4.641929018082904629e+06,-3.743674752739843825e+02,-6.690339735515158197e-08,9.804176164483436878e+03,4.583706189675851306e-05,-4.645112574260938414e-14,-9.760624067976598539e+00,9.000000000182640747e+01,6.473050185743572627e+01,4.098691762470953120e-09,-1.986499033890338044e-10,2.863429037758944973e-01,1.015569305984588347e-10
2.015950000314576755e+04,4.568851638772546463e-08,8.598161295882630384e+01,-4.686664349268984050e+06,-7.232152539962708033e+02,-5.140854736038488972e-08,9.868437955184561361e+03,8.044301749166038462e-05,-5.392356505083626121e-14,-9.760677396186315136e+00,9.000000000485692908e+01,6.765681951999782484e+01,4.787727128663209753e-09,-2.127880615233810404e-10,2.989424796749771684e-01,9.463921548623356762e-11
2.016950000314780482e+04,4.566394963738728813e-08,8.904533489230959731e+01,-4.730274532566858456e+06,-1.083936654582564188e+03,-3.581154793035232367e-08,9.915573290452382935e+03,8.016472609284619466e-06,-5.066948760723614312e-14,-9.760632134426106887e+00,9.000000000821010815e+01,7.071143038402728109e+01,5.696424323376061852e-09,-2.267144845882446994e-10,3.120221337194650779e-01,8.582201532814725421e-11
2.017950000314984209e+04,4.549096957188291047e-08,9.224241276214051766e+01,-4.772565899176144041e+06,-1.455891147632824868e+03,-1.556379807584515790e-08,9.943872287644064272e+03,3.129740128882119166e-05,-5.430252977781836582e-14,-9.760616430141910271e+00,9.000000001202361943e+01,7.389939677044478117e+01,6.991902411792329990e-09,-2.400474434235003612e-10,3.255933373848183821e-01,7.479617423996250212e-11
2.018950000315187935e+04,4.515070486603592303e-08,9.557716078818931749e+01,-4.813332066532613710e+06,-1.838232209342970691e+03,3.867540883493286149e-09,9.951572234008614032e+03,5.778403786527164243e-05,-4.993827670242807363e-14,-9.760538628614492396e+00,9.000000001663929083e+01,7.722503251305968774e+01,8.987484196692346435e-09,-2.522563241759383056e-10,3.395150270759823563e-01,6.163828866408211572e-11
2.019950000315391662e+04,4.462361115675559801e-08,9.905284256544469201e+01,-4.852355566430652514e+06,-2.229882988370806743e+03,2.215072743977663420e-08,9.936883596181796747e+03,-5.950924504083410227e-05,-5.172044056208768158e-14,-9.760656865156374096e+00,9.000000002288390988e+01,8.069160172581496226e+01,1.252036800354966573e-08,-2.627736792834496430e-10,3.538114971050462243e-01,4.635235688562488740e-11
2.020950000315595389e+04,4.388992635778642658e-08,1.026713251438147267e+02,-4.889410338823720813e+06,-2.629513544217044910e+03,4.161340568734452912e-08,9.898024112088729453e+03,-3.141338643675162245e-05,-4.419427103041767501e-14,-9.760515594480215995e+00,9.000000003379244617e+01,8.430097138289603720e+01,2.065291910186461935e-08,-2.709733438951365177e-10,3.680664858974150300e-01,2.895899586408713758e-11
2.021950000315799116e+04,4.293049469123394864e-08,1.064327019094077400e+02,-4.924265229755934328e+06,-3.035522926362439193e+03,6.240536975202660561e-08,9.833261322221713272e+03,-2.776945451188339575e-05,-3.760488372242422312e-14,-9.760488436423333525e+00,9.000000007665015289e+01,8.805323517910905196e+01,6.069004676537679161e-08,-2.761671178033533626e-10,3.822943513271880867e-01,9.707200306937335038e-12
2.022950000316002843e+04,4.172761845611232521e-08,1.103349041794924688e+02,-4.956688592618653551e+06,-3.446028161293375888e+03,8.295258454620378442e-08,9.740963530416831418e+03,-2.534311181479065311e-05,-2.735751477985655888e-14,-9.760645257817076370e+00,8.999999995820598997e+01,9.194632527355989282e+01,-6.060722512147147652e-08,-2.776391775652489799e-10,3.962988549301625363e-01,-1.089223713632639066e-11
2.023950000316206570e+04,4.026628162493563929e-08,1.143733312552407000e+02,-4.986454020712922327e+06,-3.858862931543039394e+03,1.023049771637028527e-07,9.619658327620343698e+03,-5.208863382866191216e-05,-1.124476876091327780e-14,-9.760425765986827429e+00,9.000000000213890416e+01,9.597564064557514030e+01,-1.953567929779756781e-08,-2.748061063646060856e-10,4.094920293444068160e-01,-3.216570614510043643e-11
2.024950000316410296e+04,3.853544499174035032e-08,1.185405382230131863e+02,-5.013347132273269817e+06,-4.271589942991390672e+03,1.210554028333869786e-07,9.468096203580387737e+03,-7.476873595102517811e-05,6.101814198167850508e-15,-9.760516863982671154e+00,9.000000001320169929e+01,1.001337374004508405e+02,-1.130781333678851475e-08,-2.671625657011883251e-10,4.219650793722063975e-01,-5.328349794689959189e-11
2.025950000316614023e+04,3.652929679483427466e-08,1.228260277680457477e+02,-5.037173189613557421e+06,-4.681528020158919389e+03,1.391650366804948752e-07,9.285316380530941387e+03,-9.766587975335028204e-05,2.405095342993452714e-14,-9.760427555969947377e+00,9.000000001954987283e+01,1.044101185341586699e+02,-7.732106541699971533e-09,-2.544506190017355925e-10,4.331282745294456338e-01,-7.323336016008712321e-11
2.026950000316817750e+04,3.424857220791614206e-08,1.272161938036658029e+02,-5.057765174638386816e+06,-5.085796771619166066e+03,1.565853946494677223e-07,9.070709793743521004e+03,-1.520621472779204453e-04,3.311870310273450603e-14,-9.760393907922425782e+00,9.000000002425211676e+01,1.087911784810805500e+02,-5.701894877428179121e-09,-2.367118252040939070e-10,4.428069435311368651e-01,-9.090245702777613757e-11
2.027950000317021477e+04,3.170138110255872225e-08,1.316944580744346354e+02,-5.074991787802305073e+06,-5.481378122462007923e+03,1.755471568299101368e-07,8.824073931765784437e+03,-1.404189587743687184e-04,5.497664572536759975e-14,-9.760449241919422647e+00,9.000000002809605348e+01,1.132603394225964024e+02,-4.375069242071406866e-09,-2.142916642928581470e-10,4.507360361749243038e-01,-1.052642218033177643e-10
2.028950000317225204e+04,2.890388212686739779e-08,1.362416244871700428e+02,-5.088764720295498148e+06,-5.865192916024620899e+03,1.928107493048507125e-07,8.545653616645071452e+03,-1.170164585975186355e-04,7.143345708671944844e-14,-9.760392207057570602e+00,9.000000003139201965e+01,1.177984053142179732e+02,-3.419452504697604386e-09,-1.880144918922758945e-10,4.565643513657468011e-01,-1.151979171987976283e-10
2.029950000317428930e+04,2.587991019133439167e-08,1.408364504999546227e+02,-5.099044506092629395e+06,-6.234188581540904124e+03,2.026856666973603448e-07,8.236162296785340004e+03,-1.453542430711607381e-04,7.634674372745782503e-14,-9.760324436718306629e+00,9.000000003426887929e+01,1.223841342046082730e+02,-2.705557923115029167e-09,-1.590438086493551617e-10,4.601796729763488192e-01,-1.196782261829306217e-10
2.030950000317632657e+04,2.266054133374284579e-08,1.454564041741911353e+02,-5.105844319540284574e+06,-6.585431273173912814e+03,2.158282468547456697e-07,7.896780403151123210e+03,-1.327300280440368851e-04,8.471570610828252603e-14,-9.760337824244283311e+00,9.000000003672950299e+01,1.269949943685995066e+02,-2.131353303142331662e-09,-1.285449075600493530e-10,4.615477290148704004e-01,-1.187514230633819949e-10
2.031950000317836384e+04,1.928262505818158233e-08,1.500785457732043255e+02,-5.109231253277546726e+06,-6.916195592143180875e+03,2.290474351637077411e-07,7.529129116092570257e+03,-1.430423640771394389e-04,8.625766192569506569e-14,-9.760349043009892256e+00,9.000000003881864075e+01,1.316080459725436356e+02,-1.640809993510850650e-09,-9.805661912054370113e-11,4.606270854465892017e-01,-1.123080233606002507e-10
2.032950000318040111e+04,1.578676903950749618e-08,1.546804513146633155e+02,-5.109324870843584649e+06,-7.224044247540535252e+03,2.413839401708548637e-07,7.135221041997504472e+03,-1.303319280969716942e-04,7.519689059524496945e-14,-9.760311082165705088e+00,9.000000004051294411e+01,1.362008647778062027e+02,-1.259143431735228712e-09,-6.878716308084060644e-11,4.574885587700885381e-01,-1.004883786505350433e-10
2.033950000318243838e+04,1.221541850851861027e-08,1.592410880027446751e+02,-5.106293132744055241e+06,-7.506891253800213235e+03,2.488583362683321152e-07,6.717391887251061235e+03,-1.593830367960791250e-04,6.394747028758688800e-14,-9.760507866642813113e+00,9.000000004190663105e+01,1.407524181871968949e+02,-8.774768699596066701e-10,-4.246779186658349119e-11,4.524727833325664639e-01,-8.426432470309633781e-11
2.034950000318447564e+04,8.610601630908487550e-09,1.637415600654264551e+02,-5.100346084315825254e+06,-7.763043921099984800e+03,2.524564353093352252e-07,6.278219691551102187e+03,-1.384770097541121459e-04,4.791550958205162205e-14,-9.760477829470572075e+00,9.000000004291494804e+01,1.452438094112744125e+02,-6.133636092108763053e-10,-1.950306222104974080e-11,4.455643245324290014e-01,-6.408282622600976026e-11
2.035950000318651291e+04,5.012064347870198003e-09,1.681656658010865613e+02,-5.091727912435630336e+06,-7.991222603655102830e+03,2.598932391573760515e-07,5.820438030703334334e+03,-1.007683540503734321e-04,2.966764898175931619e-14,-9.760454087069605933e+00,9.000000004357573857e+01,1.496588367414017853e+02,-3.589192346937949441e-10,-6.354357811480781155e-13,4.371860761776619198e-01,-4.169599122745091417e-11
2.036950000318855018e+04,1.455729642530118997e-09,1.725002366566177443e+02,-5.080708090155672282e+06,-8.190558117387537095e+03,2.600669041026357411e-07,5.346851261778500884e+03,-1.518484550322440896e-05,1.241779212880455761e-14,-9.760568884345749652e+00,9.000000004396940767e+01,1.539843310867300943e+02,-1.044748601767135958e-10,1.342458844617179173e-11,4.277265725561762433e-01,-1.800497553095099070e-11
2.037950000319058745e+04,-2.027001000991550539e-09,1.767352596679185979e+02,-5.067572326499450952e+06,-8.360570570254771155e+03,2.681881842093444558e-07,4.860256976254761867e+03,-6.647393366110421198e-05,-5.185062253878909808e-15,-9.760636623407275891e+00,9.000000004401266551e+01,1.582102791537276971e+02,1.499695143403677525e-10,2.333329633112857212e-11,4.173963922442953667e-01,5.656410534852654529e-12
2.038950000319262472e+04,-5.410622718590938973e-09,-1.791361905617186778e+02,-5.052613942045183852e+06,-8.501133608330190327e+03,2.549096120084461026e-07,4.363380368984186134e+03,3.011485299664329318e-05,-1.817362533012118352e-14,-9.760445312013995789e+00,9.000000004390071240e+01,1.623297548307424449e+02,3.474692378405262756e-10,2.836672639234989945e-11,4.063760165297946036e-01,2.925114185209228304e-11
2.039950000319466199e+04,-8.675252235434431464e-09,-1.751181684862130226e+02,-5.036126134898873977e+06,-8.612429293019718898e+03,2.534354842478483003e-07,3.858822444872295819e+03,-1.243796131999985732e-05,-3.150914541827167723e-14,-9.760573691452183454e+00,9.000000004342886939e+01,1.663387032232026854e+02,4.746914250990669562e-10,3.032017878804545479e-11,3.952659356061212770e-01,5.169693597840230305e-11
2.040950000319669925e+04,-1.180536316450094063e-08,-1.712121750028655924e+02,-5.018395425002461299e+06,-8.694898173208028311e+03,2.433306189787609313e-07,3.349022858448014176e+03,4.179789513392151434e-06,-4.290852478719347198e-14,-9.760474165071185482e+00,9.000000004278874144e+01,1.702356232699921748e+02,6.019136123576076368e-10,2.863541391842154457e-11,3.839936257065423297e-01,7.234674907101283995e-11
2.041950000319873652e+04,-1.479040433723756543e-08,-1.674175297790411889e+02,-4.999696399546617642e+06,-8.749188675557999886e+03,2.421013346016767242e-07,2.836236467851515044e+03,4.612480542642849457e-05,-5.006014469888377376e-14,-9.760749395787620131e+00,9.000000004189152492e+01,1.740211952342117172e+02,7.291357996161483174e-10,2.461156333121839780e-11,3.730990490908329682e-01,9.075560683522193434e-11
2.042950000320077379e+04,-1.762391407091305098e-08,-1.637317599329833513e+02,-4.980287748807251453e+06,-8.776108890944860832e+03,2.321566434053625534e-07,2.322521935611822300e+03,1.146291422146061834e-04,-5.391485198743601241e-14,-9.760663164169280037e+00,9.000000004087374350e+01,1.776978910732839267e+02,8.563579868746889980e-10,1.806273987816749687e-11,3.623254307311962741e-01,1.068906820784912958e-10
2.043950000320281106e+04,-2.030286890606893758e-08,-1.601509761009846784e+02,-4.960409488158199936e+06,-8.776583022076685666e+03,2.216198360990176313e-07,1.809739512970155829e+03,4.247388443104349598e-05,-5.536729423811395630e-14,-9.760896266795386467e+00,9.000000003970293960e+01,-1.787303991346429655e+02,9.835801741332295752e-10,9.834747573556482273e-12,3.521819199042033333e-01,1.206774578652706409e-10
2.044950000320484833e+04,-2.282676123469948869e-08,-1.566702166947874275e+02,-4.940281207134799100e+06,-8.751613237124645821e+03,2.122928687628655115e-07,1.299557182612833458e+03,9.813850966911008555e-05,-5.376713332502198898e-14,-9.760740899117720915e+00,9.000000003838110274e+01,-1.752587150546029306e+02,1.110802361391770359e-09,4.417266630579020403e-13,3.423590544135810543e-01,1.321943698839873636e-10
2.045950000320688559e+04,-2.519684697653553443e-08,-1.532837496791797207e+02,-4.920101163554538973e+06,-8.702247957140352810e+03,2.137136746342360751e-07,7.934608884648398544e+02,9.158804938702580500e-05,-5.068011373365789909e-14,-9.760808865360674602e+00,9.000000003686146499e+01,-1.718813238490283481e+02,1.238024548650310936e-09,-9.372394866929459882e-12,3.332665713612170122e-01,1.416374356238262083e-10
2.046950000320892286e+04,-2.741613449686436044e-08,-1.499853278410916460e+02,-4.900046041067538783e+06,-8.629555946025551748e+03,1.999583151783637254e-07,2.927693121119364150e+02,1.113819967357709828e-04,-4.616795581110740379e-14,-9.760700308442880058e+00,9.000000003533479287e+01,-1.685919787490842339e+02,1.365246735908851720e-09,-2.033366196407300302e-11,3.247182559252958511e-01,1.490436806888191080e-10
2.047950000321096013e+04,-2.948847534165133976e-08,-1.467683981902834205e+02,-4.880271203617652878e+06,-8.534606199841648049e+03,1.720947191577502182e-07,-2.013502333532032935e+02,1.380372695596321364e-04,-4.042144785707550420e-14,-9.760838793319974727e+00,9.000000003380812075e+01,-1.653841266678051625e+02,1.492468923167392298e-09,-3.212249714513477897e-11,3.169753280645075111e-01,1.545102542640948551e-10
2.048950000321299740e+04,-3.141829339342290965e-08,-1.436262690623554477e+02,-4.860911303154347464e+06,-8.418452801552453820e+03,1.633838036060090893e-07,-6.878647600117494676e+02,1.224327938991187636e-04,-3.123468809704299105e-14,-9.760778087225782329e+00,9.000000003206396570e+01,-1.622510761418513425e+02,1.619691110425933082e-09,-4.329897861546489133e-11,3.097918172655517721e-01,1.585300755620233101e-10
2.049950000321503467e+04,-3.321024816023126112e-08,-1.405522400591187306e+02,-4.842081122479945421e+06,-8.282124125900249055e+03,1.487684650450714091e-07,-1.165858916764098240e+03,1.608281583727055875e-04,-2.355663439130867404e-14,-9.760734837683964216e+00,9.000000003028284823e+01,-1.591861264608529325e+02,1.746913297684473659e-09,-5.467243533457878356e-11,3.032857321752658875e-01,1.610488639357257585e-10
2.050950000321707194e+04,-3.486901423976137493e-08,-1.375397005466202813e+02,-4.823876560053944588e+06,-8.126615702985513963e+03,1.255124647786643999e-07,-1.634518706364602849e+03,1.421513064441271013e-04,-1.184728560191195042e-14,-9.760856284515694981e+00,9.000000002849370162e+01,-1.561826672749095621e+02,1.874135484943014236e-09,-6.621757815131811674e-11,2.975273265946202783e-01,1.621545541394422390e-10
2.051950000321910920e+04,-3.639903105640025179e-08,-1.345822023754042789e+02,-4.806375686059045605e+06,-7.952886056786985137e+03,1.199194514458782475e-07,-2.093116599052754282e+03,1.598628974317506390e-04,-3.117863771214708389e-15,-9.760866764825768982e+00,9.000000002651391640e+01,-1.532342502574595358e+02,2.001357672201554813e-09,-7.696397873831431878e-11,2.923412790521933702e-01,1.623872037657279838e-10
2.052950000322114647e+04,-3.780452855064442115e-08,-1.316735120552385752e+02,-4.789639818236423656e+06,-7.761854987475046073e+03,1.134959940252744349e-07,-2.540997661721083205e+03,1.538597811956421424e-04,6.812496235708107630e-15,-9.760807683152551206e+00,9.000000002448609848e+01,-1.503346421578460479e+02,2.128579859460095804e-09,-8.751381249987805922e-11,2.877274373412738173e-01,1.616152657365854204e-10
2.053950000322318374e+04,-3.908947861860318331e-08,-1.288076469969360573e+02,-4.773714581763369963e+06,-7.554403708760607515e+03,1.010146629315647308e-07,-2.977567391679441243e+03,1.424434348047398657e-04,1.467773449622729594e-14,-9.760807914218307957e+00,9.000000002245054986e+01,-1.474778598555341489e+02,2.255802046718636381e-09,-9.799074139166483433e-11,2.837322181953746414e-01,1.598359547702577049e-10
2.054950000322522101e+04,-4.025732254635208438e-08,-1.259788997521946641e+02,-4.758630929987344891e+06,-7.331376579307408065e+03,8.212658914351040615e-08,-3.402280608762742304e+03,1.717983258444633066e-04,2.361477229846736526e-14,-9.760821914535663169e+00,9.000000002041498703e+01,-1.446581962001149577e+02,2.383024233977176958e-09,-1.083588711980505637e-10,2.803013628940114188e-01,1.571029941849512926e-10
2.055950000322725828e+04,-4.131105086494329467e-08,-1.231818535163028514e+02,-4.744406112567620352e+06,-7.093583865025354498e+03,5.750199179213854332e-08,-3.814632162606339080e+03,1.868477766997500567e-04,3.246974097231035307e-14,-9.760831097389711886e+00,9.000000001837943842e+01,-1.418702343373265649e+02,2.510246421235717536e-09,-1.185567475326661785e-10,2.773946751395817700e-01,1.534777448959686027e-10
2.056950000322929554e+04,-4.225319198143892358e-08,-1.204113915480317019e+02,-4.731044584970323369e+06,-6.841805399357016540e+03,2.772952557588556604e-08,-4.214148830904542592e+03,1.090794562363939235e-04,4.117045712220861743e-14,-9.760931818851284802e+00,9.000000001634387559e+01,-1.391088573081933646e+02,2.637468608494258526e-09,-1.285302973374291551e-10,2.750363285392063983e-01,1.490113291660540741e-10
2.057950000323133281e+04,-4.308581379103630992e-08,-1.176627026253279524e+02,-4.718538858774015680e+06,-6.576794907857934959e+03,-6.677323486619986049e-09,-4.600382487233715437e+03,1.745234538725881634e-04,4.964407431653364628e-14,-9.760835310935895848e+00,9.000000001430832697e+01,-1.363692541550508395e+02,2.764690795752799104e-09,-1.382295119493003682e-10,2.730320612784870038e-01,1.437458221423523290e-10
2.058950000323337008e+04,-4.381053624778626575e-08,-1.149312841969938574e+02,-4.706870296274856664e+06,-6.299284628915944268e+03,-4.524628018672126329e-08,-4.972904745194976385e+03,1.838252965731257405e-04,5.783175993082162233e-14,-9.760904270312568798e+00,9.000000001227276414e+01,-1.336469218846744127e+02,2.891912983011339681e-09,-1.476050900360909668e-10,2.715561960767030047e-01,1.377164235196477082e-10
2.059950000323540735e+04,-4.442856655382701427e-08,-1.122129445045073908e+02,-4.696009855769887567e+06,-6.009990417493027962e+03,-5.751453318344742039e-08,-5.331302454816579484e+03,1.011954305960571787e-04,7.193504516860299809e-14,-9.760880847569698204e+00,9.000000001002159422e+01,-1.309376691955057765e+02,3.019135170269880258e-09,-1.559262089633660582e-10,2.704315436730440059e-01,1.317376218418138694e-10
2.060950000323744462e+04,-4.494066330029399861e-08,-1.095038046250908081e+02,-4.685918795909781940e+06,-5.709616695763661482e+03,-7.183659867032830295e-08,-5.675174733169566935e+03,6.874233903531035139e-05,7.936615899788863985e-14,-9.760936044567520398e+00,9.000000000776066145e+01,-1.282376165279571012e+02,3.146357357528420835e-09,-1.638757617809313251e-10,2.697234919767700911e-01,1.251389234697164485e-10
2.061950000323948188e+04,-4.534712456861523135e-08,-1.068003011160641194e+02,-4.676549348853642121e+06,-5.398861789006553408e+03,-8.519275903545899604e-08,-6.004130599229474683e+03,1.286897806735964878e-04,8.632464111002443325e-14,-9.760899884145226579e+00,9.000000000547065326e+01,-1.255432008418745085e+02,3.273579544786961826e-09,-1.713509916973380379e-10,2.693040747269726531e-01,1.180166238134607289e-10
2.062950000324151915e+04,-4.564793293136348563e-08,-1.040991897103953221e+02,-4.667845372769533657e+06,-5.078422839029246461e+03,-1.009659662630981095e-07,-6.317788034515497202e+03,2.023869377465459252e-04,9.279499880435011742e-14,-9.760868610276295598e+00,9.000000000318065929e+01,-1.228511776032601404e+02,3.400801732045502403e-09,-1.783774743287537171e-10,2.691956188136621075e-01,1.102935109063798457e-10
2.063950000324355642e+04,-4.584283121948249372e-08,-1.013975503145092318e+02,-4.659742994606238790e+06,-4.749000813586439108e+03,-1.193937976228177626e-07,-6.615773711941394140e+03,1.471241515771382069e-04,9.626498628272243140e-14,-9.760855300966351678e+00,9.000000000089065111e+01,-1.201586268678256317e+02,3.534664917478939060e-09,-1.848884576301869312e-10,2.693728014610942689e-01,1.019668817949395942e-10
2.064950000324559369e+04,-4.593136874252618865e-08,-9.869279338332675877e+01,-4.652171254066952504e+06,-4.411305072229181860e+03,-1.482356443480882794e-07,-6.897723818325598586e+03,1.981876424395068170e-04,1.074164081588522527e-13,-9.760755474058861125e+00,8.999999999856309785e+01,-1.174629589365453057e+02,3.789109291996020215e-09,-1.907279449172721092e-10,2.697430466692422035e-01,9.268982480563401207e-11
2.065950000324763096e+04,-4.591301313704350178e-08,-9.598266758780195573e+01,-4.645052759374549612e+06,-4.066057686131342507e+03,-1.612343786958737448e-07,-7.163285645091753395e+03,1.517951775871217990e-04,1.062803956206199350e-13,-9.760807156895765502e+00,8.999999999611345913e+01,-1.147619223234171955e+02,4.043553666513101369e-09,-1.956747613545181430e-10,2.704068666094870954e-01,8.346625479036760460e-11
2.066950000324966823e+04,-4.578704414765301563e-08,-9.326526854264913879e+01,-4.638304364732068032e+06,-3.713997318176077897e+03,-1.658888452695175236e-07,-7.412120007532966156e+03,1.467580437544135918e-04,1.118731687634845167e-13,-9.760873197094804610e+00,8.999999999357008562e+01,-1.120536127592706066e+02,4.329320143533235709e-09,-1.997875547300558688e-10,2.712514583689970560e-01,7.409396473719434805e-11
2.067950000325170549e+04,-4.555269593599885229e-08,-9.053904822411605835e+01,-4.631837878339094110e+06,-3.355882456904956143e+03,-1.832588567113732825e-07,-7.643904484048326594e+03,1.004513070106405337e-04,1.151654728158461685e-13,-9.760925307845454313e+00,8.999999999102564630e+01,-1.093364820330069733e+02,4.710986705308857441e-09,-2.031967145783355358e-10,2.722246958215098211e-01,6.393404850786045192e-11
2.068950000325374276e+04,-4.520934511698501620e-08,-8.780282457985633471e+01,-4.625560808409377001e+06,-2.992494161736676688e+03,-2.101400538397451367e-07,-7.858337258874726103e+03,1.518534916105096499e-04,1.216198103620849968e-13,-9.760826452159255595e+00,8.999999998844873517e+01,-1.066093482099592649e+02,5.198934682320264902e-09,-2.057904125320657308e-10,2.732119403646883771e-01,5.315659148843578950e-11
2.069950000325578003e+04,-4.475656336555497984e-08,-8.505579071710620553e+01,-4.619377152828727849e+06,-2.624637902099861094e+03,-2.229571230538077932e-07,-8.055141657872400174e+03,1.232259637542476582e-04,1.230859037490504101e-13,-9.761007983724189430e+00,8.999999998561158066e+01,-1.038714040779552761e+02,5.863416166371622807e-09,-2.072648602310960436e-10,2.744194770306865316e-01,4.257940523213081214e-11
2.070950000325781730e+04,-4.419404603088832695e-08,-8.229752295606952828e+01,-4.613188235892341472e+06,-2.253144821999921533e+03,-2.392195397956226160e-07,-8.234071085611671151e+03,1.848025792654528487e-04,1.194988081782605605e-13,-9.760789907373235152e+00,8.999999998251178113e+01,-1.011222263019375589e+02,6.838065342959302403e-09,-2.077347609220494635e-10,2.754236835548088402e-01,3.173252379964044740e-11
2.071950000325985457e+04,-4.352209363127601091e-08,-7.952798695835258513e+01,-4.606893592976618558e+06,-1.878871748307888538e+03,-2.549109157360301610e-07,-8.394914479117487645e+03,1.663529722228940244e-04,1.191875607047703069e-13,-9.760852116665242661e+00,8.999999997880361491e+01,-9.836178012404556625e+01,8.439741791669426218e-09,-2.071078631095385494e-10,2.765703557321935735e-01,2.083913817251866835e-11
2.072950000326189183e+04,-4.274107056724493620e-08,-7.674754109307566807e+01,-4.600391901079705916e+06,-1.502700582465792650e+03,-2.685656864605266750e-07,-8.537501880229950984e+03,1.341972526260892806e-04,1.180974490403386311e-13,-9.760909606807867789e+00,8.999999997355584469e+01,-9.559042390622214214e+01,1.159930481223528311e-08,-2.053425584016024448e-10,2.776588463396961748e-01,1.005630684314101290e-11
2.073950000326392910e+04,-4.185195579011647443e-08,-7.395693619346207015e+01,-4.593581949977269396e+06,-1.125536465166539301e+03,-2.814940443889898953e-07,-8.661710173474200928e+03,1.723043728566464594e-04,1.118271453701585449e-13,-9.760806557898069613e+00,8.999999996213261966e+01,-9.280890863822837389e+01,2.096781945976696063e-08,-2.024210723393004487e-10,2.785618833571966158e-01,-5.409116588310559580e-13
2.074950000326596637e+04,-4.085627434041031249e-08,-7.115731089193005232e+01,-4.586363645400823094e+06,-7.483048166824025884e+02,-2.946208383739788597e-07,-8.767468732633109539e+03,2.177572381039582713e-04,1.048231075930226427e-13,-9.760951947786459471e+00,8.999999719421923317e+01,-9.001837265746269168e+01,2.786869617768642755e-06,-1.984643269600136262e-10,2.794726713120775363e-01,-1.084623902228341394e-11
2.075950000326800364e+04,-3.975616793051192773e-08,-6.835018180772352991e+01,-4.578639032307764515e+06,-3.719475442367336768e+02,-3.050363795204725012e-07,-8.854764754158808501e+03,1.718878859829908734e-04,1.012937236304954584e-13,-9.761004440666775750e+00,8.999999999581118004e+01,-8.722033273119222940e+01,-1.669508774512632358e-08,-1.930936958446904196e-10,2.801608834738567588e-01,-2.066968998456474853e-11
2.076950000327004091e+04,-3.855450924238554773e-08,-6.553742800109849043e+01,-4.570313323157921433e+06,2.582022658347113975e+00,-3.158114847178824492e-07,-8.923648155197661254e+03,1.222960948354945288e-04,9.287697139017469357e-14,-9.760932357529302550e+00,8.999999998434536508e+01,-8.441666779756975814e+01,-7.142482592631538312e-09,-1.867328352934695928e-10,2.805733654477711725e-01,-2.994516338954167476e-11
2.077950000327207817e+04,-3.725487295094717816e-08,-6.272126930126222533e+01,-4.561295913353499956e+06,3.743250094116411901e+02,-3.254952765241021251e-07,-8.974235777509229592e+03,1.400709270971134401e-04,9.255752165237133026e-14,-9.761067572660468983e+00,8.999999997930288487e+01,-8.160959751372115534e+01,-3.954472690994671124e-09,-1.793086836693580880e-10,2.808652696597144227e-01,-3.850935993741592542e-11
2.078950000327411544e+04,-3.586159870960422525e-08,-5.990423835608029890e+01,-4.551501363851102069e+06,7.423236561219359828e+02,-3.368607666711710001e-07,-9.006714745324530668e+03,1.968498106839078332e-04,8.318436764770060264e-14,-9.760908153019940414e+00,8.999999997592568945e+01,-7.880165490286371721e+01,-2.346231577422006918e-09,-1.708887193252731187e-10,2.807227896517604515e-01,-4.632779894438469810e-11
2.079950000327615271e+04,-3.437970095487521454e-08,-5.708914652921468047e+01,-4.540850329626472667e+06,1.105629021941967721e+03,-3.438765695578430622e-07,-9.021344777783329846e+03,1.679384712534037760e-04,7.792314615771004328e-14,-9.761088101120041216e+00,8.999999997323479306e+01,-7.599565060538294858e+01,-1.376340510637796394e-09,-1.616002465771253766e-10,2.804789340219494553e-01,-5.310177803290219615e-11
2.080950000327818998e+04,-3.281488177694734163e-08,-5.427904406898493761e+01,-4.529270412331884727e+06,1.463308559108766531e+03,-3.512765663893665835e-07,-9.018459364963830012e+03,1.953432304291347066e-04,6.622967473252503566e-14,-9.761102302034148082e+00,8.999999997094631965e+01,-7.319463546173869872e+01,-7.202302465080504067e-10,-1.515448313881684397e-10,2.798260418366946833e-01,-5.888575113892022694e-11
2.081950000328022725e+04,-3.117353889828931639e-08,-5.147717527315391806e+01,-4.516696916248373687e+06,1.814454661867353479e+03,-3.560077115514564373e-07,-8.998465629256712418e+03,2.429352433774845110e-04,6.282746767980519289e-14,-9.760876795520724514e+00,8.999999996891361320e+01,-7.040185372571876599e+01,-2.467855988441171745e-10,-1.408824276584797578e-10,2.787052457281614659e-01,-6.351286188749162997e-11
2.082950000328226452e+04,-2.946260249608345981e-08,-4.868692965279730345e+01,-4.503073488537374884e+06,2.158192964645236771e+03,-3.625722948892543701e-07,-8.961842850286484463e+03,1.719306564513800595e-04,5.351896719403930874e-14,-9.761040807894660887e+00,8.999999996708253036e+01,-6.762069422166182164e+01,1.314968527504276385e-10,-1.297547940335097128e-10,2.774608251234317868e-01,-6.707197479535705800e-11
2.083950000328430178e+04,-2.768962539097521946e-08,-4.591179033371690110e+01,-4.488352627787810750e+06,2.493690138385494265e+03,-3.694868712866195781e-07,-8.909139731009401658e+03,1.348169012214128770e-04,4.035803945448331331e-14,-9.760969734501127704e+00,8.999999996547759906e+01,-6.485464072084988629e+01,3.859412272675089997e-10,-1.182075979234344251e-10,2.757324460994723947e-01,-6.945704572854186292e-11
2.084950000328633905e+04,-2.586254311578712876e-08,-4.315528110617689350e+01,-4.472496048791378736e+06,2.820161899444078699e+03,-3.721951409836960060e-07,-8.840970237456238465e+03,1.834368110440465216e-04,3.557983658002858768e-14,-9.761050675770164275e+00,8.999999996395092694e+01,-6.210721682607248084e+01,6.403856017845903092e-10,-1.066645843067174529e-10,2.737378581748933226e-01,-7.059264976280322266e-11
2.085950000328837632e+04,-2.398950061365182328e-08,-4.042091362740837468e+01,-4.455474896135422401e+06,3.136879835157432353e+03,-3.671999843923944722e-07,-8.758008334855976500e+03,1.507780084963883382e-04,3.001214951007099991e-14,-9.760918537099254166e+00,8.999999996255617418e+01,-5.938193432197094523e+01,8.169699976994447867e-10,-9.516388824682904647e-11,2.712741640178374380e-01,-7.036397444135182837e-11
2.086950000329041359e+04,-2.207895495373120999e-08,-3.771213628840062171e+01,-4.437269804291026667e+06,3.443177662904695353e+03,-3.590737089131431303e-07,-8.660981586830894230e+03,1.006156500951149724e-04,1.729867382298255215e-14,-9.761149154553717011e+00,8.999999996130135571e+01,-5.668224124765657734e+01,9.441921849579853639e-10,-8.383990310730261258e-11,2.686761534538111285e-01,-6.895566213920255808e-11
2.087950000329245086e+04,-2.013943873797958598e-08,-3.503228617603888040e+01,-4.417870807062732056e+06,3.738456119900577960e+03,-3.715223498530174784e-07,-8.550663986067247606e+03,1.876517421575130129e-04,1.416822284695217671e-14,-9.760934086101585194e+00,8.999999996028357430e+01,-5.401147525200669719e+01,1.071414372216526148e-09,-7.253599299444205341e-11,2.654995019509884813e-01,-6.705543651279957114e-11
2.088950000329448812e+04,-1.817930354048820399e-08,-3.238454540150559779e+01,-4.397277104229732417e+06,4.022187201471360822e+03,-3.665052020505535502e-07,-8.427867926401153454e+03,1.470350893182370555e-04,1.348644900010317340e-14,-9.761044009742491312e+00,8.999999995926579288e+01,-5.137281796606598050e+01,1.198636559475066725e-09,-6.201752704128573152e-11,2.621980106861852566e-01,-6.381497247842707316e-11
2.089950000329652539e+04,-1.620663703876938710e-08,-2.977190284011942367e+01,-4.375496697638235055e+06,4.293916600582037972e+03,-3.624331501919846647e-07,-8.293435946779882215e+03,5.616590220469674932e-05,5.041980925398534668e-15,-9.761074706779623966e+00,8.999999995835946720e+01,-4.876925854777289970e+01,1.325858746733607509e-09,-5.208433552500197468e-11,2.585638359034665434e-01,-5.979663058553846898e-11
2.090950000329856266e+04,-1.422943669555797705e-08,-2.719712205600664490e+01,-4.352545912657347508e+06,4.553265286299747459e+03,-3.636621982127574126e-07,-8.148232109581685108e+03,1.783746393506646655e-04,2.253269929301447538e-15,-9.760932191287462700e+00,8.999999995759873173e+01,-4.620356076062477513e+01,1.453080933992148086e-09,-4.273366442894749533e-11,2.545676518711456615e-01,-5.520262359797675152e-11
2.091950000330059993e+04,-1.225531048196953980e-08,-2.466271588925830471e+01,-4.328448823610631749e+06,4.799929783976343970e+03,-3.752650283468534948e-07,-7.993133399308891967e+03,1.609291097777187929e-04,-4.533389447953916670e-15,-9.760925988642057405e+00,8.999999995701081446e+01,-4.367823707941087719e+01,1.580303121250688870e-09,-3.391643965447929512e-11,2.504107740500929880e-01,-5.023486398864315972e-11
2.092950000330263720e+04,-1.029141465758334201e-08,-2.217092788605646092e+01,-4.303236603461418301e+06,5.033681024742895715e+03,-3.826044383037004902e-07,-7.829021492672428394e+03,1.484351083052004583e-04,-4.573765144312242126e-15,-9.760859696943427366e+00,8.999999995650192375e+01,-4.119553147131962589e+01,1.707525308509229447e-09,-2.596951689930878480e-11,2.460096062561892560e-01,-4.470977896625367571e-11
2.093950000330467446e+04,-8.344369413767971742e-09,-1.972372047358111402e+01,-4.276946818657874130e+06,5.254362541477773448e+03,-3.654689040167334512e-07,-7.656774705506999453e+03,1.096557891253624462e-04,3.746664811809011831e-16,-9.761092003016118568e+00,8.999999995600585123e+01,-3.875740595234384500e+01,1.754419406732727658e-09,-1.913241966336497564e-11,2.415956715207316363e-01,-3.825169897537324555e-11
2.094950000330671173e+04,-6.420114132152336428e-09,-1.732276953779995665e+01,-4.249622689710987732e+06,5.461887228475716256e+03,-3.519851447399809839e-07,-7.477260801159383846e+03,7.975644980628970870e-05,-3.870800851891138961e-15,-9.760896216854931140e+00,8.999999995566516020e+01,-3.636553711382835274e+01,1.754419406732727658e-09,-1.292341129996832369e-11,2.367862443592937405e-01,-3.155618223789395670e-11
2.095950000330874900e+04,-4.524065392732103955e-09,-1.496946486469548354e+01,-4.221312336918755434e+06,5.656233887664120630e+03,-3.415705642456546840e-07,-7.291330110043798413e+03,1.323899049667787153e-04,-6.107393812873573495e-15,-9.760728777826223279e+00,8.999999995543865339e+01,-3.402131420619858915e+01,1.754419406732727658e-09,-7.478738972359592140e-12,2.318681192448858730e-01,-2.479973676901281994e-11
2.096950000331078627e+04,-2.662303774891424441e-09,-1.266491576007994802e+01,-4.192068028836220037e+06,5.837442572107430351e+03,-3.456761271844054670e-07,-7.099809791254299853e+03,6.040648973026918611e-05,-4.425904524340967818e-15,-9.761010897725904911e+00,8.999999995543865339e+01,-3.172584658895531717e+01,1.754419406732727658e-09,-2.516495668288317456e-12,2.271073513752584483e-01,-1.823803282123168583e-11
2.097950000331282354e+04,-8.397903365040882492e-10,-1.040996107084275124e+01,-4.161945448813670315e+06,6.005609740355489521e+03,-3.376959943501689657e-07,-6.903498734633454660e+03,8.868569252307167972e-05,-2.511627159585902327e-15,-9.760958057288021905e+00,8.999999995543865339e+01,-2.947997346330325286e+01,1.754419406732727658e-09,1.396407931389631078e-12,2.220861796066613270e-01,-1.157215618672929512e-11
2.098950000331486081e+04,9.400223556695525297e-10,-8.205182788181108577e+00,-4.131002992373874411e+06,6.160883107468999697e+03,-3.187416895695874574e-07,-6.703163272441553090e+03,6.195573563960721231e-05,-4.531977961742509633e-16,-9.760886288468739735e+00,8.999999995543865339e+01,-2.728427694695381689e+01,1.754419406732727658e-09,4.321728219777510575e-12,2.170084115096808097e-01,-4.931845731703773990e-12
2.099950000331689807e+04,2.674282316840596045e-09,-6.050922414769475566e+00,-4.099301105551046319e+06,6.303456282041377563e+03,-2.899177800782268131e-07,-6.499533735515098670e+03,3.005635016917196367e-05,1.670345091164238900e-15,-9.760874241138855822e+00,8.999999995543865339e+01,-2.513909809754950331e+01,1.754419406732727658e-09,6.332806028544733962e-12,2.119417167601976015e-01,1.571936849152656318e-12
2.100950000331893534e+04,4.361672198420785830e-09,-3.947299314842527274e+00,-4.066901671708837617e+06,6.433563135947484625e+03,-2.607311009286206953e-07,-6.293302017599289684e+03,1.135045804097067901e-04,2.896264752924324123e-15,-9.760840545021046921e+00,8.999999995543875286e+01,-2.304455681873547590e+01,1.754419406732727658e-09,7.707948318486431628e-12,2.068612633421749725e-01,7.766939631167735930e-12
2.101950000332097261e+04,6.001574516756347982e-09,-1.894230329924599943e+00,-4.033867451918614097e+06,6.551472651723795025e+03,-2.564018438284736165e-07,-6.085119502231243132e+03,7.652205247721255432e-05,1.722553048200113461e-15,-9.760888360219883708e+00,8.999999995566942346e+01,-2.100056937781335975e+01,1.754419406732727658e-09,9.097043612702110197e-12,2.018446887347472851e-01,1.339079183233808802e-11
2.102950000332300988e+04,7.592349723734169297e-09,1.085499753692151376e-01,-4.000261581784927752e+06,6.657483431581426885e+03,-2.475106830737169202e-07,-5.875596156907390650e+03,3.430097712531221532e-05,3.875418681287221821e-15,-9.760996002455437193e+00,8.999999995592386881e+01,-1.900687095079008415e+01,1.754419406732727658e-09,9.875099433760269070e-12,1.968969178585008861e-01,1.871792832240672722e-11
2.103950000332504715e+04,9.133005150315078664e-09,2.061468981386755495e+00,-3.966147125709065702e+06,6.751918915912872762e+03,-2.331949974684919978e-07,-5.665299763241206165e+03,3.878244158750376869e-05,5.933707662765592862e-15,-9.761058255793543026e+00,8.999999995618951232e+01,-1.706303386189079419e+01,1.754419406732727658e-09,1.008044772497813931e-11,1.919735639050821341e-01,2.371999707971938753e-11
2.104950000332708441e+04,1.062292890562906736e-08,3.965096044405714171e+00,-3.931586688002816867e+06,6.835122501888605257e+03,-2.170024108863209077e-07,-5.454756092841292229e+03,1.494608693168864022e-04,5.591751521118887095e-15,-9.760726118627214731e+00,8.999999995648583706e+01,-1.516848906227513538e+01,1.754419406732727658e-09,9.852989082129574183e-12,1.868902559434620358e-01,2.834751166928962650e-11
2.105950000332912168e+04,1.206188727878904221e-08,5.820123246857551003e+00,-3.896642079008028843e+06,6.907453289715366736e+03,-2.249120923483687019e-07,-5.244449215502918378e+03,5.046536566943871094e-05,7.573118860525668205e-15,-9.760998994904646509e+00,8.999999995699472777e+01,-1.332254394858319735e+01,1.754419406732727658e-09,9.845240938743917979e-12,1.822241467980055540e-01,3.244912742846849555e-11
2.106950000333115895e+04,1.344995295934996861e-08,7.627347136483000334e+00,-3.861374033420230262e+06,6.969281875672634669e+03,-2.274332053608885498e-07,-5.034822568812424834e+03,8.829867534521085304e-05,9.430995663631314105e-15,-9.761011328403903065e+00,8.999999995750361848e+01,-1.152440236083183933e+01,1.754419406732727658e-09,9.424144712526074933e-12,1.774947726038183238e-01,3.622036276410115766e-11
2.107950000333319622e+04,1.478743883175484126e-08,9.387651646087606494e+00,-3.825841977335385047e+06,7.020986784565326161e+03,-2.252255716873012609e-07,-4.826280022200947315e+03,6.826892544786744565e-05,1.152085073016705008e-14,-9.760880373706889657e+00,8.999999995801250918e+01,-9.773180597384687474e+00,1.754419406732727658e-09,8.653336162857419742e-12,1.727764438533591906e-01,3.965039863670740384e-11
2.108950000333523349e+04,1.607490249415678990e-08,1.110199231762098648e+01,-3.790103840097763576e+06,7.062951205474785638e+03,-2.190373216867192078e-07,-4.619187256338102998e+03,5.449151377168170995e-05,1.273098169318912299e-14,-9.760998098569830361e+00,8.999999995852139989e+01,-8.067922680081656139e+00,1.754419406732727658e-09,7.594647604614849507e-12,1.682974936988214931e-01,4.273549613642571291e-11
2.109950000333727075e+04,1.731309235285354124e-08,1.277138189700326265e+01,-3.754215906789537519e+06,7.095559947027844828e+03,-2.093634315353893247e-07,-4.413873551070528265e+03,4.327231828149535886e-05,1.416263685213776562e-14,-9.760931859163362034e+00,8.999999995903027639e+01,-6.407616009668425150e+00,1.754419406732727658e-09,6.300451832296599080e-12,1.638180279281705454e-01,4.547885657807672170e-11
2.110950000333930802e+04,1.850291697832870208e-08,1.439687731926257186e+01,-3.718232707129162736e+06,7.119196909047932422e+03,-1.968450808193665342e-07,-4.210633489734877003e+03,7.347293264081677933e-05,1.544836767658610369e-14,-9.760880053309289650e+00,8.999999995953916709e+01,-4.791203756531881908e+00,1.754419406732727658e-09,4.822062388762465344e-12,1.594541870087503033e-01,4.788804809821548366e-11
2.111950000334134529e+04,1.964542655492271167e-08,1.597956806647541583e+01,-3.682206936602540780e+06,7.134242841045637761e+03,-1.819066264474097995e-07,-4.009728818471329760e+03,1.600765620568544989e-05,1.659229251940924337e-14,-9.760859389230040151e+00,8.999999996004805780e+01,-3.217596391721454285e+00,1.754419406732727658e-09,3.201860064583459437e-12,1.552181495508573317e-01,4.997498773726779853e-11
2.112950000334338256e+04,2.074176335022950412e-08,1.752056585279621004e+01,-3.646189405804215465e+06,7.141073397633517743e+03,-1.650218517557541845e-07,-3.811390391006365462e+03,2.868669052413785892e-06,1.759974482607826855e-14,-9.760977459537938827e+00,8.999999996055694851e+01,-1.685682146345434118e+00,1.754419406732727658e-09,1.479240156928781417e-12,1.511725832971371197e-01,5.175423411966724702e-11
2.113950000334541983e+04,2.179316635523831107e-08,1.902099557032222776e+01,-3.610229014189099427e+06,7.140057493008685015e+03,-1.465866516069811288e-07,-3.615820120676391525e+03,5.819265193519190804e-05,1.847795272117760202e-14,-9.760811168277896854e+00,8.999999996106583922e+01,-1.943361036840302591e-01,1.754419406732727658e-09,-3.119904368768341318e-13,1.470788592066596401e-01,5.324253928302421560e-11
2.114950000334745710e+04,2.280092090465315540e-08,2.048198741564448966e+01,-3.574372744704966899e+06,7.131555917480996868e+03,-1.269102138756204892e-07,-3.423192944285889098e+03,7.535914411155308912e-05,1.918800133908918904e-14,-9.760754904136906163e+00,8.999999996157472992e+01,1.257571725648243932e+00,1.754419406732727658e-09,-2.143469132336820063e-12,1.431604379358887846e-01,5.445796777145489046e-11
2.115950000334949436e+04,2.376636588559199442e-08,2.190467010832169592e+01,-3.538665676070386544e+06,7.115920253786483045e+03,-1.063727572364161874e-07,-3.233658634800751770e+03,1.600612537844270378e-05,1.988173782493688630e-14,-9.760918546138785956e+00,8.999999996208362063e+01,2.671170397339070135e+00,1.754419406732727658e-09,-3.988862767918001113e-12,1.394790777461679676e-01,5.541941843083814105e-11
2.116950000335153163e+04,2.469086086204055881e-08,2.329016510833976739e+01,-3.503151009771479294e+06,7.093491894902655986e+03,-8.560398016103013209e-08,-3.047343803187247431e+03,3.347447494861377493e-05,2.042569798146007676e-14,-9.760862407655713113e+00,8.999999996259637669e+01,4.047581082855286283e+00,1.754419406732727658e-09,-5.819642652541694534e-12,1.357848679773939471e-01,5.614664534729057496e-11
2.117950000335356890e+04,2.557575508993102476e-08,2.463958173879171554e+01,-3.467870109157278668e+06,7.064601391309218343e+03,-7.541680003332753905e-08,-2.864353563940201184e+03,6.765471366876329995e-05,2.171234862201247857e-14,-9.760935428573914052e+00,8.999999996320367757e+01,5.387913247756648261e+00,1.754419406732727658e-09,-7.404831851070033167e-12,1.322739346099465751e-01,5.667939201635263332e-11
2.118950000335560617e+04,2.642241283320801854e-08,2.595401312174707087e+01,-3.432862548312123399e+06,7.029567867090274376e+03,-6.472282665606097248e-08,-2.684773340914016899e+03,3.047962311319984963e-05,2.129179746918238338e-14,-9.760860213788854267e+00,8.999999996381087897e+01,6.693259894668050158e+00,1.754419406732727658e-09,-8.963817597835275501e-12,1.287874328998649953e-01,5.702421960168229807e-11
2.119950000335764344e+04,2.723221001530492189e-08,2.723453283888524012e+01,-3.398166168667254969e+06,6.988698657909168105e+03,-5.372452542324583050e-08,-2.508670443605884429e+03,3.735082706635139971e-05,2.251453866979319405e-14,-9.760923757793259270e+00,8.999999996441813721e+01,7.964694744559707829e+00,1.754419406732727658e-09,-1.048453647976872658e-11,1.254857496073880085e-01,5.719816323709139878e-11
2.120950000335968070e+04,2.800650846308475675e-08,2.848219223334936601e+01,-3.363817141578061506e+06,6.942289026225733323e+03,-4.258089570319614393e-08,-2.336095678221819071e+03,5.532184791490202258e-05,2.187132928733259433e-14,-9.760867839047540073e+00,8.999999996502539545e+01,9.203269063471008593e+00,1.754419406732727658e-09,-1.195685473936962266e-11,1.222203541825016143e-01,5.721766476998113081e-11
2.121950000336171797e+04,2.874664938559873260e-08,2.969801827497119007e+01,-3.329850035338549875e+06,6.890622039340862102e+03,-3.142406956299549928e-08,-2.167084756704362462e+03,3.498864225415232454e-05,2.207232656265752576e-14,-9.760921833498949596e+00,8.999999996563261107e+01,1.041000998823556323e+01,1.754419406732727658e-09,-1.337343872356556712e-11,1.191185830754708519e-01,5.709828414514894285e-11
2.122950000336375524e+04,2.945394810130908469e-08,3.088301191718420924e+01,-3.296297885324414354e+06,6.833968497281319287e+03,-2.038855849025002677e-08,-2.001659744638877555e+03,-1.279305269186181704e-05,2.396429905164498985e-14,-9.760966258952356256e+00,8.999999996623991194e+01,1.158591826836338079e+01,1.754419406732727658e-09,-1.472809077722278389e-11,1.161101237178658874e-01,5.685482390048141154e-11
2.123950000336579251e+04,3.012968987812409487e-08,3.203814688021340373e+01,-3.263192266156838741e+06,6.772586995724349435e+03,-9.555357447218725120e-09,-1.839830269312943301e+03,6.041127872835616586e-05,2.232925092659328085e-14,-9.760929702725448465e+00,8.999999996684711334e+01,1.273196769403152295e+01,1.754419406732727658e-09,-1.601651417836869463e-11,1.131517762962119950e-01,5.650112225383543492e-11
2.124950000336782978e+04,3.077512670177977667e-08,3.316436880145455746e+01,-3.230563364956352860e+06,6.706724019985339510e+03,9.770121586252628651e-10,-1.681594754405225785e+03,4.590443615004602407e-06,2.395362099061092656e-14,-9.760909630492232480e+00,8.999999996745437159e+01,1.384910393181068677e+01,1.754419406732727658e-09,-1.723581289562137749e-11,1.102958816978768519e-01,5.605006168550125228e-11
2.125950000336986704e+04,3.139147487100085477e-08,3.426259469996116991e+01,-3.198440054913320579e+06,6.636614115029022287e+03,1.114121364563925576e-08,-1.526941514086697225e+03,4.765528197525625842e-05,2.243165913957359848e-14,-9.761047582045407012e+00,8.999999996806162983e+01,1.493824413921363181e+01,1.754419406732727658e-09,-1.838382475655098755e-11,1.076196960340283504e-01,5.551368440022297517e-11
2.126950000337190431e+04,3.197991326610262122e-08,3.533371270780931184e+01,-3.166849968538444955e+06,6.562480081319667988e+03,2.088636116769569389e-08,-1.375849854337786837e+03,5.795414941189847013e-05,2.243701224144097603e-14,-9.760927337189041708e+00,8.999999996866884544e+01,1.600027605980770318e+01,1.754419406732727658e-09,-1.945995691888767170e-11,1.048846810862218287e-01,5.490295561533561759e-11
2.127950000337394158e+04,3.254159727207278789e-08,3.637858202639826999e+01,-3.135819570079000667e+06,6.484533259475956584e+03,3.942095837961104947e-08,-1.228290887109530331e+03,2.163433391677571649e-05,2.238174961553908520e-14,-9.760852406708043105e+00,8.999999996918353418e+01,1.703605916522001706e+01,1.754419406732727658e-09,-2.062677646268953166e-11,1.022597827472428583e-01,5.417819573113500339e-11
2.128950000337597885e+04,3.307763639520422852e-08,3.739803307084734030e+01,-3.105374226687591057e+06,6.402973790026105235e+03,5.783546883821510104e-08,-1.084228489399172759e+03,4.846527231139319269e-05,2.230147953543943629e-14,-9.760861325966461166e+00,8.999999996969241067e+01,1.804642407052852349e+01,1.754419406732727658e-09,-2.172409741704844487e-11,9.976395332732065913e-02,5.339159628524507202e-11
2.129950000337801612e+04,3.358908123354402999e-08,3.839286777012512886e+01,-3.075538278021846432e+06,6.317990912290114466e+03,7.543389495824062915e-08,-9.436201522256021690e+02,3.974106045667724629e-05,2.220247549845009209e-14,-9.760796097543568806e+00,8.999999997020130138e+01,1.903217240880422523e+01,1.754419406732727658e-09,-2.274143689733342447e-11,9.730491329586223037e-02,5.255559013512406738e-11
2.130950000338005339e+04,3.407694523808715121e-08,3.936385999475043462e+01,-3.046335104028666392e+06,6.229763305530908838e+03,9.227717163009197850e-08,-8.064176317031653980e+02,-1.570335155509638980e-05,2.208785676802280192e-14,-9.760776135756103145e+00,8.999999997071019209e+01,1.999407801732353462e+01,1.754419406732727658e-09,-2.368195511944933961e-11,9.494748932554625265e-02,5.167790054486105731e-11
2.131950000338209065e+04,3.454219611561049678e-08,4.031175608759724582e+01,-3.017787190732341260e+06,6.138459421909664343e+03,1.083161102271182171e-07,-6.725676122609993399e+02,1.017958371196669987e-04,2.196000136604762387e-14,-9.760878686411860627e+00,8.999999997121908279e+01,2.093288757729094129e+01,1.754419406732727658e-09,-2.454718696891137636e-11,9.273269252329195689e-02,5.076611869261470029e-11
2.132950000338412792e+04,3.498577115934911499e-08,4.123727547668089954e+01,-2.989916193899790291e+06,6.044237813984750574e+03,1.235668741891841505e-07,-5.420124374879974312e+02,3.830498933776738113e-05,2.182201337002593534e-14,-9.760794193193483181e+00,8.999999997172797350e+01,2.184932012626949316e+01,1.754419406732727658e-09,-2.533991590621216173e-11,9.048260723713306974e-02,4.982678331164827191e-11
2.133950000338616519e+04,3.540856052469665194e-08,4.214111135177951439e+01,-2.962743000503254589e+06,5.947247503216645782e+03,1.380460709415791684e-07,-4.146904914256951997e+02,2.673403825248499288e-05,2.083793458314119889e-14,-9.760913073497462733e+00,8.999999997223686421e+01,2.274406941292927087e+01,1.754419406732727658e-09,-2.606300274210812977e-11,8.841568266573476831e-02,4.886577125686755234e-11
2.134950000338820246e+04,3.581142555482433705e-08,4.302393138935143924e+01,-2.936287787938451394e+06,5.847628305591478238e+03,1.517219218520587295e-07,-2.905369239447054497e+02,-1.232953949337201038e-05,2.065518810483955656e-14,-9.761022300471555724e+00,8.999999997274575492e+01,2.361780252698569171e+01,1.754419406732727658e-09,-2.671867923796727280e-11,8.640879933803803647e-02,4.788867476633385862e-11
2.135950000339023973e+04,3.619518572924757335e-08,4.388637851253530187e+01,-2.910570080988030881e+06,5.745511194575917216e+03,1.646718346785265558e-07,-1.694839265484561110e+02,-6.445420300416060400e-05,2.136573134149887668e-14,-9.760818349446861220e+00,8.999999997325464562e+01,2.447116242316037571e+01,1.754419406732727658e-09,-2.731086116092706727e-11,8.428767978089023172e-02,4.689981904989121105e-11
2.136950000339227699e+04,3.656062800671335764e-08,4.472907167503634440e+01,-2.885608806546278764e+06,5.641018635481814272e+03,1.768331312820369886e-07,-5.146117061676523008e+01,1.759565395698103885e-05,2.120476820611226504e-14,-9.760846833430829150e+00,8.999999997376352212e+01,2.530476852429968204e+01,1.754419406732727658e-09,-2.784126964817070176e-11,8.235886827022895207e-02,4.590399653684186949e-11
2.137950000339431426e+04,3.690850677414981650e-08,4.555260665947158571e+01,-2.861422346142082009e+06,5.534264916373724191e+03,1.882911505342167347e-07,6.360369036767451689e+01,2.536114630702357431e-05,2.104185215701151617e-14,-9.760910929213729048e+00,8.999999997427241283e+01,2.611921621631436707e+01,1.754419406732727658e-09,-2.831391342782849566e-11,8.050865543771865140e-02,4.490449302044502612e-11
2.138950000339635153e+04,3.723953940232158168e-08,4.635755688234122118e+01,-2.838028586314690765e+06,5.425356479324208522e+03,1.990177211873370952e-07,1.757848368412182936e+02,1.462163727690146686e-04,2.087731613594414631e-14,-9.760829669408348508e+00,8.999999997478130354e+01,2.691507921136273040e+01,1.754419406732727658e-09,-2.873102051685988441e-11,7.863239057415043198e-02,4.390497220565878713e-11
2.139950000339838880e+04,3.755441857761777417e-08,4.714447419900759684e+01,-2.815444966908818111e+06,5.314392237551685866e+03,2.090565164127384642e-07,2.851578583314594653e+02,5.485185665676794997e-06,2.071375846274627354e-14,-9.760964783486445029e+00,8.999999997529019424e+01,2.769290907554205106e+01,1.754419406732727658e-09,-2.909583435031308071e-11,7.693275117471695679e-02,4.290820803801732096e-11
2.140950000340042607e+04,3.785379919190868951e-08,4.791388970334254083e+01,-2.793688527367966715e+06,5.201463881384782326e+03,2.184313448202512836e-07,3.917995798576896505e+02,-7.707633513387435187e-05,2.055021106757770448e-14,-9.760935222248978249e+00,8.999999997579908495e+01,2.845323704824599886e+01,1.754419406732727658e-09,-2.941122004724677779e-11,7.519196975749091461e-02,4.191675229851572618e-11
2.141950000340246334e+04,3.813831455479672173e-08,4.866631451766681948e+01,-2.772775951111705508e+06,5.086656176042477455e+03,2.271372930946942684e-07,4.957877689958575047e+02,7.127610473567358440e-05,1.932994506546662795e-14,-9.760863762711991853e+00,8.999999997630797566e+01,2.919657427928474291e+01,1.754419406732727658e-09,-2.967954432541583501e-11,7.347759960342921393e-02,4.093308036278203800e-11
2.142950000340450060e+04,3.840856461665616195e-08,4.940224056941103470e+01,-2.752723608088667504e+06,4.970047246463899683e+03,2.352480010821941385e-07,5.972009275017974232e+02,3.225895009340007391e-05,2.022659657090849479e-14,-9.760973114311333632e+00,8.999999997681686636e+01,2.992341265235619474e+01,1.754419406732727658e-09,-2.990424994595104208e-11,7.191384619452570459e-02,3.995872526178679644e-11
2.143950000340653787e+04,3.866512577364185623e-08,5.012214135172862939e+01,-2.733547595601419453e+06,4.851708849999037739e+03,2.427245495523790136e-07,6.961181241525971473e+02,1.266454752091306091e-05,2.006814160771558034e-14,-9.761027563427040477e+00,8.999999997732574286e+01,3.063422579612285190e+01,1.754419406732727658e-09,-3.008702017089655011e-11,7.036545433843738317e-02,3.899589804428885743e-11
2.144950000340857514e+04,3.890854904380519531e-08,5.082647266586010204e+01,-2.715263777502767276e+06,4.731706643224030813e+03,2.496511618211028781e-07,7.926187772294745173e+02,7.893229649447164320e-06,1.991135914783485798e-14,-9.760778530797621144e+00,8.999999997783463357e+01,3.132946921031837562e+01,1.754419406732727658e-09,-3.023120932748129748e-11,6.868995751157612462e-02,3.804555686130304129e-11
2.145950000341061241e+04,3.913935814548357876e-08,5.151567334361928374e+01,-2.697887821862533689e+06,4.610100417975915661e+03,2.560074049822772492e-07,8.867826004555884083e+02,-6.998759762133488493e-05,1.975859398445814953e-14,-9.760997598510385842e+00,8.999999997834352428e+01,3.200958208455694631e+01,1.754419406732727658e-09,-3.033861709889298210e-11,6.732252786943378198e-02,3.710929497683277308e-11
2.146950000341264968e+04,3.935805879132405295e-08,5.219016594879555981e+01,-2.681435237208031584e+06,4.486944355165712295e+03,2.618424238077470518e-07,9.786893708753323153e+02,2.361266227701719345e-05,1.960766043118859045e-14,-9.760906917352306422e+00,8.999999997885241498e+01,3.267498670185150189e+01,1.754419406732727658e-09,-3.041189541243950744e-11,6.582119189109943147e-02,3.618794954217556979e-11
2.147950000341468694e+04,3.956512819614923776e-08,5.285035745666750984e+01,-2.665921407438189723e+06,4.362287232058989503e+03,2.671778589388804352e-07,1.068418909568549452e+03,2.354806337212522749e-05,1.946029699078697873e-14,-9.760906547201784633e+00,8.999999997936130569e+01,3.332609022163946833e+01,1.754419406732727658e-09,-3.045321799244837599e-11,6.441091859476846815e-02,3.528240135043866257e-11
2.148950000341672421e+04,3.976102880774275173e-08,5.349663991112375072e+01,-2.651361625512033235e+06,4.236172648834422034e+03,2.720210383435300704e-07,1.156050924944892358e+03,8.971579005745411450e-05,1.810510054662280895e-14,-9.760806205808997049e+00,8.999999997987019640e+01,3.396328451184530195e+01,1.754419406732727658e-09,-3.046447017399711807e-11,6.298251862285728087e-02,3.439351482369689901e-11
2.149950000341876148e+04,3.994619736955557045e-08,5.412939105916115068e+01,-2.637771126012100838e+06,4.108639212101128578e+03,2.764315156036327202e-07,1.241664992350752300e+03,-5.108136605702640054e-05,1.917575137678507448e-14,-9.760941230056412010e+00,8.999999998037908711e+01,3.458694754146431904e+01,1.754419406732727658e-09,-3.044816407204446076e-11,6.172444476504895805e-02,3.352152191702517416e-11
2.150950000342079875e+04,4.012105497474524290e-08,5.474897496276033593e+01,-2.625165116679776926e+06,3.979720738571478250e+03,2.803837787367763824e-07,1.325340435557924820e+03,5.057035846256496825e-05,1.903819871695003284e-14,-9.760915285180537637e+00,8.999999998088796360e+01,3.519744325081786940e+01,1.754419406732727658e-09,-3.040555275456534046e-11,6.041097339206900896e-02,3.266732403072402935e-11
2.151950000342283602e+04,4.028600341904732780e-08,5.535574258830830274e+01,-2.613558809020276647e+06,3.849446416812269035e+03,2.839544620394200509e-07,1.407156314915063149e+03,3.567928025915989565e-06,1.890446555051366137e-14,-9.760960042890463484e+00,8.999999998139685431e+01,3.579512268817497755e+01,1.754419406732727658e-09,-3.033915050423368437e-11,5.917198450018751332e-02,3.183077541484638947e-11
2.152950000342487328e+04,4.044142509150910960e-08,5.595003237389672535e+01,-2.602967448071741499e+06,3.717840981547270985e+03,2.871216310639064454e-07,1.487191360554926632e+03,2.302918971075484933e-05,1.877387766323818341e-14,-9.760904887269113317e+00,8.999999998190574502e+01,3.638032419163359776e+01,1.754419406732727658e-09,-3.025012466736480692e-11,5.790965877241184556e-02,3.101251092928063950e-11
2.153950000342691055e+04,4.058768963659110155e-08,5.653217077495271070e+01,-2.593406341431490611e+06,3.584924859172341257e+03,2.899366996314146266e-07,1.565523959559697460e+03,2.289277766287511895e-05,1.864681214267322654e-14,-9.760904605856751459e+00,8.999999998241463572e+01,3.695337417852529427e+01,1.754419406732727658e-09,-3.014048153223092019e-11,5.671045793299360482e-02,3.021242136156726318e-11
2.154950000342894782e+04,4.072514552411366559e-08,5.710247278874713572e+01,-2.584890887631034479e+06,3.450714303531997302e+03,2.924125965249841944e-07,1.642232141855746249e+03,-1.250580985878713136e-05,1.852302911267085438e-14,-9.760829954758936111e+00,8.999999998292352643e+01,3.751458778604086319e+01,1.754419406732727658e-09,-3.001166336974852403e-11,5.550008987062394344e-02,2.943065807405890901e-11
2.155950000343098509e+04,4.085413155905210329e-08,5.766124245841642448e+01,-2.577436603949342389e+06,3.315221534614878692e+03,2.945618745380849660e-07,1.717393549173368001e+03,-1.064427458903338675e-04,1.706682356781374384e-14,-9.760919829574756790e+00,8.999999998343241714e+01,3.806426906263772736e+01,1.754419406732727658e-09,-2.986502847226124008e-11,5.441273529334243048e-02,2.866732058570990624e-11
2.156950000343302236e+04,4.097496696293738588e-08,5.820877335720862078e+01,-2.571059153751775622e+06,3.178454857172521770e+03,2.964329729027774520e-07,1.791085433686671649e+03,-4.002140886516514229e-05,1.828553798059169823e-14,-9.760819643875230156e+00,8.999999998394130785e+01,3.860271145947857718e+01,1.754419406732727658e-09,-2.970233135905752582e-11,5.324662106895063085e-02,2.792206970398676642e-11
2.157950000343505963e+04,4.108796076663443697e-08,5.874534905367806914e+01,-2.565774373441192787e+06,3.040418757084516528e+03,2.980055223126810627e-07,1.863384681599151236e+03,-7.915269535541114010e-05,1.817198414405439080e-14,-9.760929043087990920e+00,8.999999998445018434e+01,3.913019864493265487e+01,1.754419406732727658e-09,-2.952437360359250012e-11,5.222702946018432935e-02,2.719521091573434053e-11
2.158950000343709689e+04,4.119340731028425331e-08,5.927124355862727612e+01,-2.561598299105505925e+06,2.901114008073603600e+03,2.993473045218424451e-07,1.934367806230156475e+03,1.478417503442130965e-05,1.806062704124707068e-14,-9.760838682948689282e+00,8.999999998495907505e+01,3.964700463919033524e+01,1.754419406732727658e-09,-2.933297917060397005e-11,5.112127539900836182e-02,2.648612659423882315e-11
2.159950000343913416e+04,4.129158732518942236e-08,5.978672175463955796e+01,-2.558547192945189774e+06,2.760537760283353236e+03,3.004337712246300855e-07,2.004110964496384895e+03,-2.442266855062769082e-05,1.795313437669700380e-14,-9.760948100507150116e+00,8.999999998546796576e+01,4.015339420060685427e+01,1.754419406732727658e-09,-2.912880856241183795e-11,5.015466575409543298e-02,2.579504735142552595e-11
2.160950000344117143e+04,4.138277242173159074e-08,6.029203980901446158e+01,-2.556637569562700111e+06,2.618683607711915101e+03,3.013154452972180856e-07,2.072689993481393230e+03,4.204909391969380295e-05,1.784777033393828083e-14,-9.760848017504551777e+00,8.999999998597685646e+01,4.064962350256239887e+01,1.754419406732727658e-09,-2.891334583240558828e-11,4.909463540125730968e-02,2.512144120098468211e-11
2.161950000344320870e+04,4.146721181833352657e-08,6.078744557099973633e+01,-2.555886222194159869e+06,2.475541650946237041e+03,3.131954738060471024e-07,2.140180440566281050e+03,-5.195455245043945069e-05,1.623972801796541775e-14,-9.760937873075175020e+00,8.999999998629206743e+01,4.113594060047194034e+01,1.754419406732727658e-09,-2.882455157659845070e-11,4.816651519461703779e-02,2.434545069634743480e-11
2.162950000344524597e+04,4.154512126689409419e-08,6.127317895418971005e+01,-2.556310248964824714e+06,2.331098577983726955e+03,3.235707496304269246e-07,2.206657570355295320e+03,-4.991418808941716634e-06,1.608292060819777047e-14,-9.760892642154377796e+00,8.999999998656889488e+01,4.161258518341971069e+01,1.669816652205797971e-09,-2.874815430493077042e-11,4.718551686067622847e-02,2.364023138406955773e-11
2.163950000344728323e+04,4.161671745842794949e-08,6.174947230501056339e+01,-2.557927079246348701e+06,2.185337683668065893e+03,3.314446890243251694e-07,2.272196435114568430e+03,3.412719605222491737e-05,1.589051473840015327e-14,-9.760782829544085715e+00,8.999999998684577918e+01,4.207978966201661564e+01,1.542594464947257394e-09,-2.865609252338887832e-11,4.619081795161526088e-02,2.298900886808790448e-11
2.164950000344932050e+04,4.168221898973221627e-08,6.221655075813406910e+01,-2.560754500196032692e+06,2.038238912757515436e+03,3.383876412331164046e-07,2.336871908316858935e+03,4.971294127553704811e-05,1.570195890885064963e-14,-9.760911936416531987e+00,8.999999998712364402e+01,4.253777934024764562e+01,1.415372277688716610e-09,-2.854895567454516687e-11,4.535354282113963909e-02,2.235260972032288399e-11
2.165950000345135777e+04,4.174183336461563603e-08,6.267463257987778746e+01,-2.564810683556376956e+06,1.889778900503260957e+03,3.444834845508465000e-07,2.400758721538200916e+03,-2.471680524340769125e-05,1.551604272660578148e-14,-9.760946905319269007e+00,8.999999998740149465e+01,4.298677245581890816e+01,1.288150090430176033e-09,-2.842858612390478331e-11,4.448445979114674237e-02,2.173025790884313180e-11
2.166950000345339504e+04,4.179575924551294821e-08,6.312392950042755047e+01,-2.570114212794301566e+06,1.739930986656514506e+03,3.498099947099652403e-07,2.463931521794391301e+03,-2.880537274307926054e-05,1.533247483633285579e-14,-9.761130765559528299e+00,8.999999998767837894e+01,4.342698061502768780e+01,1.160927903171635249e-09,-2.829669682843162073e-11,4.372052366203868501e-02,2.112117760518344825e-11
2.167950000345543231e+04,4.184418453689642589e-08,6.356464703588795828e+01,-2.576684110659019090e+06,1.588665228913767805e+03,3.543550299657658684e-07,2.526464925973939444e+03,-5.220634505320731478e-05,1.515035042392096733e-14,-9.760936775874927918e+00,8.999999998795522060e+01,4.385860901341384022e+01,1.033705715913094672e-09,-2.815386953486527385e-11,4.276291235478089925e-02,2.052556540334524595e-11
2.168950000345746957e+04,4.188728811559087620e-08,6.399698480115640109e+01,-2.584539867238637060e+06,1.435948354779455485e+03,3.581046097022465357e-07,2.588433608448300220e+03,-5.223716017344059992e-05,1.497094513749351923e-14,-9.760936668310852937e+00,8.999999998823281544e+01,4.428185783695870015e+01,9.064835286545539912e-10,-2.800064235595783730e-11,4.193473919131914668e-02,1.994361538457079791e-11
2.169950000345950684e+04,4.192524113530025918e-08,6.442113681464844888e+01,-2.593701468595712446e+06,1.281743818468417430e+03,3.619780555490078473e-07,2.649912320022334370e+03,2.223589205296860882e-05,1.326153674901811541e-14,-9.760901288122143526e+00,8.999999998849229144e+01,4.469692099302471888e+01,7.792613413960133106e-10,-2.784858284411620987e-11,4.110572287829043076e-02,1.936456877915726097e-11
2.170950000346154411e+04,4.195820640887463933e-08,6.483729179589875002e+01,-2.604189426063989755e+06,1.126011765990063395e+03,3.653668433368975922e-07,2.710975971198925890e+03,4.953451695666188925e-05,1.306515702638442725e-14,-9.760911073790579096e+00,8.999999998874673679e+01,4.510398681357731476e+01,6.520391541374726300e-10,-2.769104546467450499e-11,4.032088853053397703e-02,1.879528288610969873e-11
2.171950000346358138e+04,4.198633185383632832e-08,6.524563345722638985e+01,-2.616024806288724300e+06,9.687089550595825358e+02,3.680655156796713826e-07,2.771699722591069985e+03,-2.494614921211280034e-05,1.287021652811981960e-14,-9.760946077974733015e+00,8.999999998900118214e+01,4.550323941464896649e+01,5.248169668789319494e-10,-2.752618843167646246e-11,3.956845645621931418e-02,1.823809144745973310e-11
2.172950000346561865e+04,4.200975664353848823e-08,6.564634079056098415e+01,-2.629229262095473241e+06,8.097887744145898523e+02,3.700935548181496286e-07,2.832159032507483516e+03,-5.290944671720865244e-06,1.423229189313133172e-14,-9.760891192098515745e+00,8.999999998925562750e+01,4.589485773353109010e+01,3.975947796203913205e-10,-2.735485106129399946e-11,3.878280000039465575e-02,1.769266179296109778e-11
2.173950000346765592e+04,4.202861190399938423e-08,6.603958835071145472e+01,-2.643825064274610020e+06,6.492011800552807017e+02,3.714829309976353286e-07,2.892429743916870393e+03,-3.270829450308099240e-05,1.404890468810397667e-14,-9.760881241217568061e+00,8.999999998951007285e+01,4.627901615590911177e+01,2.703725923618506399e-10,-2.717796400570334018e-11,3.803982097414455171e-02,1.715851685044254534e-11
2.174950000346969318e+04,4.204302000977511202e-08,6.642554653639822959e+01,-2.659835134368593805e+06,4.868926198169649524e+02,3.722531158064814948e-07,2.952588169066179944e+03,-1.304979898453240139e-05,1.386539128999533944e-14,-9.760826402846380034e+00,8.999999998976451820e+01,4.665588511728006438e+01,1.431504051033099593e-10,-2.699632413772310793e-11,3.728826456891927432e-02,1.663526847008184902e-11
2.175950000347173045e+04,4.205309588024506273e-08,6.680438187050464194e+01,-2.677283078555333894e+06,3.228059664919394436e+02,3.724272851419818912e-07,3.012711170671874697e+03,6.910376590241185113e-05,1.368163818262184856e-14,-9.760855877409913006e+00,8.999999999001896356e+01,4.702563132977444127e+01,1.592821784476929162e-11,-2.681074552664382646e-11,3.660090441684746981e-02,1.612246837929375151e-11
2.176950000347376772e+04,4.205894566603509436e-08,6.717625728111406147e+01,-2.696193222720365971e+06,1.568804632222525015e+02,3.720310537935384606e-07,3.072876247038394467e+03,-5.384020756338259162e-06,1.349730571311146936e-14,-9.760890895947401447e+00,8.999999999027340891e+01,4.738841759310205504e+01,-1.112939694137713761e-10,-2.662205503961541599e-11,3.593279949906112714e-02,1.561961266323756949e-11
2.177950000347580499e+04,4.206066800919145423e-08,6.754133238507030512e+01,-2.716590648815939669e+06,-1.094839150070492906e+01,3.710811605967172784e-07,3.133161627042127293e+03,-2.511084173129063402e-05,1.331178841313902940e-14,-9.760945614919776858e+00,8.999999999052785427e+01,4.774440355935040259e+01,-2.385161566723120308e-10,-2.643097595912557184e-11,3.529164794409353489e-02,1.512627278154131996e-11
2.178950000347784226e+04,4.205835317428058429e-08,6.789976377599911928e+01,-2.738501232607988641e+06,-1.807489178277155588e+02,3.696026515642494714e-07,3.193646365138212332e+03,-4.047919795446830449e-05,1.312421792683822151e-14,-9.760816323435630437e+00,8.999999999078229962e+01,4.809374552244379686e+01,-3.657383439308527114e-10,-2.623831449353403020e-11,3.456183029342052571e-02,1.464189658299092750e-11
2.179950000347987952e+04,4.205208335204586007e-08,6.825170531895717829e+01,-2.761951682915464044e+06,-3.525934326860103738e+02,3.676126788720562800e-07,3.254410435587693428e+03,3.406500687397340243e-05,1.293461790024929890e-14,-9.760781261052979829e+00,8.999999999103674497e+01,4.843659789763305668e+01,-4.929605311893933920e-10,-2.604479126498248298e-11,3.390061493719388752e-02,1.416599584861386183e-11
2.180950000348191679e+04,4.204193263384733918e-08,6.859730845415435851e+01,-2.786969582452082075e+06,-5.265582648193326349e+02,3.651347630247124583e-07,3.315534843499482122e+03,-2.075955514513339040e-05,1.274248367085212801e-14,-9.760761512099932702e+00,8.999999999129117612e+01,4.877311156373731649e+01,-6.201827184479340726e-10,-2.585119708021286665e-11,3.326309619285706259e-02,1.369797767773326650e-11
2.181950000348395406e+04,4.202796631105508199e-08,6.893672251255900107e+01,-2.813583430383625906e+06,-7.027240182377420297e+02,3.621841925395644781e-07,3.377101716261278852e+03,6.900432140977130757e-05,1.254716902191680825e-14,-9.760855714834393737e+00,8.999999999154562147e+01,4.910343643214064002e+01,-7.474049057064747532e-10,-2.565824206337619219e-11,3.270492396744748009e-02,1.323731641970623345e-11
2.182950000348599133e+04,4.201024155873534859e-08,6.927009504659879724e+01,-2.841822686721173581e+06,-8.811755974405386951e+02,3.587811174781012514e-07,3.439194433331190794e+03,-5.528047953617942767e-06,1.234797381512605865e-14,-9.760890770376004610e+00,8.999999999180006682e+01,4.942771960348057547e+01,-8.746270929650154338e-10,-2.546669976926962148e-11,3.212793648561894366e-02,1.278339577293179625e-11
2.183950000348802860e+04,4.198880595311641934e-08,6.959757217968562770e+01,-2.871717818674105220e+06,-1.062002473825938750e+03,3.549453854197576855e-07,3.501897719824379237e+03,9.676970008420937575e-06,1.214422338599735540e-14,-9.761020051979834022e+00,8.999999999205451218e+01,4.974610751700981126e+01,-1.001849280223556011e-09,-2.527735714513082396e-11,3.161884198157988851e-02,1.233556636118149070e-11
2.184950000349006586e+04,4.196369820969628807e-08,6.991929897892319445e+01,-2.903300349095255136e+06,-1.245298765169107810e+03,3.506921338780681622e-07,3.565297791236146622e+03,-5.569431899665744368e-06,1.027282779330505004e-14,-9.760890819854527223e+00,8.999999999230895753e+01,5.005874467830026475e+01,-1.129071467482096795e-09,-2.509096837101035759e-11,3.097784921105615347e-02,1.189320595200196091e-11
2.185950000349210313e+04,4.193494696928187796e-08,7.023541985609841731e+01,-2.936602907154659741e+06,-1.431163552551753355e+03,3.460431061588945246e-07,3.629482434633514004e+03,-6.036367552741950249e-05,1.004963672370244090e-14,-9.760871071696131551e+00,8.999999999256340288e+01,5.036577612437781681e+01,-1.256293654740637372e-09,-2.490840264278582656e-11,3.041325664297612336e-02,1.145554760002429542e-11
2.186950000349414040e+04,4.190257060006405043e-08,7.054607900301360246e+01,-2.971659281388379168e+06,-1.619700953801434252e+03,3.410124388778522515e-07,3.694541181162833709e+03,1.408198565577833961e-05,1.149559068261737124e-14,-9.760836180168979581e+00,8.999999999281784824e+01,5.066734568628020696e+01,-1.383515841999178156e-09,-2.473047292166539484e-11,2.985450717590877948e-02,1.102188776112535499e-11
2.187950000349617767e+04,4.186658184485317651e-08,7.085142086835021757e+01,-3.008504475274091121e+06,-1.811020452157909631e+03,3.392588627402197994e-07,3.760565397758697145e+03,4.147858164227358202e-05,4.479658435141375894e-15,-9.760846153044607121e+00,8.999999999295148712e+01,5.096359812035088055e+01,-1.510738029257718733e-09,-2.460257294775571191e-11,2.933562494327725603e-02,1.053655140490143728e-11
2.188950000349821494e+04,4.182699029964115232e-08,7.115159068469186820e+01,-3.047174765495396219e+06,-2.005237064890446845e+03,3.411117886175400005e-07,3.827648451414876035e+03,-3.308319500128220625e-05,4.100492952368107543e-15,-9.760881141787219661e+00,8.999999999295148712e+01,5.125467853587989708e+01,-1.637960216516259517e-09,-2.453018651071568470e-11,2.884547899270008958e-02,9.991321074322298453e-12
2.189950000350025221e+04,4.178372735051580046e-08,7.144673505609166853e+01,-3.087707763064919971e+06,-2.202471617205427719e+03,3.425560970584824848e-07,3.895885847680469851e+03,6.503443832350797038e-06,3.704812281880414769e-15,-9.760771801473890008e+00,8.999999999295148712e+01,5.154073318086727795e+01,-1.765182403774800095e-09,-2.446532623838777580e-11,2.828836282003533917e-02,9.445037339564875846e-12
2.190950000350228947e+04,4.173669756562316254e-08,7.173700261878894935e+01,-3.130142477486156393e+06,-2.402851100787557698e+03,3.436279548646405952e-07,3.965375326683055391e+03,-5.300616035430749662e-05,3.290907369154767237e-15,-9.760936096285544039e+00,8.999999999295148712e+01,5.182191127915518081e+01,-1.892404591033340672e-09,-2.440944929282912115e-11,2.790114663797708255e-02,8.896191001510245656e-12
2.191950000350432674e+04,4.168578595151781086e-08,7.202254479045586777e+01,-3.174519384144209791e+06,-2.606508843304154652e+03,3.443658988231814013e-07,4.036217086515678147e+03,-2.570367802334772023e-05,2.855415645721045055e-15,-9.760946136032167431e+00,8.999999999295148712e+01,5.209836381724885257e+01,-2.019626778291881249e-09,-2.436415046306983536e-11,2.744189773263080306e-02,8.343107261715721723e-12
2.192950000350636401e+04,4.163085562515518875e-08,7.230351662687118619e+01,-3.220880495127145201e+06,-2.813584938293489358e+03,3.448113864997493069e-07,4.108513872848574465e+03,-1.343271238063437067e-05,2.395311185468834679e-15,-9.760826916179917490e+00,8.999999999295148712e+01,5.237024595954752471e+01,-2.146848965550422240e-09,-2.433119069178790986e-11,2.692517750145003927e-02,7.783915301617951878e-12
2.193950000350840128e+04,4.157174504383561408e-08,7.258007780936695497e+01,-3.269269433690809179e+06,-3.024226558721933543e+03,3.450094462011211896e-07,4.182371152619798522e+03,-5.804916406049187572e-05,1.907790443656176338e-15,-9.761120517708025801e+00,8.999999999295148712e+01,5.263771749806955569e+01,-2.274071152808962817e-09,-2.431253123973751297e-11,2.665840320072601979e-02,7.216511574916759715e-12
2.194950000351043855e+04,4.150826469845129309e-08,7.285239379211850519e+01,-3.319731512592301704e+06,-3.238588318169547620e+03,3.450094517161335980e-07,4.257897282633437499e+03,-1.079667597334577067e-04,1.387442954189844366e-15,-9.760916819528411281e+00,8.999999999295148712e+01,5.290094379195868157e+01,-2.401293340067503394e-09,-2.431037527128747342e-11,2.612694691707730804e-02,6.638513703604482199e-12
2.195950000351247581e+04,4.144019315083152532e-08,7.312063714570608397e+01,-3.372313816531240940e+06,-3.456832677445029731e+03,3.448660515288772730e-07,4.335203668763654605e+03,-6.084678055540138075e-05,8.303460321401201735e-16,-9.760872319180924350e+00,8.999999999295148712e+01,5.316009715861238050e+01,-2.528515527326043971e-09,-2.432721801372965192e-11,2.570327269227997216e-02,6.047206310492217306e-12
2.196950000351451308e+04,4.136727226404193754e-08,7.338498914292914321e+01,-3.427065288950151764e+06,-3.679130467251644404e+03,3.446402927964177472e-07,4.414404855681360459e+03,6.840823093146042311e-05,2.307000453211472205e-16,-9.760857507249681930e+00,8.999999999295148712e+01,5.341535955500957300e+01,-2.655737714584584962e-09,-2.436590901739042159e-11,2.531501626061339119e-02,5.439470463174061231e-12
2.197950000351655035e+04,4.128920226226628028e-08,7.364564164537270585e+01,-3.484036823460922111e+06,-3.905661183043960591e+03,3.395299709026610624e-07,4.495618828493906221e+03,6.831815876129354592e-05,3.943932989583576527e-15,-9.760857769270419482e+00,8.999999999295148712e+01,5.366692214619784806e+01,-2.844713551538421199e-09,-2.442942435058333238e-11,2.495506735051963160e-02,4.844504552693062995e-12
2.198950000351858762e+04,4.120565485058916950e-08,7.390279936573462294e+01,-3.543281360176845454e+06,-4.136613680037215090e+03,3.288821483430091426e-07,4.578967016723938286e+03,3.343277716894021978e-05,3.297986345655970620e-15,-9.760783459620931524e+00,8.999999999295148712e+01,5.391498997561729567e+01,-3.099157926055502353e-09,-2.451957469520855609e-11,2.457408460090663993e-02,4.261732890435911893e-12
2.199950000352062489e+04,4.111626781208220208e-08,7.415668260290647140e+01,-3.604853987246947829e+06,-4.372186611956216439e+03,3.177818570987717084e-07,4.664574539913977787e+03,6.812064837724562949e-05,2.591536810338538951e-15,-9.760858390276318630e+00,8.999999999295148712e+01,5.415978319793479301e+01,-3.353602300572583921e-09,-2.464030110377133064e-11,2.430049249572269546e-02,3.652425946015366484e-12
