# time, position (1), position (2), position (3), velocity (1), velocity (2), velocity (3), acceleration (1), acceleration (2), acceleration (3), attitude (1), attitude (2), attitude (3), angle_rates (1), angle_rates (2), angle_rates (3)
0.000000000000000000e+00,0.000000000000000000e+00,0.000000000000000000e+00,1.000000000000000000e+03,1.012018854539455077e+02,6.196828254442570055e-15,0.000000000000000000e+00,-3.149743987065420374e-07,-3.585312554585909322e-26,-9.760849034449490702e+00,8.999999999999998579e+01,-1.845449660150130537e-06,0.000000000000000000e+00,2.558332872076199750e-19,-5.100799477977486195e-03,-8.240178542724818705e-27
9.500000000000000000e+00,0.000000000000000000e+00,8.635210169516039161e-03,1.000000000228174031e+03,1.012018854539080905e+02,6.196828254440277626e-15,4.235164736271501695e-22,-2.958852824988522418e-07,2.198331103820969780e-25,-9.760849034430894022e+00,8.999999999999998579e+01,-1.757908366971167106e-06,0.000000000000000000e+00,2.558332872076200231e-19,-5.100799488111668750e-03,-7.849295008357919288e-27
1.950000000000000000e+01,0.000000000000000000e+00,1.772490508479615187e-02,1.000000000468455255e+03,1.012018854539811343e+02,6.196828254444751256e-15,0.000000000000000000e+00,-2.701004755297094103e-07,1.129079047147836158e-24,-9.760790826705239454e+00,8.999999999999998579e+01,-1.693726396845584113e-06,0.000000000000000000e+00,2.558332872076200231e-19,-5.133753982554690835e-03,-7.562713962838849568e-27
2.950000000000000000e+01,0.000000000000000000e+00,2.681460000007613101e-02,1.000000000709667802e+03,1.012018854541140627e+02,6.196828254452889934e-15,0.000000000000000000e+00,-3.810401016688800264e-07,-2.203224951673545650e-24,-9.761023657243537599e+00,8.999999999999998579e+01,-2.025444085160574000e-06,0.000000000000000000e+00,2.558332872076199750e-19,-5.001936208901702589e-03,-9.043877625289056282e-27
3.950000000000000000e+01,0.000000000000000000e+00,3.590429491535670342e-02,1.000000000949017704e+03,1.012018854535212284e+02,6.196828254416590499e-15,0.000000000000000000e+00,-2.250755586840941240e-07,5.313714145104161113e-24,-9.760907241881804808e+00,8.999999999999998579e+01,-1.830565580795567404e-06,0.000000000000000000e+00,2.558332872076199750e-19,-5.067845147560312569e-03,-8.173719145877490845e-27
4.950000000000000000e+01,0.000000000000000000e+00,4.499398983063704338e-02,1.000000001188367605e+03,1.012018854538587789e+02,6.196828254437258655e-15,4.235164736271501695e-22,-2.036435150999475133e-07,5.977541929510629476e-24,-9.760849034055604889e+00,8.999999999999998579e+01,-1.768408275709398703e-06,-1.895758319773386923e-22,2.558332872076200231e-19,-5.100799698906240652e-03,-7.896178499440684787e-27
5.950000000000000000e+01,0.000000000000000000e+00,5.408368474591690456e-02,1.000000001428648829e+03,1.012018854539639960e+02,6.196828254443702071e-15,0.000000000000000000e+00,-3.531783508085008760e-07,-2.440234928488410253e-24,-9.760907241411088009e+00,8.999999999999998579e+01,-1.839201376468575682e-06,0.000000000000000000e+00,2.558332872076199750e-19,-5.067845413184256416e-03,-8.212279123827952660e-27
6.950000000000000000e+01,0.000000000000000000e+00,6.317337966119683512e-02,1.000000001667998731e+03,1.012018854536515846e+02,6.196828254424572194e-15,0.000000000000000000e+00,-1.192193295705507319e-07,8.512831603745233284e-24,-9.760732618115728343e+00,8.999999999999998579e+01,-1.515902128601764239e-06,0.000000000000000000e+00,2.558332872076200231e-19,-5.166708964429749494e-03,-6.768704919298068406e-27
7.950000000000000000e+01,0.000000000000000000e+00,7.226307457647783428e-02,1.000000001908279955e+03,1.012018854534801591e+02,6.196828254414075611e-15,4.235164736271501695e-22,-6.306452474350416963e-09,1.894643097637427374e-23,-9.760907241132098733e+00,8.999999999999998579e+01,-1.853282510336120443e-06,0.000000000000000000e+00,2.558332872076199750e-19,-5.067845570328327609e-03,-8.275153262125033862e-27
8.950000000000000000e+01,0.000000000000000000e+00,8.135276949175659911e-02,1.000000002146698534e+03,1.012018854540333450e+02,6.196828254447948509e-15,0.000000000000000000e+00,-4.638528741591812713e-07,-1.103209916334461201e-23,-9.760907240136704743e+00,8.999999999999998579e+01,-1.665209399151664277e-06,0.000000000000000000e+00,2.558332872076200231e-19,-5.067846133425816385e-03,-7.435381769729203215e-27
9.950000000000000000e+01,0.000000000000000000e+00,9.044246440703880563e-02,1.000000002387911081e+03,1.012018854538914496e+02,6.196828254439259206e-15,4.235164736271501695e-22,-2.495664394289254445e-07,2.898653088953021527e-24,-9.760849032345145559e+00,8.999999999999998579e+01,-1.742820267987215630e-06,0.000000000000000000e+00,2.558332872076200231e-19,-5.100800665191516405e-03,-7.781924636690368714e-27
1.095000000000000000e+02,0.000000000000000000e+00,9.953215932231668228e-02,1.000000002628192306e+03,1.012018854542377255e+02,6.196828254460462210e-15,0.000000000000000000e+00,-3.430564249208379995e-07,-6.173203256309566570e-25,-9.760965447306844567e+00,8.999999999999998579e+01,-1.954525083768239107e-06,0.000000000000000000e+00,2.558332872076199750e-19,-5.034891952194630975e-03,-8.727214837805031175e-27
1.195000000000000000e+02,0.000000000000000000e+00,1.086218542375988888e-01,1.000000002868473530e+03,1.012018854534059642e+02,6.196828254409531772e-15,0.000000000000000000e+00,-9.118650625002410418e-08,1.428980174859617890e-23,-9.761023655081354278e+00,8.999999999999998579e+01,-1.905100179220672511e-06,0.000000000000000000e+00,2.558332872076199750e-19,-5.001937429313172388e-03,-8.506526055703033840e-27
1.295000000000000000e+02,0.000000000000000000e+00,1.177115491528862162e-01,1.000000003108754754e+03,1.012018854542884156e+02,6.196828254463567166e-15,4.235164736271501695e-22,-5.424771177719134021e-07,-1.520615580992542009e-23,-9.760907238644110251e+00,8.999999999999998579e+01,-1.726589578604684760e-06,0.000000000000000000e+00,2.558332872076200231e-19,-5.067846976760850136e-03,-7.709452446702436249e-27
1.395000000000000000e+02,0.000000000000000000e+00,1.268012440681584585e-01,1.000000003349967301e+03,1.012018854538443691e+02,6.196828254436376708e-15,4.235164736271501695e-22,-3.163421256850824363e-07,-3.190991886334222606e-24,-9.760674407320923507e+00,8.999999999999998579e+01,-1.551042638933561530e-06,0.000000000000000000e+00,2.558332872076200231e-19,-5.199665193961285417e-03,-6.925611978574298673e-27
1.495000000000000000e+02,0.000000000000000000e+00,1.358909389834370152e-01,1.000000003589317203e+03,1.012018854532805960e+02,6.196828254401854578e-15,0.000000000000000000e+00,3.925420158791591039e-08,2.228572414330995174e-23,-9.760907238969910082e+00,8.999999999999998579e+01,-1.905960037951138832e-06,0.000000000000000000e+00,2.558332872076199750e-19,-5.067846791538203888e-03,-8.510365439466004124e-27
1.595000000000000000e+02,0.000000000000000000e+00,1.449806338987215948e-01,1.000000003835186362e+03,1.012018854546962956e+02,6.196828254488541714e-15,4.235164736271501695e-22,-7.858469667984371499e-07,-2.999954152988057665e-23,-9.760849028436103580e+00,8.999999999999998579e+01,-1.737022139386314154e-06,0.000000000000000000e+00,2.558332872076200231e-19,-5.100802875725643677e-03,-7.756035220188366202e-27
1.695000000000000000e+02,0.000000000000000000e+00,1.540703288140030380e-01,1.000000004073604941e+03,1.012018854544152191e+02,6.196828254471331135e-15,0.000000000000000000e+00,-2.513597224160405538e-07,2.379131999838469316e-24,-9.760790821262050443e+00,8.999999999999998579e+01,-1.703553711305118837e-06,0.000000000000000000e+00,2.558332872076200231e-19,-5.133757057895015248e-03,-7.606594230879043160e-27
1.795000000000000000e+02,0.000000000000000000e+00,1.631600237292774591e-01,1.000000004315748811e+03,1.012018854536691634e+02,6.196828254425648200e-15,0.000000000000000000e+00,-2.933973064526033087e-07,2.246873528292345438e-24,-9.760965444239570132e+00,8.999999999999998579e+01,-1.937600533946808783e-06,0.000000000000000000e+00,2.558332872076199750e-19,-5.034893685844299242e-03,-8.651644468536608999e-27
1.895000000000000000e+02,0.000000000000000000e+00,1.722497186445574036e-01,1.000000004556030035e+03,1.012018854532759349e+02,6.196828254401569799e-15,4.235164736271501695e-22,-7.885274305940344518e-08,1.374291444942028081e-23,-9.760907236210922377e+00,8.999999999999998579e+01,-1.780298327548141589e-06,0.000000000000000000e+00,2.558332872076200231e-19,-5.067848351865443697e-03,-7.949269164631476806e-27
1.995000000000000000e+02,0.000000000000000000e+00,1.813394135598440926e-01,1.000000004796311259e+03,1.012018854531257688e+02,6.196828254392374836e-15,4.235164736271501695e-22,-3.237975281345319737e-07,-1.476353421586215948e-24,-9.760849026765932024e+00,8.999999999999998579e+01,-1.759149379700498891e-06,0.000000000000000000e+00,2.558332872076200231e-19,-5.100803819746514700e-03,-7.854836295494763407e-27
2.095000000000000000e+02,0.000000000000000000e+00,1.904291084751212615e-01,1.000000005036592484e+03,1.012018854533332899e+02,6.196828254405081807e-15,0.000000000000000000e+00,-8.489523963418138969e-08,1.435424332387839988e-23,-9.760849026810431539e+00,8.999999999999998579e+01,-1.874382396053317854e-06,0.000000000000000000e+00,2.558332872076199750e-19,-5.100803794103048183e-03,-8.369367062314332092e-27
2.195000000000000000e+02,0.000000000000000000e+00,1.995188033903975700e-01,1.000000005275942385e+03,1.012018854533998393e+02,6.196828254409157063e-15,0.000000000000000000e+00,-5.388959319487652022e-08,1.475460856310198120e-23,-9.760790818004423386e+00,8.999999999999998579e+01,-1.730771349718224385e-06,0.000000000000000000e+00,2.558332872076200231e-19,-5.133758900195968533e-03,-7.728124611727828694e-27
2.295000000000000000e+02,0.000000000000000000e+00,2.086084983056800124e-01,1.000000005515292287e+03,1.012018854547415714e+02,6.196828254491314560e-15,4.235164736271501695e-22,-9.063426369975256960e-07,-3.751363633584969664e-23,-9.760849022055284152e+00,8.999999999999998579e+01,-1.723997814193262045e-06,0.000000000000000000e+00,2.558332872076200231e-19,-5.100806485312074645e-03,-7.697879873387669150e-27
2.395000000000000000e+02,0.000000000000000000e+00,2.176981932209680892e-01,1.000000005756504834e+03,1.012018854547700073e+02,6.196828254493055576e-15,4.235164736271501695e-22,-8.811023209948197290e-07,-3.598408177845802629e-23,-9.760790813037854008e+00,8.999999999999998579e+01,-1.722477233763204767e-06,0.000000000000000000e+00,2.558332872076200231e-19,-5.133761711100193192e-03,-7.691090279229233563e-27
2.495000000000000000e+02,0.000000000000000000e+00,2.267878881362399290e-01,1.000000005996786058e+03,1.012018854543870532e+02,6.196828254469605896e-15,4.235164736271501695e-22,-5.854340123881503768e-07,-1.921357179358301721e-23,-9.760674396783938889e+00,8.999999999999998579e+01,-1.594617878947721659e-06,0.000000000000000000e+00,2.558332872076200231e-19,-5.199671154844319118e-03,-7.120181229371178032e-27
2.595000000000000000e+02,0.000000000000000000e+00,2.358775830515580096e-01,1.000000006237067282e+03,1.012018854538240902e+02,6.196828254435134253e-15,0.000000000000000000e+00,1.792233428178266550e-07,2.908438335551483935e-23,-9.760849021095898692e+00,8.999999999999998579e+01,-1.736102961608014685e-06,0.000000000000000000e+00,2.558332872076200231e-19,-5.100807027254420679e-03,-7.751930968975641763e-27
2.695000000000000000e+02,0.000000000000000000e+00,2.449672779668016220e-01,1.000000006476417184e+03,1.012018854526689182e+02,6.196828254364400251e-15,4.235164736271501695e-22,-2.254981541185354067e-07,4.465025417406819438e-24,-9.760790810116770189e+00,8.999999999999998579e+01,-1.751709123577592669e-06,0.000000000000000000e+00,2.558332872076200231e-19,-5.133763363791982171e-03,-7.821614560878950513e-27
2.795000000000000000e+02,0.000000000000000000e+00,2.540569728820856188e-01,1.000000006715767086e+03,1.012018854503425445e+02,6.196828254221950904e-15,4.235164736271501695e-22,6.060186422276628357e-07,5.698330195973198755e-23,-9.760965437407541856e+00,8.999999999999998579e+01,-1.905303031120550872e-06,0.000000000000000000e+00,2.558332872076199750e-19,-5.034897549898330847e-03,-8.507431816455450082e-27
2.895000000000000000e+02,0.000000000000000000e+00,2.631466677973867685e-01,1.000000006954185665e+03,1.012018854528479181e+02,6.196828254375360684e-15,4.235164736271501695e-22,-2.730493271333164417e-07,2.074550241005981966e-24,-9.760965432294780086e+00,8.999999999999998579e+01,-1.801640814233708321e-06,0.000000000000000000e+00,2.558332872076200231e-19,-5.034900443892271170e-03,-8.044566210458506267e-27
2.995000000000000000e+02,0.000000000000000000e+00,2.722363627126370700e-01,1.000000007196329534e+03,1.012018854505548973e+02,6.196828254234955276e-15,0.000000000000000000e+00,1.196364223614531529e-06,9.241289340024140995e-23,-9.760849021495141997e+00,8.999999999999998579e+01,-1.836433318717441836e-06,0.000000000000000000e+00,2.558332872076199750e-19,-5.100806799805603954e-03,-8.199919377269458591e-27
3.095000000000000000e+02,0.000000000000000000e+00,2.813260576279337788e-01,1.000000007434748113e+03,1.012018854528831469e+02,6.196828254377519007e-15,-4.235164736271501695e-22,1.870105133591160687e-07,2.829184300260209069e-23,-9.760790806922823748e+00,8.999999999999998579e+01,-1.614426371987019756e-06,0.000000000000000000e+00,2.558332872076200231e-19,-5.133765170346588601e-03,-7.208628789242771687e-27
3.195000000000000000e+02,0.000000000000000000e+00,2.904157525432155551e-01,1.000000007673166692e+03,1.012018854525141620e+02,6.196828254354925242e-15,-4.235164736271501695e-22,5.141613032253215716e-07,4.883216323504227258e-23,-9.760732598894072964e+00,8.999999999999998579e+01,-1.663146061863217330e-06,0.000000000000000000e+00,2.558332872076200231e-19,-5.166719836420093082e-03,-7.426168693903942207e-27
3.295000000000000000e+02,0.000000000000000000e+00,2.995054474584783466e-01,1.000000007911585271e+03,1.012018854526983631e+02,6.196828254366204376e-15,0.000000000000000000e+00,-2.047485874509995031e-07,5.396178895578556954e-24,-9.760790802284775580e+00,8.999999999999998579e+01,-1.719173650350371486e-06,0.000000000000000000e+00,2.558332872076200231e-19,-5.133767795389678618e-03,-7.676339339260316888e-27
3.395000000000000000e+02,0.000000000000000000e+00,3.085951423737870458e-01,1.000000008150003850e+03,1.012018854552609639e+02,6.196828254523117487e-15,4.235164736271501695e-22,-2.613001280814096915e-07,2.596511748633197863e-24,-9.760849009078572891e+00,8.999999999999998579e+01,-1.782732152236759315e-06,0.000000000000000000e+00,2.558332872076200231e-19,-5.100813827443958018e-03,-7.960136516046673112e-27
3.495000000000000000e+02,0.000000000000000000e+00,3.176848372890480054e-01,1.000000008391216397e+03,1.012018854529324869e+02,6.196828254380540345e-15,0.000000000000000000e+00,8.945892074448486816e-07,7.411850714562729917e-23,-9.760849014091283138e+00,8.999999999999998579e+01,-1.854072636221134903e-06,0.000000000000000000e+00,2.558332872076199750e-19,-5.100810989229836827e-03,-8.278681279444789436e-27
3.595000000000000000e+02,0.000000000000000000e+00,3.267745322043227318e-01,1.000000008629634976e+03,1.012018854534865824e+02,6.196828254414467675e-15,4.235164736271501695e-22,2.526100012324453097e-07,3.426104321532913494e-23,-9.760849009058881975e+00,8.999999999999998579e+01,-1.801580079038654439e-06,0.000000000000000000e+00,2.558332872076200231e-19,-5.100813837897838834e-03,-8.044295019722785808e-27
3.695000000000000000e+02,0.000000000000000000e+00,3.358642271196404794e-01,1.000000008868984878e+03,1.012018854527270832e+02,6.196828254367961958e-15,4.235164736271501695e-22,-3.907447209244306219e-07,-5.594810181918398639e-24,-9.760849003779201283e+00,8.999999999999998579e+01,-1.757316135143731192e-06,0.000000000000000000e+00,2.558332872076200231e-19,-5.100816826682647888e-03,-7.846650614364336077e-27
3.795000000000000000e+02,0.000000000000000000e+00,3.449539220348814550e-01,1.000000009108334780e+03,1.012018854557007472e+02,6.196828254550047621e-15,4.235164736271501695e-22,-9.537351417098876908e-07,-3.906652568856101659e-23,-9.760907207595259649e+00,8.999999999999998579e+01,-1.853313089343293188e-06,0.000000000000000000e+00,2.558332872076199750e-19,-5.067864544568870949e-03,-8.275289801465119799e-27
3.895000000000000000e+02,0.000000000000000000e+00,3.540436169501683383e-01,1.000000009347684681e+03,1.012018854491146982e+02,6.196828254146768515e-15,0.000000000000000000e+00,1.861028213310370248e-06,1.316299397517215498e-22,-9.760790805597720166e+00,8.999999999999998579e+01,-1.694384445130011550e-06,0.000000000000000000e+00,2.558332872076200231e-19,-5.133765917498797626e-03,-7.565652236079516586e-27
3.995000000000000000e+02,0.000000000000000000e+00,3.631333118654657688e-01,1.000000009586103261e+03,1.012018854517332755e+02,6.196828254307110016e-15,0.000000000000000000e+00,3.129739197449661169e-07,3.664879345644113826e-23,-9.760790794373383150e+00,8.999999999999998579e+01,-1.676154943486774239e-06,0.000000000000000000e+00,2.558332872076200231e-19,-5.133772271594894132e-03,-7.484255083109789139e-27
4.095000000000000000e+02,0.000000000000000000e+00,3.722230067807175136e-01,1.000000009826384485e+03,1.012018854509421857e+02,6.196828254258668435e-15,8.470329472543003391e-22,1.167758145872407900e-06,9.026983673511112022e-23,-9.760907216159981914e+00,8.999999999999998579e+01,-1.798897746898841424e-06,0.000000000000000000e+00,2.558332872076200231e-19,-5.067859694731424378e-03,-8.032318049437315048e-27
4.195000000000000000e+02,0.000000000000000000e+00,3.813127016960166649e-01,1.000000010067597032e+03,1.012018854546746667e+02,6.196828254487217216e-15,8.470329472543003391e-22,-1.451971074417758479e-08,1.787894078865940042e-23,-9.760848997877925370e+00,8.999999999999998579e+01,-1.799171497020722357e-06,0.000000000000000000e+00,2.558332872076200231e-19,-5.100820165420519997e-03,-8.033540380194476117e-27
4.295000000000000000e+02,0.000000000000000000e+00,3.904023966112932231e-01,1.000000010308809578e+03,1.012018854535006938e+02,6.196828254415332266e-15,4.235164736271501695e-22,2.423630808059139546e-07,3.371163426536646727e-23,-9.760848997887229928e+00,8.999999999999998579e+01,-1.809060705634498237e-06,0.000000000000000000e+00,2.558332872076200231e-19,-5.100820159831374531e-03,-8.077697013877529306e-27
4.395000000000000000e+02,0.000000000000000000e+00,3.994920915265597894e-01,1.000000010548159480e+03,1.012018854530807772e+02,6.196828254389620134e-15,0.000000000000000000e+00,1.282865491631797959e-06,9.625425658837059113e-23,-9.760674376028646293e+00,8.999999999999998579e+01,-1.696952103577132692e-06,0.000000000000000000e+00,2.558332872076200231e-19,-5.199682897614748764e-03,-7.577117173052812631e-27
4.495000000000000000e+02,0.000000000000000000e+00,4.085817864418710421e-01,1.000000010787509382e+03,1.012018854548142031e+02,6.196828254495762157e-15,4.235164736271501695e-22,-5.906565830209764160e-07,-1.815514313048821455e-23,-9.760848988299832385e+00,8.999999999999998579e+01,-1.726710516319846788e-06,0.000000000000000000e+00,2.558332872076200231e-19,-5.100825586841798917e-03,-7.709992449709296552e-27
4.595000000000000000e+02,0.000000000000000000e+00,4.176714813571265061e-01,1.000000011025927961e+03,1.012018854533635164e+02,6.196828254406932475e-15,4.235164736271501695e-22,-2.701622415390203296e-07,3.262752630739712591e-24,-9.761023616503734956e+00,8.999999999999998579e+01,-1.898586743546267006e-06,0.000000000000000000e+00,2.558332872076199750e-19,-5.001959255913668127e-03,-8.477442697840379528e-27
4.695000000000000000e+02,0.000000000000000000e+00,4.267611762724032309e-01,1.000000011266209185e+03,1.012018854509213952e+02,6.196828254257396791e-15,0.000000000000000000e+00,3.869372511935635752e-07,4.265069732775649719e-23,-9.760907200993434785e+00,8.999999999999998579e+01,-1.817337123974533256e-06,0.000000000000000000e+00,2.558332872076199750e-19,-5.067868278833771722e-03,-8.114652324167933650e-27
4.795000000000000000e+02,0.000000000000000000e+00,4.358508711877183139e-01,1.000000011497177184e+03,1.012018854490463156e+02,6.196828254142581242e-15,0.000000000000000000e+00,1.987192380535197026e-06,1.385270231179934143e-22,-9.760674373700059192e+00,8.999999999999998579e+01,-1.615004721040216140e-06,0.000000000000000000e+00,2.558332872076200231e-19,-5.199684214639664973e-03,-7.211211194800213351e-27
4.895000000000000000e+02,0.000000000000000000e+00,4.449405661029633974e-01,1.000000011737458408e+03,1.012018854530499254e+02,6.196828254387731601e-15,0.000000000000000000e+00,4.278529243545677555e-07,4.517414508199392924e-23,-9.760848988209311017e+00,8.999999999999998579e+01,-1.819081690534053370e-06,0.000000000000000000e+00,2.558332872076199750e-19,-5.100825636552657610e-03,-8.122442046228919040e-27
4.995000000000000000e+02,0.000000000000000000e+00,4.540302610182516685e-01,1.000000011977739632e+03,1.012018854558678811e+02,6.196828254560280724e-15,4.235164736271501695e-22,-1.124254458062563280e-06,-5.036952193103720181e-23,-9.760848973874582057e+00,8.999999999999998579e+01,-1.770718445255386509e-06,0.000000000000000000e+00,2.558332872076200231e-19,-5.100833751587635807e-03,-7.906493714173423895e-27
5.095000000000000000e+02,0.000000000000000000e+00,4.631199559335871796e-01,1.000000012218020856e+03,1.012018854519572812e+02,6.196828254320825152e-15,4.235164736271501695e-22,9.595377694546635509e-07,7.684097146743944353e-23,-9.760848988410153027e+00,8.999999999999998579e+01,-1.733812770851443423e-06,0.000000000000000000e+00,2.558332872076200231e-19,-5.100825522087618601e-03,-7.741704962198782582e-27
5.195000000000000000e+02,0.000000000000000000e+00,4.722096508489679878e-01,1.000000012458302081e+03,1.012018854597170190e+02,6.196828254795971852e-15,0.000000000000000000e+00,-1.555706873211223373e-06,-7.468660108233728561e-23,-9.761081807559449430e+00,8.999999999999998579e+01,-1.972154063443142501e-06,0.000000000000000000e+00,2.558332872076199750e-19,-4.969014195747230821e-03,-8.805930580197836914e-27
5.295000000000000000e+02,0.000000000000000000e+00,4.812993457641535078e-01,1.000000012697651982e+03,1.012018854532291954e+02,6.196828254398708600e-15,0.000000000000000000e+00,-2.629520588624931610e-07,2.956931812636949529e-24,-9.760848977314982022e+00,8.999999999999998579e+01,-1.826980123911786116e-06,0.000000000000000000e+00,2.558332872076199750e-19,-5.100831802744175934e-03,-8.157709603315815191e-27
5.395000000000000000e+02,0.000000000000000000e+00,4.903890406793754431e-01,1.000000012934207916e+03,1.012018854546939082e+02,6.196828254488396563e-15,0.000000000000000000e+00,-4.588904596946735038e-07,-9.054137745300449383e-24,-9.760848973450206856e+00,8.999999999999998579e+01,-1.825704870218876312e-06,0.000000000000000000e+00,2.558332872076199750e-19,-5.100833990258994526e-03,-8.152015425715765535e-27
5.495000000000000000e+02,0.000000000000000000e+00,4.994787355946461171e-01,1.000000013174489141e+03,1.012018854533186811e+02,6.196828254404187239e-15,-4.235164736271501695e-22,-3.827826184086609033e-07,-2.902810384033267875e-24,-9.761023601686938278e+00,8.999999999999998579e+01,-1.968608767261330652e-06,0.000000000000000000e+00,2.558332872076199750e-19,-5.001967640745053761e-03,-8.790100360519781108e-27
5.595000000000000000e+02,0.000000000000000000e+00,5.085684305099591462e-01,1.000000013411976397e+03,1.012018854555096681e+02,6.196828254538347236e-15,8.470329472543003391e-22,-7.727194260899639872e-07,-2.928369884846861379e-23,-9.760790756006779034e+00,8.999999999999998579e+01,-1.728597665954911229e-06,1.895758319773386923e-22,2.558332872076200231e-19,-5.133793985981895298e-03,-7.718418824194362169e-27
5.695000000000000000e+02,0.000000000000000000e+00,5.176581254253171949e-01,1.000000013653188944e+03,1.012018854478169487e+02,6.196828254067303401e-15,4.235164736271501695e-22,1.691355177008895487e-06,1.219780544583671490e-22,-9.760848985889031937e+00,8.999999999999998579e+01,-1.765082618844978357e-06,0.000000000000000000e+00,2.558332872076200231e-19,-5.100826947274654695e-03,-7.881328998570292909e-27
5.795000000000000000e+02,0.000000000000000000e+00,5.267478203406001924e-01,1.000000013891607523e+03,1.012018854556162779e+02,6.196828254544874271e-15,0.000000000000000000e+00,-1.424903761539950991e-06,-6.694673876389370488e-23,-9.760965375722488346e+00,8.999999999999998579e+01,-1.946340876446306687e-06,0.000000000000000000e+00,2.558332872076199750e-19,-5.034932460142749200e-03,-8.690671261992774629e-27
5.895000000000000000e+02,0.000000000000000000e+00,5.358375152558003673e-01,1.000000014131888747e+03,1.012018854557684193e+02,6.196828254554189929e-15,0.000000000000000000e+00,-1.515603059032881738e-06,-7.459644345849327373e-23,-9.760907161946404287e+00,8.999999999999998579e+01,-1.745425815584638226e-06,0.000000000000000000e+00,2.558332872076200231e-19,-5.067890380057944559e-03,-7.793558753766518389e-27
5.995000000000000000e+02,0.000000000000000000e+00,5.449272101710441740e-01,1.000000014370307326e+03,1.012018854539627881e+02,6.196828254443627129e-15,-4.235164736271501695e-22,-3.644565587283785905e-08,1.814625761796812413e-23,-9.760965384100666498e+00,8.999999999999998579e+01,-1.953478574360495113e-06,0.000000000000000000e+00,2.558332872076199750e-19,-5.034927716077997918e-03,-8.722542033906521716e-27
6.095000000000000000e+02,0.000000000000000000e+00,5.540169050863366085e-01,1.000000014607794583e+03,1.012018854538380026e+02,6.196828254435986222e-15,0.000000000000000000e+00,-5.905509670512205236e-07,-1.621998683159150025e-23,-9.760907166035016402e+00,8.999999999999998579e+01,-1.911590402175531652e-06,0.000000000000000000e+00,2.558332872076199750e-19,-5.067888064586847582e-03,-8.535505765681022114e-27
6.195000000000000000e+02,0.000000000000000000e+00,5.631066000016724526e-01,1.000000014848075807e+03,1.012018854579416285e+02,6.196828254687260509e-15,4.235164736271501695e-22,-9.085025047850116528e-07,-3.598053247260161495e-23,-9.760965370861232060e+00,8.999999999999998579e+01,-1.883622702707111822e-06,0.000000000000000000e+00,2.558332872076199750e-19,-5.034935210459807499e-03,-8.410626262313639797e-27
6.295000000000000000e+02,0.000000000000000000e+00,5.721962949170514845e-01,1.000000015087425709e+03,1.012018854566846642e+02,6.196828254610293717e-15,4.235164736271501695e-22,-1.754577997510590844e-06,-8.930666489777509438e-23,-9.760848938563364996e+00,8.999999999999998579e+01,-1.738032983632797166e-06,0.000000000000000000e+00,2.558332872076200231e-19,-5.100853737662794374e-03,-7.760548774391317595e-27
6.395000000000000000e+02,0.000000000000000000e+00,5.812859898322323415e-01,1.000000015326775610e+03,1.012018854583303806e+02,6.196828254711065175e-15,4.235164736271501695e-22,-3.315014297561846383e-06,-1.848493642231611336e-22,-9.760848919897473053e+00,8.999999999999998579e+01,-1.738652906937806743e-06,0.000000000000000000e+00,2.558332872076200231e-19,-5.100864304906450875e-03,-7.763316814520714674e-27
6.495000000000000000e+02,0.000000000000000000e+00,5.903756847474581626e-01,1.000000015565194190e+03,1.012018854509280743e+02,6.196828254257805421e-15,-4.235164736271501695e-22,1.346035241295471294e-06,9.934190809289623842e-23,-9.760732543097182301e+00,8.999999999999998579e+01,-1.622130977201919027e-06,0.000000000000000000e+00,2.558332872076200231e-19,-5.166751412337480809e-03,-7.243030877765095220e-27
6.595000000000000000e+02,0.000000000000000000e+00,5.994653796627299469e-01,1.000000015803612769e+03,1.012018854568555781e+02,6.196828254620759534e-15,4.235164736271501695e-22,-8.630222765245977383e-07,-3.285932811179738552e-23,-9.760965361275179220e+00,8.999999999999998579e+01,-1.915865458184814970e-06,0.000000000000000000e+00,2.558332872076199750e-19,-5.034940636062291280e-03,-8.554594460191267292e-27
6.695000000000000000e+02,0.000000000000000000e+00,6.085550745780459181e-01,1.000000016044825315e+03,1.012018854561636374e+02,6.196828254578391393e-15,-4.235164736271501695e-22,-1.517582761970564786e-06,-7.384311606584419409e-23,-9.760965351548570368e+00,8.999999999999998579e+01,-1.829251935541308505e-06,0.000000000000000000e+00,2.558332872076199750e-19,-5.034946142477572488e-03,-8.167853544842336434e-27
6.795000000000000000e+02,0.000000000000000000e+00,6.176447694934096289e-01,1.000000016275793314e+03,1.012018854512965476e+02,6.196828254280366843e-15,0.000000000000000000e+00,1.158550099448356294e-06,9.065432046846860528e-23,-9.760907166705861115e+00,8.999999999999998579e+01,-1.889806098383937999e-06,0.000000000000000000e+00,2.558332872076199750e-19,-5.067887682041039184e-03,-8.438235947626442036e-27
6.895000000000000000e+02,0.000000000000000000e+00,6.267344644086806360e-01,1.000000016514211893e+03,1.012018854529265326e+02,6.196828254380175891e-15,0.000000000000000000e+00,-9.244772207380578748e-07,-3.885138726742114255e-23,-9.760790718808793898e+00,8.999999999999998579e+01,-1.702215485169243044e-06,0.000000000000000000e+00,2.558332872076200231e-19,-5.133815040567368815e-03,-7.600618872933346706e-27
6.995000000000000000e+02,0.000000000000000000e+00,6.358241593238846967e-01,1.000000016751699150e+03,1.012018854493534832e+02,6.196828254161388474e-15,4.235164736271501695e-22,1.410045170346801552e-06,1.050553023652351449e-22,-9.760848953084126478e+00,8.999999999999998579e+01,-1.794083106734561609e-06,0.000000000000000000e+00,2.558332872076200231e-19,-5.100845514334153945e-03,-8.010820039803494351e-27
7.095000000000000000e+02,0.000000000000000000e+00,6.449138542391353868e-01,1.000000016991049051e+03,1.012018854537597718e+02,6.196828254431196259e-15,0.000000000000000000e+00,-1.686423302967744985e-07,9.513305045131883118e-24,-9.760848932901573960e+00,8.999999999999998579e+01,-1.901904119828645731e-06,0.000000000000000000e+00,2.558332872076199750e-19,-5.100856939987042163e-03,-8.492255224808998549e-27
7.195000000000000000e+02,0.000000000000000000e+00,6.540035491544303747e-01,1.000000017228536308e+03,1.012018854509107086e+02,6.196828254256742036e-15,-4.235164736271501695e-22,8.006384424962428425e-07,6.603364243129331833e-23,-9.760790729077687189e+00,8.999999999999998579e+01,-1.630524437118883529e-06,0.000000000000000000e+00,2.558332872076200231e-19,-5.133809225671671049e-03,-7.280508794286190003e-27
7.295000000000000000e+02,0.000000000000000000e+00,6.630932440697697716e-01,1.000000017466023564e+03,1.012018854503225072e+02,6.196828254220725014e-15,0.000000000000000000e+00,8.311553162689283964e-07,6.799311397127276967e-23,-9.760732514980956509e+00,8.999999999999998579e+01,-1.639243669729017145e-06,0.000000000000000000e+00,2.558332872076200231e-19,-5.166767327186424716e-03,-7.319441329274549700e-27
7.395000000000000000e+02,0.000000000000000000e+00,6.721829389851318171e-01,1.000000017706304789e+03,1.012018854494992723e+02,6.196828254170316013e-15,0.000000000000000000e+00,-5.779287885287122862e-08,1.520127140285094136e-23,-9.760907136814010343e+00,8.999999999999998579e+01,-1.796481210128837416e-06,0.000000000000000000e+00,2.558332872076200231e-19,-5.067904603119737124e-03,-8.021527890881447650e-27
7.495000000000000000e+02,0.000000000000000000e+00,6.812726339003163378e-01,1.000000017943792045e+03,1.012018854466668216e+02,6.196828253996878632e-15,0.000000000000000000e+00,1.093764114904328442e-06,8.615550717021624214e-23,-9.760907147686971541e+00,8.999999999999998579e+01,-1.838824569538967436e-06,0.000000000000000000e+00,2.558332872076199750e-19,-5.067898447158405290e-03,-8.210596630697333140e-27
7.595000000000000000e+02,0.000000000000000000e+00,6.903623288155434912e-01,1.000000018182210624e+03,1.012018854526419176e+02,6.196828254362746798e-15,8.470329472543003391e-22,2.379306672472765497e-07,3.299550922757540257e-23,-9.760848922576142783e+00,8.999999999999998579e+01,-1.766428408364522394e-06,-1.895758319773386923e-22,2.558332872076200231e-19,-5.100862783771270385e-03,-7.887338128031495563e-27
7.695000000000000000e+02,0.000000000000000000e+00,6.994520237308179400e-01,1.000000018419697881e+03,1.012018854548240796e+02,6.196828254496367214e-15,0.000000000000000000e+00,-2.271669864935749532e-07,5.318082255352363746e-24,-9.760907126004889633e+00,8.999999999999998579e+01,-1.843260864784859366e-06,0.000000000000000000e+00,2.558332872076199750e-19,-5.067910721009999224e-03,-8.230405279875775230e-27
7.795000000000000000e+02,0.000000000000000000e+00,7.085417186461377970e-01,1.000000018657185137e+03,1.012018854577351306e+02,6.196828254674616646e-15,4.235164736271501695e-22,-1.623161839298192587e-06,-7.917675578817434278e-23,-9.760965318000588198e+00,8.999999999999998579e+01,-1.937693030135363503e-06,0.000000000000000000e+00,2.558332872076199750e-19,-5.034965131073331629e-03,-8.652057476338811361e-27
7.895000000000000000e+02,0.000000000000000000e+00,7.176314135615007306e-01,1.000000018893741071e+03,1.012018854555576723e+02,6.196828254541285743e-15,4.235164736271501695e-22,1.008486132322187984e-07,2.480934594806042951e-23,-9.760848911623726920e+00,8.999999999999998579e+01,-1.786338500700667618e-06,0.000000000000000000e+00,2.558332872076200231e-19,-5.100868983012154904e-03,-7.976239342296330685e-27
7.995000000000000000e+02,0.000000000000000000e+00,7.267211084767586371e-01,1.000000019132159650e+03,1.012018854496689784e+02,6.196828254180706889e-15,0.000000000000000000e+00,3.596780510651664528e-07,4.064308824325835551e-23,-9.760848911708752240e+00,8.999999999999998579e+01,-1.784901519819760557e-06,0.000000000000000000e+00,2.558332872076200231e-19,-5.100868934989395524e-03,-7.969823031260138586e-27
8.095000000000000000e+02,0.000000000000000000e+00,7.358108033919664726e-01,1.000000019368715584e+03,1.012018854481182615e+02,6.196828254085753280e-15,4.235164736271501695e-22,2.272311859128655163e-06,1.579335184440065525e-22,-9.760790720652819275e+00,8.999999999999998579e+01,-1.801725474420945643e-06,0.000000000000000000e+00,2.558332872076200231e-19,-5.133813991899572118e-03,-8.044944229471084710e-27
8.195000000000000000e+02,0.000000000000000000e+00,7.449004983072190500e-01,1.000000019603408873e+03,1.012018854581962728e+02,6.196828254702853922e-15,0.000000000000000000e+00,-2.617040427314759879e-06,-1.410849348603337055e-22,-9.760907079268410058e+00,8.999999999999998579e+01,-1.836984318461431808e-06,0.000000000000000000e+00,2.558332872076199750e-19,-5.067937178728948097e-03,-8.202379664518422410e-27
8.295000000000000000e+02,0.000000000000000000e+00,7.539901932225179237e-01,1.000000019840896130e+03,1.012018854550287870e+02,6.196828254508900636e-15,8.470329472543003391e-22,-6.790309034478715887e-07,-2.322697168423865193e-23,-9.760848888269961776e+00,8.999999999999998579e+01,-1.759259891288626603e-06,0.000000000000000000e+00,2.558332872076200231e-19,-5.100882203245651371e-03,-7.855329744455674591e-27
8.395000000000000000e+02,0.000000000000000000e+00,7.630798881378602072e-01,1.000000020080246031e+03,1.012018854592731287e+02,6.196828254768792439e-15,4.235164736271501695e-22,-1.476531834826453682e-06,-7.129815211286983160e-23,-9.760790661505103216e+00,8.999999999999998579e+01,-1.832287107073152457e-06,0.000000000000000000e+00,2.558332872076199750e-19,-5.133847476442437129e-03,-8.181405990010717338e-27
8.495000000000000000e+02,0.000000000000000000e+00,7.721695830532141480e-01,1.000000020314939320e+03,1.012018854465924278e+02,6.196828253992322961e-15,4.235164736271501695e-22,2.435664515693664881e-06,1.678430852632479902e-22,-9.760790710370262246e+00,8.999999999999998579e+01,-1.792819821592095745e-06,0.000000000000000000e+00,2.558332872076200231e-19,-5.133819811883337872e-03,-8.005179303375363852e-27
8.595000000000000000e+02,0.000000000000000000e+00,7.812592779683992239e-01,1.000000020552426577e+03,1.012018854523426228e+02,6.196828254344420770e-15,4.235164736271501695e-22,3.034291188793018731e-07,3.844643122888918287e-23,-9.760965317574052946e+00,8.999999999999998579e+01,-1.904478045088487222e-06,0.000000000000000000e+00,2.558332872076199750e-19,-5.034965369672370593e-03,-8.503748143935818375e-27
8.695000000000000000e+02,0.000000000000000000e+00,7.903489728836300410e-01,1.000000020791776478e+03,1.012018854533176153e+02,6.196828254404122553e-15,0.000000000000000000e+00,-8.308308799362926915e-07,-3.513795311373182779e-23,-9.760674231804152612e+00,8.999999999999998579e+01,-1.508515721459949055e-06,9.478791598866934614e-23,2.558332872076200231e-19,-5.199764532950075513e-03,-6.735723627555402966e-27
8.795000000000000000e+02,0.000000000000000000e+00,7.994386677989064882e-01,1.000000021030195057e+03,1.012018854492266371e+02,6.196828254153621350e-15,8.470329472543003391e-22,-2.037681969604530129e-07,6.212337306301207588e-24,-9.760907090474418624e+00,8.999999999999998579e+01,-1.791637849823889996e-06,0.000000000000000000e+00,2.558332872076200231e-19,-5.067930832653784468e-03,-7.999901641994080375e-27
8.895000000000000000e+02,0.000000000000000000e+00,8.085283627142280105e-01,1.000000021266750991e+03,1.012018854576560898e+02,6.196828254669777773e-15,-4.235164736271501695e-22,-1.779969418832502656e-06,-8.989027288326667568e-23,-9.760907064840459668e+00,8.999999999999998579e+01,-1.831121851544029243e-06,0.000000000000000000e+00,2.558332872076199750e-19,-5.067945344275151705e-03,-8.176202968863505935e-27
8.995000000000000000e+02,0.000000000000000000e+00,8.176180576295970504e-01,1.000000021502375603e+03,1.012018854632204210e+02,6.196828255010493898e-15,0.000000000000000000e+00,-2.371418520736870086e-06,-1.254815726355931630e-22,-9.760965266360408066e+00,8.999999999999998579e+01,-1.890978319646900661e-06,0.000000000000000000e+00,2.558332872076199750e-19,-5.034994361885374199e-03,-8.443470071703066834e-27
9.095000000000000000e+02,0.000000000000000000e+00,8.267077525448445208e-01,1.000000021739862859e+03,1.012018854555805802e+02,6.196828254542689126e-15,4.235164736271501695e-22,2.803331780184646401e-07,3.498062428886421818e-23,-9.760674231800496869e+00,8.999999999999998579e+01,-1.707858463346061641e-06,0.000000000000000000e+00,2.558332872076200231e-19,-5.199764533108317856e-03,-7.625815522126097062e-27
9.195000000000000000e+02,0.000000000000000000e+00,8.357974474600533554e-01,1.000000021976418793e+03,1.012018854515138173e+02,6.196828254293670982e-15,4.235164736271501695e-22,1.677543952823988583e-06,1.229677013096204054e-22,-9.760907104118947686e+00,8.999999999999998579e+01,-1.941013583761970049e-06,0.000000000000000000e+00,2.558332872076199750e-19,-5.067923105828367122e-03,-8.666884190572622437e-27
9.295000000000000000e+02,0.000000000000000000e+00,8.448871423753079313e-01,1.000000022213906050e+03,1.012018854562339385e+02,6.196828254582694629e-15,4.235164736271501695e-22,-8.793528103566095778e-07,-3.507206187704611536e-23,-9.760790634736103755e+00,8.999999999999998579e+01,-1.799637772781417227e-06,0.000000000000000000e+00,2.558332872076200231e-19,-5.133862628330281355e-03,-8.035622363572963900e-27
9.395000000000000000e+02,0.000000000000000000e+00,8.539768372906075822e-01,1.000000022449530661e+03,1.012018854542061632e+02,6.196828254458530289e-15,0.000000000000000000e+00,1.288969014158836787e-06,9.782244427856067180e-23,-9.760907091278390624e+00,8.999999999999998579e+01,-1.811415812077364712e-06,0.000000000000000000e+00,2.558332872076199750e-19,-5.067930374494650572e-03,-8.088212877840330144e-27
9.495000000000000000e+02,0.000000000000000000e+00,8.630665322059528632e-01,1.000000022687017918e+03,1.012018854566025823e+02,6.196828254605268673e-15,0.000000000000000000e+00,-2.861341269873623451e-07,1.721890519199587809e-24,-9.760907064151604473e+00,8.999999999999998579e+01,-1.844651299907538990e-06,0.000000000000000000e+00,2.558332872076199750e-19,-5.067945731834964072e-03,-8.236613757901679521e-27
9.595000000000000000e+02,0.000000000000000000e+00,8.721562271212935924e-01,1.000000022924505174e+03,1.012018854524350786e+02,6.196828254350081636e-15,-4.235164736271501695e-22,8.641141158341728411e-07,7.410352618842662113e-23,-9.760965292780792169e+00,8.999999999999998579e+01,-2.031499831247830268e-06,0.000000000000000000e+00,2.558332872076199750e-19,-5.034979402283963276e-03,-9.070917338181762465e-27
9.695000000000000000e+02,0.000000000000000000e+00,8.812459220364815549e-01,1.000000023157335818e+03,1.012018854458100492e+02,6.196828253944417016e-15,4.235164736271501695e-22,2.929096675693500125e-06,1.958489504527769520e-22,-9.760674247147319349e+00,8.999999999999998579e+01,-1.581156900068823686e-06,0.000000000000000000e+00,2.558332872076200231e-19,-5.199755842777134020e-03,-7.060076165701792985e-27
9.795000000000000000e+02,0.000000000000000000e+00,8.903356169517170349e-01,1.000000023393891752e+03,1.012018854505258361e+02,6.196828254233174817e-15,-4.235164736271501695e-22,4.499178597112276359e-07,4.782748139985398117e-23,-9.760965279107493231e+00,8.999999999999998579e+01,-1.943896907803660664e-06,0.000000000000000000e+00,2.558332872076199750e-19,-5.034987142836528512e-03,-8.679758616471690482e-27
9.895000000000000000e+02,0.000000000000000000e+00,8.994253118669961466e-01,1.000000023629516363e+03,1.012018854634556959e+02,6.196828255024900076e-15,0.000000000000000000e+00,-2.910261897365368152e-06,-1.594085060053718547e-22,-9.760790577844264959e+00,8.999999999999998579e+01,-1.801638615386467077e-06,0.000000000000000000e+00,2.558332872076200231e-19,-5.133894834770504415e-03,-8.044556392312691909e-27
9.995000000000000000e+02,0.000000000000000000e+00,9.085150067823190012e-01,1.000000023866072297e+03,1.012018854516543769e+02,6.196828254302278243e-15,0.000000000000000000e+00,9.253292746051881547e-08,2.321423724987980722e-23,-9.760848835480501862e+00,8.999999999999998579e+01,-1.682238224184715993e-06,0.000000000000000000e+00,2.558332872076200231e-19,-5.100912083420268070e-03,-7.511417741706760158e-27
1.009500000000000000e+03,0.000000000000000000e+00,9.176047016976870419e-01,1.000000024117529392e+03,1.012018854478788654e+02,6.196828254071095455e-15,0.000000000000000000e+00,4.960081927265873833e-06,3.202577335396251916e-22,-9.760732478864010631e+00,8.999999999999998579e+01,-1.585634297741124091e-06,0.000000000000000000e+00,2.558332872076200231e-19,-5.166787763355241807e-03,-7.080068342688910350e-27
1.019500000000000000e+03,0.000000000000000000e+00,9.266943966130986032e-01,1.000000024356879294e+03,1.012018854634452083e+02,6.196828255024257943e-15,4.235164736271501695e-22,-2.220891108165037725e-06,-1.160925466535169338e-22,-9.760965221065637465e+00,8.999999999999998579e+01,-1.907455211882608120e-06,0.000000000000000000e+00,2.558332872076199750e-19,-5.035020000654783813e-03,-8.517041590224152681e-27
1.029500000000000000e+03,0.000000000000000000e+00,9.357840915285592365e-01,1.000000024592503905e+03,1.012018854640512870e+02,6.196828255061370693e-15,4.235164736271501695e-22,-3.305342649822726441e-06,-1.843951475475368481e-22,-9.760848791280626102e+00,8.999999999999998579e+01,-1.725423648369348134e-06,0.000000000000000000e+00,2.558332872076200231e-19,-5.100937105042426846e-03,-7.704246412902116356e-27
1.039500000000000000e+03,0.000000000000000000e+00,9.448737864440701628e-01,1.000000024828128517e+03,1.012018854667598475e+02,6.196828255227220810e-15,0.000000000000000000e+00,-5.057411785311383643e-06,-2.892059925312069495e-22,-9.761023405286607613e+00,8.999999999999998579e+01,-1.962406553175237562e-06,0.000000000000000000e+00,2.558332872076199750e-19,-5.002078812008238506e-03,-8.762406648503030542e-27
1.049500000000000000e+03,0.000000000000000000e+00,9.539634813591342244e-01,1.000000025064684451e+03,1.012018854479036349e+02,6.196828254072611646e-15,4.235164736271501695e-22,7.721161611683549502e-07,6.634596401522678329e-23,-9.760907066168732271e+00,8.999999999999998579e+01,-1.827868742121910711e-06,0.000000000000000000e+00,2.558332872076199750e-19,-5.067944586432565277e-03,-8.161677401986167346e-27
1.059500000000000000e+03,0.000000000000000000e+00,9.630531762742297053e-01,1.000000025298446417e+03,1.012018854628358753e+02,6.196828254986947978e-15,0.000000000000000000e+00,-3.459960168056437641e-06,-1.925751123388173572e-22,-9.760848775428229374e+00,8.999999999999998579e+01,-1.848860403158190423e-06,0.000000000000000000e+00,2.558332872076199750e-19,-5.100946078810352641e-03,-8.255407964559861319e-27
1.069500000000000000e+03,0.000000000000000000e+00,9.721428711893767005e-01,1.000000025533139706e+03,1.012018854607630800e+02,6.196828254860024991e-15,-4.235164736271501695e-22,-3.544421182756639573e-06,-1.958975831199744650e-22,-9.761081634031180343e+00,8.999999999999998579e+01,-2.026090393050539653e-06,0.000000000000000000e+00,2.558332872076199750e-19,-4.969112416467530956e-03,-9.046763476104655413e-27
1.079500000000000000e+03,0.000000000000000000e+00,9.812325661045662173e-01,1.000000025767832994e+03,1.012018854589546066e+02,6.196828254749287853e-15,0.000000000000000000e+00,-4.956026066980442297e-06,-2.829802143992293158e-22,-9.760965173218437485e+00,8.999999999999998579e+01,-1.964114391298619953e-06,0.000000000000000000e+00,2.558332872076199750e-19,-5.035047087541123616e-03,-8.770032373204509534e-27
1.089500000000000000e+03,0.000000000000000000e+00,9.903222610198065823e-01,1.000000026006251574e+03,1.012018854616203072e+02,6.196828254912515007e-15,4.235164736271501695e-22,-3.703485220029097226e-06,-2.066736492078785624e-22,-9.760906973765154149e+00,8.999999999999998579e+01,-1.926792996504815039e-06,0.000000000000000000e+00,2.558332872076199750e-19,-5.067996898281045860e-03,-8.603387374316022512e-27
1.099500000000000000e+03,0.000000000000000000e+00,9.994119559350881365e-01,1.000000026242807508e+03,1.012018854615061514e+02,6.196828254905524911e-15,4.235164736271501695e-22,-1.527382420522861950e-06,-7.355491252894920766e-23,-9.760848790534579322e+00,8.999999999999998579e+01,-1.914425628774748896e-06,0.000000000000000000e+00,2.558332872076199750e-19,-5.100937524701573689e-03,-8.548165430092963013e-27
1.109500000000000000e+03,0.000000000000000000e+00,1.008501650850415876e+00,1.000000026479363441e+03,1.012018854581726401e+02,6.196828254701406362e-15,8.470329472543003391e-22,-2.272979010200632430e-06,-1.204509529697412426e-22,-9.760906989236680431e+00,8.999999999999998579e+01,-1.795408134965600052e-06,0.000000000000000000e+00,2.558332872076200231e-19,-5.067988138465988508e-03,-8.016736467346155905e-27
1.119500000000000000e+03,0.000000000000000000e+00,1.017591345765788802e+00,1.000000026714056730e+03,1.012018854602975750e+02,6.196828254831521080e-15,-4.235164736271501695e-22,-2.301375172024694651e-06,-1.204162172699559809e-22,-9.761023418437533294e+00,8.999999999999998579e+01,-1.965397868347388281e-06,0.000000000000000000e+00,2.558332872076199750e-19,-5.002071363769734248e-03,-8.775763269183799986e-27
1.129500000000000000e+03,0.000000000000000000e+00,1.026681040681204360e+00,1.000000026948750019e+03,1.012018854509021253e+02,6.196828254256215866e-15,4.235164736271501695e-22,1.831538466176122974e-07,2.963277392482393494e-23,-9.760848807128040150e+00,8.999999999999998579e+01,-1.765601854067370496e-06,0.000000000000000000e+00,2.558332872076200231e-19,-5.100928129937836765e-03,-7.883647452999355426e-27
1.139500000000000000e+03,0.000000000000000000e+00,1.035770735596666992e+00,1.000000027185305953e+03,1.012018854579942229e+02,6.196828254690482217e-15,0.000000000000000000e+00,-1.392218583272997399e-06,-6.589675301691973521e-23,-9.760848774570453301e+00,8.999999999999998579e+01,-1.855158999193983534e-06,0.000000000000000000e+00,2.558332872076199750e-19,-5.100946561514285021e-03,-8.283532034819902533e-27
1.149500000000000000e+03,0.000000000000000000e+00,1.044860430512145832e+00,1.000000027419999242e+03,1.012018854618053183e+02,6.196828254923844627e-15,0.000000000000000000e+00,-5.677569547496423387e-06,-3.284675805784372472e-22,-9.760848691722763704e+00,8.999999999999998579e+01,-1.838981010254100386e-06,0.000000000000000000e+00,2.558332872076199750e-19,-5.100993465403363264e-03,-8.211295159327985106e-27
1.159500000000000000e+03,0.000000000000000000e+00,1.053950125427205231e+00,1.000000027653761208e+03,1.012018854598998558e+02,6.196828254807166577e-15,-4.235164736271501695e-22,-3.199129662904591190e-06,-1.752250410844076472e-22,-9.761023384934548019e+00,8.999999999999998579e+01,-1.981002708064593297e-06,0.000000000000000000e+00,2.558332872076199750e-19,-5.002090330018286839e-03,-8.845440957054145717e-27
1.169500000000000000e+03,0.000000000000000000e+00,1.063039820342305708e+00,1.000000027886591852e+03,1.012018854540015127e+02,6.196828254445998445e-15,0.000000000000000000e+00,-1.701551962521182717e-06,-8.451700501420093942e-23,-9.760906972568665907e+00,8.999999999999998579e+01,-1.885915654390888394e-06,0.000000000000000000e+00,2.558332872076199750e-19,-5.067997573017313587e-03,-8.420864596998220471e-27
1.179500000000000000e+03,0.000000000000000000e+00,1.072129515257450594e+00,1.000000028121285141e+03,1.012018854562614791e+02,6.196828254584382003e-15,0.000000000000000000e+00,-3.513782316393222068e-07,-2.556494591743519994e-24,-9.760848775126104826e+00,8.999999999999998579e+01,-1.817500686215915173e-06,0.000000000000000000e+00,2.558332872076199750e-19,-5.100946245415616948e-03,-8.115382651361862269e-27
1.189500000000000000e+03,0.000000000000000000e+00,1.081219210172641887e+00,1.000000028355047107e+03,1.012018854557902898e+02,6.196828254555529415e-15,4.235164736271501695e-22,-1.904378830404980218e-06,-9.808221554652098288e-23,-9.760848741043618659e+00,8.999999999999998579e+01,-1.776100962152355311e-06,0.000000000000000000e+00,2.558332872076200231e-19,-5.100965541020236263e-03,-7.930527369058729633e-27
1.199500000000000000e+03,0.000000000000000000e+00,1.090308905087876923e+00,1.000000028590671718e+03,1.012018854526107248e+02,6.196828254360836966e-15,0.000000000000000000e+00,-1.643351070490106364e-06,-8.224653231474242455e-23,-9.760848741037943199e+00,8.999999999999998579e+01,-1.761945986679002332e-06,0.000000000000000000e+00,2.558332872076200231e-19,-5.100965544104396794e-03,-7.867323518156165612e-27
1.209500000000000000e+03,0.000000000000000000e+00,1.099398600003161475e+00,1.000000028821639717e+03,1.012018854629550475e+02,6.196828254994244152e-15,0.000000000000000000e+00,-2.963806589309933143e-06,-1.602130147915922282e-22,-9.761023366809256530e+00,8.999999999999998579e+01,-2.038773348353497084e-06,0.000000000000000000e+00,2.558332872076199750e-19,-5.002100589384572173e-03,-9.103394560876301358e-27
1.219500000000000000e+03,0.000000000000000000e+00,1.108488294918489547e+00,1.000000029054470360e+03,1.012018854572721551e+02,6.196828254646267352e-15,4.235164736271501695e-22,-3.409992949151549978e-06,-1.884819011844919156e-22,-9.760965134683745603e+00,8.999999999999998579e+01,-1.947922039455538580e-06,0.000000000000000000e+00,2.558332872076199750e-19,-5.035068898441633772e-03,-8.697731365436703935e-27
1.229500000000000000e+03,0.000000000000000000e+00,1.117577989833863361e+00,1.000000029288232327e+03,1.012018854597884285e+02,6.196828254800344508e-15,0.000000000000000000e+00,-2.023798739360701128e-06,-1.042597020753966492e-22,-9.760906937853404131e+00,8.999999999999998579e+01,-1.884882939910037794e-06,0.000000000000000000e+00,2.558332872076199750e-19,-5.068017224210605125e-03,-8.416253389285746737e-27
1.239500000000000000e+03,0.000000000000000000e+00,1.126667684749282472e+00,1.000000029522925615e+03,1.012018854550373987e+02,6.196828254509429173e-15,4.235164736271501695e-22,-1.275571318848321334e-06,-6.018283711357465541e-23,-9.760790509249442692e+00,8.999999999999998579e+01,-1.718211753239466257e-06,0.000000000000000000e+00,2.558332872076200231e-19,-5.133933660369420851e-03,-7.672044340537378832e-27
1.249500000000000000e+03,0.000000000000000000e+00,1.135757379664738220e+00,1.000000029757618904e+03,1.012018854594366388e+02,6.196828254778804661e-15,4.235164736271501695e-22,-2.160353189642357196e-06,-1.144285326524068278e-22,-9.760848705566692374e+00,8.999999999999998579e+01,-1.711641437070077912e-06,0.000000000000000000e+00,2.558332872076200231e-19,-5.100985623623908310e-03,-7.642707003688263512e-27
1.259500000000000000e+03,0.000000000000000000e+00,1.144847074580203516e+00,1.000000029990449548e+03,1.012018854430081518e+02,6.196828253772849235e-15,0.000000000000000000e+00,-3.405900071075126017e-07,-2.767930898450573755e-24,-9.760906956077658236e+00,8.999999999999998579e+01,-1.733894851374982007e-06,0.000000000000000000e+00,2.558332872076200231e-19,-5.068006906738609443e-03,-7.742071462669342038e-27
1.269500000000000000e+03,0.000000000000000000e+00,1.153936769495261361e+00,1.000000030224211514e+03,1.012018854566976103e+02,6.196828254611086522e-15,8.470329472543003391e-22,-5.555743988474781367e-06,-3.215748076803637563e-22,-9.760906846419439731e+00,8.999999999999998579e+01,-1.784626093571561450e-06,0.000000000000000000e+00,2.558332872076200231e-19,-5.068068988623239055e-03,-7.968593216375712614e-27
1.279500000000000000e+03,0.000000000000000000e+00,1.163026464410368943e+00,1.000000030455179513e+03,1.012018854594309119e+02,6.196828254778452829e-15,4.235164736271501695e-22,-5.025337858864069200e-06,-2.896387561526720105e-22,-9.760848631703829881e+00,8.999999999999998579e+01,-1.732682740706204840e-06,0.000000000000000000e+00,2.558332872076200231e-19,-5.101027440211191449e-03,-7.736659227082567807e-27
1.289500000000000000e+03,0.000000000000000000e+00,1.172116159325520268e+00,1.000000030688010156e+03,1.012018854522473674e+02,6.196828254338588722e-15,4.235164736271501695e-22,-1.125633722503118940e-06,-5.108601634323274514e-23,-9.760848705620411181e+00,8.999999999999998579e+01,-1.710128912688381134e-06,0.000000000000000000e+00,2.558332872076200231e-19,-5.100985592206427714e-03,-7.635953380858805615e-27
1.299500000000000000e+03,0.000000000000000000e+00,1.181205854240718445e+00,1.000000030922703445e+03,1.012018854472459140e+02,6.196828254032337930e-15,4.235164736271501695e-22,9.653336225769574305e-07,7.839674947433598719e-23,-9.761023404104459900e+00,8.999999999999998579e+01,-1.848900949628111929e-06,0.000000000000000000e+00,2.558332872076199750e-19,-5.002079472210763968e-03,-8.255589009948767248e-27
1.309500000000000000e+03,0.000000000000000000e+00,1.190295549155962584e+00,1.000000031156465411e+03,1.012018854567122048e+02,6.196828254611980301e-15,4.235164736271501695e-22,-4.875217266856430868e-06,-2.788533081283374845e-22,-9.760965058307176534e+00,8.999999999999998579e+01,-1.885391539331425670e-06,0.000000000000000000e+00,2.558332872076199750e-19,-5.035112135715085445e-03,-8.418524353446655624e-27
1.319500000000000000e+03,0.000000000000000000e+00,1.199385244071250689e+00,1.000000031389296055e+03,1.012018854575008504e+02,6.196828254660271999e-15,0.000000000000000000e+00,-3.460631292407535888e-07,-3.579291397493374312e-24,-9.760848706089783278e+00,8.999999999999998579e+01,-1.688252179172596790e-06,0.000000000000000000e+00,2.558332872076200231e-19,-5.100985324735403219e-03,-7.538270851774263433e-27
1.329500000000000000e+03,0.000000000000000000e+00,1.208474938986582314e+00,1.000000031621195376e+03,1.012018854545088402e+02,6.196828254477062999e-15,4.235164736271501695e-22,-1.922552299121389875e-06,-9.910175356920983482e-23,-9.760848667965872139e+00,8.999999999999998579e+01,-1.785041798720898795e-06,0.000000000000000000e+00,2.558332872076200231e-19,-5.101006908638047559e-03,-7.970449395238583233e-27
1.339500000000000000e+03,0.000000000000000000e+00,1.217564633901961235e+00,1.000000031854026020e+03,1.012018854549639997e+02,6.196828254504933454e-15,0.000000000000000000e+00,1.554536587724796090e-07,2.809061067523282757e-23,-9.760848706608719283e+00,8.999999999999998579e+01,-1.780363355154247330e-06,0.000000000000000000e+00,2.558332872076200231e-19,-5.100985030339027886e-03,-7.949559521554287199e-27
1.349500000000000000e+03,0.000000000000000000e+00,1.226654328817385675e+00,1.000000032087787986e+03,1.012018854564912544e+02,6.196828254598451337e-15,0.000000000000000000e+00,-1.628554796060969155e-07,8.870456383120486262e-24,-9.760790473667594114e+00,8.999999999999998579e+01,-1.806320512988566060e-06,0.000000000000000000e+00,2.558332872076200231e-19,-5.133953800492078133e-03,-8.065461688725335096e-27
1.359500000000000000e+03,0.000000000000000000e+00,1.235744023732853192e+00,1.000000032319687307e+03,1.012018854613694003e+02,6.196828254897151152e-15,0.000000000000000000e+00,-1.137517837302254098e-06,-5.159322021099867706e-23,-9.760848668061836264e+00,8.999999999999998579e+01,-1.731265742994240580e-06,0.000000000000000000e+00,2.558332872076200231e-19,-5.101006852430240920e-03,-7.730332143557424940e-27
1.369500000000000000e+03,0.000000000000000000e+00,1.244833718648293397e+00,1.000000032553449273e+03,1.012018854650815314e+02,6.196828255124454322e-15,-4.235164736271501695e-22,-7.614127346681859368e-06,-4.472539930772710415e-22,-9.760906743547490549e+00,8.999999999999998579e+01,-1.819179417939264318e-06,0.000000000000000000e+00,2.558332872076199750e-19,-5.068127225147728981e-03,-8.122878412110280223e-27
1.379500000000000000e+03,0.000000000000000000e+00,1.253923413563355682e+00,1.000000032787211239e+03,1.012018854503003098e+02,6.196828254219365018e-15,4.235164736271501695e-22,1.185385308706624083e-06,9.143159828574283618e-23,-9.760848708138746943e+00,8.999999999999998579e+01,-1.806808573400431731e-06,0.000000000000000000e+00,2.558332872076200231e-19,-5.100984162867910378e-03,-8.067640943472972953e-27
1.389500000000000000e+03,0.000000000000000000e+00,1.263013108478463709e+00,1.000000033018179238e+03,1.012018854511703267e+02,6.196828254272639161e-15,0.000000000000000000e+00,-1.125273143483796139e-06,-4.985699421726909690e-23,-9.760965095662015756e+00,8.999999999999998579e+01,-1.825809167975913945e-06,0.000000000000000000e+00,2.558332872076199750e-19,-5.035090984274596601e-03,-8.152481129093189007e-27
1.399500000000000000e+03,0.000000000000000000e+00,1.272102803393619030e+00,1.000000033251009881e+03,1.012018854583386798e+02,6.196828254711573202e-15,-4.235164736271501695e-22,-4.027055866803926324e-06,-2.256353720490519311e-22,-9.761023248710667843e+00,8.999999999999998579e+01,-2.008373999283488300e-06,0.000000000000000000e+00,2.558332872076199750e-19,-5.002167444001874401e-03,-8.967657418147027853e-27
1.409500000000000000e+03,0.000000000000000000e+00,1.281192498308818095e+00,1.000000033481977880e+03,1.012018854438452280e+02,6.196828253824106261e-15,0.000000000000000000e+00,6.561837761204752723e-07,5.924521209019692020e-23,-9.760906902826610221e+00,8.999999999999998579e+01,-1.827682730010771634e-06,0.000000000000000000e+00,2.558332872076199750e-19,-5.068037048779412863e-03,-8.160846833133493650e-27
1.419500000000000000e+03,0.000000000000000000e+00,1.290282193224064233e+00,1.000000033713877201e+03,1.012018854647265869e+02,6.196828255102719626e-15,0.000000000000000000e+00,-8.184156995916916014e-06,-4.822472816164627040e-22,-9.760906698426175865e+00,8.999999999999998579e+01,-1.810643842899151394e-06,0.000000000000000000e+00,2.558332872076200231e-19,-5.068152768755555121e-03,-8.084765932634880379e-27
1.429500000000000000e+03,0.000000000000000000e+00,1.299371888139353226e+00,1.000000033944845200e+03,1.012018854596423125e+02,6.196828254791398826e-15,0.000000000000000000e+00,-1.638023681638161463e-06,-8.262333810462529216e-23,-9.760790394534549108e+00,8.999999999999998579e+01,-1.694562565550127241e-06,0.000000000000000000e+00,2.558332872076200231e-19,-5.133998598448237874e-03,-7.566447567480610781e-27
1.439500000000000000e+03,0.000000000000000000e+00,1.308461583054682631e+00,1.000000034183263779e+03,1.012018854550926648e+02,6.196828254512811019e-15,-4.235164736271501695e-22,-8.177167602364166817e-07,-2.776150552051177334e-23,-9.761081523132077109e+00,8.999999999999998579e+01,-2.138591976921586520e-06,0.000000000000000000e+00,2.558332872076199750e-19,-4.969175187671254559e-03,-9.549098033071838679e-27
1.449500000000000000e+03,0.000000000000000000e+00,1.317551277970064216e+00,1.000000034414231777e+03,1.012018854688323302e+02,6.196828255354124075e-15,0.000000000000000000e+00,-5.162116332395181150e-06,-2.956836099608683883e-22,-9.760964971459637596e+00,8.999999999999998579e+01,-1.956061366426747520e-06,0.000000000000000000e+00,2.558332872076199750e-19,-5.035161297947738333e-03,-8.734074544505007797e-27
1.459500000000000000e+03,0.000000000000000000e+00,1.326640972885490433e+00,1.000000034647062421e+03,1.012018854564308583e+02,6.196828254594753946e-15,0.000000000000000000e+00,2.335019240084083270e-06,1.604531161433159712e-22,-9.760732244822007075e+00,8.999999999999998579e+01,-1.675182979735629959e-06,0.000000000000000000e+00,2.558332872076200231e-19,-5.166920247917816678e-03,-7.479915135497328861e-27
1.469500000000000000e+03,0.000000000000000000e+00,1.335730667800966165e+00,1.000000034880824387e+03,1.012018854594909385e+02,6.196828254782128921e-15,0.000000000000000000e+00,-3.324710291591101380e-06,-1.831870641671547641e-22,-9.760906778616284640e+00,8.999999999999998579e+01,-1.954910636226340072e-06,0.000000000000000000e+00,2.558332872076199750e-19,-5.068107367129545161e-03,-8.728936380885255849e-27
1.479500000000000000e+03,0.000000000000000000e+00,1.344820362716383499e+00,1.000000035111792386e+03,1.012018854620550314e+02,6.196828254939134329e-15,4.235164736271501695e-22,-3.061291735095223449e-06,-1.679148264063793002e-22,-9.760906778388825700e+00,8.999999999999998579e+01,-1.872708303858144567e-06,0.000000000000000000e+00,2.558332872076199750e-19,-5.068107495258925531e-03,-8.361892017677194510e-27
1.489500000000000000e+03,0.000000000000000000e+00,1.353910057631449115e+00,1.000000035341829062e+03,1.012018854439533015e+02,6.196828253830724015e-15,0.000000000000000000e+00,2.651765671438709122e-06,1.814075682640088873e-22,-9.760906907140812550e+00,8.999999999999998579e+01,-1.824634966790315901e-06,0.000000000000000000e+00,2.558332872076199750e-19,-5.068034602949581663e-03,-8.147238164398276127e-27
1.499500000000000000e+03,0.000000000000000000e+00,1.362999752546557808e+00,1.000000035574659705e+03,1.012018854561318761e+02,6.196828254576445273e-15,8.470329472543003391e-22,-1.167256246656065477e-06,-5.259036846584304305e-23,-9.760848586862291398e+00,8.999999999999998579e+01,-1.810238672400274461e-06,0.000000000000000000e+00,2.558332872076200231e-19,-5.101052818612135560e-03,-8.082956792389505516e-27
1.509500000000000000e+03,0.000000000000000000e+00,1.372089447461716682e+00,1.000000035805627704e+03,1.012018854549758942e+02,6.196828254505663151e-15,0.000000000000000000e+00,9.064095760838501459e-07,7.459464373028839061e-23,-9.760848630530221115e+00,8.999999999999998579e+01,-1.830331847822016552e-06,0.000000000000000000e+00,2.558332872076199750e-19,-5.101028095495108855e-03,-8.172675497017827200e-27
1.519500000000000000e+03,0.000000000000000000e+00,1.381179142376915303e+00,1.000000036046840250e+03,1.012018854639977263e+02,6.196828255058089821e-15,0.000000000000000000e+00,-4.277148039752130927e-06,-2.436137152225759457e-22,-9.760848499436464820e+00,8.999999999999998579e+01,-1.752970167211238030e-06,0.000000000000000000e+00,2.558332872076200231e-19,-5.101102313597245981e-03,-7.827245288671635112e-27
1.529500000000000000e+03,0.000000000000000000e+00,1.390268837292157666e+00,1.000000036276876926e+03,1.012018854725921386e+02,6.196828255584346819e-15,0.000000000000000000e+00,-5.852190366532591076e-06,-3.391260518569957248e-22,-9.760848454919056394e+00,8.999999999999998579e+01,-1.842237552215174928e-06,0.000000000000000000e+00,2.558332872076199750e-19,-5.101127516140308016e-03,-8.225836052948973792e-27
1.539500000000000000e+03,0.000000000000000000e+00,1.399358532207449102e+00,1.000000036506913602e+03,1.012018854492938829e+02,6.196828254157739993e-15,0.000000000000000000e+00,-1.144731875570631677e-07,1.075772765671949137e-23,-9.760848587556282041e+00,8.999999999999998579e+01,-1.703228508035347876e-06,0.000000000000000000e+00,2.558332872076200231e-19,-5.101052424667322158e-03,-7.605142154963097282e-27
1.549500000000000000e+03,0.000000000000000000e+00,1.408448227122786944e+00,1.000000036737881601e+03,1.012018854547223441e+02,6.196828254490137579e-15,4.235164736271501695e-22,1.570157054168294097e-06,1.142001985487275606e-22,-9.760790397756581527e+00,8.999999999999998579e+01,-1.730906934874183504e-06,0.000000000000000000e+00,2.558332872076200231e-19,-5.133996769734717851e-03,-7.728730017508854952e-27
1.559500000000000000e+03,0.000000000000000000e+00,1.417537922038167864e+00,1.000000036966986954e+03,1.012018854468893210e+02,6.196828254010502260e-15,0.000000000000000000e+00,3.645649438032658477e-06,2.419479600363989988e-22,-9.760790443300733088e+00,8.999999999999998579e+01,-1.794225879857201657e-06,0.000000000000000000e+00,2.558332872076200231e-19,-5.133970985005652417e-03,-8.011457540813172571e-27
1.569500000000000000e+03,0.000000000000000000e+00,1.426627616953598299e+00,1.000000037197023630e+03,1.012018854578735443e+02,6.196828254683092957e-15,0.000000000000000000e+00,3.047978607445867432e-07,3.565885175653438314e-23,-9.760790353600960145e+00,8.999999999999998579e+01,-1.629248392166647801e-06,0.000000000000000000e+00,2.558332872076200231e-19,-5.134021767539399123e-03,-7.274811083607857152e-27
1.579500000000000000e+03,0.000000000000000000e+00,1.435717311869071366e+00,1.000000037426128983e+03,1.012018854584621437e+02,6.196828254719132856e-15,0.000000000000000000e+00,-2.112217177155089430e-07,6.843736849761023177e-24,-9.760965013255169964e+00,8.999999999999998579e+01,-1.895906132545201160e-06,0.000000000000000000e+00,2.558332872076199750e-19,-5.035137630783378081e-03,-8.465473412668669867e-27
1.589500000000000000e+03,0.000000000000000000e+00,1.444807006784464498e+00,1.000000037656165659e+03,1.012018854647100738e+02,6.196828255101708307e-15,4.235164736271501695e-22,-6.111975297394007282e-06,-3.554420942865782937e-22,-9.760848405888106427e+00,8.999999999999998579e+01,-1.803048169611230268e-06,0.000000000000000000e+00,2.558332872076200231e-19,-5.101155273497050106e-03,-8.050850239676024684e-27
1.599500000000000000e+03,0.000000000000000000e+00,1.453896701699534555e+00,1.000000037886202335e+03,1.012018854503960625e+02,6.196828254225227832e-15,4.235164736271501695e-22,-7.300506307208075265e-07,-2.648053633490889609e-23,-9.760790308600521215e+00,8.999999999999998579e+01,-1.746855319775500353e-06,0.000000000000000000e+00,2.558332872076200231e-19,-5.134047244208757473e-03,-7.799941680385782167e-27
1.609500000000000000e+03,0.000000000000000000e+00,1.462986396614649243e+00,1.000000038116239011e+03,1.012018854638077840e+02,6.196828255046458067e-15,0.000000000000000000e+00,-4.629801091882903899e-06,-2.627284376351371094e-22,-9.761023109966398437e+00,8.999999999999998579e+01,-1.990585392454269275e-06,0.000000000000000000e+00,2.558332872076199750e-19,-5.002245985549226212e-03,-8.888228919248186464e-27
1.619500000000000000e+03,0.000000000000000000e+00,1.472076091529809005e+00,1.000000038344413042e+03,1.012018854415072724e+02,6.196828253680947728e-15,-4.235164736271501695e-22,1.000948987142948620e-06,7.810941080240153036e-23,-9.760673885374572478e+00,8.999999999999998579e+01,-1.612356848398431561e-06,0.000000000000000000e+00,2.558332872076200231e-19,-5.199960635544616065e-03,-7.199388090763375130e-27
1.629500000000000000e+03,0.000000000000000000e+00,1.481165786445016508e+00,1.000000038569793105e+03,1.012018854709935454e+02,6.196828255486460225e-15,-4.235164736271501695e-22,-7.816786003586419972e-06,-4.571341770423204398e-22,-9.761023015096357724e+00,8.999999999999998579e+01,-2.061600371250634144e-06,0.000000000000000000e+00,2.558332872076199750e-19,-5.002299695192072293e-03,-9.205320258625203097e-27
1.639500000000000000e+03,0.000000000000000000e+00,1.490255481360267531e+00,1.000000038797967136e+03,1.012018854524240368e+02,6.196828254349406371e-15,0.000000000000000000e+00,-1.456258823027723981e-06,-7.221074256271662840e-23,-9.760790262269427586e+00,8.999999999999998579e+01,-1.625799903455817577e-06,0.000000000000000000e+00,2.558332872076200231e-19,-5.134073472956927377e-03,-7.259413122182291094e-27
1.649500000000000000e+03,0.000000000000000000e+00,1.499345176275562075e+00,1.000000039026141167e+03,1.012018854532496732e+02,6.196828254399962100e-15,0.000000000000000000e+00,3.984292571423717393e-08,1.936774491818543355e-23,-9.760673839272186569e+00,8.999999999999998579e+01,-1.622816463888111984e-06,0.000000000000000000e+00,2.558332872076200231e-19,-5.199986734320509972e-03,-7.246091667124382526e-27
1.659500000000000000e+03,0.000000000000000000e+00,1.508434871190903692e+00,1.000000039255246520e+03,1.012018854677053668e+02,6.196828255285117678e-15,4.235164736271501695e-22,-5.567672990130484293e-06,-3.208814818982814675e-22,-9.760964824901915193e+00,8.999999999999998579e+01,-1.921101393437127434e-06,0.000000000000000000e+00,2.558332872076199750e-19,-5.035244263740810793e-03,-8.577973608508806419e-27
1.669500000000000000e+03,0.000000000000000000e+00,1.517524566106289496e+00,1.000000039483420551e+03,1.012018854590484978e+02,6.196828254755037860e-15,0.000000000000000000e+00,-6.704238535628064803e-07,-2.300266443782560733e-23,-9.760790262580790966e+00,8.999999999999998579e+01,-1.730250179043501904e-06,0.000000000000000000e+00,2.558332872076200231e-19,-5.134073294840836924e-03,-7.725797515246316885e-27
1.679500000000000000e+03,0.000000000000000000e+00,1.526614261021718599e+00,1.000000039712525904e+03,1.012018854651559394e+02,6.196828255129010783e-15,4.235164736271501695e-22,-4.035633002871829860e-06,-2.292814262745288999e-22,-9.760790165848742816e+00,8.999999999999998579e+01,-1.709243344257337482e-06,0.000000000000000000e+00,2.558332872076200231e-19,-5.134128059172272940e-03,-7.631999199858272494e-27
1.689500000000000000e+03,0.000000000000000000e+00,1.535703955937202325e+00,1.000000039940699935e+03,1.012018854653840378e+02,6.196828255142977565e-15,0.000000000000000000e+00,-5.330684249147212196e-06,-3.083976557425832427e-22,-9.760848352257214700e+00,8.999999999999998579e+01,-1.726755957747769510e-06,0.000000000000000000e+00,2.558332872076200231e-19,-5.101185632720993055e-03,-7.710195351737676579e-27
1.699500000000000000e+03,0.000000000000000000e+00,1.544793650852572364e+00,1.000000040172599256e+03,1.012018854534885151e+02,6.196828254414586793e-15,0.000000000000000000e+00,1.715907077384359095e-06,1.222937616542781034e-22,-9.760732076771372334e+00,8.999999999999998579e+01,-1.651248617111427428e-06,0.000000000000000000e+00,2.558332872076200231e-19,-5.167015380976552018e-03,-7.373045018371669738e-27
1.709500000000000000e+03,0.000000000000000000e+00,1.553883345767641089e+00,1.000000040399841964e+03,1.012018854556055771e+02,6.196828254544218727e-15,4.235164736271501695e-22,-7.227245925487476847e-07,-2.466200692878465596e-23,-9.760964921012446283e+00,8.999999999999998579e+01,-1.878149925504137082e-06,0.000000000000000000e+00,2.558332872076199750e-19,-5.035189849386085582e-03,-8.386189583139528490e-27
1.719500000000000000e+03,0.000000000000000000e+00,1.562973040682757997e+00,1.000000040629878640e+03,1.012018854475097953e+02,6.196828254048495379e-15,8.470329472543003391e-22,6.658640665716336713e-07,5.901412372818786493e-23,-9.760790263953529333e+00,8.999999999999998579e+01,-1.748728205784287092e-06,0.000000000000000000e+00,2.558332872076200231e-19,-5.134072516669035621e-03,-7.808304365879633374e-27
1.729500000000000000e+03,0.000000000000000000e+00,1.572062735597921312e+00,1.000000040859915316e+03,1.012018854544518121e+02,6.196828254473571500e-15,8.470329472543003391e-22,-2.267110279417735457e-06,-1.201450095987831220e-22,-9.760906635858615843e+00,8.999999999999998579e+01,-1.790287886662256237e-06,0.000000000000000000e+00,2.558332872076200231e-19,-5.068188179828626329e-03,-7.993873876665028991e-27
1.739500000000000000e+03,0.000000000000000000e+00,1.581152430513126816e+00,1.000000041087158024e+03,1.012018854419070095e+02,6.196828253705423716e-15,4.235164736271501695e-22,3.233621338505086544e-06,2.161515039142198221e-22,-9.760848550680668367e+00,8.999999999999998579e+01,-1.739859380291704056e-06,0.000000000000000000e+00,2.558332872076200231e-19,-5.101073294468298075e-03,-7.768703878745670692e-27
1.749500000000000000e+03,0.000000000000000000e+00,1.590242125428378506e+00,1.000000041315332055e+03,1.012018854590866681e+02,6.196828254757374466e-15,4.235164736271501695e-22,-5.416845307469675202e-06,-3.122767827607021032e-22,-9.760906534810525059e+00,8.999999999999998579e+01,-1.860639256540547328e-06,0.000000000000000000e+00,2.558332872076199750e-19,-5.068245387428537037e-03,-8.308002113831483714e-27
1.759500000000000000e+03,0.000000000000000000e+00,1.599331820343677713e+00,1.000000041546300054e+03,1.012018854640457306e+02,6.196828255061029117e-15,0.000000000000000000e+00,-3.354097968682731463e-06,-1.856660038256194437e-22,-9.760906585015954207e+00,8.999999999999998579e+01,-1.889775182186131749e-06,0.000000000000000000e+00,2.558332872076199750e-19,-5.068216962529755072e-03,-8.438097902685262096e-27
1.769500000000000000e+03,0.000000000000000000e+00,1.608421515259023771e+00,1.000000041768886149e+03,1.012018854494341440e+02,6.196828254166328321e-15,4.235164736271501695e-22,4.179030716653442048e-06,2.749566653449442840e-22,-9.760906789010061146e+00,8.999999999999998579e+01,-1.827614858585292976e-06,0.000000000000000000e+00,2.558332872076199750e-19,-5.068101471277793035e-03,-8.160543778178396038e-27
1.779500000000000000e+03,0.000000000000000000e+00,1.617511210174412462e+00,1.000000041996128857e+03,1.012018854639839560e+02,6.196828255057246528e-15,-4.235164736271501695e-22,-7.171285599072311856e-07,-2.232602031017878006e-23,-9.761023107557363687e+00,8.999999999999998579e+01,-2.069223159033757513e-06,0.000000000000000000e+00,2.558332872076199750e-19,-5.002247342508067511e-03,-9.239357021416731554e-27
1.789500000000000000e+03,0.000000000000000000e+00,1.626600905089846005e+00,1.000000042222440243e+03,1.012018854537501227e+02,6.196828254430606191e-15,0.000000000000000000e+00,8.758657552159101019e-07,7.266318995895262315e-23,-9.760848451862484509e+00,8.999999999999998579e+01,-1.824466542223258861e-06,0.000000000000000000e+00,2.558332872076199750e-19,-5.101129237722904115e-03,-8.146486126272555331e-27
1.799500000000000000e+03,0.000000000000000000e+00,1.635690600005330841e+00,1.000000042450614274e+03,1.012018854800188450e+02,6.196828256039100676e-15,0.000000000000000000e+00,-1.128983778378886914e-05,-6.716520055946083612e-22,-9.760964560571773418e+00,8.999999999999998579e+01,-1.883812465002520426e-06,0.000000000000000000e+00,2.558332872076199750e-19,-5.035393908607633563e-03,-8.411473576238593167e-27
1.809500000000000000e+03,0.000000000000000000e+00,1.644780294920678010e+00,1.000000042676925659e+03,1.012018854575404561e+02,6.196828254662696958e-15,4.235164736271501695e-22,-3.918944147921040784e-06,-2.206338337131050282e-22,-9.760906532033638783e+00,8.999999999999998579e+01,-1.853253580047736942e-06,0.000000000000000000e+00,2.558332872076199750e-19,-5.068246957279648121e-03,-8.275024084533945390e-27
1.819500000000000000e+03,0.000000000000000000e+00,1.653869989835749399e+00,1.000000042903237045e+03,1.012018854595218613e+02,6.196828254784022976e-15,0.000000000000000000e+00,-5.721068206559130075e-06,-3.336245348529423517e-22,-9.760790007387212697e+00,8.999999999999998579e+01,-1.599961238185528094e-06,0.000000000000000000e+00,2.558332872076200231e-19,-5.134217767695190351e-03,-7.144040040092604220e-27
1.829500000000000000e+03,0.000000000000000000e+00,1.662959684750867417e+00,1.000000043129548430e+03,1.012018854535875079e+02,6.196828254420647611e-15,4.235164736271501695e-22,-1.354470866069703290e-06,-6.295111907763913080e-23,-9.761023056077874571e+00,8.999999999999998579e+01,-1.915926619172193588e-06,0.000000000000000000e+00,2.558332872076199750e-19,-5.002276486775843536e-03,-8.554867552146432327e-27
1.839500000000000000e+03,0.000000000000000000e+00,1.672049379666032509e+00,1.000000043353997171e+03,1.012018854513223403e+02,6.196828254281946142e-15,0.000000000000000000e+00,3.642730207054189533e-07,4.052078797544958231e-23,-9.760848401379307759e+00,8.999999999999998579e+01,-1.746205173175193655e-06,0.000000000000000000e+00,2.558332872076200231e-19,-5.101157817203945399e-03,-7.797038689217201774e-27
1.849500000000000000e+03,0.000000000000000000e+00,1.681139074581247117e+00,1.000000043584033847e+03,1.012018854569376316e+02,6.196828254625783790e-15,4.235164736271501695e-22,-2.815568849441436050e-06,-1.527695560593622526e-22,-9.760964766944384863e+00,8.999999999999998579e+01,-1.882195535990825005e-06,0.000000000000000000e+00,2.558332872076199750e-19,-5.035277069911449355e-03,-8.404253772829704005e-27
1.859500000000000000e+03,0.000000000000000000e+00,1.690228769496503469e+00,1.000000043811276555e+03,1.012018854573606887e+02,6.196828254651688404e-15,4.235164736271501695e-22,-8.664181303306088093e-07,-3.293327728641867448e-23,-9.760906584460331104e+00,8.999999999999998579e+01,-1.928721398930102068e-06,0.000000000000000000e+00,2.558332872076199750e-19,-5.068217273662954138e-03,-8.611997948004225728e-27
1.869500000000000000e+03,0.000000000000000000e+00,1.699318464411803786e+00,1.000000044035725296e+03,1.012018854666936392e+02,6.196828255223166854e-15,-4.235164736271501695e-22,-5.810500676394612335e-06,-3.347429752186558111e-22,-9.761081130806831041e+00,8.999999999999998579e+01,-2.017650649780688870e-06,0.000000000000000000e+00,2.558332872076199750e-19,-4.969397285790034396e-03,-9.009078898248071999e-27
1.879500000000000000e+03,0.000000000000000000e+00,1.708408159327152509e+00,1.000000044260174036e+03,1.012018854568753881e+02,6.196828254621972802e-15,4.235164736271501695e-22,-2.238771761160040957e-06,-1.187878525724539531e-22,-9.760848294577806783e+00,8.999999999999998579e+01,-1.754054748291876362e-06,0.000000000000000000e+00,2.558332872076200231e-19,-5.101218281227736656e-03,-7.832088087660687545e-27
1.889500000000000000e+03,0.000000000000000000e+00,1.717497854242546751e+00,1.000000044487416744e+03,1.012018854406830286e+02,6.196828253630476408e-15,4.235164736271501695e-22,-9.570321507207713619e-08,1.288879746761283588e-23,-9.760906585067637309e+00,8.999999999999998579e+01,-1.797331105763581990e-06,0.000000000000000000e+00,2.558332872076200231e-19,-5.068216930152177890e-03,-8.025322788094955660e-27
1.899500000000000000e+03,0.000000000000000000e+00,1.726587549157984958e+00,1.000000044710934162e+03,1.012018854627829398e+02,6.196828254983705759e-15,4.235164736271501695e-22,-3.539116930388428058e-06,-1.984395660676814823e-22,-9.760848239692547779e+00,8.999999999999998579e+01,-1.751319188448447837e-06,0.000000000000000000e+00,2.558332872076200231e-19,-5.101249353414239254e-03,-7.819873448588751423e-27
1.909500000000000000e+03,0.000000000000000000e+00,1.735677244073457137e+00,1.000000044937245548e+03,1.012018854574260445e+02,6.196828254655690295e-15,4.235164736271501695e-22,4.113522833214388497e-07,4.343535400545072565e-23,-9.760906585666203839e+00,8.999999999999998579e+01,-1.749242503970306350e-06,0.000000000000000000e+00,2.558332872076200231e-19,-5.068216588938564103e-03,-7.810600775783686190e-27
1.919500000000000000e+03,0.000000000000000000e+00,1.744766938988779437e+00,1.000000045162625611e+03,1.012018854537397203e+02,6.196828254429968002e-15,4.235164736271501695e-22,-1.210330001800598141e-06,-5.543027733892574838e-23,-9.760848294585700913e+00,8.999999999999998579e+01,-1.790835715570263166e-06,0.000000000000000000e+00,2.558332872076200231e-19,-5.101218275430505905e-03,-7.996320005708979786e-27
1.929500000000000000e+03,0.000000000000000000e+00,1.753856633903853268e+00,1.000000045389868319e+03,1.012018854590333348e+02,6.196828254754108582e-15,4.235164736271501695e-22,-9.662145715357298952e-07,-3.959203062250337754e-23,-9.760848294689401072e+00,8.999999999999998579e+01,-1.876201166585049600e-06,0.000000000000000000e+00,2.558332872076199750e-19,-5.101218215826546117e-03,-8.377488114995063356e-27
1.939500000000000000e+03,0.000000000000000000e+00,1.762946328818974395e+00,1.000000045613385737e+03,1.012018854662905341e+02,6.196828255198484185e-15,4.235164736271501695e-22,-6.139017530141399303e-06,-3.577355348206699675e-22,-9.760848126953396431e+00,8.999999999999998579e+01,-1.741927309585412277e-06,0.000000000000000000e+00,2.558332872076200231e-19,-5.101313179251035571e-03,-7.777937458486068587e-27
1.949500000000000000e+03,0.000000000000000000e+00,1.772036023734141708e+00,1.000000045840628445e+03,1.012018854604910985e+02,6.196828254843370560e-15,4.235164736271501695e-22,-4.055560765813758584e-06,-2.283442583551159086e-22,-9.760964654669892937e+00,8.999999999999998579e+01,-1.916025865643056899e-06,0.000000000000000000e+00,2.558332872076199750e-19,-5.035340630258378601e-03,-8.555310700858266905e-27
1.959500000000000000e+03,0.000000000000000000e+00,1.781125718649354983e+00,1.000000046063214540e+03,1.012018854565821471e+02,6.196828254604016751e-15,0.000000000000000000e+00,-1.892806532061936518e-07,7.926614462556401928e-24,-9.760848295249539675e+00,8.999999999999998579e+01,-1.870944314661759924e-06,0.000000000000000000e+00,2.558332872076199750e-19,-5.101217897722368569e-03,-8.354015570955550542e-27
1.969500000000000000e+03,0.000000000000000000e+00,1.790215413564614666e+00,1.000000046285800636e+03,1.012018854543794646e+02,6.196828254469142046e-15,-4.235164736271501695e-22,1.144444439291482730e-07,2.377015490976426637e-23,-9.760848295518492534e+00,8.999999999999998579e+01,-1.606910940452098650e-06,0.000000000000000000e+00,2.558332872076200231e-19,-5.101217745258970759e-03,-7.175071386399096468e-27
1.979500000000000000e+03,0.000000000000000000e+00,1.799305108479919646e+00,1.000000046511180699e+03,1.012018854684730513e+02,6.196828255332124322e-15,0.000000000000000000e+00,-6.961390065898279101e-06,-4.062838408632734141e-22,-9.760906303445354482e+00,8.999999999999998579e+01,-1.915188456730883074e-06,0.000000000000000000e+00,2.558332872076199750e-19,-5.068376365696194985e-03,-8.551571558524239152e-27
1.989500000000000000e+03,0.000000000000000000e+00,1.808394803395269257e+00,1.000000046736560762e+03,1.012018854551088936e+02,6.196828254513805773e-15,4.235164736271501695e-22,6.088070741772854091e-07,5.544743244029049324e-23,-9.760848296178593841e+00,8.999999999999998579e+01,-1.741723771918507416e-06,0.000000000000000000e+00,2.558332872076200231e-19,-5.101217370666321325e-03,-7.777028635692533266e-27
1.999500000000000000e+03,0.000000000000000000e+00,1.817484498310666385e+00,1.000000046963803470e+03,1.012018854509162367e+02,6.196828254257079669e-15,0.000000000000000000e+00,4.452452656661075687e-06,2.922181913583654930e-22,-9.760906648021308030e+00,8.999999999999998579e+01,-1.877392854932487912e-06,0.000000000000000000e+00,2.558332872076199750e-19,-5.068181283301503512e-03,-8.382809162196847924e-27
2.009500000000000000e+03,0.000000000000000000e+00,1.826574193226107479e+00,1.000000047187320888e+03,1.012018854701033064e+02,6.196828255431949148e-15,4.235164736271501695e-22,-1.164659257463185859e-05,-6.944273561634996791e-22,-9.760906127210819960e+00,8.999999999999998579e+01,-1.794630767984435085e-06,0.000000000000000000e+00,2.558332872076200231e-19,-5.068476140292700778e-03,-8.013265420231546109e-27
2.019500000000000000e+03,0.000000000000000000e+00,1.835663888141598532e+00,1.000000047408975661e+03,1.012018854621390602e+02,6.196828254944279280e-15,0.000000000000000000e+00,-4.234183044082159607e-06,-2.395506921642541349e-22,-9.761022830844391152e+00,8.999999999999998579e+01,-1.890230087400159862e-06,0.000000000000000000e+00,2.558332872076199750e-19,-5.002403995291499275e-03,-8.440129115058350714e-27
2.029500000000000000e+03,0.000000000000000000e+00,1.844753583057133328e+00,1.000000047634355724e+03,1.012018854408260324e+02,6.196828253639233553e-15,-4.235164736271501695e-22,3.590986327731760300e-06,2.369567928311543928e-22,-9.760731884451809393e+00,8.999999999999998579e+01,-1.636633197578125995e-06,0.000000000000000000e+00,2.558332872076200231e-19,-5.167124251386750328e-03,-7.307785223411221366e-27
2.039500000000000000e+03,0.000000000000000000e+00,1.853843277972708536e+00,1.000000047858804464e+03,1.012018854656075177e+02,6.196828255156661935e-15,0.000000000000000000e+00,-5.449017875850227518e-06,-3.146258695806755002e-22,-9.760906299207858794e+00,8.999999999999998579e+01,-1.824299007664784857e-06,0.000000000000000000e+00,2.558332872076199750e-19,-5.068378762622211160e-03,-8.145738062153705922e-27
2.049500000000000000e+03,0.000000000000000000e+00,1.862932972888328154e+00,1.000000048084184527e+03,1.012018854771933007e+02,6.196828255866086125e-15,0.000000000000000000e+00,-9.136267292703553641e-06,-5.407094323412952824e-22,-9.760847885211314079e+00,8.999999999999998579e+01,-1.795104762246072061e-06,0.000000000000000000e+00,2.558332872076200231e-19,-5.101450037116822198e-03,-8.015381867744832878e-27
2.059500000000000000e+03,0.000000000000000000e+00,1.872022667803993290e+00,1.000000048310495913e+03,1.012018854833408312e+02,6.196828256242513983e-15,0.000000000000000000e+00,-8.964016508952915685e-06,-5.299762416840869806e-22,-9.760906119845152773e+00,8.999999999999998579e+01,-1.812912336034951864e-06,0.000000000000000000e+00,2.558332872076199750e-19,-5.068480307121567968e-03,-8.094895056644916219e-27
2.069500000000000000e+03,0.000000000000000000e+00,1.881112362719719266e+00,1.000000048534944654e+03,1.012018854699165189e+02,6.196828255420511453e-15,-8.470329472543003391e-22,-3.386830297821526686e-06,-1.864149375456533938e-22,-9.760964533624090222e+00,8.999999999999998579e+01,-2.010104398885969463e-06,0.000000000000000000e+00,2.558332872076199750e-19,-5.035409155146150506e-03,-8.975383882857826535e-27
2.079500000000000000e+03,0.000000000000000000e+00,1.890202057635473665e+00,1.000000048760324717e+03,1.012018854645282033e+02,6.196828255090572746e-15,0.000000000000000000e+00,7.190918471306787530e-07,6.342215985194486850e-23,-9.760848181183831684e+00,8.999999999999998579e+01,-1.858843618100179575e-06,0.000000000000000000e+00,2.558332872076199750e-19,-5.101282470924110857e-03,-8.299984349019838715e-27
2.089500000000000000e+03,0.000000000000000000e+00,1.899291752550293477e+00,1.000000048979185522e+03,1.012018854464013344e+02,6.196828253980621787e-15,0.000000000000000000e+00,-8.225507612439989293e-07,-3.205515872128546732e-23,-9.760848121084087836e+00,8.999999999999998579e+01,-1.755412988895774882e-06,0.000000000000000000e+00,2.558332872076200231e-19,-5.101316497928324277e-03,-7.838152812871988168e-27
2.099500000000000000e+03,0.000000000000000000e+00,1.908381447465148373e+00,1.000000049199908972e+03,1.012018854446638585e+02,6.196828253874232850e-15,0.000000000000000000e+00,5.020049972038439004e-06,3.251175431938789720e-22,-9.760790066795024700e+00,8.999999999999998579e+01,-1.699495019316888395e-06,0.000000000000000000e+00,2.558332872076200231e-19,-5.134184123726271386e-03,-7.588471630542044694e-27
2.109500000000000000e+03,0.000000000000000000e+00,1.917471142380051452e+00,1.000000049422495067e+03,1.012018854520839568e+02,6.196828254328582810e-15,0.000000000000000000e+00,5.419001059044498712e-06,3.494622451304466389e-22,-9.760731831725452778e+00,8.999999999999998579e+01,-1.691451874140765590e-06,0.000000000000000000e+00,2.558332872076200231e-19,-5.167154098350825939e-03,-7.552557916000021104e-27
2.119500000000000000e+03,0.000000000000000000e+00,1.926560837295002271e+00,1.000000049645081162e+03,1.012018854536026851e+02,6.196828254421578467e-15,0.000000000000000000e+00,1.190022688549399620e-07,2.397605917759843865e-23,-9.760789885106804675e+00,8.999999999999998579e+01,-1.599905015136037521e-06,0.000000000000000000e+00,2.558332872076200231e-19,-5.134286985693685586e-03,-7.143788996687831142e-27
2.129500000000000000e+03,0.000000000000000000e+00,1.935650532209995944e+00,1.000000049866735935e+03,1.012018854363839466e+02,6.196828253367234312e-15,0.000000000000000000e+00,5.358676452007678101e-06,3.471203308682275703e-22,-9.760964777174262252e+00,8.999999999999998579e+01,-1.821008352607442084e-06,0.000000000000000000e+00,2.558332872076199750e-19,-5.035271268847850250e-03,-8.131044849014085912e-27
2.139500000000000000e+03,0.000000000000000000e+00,1.944740227125029364e+00,1.000000050086528063e+03,1.012018854563468579e+02,6.196828254589610573e-15,0.000000000000000000e+00,2.119450550128767404e-06,1.488305631413837820e-22,-9.760906418768906079e+00,8.999999999999998579e+01,-1.826350562422749081e-06,0.000000000000000000e+00,2.558332872076199750e-19,-5.068311069430284262e-03,-8.154898527410948544e-27
2.149500000000000000e+03,0.000000000000000000e+00,1.953829922040114297e+00,1.000000050303526223e+03,1.012018854558027527e+02,6.196828254556292244e-15,4.235164736271501695e-22,-9.205594478275027877e-07,-3.812184264030644719e-23,-9.760789823465142234e+00,8.999999999999998579e+01,-1.749155607548102023e-06,0.000000000000000000e+00,2.558332872076200231e-19,-5.134321883008090975e-03,-7.810212771684116901e-27
2.159500000000000000e+03,0.000000000000000000e+00,1.962919616955252966e+00,1.000000050492584705e+03,1.012018854724475432e+02,6.196828255575492644e-15,0.000000000000000000e+00,-2.839893181087060004e-06,-1.545666321025201621e-22,-9.760906232700007124e+00,8.999999999999998579e+01,-1.852715459129591516e-06,0.000000000000000000e+00,2.558332872076199750e-19,-5.068416410942024400e-03,-8.272621302957808527e-27
2.169500000000000000e+03,0.000000000000000000e+00,1.972009311870437598e+00,1.000000050680711865e+03,1.012018854467794284e+02,6.196828254003773277e-15,0.000000000000000000e+00,8.313335521741473252e-06,5.286002127932911935e-22,-9.760906607884972885e+00,8.999999999999998579e+01,-1.874625227351032843e-06,0.000000000000000000e+00,2.558332872076199750e-19,-5.068204000365998663e-03,-8.370451336403264743e-27
2.179500000000000000e+03,0.000000000000000000e+00,1.981099006785664196e+00,1.000000050894916058e+03,1.012018854514459463e+02,6.196828254289516051e-15,4.235164736271501695e-22,-2.334265109404419053e-06,-1.240128223043731569e-22,-9.760906231980200687e+00,8.999999999999998579e+01,-1.813701062691565697e-06,0.000000000000000000e+00,2.558332872076199750e-19,-5.068416819660980649e-03,-8.098416826223488634e-27
2.189500000000000000e+03,0.000000000000000000e+00,1.990188701700930540e+00,1.000000051110982895e+03,1.012018854653771172e+02,6.196828255142553158e-15,8.470329472543003391e-22,-6.140344368943548229e-08,1.504258950525769453e-23,-9.760848059126704612e+00,8.999999999999998579e+01,-1.802474116397635827e-06,0.000000000000000000e+00,2.558332872076200231e-19,-5.101351569810851777e-03,-8.048287015614601376e-27
2.199500000000000000e+03,0.000000000000000000e+00,1.999278396616236853e+00,1.000000051333568990e+03,1.012018854514059001e+02,6.196828254287063483e-15,4.235164736271501695e-22,4.061659733896079490e-06,2.665427303947078922e-22,-9.760789950418708116e+00,8.999999999999998579e+01,-1.710007907000461344e-06,0.000000000000000000e+00,2.558332872076200231e-19,-5.134250006247109525e-03,-7.635413074344529943e-27
2.209500000000000000e+03,0.000000000000000000e+00,2.008368091531594679e+00,1.000000051558017731e+03,1.012018854475979737e+02,6.196828254053894343e-15,4.235164736271501695e-22,5.910139879013200048e-06,3.806639639385528722e-22,-9.760848250530338888e+00,8.999999999999998579e+01,-1.799579344862271627e-06,0.000000000000000000e+00,2.558332872076200231e-19,-5.101243206646980874e-03,-8.035361475131498216e-27
2.219500000000000000e+03,0.000000000000000000e+00,2.017457786446994916e+00,1.000000051777809858e+03,1.012018854358629625e+02,6.196828253335333566e-15,4.235164736271501695e-22,4.857109359648564881e-06,3.135200558325965134e-22,-9.760731716269470226e+00,8.999999999999998579e+01,-1.544179925456875483e-06,0.000000000000000000e+00,2.558332872076200231e-19,-5.167219461541194825e-03,-6.894969048801369560e-27
2.229500000000000000e+03,0.000000000000000000e+00,2.026547481362436010e+00,1.000000052000395954e+03,1.012018854653120030e+02,6.196828255138566255e-15,4.235164736271501695e-22,-8.327911234829757301e-07,-3.290084494476312772e-23,-9.760847995284388290e+00,8.999999999999998579e+01,-1.734452902277843657e-06,0.000000000000000000e+00,2.558332872076200231e-19,-5.101387712829196473e-03,-7.744563234281869379e-27
2.239500000000000000e+03,0.000000000000000000e+00,2.035637176277928173e+00,1.000000052222982049e+03,1.012018854513395354e+02,6.196828254283000060e-15,0.000000000000000000e+00,1.247471505259722106e-06,9.425284688873605636e-23,-9.760848059833776347e+00,8.999999999999998579e+01,-1.712820607555785578e-06,0.000000000000000000e+00,2.558332872076200231e-19,-5.101351168797031536e-03,-7.647972156970066870e-27
2.249500000000000000e+03,0.000000000000000000e+00,2.044726871193469186e+00,1.000000052443705499e+03,1.012018854768601273e+02,6.196828255845684604e-15,4.235164736271501695e-22,-9.687210702775987469e-06,-5.736265765905086658e-22,-9.760905906188018122e+00,8.999999999999998579e+01,-1.873549437769533470e-06,0.000000000000000000e+00,2.558332872076199750e-19,-5.068601263204419900e-03,-8.365647792628877768e-27
2.259500000000000000e+03,0.000000000000000000e+00,2.053816566109052388e+00,1.000000052664428949e+03,1.012018854755126540e+02,6.196828255763176064e-15,0.000000000000000000e+00,-6.911286864799075638e-06,-4.014303728782053232e-22,-9.761138976931523104e+00,8.999999999999998579e+01,-2.086305397262620266e-06,0.000000000000000000e+00,2.558332872076199750e-19,-4.936647496650301351e-03,-9.315631490428117054e-27
2.269500000000000000e+03,0.000000000000000000e+00,2.062906261024679555e+00,1.000000052885152400e+03,1.012018854658249722e+02,6.196828255169976330e-15,-4.235164736271501695e-22,-1.930826871444626617e-06,-9.783291118720658330e-23,-9.760906165206149510e+00,8.999999999999998579e+01,-1.955237607955639596e-06,0.000000000000000000e+00,2.558332872076199750e-19,-5.068454619202238109e-03,-8.730396353208552796e-27
2.279500000000000000e+03,0.000000000000000000e+00,2.071995955940355572e+00,1.000000053104013205e+03,1.012018854666379895e+02,6.196828255219759764e-15,-4.235164736271501695e-22,-4.368248103753215218e-06,-2.465332189306987367e-22,-9.761080805315160092e+00,8.999999999999998579e+01,-2.007801574762089159e-06,0.000000000000000000e+00,2.558332872076199750e-19,-4.969581548083168085e-03,-8.965101466413192714e-27
2.289500000000000000e+03,0.000000000000000000e+00,2.081085650856047131e+00,1.000000053324736655e+03,1.012018854527412373e+02,6.196828254368829705e-15,0.000000000000000000e+00,7.675226126273576311e-06,4.892602896390760508e-22,-9.760906495051456133e+00,8.999999999999998579e+01,-1.849030585849504681e-06,0.000000000000000000e+00,2.558332872076199750e-19,-5.068267876290174535e-03,-8.256167852944568955e-27
2.299500000000000000e+03,0.000000000000000000e+00,2.090175345771723592e+00,1.000000053542666137e+03,1.012018854469912839e+02,6.196828254016746883e-15,-4.235164736271501695e-22,9.994377101916688513e-07,7.799871036356843577e-23,-9.760847995691745993e+00,8.999999999999998579e+01,-1.610587067209672709e-06,0.000000000000000000e+00,2.558332872076200231e-19,-5.101387481120595382e-03,-7.191485782024301268e-27
2.309500000000000000e+03,0.000000000000000000e+00,2.099265040686534078e+00,1.000000053761526942e+03,1.012018854616232062e+02,6.196828254912693290e-15,0.000000000000000000e+00,-9.998625966371439019e-06,-5.932531496414531099e-22,-9.760905831350852324e+00,8.999999999999998579e+01,-1.820068579052624038e-06,0.000000000000000000e+00,2.558332872076199750e-19,-5.068643631612708596e-03,-8.126848634915890583e-27
2.319500000000000000e+03,0.000000000000000000e+00,2.108354735601400076e+00,1.000000053980387747e+03,1.012018854541850885e+02,6.196828254457239713e-15,-4.235164736271501695e-22,-2.477855469637943456e-06,-1.327493521723469843e-22,-9.760906097512725310e+00,8.999999999999998579e+01,-1.819054457683755218e-06,0.000000000000000000e+00,2.558332872076199750e-19,-5.068492943227280965e-03,-8.122320447924980628e-27
2.329500000000000000e+03,0.000000000000000000e+00,2.117444430516306042e+00,1.000000054201111197e+03,1.012018854331027313e+02,6.196828253166316962e-15,4.235164736271501695e-22,5.389123471109197697e-06,3.481342696556494515e-22,-9.760848130898825303e+00,8.999999999999998579e+01,-1.739507288187127577e-06,0.000000000000000000e+00,2.558332872076200231e-19,-5.101310933150581504e-03,-7.767131740600782239e-27
2.339500000000000000e+03,0.000000000000000000e+00,2.126534125431259525e+00,1.000000054415315390e+03,1.012018854360335069e+02,6.196828253345776507e-15,4.235164736271501695e-22,4.176796458111188362e-06,2.736216875072479058e-22,-9.760789829253583960e+00,8.999999999999998579e+01,-1.712775153610847453e-06,0.000000000000000000e+00,2.558332872076200231e-19,-5.134318600304788212e-03,-7.647769199051542326e-27
2.349500000000000000e+03,0.000000000000000000e+00,2.135623820346256529e+00,1.000000054630450904e+03,1.012018854484801125e+02,6.196828254107910016e-15,0.000000000000000000e+00,2.271094117966693605e-06,1.572087850621584048e-22,-9.760847997211952176e+00,8.999999999999998579e+01,-1.739387363043057679e-06,0.000000000000000000e+00,2.558332872076200231e-19,-5.101386618366829384e-03,-7.766596258858723018e-27
2.359500000000000000e+03,0.000000000000000000e+00,2.144713515261292169e+00,1.000000054846517742e+03,1.012018854399615293e+02,6.196828253586297830e-15,0.000000000000000000e+00,3.259786121433373879e-06,2.172156573482240402e-22,-9.760731527722464662e+00,8.999999999999998579e+01,-1.688307110875740965e-06,0.000000000000000000e+00,2.558332872076200231e-19,-5.167326202367890538e-03,-7.538516129145593267e-27
2.369500000000000000e+03,0.000000000000000000e+00,2.153803210176382876e+00,1.000000055064447224e+03,1.012018854497255234e+02,6.196828254184170777e-15,0.000000000000000000e+00,2.404458959157524737e-06,1.662447746645530044e-22,-9.760906233008352473e+00,8.999999999999998579e+01,-1.822753786483557778e-06,0.000000000000000000e+00,2.558332872076199750e-19,-5.068416230275238181e-03,-8.138838443759196929e-27
2.379500000000000000e+03,0.000000000000000000e+00,2.162892905091517104e+00,1.000000055281445384e+03,1.012018854515666675e+02,6.196828254296906889e-15,4.235164736271501695e-22,3.424949706646572984e-06,2.279494960482267640e-22,-9.760789763774523564e+00,8.999999999999998579e+01,-1.747779472492719583e-06,0.000000000000000000e+00,2.558332872076200231e-19,-5.134355668575127721e-03,-7.804068145363432839e-27
2.389500000000000000e+03,0.000000000000000000e+00,2.171982600006700626e+00,1.000000055496580899e+03,1.012018854847693206e+02,6.196828256329984458e-15,4.235164736271501695e-22,-9.415595029319697947e-06,-5.585280028256303804e-22,-9.760847516594374440e+00,8.999999999999998579e+01,-1.726592993855961319e-06,0.000000000000000000e+00,2.558332872076200231e-19,-5.101658717171043272e-03,-7.709467696254292409e-27
2.399500000000000000e+03,0.000000000000000000e+00,2.181072294921909904e+00,1.000000055713579059e+03,1.012018854694012902e+02,6.196828255388962539e-15,4.235164736271501695e-22,-5.527338403209882984e-06,-3.200805833544163596e-22,-9.760847653622734654e+00,8.999999999999998579e+01,-1.761139174204739908e-06,0.000000000000000000e+00,2.558332872076200231e-19,-5.101581139002968855e-03,-7.863720992992796745e-27
2.409500000000000000e+03,0.000000000000000000e+00,2.190161989837180911e+00,1.000000055931508541e+03,1.012018854402354151e+02,6.196828253603069013e-15,4.235164736271501695e-22,7.869079764662194730e-06,4.997737030004237066e-22,-9.760789904767637637e+00,8.999999999999998579e+01,-1.718993745674533253e-06,0.000000000000000000e+00,2.558332872076200231e-19,-5.134275844599822149e-03,-7.675536040919758279e-27
2.419500000000000000e+03,0.000000000000000000e+00,2.199251684752500324e+00,1.000000056149438024e+03,1.012018854732418447e+02,6.196828255624129075e-15,4.235164736271501695e-22,-3.625487238777490623e-06,-2.025676379820871903e-22,-9.760905956437015973e+00,8.999999999999998579e+01,-1.862566075079436270e-06,0.000000000000000000e+00,2.558332872076199750e-19,-5.068572808210924756e-03,-8.316605615255945251e-27
2.429500000000000000e+03,0.000000000000000000e+00,2.208341379667863258e+00,1.000000056364573538e+03,1.012018854706571318e+02,6.196828255465860700e-15,4.235164736271501695e-22,-1.995175409609541874e-06,-1.020323650051398154e-22,-9.760964260546373339e+00,8.999999999999998579e+01,-1.930374342926824795e-06,0.000000000000000000e+00,2.558332872076199750e-19,-5.035563745198444463e-03,-8.619378563118381685e-27
2.439500000000000000e+03,0.000000000000000000e+00,2.217431074583271489e+00,1.000000056582503021e+03,1.012018854452206682e+02,6.196828253908326629e-15,0.000000000000000000e+00,2.773285439811837033e-06,1.884918939946052590e-22,-9.760847932155158446e+00,8.999999999999998579e+01,-1.790459646738967841e-06,0.000000000000000000e+00,2.558332872076200231e-19,-5.101423447353573351e-03,-7.994640808285638284e-27
2.449500000000000000e+03,0.000000000000000000e+00,2.226520769498731234e+00,1.000000056800432503e+03,1.012018854529763416e+02,6.196828254383225627e-15,4.235164736271501695e-22,1.206373423810538372e-06,9.303765311702798814e-23,-9.760847861994147223e+00,8.999999999999998579e+01,-1.837571723600486445e-06,0.000000000000000000e+00,2.558332872076199750e-19,-5.101463168203099544e-03,-8.205002506705474614e-27
2.459500000000000000e+03,0.000000000000000000e+00,2.235610464414229615e+00,1.000000057018361986e+03,1.012018854559174059e+02,6.196828254563313106e-15,0.000000000000000000e+00,5.414821799060186989e-07,5.340245185590984178e-23,-9.760964330881822804e+00,8.999999999999998579e+01,-1.940855652919622804e-06,0.000000000000000000e+00,2.558332872076199750e-19,-5.035523924667149355e-03,-8.666179008325473666e-27
2.469500000000000000e+03,0.000000000000000000e+00,2.244700159329771960e+00,1.000000057235360146e+03,1.012018854794746545e+02,6.196828256005779192e-15,0.000000000000000000e+00,-9.643695038462792217e-06,-5.713522482740164161e-22,-9.760905669323904021e+00,8.999999999999998579e+01,-1.836140077375685255e-06,0.000000000000000000e+00,2.558332872076199750e-19,-5.068735355987263533e-03,-8.198610015619359654e-27
2.479500000000000000e+03,0.000000000000000000e+00,2.253789854245365376e+00,1.000000057448633015e+03,1.012018854545419515e+02,6.196828254479090371e-15,8.470329472543003391e-22,-2.115751500841732604e-06,-1.108901440996548410e-22,-9.760905954000019591e+00,8.999999999999998579e+01,-1.789023894588882510e-06,0.000000000000000000e+00,2.558332872076200231e-19,-5.068574187312288246e-03,-7.988229983696233087e-27
2.489500000000000000e+03,0.000000000000000000e+00,2.262879549160999204e+00,1.000000057665631175e+03,1.012018854664882781e+02,6.196828255210593200e-15,0.000000000000000000e+00,-3.662787644199179765e-06,-2.069029557601089615e-22,-9.760905881908096049e+00,8.999999999999998579e+01,-1.665919472855422089e-06,0.000000000000000000e+00,2.558332872076200231e-19,-5.068615000975843811e-03,-7.438552343396861405e-27
2.499500000000000000e+03,0.000000000000000000e+00,2.271969244076668115e+00,1.000000057883560658e+03,1.012018854649274573e+02,6.196828255115018757e-15,4.235164736271501695e-22,-3.243840502435181318e-07,9.572418176499070813e-25,-9.760964259626208062e+00,8.999999999999998579e+01,-1.995862118322947232e-06,0.000000000000000000e+00,2.558332872076199750e-19,-5.035564263962459715e-03,-8.911790203101026879e-27
2.509500000000000000e+03,0.000000000000000000e+00,2.281058938992395202e+00,1.000000058098696172e+03,1.012018854706168014e+02,6.196828255463392354e-15,4.235164736271501695e-22,-2.674279083922328245e-06,-1.457763697238855982e-22,-9.760847646978016101e+00,8.999999999999998579e+01,-1.723245733326888499e-06,0.000000000000000000e+00,2.558332872076200231e-19,-5.101584896549085993e-03,-7.694521732143665592e-27
2.519500000000000000e+03,0.000000000000000000e+00,2.290148633907979736e+00,1.000000058324076235e+03,1.012018854536654260e+02,6.196828254425418642e-15,8.470329472543003391e-22,-6.063432352144675221e-07,-1.863880517134606207e-23,-9.760847719309152737e+00,8.999999999999998579e+01,-1.772425113489413417e-06,1.895758319773386923e-22,2.558332872076200231e-19,-5.101543947124897657e-03,-7.914114215163099405e-27
2.529500000000000000e+03,0.000000000000000000e+00,2.299238328822803545e+00,1.000000058534555137e+03,1.012018854444822722e+02,6.196828253863113066e-15,0.000000000000000000e+00,5.626985101634320667e-06,3.627790068717641244e-22,-9.760789704432838221e+00,8.999999999999998579e+01,-1.747178502221643241e-06,0.000000000000000000e+00,2.558332872076200231e-19,-5.134389259950272733e-03,-7.801384733055056034e-27
2.539500000000000000e+03,0.000000000000000000e+00,2.308328023737666435e+00,1.000000058750621974e+03,1.012018854638679670e+02,6.196828255050144414e-15,-4.235164736271501695e-22,-3.006324920728097342e-06,-1.627722339308292367e-22,-9.760964113411988663e+00,8.999999999999998579e+01,-2.043030306764488524e-06,0.000000000000000000e+00,2.558332872076199750e-19,-5.035647042294175840e-03,-9.122402447199611924e-27
2.549500000000000000e+03,0.000000000000000000e+00,2.317417718652579950e+00,1.000000058963894844e+03,1.012018854628747704e+02,6.196828254989328760e-15,4.235164736271501695e-22,-6.371471057925803034e-06,-3.706353381091960940e-22,-9.760963965905668616e+00,8.999999999999998579e+01,-1.869774857357545984e-06,0.000000000000000000e+00,2.558332872076199750e-19,-5.035730553315046105e-03,-8.348793788322893730e-27
2.559500000000000000e+03,0.000000000000000000e+00,2.326507413567545868e+00,1.000000059176236391e+03,1.012018854571046944e+02,6.196828254636013738e-15,4.235164736271501695e-22,-1.385785317523701760e-06,-6.654779582641884876e-23,-9.760847645601497646e+00,8.999999999999998579e+01,-1.754984824432835251e-06,0.000000000000000000e+00,2.558332872076200231e-19,-5.101585675178614034e-03,-7.836241001514323171e-27
2.569500000000000000e+03,0.000000000000000000e+00,2.335597108482548645e+00,1.000000059395097196e+03,1.012018854728537889e+02,6.196828255600367007e-15,0.000000000000000000e+00,-4.797301479020661432e-06,-2.732819891791753464e-22,-9.760847497189775623e+00,8.999999999999998579e+01,-1.962139052340078667e-06,0.000000000000000000e+00,2.558332872076199750e-19,-5.101669697258160580e-03,-8.761212221643477030e-27
2.579500000000000000e+03,0.000000000000000000e+00,2.344686803397600716e+00,1.000000059608370066e+03,1.012018854627659863e+02,6.196828254982668407e-15,0.000000000000000000e+00,-2.135100257777179920e-06,-1.116172058523232143e-22,-9.760789337573800850e+00,8.999999999999998579e+01,-1.832923110267695905e-06,0.000000000000000000e+00,2.558332872076199750e-19,-5.134596955130848496e-03,-8.184245828988690720e-27
2.589500000000000000e+03,0.000000000000000000e+00,2.353776498312698084e+00,1.000000059822574258e+03,1.012018854575379407e+02,6.196828254662542341e-15,0.000000000000000000e+00,-3.023809942381590908e-06,-1.653916959462366077e-22,-9.760905803817209403e+00,8.999999999999998579e+01,-1.894568410824086831e-06,0.000000000000000000e+00,2.558332872076199750e-19,-5.068659209411223270e-03,-8.459500307002068163e-27
2.599500000000000000e+03,0.000000000000000000e+00,2.362866193227840750e+00,1.000000060035847127e+03,1.012018854526713199e+02,6.196828254364547768e-15,0.000000000000000000e+00,-9.549294267285516437e-07,-3.882422692895652461e-23,-9.760905878402633462e+00,8.999999999999998579e+01,-1.883551224455217894e-06,0.000000000000000000e+00,2.558332872076199750e-19,-5.068616982628380320e-03,-8.410307102398175583e-27
2.609500000000000000e+03,0.000000000000000000e+00,2.371955888143044255e+00,1.000000060247257352e+03,1.012018854650109461e+02,6.196828255120131364e-15,0.000000000000000000e+00,-5.531628582875898381e-06,-3.185644016139219082e-22,-9.761022193897197496e+00,8.999999999999998579e+01,-1.931634623677004828e-06,0.000000000000000000e+00,2.558332872076199750e-19,-5.002764582384889268e-03,-8.625005884534779046e-27
2.619500000000000000e+03,0.000000000000000000e+00,2.381045583058278403e+00,1.000000060455873609e+03,1.012018854510483123e+02,6.196828254265167860e-15,0.000000000000000000e+00,-4.299532858069679317e-07,-9.175056727180662531e-24,-9.760731103780159401e+00,8.999999999999998579e+01,-1.644272972036580044e-06,0.000000000000000000e+00,2.558332872076200231e-19,-5.167566208013896212e-03,-7.341897833970691830e-27
2.629500000000000000e+03,0.000000000000000000e+00,2.390135277973557404e+00,1.000000060668215156e+03,1.012018854493922504e+02,6.196828254163762157e-15,-4.235164736271501695e-22,7.052954767598837037e-06,4.521510828392516012e-22,-9.760906181711325402e+00,8.999999999999998579e+01,-1.944311373679540893e-06,0.000000000000000000e+00,2.558332872076199750e-19,-5.068445262329342692e-03,-8.681609261813510149e-27
2.639500000000000000e+03,0.000000000000000000e+00,2.399224972888879037e+00,1.000000060880556703e+03,1.012018854650048496e+02,6.196828255119758233e-15,0.000000000000000000e+00,3.673804505796485851e-06,2.448625143963981614e-22,-9.760906030606054884e+00,8.999999999999998579e+01,-1.908334845418408536e-06,0.000000000000000000e+00,2.558332872076199750e-19,-5.068530809395783814e-03,-8.520969271126904721e-27
2.649500000000000000e+03,0.000000000000000000e+00,2.408314667804249520e+00,1.000000061091966927e+03,1.012018854394474943e+02,6.196828253554822280e-15,0.000000000000000000e+00,6.500688912678120902e-06,4.140952189138470295e-22,-9.760673100528563850e+00,8.999999999999998579e+01,-1.537952303661678442e-06,0.000000000000000000e+00,2.558332872076200231e-19,-5.200404938910264258e-03,-6.867161887979213213e-27
2.659500000000000000e+03,0.000000000000000000e+00,2.417404362719663080e+00,1.000000061304308474e+03,1.012018854655429863e+02,6.196828255152709742e-15,4.235164736271501695e-22,-4.368509568652740273e-06,-2.478130595044879104e-22,-9.761022190225393302e+00,8.999999999999998579e+01,-1.886660318088445827e-06,0.000000000000000000e+00,2.558332872076199750e-19,-5.002766659256013999e-03,-8.424189619595509718e-27
2.669500000000000000e+03,0.000000000000000000e+00,2.426494057635120161e+00,1.000000061515718699e+03,1.012018854598596675e+02,6.196828254804707698e-15,0.000000000000000000e+00,2.127922513111122486e-06,1.473773254320444462e-22,-9.760789413700710071e+00,8.999999999999998579e+01,-1.637328487217770982e-06,0.000000000000000000e+00,2.558332872076200231e-19,-5.134553852407355672e-03,-7.310889784263405344e-27
2.679500000000000000e+03,0.000000000000000000e+00,2.435583752550622982e+00,1.000000061728060246e+03,1.012018854673283386e+02,6.196828255262030875e-15,0.000000000000000000e+00,-5.082742139393769657e-06,-2.906097897103191847e-22,-9.760963879335122328e+00,8.999999999999998579e+01,-1.976533294232090749e-06,0.000000000000000000e+00,2.558332872076199750e-19,-5.035779560234729911e-03,-8.825484428975157771e-27
2.689500000000000000e+03,0.000000000000000000e+00,2.444673447466170213e+00,1.000000061939470470e+03,1.012018854480019741e+02,6.196828254078631443e-15,0.000000000000000000e+00,7.212521737249422776e-06,4.623142214830908141e-22,-9.761022653996031195e+00,8.999999999999998579e+01,-1.981912060986832081e-06,0.000000000000000000e+00,2.558332872076199750e-19,-5.002504094089916045e-03,-8.849501338975909938e-27
2.699500000000000000e+03,0.000000000000000000e+00,2.453763142381765405e+00,1.000000062158331275e+03,1.012018854796907306e+02,6.196828256019009178e-15,4.235164736271501695e-22,-9.368907037309743221e-06,-5.536965724510607915e-22,-9.760905412105996604e+00,8.999999999999998579e+01,-1.915683866264726020e-06,0.000000000000000000e+00,2.558332872076199750e-19,-5.068880972117922185e-03,-8.553783628080394538e-27
2.709500000000000000e+03,0.000000000000000000e+00,2.462852837297411668e+00,1.000000062369741499e+03,1.012018854314882788e+02,6.196828253067460069e-15,4.235164736271501695e-22,7.943401466342851053e-06,5.049741256311866147e-22,-9.760847882123911745e+00,8.999999999999998579e+01,-1.781249979558786069e-06,0.000000000000000000e+00,2.558332872076200231e-19,-5.101451763665737320e-03,-7.953518417617125902e-27
2.719500000000000000e+03,0.000000000000000000e+00,2.471942532213085020e+00,1.000000062580220401e+03,1.012018854587631296e+02,6.196828254737563802e-15,0.000000000000000000e+00,9.601235001679601523e-06,6.057124296523330443e-22,-9.760731419548827503e+00,8.999999999999998579e+01,-1.707002563604219100e-06,0.000000000000000000e+00,2.558332872076200231e-19,-5.167387429729036925e-03,-7.621993815774661258e-27
2.729500000000000000e+03,0.000000000000000000e+00,2.481032227128819212e+00,1.000000062791630626e+03,1.012018854452597765e+02,6.196828253910722400e-15,0.000000000000000000e+00,2.611197073322770751e-06,1.775813112283606142e-22,-9.760731106175175142e+00,8.999999999999998579e+01,-1.696003115429468697e-06,0.000000000000000000e+00,2.558332872076200231e-19,-5.167564848401410248e-03,-7.572879814570195365e-27
2.739500000000000000e+03,0.000000000000000000e+00,2.490121922044319813e+00,1.000000063002109528e+03,1.012018854637223910e+02,6.196828255041230286e-15,0.000000000000000000e+00,-9.447184747102230725e-06,-5.602525497582346705e-22,-9.760847095927902117e+00,8.999999999999998579e+01,-1.746701959884355922e-06,0.000000000000000000e+00,2.558332872076200231e-19,-5.101896867691179185e-03,-7.799256908044593936e-27
2.749500000000000000e+03,0.000000000000000000e+00,2.499211616959152948e+00,1.000000063206069171e+03,1.012018854502832284e+02,6.196828254218318988e-15,4.235164736271501695e-22,-4.518926328083117067e-07,-1.101144476718882187e-23,-9.760730948544821928e+00,8.999999999999998579e+01,-1.597012535112160677e-06,0.000000000000000000e+00,2.558332872076200231e-19,-5.167654090275559421e-03,-7.130873688108746643e-27
2.759500000000000000e+03,0.000000000000000000e+00,2.508301311874026496e+00,1.000000063415616751e+03,1.012018854455324259e+02,6.196828253927416274e-15,0.000000000000000000e+00,1.969396785434326973e-06,1.390955612307066995e-22,-9.760847570747730018e+00,8.999999999999998579e+01,-1.773937660478459368e-06,0.000000000000000000e+00,2.558332872076200231e-19,-5.101628047416304802e-03,-7.920867938937385646e-27
2.769500000000000000e+03,0.000000000000000000e+00,2.517391006788944008e+00,1.000000063625164330e+03,1.012018854583673857e+02,6.196828254713330784e-15,-8.470329472543003391e-22,5.420789614232909139e-06,3.529328158249475052e-22,-9.761022504955260359e+00,8.999999999999998579e+01,-2.013598776214470739e-06,0.000000000000000000e+00,2.558332872076199750e-19,-5.002588470183225340e-03,-8.990986743073562755e-27
2.779500000000000000e+03,0.000000000000000000e+00,2.526480701703895715e+00,1.000000063831917942e+03,1.012018854871261340e+02,6.196828256474296305e-15,4.235164736271501695e-22,-9.938624521104915541e-06,-5.885321356581772189e-22,-9.760963552971187340e+00,8.999999999999998579e+01,-1.920424501409214437e-06,0.000000000000000000e+00,2.558332872076199750e-19,-5.035964326933101663e-03,-8.574951195443528535e-27
2.789500000000000000e+03,0.000000000000000000e+00,2.535570396618909594e+00,1.000000064041465521e+03,1.012018854752039658e+02,6.196828255744274168e-15,4.235164736271501695e-22,-6.058939523745839649e-06,-3.512675791860804899e-22,-9.760963712409546744e+00,8.999999999999998579e+01,-1.891892488724833735e-06,0.000000000000000000e+00,2.558332872076199750e-19,-5.035874060971274983e-03,-8.447551958401506213e-27
2.799500000000000000e+03,0.000000000000000000e+00,2.544660091533963886e+00,1.000000064250081778e+03,1.012018854704683832e+02,6.196828255454303099e-15,4.235164736271501695e-22,-6.852149051229919638e-06,-4.008475554886688315e-22,-9.760905399735877452e+00,8.999999999999998579e+01,-1.795091518730943816e-06,0.000000000000000000e+00,2.558332872076200231e-19,-5.068887972603158820e-03,-8.015322733685773054e-27
2.809500000000000000e+03,0.000000000000000000e+00,2.553749786449067916e+00,1.000000064456835389e+03,1.012018854645353940e+02,6.196828255091012931e-15,0.000000000000000000e+00,-5.578624465588637459e-06,-3.218310614579426451e-22,-9.760963710666436199e+00,8.999999999999998579e+01,-1.894356425624886307e-06,0.000000000000000000e+00,2.558332872076199750e-19,-5.035875048066529476e-03,-8.458553764851640705e-27
2.819500000000000000e+03,0.000000000000000000e+00,2.562839481364217242e+00,1.000000064661726356e+03,1.012018854595378770e+02,6.196828254785003530e-15,0.000000000000000000e+00,-2.156261417923969921e-06,-1.146953260839370755e-22,-9.760730786744741039e+00,8.999999999999998579e+01,-1.662067178910360399e-06,0.000000000000000000e+00,2.558332872076200231e-19,-5.167745690590293782e-03,-7.421351337814412135e-27
2.829500000000000000e+03,0.000000000000000000e+00,2.571929176279426077e+00,1.000000064868479967e+03,1.012018854597358342e+02,6.196828254797124378e-15,0.000000000000000000e+00,-4.074829375870428715e-06,-2.297950643092900752e-22,-9.761022021349893052e+00,8.999999999999998579e+01,-1.890041383516923022e-06,0.000000000000000000e+00,2.558332872076199750e-19,-5.002862262963622512e-03,-8.439286527084723802e-27
2.839500000000000000e+03,0.000000000000000000e+00,2.581018871194668218e+00,1.000000065075233579e+03,1.012018854752929542e+02,6.196828255749722831e-15,4.235164736271501695e-22,-4.244065057061771924e-06,-2.412378272699990044e-22,-9.760788934846789999e+00,8.999999999999998579e+01,-1.786546739667922321e-06,0.000000000000000000e+00,2.558332872076200231e-19,-5.134824949725375239e-03,-7.977169157022129815e-27
2.849500000000000000e+03,0.000000000000000000e+00,2.590108566109952992e+00,1.000000065282918513e+03,1.012018854793477374e+02,6.196828255998007334e-15,4.235164736271501695e-22,-1.123797442043059235e-05,-6.698897448103367182e-22,-9.760788605436969689e+00,8.999999999999998579e+01,-1.748346627053515650e-06,0.000000000000000000e+00,2.558332872076200231e-19,-5.135011445703946929e-03,-7.806600566021226870e-27
2.859500000000000000e+03,0.000000000000000000e+00,2.599198261025284840e+00,1.000000065491534770e+03,1.012018854574182569e+02,6.196828254655213823e-15,4.235164736271501695e-22,-2.711514068269225186e-06,-1.475055656020922667e-22,-9.760847246439395164e+00,8.999999999999998579e+01,-1.776046517107867624e-06,0.000000000000000000e+00,2.558332872076200231e-19,-5.101811651097425473e-03,-7.930284264683122794e-27
2.869500000000000000e+03,0.000000000000000000e+00,2.608287955940661984e+00,1.000000065698288381e+03,1.012018854716486089e+02,6.196828255526571435e-15,4.235164736271501695e-22,-8.728986669864377231e-06,-5.163837263555885247e-22,-9.760905227876900625e+00,8.999999999999998579e+01,-1.736326314298225855e-06,0.000000000000000000e+00,2.558332872076200231e-19,-5.068985268554727745e-03,-7.752928268487560558e-27
2.879500000000000000e+03,0.000000000000000000e+00,2.617377650856085758e+00,1.000000065904110670e+03,1.012018854599309776e+02,6.196828254809073254e-15,4.235164736271501695e-22,1.442607094291924683e-06,1.067245499831276033e-22,-9.760847411887569436e+00,8.999999999999998579e+01,-1.762966490479744734e-06,0.000000000000000000e+00,2.558332872076200231e-19,-5.101717980968121374e-03,-7.871880203555515562e-27
2.889500000000000000e+03,0.000000000000000000e+00,2.626467345771552164e+00,1.000000066113658249e+03,1.012018854697984835e+02,6.196828255413284699e-15,4.235164736271501695e-22,-6.526903402953401213e-06,-3.816841045190942961e-22,-9.760788765543116696e+00,8.999999999999998579e+01,-1.723013327064200882e-06,0.000000000000000000e+00,2.558332872076200231e-19,-5.134920800333368437e-03,-7.693484007224720874e-27
2.899500000000000000e+03,0.000000000000000000e+00,2.635557040687060315e+00,1.000000066321343184e+03,1.012018854644615828e+02,6.196828255086492758e-15,4.235164736271501695e-22,-3.413112414957275466e-06,-1.893651584978648876e-22,-9.760963704701124399e+00,8.999999999999998579e+01,-1.881561926683968802e-06,0.000000000000000000e+00,2.558332872076199750e-19,-5.035878422024081189e-03,-8.401424622879118269e-27
2.909500000000000000e+03,0.000000000000000000e+00,2.644646735602613763e+00,1.000000066529959440e+03,1.012018854554670639e+02,6.196828254535738473e-15,0.000000000000000000e+00,-4.803146248960399269e-07,-1.018888155221788683e-23,-9.760905558565541540e+00,8.999999999999998579e+01,-1.842672412157600257e-06,0.000000000000000000e+00,2.558332872076199750e-19,-5.068798047827615359e-03,-8.227777760514365333e-27
2.919500000000000000e+03,0.000000000000000000e+00,2.653736430518214284e+00,1.000000066737644374e+03,1.012018854604529281e+02,6.196828254841032376e-15,4.235164736271501695e-22,1.620227034941770814e-06,1.200943285777500018e-22,-9.761022185910055882e+00,8.999999999999998579e+01,-2.001985413781838071e-06,0.000000000000000000e+00,2.558332872076199750e-19,-5.002769093170298526e-03,-8.939131532935517913e-27
2.929500000000000000e+03,0.000000000000000000e+00,2.662826125433863211e+00,1.000000066943466663e+03,1.012018854582928071e+02,6.196828254708764857e-15,4.235164736271501695e-22,-2.723820716529808783e-06,-1.504240850304443994e-22,-9.760730617116605501e+00,8.999999999999998579e+01,-1.568524669810043775e-06,0.000000000000000000e+00,2.558332872076200231e-19,-5.167841722266365914e-03,-7.003671575008874992e-27
2.939500000000000000e+03,0.000000000000000000e+00,2.671915820349552551e+00,1.000000067152082920e+03,1.012018854698102359e+02,6.196828255414003351e-15,0.000000000000000000e+00,-3.368786566762713798e-06,-1.868596413311854339e-22,-9.760905389069412408e+00,8.999999999999998579e+01,-1.861570532883627666e-06,0.000000000000000000e+00,2.558332872076199750e-19,-5.068894006321910881e-03,-8.312160386747457754e-27
2.949500000000000000e+03,0.000000000000000000e+00,2.681005515265292072e+00,1.000000067361630499e+03,1.012018854520981961e+02,6.196828254329454501e-15,4.235164736271501695e-22,4.154762034643743070e-06,2.734621716665589418e-22,-9.760905728942081083e+00,8.999999999999998579e+01,-1.826803528483160629e-06,0.000000000000000000e+00,2.558332872076199750e-19,-5.068701587281684330e-03,-8.156921081204849023e-27
2.959500000000000000e+03,0.000000000000000000e+00,2.690095210180709628e+00,1.000000067569315434e+03,1.012018854667358596e+02,6.196828255225752740e-15,0.000000000000000000e+00,-2.869059686553742987e-06,-1.562900861586221374e-22,-9.760905388179976327e+00,8.999999999999998579e+01,-1.858705083736205677e-06,0.000000000000000000e+00,2.558332872076199750e-19,-5.068894509412794937e-03,-8.299365774632199107e-27
2.969500000000000000e+03,0.000000000000000000e+00,2.699184905095546316e+00,1.000000067771412432e+03,1.012018854446717455e+02,6.196828253874715633e-15,0.000000000000000000e+00,4.653792241981358331e-06,3.040249288435246074e-22,-9.760905730438549810e+00,8.999999999999998579e+01,-1.827375818914741816e-06,0.000000000000000000e+00,2.558332872076199750e-19,-5.068700739996929820e-03,-8.159476434209785682e-27
2.979500000000000000e+03,0.000000000000000000e+00,2.708274600010434963e+00,1.000000067973509431e+03,1.012018854585311232e+02,6.196828254723357206e-15,0.000000000000000000e+00,-3.231602318248859389e-06,-1.798205681050625888e-22,-9.760847072905434629e+00,8.999999999999998579e+01,-1.731107365979247132e-06,0.000000000000000000e+00,2.558332872076200231e-19,-5.101909893498996103e-03,-7.729624969089980906e-27
2.989500000000000000e+03,0.000000000000000000e+00,2.717364294925354251e+00,1.000000068176537752e+03,1.012018854466200253e+02,6.196828253994013490e-15,0.000000000000000000e+00,6.658248820122462868e-07,5.854255188199356831e-23,-9.760847244935286326e+00,8.999999999999998579e+01,-1.703741379418301035e-06,0.000000000000000000e+00,2.558332872076200231e-19,-5.101812498829321439e-03,-7.607432194001412689e-27
2.999500000000000000e+03,0.000000000000000000e+00,2.726453989840325054e+00,1.000000068378634751e+03,1.012018854491425657e+02,6.196828254148474032e-15,4.235164736271501695e-22,-1.873591846069802936e-06,-9.515069267404543464e-23,-9.760905386877732681e+00,8.999999999999998579e+01,-1.876398377814698400e-06,0.000000000000000000e+00,2.558332872076199750e-19,-5.068895246840566561e-03,-8.378368689403579799e-27
3.009500000000000000e+03,0.000000000000000000e+00,2.735543684755336269e+00,1.000000068582594395e+03,1.012018854731134780e+02,6.196828255616268076e-15,0.000000000000000000e+00,-7.867237797975175088e-07,-2.746431767244034468e-23,-9.760963701604293163e+00,8.999999999999998579e+01,-1.985181608613645991e-06,0.000000000000000000e+00,2.558332872076199750e-19,-5.035880170475968802e-03,-8.864100304626749417e-27
3.019500000000000000e+03,0.000000000000000000e+00,2.744633379670400775e+00,1.000000068786554039e+03,1.012018854637244374e+02,6.196828255041355714e-15,0.000000000000000000e+00,-5.012152680619349994e-06,-2.870876792116462298e-22,-9.760905212257410923e+00,8.999999999999998579e+01,-1.899830955531664538e-06,0.000000000000000000e+00,2.558332872076199750e-19,-5.068994106773850455e-03,-8.482998270081696165e-27
3.029500000000000000e+03,0.000000000000000000e+00,2.753723074585511466e+00,1.000000068989582360e+03,1.012018854689051608e+02,6.196828255358583506e-15,-4.235164736271501695e-22,-1.148398356475064628e-06,-4.929763794479281086e-23,-9.760905386312236587e+00,8.999999999999998579e+01,-2.015185246977376754e-06,0.000000000000000000e+00,2.558332872076199750e-19,-5.068895564097551133e-03,-8.998070546344626575e-27
3.039500000000000000e+03,0.000000000000000000e+00,2.762812769500668342e+00,1.000000069190748036e+03,1.012018854584683538e+02,6.196828254719513876e-15,4.235164736271501695e-22,-4.496570899425937150e-06,-2.565127484287240897e-22,-9.760905210848362046e+00,8.999999999999998579e+01,-1.804413752960236096e-06,0.000000000000000000e+00,2.558332872076200231e-19,-5.068994904270160765e-03,-8.056947751222270213e-27
3.049500000000000000e+03,0.000000000000000000e+00,2.771902464415883394e+00,1.000000069393776357e+03,1.012018854481088539e+02,6.196828254085177411e-15,4.235164736271501695e-22,5.837026054745686345e-06,3.761413562024635428e-22,-9.760847422513384331e+00,8.999999999999998579e+01,-1.795200712143224824e-06,0.000000000000000000e+00,2.558332872076200231e-19,-5.101711959953879501e-03,-8.015810296815949906e-27
3.059500000000000000e+03,0.000000000000000000e+00,2.780992159331131752e+00,1.000000069595873356e+03,1.012018854331760451e+02,6.196828253170807158e-15,4.235164736271501695e-22,1.096925679024025021e-05,6.882797442701430079e-22,-9.760672829674431838e+00,8.999999999999998579e+01,-1.591987658047405554e-06,0.000000000000000000e+00,2.558332872076200231e-19,-5.200558269407208438e-03,-7.108436942711173470e-27
3.069500000000000000e+03,0.000000000000000000e+00,2.790081854246420967e+00,1.000000069796107709e+03,1.012018854588408345e+02,6.196828254742322211e-15,4.235164736271501695e-22,-9.982961950182928416e-08,1.184666471536560992e-23,-9.760905386116531801e+00,8.999999999999998579e+01,-1.721650886549475672e-06,0.000000000000000000e+00,2.558332872076200231e-19,-5.068895674374566951e-03,-7.687400528852158018e-27
3.079500000000000000e+03,0.000000000000000000e+00,2.799171549161760364e+00,1.000000069997273386e+03,1.012018854590387633e+02,6.196828254754440692e-15,4.235164736271501695e-22,-2.727030662358718401e-06,-1.469298660885795854e-22,-9.760963524376929712e+00,8.999999999999998579e+01,-1.922294093381472155e-06,0.000000000000000000e+00,2.558332872076199750e-19,-5.035980507206763365e-03,-8.583299172625520567e-27
3.089500000000000000e+03,0.000000000000000000e+00,2.808261244077144614e+00,1.000000070200301707e+03,1.012018854577455613e+02,6.196828254675254835e-15,0.000000000000000000e+00,3.238275362685024099e-06,2.170383784780106096e-22,-9.760847248498430773e+00,8.999999999999998579e+01,-1.797559769616805812e-06,0.000000000000000000e+00,2.558332872076200231e-19,-5.101810476893641789e-03,-8.026343802657161602e-27
3.099500000000000000e+03,0.000000000000000000e+00,2.817350938992576825e+00,1.000000070402398705e+03,1.012018854599515976e+02,6.196828254810336221e-15,0.000000000000000000e+00,2.733805940594445958e-06,1.855841125153820183e-22,-9.760788932960167585e+00,8.999999999999998579e+01,-1.743462517718137185e-06,0.000000000000000000e+00,2.558332872076200231e-19,-5.134826009682933595e-03,-7.784792367285296715e-27
3.109500000000000000e+03,0.000000000000000000e+00,2.826440633908053002e+00,1.000000070601701736e+03,1.012018854771973650e+02,6.196828255866334616e-15,4.235164736271501695e-22,-9.267746119418847117e-06,-5.477503672591373554e-22,-9.760963164619175458e+00,8.999999999999998579e+01,-1.891887634071435452e-06,0.000000000000000000e+00,2.558332872076199750e-19,-5.036184182752556984e-03,-8.447530281727452117e-27
3.119500000000000000e+03,0.000000000000000000e+00,2.835530328823573587e+00,1.000000070804730058e+03,1.012018854605653644e+02,6.196828254847919132e-15,0.000000000000000000e+00,-2.506891827481823026e-06,-1.342201760315421732e-22,-9.760905206793855982e+00,8.999999999999998579e+01,-1.848498057003593122e-06,0.000000000000000000e+00,2.558332872076199750e-19,-5.068997196658897066e-03,-8.253790040715812137e-27
3.129500000000000000e+03,0.000000000000000000e+00,2.844620023739134140e+00,1.000000071006827056e+03,1.012018854505172243e+02,6.196828254232647069e-15,4.235164736271501695e-22,4.282739183656351466e-06,2.804384881257744683e-22,-9.760847251074821429e+00,8.999999999999998579e+01,-1.744369392191710780e-06,0.000000000000000000e+00,2.558332872076200231e-19,-5.101809017476422771e-03,-7.788841682603644282e-27
3.139500000000000000e+03,0.000000000000000000e+00,2.853709718654744876e+00,1.000000071207992733e+03,1.012018854847192557e+02,6.196828256326918155e-15,0.000000000000000000e+00,-8.537984177222506156e-06,-5.035792011759855703e-22,-9.760963160530527816e+00,8.999999999999998579e+01,-1.842627187482478639e-06,0.000000000000000000e+00,2.558332872076199750e-19,-5.036186495783512122e-03,-8.227575826316110796e-27
3.149500000000000000e+03,0.000000000000000000e+00,2.862799413570399576e+00,1.000000071411952376e+03,1.012018854557871350e+02,6.196828254555336144e-15,0.000000000000000000e+00,1.892210403060890029e-06,1.341257709933778072e-22,-9.760905387626031882e+00,8.999999999999998579e+01,-1.750585681901346246e-06,0.000000000000000000e+00,2.558332872076200231e-19,-5.068894817151838386e-03,-7.816598244154354832e-27
3.159500000000000000e+03,0.000000000000000000e+00,2.871889108486104458e+00,1.000000071621499956e+03,1.012018854450264911e+02,6.196828253896437706e-15,4.235164736271501695e-22,1.232851001063407647e-05,7.729514725665882625e-22,-9.760847617985765723e+00,8.999999999999998579e+01,-1.730144104987675004e-06,0.000000000000000000e+00,2.558332872076200231e-19,-5.101601288778820180e-03,-7.725323880458200479e-27
3.169500000000000000e+03,0.000000000000000000e+00,2.880978803401850641e+00,1.000000071824528277e+03,1.012018854670311754e+02,6.196828255243835010e-15,4.235164736271501695e-22,9.706861965614758900e-07,7.801690450358663558e-23,-9.760788754513230359e+00,8.999999999999998579e+01,-1.781112247001312945e-06,0.000000000000000000e+00,2.558332872076200231e-19,-5.134927034931986191e-03,-7.952903423402311966e-27
3.179500000000000000e+03,0.000000000000000000e+00,2.890068498317190038e+00,1.000000072023831308e+03,1.012018854665217873e+02,6.196828255212644238e-15,0.000000000000000000e+00,-4.629510196454947779e-06,-2.649774295896687551e-22,-9.760905021990373243e+00,8.999999999999998579e+01,-1.773306490282663432e-06,0.000000000000000000e+00,2.558332872076200231e-19,-5.069101821159259849e-03,-7.918049679942564384e-27
3.189500000000000000e+03,0.000000000000000000e+00,2.899158193232036052e+00,1.000000072219409049e+03,1.012018854406918962e+02,6.196828253631019933e-15,0.000000000000000000e+00,-4.391042201855625310e-06,-2.496899042927009718e-22,-9.760905021326967912e+00,8.999999999999998579e+01,-1.839027579301724442e-06,0.000000000000000000e+00,2.558332872076199750e-19,-5.069102198755531807e-03,-8.211503096328531327e-27
3.199500000000000000e+03,0.000000000000000000e+00,2.908247888146926030e+00,1.000000072416849434e+03,1.012018854386431599e+02,6.196828253505571327e-15,0.000000000000000000e+00,5.419945092987189022e-06,3.497462293263928139e-22,-9.760788939892561800e+00,8.999999999999998579e+01,-1.713124446536814659e-06,0.000000000000000000e+00,2.558332872076200231e-19,-5.134822083225213003e-03,-7.649328838491096288e-27
3.209500000000000000e+03,0.000000000000000000e+00,2.917337583061855533e+00,1.000000072614289820e+03,1.012018854666983430e+02,6.196828255223454788e-15,4.235164736271501695e-22,-4.554359573340004702e-06,-2.601850729805100000e-22,-9.760846702727643986e+00,8.999999999999998579e+01,-1.791599074264419709e-06,0.000000000000000000e+00,2.558332872076200231e-19,-5.102119462060837954e-03,-7.999728503956220079e-27
3.219500000000000000e+03,0.000000000000000000e+00,2.926427277976836550e+00,1.000000072809867561e+03,1.012018854721897441e+02,6.196828255559707538e-15,0.000000000000000000e+00,-4.960473314404920453e-06,-2.848373587298115369e-22,-9.760788384588575894e+00,8.999999999999998579e+01,-1.812221455512330202e-06,0.000000000000000000e+00,2.558332872076199750e-19,-5.135136467016400592e-03,-8.091810183087526897e-27
3.229500000000000000e+03,0.000000000000000000e+00,2.935516972891867304e+00,1.000000073006376624e+03,1.012018854405360742e+02,6.196828253621477871e-15,4.235164736271501695e-22,3.232634651557988664e-06,2.164644159339501283e-22,-9.760847074081880237e+00,8.999999999999998579e+01,-1.775648365713168277e-06,0.000000000000000000e+00,2.558332872076200231e-19,-5.101909220071850458e-03,-7.928506465672830876e-27
3.239500000000000000e+03,0.000000000000000000e+00,2.944606667806935363e+00,1.000000073201954365e+03,1.012018854563134198e+02,6.196828254587562690e-15,0.000000000000000000e+00,-9.761304804145026540e-06,-5.788091664309250031e-22,-9.760962962505029594e+00,8.999999999999998579e+01,-1.811646284451942813e-06,0.000000000000000000e+00,2.558332872076199750e-19,-5.036298607714518281e-03,-8.089241967691276655e-27
3.249500000000000000e+03,0.000000000000000000e+00,2.953696362722052271e+00,1.000000073397532105e+03,1.012018854374575625e+02,6.196828253432974825e-15,-4.235164736271501695e-22,3.136537041193437722e-06,2.093615877629362817e-22,-9.760788757491269507e+00,8.999999999999998579e+01,-1.658843866878740347e-06,0.000000000000000000e+00,2.558332872076200231e-19,-5.134925348797870180e-03,-7.406958820254598393e-27
3.259500000000000000e+03,0.000000000000000000e+00,2.962786057637217585e+00,1.000000073595903814e+03,1.012018854610123668e+02,6.196828254875290239e-15,4.235164736271501695e-22,9.891302054937530473e-07,7.979410515341105688e-23,-9.760905205799964790e+00,8.999999999999998579e+01,-1.843194099143666181e-06,0.000000000000000000e+00,2.558332872076199750e-19,-5.068997754311925855e-03,-8.230107162394799659e-27
3.269500000000000000e+03,0.000000000000000000e+00,2.971875752552437078e+00,1.000000073794275522e+03,1.012018854499115861e+02,6.196828254195563507e-15,4.235164736271501695e-22,1.239456220507271471e-06,9.508055459865538887e-23,-9.760905206027361558e+00,8.999999999999998579e+01,-1.839206364147568500e-06,0.000000000000000000e+00,2.558332872076199750e-19,-5.068997626229795016e-03,-8.212301394479005196e-27
3.279500000000000000e+03,0.000000000000000000e+00,2.980965447467692986e+00,1.000000073984265327e+03,1.012018854572777400e+02,6.196828254646609717e-15,4.235164736271501695e-22,5.110170510745612368e-06,3.328271451718253315e-22,-9.760905395482790681e+00,8.999999999999998579e+01,-1.909540856744618266e-06,0.000000000000000000e+00,2.558332872076199750e-19,-5.068890364276014242e-03,-8.526354272336696428e-27
3.289500000000000000e+03,0.000000000000000000e+00,2.990055142382994635e+00,1.000000074176117778e+03,1.012018854855604673e+02,6.196828256378426828e-15,4.235164736271501695e-22,-1.221077541426269627e-05,-7.276411334216973813e-22,-9.760962765710191391e+00,8.999999999999998579e+01,-1.922353235125104530e-06,0.000000000000000000e+00,2.558332872076199750e-19,-5.036410019474367276e-03,-8.583563248388398842e-27
3.299500000000000000e+03,0.000000000000000000e+00,2.999144837298337141e+00,1.000000074371695518e+03,1.012018854498696072e+02,6.196828254192991820e-15,8.470329472543003391e-22,-1.629087667061259374e-06,-8.151451057455505021e-23,-9.760905016599766171e+00,8.999999999999998579e+01,-1.748384630181431919e-06,0.000000000000000000e+00,2.558332872076200231e-19,-5.069104870382696963e-03,-7.806770255049311606e-27
3.309500000000000000e+03,0.000000000000000000e+00,3.008234532213728052e+00,1.000000074569135904e+03,1.012018854570510769e+02,6.196828254632730499e-15,4.235164736271501695e-22,2.225521402781089781e-06,1.562262468211437565e-22,-9.760905207326743493e+00,8.999999999999998579e+01,-1.912696371476937557e-06,0.000000000000000000e+00,2.558332872076199750e-19,-5.068996888540117443e-03,-8.540444065924668153e-27
3.319500000000000000e+03,0.000000000000000000e+00,3.017324227129164704e+00,1.000000074765644968e+03,1.012018854728981836e+02,6.196828255603085421e-15,0.000000000000000000e+00,-4.786577926898065641e-06,-2.733930792678209298e-22,-9.760904824756783782e+00,8.999999999999998579e+01,-1.888531635465161787e-06,0.000000000000000000e+00,2.558332872076199750e-19,-5.069213480232901553e-03,-8.432545300938227433e-27
3.329500000000000000e+03,0.000000000000000000e+00,3.026413922044649318e+00,1.000000074962154031e+03,1.012018854659503262e+02,6.196828255177651946e-15,8.470329472543003391e-22,-1.450152353710074454e-06,-6.992510214165703749e-23,-9.760846697590592314e+00,8.999999999999998579e+01,-1.809055769576854774e-06,0.000000000000000000e+00,2.558332872076200231e-19,-5.102122366271935258e-03,-8.077674973722678141e-27
3.339500000000000000e+03,0.000000000000000000e+00,3.035503616960177009e+00,1.000000075157731771e+03,1.012018854775535885e+02,6.196828255888147409e-15,4.235164736271501695e-22,-1.153869894327995734e-05,-6.877098586802292642e-22,-9.760904438121256632e+00,8.999999999999998579e+01,-1.805264024935139242e-06,0.000000000000000000e+00,2.558332872076200231e-19,-5.069432374334370377e-03,-8.060744328844713188e-27
3.349500000000000000e+03,0.000000000000000000e+00,3.044593311875749997e+00,1.000000075353309512e+03,1.012018854932403116e+02,6.196828256848681802e-15,4.235164736271501695e-22,-4.035610531839356431e-06,-2.275213508028541825e-22,-9.760904822805667180e+00,8.999999999999998579e+01,-1.877817743301838002e-06,0.000000000000000000e+00,2.558332872076199750e-19,-5.069214581950970758e-03,-8.384706345360266323e-27
3.359500000000000000e+03,0.000000000000000000e+00,3.053683006791364729e+00,1.000000075549818575e+03,1.012018854468024784e+02,6.196828254005185338e-15,-4.235164736271501695e-22,2.457515651907375467e-06,1.675132046926044668e-22,-9.760788572223013659e+00,8.999999999999998579e+01,-1.632930387885083228e-06,-9.478791598866934614e-23,2.558332872076200231e-19,-5.135030234432826947e-03,-7.291251684925037056e-27
3.369500000000000000e+03,0.000000000000000000e+00,3.062772701707038969e+00,1.000000075747258961e+03,1.012018854686478022e+02,6.196828255342824431e-15,0.000000000000000000e+00,-3.032743108441312936e-06,-1.649333343580525254e-22,-9.760963140603106325e+00,8.999999999999998579e+01,-1.990933707138189033e-06,0.000000000000000000e+00,2.558332872076199750e-19,-5.036197771102618459e-03,-8.889784190706699576e-27
3.379500000000000000e+03,0.000000000000000000e+00,3.071862396622746960e+00,1.000000075943768024e+03,1.012018854324588375e+02,6.196828253126889694e-15,0.000000000000000000e+00,7.630546964804552277e-06,4.856773655115920326e-22,-9.760905406083924873e+00,8.999999999999998579e+01,-1.767823729843648665e-06,0.000000000000000000e+00,2.558332872076200231e-19,-5.068884361165838619e-03,-7.893568424289784306e-27
3.389500000000000000e+03,0.000000000000000000e+00,3.080952091538498472e+00,1.000000076140277088e+03,1.012018854689372347e+02,6.196828255360547769e-15,0.000000000000000000e+00,-3.037811226525579089e-06,-1.663602377346312276e-22,-9.760904820766349133e+00,8.999999999999998579e+01,-1.883907622510749633e-06,0.000000000000000000e+00,2.558332872076199750e-19,-5.069215737329352267e-03,-8.411898467187624965e-27
3.399500000000000000e+03,0.000000000000000000e+00,3.090041786453754824e+00,1.000000076333060861e+03,1.012018854555112455e+02,6.196828254538443477e-15,4.235164736271501695e-22,3.613486634374652108e-07,4.106050794091703508e-23,-9.760846697326430288e+00,8.999999999999998579e+01,-1.815110902611467098e-06,0.000000000000000000e+00,2.558332872076199750e-19,-5.102122514323109877e-03,-8.104711949253668356e-27
3.409500000000000000e+03,0.000000000000000000e+00,3.099131481368609276e+00,1.000000076524913311e+03,1.012018854210868568e+02,6.196828252430557440e-15,4.235164736271501695e-22,1.010444267663066811e-05,6.349996665650119959e-22,-9.760672329863163910e+00,8.999999999999998579e+01,-1.560784892436080078e-06,0.000000000000000000e+00,2.558332872076200231e-19,-5.200841228243766219e-03,-6.969112438111466721e-27
3.419500000000000000e+03,0.000000000000000000e+00,3.108221176283509024e+00,1.000000076714903116e+03,1.012018854412555839e+02,6.196828253665534964e-15,0.000000000000000000e+00,1.815834486483307466e-06,1.311216118221996384e-22,-9.760963336203460017e+00,8.999999999999998579e+01,-1.910907069086906333e-06,0.000000000000000000e+00,2.558332872076199750e-19,-5.036087031960353490e-03,-8.532454592421724783e-27
3.429500000000000000e+03,0.000000000000000000e+00,3.117310871198454514e+00,1.000000076905824244e+03,1.012018854461637005e+02,6.196828253966072036e-15,0.000000000000000000e+00,6.940086337910444100e-07,6.001785822086666069e-23,-9.760788378465006687e+00,8.999999999999998579e+01,-1.679742371934517319e-06,0.000000000000000000e+00,2.558332872076200231e-19,-5.135139928920762729e-03,-7.500273428967161519e-27
3.439500000000000000e+03,0.000000000000000000e+00,3.126400566113438639e+00,1.000000077094882727e+03,1.012018854515597610e+02,6.196828254296484060e-15,0.000000000000000000e+00,-1.773414652571380087e-06,-8.990617505634525090e-23,-9.760904819106718477e+00,8.999999999999998579e+01,-1.791121853882746886e-06,0.000000000000000000e+00,2.558332872076200231e-19,-5.069216676811000126e-03,-7.997597651387262024e-27
3.449500000000000000e+03,0.000000000000000000e+00,3.135490261028472947e+00,1.000000077285803854e+03,1.012018854631164828e+02,6.196828255004130157e-15,0.000000000000000000e+00,-1.533590453243682074e-06,-7.461678667814455930e-23,-9.760904818891077639e+00,8.999999999999998579e+01,-1.849060724939715128e-06,0.000000000000000000e+00,2.558332872076199750e-19,-5.069216797497403705e-03,-8.256302427996824596e-27
3.459500000000000000e+03,0.000000000000000000e+00,3.144579955943556104e+00,1.000000077475793660e+03,1.012018854662590996e+02,6.196828255196560153e-15,0.000000000000000000e+00,-1.284757103073196032e-06,-5.932613097924086990e-23,-9.760904818716134912e+00,8.999999999999998579e+01,-1.854238045313563141e-06,0.000000000000000000e+00,2.558332872076199750e-19,-5.069216895913890471e-03,-8.279419853074633395e-27
3.469500000000000000e+03,0.000000000000000000e+00,3.153669650858679674e+00,1.000000077665783465e+03,1.012018854318836105e+02,6.196828253091667054e-15,4.235164736271501695e-22,1.350274771884788760e-05,8.456628825189672637e-22,-9.760905619148463330e+00,8.999999999999998579e+01,-1.807791349418646603e-06,0.000000000000000000e+00,2.558332872076200231e-19,-5.068763730814321820e-03,-8.072029169298075872e-27
3.479500000000000000e+03,0.000000000000000000e+00,3.162759345773859199e+00,1.000000077856704593e+03,1.012018854890305022e+02,6.196828256590906513e-15,0.000000000000000000e+00,-8.468393091787144037e-06,-4.993670989501487573e-22,-9.760846097333818250e+00,8.999999999999998579e+01,-1.837940194006605078e-06,0.000000000000000000e+00,2.558332872076199750e-19,-5.102462196694816134e-03,-8.206647776148306395e-27
3.489500000000000000e+03,0.000000000000000000e+00,3.171849040689076027e+00,1.000000078048557043e+03,1.012018854505261203e+02,6.196828254233192961e-15,0.000000000000000000e+00,9.955930031339323973e-06,6.285970650386564692e-22,-9.760847102529282893e+00,8.999999999999998579e+01,-1.818743010504514852e-06,0.000000000000000000e+00,2.558332872076199750e-19,-5.101893104506452677e-03,-8.120929794785538302e-27
3.499500000000000000e+03,0.000000000000000000e+00,3.180938735604335044e+00,1.000000078238546848e+03,1.012018854341748693e+02,6.196828253231967544e-15,-4.235164736271501695e-22,1.993932615561704735e-05,1.237775262898432484e-21,-9.760672750243072571e+00,8.999999999999998579e+01,-1.614725206830930991e-06,0.000000000000000000e+00,2.558332872076200231e-19,-5.200603224176043871e-03,-7.209963126625027444e-27
3.509500000000000000e+03,0.000000000000000000e+00,3.190028430519644242e+00,1.000000078427605331e+03,1.012018854625887769e+02,6.196828254971816837e-15,8.470329472543003391e-22,-8.054326927274244350e-07,-3.102724715233246228e-23,-9.760788178619026922e+00,8.999999999999998579e+01,-1.753480808671443727e-06,0.000000000000000000e+00,2.558332872076200231e-19,-5.135253068263617195e-03,-7.829525370807860331e-27
3.519500000000000000e+03,0.000000000000000000e+00,3.199118125434996518e+00,1.000000078620389104e+03,1.012018854825466718e+02,6.196828256193886230e-15,4.235164736271501695e-22,-1.068113764166856878e-05,-6.348281676181210129e-22,-9.760904209437310186e+00,8.999999999999998579e+01,-1.840849037290908513e-06,0.000000000000000000e+00,2.558332872076199750e-19,-5.069561837962530300e-03,-8.219636148864748750e-27
3.529500000000000000e+03,0.000000000000000000e+00,3.208207820350395423e+00,1.000000078811310232e+03,1.012018854649472814e+02,6.196828255116233603e-15,0.000000000000000000e+00,-6.430670593488785078e-06,-3.741746416519846710e-22,-9.760962731445241403e+00,8.999999999999998579e+01,-1.877983091973772821e-06,0.000000000000000000e+00,2.558332872076199750e-19,-5.036429412270467150e-03,-8.385444649204561394e-27
3.539500000000000000e+03,0.000000000000000000e+00,3.217297515265833852e+00,1.000000078991986811e+03,1.012018854547972069e+02,6.196828254494720861e-15,0.000000000000000000e+00,3.683885794580337137e-07,4.062108621552200938e-23,-9.760846498660397330e+00,8.999999999999998579e+01,-1.731662310639016635e-06,0.000000000000000000e+00,2.558332872076200231e-19,-5.102234985169692115e-03,-7.732102870913356789e-27
3.549500000000000000e+03,0.000000000000000000e+00,3.226387210181325127e+00,1.000000079184770584e+03,1.012018854476678626e+02,6.196828254058173914e-15,0.000000000000000000e+00,4.248198027344353601e-06,2.788863522854208415e-22,-9.760846703536577351e+00,8.999999999999998579e+01,-1.798331177433332862e-06,0.000000000000000000e+00,2.558332872076200231e-19,-5.102118994022548405e-03,-8.029788241307915442e-27
3.559500000000000000e+03,0.000000000000000000e+00,3.235476905096863920e+00,1.000000079375691712e+03,1.012018854610427070e+02,6.196828254877148006e-15,4.235164736271501695e-22,-2.759833883035077766e-06,-1.500724889132816029e-22,-9.760846293623862024e+00,8.999999999999998579e+01,-1.813607249739059141e-06,0.000000000000000000e+00,2.558332872076199750e-19,-5.102351066146157757e-03,-8.097997938894853557e-27
3.569500000000000000e+03,0.000000000000000000e+00,3.244566600012445345e+00,1.000000079565681517e+03,1.012018854539945636e+02,6.196828254445574038e-15,0.000000000000000000e+00,4.139006182974720911e-06,2.692441851023903186e-22,-9.760730064544315354e+00,8.999999999999998579e+01,-1.514967008646446087e-06,-9.478791598866934614e-23,2.558332872076200231e-19,-5.168154540956592345e-03,-6.764529484141490083e-27
3.579500000000000000e+03,0.000000000000000000e+00,3.253656294928065851e+00,1.000000079757533967e+03,1.012018854606483274e+02,6.196828254852999396e-15,-4.235164736271501695e-22,1.388207060872363564e-06,1.040484582919729220e-22,-9.760846499407481502e+00,8.999999999999998579e+01,-1.825752567282478230e-06,0.000000000000000000e+00,2.558332872076199750e-19,-5.102234560292482311e-03,-8.152228399457899719e-27
3.589500000000000000e+03,0.000000000000000000e+00,3.262745989843707672e+00,1.000000079948455095e+03,1.012018854626741557e+02,6.196828254977045407e-15,0.000000000000000000e+00,4.983119369793957912e-06,3.227628033911561782e-22,-9.760788386388393079e+00,8.999999999999998579e+01,-1.690542295141567326e-06,0.000000000000000000e+00,2.558332872076200231e-19,-5.135135436070912759e-03,-7.548496524614520689e-27
3.599500000000000000e+03,0.000000000000000000e+00,3.271835684759424101e+00,1.000000080137513578e+03,1.012018854667866918e+02,6.196828255228864796e-15,4.235164736271501695e-22,-1.428913489020084109e-06,-6.765978394540468940e-23,-9.760904612808737113e+00,8.999999999999998579e+01,-1.901535033770294569e-06,0.000000000000000000e+00,2.558332872076199750e-19,-5.069333466368021110e-03,-8.490607206396946311e-27
3.609500000000000000e+03,0.000000000000000000e+00,3.280925379675185827e+00,1.000000080327503383e+03,1.012018854502347693e+02,6.196828254215352082e-15,4.235164736271501695e-22,5.801590671449496884e-06,3.740167826955307077e-22,-9.760846708608093891e+00,8.999999999999998579e+01,-1.799535602445494080e-06,0.000000000000000000e+00,2.558332872076200231e-19,-5.102116120478891043e-03,-8.035166159414185639e-27
3.619500000000000000e+03,0.000000000000000000e+00,3.290015074590376010e+00,1.000000080512836576e+03,1.012018854540076802e+02,6.196828254446377098e-15,-4.235164736271501695e-22,1.871578779995325969e-06,1.317868735934364319e-22,-9.760729859795393537e+00,8.999999999999998579e+01,-1.647507321439903474e-06,0.000000000000000000e+00,2.558332872076200231e-19,-5.168270458662203685e-03,-7.356339634865315408e-27
3.629500000000000000e+03,0.000000000000000000e+00,3.299104769505234458e+00,1.000000080697238445e+03,1.012018854601493700e+02,6.196828254822446813e-15,0.000000000000000000e+00,-9.517698074424602530e-07,-3.906047943758703642e-23,-9.760846291906062788e+00,8.999999999999998579e+01,-1.842367837698842669e-06,0.000000000000000000e+00,2.558332872076199750e-19,-5.102352036389731609e-03,-8.226417794987312080e-27
3.639500000000000000e+03,0.000000000000000000e+00,3.308194464420139536e+00,1.000000080883502960e+03,1.012018854733185549e+02,6.196828255628826741e-15,0.000000000000000000e+00,-4.327022235708729948e-06,-2.455923535203855122e-22,-9.760846081886560555e+00,8.999999999999998579e+01,-1.856050511649033756e-06,0.000000000000000000e+00,2.558332872076199750e-19,-5.102470938211498518e-03,-8.287512756679354350e-27
3.649500000000000000e+03,0.000000000000000000e+00,3.317284159335084581e+00,1.000000081073492765e+03,1.012018854352528763e+02,6.196828253297976269e-15,0.000000000000000000e+00,6.592189390341887923e-06,4.212914580024784123e-22,-9.760788392172536021e+00,8.999999999999998579e+01,-1.690689167625642414e-06,0.000000000000000000e+00,2.558332872076200231e-19,-5.135132161856437692e-03,-7.549152329819034287e-27
3.659500000000000000e+03,0.000000000000000000e+00,3.326373854250075812e+00,1.000000081264413893e+03,1.012018854434228246e+02,6.196828253798240301e-15,4.235164736271501695e-22,7.338386652242037316e-06,4.688689501592776555e-22,-9.760905034647301193e+00,8.999999999999998579e+01,-1.871475273199186976e-06,0.000000000000000000e+00,2.558332872076199750e-19,-5.069094640939347286e-03,-8.356386371547767325e-27
3.669500000000000000e+03,0.000000000000000000e+00,3.335463549165117669e+00,1.000000081446953118e+03,1.012018854594412574e+02,6.196828254779086285e-15,4.235164736271501695e-22,-1.434338444253057272e-07,9.364672708624334665e-24,-9.760787971106035243e+00,8.999999999999998579e+01,-1.739693770108477498e-06,0.000000000000000000e+00,2.558332872076200231e-19,-5.135370547413961595e-03,-7.767964407218620979e-27
3.679500000000000000e+03,0.000000000000000000e+00,3.344553244080208820e+00,1.000000081634148955e+03,1.012018854928540748e+02,6.196828256825031752e-15,0.000000000000000000e+00,-1.420320419217155274e-05,-8.492970932772283589e-22,-9.760845442942498451e+00,8.999999999999998579e+01,-1.955460489361711327e-06,0.000000000000000000e+00,2.558332872076199750e-19,-5.102832675747107430e-03,-8.731391548374014725e-27
3.689500000000000000e+03,0.000000000000000000e+00,3.353642938995343936e+00,1.000000081817619503e+03,1.012018854477048109e+02,6.196828254060437155e-15,4.235164736271501695e-22,4.026474828868092800e-06,2.645960770950909849e-22,-9.760788184058345252e+00,8.999999999999998579e+01,-1.729928890665100570e-06,0.000000000000000000e+00,2.558332872076200231e-19,-5.135249984038687057e-03,-7.724362919841793274e-27
3.699500000000000000e+03,0.000000000000000000e+00,3.362732633910530566e+00,1.000000082004815340e+03,1.012018854636730367e+02,6.196828255038208948e-15,4.235164736271501695e-22,-2.771966013800813908e-06,-1.504257120330930105e-22,-9.760846078806723725e+00,8.999999999999998579e+01,-1.850961131346639630e-06,0.000000000000000000e+00,2.558332872076199750e-19,-5.102472680739513627e-03,-8.264787995734024181e-27
3.709500000000000000e+03,0.000000000000000000e+00,3.371822328825753612e+00,1.000000082189217210e+03,1.012018854717472891e+02,6.196828255532614110e-15,0.000000000000000000e+00,-2.503020046840986493e-06,-1.345632312563336784e-22,-9.760846078436360429e+00,8.999999999999998579e+01,-1.792895503194680266e-06,0.000000000000000000e+00,2.558332872076200231e-19,-5.102472889350669755e-03,-8.005517231811539722e-27
3.719500000000000000e+03,0.000000000000000000e+00,3.380912023741020178e+00,1.000000082372687757e+03,1.012018854701857435e+02,6.196828255436997857e-15,0.000000000000000000e+00,-2.248645840782647650e-06,-1.187034009215380862e-22,-9.760846078107297430e+00,8.999999999999998579e+01,-1.820111452583914004e-06,0.000000000000000000e+00,2.558332872076199750e-19,-5.102473075463026184e-03,-8.127040070943766875e-27
3.729500000000000000e+03,0.000000000000000000e+00,3.390001718656336926e+00,1.000000082558952272e+03,1.012018854598188824e+02,6.196828254802209376e-15,4.235164736271501695e-22,1.834958844780688036e-06,1.311435804520541524e-22,-9.760904613871844049e+00,8.999999999999998579e+01,-1.800765995551467340e-06,0.000000000000000000e+00,2.558332872076200231e-19,-5.069332860779541573e-03,-8.040660028518223677e-27
3.739500000000000000e+03,0.000000000000000000e+00,3.399091413571697640e+00,1.000000082745216787e+03,1.012018854841865476e+02,6.196828256294298757e-15,4.235164736271501695e-22,-8.978976056470361092e-06,-5.317194520890583463e-22,-9.760845646175974721e+00,8.999999999999998579e+01,-1.733624868014051865e-06,0.000000000000000000e+00,2.558332872076200231e-19,-5.102717613110828269e-03,-7.740865951001554571e-27
3.749500000000000000e+03,0.000000000000000000e+00,3.408181108487103650e+00,1.000000082928687334e+03,1.012018854699331882e+02,6.196828255421532239e-15,4.235164736271501695e-22,-8.894423833164773611e-06,-5.263356254492000735e-22,-9.760787323834870577e+00,8.999999999999998579e+01,-1.753430837327621932e-06,0.000000000000000000e+00,2.558332872076200231e-19,-5.135736998884220250e-03,-7.829302242101615310e-27
3.759500000000000000e+03,0.000000000000000000e+00,3.417270803402555845e+00,1.000000083111226559e+03,1.012018854607100593e+02,6.196828254856779618e-15,0.000000000000000000e+00,-1.057238751814162859e-06,-4.534549966902432790e-23,-9.760904398217768119e+00,8.999999999999998579e+01,-1.858949826034091181e-06,0.000000000000000000e+00,2.558332872076199750e-19,-5.069454953096646024e-03,-8.300458581591435866e-27
3.769500000000000000e+03,0.000000000000000000e+00,3.426360498318056447e+00,1.000000083295628428e+03,1.012018854578106186e+02,6.196828254679238582e-15,4.235164736271501695e-22,-9.477071494737358280e-07,-3.939700046429878452e-23,-9.760846077083245476e+00,8.999999999999998579e+01,-1.786260077005370053e-06,0.000000000000000000e+00,2.558332872076200231e-19,-5.102473654710142602e-03,-7.975889170050949641e-27
3.779500000000000000e+03,0.000000000000000000e+00,3.435450193233599681e+00,1.000000083480961621e+03,1.012018854744636513e+02,6.196828255698943065e-15,0.000000000000000000e+00,-4.178928910088085467e-06,-2.371167138455473002e-22,-9.760904180057435653e+00,8.999999999999998579e+01,-1.799244264646312945e-06,0.000000000000000000e+00,2.558332872076200231e-19,-5.069578463493193410e-03,-8.033865297335237378e-27
3.789500000000000000e+03,0.000000000000000000e+00,3.444539888149187323e+00,1.000000083670020103e+03,1.012018854671643879e+02,6.196828255251991831e-15,4.235164736271501695e-22,-3.148414216588425537e-07,5.373831825423497190e-25,-9.760904398041221341e+00,8.999999999999998579e+01,-1.899610868404999936e-06,0.000000000000000000e+00,2.558332872076199750e-19,-5.069455051457096885e-03,-8.482015551745977590e-27
3.799500000000000000e+03,0.000000000000000000e+00,3.453629583064818043e+00,1.000000083853490651e+03,1.012018854665361545e+02,6.196828255213524607e-15,0.000000000000000000e+00,3.352210197766369469e-06,2.228967071554607711e-22,-9.760787975010778439e+00,8.999999999999998579e+01,-1.690378306674396008e-06,0.000000000000000000e+00,2.558332872076200231e-19,-5.135368331740921589e-03,-7.547764294265671364e-27
3.809500000000000000e+03,0.000000000000000000e+00,3.462719277980499388e+00,1.000000084041617811e+03,1.012018854264298255e+02,6.196828252757720145e-15,4.235164736271501695e-22,1.108998482838774980e-05,6.981934079037035605e-22,-9.760905057320663047e+00,8.999999999999998579e+01,-1.833640273654379947e-06,0.000000000000000000e+00,2.558332872076199750e-19,-5.069081800908726079e-03,-8.187448059034944120e-27
3.819500000000000000e+03,0.000000000000000000e+00,3.471808972896222922e+00,1.000000084228813648e+03,1.012018854650457769e+02,6.196828255122264444e-15,4.235164736271501695e-22,3.455503530404022314e-07,3.990782101297213455e-23,-9.760846077082820926e+00,8.999999999999998579e+01,-1.797345608042372810e-06,0.000000000000000000e+00,2.558332872076200231e-19,-5.102473652609563343e-03,-8.025387542701431822e-27
3.829500000000000000e+03,0.000000000000000000e+00,3.480898667811994418e+00,1.000000084411352873e+03,1.012018854656440254e+02,6.196828255158897567e-15,4.235164736271501695e-22,4.152288906348544981e-06,2.721732207974052591e-22,-9.760787976933020360e+00,8.999999999999998579e+01,-1.717778447632674053e-06,0.000000000000000000e+00,2.558332872076200231e-19,-5.135367242533863709e-03,-7.670109573287623120e-27
3.839500000000000000e+03,0.000000000000000000e+00,3.489988362727119320e+00,1.000000084593892097e+03,1.012018854565350665e+02,6.196828254601135042e-15,0.000000000000000000e+00,-2.602230566956393759e-06,-1.399553636799351584e-22,-9.760962498254588837e+00,8.999999999999998579e+01,-1.858325244830752072e-06,0.000000000000000000e+00,2.558332872076199750e-19,-5.036561424454746687e-03,-8.297669743325577654e-27
3.849500000000000000e+03,0.000000000000000000e+00,3.499078057641983985e+00,1.000000084773637354e+03,1.012018854388476825e+02,6.196828253518094494e-15,0.000000000000000000e+00,4.906741930484920667e-06,3.194680140324937144e-22,-9.760962941983073904e+00,8.999999999999998579e+01,-1.822992228325341467e-06,0.000000000000000000e+00,2.558332872076199750e-19,-5.036310207159432409e-03,-8.139903118342729878e-27
3.859500000000000000e+03,0.000000000000000000e+00,3.508167752556903718e+00,1.000000084951519966e+03,1.012018854842247038e+02,6.196828256296635363e-15,-4.235164736271501695e-22,-9.339198568016885790e-06,-5.509380502462690604e-22,-9.761020373573966680e+00,8.999999999999998579e+01,-2.005714380183315067e-06,0.000000000000000000e+00,2.558332872076199750e-19,-5.003795119568269466e-03,-8.955781864608882156e-27
3.869500000000000000e+03,0.000000000000000000e+00,3.517257447471863419e+00,1.000000085131265223e+03,1.012018854488071469e+02,6.196828254127935250e-15,8.470329472543003391e-22,5.219556698314900817e-06,3.378750676465699617e-22,-9.760787980094823624e+00,8.999999999999998579e+01,-1.751382966050176871e-06,0.000000000000000000e+00,2.558332872076200231e-19,-5.135365452719900005e-03,-7.820158224075518675e-27
3.879500000000000000e+03,0.000000000000000000e+00,3.526347142386874189e+00,1.000000085309147835e+03,1.012018854617258370e+02,6.196828254918977356e-15,0.000000000000000000e+00,-1.740017839432530898e-06,-8.726656208769016964e-23,-9.760845854677075550e+00,8.999999999999998579e+01,-1.848137844563458167e-06,0.000000000000000000e+00,2.558332872076199750e-19,-5.102599566842680630e-03,-8.252181644191039712e-27
3.889500000000000000e+03,0.000000000000000000e+00,3.535436837301922264e+00,1.000000085487961769e+03,1.012018854513209902e+02,6.196828254281863312e-15,4.235164736271501695e-22,2.204983346272992369e-06,1.534846465171501172e-22,-9.760904400034233319e+00,8.999999999999998579e+01,-1.770434932562015574e-06,0.000000000000000000e+00,2.558332872076200231e-19,-5.069453921291072751e-03,-7.905227792234202415e-27
3.899500000000000000e+03,0.000000000000000000e+00,3.544526532217020520e+00,1.000000085667707026e+03,1.012018854462351385e+02,6.196828253970444692e-15,8.470329472543003391e-22,2.452862756349785485e-06,1.687797754873185903e-22,-9.760904400452062646e+00,8.999999999999998579e+01,-1.781640632017591419e-06,0.000000000000000000e+00,2.558332872076200231e-19,-5.069453684877150458e-03,-7.955262732879807755e-27
3.909500000000000000e+03,0.000000000000000000e+00,3.553616227132161409e+00,1.000000085845589638e+03,1.012018854610670786e+02,6.196828254878639742e-15,4.235164736271501695e-22,-9.453801321978299593e-07,-3.826119809136690621e-23,-9.760904175415275219e+00,8.999999999999998579e+01,-1.881471628235262873e-06,0.000000000000000000e+00,2.558332872076199750e-19,-5.069581088644664613e-03,-8.401021428278074693e-27
3.919500000000000000e+03,0.000000000000000000e+00,3.562705922047324059e+00,1.000000086023472250e+03,1.012018854524864793e+02,6.196828254353229980e-15,0.000000000000000000e+00,2.942786013483280146e-06,1.976711088934814821e-22,-9.760787758933730629e+00,8.999999999999998579e+01,-1.675462105987925822e-06,0.000000000000000000e+00,2.558332872076200231e-19,-5.135490661986884947e-03,-7.481161471392881236e-27
3.929500000000000000e+03,0.000000000000000000e+00,3.571795616962558650e+00,1.000000086200423539e+03,1.012018854491912663e+02,6.196828254151456716e-15,0.000000000000000000e+00,3.190487310566961199e-06,2.143796234312765270e-22,-9.760846080703407424e+00,8.999999999999998579e+01,-1.823195786622904781e-06,0.000000000000000000e+00,2.558332872076199750e-19,-5.102471600705846093e-03,-8.140812033254903106e-27
3.939500000000000000e+03,0.000000000000000000e+00,3.580885311877834098e+00,1.000000086381100118e+03,1.012018854514233226e+02,6.196828254288130023e-15,4.235164736271501695e-22,-2.132653966491280713e-07,7.060543399559429449e-24,-9.761020817769686886e+00,8.999999999999998579e+01,-1.928674905020372601e-06,0.000000000000000000e+00,2.558332872076199750e-19,-5.003543636885372618e-03,-8.611790346504389165e-27
3.949500000000000000e+03,0.000000000000000000e+00,3.589975006793147738e+00,1.000000086551532149e+03,1.012018854736150075e+02,6.196828255646978431e-15,0.000000000000000000e+00,-7.204059182860032084e-06,-4.217235861156389414e-22,-9.760903719741273576e+00,8.999999999999998579e+01,-1.859535855944640669e-06,0.000000000000000000e+00,2.558332872076199750e-19,-5.069839067816565327e-03,-8.303075283200036323e-27
3.959500000000000000e+03,0.000000000000000000e+00,3.599064701708484915e+00,1.000000086789019406e+03,1.012018854722351051e+02,6.196828255562483539e-15,0.000000000000000000e+00,-3.327162512668909174e-06,-1.841008867576237442e-22,-9.760903947039512474e+00,8.999999999999998579e+01,-1.881703638019078342e-06,0.000000000000000000e+00,2.558332872076199750e-19,-5.069710381745550810e-03,-8.402057382866043987e-27
3.969500000000000000e+03,0.000000000000000000e+00,3.608154396623898474e+00,1.000000086973421276e+03,1.012018854617539461e+02,6.196828254920697861e-15,4.235164736271501695e-22,-3.074085354344234985e-06,-1.688013674303705766e-22,-9.760903946583383117e+00,8.999999999999998579e+01,-1.862819816392496931e-06,0.000000000000000000e+00,2.558332872076199750e-19,-5.069710640612388498e-03,-8.317738604016591366e-27
3.979500000000000000e+03,0.000000000000000000e+00,3.617244091539353334e+00,1.000000087149441242e+03,1.012018854129247245e+02,6.196828251930771458e-15,0.000000000000000000e+00,1.548689891022979789e-05,9.657411133505134467e-22,-9.760730130123208781e+00,8.999999999999998579e+01,-1.672080212903411092e-06,0.000000000000000000e+00,2.558332872076200231e-19,-5.168117403347032707e-03,-7.466060868309219060e-27
3.989500000000000000e+03,0.000000000000000000e+00,3.626333786454865482e+00,1.000000087329186499e+03,1.012018854861679387e+02,6.196828256415624775e-15,4.235164736271501695e-22,-6.199862003325235291e-06,-3.605184390594528742e-22,-9.760903715683895143e+00,8.999999999999998579e+01,-1.832291927248540702e-06,0.000000000000000000e+00,2.558332872076199750e-19,-5.069841362372719783e-03,-8.181427512735863923e-27
3.999500000000000000e+03,0.000000000000000000e+00,3.635423481370413601e+00,1.000000087505206466e+03,1.012018854339316221e+02,6.196828253217073061e-15,0.000000000000000000e+00,1.952616056098683447e-05,1.214661928179131957e-21,-9.760847008298666694e+00,8.999999999999998579e+01,-1.824231597770753600e-06,0.000000000000000000e+00,2.558332872076199750e-19,-5.101946438128702153e-03,-8.145437067997994467e-27
4.009500000000000000e+03,0.000000000000000000e+00,3.644513176286005240e+00,1.000000087684020400e+03,1.012018854451443559e+02,6.196828253903654206e-15,4.235164736271501695e-22,5.271215884510799036e-06,3.412683590652760707e-22,-9.760846086458760951e+00,8.999999999999998579e+01,-1.773428729164756975e-06,0.000000000000000000e+00,2.558332872076200231e-19,-5.102468339996139510e-03,-7.918595492833083307e-27
4.019500000000000000e+03,0.000000000000000000e+00,3.653602871201652391e+00,1.000000087862834334e+03,1.012018854329507889e+02,6.196828253157013925e-15,0.000000000000000000e+00,5.523096913856217990e-06,3.571286105421661202e-22,-9.760846087364225099e+00,8.999999999999998579e+01,-1.815319899004013331e-06,0.000000000000000000e+00,2.558332872076199750e-19,-5.102467828161369630e-03,-8.105645145984284301e-27
4.029500000000000000e+03,0.000000000000000000e+00,3.662692566117345283e+00,1.000000088038854301e+03,1.012018854693367302e+02,6.196828255385010346e-15,0.000000000000000000e+00,2.262003530671504426e-06,1.560675787301742572e-22,-9.760787534730672732e+00,8.999999999999998579e+01,-1.683358895573468750e-06,0.000000000000000000e+00,2.558332872076200231e-19,-5.135617590237310723e-03,-7.516421688728700245e-27
4.039500000000000000e+03,0.000000000000000000e+00,3.671782261033083028e+00,1.000000088217668235e+03,1.012018854685783680e+02,6.196828255338573260e-15,0.000000000000000000e+00,-1.333044831986833914e-06,-6.170928952561874959e-23,-9.760903944489131234e+00,8.999999999999998579e+01,-1.909226478151125487e-06,0.000000000000000000e+00,2.558332872076199750e-19,-5.069711823421697329e-03,-8.524950530042158996e-27
4.049500000000000000e+03,0.000000000000000000e+00,3.680871955948851859e+00,1.000000088392756879e+03,1.012018854429446435e+02,6.196828253768960940e-15,0.000000000000000000e+00,2.582952261867335507e-06,1.758957378380673228e-22,-9.760904177906864376e+00,8.999999999999998579e+01,-1.700183593560956813e-06,0.000000000000000000e+00,2.558332872076200231e-19,-5.069579675105868183e-03,-7.591546206258504864e-27
4.059500000000000000e+03,0.000000000000000000e+00,3.689961650864651332e+00,1.000000088569708169e+03,1.012018854674547015e+02,6.196828255269769601e-15,0.000000000000000000e+00,-8.225988283313181593e-07,-3.111028852982662253e-23,-9.760903944247532493e+00,8.999999999999998579e+01,-1.846263341440668374e-06,0.000000000000000000e+00,2.558332872076199750e-19,-5.069711959673308017e-03,-8.243811738067767269e-27
4.069500000000000000e+03,0.000000000000000000e+00,3.699051345780522748e+00,1.000000088746659458e+03,1.012018854823221545e+02,6.196828256180138751e-15,4.235164736271501695e-22,-7.829328723111569330e-06,-4.604069920425340530e-22,-9.760903474769875743e+00,8.999999999999998579e+01,-1.821508052161031165e-06,0.000000000000000000e+00,2.558332872076199750e-19,-5.069977754568372880e-03,-8.133276074079829030e-27
4.079500000000000000e+03,0.000000000000000000e+00,3.708141040696445234e+00,1.000000088925473392e+03,1.012018855035348963e+02,6.196828257479043197e-15,-4.235164736271501695e-22,-1.137810403523574185e-05,-6.756169091309904017e-22,-9.760961559392599796e+00,8.999999999999998579e+01,-2.021840375509117082e-06,0.000000000000000000e+00,2.558332872076199750e-19,-5.037092952700198203e-03,-9.027786581688479392e-27
4.089500000000000000e+03,0.000000000000000000e+00,3.717230735612404136e+00,1.000000089102424681e+03,1.012018855005186566e+02,6.196828257294351926e-15,-4.235164736271501695e-22,-1.477292211411069536e-05,-8.831714909140203057e-22,-9.760961321802033908e+00,8.999999999999998579e+01,-2.052331720088267716e-06,0.000000000000000000e+00,2.558332872076199750e-19,-5.037227465457517171e-03,-9.163934496619688982e-27
4.099500000000604814e+03,0.000000000000000000e+00,3.726320430528958116e+00,1.000000089281238616e+03,1.012018855015623586e+02,6.196828257358259915e-15,-2.904792895074531563e-35,-1.418038541736800844e-05,-8.497294087146779507e-22,-9.760844677458356600e+00,8.999999999999998579e+01,-1.780071944780434335e-06,0.000000000000000000e+00,2.558332872076200231e-19,-5.103266042944210219e-03,-7.948258335419940804e-27
4.109500000002332854e+03,0.000000000000000000e+00,3.735410125446578800e+00,1.000000089458189905e+03,1.012018854351019712e+02,6.196828253288736342e-15,2.470006594274492699e-28,8.398681557311784846e-06,5.296270464176229034e-22,-9.760671134315645148e+00,8.999999999999997158e+01,-1.472121490815818600e-06,0.000000000000000000e+00,2.558332872076200231e-19,-5.201518067567203162e-03,-6.573218540091600132e-27
4.119500000004059984e+03,0.000000000000000000e+00,3.744499820364242559e+00,1.000000089636072516e+03,1.012018854787812927e+02,6.196828255963321909e-15,0.000000000000000000e+00,-6.573066179588925106e-06,-3.838885175975675050e-22,-9.760903469239542218e+00,8.999999999999998579e+01,-1.782643039023339403e-06,0.000000000000000000e+00,2.558332872076200231e-19,-5.069980884310076527e-03,-7.959738613679053547e-27
4.129500000005788024e+03,0.000000000000000000e+00,3.753589515281956945e+00,1.000000089815817773e+03,1.012018854538199832e+02,6.196828254434882606e-15,4.235164736244898377e-22,9.353218943265184710e-07,7.598390353898739680e-23,-9.760903944653390951e+00,8.999999999999998579e+01,-1.793787154238022263e-06,0.000000000000000000e+00,2.558332872076200231e-19,-5.069711728902894822e-03,-8.009498572486175567e-27
4.139500000007516064e+03,0.000000000000000000e+00,3.762679210199632696e+00,1.000000089990906417e+03,1.012018854623689634e+02,6.196828254958358081e-15,0.000000000000000000e+00,-5.858184659622555264e-06,-3.416643903412988769e-22,-9.760845146462427735e+00,8.999999999999998579e+01,-1.634091001328225077e-06,0.000000000000000000e+00,2.558332872076200231e-19,-5.103000516801812179e-03,-7.296433978540024539e-27
4.149500000009243195e+03,0.000000000000000000e+00,3.771768905117428794e+00,1.000000090172514319e+03,1.012018854639065921e+02,6.196828255052510208e-15,6.784457229491385992e-33,1.627138400488201220e-06,1.187616617816067544e-22,-9.760845624360605655e+00,8.999999999999998579e+01,-1.833697139484082519e-06,0.000000000000000000e+00,2.558332872076199750e-19,-5.102729952446692988e-03,-8.187701972538977029e-27
4.159500000010971235e+03,0.000000000000000000e+00,3.780858600035267081e+00,1.000000090351328254e+03,1.012018855006301408e+02,6.196828257301177151e-15,9.558324892701080430e-33,-6.048512813768015343e-06,-3.481758649291526730e-22,-9.761020107363865606e+00,8.999999999999998579e+01,-2.127057553868827536e-06,0.000000000000000000e+00,2.558332872076199750e-19,-5.003945824259926033e-03,-9.497595297779493877e-27
4.169500000012698365e+03,0.000000000000000000e+00,3.789948294951573260e+00,1.000000090519897640e+03,1.012018854358493343e+02,6.196828253334498951e-15,4.235164736271501695e-22,-8.269083506566650052e-06,-4.896996885706442080e-22,-9.760728261864512589e+00,8.999999999999998579e+01,-1.594776002009092204e-06,0.000000000000000000e+00,2.558332872076200231e-19,-5.169175117062167930e-03,-7.120887269901869421e-27
4.179500000014426405e+03,0.000000000000000000e+00,3.799037989867529941e+00,1.000000090682879090e+03,1.012018854539909825e+02,6.196828254445353946e-15,0.000000000000000000e+00,2.180853014933989533e-06,1.524766134482851865e-22,-9.760903946129145581e+00,8.999999999999998579e+01,-1.815445090751807277e-06,0.000000000000000000e+00,2.558332872076199750e-19,-5.069710891822560954e-03,-8.106204143813471344e-27
4.189500000016154445e+03,0.000000000000000000e+00,3.808127684783530587e+00,1.000000090843997896e+03,1.012018854319792780e+02,6.196828253097525136e-15,4.235181840524414548e-22,9.939924730538407212e-06,6.267649181617308001e-22,-9.760846109025028028e+00,8.999999999999998579e+01,-1.737057248006332830e-06,0.000000000000000000e+00,2.558332872076200231e-19,-5.102455559546833011e-03,-7.756191984853145491e-27
4.199500000017881575e+03,0.000000000000000000e+00,3.817217379699570312e+00,1.000000091006979346e+03,1.012018854451035565e+02,6.196828253901155095e-15,4.235164735763679202e-22,-9.387195287298027529e-07,-3.919006583694394844e-23,-9.760903704806317194e+00,8.999999999999998579e+01,-1.753330273791121813e-06,0.000000000000000000e+00,2.558332872076200231e-19,-5.069847517891311155e-03,-7.828853212516280565e-27
4.209500000019609615e+03,0.000000000000000000e+00,3.826307074615643344e+00,1.000000091176480055e+03,1.012018854353656394e+02,6.196828253304880380e-15,3.053572997889700608e-32,2.921684418792375955e-06,1.983739456574748375e-22,-9.760903947495156885e+00,8.999999999999998579e+01,-1.866683759360624185e-06,0.000000000000000000e+00,2.558332872076199750e-19,-5.069710119265572086e-03,-8.334991624038651937e-27
4.219500000021337655e+03,0.000000000000000000e+00,3.835396769531774552e+00,1.000000091343186796e+03,1.012018854297762118e+02,6.196828252962627554e-15,4.235164735909955838e-22,3.180876806547136532e-06,2.136755341076942610e-22,-9.760903948029755028e+00,8.999999999999998579e+01,-1.812101780049146207e-06,0.000000000000000000e+00,2.558332872076199750e-19,-5.069709816810941301e-03,-8.091275816203878130e-27
4.229500000023064786e+03,0.000000000000000000e+00,3.844486464447957719e+00,1.000000091506168246e+03,1.012018854438052244e+02,6.196828253821656848e-15,8.448872404595106085e-32,7.348913128339472420e-06,4.679472042345224693e-22,-9.760845871907706695e+00,8.999999999999998579e+01,-1.721334615884940882e-06,0.000000000000000000e+00,2.558332872076200231e-19,-5.102589802148553566e-03,-7.685988338208396614e-27
4.239500000024792826e+03,0.000000000000000000e+00,3.853576159364177300e+00,1.000000091668218374e+03,1.012018854506418393e+02,6.196828254240277720e-15,0.000000000000000000e+00,-7.216875653342284295e-06,-4.225049982795115280e-22,-9.760903215720531989e+00,8.999999999999998579e+01,-1.859859040912772489e-06,0.000000000000000000e+00,2.558332872076199750e-19,-5.070124413972624915e-03,-8.304518347130327962e-27
4.249500000026519956e+03,0.000000000000000000e+00,3.862665854280448841e+00,1.000000091832131147e+03,1.012018854760193989e+02,6.196828255794205908e-15,5.584898170391298233e-32,-3.040793379028985873e-06,-1.670992831256067467e-22,-9.760845139714895424e+00,8.999999999999998579e+01,-1.830576574191059118e-06,0.000000000000000000e+00,2.558332872076199750e-19,-5.103004332366946859e-03,-8.173768232852657582e-27
4.259500000028247996e+03,0.000000000000000000e+00,3.871755549196772339e+00,1.000000091995112598e+03,1.012018854629247500e+02,6.196828254992388751e-15,4.235164735637858048e-22,-6.701262765851320666e-06,-3.918909664120132736e-22,-9.760903213600979456e+00,8.999999999999998579e+01,-1.768007099264263558e-06,0.000000000000000000e+00,2.558332872076200231e-19,-5.070125612252525567e-03,-7.894387193177267899e-27
4.269500000029976036e+03,0.000000000000000000e+00,3.880845244113135806e+00,1.000000092161819339e+03,1.012018854731237525e+02,6.196828255616897587e-15,-4.235164735161551029e-22,-3.492492616662089148e-06,-1.922976980334634133e-22,-9.761020099661918081e+00,8.999999999999998579e+01,-2.066382226478895415e-06,0.000000000000000000e+00,2.558332872076199750e-19,-5.003950183990562434e-03,-9.226671879152814774e-27
4.279500000031704076e+03,0.000000000000000000e+00,3.889934939029542793e+00,1.000000092324800789e+03,1.012018854411852686e+02,6.196828253661229361e-15,4.235119978056683181e-22,4.020446567897492943e-06,2.663740840450349647e-22,-9.761020592787469141e+00,8.999999999999998579e+01,-1.935719615604172142e-06,0.000000000000000000e+00,2.558332872076199750e-19,-5.003671001712207099e-03,-8.643245917602226563e-27
4.289500000033431206e+03,0.000000000000000000e+00,3.899024633946001739e+00,1.000000092488713562e+03,1.012018854591133703e+02,6.196828254759008986e-15,4.235164735383991706e-22,-5.974034440102057616e-06,-3.459717658591812117e-22,-9.760903210755717652e+00,8.999999999999998579e+01,-1.901190409194008603e-06,0.000000000000000000e+00,2.558332872076199750e-19,-5.070127222566857966e-03,-8.489068411760534382e-27
4.299500000035159246e+03,0.000000000000000000e+00,3.908114328862507314e+00,1.000000092651695013e+03,1.012018854516976489e+02,6.196828254304928027e-15,0.000000000000000000e+00,2.582101308397851269e-06,1.758588817448374732e-22,-9.760728744990320394e+00,8.999999999999998579e+01,-1.701671866764582717e-06,0.000000000000000000e+00,2.558332872076200231e-19,-5.168901588187542993e-03,-7.598191544347669190e-27
4.309500000036886377e+03,0.000000000000000000e+00,3.917204023779047972e+00,1.000000092812813818e+03,1.012018854506099501e+02,6.196828254238325290e-15,-4.235164734110620523e-22,-7.524400931090441096e-07,-2.937913538968551252e-23,-9.760728496940052068e+00,8.999999999999998579e+01,-1.600419364449104600e-06,0.000000000000000000e+00,2.558332872076200231e-19,-5.169042022610358458e-03,-7.146085634880964106e-27
4.319500000038614417e+03,0.000000000000000000e+00,3.926293718695642809e+00,1.000000092978589237e+03,1.012018854268982011e+02,6.196828252786399972e-15,-4.235164735087457739e-22,9.701400057654910289e-06,6.107171437195940152e-22,-9.760845883647917276e+00,8.999999999999998579e+01,-1.598788181808494064e-06,0.000000000000000000e+00,2.558332872076200231e-19,-5.102583154283062833e-03,-7.138802187120416350e-27
4.329500000040341547e+03,0.000000000000000000e+00,3.935383413612280723e+00,1.000000093143433332e+03,1.012018854401783443e+02,6.196828253599574359e-15,0.000000000000000000e+00,2.297272009364198768e-06,1.597239197068072661e-22,-9.760903706831028259e+00,8.999999999999998579e+01,-1.826823916984771900e-06,0.000000000000000000e+00,2.558332872076199750e-19,-5.069846368197500515e-03,-8.157012118580251069e-27
4.339500000042069587e+03,0.000000000000000000e+00,3.944473108528970151e+00,1.000000093306414783e+03,1.012018854571119277e+02,6.196828254636456289e-15,0.000000000000000000e+00,-5.097006250576622001e-06,-2.923894271285787940e-22,-9.760961526784496911e+00,8.999999999999998579e+01,-1.889661888639690202e-06,0.000000000000000000e+00,2.558332872076199750e-19,-5.037111410243927737e-03,-8.437592031909928574e-27
4.349500000043797627e+03,0.000000000000000000e+00,3.953562803445732410e+00,1.000000093474052846e+03,1.012018854630433111e+02,6.196828254999648638e-15,4.235164736271501695e-22,6.816949949649804436e-06,4.360703074417033091e-22,-9.760845638592579476e+00,8.999999999999998579e+01,-1.788098604553683940e-06,0.000000000000000000e+00,2.558332872076200231e-19,-5.102721889090878343e-03,-7.984098440442313537e-27
4.359500000045525667e+03,0.000000000000000000e+00,3.962652498362510212e+00,1.000000093637034297e+03,1.012018854609791418e+02,6.196828254873254978e-15,4.235164736271501695e-22,2.110055096632156764e-07,3.155615884190205014e-23,-9.760786817017500283e+00,8.999999999999998579e+01,-1.786508987375678441e-06,0.000000000000000000e+00,2.558332872076200231e-19,-5.136023916969691995e-03,-7.977000588008733092e-27
4.369500000047252797e+03,0.000000000000000000e+00,3.971742193279333755e+00,1.000000093800015748e+03,1.012018854784286077e+02,6.196828255941726842e-15,0.000000000000000000e+00,-2.741427250621129771e-06,-1.495892273647932694e-22,-9.760728245287063842e+00,8.999999999999998579e+01,-1.751909489700034953e-06,0.000000000000000000e+00,2.558332872076200231e-19,-5.169184492558672080e-03,-7.822509222304016909e-27
4.379500000048980837e+03,0.000000000000000000e+00,3.980831888196198154e+00,1.000000093962997198e+03,1.012018854589435364e+02,6.196828254748611799e-15,1.905111689973085198e-31,3.548073157768840263e-06,2.362305940235318092e-22,-9.760903709391474337e+00,8.999999999999998579e+01,-1.818884950401580969e-06,1.895758319773387158e-22,2.558332872076199750e-19,-5.069844915401184107e-03,-8.121563575332044670e-27
4.389500000050707968e+03,0.000000000000000000e+00,3.989921583113109183e+00,1.000000094125978649e+03,1.012018854735082698e+02,6.196828255640443507e-15,4.235164736271501695e-22,-7.095298217053212573e-06,-4.151348149238757715e-22,-9.760902950617396101e+00,8.999999999999998579e+01,-1.852737651047518292e-06,1.895758319773387158e-22,2.558332872076199750e-19,-5.070274496595776267e-03,-8.272720392827268925e-27
4.399500000052436008e+03,0.000000000000000000e+00,3.999011278030058847e+00,1.000000094288960099e+03,1.012018854332756632e+02,6.196828253176906631e-15,4.235164736271501695e-22,4.924337252545717539e-06,3.195235086570083590e-22,-9.760787071397761139e+00,8.999999999999998579e+01,-1.725060561543974075e-06,0.000000000000000000e+00,2.558332872076200231e-19,-5.135879899982266975e-03,-7.702625181864391294e-27
4.409500000054164047e+03,0.000000000000000000e+00,4.008100972947065799e+00,1.000000094451010227e+03,1.012018854757886572e+02,6.196828255780075832e-15,-4.235164733941856210e-22,-7.492434602947906513e-06,-4.383415902131053169e-22,-9.761019587706579514e+00,8.999999999999998579e+01,-1.959200476251896429e-06,0.000000000000000000e+00,2.558332872076199750e-19,-5.004240025076263192e-03,-8.748091087997361568e-27
4.419500000055891178e+03,0.000000000000000000e+00,4.017190667864110942e+00,1.000000094615854323e+03,1.012018854617309813e+02,6.196828254919292111e-15,0.000000000000000000e+00,-6.802117733623980704e-06,-3.966874363085993646e-22,-9.760961267080304538e+00,8.999999999999998579e+01,-1.900202684694383876e-06,0.000000000000000000e+00,2.558332872076199750e-19,-5.037258439975988121e-03,-8.484658090306806440e-27
4.429500000057619218e+03,0.000000000000000000e+00,4.026280362781214706e+00,1.000000094782561064e+03,1.012018854544167539e+02,6.196828254471424221e-15,4.235164736271501695e-22,4.318464340026059027e-06,2.846900332737036106e-22,-9.760962032384442821e+00,8.999999999999998579e+01,-1.942210243444436288e-06,0.000000000000000000e+00,2.558332872076199750e-19,-5.036825160523817312e-03,-8.672227435447478513e-27
4.439500000059347258e+03,0.000000000000000000e+00,4.035370057698360213e+00,1.000000094942748547e+03,1.012018854628397264e+02,6.196828254987183058e-15,-8.378211519726479370e-27,6.938609259537875838e-06,4.424821558097145572e-22,-9.760670436313331422e+00,8.999999999999998579e+01,-1.688657945203942073e-06,0.000000000000000000e+00,2.558332872076200231e-19,-5.201913231771863703e-03,-7.540082651151433225e-27
4.449500000061074388e+03,0.000000000000000000e+00,4.044459752615543913e+00,1.000000095107592642e+03,1.012018855107962736e+02,6.196828257923674391e-15,8.470329470568329927e-22,-1.599642267483747645e-05,-9.607265153067551881e-22,-9.760843855814083980e+00,8.999999999999998579e+01,-1.799543395860779299e-06,0.000000000000000000e+00,2.558332872076200231e-19,-5.103731208586085276e-03,-8.035200958051502707e-27
4.459500000062802428e+03,0.000000000000000000e+00,4.053549447532782679e+00,1.000000095270574093e+03,1.012018855056718394e+02,6.196828257609893133e-15,4.235164733139515017e-22,-8.979163094291373084e-06,-5.301792152174320317e-22,-9.760902686888227819e+00,8.999999999999998579e+01,-1.882364626792130576e-06,0.000000000000000000e+00,2.558332872076199750e-19,-5.070423802854229396e-03,-8.405008785780086192e-27
4.469500000064529559e+03,0.000000000000000000e+00,4.062639142450056084e+00,1.000000095436349511e+03,1.012018854144518514e+02,6.196828252024280663e-15,-6.832442994448872571e-27,1.819324200815451370e-05,1.131480973757281289e-21,-9.760729532319812662e+00,8.999999999999998579e+01,-1.674394473366304242e-06,0.000000000000000000e+00,2.558332872076200231e-19,-5.168455836974252676e-03,-7.476394349530839213e-27
4.479500000066257599e+03,0.000000000000000000e+00,4.071728837367378340e+00,1.000000095599330962e+03,1.012018854336574663e+02,6.196828253200285313e-15,-3.486086556160380972e-31,9.696611405421008640e-06,6.114439279800058534e-22,-9.760903975808972177e+00,8.999999999999998579e+01,-1.696558409043320221e-06,0.000000000000000000e+00,2.558332872076200231e-19,-5.069694081496453272e-03,-7.575359274520028937e-27
4.489500000067985638e+03,0.000000000000000000e+00,4.080818532284748557e+00,1.000000095761381090e+03,1.012018854287389757e+02,6.196828252899114785e-15,0.000000000000000000e+00,1.408981226094145867e-05,8.803834053916834567e-22,-9.760845917285180917e+00,8.999999999999998579e+01,-1.690195561931322915e-06,0.000000000000000000e+00,2.558332872076200231e-19,-5.102564105242969258e-03,-7.546948314646620473e-27
4.499500000069712769e+03,0.000000000000000000e+00,4.089908227202164070e+00,1.000000095926225185e+03,1.012018854909436953e+02,6.196828256708054724e-15,4.235164736271501695e-22,-1.628768025788669758e-05,-9.773441334847050271e-22,-9.761018800565247844e+00,8.999999999999998579e+01,-1.916151745463523262e-06,0.000000000000000000e+00,2.558332872076199750e-19,-5.004685664060153256e-03,-8.555872771023587564e-27
4.509500000071440809e+03,0.000000000000000000e+00,4.098997922119622217e+00,1.000000096091069281e+03,1.012018854646798758e+02,6.196828255099860006e-15,4.235164736271501695e-22,6.201586133605201059e-07,5.591765853609829863e-23,-9.760786562985218850e+00,8.999999999999998579e+01,-1.720180012099601101e-06,0.000000000000000000e+00,2.558332872076200231e-19,-5.136167733534899131e-03,-7.680832878515970941e-27
4.519500000073168849e+03,0.000000000000000000e+00,4.108087617037115891e+00,1.000000096254050732e+03,1.012018854453403236e+02,6.196828253915654358e-15,-4.235164736271501695e-22,8.702977917273891262e-06,5.498783152509575923e-22,-9.760728765665778184e+00,8.999999999999998579e+01,-1.627269212447737579e-06,0.000000000000000000e+00,2.558332872076200231e-19,-5.168889876762242097e-03,-7.265973782540194833e-27
4.529500000074895979e+03,0.000000000000000000e+00,4.117177311954661967e+00,1.000000096417032182e+03,1.012018854206994405e+02,6.196828252406834815e-15,4.235164733301933542e-22,1.566288004478455709e-05,9.775415954535288999e-22,-9.760787608142114991e+00,8.999999999999998579e+01,-1.770308721834187051e-06,0.000000000000000000e+00,2.558332872076200231e-19,-5.135576017437674771e-03,-7.904664244523438558e-27
4.539500000076624019e+03,0.000000000000000000e+00,4.126267006872258669e+00,1.000000096580013633e+03,1.012018854445343266e+02,6.196828253866300064e-15,4.235164731609248478e-22,3.347283132379562583e-06,2.246048131861977369e-22,-9.760961781033927309e+00,8.999999999999998579e+01,-1.883014045347809973e-06,0.000000000000000000e+00,2.558332872076199750e-19,-5.036967461234818401e-03,-8.407908526132428714e-27
4.549500000078352059e+03,0.000000000000000000e+00,4.135356701789898004e+00,1.000000096742995083e+03,1.012018854855155610e+02,6.196828256375678437e-15,4.874911509546154901e-31,5.363397913228496584e-07,5.198033344409018711e-23,-9.760903200811885227e+00,8.999999999999998579e+01,-1.834724595160705390e-06,0.000000000000000000e+00,2.558332872076199750e-19,-5.070132842224028130e-03,-8.192289698990115223e-27
4.559500000080079190e+03,0.000000000000000000e+00,4.144446396707579972e+00,1.000000096909701824e+03,1.012018854900782827e+02,6.196828256655063782e-15,0.000000000000000000e+00,-3.430141172644368296e-06,-1.902970539729644278e-22,-9.760961256424829813e+00,8.999999999999998579e+01,-1.892185431831922357e-06,0.000000000000000000e+00,2.558332872076199750e-19,-5.037264465903478622e-03,-8.448859988394085385e-27
4.569500000081807229e+03,0.000000000000000000e+00,4.153536091625309012e+00,1.000000097074545920e+03,1.012018854826388861e+02,6.196828256199532108e-15,8.470329461914331113e-22,-1.409423291301780797e-06,-6.762692153197716627e-23,-9.760786301119724229e+00,8.999999999999998579e+01,-1.790301026677271822e-06,0.000000000000000000e+00,2.558332872076200231e-19,-5.136315986250116969e-03,-7.993932548582297398e-27
4.579500000083535269e+03,0.000000000000000000e+00,4.162625786543085127e+00,1.000000097239390016e+03,1.012018855040263645e+02,6.196828257509137451e-15,-8.470329455919347539e-22,-1.085271091937520827e-05,-6.417077275038495513e-22,-9.761019045550922257e+00,8.999999999999998579e+01,-2.188449303527491778e-06,0.000000000000000000e+00,2.558332872076198787e-19,-5.004546960953515020e-03,-9.771717637262063142e-27
4.589500000085262400e+03,0.000000000000000000e+00,4.171715481460903874e+00,1.000000097400508821e+03,1.012018854747901742e+02,6.196828255718936745e-15,5.772720263160787153e-31,-1.420034697917683556e-05,-8.496936732506003974e-22,-9.761018779262272460e+00,8.999999999999998579e+01,-1.900637372122093553e-06,0.000000000000000000e+00,2.558332872076199750e-19,-5.004697723629659457e-03,-8.486599027571015350e-27
4.599500000086990440e+03,0.000000000000000000e+00,4.180805176378772359e+00,1.000000097566284239e+03,1.012018854937391694e+02,6.196828256879228863e-15,4.235164730262416892e-22,-2.966630313949389527e-06,-1.651321911721601865e-22,-9.760669399576139327e+00,8.999999999999998579e+01,-1.583842368602503787e-06,0.000000000000000000e+00,2.558332872076200231e-19,-5.202500176887144348e-03,-7.072067140403639417e-27
4.609500000088717570e+03,0.000000000000000000e+00,4.189894871294856493e+00,1.000000097713433206e+03,1.012018854522388125e+02,6.196828254338064129e-15,-4.235164723771374702e-22,3.148990098845975341e-07,3.638207902621430005e-23,-9.760727982869211061e+00,8.999999999999998579e+01,-1.639299745318895143e-06,0.000000000000000000e+00,2.558332872076200231e-19,-5.169333056750061162e-03,-7.319691714252510343e-27
4.619500000090445610e+03,0.000000000000000000e+00,4.198984566210823388e+00,1.000000097863376141e+03,1.012018854155609517e+02,6.196828252092193698e-15,-4.235164731940878474e-22,1.083864128974850442e-05,6.810753266522587161e-22,-9.760787099907897613e+00,8.999999999999998579e+01,-1.668034962051783083e-06,0.000000000000000000e+00,2.558332872076200231e-19,-5.135863754036463537e-03,-7.447998284437483834e-27
4.629500000092173650e+03,0.000000000000000000e+00,4.208074261126846238e+00,1.000000098015181720e+03,1.012018854297936201e+02,6.196828252963692516e-15,4.235164736271501695e-22,9.798360850044220347e-06,6.187588423568081999e-22,-9.760903737075052433e+00,8.999999999999998579e+01,-1.800528713967623579e-06,0.000000000000000000e+00,2.558332872076200231e-19,-5.069829237616656908e-03,-8.039600534640932940e-27
4.639500000093900780e+03,0.000000000000000000e+00,4.217163956042912609e+00,1.000000098161399364e+03,1.012018854462685482e+02,6.196828253972491786e-15,4.235164736271501695e-22,3.448687670711296412e-06,2.296837426380692762e-22,-9.760844886053600789e+00,8.999999999999998579e+01,-1.774680040197900294e-06,0.000000000000000000e+00,2.558332872076200231e-19,-5.103147934973314634e-03,-7.924182763268163199e-27
4.649500000095628820e+03,0.000000000000000000e+00,4.226253650959026054e+00,1.000000098309479654e+03,1.012018854094485505e+02,6.196828251717917064e-15,-1.012533725730984166e-26,1.031098206649988666e-05,6.493621725247757053e-22,-9.760903738545911423e+00,8.999999999999998579e+01,-1.725209809332520277e-06,0.000000000000000000e+00,2.558332872076200231e-19,-5.069828406213583785e-03,-7.703291593119754868e-27
4.659500000097356860e+03,0.000000000000000000e+00,4.235343345875189236e+00,1.000000098455697298e+03,1.012018854499246316e+02,6.196828254196362623e-15,0.000000000000000000e+00,1.702431166631742344e-06,1.214231064014539941e-22,-9.760727983889550430e+00,8.999999999999998579e+01,-1.646892416651477049e-06,0.000000000000000000e+00,2.558332872076200231e-19,-5.169332477942018000e-03,-7.353594003080919505e-27
4.669500000099083991e+03,0.000000000000000000e+00,4.244433040791385281e+00,1.000000098604708910e+03,1.012018854252717546e+02,6.196828252686808650e-15,7.795992066552209298e-31,1.217886351928943528e-05,7.632451799370379973e-22,-9.760787109259570826e+00,8.999999999999998579e+01,-1.678092095275598147e-06,0.000000000000000000e+00,2.558332872076200231e-19,-5.135858457316286492e-03,-7.492904723871579897e-27
4.679500000100812031e+03,0.000000000000000000e+00,4.253522735707611524e+00,1.000000098753720522e+03,1.012018854344083820e+02,6.196828253246265648e-15,0.000000000000000000e+00,4.501291056744193996e-06,2.931778023500934667e-22,-9.760844886806832932e+00,8.999999999999998579e+01,-1.682714390188317554e-06,0.000000000000000000e+00,2.558332872076200231e-19,-5.103147508543901152e-03,-7.513543886337185338e-27
4.689500000102540071e+03,0.000000000000000000e+00,4.262612430623906157e+00,1.000000098899006844e+03,1.012018854655946285e+02,6.196828255155872285e-15,4.235164736271501695e-22,-1.046866967690661233e-05,-6.223105479146913191e-22,-9.760902124976512440e+00,8.999999999999998579e+01,-1.793656856365283236e-06,0.000000000000000000e+00,2.558332872076200231e-19,-5.070741928393560083e-03,-8.008916775128979859e-27
4.699500000104267201e+03,0.000000000000000000e+00,4.271702125540241646e+00,1.000000099045224488e+03,1.012018854407000816e+02,6.196828253631520860e-15,4.235164727638547051e-22,2.088125882056263358e-06,1.461166368906308855e-22,-9.760786302442387097e+00,8.999999999999998579e+01,-1.750080043307719137e-06,0.000000000000000000e+00,2.558332872076200231e-19,-5.136315237704168653e-03,-7.814340500483776977e-27
4.709500000105995241e+03,0.000000000000000000e+00,4.280791820456625096e+00,1.000000099191442132e+03,1.012018854523980735e+02,6.196828254347816817e-15,8.921474555784522077e-31,-1.359945241927313114e-05,-8.138173846957998294e-22,-9.760901850263207891e+00,8.999999999999998579e+01,-1.812666431146180644e-06,0.000000000000000000e+00,2.558332872076199750e-19,-5.070897459037290375e-03,-8.093797058562524005e-27
4.719500000107722371e+03,0.000000000000000000e+00,4.289881515373060061e+00,1.000000099337659776e+03,1.012018854514379740e+02,6.196828254289027747e-15,4.235164727056920909e-22,1.351375362976985928e-05,8.454141001684465001e-22,-9.760787119673475232e+00,8.999999999999998579e+01,-1.719359298111116700e-06,0.000000000000000000e+00,2.558332872076200231e-19,-5.135852557711232010e-03,-7.677168281239948404e-27
4.729500000109450411e+03,0.000000000000000000e+00,4.298971210289535883e+00,1.000000099482014775e+03,1.012018854725907602e+02,6.196828255584261622e-15,4.235164745784084405e-22,-1.466985394550217412e-06,-7.174628414262410331e-23,-9.760844347626219886e+00,8.999999999999998579e+01,-1.733279609641412977e-06,0.000000000000000000e+00,2.558332872076200231e-19,-5.103452762860667506e-03,-7.739324326380007788e-27
4.739500000111178451e+03,0.000000000000000000e+00,4.308060905206057001e+00,1.000000099631026387e+03,1.012018854869270967e+02,6.196828256462109982e-15,1.963065400608807279e-30,-9.228579742352577920e-06,-5.457277561092192442e-22,-9.760902117406381251e+00,8.999999999999998579e+01,-1.855889636705620989e-06,0.000000000000000000e+00,2.558332872076199750e-19,-5.070746210973772414e-03,-8.286794428628799362e-27
4.749500000112905582e+03,0.000000000000000000e+00,4.317150600122618975e+00,1.000000099777244031e+03,1.012018854129363774e+02,6.196828251931484588e-15,1.012265028702234188e-30,1.356911768211587475e-05,8.485431738106444967e-22,-9.760845442771561409e+00,8.999999999999998579e+01,-1.694328893712628419e-06,0.000000000000000000e+00,2.558332872076200231e-19,-5.102832747139083962e-03,-7.565404191601564859e-27
4.759500000114633622e+03,0.000000000000000000e+00,4.326240295039230688e+00,1.000000099923461676e+03,1.012018854978132083e+02,6.196828257128691136e-15,0.000000000000000000e+00,-1.236330650144524164e-05,-7.372223584010100307e-22,-9.760901840222585335e+00,8.999999999999998579e+01,-1.899224859886107245e-06,-1.895758319773387158e-22,2.558332872076199750e-19,-5.070903138094700474e-03,-8.480291972293568413e-27
4.769500000116361662e+03,0.000000000000000000e+00,4.335329989955888585e+00,1.000000100070610642e+03,1.012018855004305635e+02,6.196828257288957695e-15,-4.235164725519656887e-22,-1.446242508692918959e-05,-8.638228142088429019e-22,-9.761076786690100704e+00,8.999999999999998579e+01,-2.084537713267899599e-06,0.000000000000000000e+00,2.558332872076199750e-19,-4.971856621042770354e-03,-9.307738545939765978e-27
4.779500000118088792e+03,0.000000000000000000e+00,4.344419684872590004e+00,1.000000100217759609e+03,1.012018854517934301e+02,6.196828254310793208e-15,1.107338482339496547e-30,6.138564939490387985e-07,5.553397165064532753e-23,-9.760786031245761052e+00,8.999999999999998579e+01,-1.720393457636211485e-06,0.000000000000000000e+00,2.558332872076200231e-19,-5.136468773549674773e-03,-7.681785941267451390e-27
4.789500000119816832e+03,0.000000000000000000e+00,4.353509379789346490e+00,1.000000100373290479e+03,1.012018854493035604e+02,6.196828254158331638e-15,4.235164736271501695e-22,-7.234259349762307580e-07,-2.489011055977354062e-23,-9.760902663153705916e+00,8.999999999999998579e+01,-1.860410838651773791e-06,1.895758319773387158e-22,2.558332872076199750e-19,-5.070437236177711623e-03,-8.306982197533308232e-27
4.799500000121543962e+03,0.000000000000000000e+00,4.362599074706145608e+00,1.000000100518576801e+03,1.012018854483592918e+02,6.196828254100512867e-15,4.235164736271501695e-22,-4.710791929032630053e-07,-9.591350204069367440e-24,-9.760902663108726784e+00,8.999999999999998579e+01,-1.845744558579081724e-06,0.000000000000000000e+00,2.558332872076199750e-19,-5.070437261466016927e-03,-8.241495303489956133e-27
4.809500000123272002e+03,0.000000000000000000e+00,4.371688769622986470e+00,1.000000100668519735e+03,1.012018854875645104e+02,6.196828256501138875e-15,0.000000000000000000e+00,-1.638830190905688706e-05,-9.818842694364125633e-22,-9.761018185093652377e+00,8.999999999999998579e+01,-2.071559873378951759e-06,0.000000000000000000e+00,2.558332872076199750e-19,-5.005034107344045330e-03,-9.249790762213639591e-27
4.819500000125000042e+03,0.000000000000000000e+00,4.380778464539868189e+00,1.000000100814737380e+03,1.012018854346698902e+02,6.196828253262277947e-15,0.000000000000000000e+00,1.172352956419587103e-05,7.374994536594249563e-22,-9.760845181394627090e+00,8.999999999999998579e+01,-1.882795145347138311e-06,0.000000000000000000e+00,2.558332872076199750e-19,-5.102980722807183046e-03,-8.406931108472394816e-27
4.829500000126728082e+03,0.000000000000000000e+00,4.389868159456801422e+00,1.000000100961886346e+03,1.012018854443560798e+02,6.196828253855386963e-15,0.000000000000000000e+00,6.420601381574803143e-06,4.105644056579351018e-22,-9.760727995600158025e+00,8.999999999999998579e+01,-1.669578959083669155e-06,0.000000000000000000e+00,2.558332872076200231e-19,-5.169325843894389920e-03,-7.454892436842130927e-27
4.839500000128455213e+03,0.000000000000000000e+00,4.398957854373784393e+00,1.000000101108103991e+03,1.012018854395961966e+02,6.196828253563928102e-15,4.235164736271501695e-22,7.785945934571672107e-06,4.958633569128749093e-22,-9.760903221399251706e+00,8.999999999999998579e+01,-1.832105061990583687e-06,0.000000000000000000e+00,2.558332872076199750e-19,-5.070121182932422164e-03,-8.180593134469010580e-27
4.849500000130183253e+03,0.000000000000000000e+00,4.408047549290795786e+00,1.000000101258046925e+03,1.012018854506876693e+02,6.196828254243084487e-15,4.235164736271501695e-22,1.626760290736222174e-06,1.188090737147070683e-22,-9.760844348387081482e+00,8.999999999999998579e+01,-1.840459944966215949e-06,0.000000000000000000e+00,2.558332872076199750e-19,-5.103452330886320588e-03,-8.217898799808690443e-27
4.859500000131910383e+03,0.000000000000000000e+00,4.417137244207857805e+00,1.000000101403333247e+03,1.012018854194662509e+02,6.196828252331324260e-15,0.000000000000000000e+00,2.090201345559529491e-05,1.297585535903198658e-21,-9.760787434698379172e+00,8.999999999999998579e+01,-1.697406162433216011e-06,0.000000000000000000e+00,2.558332872076200231e-19,-5.135674204381299873e-03,-7.579144606324945755e-27
4.869500000133638423e+03,0.000000000000000000e+00,4.426226939124974002e+00,1.000000101553276181e+03,1.012018854577449503e+02,6.196828254675217758e-15,8.470329458361424828e-22,-2.339201724899563696e-06,-1.245111268354966421e-22,-9.760902383140329874e+00,8.999999999999998579e+01,-1.794912487697095455e-06,0.000000000000000000e+00,2.558332872076200231e-19,-5.070595763894507335e-03,-8.014523336273071409e-27
4.879500000135365553e+03,0.000000000000000000e+00,4.435316634042129280e+00,1.000000101703219116e+03,1.012018854501793328e+02,6.196828254211958403e-15,0.000000000000000000e+00,1.144677221916460344e-05,7.177010124540583110e-22,-9.760728282805093414e+00,8.999999999999998579e+01,-1.609414624474378157e-06,0.000000000000000000e+00,2.558332872076200231e-19,-5.169163239847369452e-03,-7.186250669044214649e-27
4.889500000137093593e+03,0.000000000000000000e+00,4.444406328959334296e+00,1.000000101852230728e+03,1.012018854251761439e+02,6.196828252680954513e-15,0.000000000000000000e+00,1.083078891321752869e-05,6.806019465234145960e-22,-9.760786599233794547e+00,8.999999999999998579e+01,-1.668748207390498989e-06,0.000000000000000000e+00,2.558332872076200231e-19,-5.136147204467663915e-03,-7.451183019877684262e-27
4.899500000138821633e+03,0.000000000000000000e+00,4.453496023876583720e+00,1.000000102001242340e+03,1.012018854664181617e+02,6.196828255206299430e-15,1.469882224314332945e-26,-4.330298274504141467e-06,-2.459890646400984081e-22,-9.760843787499792867e+00,8.999999999999998579e+01,-1.837254424581666867e-06,0.000000000000000000e+00,2.558332872076199750e-19,-5.103769876542013639e-03,-8.203585724322858907e-27
4.909500000140549673e+03,0.000000000000000000e+00,4.462585718793876666e+00,1.000000102146528661e+03,1.012018854471099161e+02,6.196828254024010714e-15,4.235164736271501695e-22,6.829257530114918530e-06,4.361561572406017029e-22,-9.760844633996772046e+00,8.999999999999998579e+01,-1.724084326838524541e-06,0.000000000000000000e+00,2.558332872076200231e-19,-5.103290630611562011e-03,-7.698266163872073214e-27
4.919500000142276804e+03,0.000000000000000000e+00,4.471675413711217573e+00,1.000000102297402918e+03,1.012018854795039857e+02,6.196828256007575428e-15,1.607420420986374361e-30,-7.418599389704472019e-06,-4.363038242386553128e-22,-9.760843500622950586e+00,8.999999999999998579e+01,-1.721173825315395634e-06,0.000000000000000000e+00,2.558332872076200231e-19,-5.103932291206922552e-03,-7.685270386898400079e-27
4.929500000144004844e+03,0.000000000000000000e+00,4.480765108628602000e+00,1.000000102447345853e+03,1.012018854621411350e+02,6.196828254944407076e-15,1.646703300962535053e-30,-8.451568992466477420e-07,-3.262743115985513537e-23,-9.760902381916322312e+00,8.999999999999998579e+01,-1.833239746295965860e-06,0.000000000000000000e+00,2.558332872076199750e-19,-5.070596454851763156e-03,-8.185659651030191891e-27
4.939500000145731974e+03,0.000000000000000000e+00,4.489854803546036166e+00,1.000000102591700852e+03,1.012018854494277633e+02,6.196828254165937046e-15,4.235319041622256351e-22,5.712943407091005630e-06,3.699069625607580802e-22,-9.760961265256892005e+00,8.999999999999998579e+01,-1.925886241083199406e-06,0.000000000000000000e+00,2.558332872076199750e-19,-5.037259459064888194e-03,-8.599338590580523790e-27
4.949500000147460014e+03,0.000000000000000000e+00,4.498944498463522734e+00,1.000000102738849819e+03,1.012018855138830560e+02,6.196828258112684675e-15,-4.235164724760294590e-22,-1.581890465166184645e-05,-9.478059392669402993e-22,-9.760959554030366192e+00,8.999999999999998579e+01,-1.996109625512528957e-06,0.000000000000000000e+00,2.558332872076199750e-19,-5.038228270180738523e-03,-8.912895355669965781e-27
4.959500000149188054e+03,0.000000000000000000e+00,4.508034193381045718e+00,1.000000102886930108e+03,1.012018854593120807e+02,6.196828254771177165e-15,0.000000000000000000e+00,8.611321801770104596e-07,7.138505152774501495e-23,-9.760844068314554534e+00,8.999999999999998579e+01,-1.788423317845792982e-06,0.000000000000000000e+00,2.558332872076200231e-19,-5.103610891258368934e-03,-7.985548328542732461e-27
4.969500000150915184e+03,0.000000000000000000e+00,4.517123888298614887e+00,1.000000103035010397e+03,1.012018854855591314e+02,6.196828256378346364e-15,-4.235164718186167519e-22,-8.785320061884974318e-06,-5.203080969781123146e-22,-9.760784895591434918e+00,8.999999999999998579e+01,-1.690817416227483237e-06,0.000000000000000000e+00,2.558332872076200231e-19,-5.137111720299766641e-03,-7.549724976908707749e-27
4.979500000152643224e+03,0.000000000000000000e+00,4.526213583216232905e+00,1.000000103184953332e+03,1.012018854186389660e+02,6.196828252280667557e-15,4.235164717769632977e-22,1.323972094555703228e-05,8.285504517592460494e-22,-9.760786616826001350e+00,8.999999999999998579e+01,-1.711308133323761820e-06,0.000000000000000000e+00,2.558332872076200231e-19,-5.136137242765616458e-03,-7.641218758065575944e-27
4.989500000154371264e+03,0.000000000000000000e+00,4.535303278133892668e+00,1.000000103332102299e+03,1.012018854617397068e+02,6.196828254919826959e-15,1.892314545536936380e-30,5.256787155264252575e-06,3.410899952011122901e-22,-9.760844356785844056e+00,8.999999999999998579e+01,-1.841029068263687944e-06,0.000000000000000000e+00,2.558332872076199750e-19,-5.103447571130377038e-03,-8.220440011137968803e-27
4.999500000156098395e+03,0.000000000000000000e+00,4.544392973051589735e+00,1.000000103477388620e+03,1.012018854475026757e+02,6.196828254048059928e-15,3.869787791135607646e-30,4.533791941856899182e-06,2.966338225533094337e-22,-9.760902670538968096e+00,8.999999999999998579e+01,-1.823237075245619534e-06,0.000000000000000000e+00,2.558332872076199750e-19,-5.070433049542119597e-03,-8.140996392454883871e-27
5.009500000157826435e+03,0.000000000000000000e+00,4.553482667969379172e+00,1.000000103626400232e+03,1.012018854707974640e+02,6.196828255474452973e-15,0.000000000000000000e+00,9.388689726716056028e-06,5.949029584670147013e-22,-9.760844650458206928e+00,8.999999999999998579e+01,-1.918382790905937484e-06,0.000000000000000000e+00,2.558332872076199750e-19,-5.103281306061436054e-03,-8.565834686094695314e-27
5.019500000159553565e+03,0.000000000000000000e+00,4.562572362887169497e+00,1.000000103772617877e+03,1.012018854761513609e+02,6.196828255802286210e-15,2.021496788585010630e-30,-1.207902480694630127e-05,-7.215548172335819227e-22,-9.760842912586799258e+00,8.999999999999998579e+01,-1.732462893078229742e-06,0.000000000000000000e+00,2.558332872076200231e-19,-5.104265207702077083e-03,-7.735677578140401228e-27
5.029500000161281605e+03,0.000000000000000000e+00,4.571662057805000678e+00,1.000000103925354779e+03,1.012018855271145839e+02,6.196828258922882690e-15,4.235164715616293306e-22,-2.577067359165501401e-05,-1.557927819041094584e-21,-9.761016978134964717e+00,8.999999999999998579e+01,-1.924030628333758780e-06,0.000000000000000000e+00,2.558332872076199750e-19,-5.005717421994518128e-03,-8.591053032490416621e-27
5.039500000163009645e+03,0.000000000000000000e+00,4.580751752722852288e+00,1.000000104073435068e+03,1.012018854584965055e+02,6.196828254721238326e-15,-4.235164694071120024e-22,-5.347871213333849297e-06,-3.082728255223834483e-22,-9.760901802294835505e+00,8.999999999999998579e+01,-1.839601957774083016e-06,0.000000000000000000e+00,2.558332872076199750e-19,-5.070924607109104400e-03,-8.214067772713659860e-27
5.049500000164736775e+03,0.000000000000000000e+00,4.589841447638803196e+00,1.000000104202888906e+03,1.012018854668904311e+02,6.196828255235216704e-15,4.235164714721823919e-22,-1.026926772068666154e-05,-6.107129454070572862e-22,-9.760784595052657053e+00,8.999999999999998579e+01,-1.734985913460240802e-06,0.000000000000000000e+00,2.558332872076200231e-19,-5.137281871048245303e-03,-7.746943200207284690e-27
5.059500000166464815e+03,0.000000000000000000e+00,4.598931142554798512e+00,1.000000104335136712e+03,1.012018854155530789e+02,6.196828252091710915e-15,0.000000000000000000e+00,1.327676546792935594e-05,8.325901196960494346e-22,-9.760903259254934738e+00,8.999999999999998579e+01,-1.881094437430194607e-06,0.000000000000000000e+00,2.558332872076199750e-19,-5.070099747177792514e-03,-8.399337221092393618e-27
5.069500000168192855e+03,0.000000000000000000e+00,4.608020837470835573e+00,1.000000104461796582e+03,1.012018854909629368e+02,6.196828256709232493e-15,4.235164736271501695e-22,-2.013539734797758631e-05,-1.214779278899989397e-21,-9.760958942773717339e+00,8.999999999999998579e+01,-1.740689956096819576e-06,1.895758319773386923e-22,2.558332872076200231e-19,-5.038574334366527178e-03,-7.772412510346525778e-27
5.079500000169919986e+03,0.000000000000000000e+00,4.617110532386894839e+00,1.000000104603357613e+03,1.012018854487442923e+02,6.196828254124087186e-15,4.235164736271501695e-22,2.902773886050681270e-06,1.970850597069199053e-22,-9.760902385109064383e+00,8.999999999999998579e+01,-1.854127361197978284e-06,0.000000000000000000e+00,2.558332872076199750e-19,-5.070594644595477138e-03,-8.278925633755650360e-27
5.089500000171648026e+03,0.000000000000000000e+00,4.626200227303033152e+00,1.000000104733742774e+03,1.012018854213325909e+02,6.196828252445604961e-15,4.235164712875761763e-22,1.147973657987820820e-05,7.219045127768099251e-22,-9.760844663537316279e+00,8.999999999999998579e+01,-1.818863393045122870e-06,0.000000000000000000e+00,2.558332872076199750e-19,-5.103273903807895896e-03,-8.121467318864062719e-27
5.099500000173376066e+03,0.000000000000000000e+00,4.635289922219207881e+00,1.000000104865990579e+03,1.012018854795543348e+02,6.196828256010657508e-15,0.000000000000000000e+00,-1.220897221699940182e-05,-7.264223978411266868e-22,-9.760959521496733515e+00,8.999999999999998579e+01,-2.028600478619113938e-06,0.000000000000000000e+00,2.558332872076199750e-19,-5.038246688490075412e-03,-9.057971342506649754e-27
5.109500000175103196e+03,0.000000000000000000e+00,4.644379617135424354e+00,1.000000104996375740e+03,1.012018854568327129e+02,6.196828254619360095e-15,2.434708942948492898e-30,1.117958943846704686e-06,8.754455451996033340e-23,-9.760843781142716225e+00,8.999999999999998579e+01,-1.829973031738720890e-06,0.000000000000000000e+00,2.558332872076199750e-19,-5.103773471068117490e-03,-8.171073335412333847e-27
5.119500000176831236e+03,0.000000000000000000e+00,4.653469312051685236e+00,1.000000105123966932e+03,1.012018854617738981e+02,6.196828254921919807e-15,4.235164736271501695e-22,-3.353141908901940277e-06,-1.857150028832693805e-22,-9.760901797224800447e+00,8.999999999999998579e+01,-1.879466902797175707e-06,0.000000000000000000e+00,2.558332872076199750e-19,-5.070927475320095162e-03,-8.392070062171651266e-27
5.129500000178558366e+03,0.000000000000000000e+00,4.662559006968001185e+00,1.000000105252489448e+03,1.012018854668169041e+02,6.196828255230714675e-15,8.470329447225605731e-22,-1.285850682948883531e-05,-7.687693768223673611e-22,-9.760842598790373970e+00,8.999999999999998579e+01,-1.781827859382896351e-06,0.000000000000000000e+00,2.558332872076200231e-19,-5.104442862876077715e-03,-7.956098728004197248e-27
5.139500000180286406e+03,0.000000000000000000e+00,4.671648701884360655e+00,1.000000105382874608e+03,1.012018854517493764e+02,6.196828254308094515e-15,4.235164736271501695e-22,5.526972285685328351e-06,3.572345273469800409e-22,-9.760844078173171567e+00,8.999999999999998579e+01,-1.802725570651772709e-06,0.000000000000000000e+00,2.558332872076200231e-19,-5.103605305933238585e-03,-8.049409792352518896e-27
5.149500000182014446e+03,0.000000000000000000e+00,4.680738396800757428e+00,1.000000105513259768e+03,1.012018854891879727e+02,6.196828256600547971e-15,5.261385431430012056e-30,-1.461436013782605610e-05,-8.746442639699755451e-22,-9.760959215689643642e+00,8.999999999999998579e+01,-1.939032722091061012e-06,0.000000000000000000e+00,2.558332872076199750e-19,-5.038419820251628482e-03,-8.658039379365256489e-27
5.159500000183741577e+03,0.000000000000000000e+00,4.689828091717210157e+00,1.000000105642713606e+03,1.012018854786116293e+02,6.196828255952933400e-15,4.235164736271501695e-22,3.553006681953353900e-06,2.363236032481863957e-22,-9.760785472563808796e+00,8.999999999999998579e+01,-1.798864301604127443e-06,0.000000000000000000e+00,2.558332872076200231e-19,-5.136785061111858244e-03,-8.032168711741571525e-27
5.169500000185469617e+03,0.000000000000000000e+00,4.698917786633711735e+00,1.000000105773098767e+03,1.012018854861454429e+02,6.196828256414246635e-15,0.000000000000000000e+00,-3.272893503791885466e-06,-1.791196415414724857e-22,-9.760960105301460743e+00,8.999999999999998579e+01,-2.040658586615116295e-06,0.000000000000000000e+00,2.558332872076199750e-19,-5.037916163038673630e-03,-9.111812400824344752e-27
5.179500000187197656e+03,0.000000000000000000e+00,4.708007481550255946e+00,1.000000105903483927e+03,1.012018854073483141e+02,6.196828251589313804e-15,4.235164736271501695e-22,1.745154747586965134e-05,1.086788475907834739e-21,-9.760844978132555028e+00,8.999999999999998579e+01,-1.743702740046962382e-06,0.000000000000000000e+00,2.558332872076200231e-19,-5.103095793701689642e-03,-7.785864991980628963e-27
5.189500000188924787e+03,0.000000000000000000e+00,4.717097176466849007e+00,1.000000106032006443e+03,1.012018854338059697e+02,6.196828253209378512e-15,0.000000000000000000e+00,5.658783608432712470e-06,3.655394594392395047e-22,-9.760902393123556564e+00,8.999999999999998579e+01,-1.825129179812229394e-06,0.000000000000000000e+00,2.558332872076199750e-19,-5.070590105936364535e-03,-8.149444891369291002e-27
5.199500000190652827e+03,0.000000000000000000e+00,4.726186871383475818e+00,1.000000106168910861e+03,1.012018854694596257e+02,6.196828255392534501e-15,-8.470329414816630268e-22,1.078456184757830013e-06,8.716174629461853247e-23,-9.760960403830733156e+00,8.999999999999998579e+01,-2.025114292858737313e-06,0.000000000000000000e+00,2.558332872076199750e-19,-5.037747150391297044e-03,-9.042405058733689883e-27
5.209500000192379957e+03,0.000000000000000000e+00,4.735276566300151480e+00,1.000000106298364699e+03,1.012018854908155987e+02,6.196828256700211869e-15,0.000000000000000000e+00,-1.321104379894879980e-05,-7.913803452650824252e-22,-9.760783974538719932e+00,8.999999999999998579e+01,-1.683644252390553206e-06,0.000000000000000000e+00,2.558332872076200231e-19,-5.137633171297582846e-03,-7.517695844925930830e-27
5.219500000194107997e+03,0.000000000000000000e+00,4.744366261216842240e+00,1.000000106428749859e+03,1.012018854872019205e+02,6.196828256478937963e-15,4.235164736271501695e-22,-1.776397926895828083e-05,-1.069711435473072672e-21,-9.760841980731214562e+00,8.999999999999998579e+01,-1.727329172348663441e-06,0.000000000000000000e+00,2.558332872076200231e-19,-5.104792775353300151e-03,-7.712754831281691854e-27
5.229500000195836037e+03,0.000000000000000000e+00,4.753455956133577409e+00,1.000000106559135020e+03,1.012018854204780496e+02,6.196828252393279029e-15,4.235164675363741979e-22,4.257054132769035957e-06,2.762837521134143808e-22,-9.760668558569530973e+00,8.999999999999998579e+01,-1.496851371538040738e-06,0.000000000000000000e+00,2.558332872076200231e-19,-5.202976306324183682e-03,-6.683640751486312980e-27
5.239500000197564077e+03,0.000000000000000000e+00,4.762545651050394291e+00,1.000000106689520180e+03,1.012018854837379962e+02,6.196828256266832987e-15,4.235164736271501695e-22,-5.188698740977380369e-06,-2.977995421349701185e-22,-9.760959800938030284e+00,8.999999999999998579e+01,-1.909259486937863122e-06,0.000000000000000000e+00,2.558332872076199750e-19,-5.038088478079991855e-03,-8.525097918671647869e-27
5.249500000199291208e+03,0.000000000000000000e+00,4.771635345967255581e+00,1.000000106818974018e+03,1.012018854935760572e+02,6.196828256869240306e-15,0.000000000000000000e+00,-7.357488945921407832e-06,-4.305374778494284382e-22,-9.760901189135648082e+00,8.999999999999998579e+01,-1.915230134391923985e-06,0.000000000000000000e+00,2.558332872076199750e-19,-5.071271741263160687e-03,-8.551757654832169232e-27
5.259500000201019247e+03,0.000000000000000000e+00,4.780725040884165722e+00,1.000000106949359179e+03,1.012018854498596312e+02,6.196828254192381242e-15,3.208723648900208440e-30,2.543489414166055104e-06,1.756872549284697092e-22,-9.760960405873406742e+00,8.999999999999998579e+01,-1.911830723215467622e-06,0.000000000000000000e+00,2.558332872076199750e-19,-5.037745994298989220e-03,-8.536578831134610667e-27
5.269500000202746378e+03,0.000000000000000000e+00,4.789814735801107837e+00,1.000000107079744339e+03,1.012018854685912288e+02,6.196828255339361332e-15,4.235164703630527376e-22,1.003800935246947342e-05,6.344061703981795290e-22,-9.760961013893245664e+00,8.999999999999998579e+01,-1.893801034031626645e-06,0.000000000000000000e+00,2.558332872076199750e-19,-5.037401759683483166e-03,-8.456073867410703354e-27
5.279500000204474418e+03,0.000000000000000000e+00,4.798904430718116565e+00,1.000000107210129499e+03,1.012018854432704700e+02,6.196828253788911232e-15,4.234948229494125019e-22,1.041389905817907559e-05,6.557568555491811323e-22,-9.760785787330393148e+00,8.999999999999998579e+01,-1.734132639251279492e-06,0.000000000000000000e+00,2.558332872076200231e-19,-5.136606855230822950e-03,-7.743133217209873541e-27
5.289500000206201548e+03,0.000000000000000000e+00,4.807994125635160820e+00,1.000000107338652015e+03,1.012018854613284589e+02,6.196828254894645730e-15,4.235164668745584182e-22,-3.833849283143706533e-06,-2.157104489364974928e-22,-9.760784569353283757e+00,8.999999999999998579e+01,-1.825747097485532842e-06,0.000000000000000000e+00,2.558332872076199750e-19,-5.137296415619911280e-03,-8.152203976085973839e-27
5.299500000207929588e+03,0.000000000000000000e+00,4.817083820552261919e+00,1.000000107467174530e+03,1.012018854643214922e+02,6.196828255077915473e-15,4.235164736271501695e-22,-6.082074712182372473e-06,-3.539058002477963495e-22,-9.760901183936907088e+00,8.999999999999998579e+01,-1.774801477553999459e-06,0.000000000000000000e+00,2.558332872076200231e-19,-5.071274686044444958e-03,-7.924724997238357735e-27
5.309500000209657628e+03,0.000000000000000000e+00,4.826173515469394992e+00,1.000000107589177787e+03,1.012018854818956015e+02,6.196828256154018778e-15,0.000000000000000000e+00,-2.055786644946309058e-05,-1.238183007072573170e-21,-9.761075186895864064e+00,8.999999999999998579e+01,-1.976976189194510745e-06,0.000000000000000000e+00,2.558332872076199750e-19,-4.972762338530807048e-03,-8.827462013975073282e-27
5.319500000211385668e+03,0.000000000000000000e+00,4.835263210386584021e+00,1.000000107716768980e+03,1.012018854451336409e+02,6.196828253902997874e-15,0.000000000000000000e+00,1.148140927011824564e-05,7.215425666941437962e-22,-9.760785794466594112e+00,8.999999999999998579e+01,-1.774353753721004144e-06,0.000000000000000000e+00,2.558332872076200231e-19,-5.136602813949673815e-03,-7.922725850688123463e-27
5.329500000213112799e+03,0.000000000000000000e+00,4.844352905303779266e+00,1.000000107845291495e+03,1.012018854230085765e+02,6.196828252548229454e-15,4.235164700207391436e-22,1.899127756002693871e-05,1.181920892009596353e-21,-9.760786410808643510e+00,8.999999999999998579e+01,-1.825312731419720957e-06,0.000000000000000000e+00,2.558332872076199750e-19,-5.136253871402519065e-03,-8.150264473745444614e-27
5.339500000214840838e+03,0.000000000000000000e+00,4.853442600221052672e+00,1.000000107974745333e+03,1.012018854436346089e+02,6.196828253811208385e-15,4.235164736271501695e-22,1.202586100996295855e-05,7.544371772191264746e-22,-9.760785798290150694e+00,8.999999999999998579e+01,-1.731843343665912612e-06,0.000000000000000000e+00,2.558332872076200231e-19,-5.136600648898231002e-03,-7.732911207491680089e-27
5.349500000216567969e+03,0.000000000000000000e+00,4.862532295138369598e+00,1.000000108104199171e+03,1.012018854501020257e+02,6.196828254207223660e-15,4.235164699028528118e-22,1.196437312994858076e-05,7.523618858660275122e-22,-9.760961028264382833e+00,8.999999999999998579e+01,-1.893796598910378225e-06,0.000000000000000000e+00,2.558332872076199750e-19,-5.037393623245088603e-03,-8.456054064003580031e-27
5.359500000218296009e+03,0.000000000000000000e+00,4.871621990055727380e+00,1.000000108232721686e+03,1.012018854597558857e+02,6.196828254798353423e-15,3.783967256828101373e-30,-1.922188823283144269e-06,-1.004977451930921891e-22,-9.760784566482561431e+00,8.999999999999998579e+01,-1.649094115268076349e-06,0.000000000000000000e+00,2.558332872076200231e-19,-5.137298039400868196e-03,-7.363424880665830222e-27
5.369500000220024049e+03,0.000000000000000000e+00,4.880711684973142006e+00,1.000000108362175524e+03,1.012018854567422181e+02,6.196828254613818347e-15,-4.235164697830388104e-22,-4.736263791682878301e-06,-2.685534838790732964e-22,-9.761076406385573279e+00,8.999999999999998579e+01,-2.057094135005389853e-06,0.000000000000000000e+00,2.558332872076199750e-19,-4.972071920855622440e-03,-9.185199313568652195e-27
5.379500000221751179e+03,0.000000000000000000e+00,4.889801379890593935e+00,1.000000108490698040e+03,1.012018854461321524e+02,6.196828253964139327e-15,8.470329394449051240e-22,3.166287624012166009e-06,2.126018885887783894e-22,-9.760901798071154545e+00,8.999999999999998579e+01,-1.794812919200306685e-06,0.000000000000000000e+00,2.558332872076200231e-19,-5.070926991472468268e-03,-8.014078749672587885e-27
5.389500000223479219e+03,0.000000000000000000e+00,4.898891074808083168e+00,1.000000108621083200e+03,1.012018854994332457e+02,6.196828257227889606e-15,4.235164656955704982e-22,-1.338176790251497673e-05,-7.993956232476799901e-22,-9.760841939562469705e+00,8.999999999999998579e+01,-1.917407497656637346e-06,0.000000000000000000e+00,2.558332872076199750e-19,-5.104816078057099714e-03,-8.561479871829485967e-27
5.399500000225207259e+03,0.000000000000000000e+00,4.907980769725623915e+00,1.000000108749605715e+03,1.012018854775300554e+02,6.196828255886706949e-15,0.000000000000000000e+00,-5.361126772246475080e-06,-3.125676862390829248e-22,-9.760667332307479072e+00,8.999999999999998579e+01,-1.505725669996844154e-06,9.478791598866934614e-23,2.558332872076200231e-19,-5.203670549881661556e-03,-6.723265676143438785e-27
5.409500000226934390e+03,0.000000000000000000e+00,4.917070464643207295e+00,1.000000108880922198e+03,1.012018854925513409e+02,6.196828256806494310e-15,4.234924446509573368e-22,-3.347041967384504016e-06,-1.853610181566358709e-22,-9.760901176245777577e+00,8.999999999999998579e+01,-1.877595732653934854e-06,1.895758319773387158e-22,2.558332872076199750e-19,-5.071279035253854241e-03,-8.383715038246008966e-27
5.419500000228662429e+03,0.000000000000000000e+00,4.926160159560844853e+00,1.000000109010376036e+03,1.012018854721960821e+02,6.196828255560094868e-15,4.235164736271501695e-22,-8.627104859088466983e-07,-3.218832632002837966e-23,-9.760959793241337223e+00,8.999999999999998579e+01,-1.978340422483073121e-06,0.000000000000000000e+00,2.558332872076199750e-19,-5.038092832435227611e-03,-8.833553497321613588e-27
5.429500000230389560e+03,0.000000000000000000e+00,4.935249854478517939e+00,1.000000109138898551e+03,1.012018854742283622e+02,6.196828255684535310e-15,8.470329388246319259e-22,-1.232390598271271530e-05,-7.357890108736161747e-22,-9.760841931608972288e+00,8.999999999999998579e+01,-1.805363030702276969e-06,0.000000000000000000e+00,2.558332872076200231e-19,-5.104820582326613509e-03,-8.061186402782351181e-27
5.439500000232117600e+03,0.000000000000000000e+00,4.944339549396253197e+00,1.000000109268352389e+03,1.012018854917003239e+02,6.196828256754384525e-15,4.235164693488532329e-22,-7.614228413533000911e-06,-4.465374144965327754e-22,-9.760959166046440316e+00,8.999999999999998579e+01,-1.888455997681314493e-06,0.000000000000000000e+00,2.558332872076199750e-19,-5.038447918887397313e-03,-8.432207568158549010e-27
5.449500000233845640e+03,0.000000000000000000e+00,4.953429244314020430e+00,1.000000109402462840e+03,1.012018854935104315e+02,6.196828256865222638e-15,4.342233827531031750e-30,-9.586362932700651283e-06,-5.678802283683401656e-22,-9.760900546247126996e+00,8.999999999999998579e+01,-1.832440960002912474e-06,0.000000000000000000e+00,2.558332872076199750e-19,-5.071635710279060946e-03,-8.182092963834995167e-27
5.459500000235572770e+03,0.000000000000000000e+00,4.962518939231839177e+00,1.000000109530985355e+03,1.012018854416932498e+02,6.196828253692334936e-15,4.235164692205392788e-22,2.958894520936440854e-06,1.996618910425641652e-22,-9.760843184878105205e+00,8.999999999999998579e+01,-1.771736357285722611e-06,0.000000000000000000e+00,2.558332872076200231e-19,-5.104111041633323242e-03,-7.911038826972694051e-27
5.469500000237300810e+03,0.000000000000000000e+00,4.971608634149689010e+00,1.000000109661370516e+03,1.012018854434054731e+02,6.196828253797179283e-15,4.235164646841582316e-22,3.674365259039629390e-07,4.162655900529116666e-23,-9.760959793302090404e+00,8.999999999999998579e+01,-1.833612425739538512e-06,0.000000000000000000e+00,2.558332872076199750e-19,-5.038092799483073585e-03,-8.187323714385891284e-27
5.479500000239028850e+03,0.000000000000000000e+00,4.980698329067414498e+00,1.000000109793618321e+03,1.012018854293275893e+02,6.196828252935156262e-15,4.235164690902949279e-22,8.533352188723137543e-06,5.408459188224126505e-22,-9.760785198128543172e+00,8.999999999999998579e+01,-1.757083991856640981e-06,0.000000000000000000e+00,2.558332872076200231e-19,-5.136940430632069496e-03,-7.845614063666463116e-27
5.489500000240755980e+03,0.000000000000000000e+00,4.989788023983389387e+00,1.000000109903514385e+03,1.012018854108521140e+02,6.196828251803859515e-15,8.470329380489925109e-22,2.041317352759828210e-05,1.268790287985188247e-21,-9.760903072235297628e+00,8.999999999999998579e+01,-1.806436612595963289e-06,0.000000000000000000e+00,2.558332872076200231e-19,-5.070205619410913557e-03,-8.065980088936593764e-27
5.499500000242484020e+03,0.000000000000000000e+00,4.998877718899400691e+00,1.000000110021792352e+03,1.012018854547763880e+02,6.196828254493446851e-15,4.668961321478688102e-30,1.123179412251646504e-05,7.070085946961550842e-22,-9.760843821426270495e+00,8.999999999999998579e+01,-1.846297646450567046e-06,0.000000000000000000e+00,2.558332872076199750e-19,-5.103750655439710966e-03,-8.243964914506323281e-27
5.509500000244212060e+03,0.000000000000000000e+00,5.007967413815459956e+00,1.000000110140070319e+03,1.012018854537915331e+02,6.196828254433140801e-15,0.000000000000000000e+00,9.340647823392523886e-06,5.902032373842460982e-22,-9.760785202520686710e+00,8.999999999999998579e+01,-1.749860848631436413e-06,0.000000000000000000e+00,2.558332872076200231e-19,-5.136937941118628614e-03,-7.813361767057886701e-27
5.519500000245939191e+03,0.000000000000000000e+00,5.017057108731575177e+00,1.000000110251829028e+03,1.012018854485003914e+02,6.196828254109151683e-15,4.235164736271501695e-22,6.671484601738187449e-06,4.270787963325543514e-22,-9.760901804943554083e+00,8.999999999999998579e+01,-1.779999147005851390e-06,0.000000000000000000e+00,2.558332872076200231e-19,-5.070923097223658561e-03,-7.947933283659910577e-27
5.529500000247667231e+03,0.000000000000000000e+00,5.026146803647732142e+00,1.000000110366381705e+03,1.012018854186169108e+02,6.196828252279316238e-15,4.235164736271501695e-22,1.416527545196050204e-05,8.862086122488541129e-22,-9.760902448248621965e+00,8.999999999999998579e+01,-1.805641314637709576e-06,0.000000000000000000e+00,2.558332872076200231e-19,-5.070558890214842997e-03,-8.062428977620916926e-27
5.539500000249394361e+03,0.000000000000000000e+00,5.035236498563928187e+00,1.000000110474415123e+03,1.012018854801014953e+02,6.196828256044162008e-15,0.000000000000000000e+00,-9.470022277123306173e-06,-5.608734981280852339e-22,-9.760841913128306402e+00,8.999999999999998579e+01,-1.821231889897955913e-06,0.000000000000000000e+00,2.558332872076199750e-19,-5.104831042239062720e-03,-8.132042972790944571e-27
5.549500000251122401e+03,0.000000000000000000e+00,5.044326193480177523e+00,1.000000110585242510e+03,1.012018854675183093e+02,6.196828255273664207e-15,0.000000000000000000e+00,-1.131992014129474114e-05,-6.753814938117489545e-22,-9.760783289728339085e+00,8.999999999999998579e+01,-1.702905888585748488e-06,0.000000000000000000e+00,2.558332872076200231e-19,-5.138020873523961585e-03,-7.603701616148379436e-27
5.559500000252850441e+03,0.000000000000000000e+00,5.053415888396472155e+00,1.000000110692344606e+03,1.012018854882357601e+02,6.196828256542242473e-15,4.235164685504593976e-22,-1.827727073896289335e-05,-1.102700680887542534e-21,-9.760782647097585141e+00,8.999999999999998579e+01,-1.577867245513850253e-06,-9.478791598866934614e-23,2.558332872076200231e-19,-5.138384699205497501e-03,-7.045387419938517626e-27
5.569500000254577571e+03,0.000000000000000000e+00,5.062505583312805868e+00,1.000000110802240670e+03,1.012018854299431325e+02,6.196828252972848036e-15,4.234895174629259939e-22,7.910667664197668623e-06,5.036762903840805993e-22,-9.760901815699494222e+00,8.999999999999998579e+01,-1.848970547050801851e-06,0.000000000000000000e+00,2.558332872076199750e-19,-5.070917008402103104e-03,-8.255899771711313937e-27
5.579500000256305611e+03,0.000000000000000000e+00,5.071595278229185766e+00,1.000000110913068056e+03,1.012018854799607652e+02,6.196828256035545280e-15,5.216380424542306211e-30,-1.358095868924410011e-05,-8.123436243044206611e-22,-9.760899887421132348e+00,8.999999999999998579e+01,-1.845391037254487170e-06,0.000000000000000000e+00,2.558332872076199750e-19,-5.072008705516167434e-03,-8.239916783687317814e-27
5.589500000258033651e+03,0.000000000000000000e+00,5.080684973145607408e+00,1.000000111029483378e+03,1.012018854390091605e+02,6.196828253527981288e-15,4.235164701024757327e-22,-1.919571425089523558e-06,-9.694416321575858352e-23,-9.761017776306871951e+00,8.999999999999998579e+01,-1.974360879444728473e-06,-1.895758319773387158e-22,2.558332872076199750e-19,-5.005265529151608876e-03,-8.815784307588332853e-27
5.599500000259760782e+03,0.000000000000000000e+00,5.089774668062075236e+00,1.000000111139379442e+03,1.012018854771467744e+02,6.196828255863237548e-15,-4.235164629112184068e-22,-1.307743614113418279e-05,-7.816666301174051632e-22,-9.760899883455131487e+00,8.999999999999998579e+01,-1.830544737502138135e-06,0.000000000000000000e+00,2.558332872076199750e-19,-5.072010950725536552e-03,-8.173626077796042484e-27
5.609500000261488822e+03,0.000000000000000000e+00,5.098864362978598130e+00,1.000000111248344183e+03,1.012018854822884464e+02,6.196828256178074302e-15,5.429488386645267053e-30,-5.577427227521028536e-06,-3.225666497830340265e-22,-9.760900527932676596e+00,8.999999999999998579e+01,-1.816825141398888726e-06,0.000000000000000000e+00,2.558332872076199750e-19,-5.071646076724249316e-03,-8.112366253772640891e-27
5.619500000263216862e+03,0.000000000000000000e+00,5.107954057895160993e+00,1.000000111360102892e+03,1.012018854835326209e+02,6.196828256254256966e-15,4.235164736271501695e-22,-3.282456325166209658e-06,-1.808391095503848363e-22,-9.760959151414370538e+00,8.999999999999998579e+01,-1.931972738968907317e-06,0.000000000000000000e+00,2.558332872076199750e-19,-5.038456199823942300e-03,-8.626515614349396110e-27
5.629500000264943992e+03,0.000000000000000000e+00,5.117043752811781587e+00,1.000000111470930278e+03,1.012018854186887893e+02,6.196828252283717293e-15,8.470329361064648684e-22,7.368476497894590063e-06,4.697815293351577325e-22,-9.760843199618159716e+00,8.999999999999998579e+01,-1.782339887377144197e-06,0.000000000000000000e+00,2.558332872076200231e-19,-5.104102695062310777e-03,-7.958385001199606673e-27
5.639500000266672032e+03,0.000000000000000000e+00,5.126133447728435044e+00,1.000000111578963697e+03,1.012018854740756524e+02,6.196828255675186519e-15,0.000000000000000000e+00,-1.408618688109457385e-05,-8.455958063658168210e-22,-9.760841244584181453e+00,8.999999999999998579e+01,-1.623393347720053919e-06,0.000000000000000000e+00,2.558332872076200231e-19,-5.105209539482748714e-03,-7.248667530273761090e-27
5.649500000268400072e+03,0.000000000000000000e+00,5.135223142645142680e+00,1.000000111691653728e+03,1.012018854594740986e+02,6.196828254781097880e-15,-5.720281586379353340e-30,-4.560683265286224270e-06,-2.612180743391044248e-22,-9.760900515526639509e+00,8.999999999999998579e+01,-1.729698574883731761e-06,0.000000000000000000e+00,2.558332872076200231e-19,-5.071653101718670564e-03,-7.723334529200388202e-27
5.659500000270127202e+03,0.000000000000000000e+00,5.144312837561894725e+00,1.000000111805275083e+03,1.012018853994349570e+02,6.196828251104761515e-15,5.794135784250425392e-30,2.265303475521204598e-05,1.404865534108754227e-21,-9.760844507819824045e+00,8.999999999999998579e+01,-1.703231148163119244e-06,0.000000000000000000e+00,2.558332872076200231e-19,-5.103362053019797930e-03,-7.605153943485255964e-27
5.669500000271855242e+03,0.000000000000000000e+00,5.153402532478684073e+00,1.000000111919827759e+03,1.012018854806023143e+02,6.196828256074827398e-15,-1.173700587265892228e-29,-8.108455661834803007e-06,-4.777296368574884138e-22,-9.760783271797857097e+00,8.999999999999998579e+01,-1.799394860477589649e-06,0.000000000000000000e+00,2.558332872076200231e-19,-5.138031021266789913e-03,-8.034537727780946971e-27
5.679500000273582373e+03,0.000000000000000000e+00,5.162492227395527600e+00,1.000000112029723823e+03,1.012018854373294658e+02,6.196828253425131181e-15,0.000000000000000000e+00,-5.638414861853424976e-07,-1.747139610049900535e-23,-9.760783919048394708e+00,8.999999999999998579e+01,-1.634875160909887561e-06,0.000000000000000000e+00,2.558332872076200231e-19,-5.137664581757534626e-03,-7.299935355520615521e-27
5.689500000275310413e+03,0.000000000000000000e+00,5.171581922312408430e+00,1.000000112141482532e+03,1.012018854323037971e+02,6.196828253117396542e-15,6.018620038061892843e-30,3.664108781708267540e-06,2.438001012173726493e-22,-9.760901178368603937e+00,8.999999999999998579e+01,-1.863411350773042404e-06,0.000000000000000000e+00,2.558332872076199750e-19,-5.071277832970723549e-03,-8.320379883816905529e-27
5.699500000277038453e+03,0.000000000000000000e+00,5.180671617229347881e+00,1.000000112250447273e+03,1.012018854397300629e+02,6.196828253572124367e-15,-4.235164614383311792e-22,1.114464360734109285e-05,7.028283176601287445e-22,-9.760901844041409703e+00,8.999999999999998579e+01,-1.957115034589465028e-06,0.000000000000000000e+00,2.558332872076199750e-19,-5.070900958993777331e-03,-8.738779313198004527e-27
5.709500000278765583e+03,0.000000000000000000e+00,5.189761312146323746e+00,1.000000112362205982e+03,1.012018854515708171e+02,6.196828254297160902e-15,-4.235164612858843731e-22,8.490145988652521564e-07,7.336104152400462368e-23,-9.761017775935220797e+00,8.999999999999998579e+01,-2.048979561642798974e-06,-1.895758319773387158e-22,2.558332872076199750e-19,-5.005265736003983515e-03,-9.148966662659957385e-27
5.719500000280493623e+03,0.000000000000000000e+00,5.198851007063351126e+00,1.000000112473964691e+03,1.012018854546143558e+02,6.196828254483524558e-15,0.000000000000000000e+00,4.412963890653535914e-06,2.897771945238494660e-22,-9.760901180438203539e+00,8.999999999999998579e+01,-1.875184039605500947e-06,0.000000000000000000e+00,2.558332872076199750e-19,-5.071276658612888615e-03,-8.372946507552125650e-27
5.729500000282221663e+03,0.000000000000000000e+00,5.207940701980409592e+00,1.000000112586654723e+03,1.012018854329382975e+02,6.196828253156249519e-15,0.000000000000000000e+00,1.525998015441514463e-05,9.521534521901351031e-22,-9.760785246474879884e+00,8.999999999999998579e+01,-1.701511207527584879e-06,0.000000000000000000e+00,2.558332872076200231e-19,-5.136913053728953474e-03,-7.597474179454989726e-27
5.739500000283948793e+03,0.000000000000000000e+00,5.217030396897525790e+00,1.000000112695619464e+03,1.012018854578680447e+02,6.196828254682755324e-15,6.402227190928510854e-30,2.975133349870867037e-06,2.008386639035800211e-22,-9.760842553895887619e+00,8.999999999999998579e+01,-1.789228789749912245e-06,1.895758319773386923e-22,2.558332872076200231e-19,-5.104468267273737890e-03,-7.989144867881848208e-27
5.749500000285676833e+03,0.000000000000000000e+00,5.226120091814682844e+00,1.000000112807378173e+03,1.012018854370173386e+02,6.196828253406017870e-15,4.235164693068406886e-22,3.242056191343198118e-06,2.167346273325536044e-22,-9.760842554439861374e+00,8.999999999999998579e+01,-1.746248584165409185e-06,0.000000000000000000e+00,2.558332872076200231e-19,-5.104467961007879730e-03,-7.797232525070770148e-27
5.759500000287403964e+03,0.000000000000000000e+00,5.235209786731882531e+00,1.000000112918205559e+03,1.012018853915209178e+02,6.196828250620165838e-15,4.058072542937871811e-26,2.524566067533610112e-05,1.563626937149591969e-21,-9.760844546419201961e+00,8.999999999999998579e+01,-1.704079662209834031e-06,0.000000000000000000e+00,2.558332872076200231e-19,-5.103340198542332361e-03,-7.608942671724189929e-27
5.769500000289132004e+03,0.000000000000000000e+00,5.244299481649149719e+00,1.000000113028101623e+03,1.012018854160262720e+02,6.196828252120686565e-15,4.235164669890624765e-22,1.975985995541099056e-05,1.225857130254752707e-21,-9.760668663635669873e+00,8.999999999999998579e+01,-1.525667123734673519e-06,0.000000000000000000e+00,2.558332872076200231e-19,-5.202916811266640809e-03,-6.812306923244067653e-27
5.779500000290860044e+03,0.000000000000000000e+00,5.253389176566443552e+00,1.000000113142654300e+03,1.012018855300647004e+02,6.196828259103525526e-15,0.000000000000000000e+00,-2.115047574217093768e-05,-1.275564474250832302e-21,-9.760957149848568548e+00,8.999999999999998579e+01,-1.872053542564969568e-06,0.000000000000000000e+00,2.558332872076199750e-19,-5.039589386124320586e-03,-8.358968421290292432e-27
5.789500000292588084e+03,0.000000000000000000e+00,5.262478871483787124e+00,1.000000113255344331e+03,1.012018854107063817e+02,6.196828251794936710e-15,4.235164736271501695e-22,6.173384363795013450e-06,3.971393088913862762e-22,-9.760901186668931473e+00,8.999999999999998579e+01,-1.833717669336183723e-06,0.000000000000000000e+00,2.558332872076199750e-19,-5.071273133652783559e-03,-8.187793641063144854e-27
5.799500000294315214e+03,0.000000000000000000e+00,5.271568566401168887e+00,1.000000113367103040e+03,1.012018854695715504e+02,6.196828255399388125e-15,4.235164736271501695e-22,-2.712043792840219912e-06,-1.474287206100539355e-22,-9.760841889264799676e+00,8.999999999999998579e+01,-1.786523606612047416e-06,0.000000000000000000e+00,2.558332872076200231e-19,-5.104844548306625672e-03,-7.977065864846372039e-27
5.809500000296043254e+03,0.000000000000000000e+00,5.280658261318594171e+00,1.000000113470479846e+03,1.012018854597089472e+02,6.196828254795477237e-15,-4.235164597087126470e-22,1.577588278362432504e-05,9.869444893293176952e-22,-9.760960494870309034e+00,8.999999999999998579e+01,-2.008347589143747046e-06,-1.895758319773387158e-22,2.558332872076199750e-19,-5.037695595669577052e-03,-8.967539493355306486e-27
5.819500000297770384e+03,0.000000000000000000e+00,5.289747956236070081e+00,1.000000113582238555e+03,1.012018854768723770e+02,6.196828255846435600e-15,4.235164595458412749e-22,-4.079172201679833839e-06,-2.306614852134426449e-22,-9.760783258031549892e+00,8.999999999999998579e+01,-1.832528729706574298e-06,0.000000000000000000e+00,2.558332872076199750e-19,-5.138038812391376546e-03,-8.182484867252592524e-27
5.829500000299498424e+03,0.000000000000000000e+00,5.298837651153587736e+00,1.000000113692134505e+03,1.012018854833454213e+02,6.196828256242794817e-15,0.000000000000000000e+00,-5.462413734009516892e-06,-3.144148884601975870e-22,-9.760958478066831034e+00,8.999999999999998579e+01,-1.923146710239452074e-06,1.895758319773387158e-22,2.558332872076199750e-19,-5.038837413757628857e-03,-8.587106220463240805e-27
5.839500000301225555e+03,0.000000000000000000e+00,5.307927346071153352e+00,1.000000113806687295e+03,1.012018854585937646e+02,6.196828254727193437e-15,0.000000000000000000e+00,9.124600645681595095e-06,5.756154673811593984e-22,-9.760725971946850876e+00,8.999999999999998579e+01,-1.619620223314216727e-06,0.000000000000000000e+00,2.558332872076200231e-19,-5.170471517989930731e-03,-7.231820027229174252e-27
5.849500000302953595e+03,0.000000000000000000e+00,5.317017040988760712e+00,1.000000113916583359e+03,1.012018854663792382e+02,6.196828255203916281e-15,4.235164663392591676e-22,-4.966766416981746517e-06,-2.848750759126163632e-22,-9.760958476514007387e+00,8.999999999999998579e+01,-1.845506977028471906e-06,0.000000000000000000e+00,2.558332872076199750e-19,-5.038838294031239805e-03,-8.240434470221104527e-27
5.859500000304681635e+03,0.000000000000000000e+00,5.326106735906413370e+00,1.000000114027410746e+03,1.012018854717738634e+02,6.196828255534242319e-15,-4.235164662558842215e-22,7.059457718169169062e-07,6.071157085093179124e-23,-9.760900510465251756e+00,8.999999999999998579e+01,-1.676181352148599277e-06,0.000000000000000000e+00,2.558332872076200231e-19,-5.071655961848881358e-03,-7.484373001302419817e-27
5.869500000306409675e+03,0.000000000000000000e+00,5.335196430824115765e+00,1.000000114138238132e+03,1.012018854884277062e+02,6.196828256553994922e-15,4.235164661720351280e-22,-9.906873816096818257e-06,-5.867437091802173670e-22,-9.761016430601895166e+00,8.999999999999998579e+01,-1.905484205830875788e-06,0.000000000000000000e+00,2.558332872076199750e-19,-5.006027394785574590e-03,-8.508240785669154953e-27
5.879500000308136805e+03,0.000000000000000000e+00,5.344286125741875892e+00,1.000000114249065518e+03,1.012018854662025973e+02,6.196828255193099420e-15,4.235164736271501695e-22,1.173390406624925653e-06,9.140158645702747762e-23,-9.760900524331718842e+00,8.999999999999998579e+01,-1.874331160506341422e-06,0.000000000000000000e+00,2.558332872076199750e-19,-5.071648111406124558e-03,-8.369138288772611335e-27
5.889500000309864845e+03,0.000000000000000000e+00,5.353375820659670659e+00,1.000000114359892905e+03,1.012018854266018622e+02,6.196828252768254594e-15,4.235164660029592146e-22,6.881774045207111933e-06,4.392688824205805316e-22,-9.760842566229442241e+00,8.999999999999998579e+01,-1.714212265104251074e-06,0.000000000000000000e+00,2.558332872076200231e-19,-5.104461284407475243e-03,-7.654186093289929518e-27
5.899500000311591975e+03,0.000000000000000000e+00,5.362465515577504505e+00,1.000000114470720291e+03,1.012018854130361092e+02,6.196828251937591949e-15,0.000000000000000000e+00,1.258597421072704703e-05,7.882754991821031037e-22,-9.760784614584737895e+00,8.999999999999998579e+01,-1.687842813740950056e-06,0.000000000000000000e+00,2.558332872076200231e-19,-5.137270799046110732e-03,-7.536442980595313331e-27
5.909500000313320015e+03,0.000000000000000000e+00,5.371555210495382759e+00,1.000000114581547678e+03,1.012018854327976385e+02,6.196828253147636736e-15,7.795162599017677682e-30,1.285879924114641274e-05,8.047182843155454835e-22,-9.760784616647354639e+00,8.999999999999998579e+01,-1.662663074164835015e-06,0.000000000000000000e+00,2.558332872076200231e-19,-5.137269629267177291e-03,-7.424012089497681520e-27
5.919500000315048055e+03,0.000000000000000000e+00,5.380644905413032753e+00,1.000000114690512419e+03,1.012018853989607976e+02,6.196828251075727489e-15,0.000000000000000000e+00,2.583299074124312050e-05,1.598958686957296928e-21,-9.760727349860742308e+00,8.999999999999998579e+01,-1.643528421558993137e-06,0.000000000000000000e+00,2.558332872076200231e-19,-5.169691410827148038e-03,-7.338573316915653644e-27
5.929500000316775186e+03,0.000000000000000000e+00,5.389734600329024516e+00,1.000000114776194096e+03,1.012018854203259934e+02,6.196828252383967315e-15,4.235164656591202051e-22,1.338021808426607357e-05,8.376329201698040901e-22,-9.760784620905043951e+00,8.999999999999998579e+01,-1.757275414113981052e-06,0.000000000000000000e+00,2.558332872076200231e-19,-5.137267219548712592e-03,-7.846468789542543343e-27
5.939500000318503226e+03,0.000000000000000000e+00,5.398824295245060689e+00,1.000000114869326353e+03,1.012018854821666594e+02,6.196828256170616411e-15,4.235164655719526440e-22,-2.079942911261429964e-05,-1.255445919906496229e-21,-9.760839834211472166e+00,8.999999999999998579e+01,-1.740099789167270849e-06,0.000000000000000000e+00,2.558332872076200231e-19,-5.106008020372867010e-03,-7.769777336397050401e-27
5.949500000320231266e+03,0.000000000000000000e+00,5.407913990161127060e+00,1.000000114960595965e+03,1.012018854833880113e+02,6.196828256245402792e-15,0.000000000000000000e+00,-5.886096778177644856e-07,-1.661375426271813238e-23,-9.760783266197066155e+00,8.999999999999998579e+01,-1.862468905262734717e-06,0.000000000000000000e+00,2.558332872076199750e-19,-5.138034186316386455e-03,-8.316171739081548822e-27
5.959500000321958396e+03,0.000000000000000000e+00,5.417003685077261821e+00,1.000000115050002933e+03,1.012018853871410471e+02,6.196828250351976796e-15,4.235164653962414882e-22,2.867825125220444847e-05,1.774075642704858822e-21,-9.760786001366669851e+00,8.999999999999998579e+01,-1.729316810259474037e-06,0.000000000000000000e+00,2.558332872076200231e-19,-5.136485668666557550e-03,-7.721629899302800351e-27
5.969500000323686436e+03,0.000000000000000000e+00,5.426093379993438326e+00,1.000000115137547255e+03,1.012018854551190117e+02,6.196828254514426606e-15,4.235164736271501695e-22,-3.813375563082367353e-06,-2.141354927195931991e-22,-9.760899835664943680e+00,8.999999999999998579e+01,-1.856526616654859722e-06,0.000000000000000000e+00,2.558332872076199750e-19,-5.072038001998168191e-03,-8.289638628946591936e-27
5.979500000325413566e+03,0.000000000000000000e+00,5.435183074909656575e+00,1.000000115228816867e+03,1.012018854393289899e+02,6.196828253547566338e-15,8.408515596037202301e-30,1.131463746556778472e-05,7.080842800757406251e-22,-9.760667362017468207e+00,8.999999999999997158e+01,-1.463151944086508514e-06,9.478791598866934614e-23,2.558332872076200231e-19,-5.203653721019723018e-03,-6.533168319219781693e-27
5.989500000327141606e+03,0.000000000000000000e+00,5.444272769825938774e+00,1.000000115318223834e+03,1.012018854733144195e+02,6.196828255628572728e-15,0.000000000000000000e+00,-1.607979424577456331e-05,-9.651342572610337266e-22,-9.760957089276823595e+00,8.999999999999998579e+01,-1.866366024505877966e-06,0.000000000000000000e+00,2.558332872076199750e-19,-5.039623680211494788e-03,-8.333572895590569555e-27
5.999500000328869646e+03,0.000000000000000000e+00,5.453362464742249394e+00,1.000000115408562010e+03,1.012018854165500841e+02,6.196828252152760072e-15,4.235164650390845038e-22,1.313101303962581982e-05,8.236776455139353967e-22,-9.760959852700700878e+00,8.999999999999998579e+01,-1.882245650688774747e-06,0.000000000000000000e+00,2.558332872076199750e-19,-5.038059162734586337e-03,-8.404477541631226960e-27
6.009500000330596777e+03,0.000000000000000000e+00,5.462452159658615081e+00,1.000000115497037768e+03,1.012018854578949174e+02,6.196828254684400888e-15,8.470329385757961347e-22,-1.174071543394163855e-05,-7.004927666392988575e-22,-9.760840505077759133e+00,8.999999999999998579e+01,-1.765687411583056462e-06,0.000000000000000000e+00,2.558332872076200231e-19,-5.105628208021731861e-03,-7.884029478702980852e-27
6.019500000332324817e+03,0.000000000000000000e+00,5.471541854575024288e+00,1.000000115589238703e+03,1.012018854456109835e+02,6.196828253932227537e-15,0.000000000000000000e+00,1.412363204367530978e-05,8.821128913658492348e-22,-9.760726005939368122e+00,8.999999999999998579e+01,-1.657490111940962158e-06,0.000000000000000000e+00,2.558332872076200231e-19,-5.170452270902899800e-03,-7.400914124140005687e-27
6.029500000334052856e+03,0.000000000000000000e+00,5.480631549491478793e+00,1.000000115678645670e+03,1.012018854531523289e+02,6.196828254394002256e-15,4.235164559053524327e-22,1.605752764160424260e-05,1.002212319469982004e-21,-9.760784644968699908e+00,8.999999999999998579e+01,-1.818786434085418804e-06,0.000000000000000000e+00,2.558332872076199750e-19,-5.137253591128658654e-03,-8.121123686858207376e-27
6.039500000335779987e+03,0.000000000000000000e+00,5.489721244407964384e+00,1.000000115777365863e+03,1.012018854941344443e+02,6.196828256903431116e-15,8.952758929479480546e-30,-1.489278847877005362e-05,-8.912222337890133907e-22,-9.760957077251378067e+00,8.999999999999998579e+01,-1.984169975227557122e-06,1.895758319773387158e-22,2.558332872076199750e-19,-5.039630485719011690e-03,-8.859583226810343655e-27
6.049500000337508027e+03,0.000000000000000000e+00,5.498810939324506819e+00,1.000000115866772830e+03,1.012018854370324021e+02,6.196828253406940048e-15,9.045141424029103307e-30,1.266881904775417940e-05,7.955219742961990318e-22,-9.760901226827945365e+00,8.999999999999998579e+01,-1.896225536955871850e-06,0.000000000000000000e+00,2.558332872076199750e-19,-5.071250390295672754e-03,-8.466899595906334212e-27
6.059500000339236067e+03,0.000000000000000000e+00,5.507900634241100768e+00,1.000000115956179798e+03,1.012018854711793381e+02,6.196828255497836388e-15,8.470329411622154780e-22,1.127817922256080281e-05,7.094670552283036268e-22,-9.760842591623735132e+00,8.999999999999998579e+01,-1.809702216698227473e-06,0.000000000000000000e+00,2.558332872076200231e-19,-5.104446900305588224e-03,-8.080561446225052515e-27
6.069500000340963197e+03,0.000000000000000000e+00,5.516990329157743567e+00,1.000000116045586765e+03,1.012018854293342969e+02,6.196828252935568047e-15,0.000000000000000000e+00,1.387745912145768574e-05,8.664551790025486386e-22,-9.760667380378185598e+00,8.999999999999998579e+01,-1.601517664247800501e-06,0.000000000000000000e+00,2.558332872076200231e-19,-5.203643325433174316e-03,-7.150989689773448233e-27
6.079500000342691237e+03,0.000000000000000000e+00,5.526080024074418340e+00,1.000000116135925055e+03,1.012018854524814202e+02,6.196828254352919958e-15,4.235164549769813188e-22,-5.038283207905222702e-06,-2.884107407703456239e-22,-9.761016406793201483e+00,8.999999999999998579e+01,-1.926360397013728826e-06,0.000000000000000000e+00,2.558332872076199750e-19,-5.006040873767334323e-03,-8.601455759966947654e-27
6.089500000344418368e+03,0.000000000000000000e+00,5.535169718991141963e+00,1.000000116228125989e+03,1.012018854258507048e+02,6.196828252722259270e-15,-4.235164642078365418e-22,1.608018033396819881e-05,1.001305173525882537e-21,-9.760726023019037356e+00,8.999999999999998579e+01,-1.598844954263288187e-06,-9.478791598866934614e-23,2.558332872076200231e-19,-5.170442601824083544e-03,-7.139055683693045881e-27
6.099500000346146408e+03,0.000000000000000000e+00,5.544259413907870027e+00,1.000000116315670311e+03,1.012018854354723487e+02,6.196828253311414515e-15,0.000000000000000000e+00,6.693635025314577933e-06,4.287103706617134370e-22,-9.760900534427923603e+00,8.999999999999998579e+01,-1.806383801650736639e-06,0.000000000000000000e+00,2.558332872076200231e-19,-5.071642394410018871e-03,-8.065744281031847222e-27
6.109500000347874447e+03,0.000000000000000000e+00,5.553349108824692237e+00,1.000000116406939924e+03,1.012018854560413530e+02,6.196828254570902736e-15,0.000000000000000000e+00,-5.944684347574112252e-06,-3.443074875840981764e-22,-9.760957766139018332e+00,8.999999999999998579e+01,-1.888440651338522402e-06,0.000000000000000000e+00,2.558332872076199750e-19,-5.039240471784709775e-03,-8.432139044693881798e-27
6.119500000349601578e+03,0.000000000000000000e+00,5.562438803741551752e+00,1.000000116494484246e+03,1.012018854648858621e+02,6.196828255112472314e-15,4.235164639222059907e-22,4.010508580905503811e-06,2.634523959407408002e-22,-9.760783259302270309e+00,8.999999999999998579e+01,-1.714020094051406498e-06,0.000000000000000000e+00,2.558332872076200231e-19,-5.138038088679378231e-03,-7.653328023942184994e-27
6.129500000351329618e+03,0.000000000000000000e+00,5.571528498658471662e+00,1.000000116575509310e+03,1.012018854363398219e+02,6.196828253364532464e-15,9.801119304651136182e-30,2.033628967981360050e-05,1.264166940227756264e-21,-9.760843316946926862e+00,8.999999999999998579e+01,-1.814550453123684077e-06,0.000000000000000000e+00,2.558332872076199750e-19,-5.104036257982551283e-03,-8.102209467639981066e-27
6.139500000353057658e+03,0.000000000000000000e+00,5.580618193575427988e+00,1.000000116663053632e+03,1.012018854701853883e+02,6.196828255436974980e-15,4.235164637293815650e-22,-3.645424987147794094e-06,-2.031907110336118763e-22,-9.761016402969254102e+00,8.999999999999998579e+01,-1.919845742006655497e-06,0.000000000000000000e+00,2.558332872076199750e-19,-5.006043036134337661e-03,-8.572366957621522604e-27
6.149500000354784788e+03,0.000000000000000000e+00,5.589707888492414511e+00,1.000000116752460599e+03,1.012018854341725245e+02,6.196828253231823183e-15,4.235164636323093825e-22,1.362102638917087325e-05,8.525379106270502614e-22,-9.760842609837625972e+00,8.999999999999998579e+01,-1.772577722584811508e-06,0.000000000000000000e+00,2.558332872076200231e-19,-5.104436590368952899e-03,-7.914795635101275519e-27
6.159500000356512828e+03,0.000000000000000000e+00,5.598797583409454326e+00,1.000000116841867566e+03,1.012018855058442455e+02,6.196828257620450458e-15,4.235164736271501695e-22,-3.214148650260998996e-05,-1.948352161467936479e-21,-9.761013562553099376e+00,8.999999999999998579e+01,-1.892918260089046536e-06,0.000000000000000000e+00,2.558332872076199750e-19,-5.007651144446075009e-03,-8.452132164173384099e-27
6.169500000358239959e+03,0.000000000000000000e+00,5.607887278326546543e+00,1.000000116929411888e+03,1.012018854723468451e+02,6.196828255569326119e-15,0.000000000000000000e+00,-6.051110709305323359e-06,-3.507501061630770493e-22,-9.760899128369874944e+00,8.999999999999998579e+01,-1.895557050519621845e-06,-1.895758319773387158e-22,2.558332872076199750e-19,-5.072438434795408305e-03,-8.463914714927439484e-27
6.179500000359967999e+03,0.000000000000000000e+00,5.616976973243681392e+00,1.000000117016956210e+03,1.012018854722278860e+02,6.196828255562041777e-15,4.235164736271501695e-22,1.438587775824314354e-06,1.079651415687883292e-22,-9.760899832660522080e+00,8.999999999999998579e+01,-1.905485085450721699e-06,0.000000000000000000e+00,2.558332872076199750e-19,-5.072039697926565907e-03,-8.508244713288931434e-27
6.189500000361696038e+03,0.000000000000000000e+00,5.626066668160867756e+00,1.000000117104500532e+03,1.012018854475629439e+02,6.196828254051749430e-15,0.000000000000000000e+00,1.046119545066307360e-05,6.606563227775507510e-22,-9.760959186837022017e+00,8.999999999999998579e+01,-1.926152850146519059e-06,0.000000000000000000e+00,2.558332872076199750e-19,-5.038436137943070464e-03,-8.600529035560035471e-27
6.199500000363424078e+03,0.000000000000000000e+00,5.635156363078088759e+00,1.000000117195770144e+03,1.012018854395291356e+02,6.196828253559822081e-15,-4.235164736271501695e-22,1.035738757688564745e-05,6.518419978156286832e-22,-9.760666698960747567e+00,8.999999999999998579e+01,-1.690580295984758334e-06,0.000000000000000000e+00,2.558332872076200231e-19,-5.204029109339123466e-03,-7.548666203441006242e-27
6.209500000365151209e+03,0.000000000000000000e+00,5.644246057995378152e+00,1.000000117285177112e+03,1.012018854236560372e+02,6.196828252587874448e-15,4.235164736271501695e-22,1.518573643027317696e-05,9.479065897354710933e-22,-9.760842623446396971e+00,8.999999999999998579e+01,-1.730188867074563599e-06,0.000000000000000000e+00,2.558332872076200231e-19,-5.104428885694661973e-03,-7.725523749138377395e-27
6.219500000366879249e+03,0.000000000000000000e+00,5.653335752912695078e+00,1.000000117377378047e+03,1.012018854411899014e+02,6.196828253661513351e-15,8.470329258785526569e-22,8.196598679405343787e-06,5.204439306403881246e-22,-9.760841909557500529e+00,8.999999999999998579e+01,-1.777986638094385287e-06,1.895758319773386923e-22,2.558332872076200231e-19,-5.104833054722238486e-03,-7.938947163308107266e-27
6.229500000368606379e+03,0.000000000000000000e+00,5.662425447830059966e+00,1.000000117468647659e+03,1.012018854691649778e+02,6.196828255374493252e-15,1.078873665503360348e-29,-2.686408937596642637e-07,1.315369757768719740e-24,-9.760782551490438053e+00,8.999999999999998579e+01,-1.703018728062632796e-06,0.000000000000000000e+00,2.558332872076200231e-19,-5.138438816736014270e-03,-7.604205459442658065e-27
6.239500000370334419e+03,0.000000000000000000e+00,5.671515142747474592e+00,1.000000117559917271e+03,1.012018854376516970e+02,6.196828253444860592e-15,0.000000000000000000e+00,8.716597510583487301e-06,5.522469455119341522e-22,-9.760841912337637538e+00,8.999999999999998579e+01,-1.774369665337097383e-06,0.000000000000000000e+00,2.558332872076200231e-19,-5.104831480726507859e-03,-7.922796898173375409e-27
6.249500000372061550e+03,0.000000000000000000e+00,5.680604837664932738e+00,1.000000117648392916e+03,1.012018854685314011e+02,6.196828255335698651e-15,2.198387393946476599e-29,-4.038911035526407997e-06,-2.279827751606902761e-22,-9.760899115657881708e+00,8.999999999999998579e+01,-1.852958943770072084e-06,1.895758319773387158e-22,2.558332872076199750e-19,-5.072445630753183270e-03,-8.273708494309214913e-27
6.259500000373789590e+03,0.000000000000000000e+00,5.689694532582433517e+00,1.000000117738731205e+03,1.012018854287629921e+02,6.196828252900585222e-15,-4.235164403443251837e-22,9.251810722323592650e-06,5.840511865183141159e-22,-9.760841908093459196e+00,8.999999999999998579e+01,-1.681562385641204947e-06,0.000000000000000000e+00,2.558332872076200231e-19,-5.104833884064950179e-03,-7.508400032589658091e-27
6.269500000375517629e+03,0.000000000000000000e+00,5.698784227499977817e+00,1.000000117830000818e+03,1.012018854395754062e+02,6.196828253562654091e-15,4.235164624300629902e-22,9.494124986722239667e-06,5.999515667678809250e-22,-9.760841916814802843e+00,8.999999999999998579e+01,-1.783457023556956361e-06,1.895758319773386923e-22,2.558332872076200231e-19,-5.104828945288323802e-03,-7.963373163042742278e-27
6.279500000377245669e+03,0.000000000000000000e+00,5.707873922417566526e+00,1.000000117919407785e+03,1.012018855128045232e+02,6.196828258046644395e-15,1.130037352610697488e-29,-1.053381894303850744e-05,-6.252608683511973954e-22,-9.760898390153293747e+00,8.999999999999998579e+01,-1.893251903753698026e-06,0.000000000000000000e+00,2.558332872076199750e-19,-5.072856373266044529e-03,-8.453621927576710595e-27
6.289500000378972800e+03,0.000000000000000000e+00,5.716963617335196091e+00,1.000000118012540042e+03,1.012018854862342181e+02,6.196828256419682676e-15,4.235164622230708483e-22,-1.170101762048713144e-05,-6.981692898002533549e-22,-9.760839745625601083e+00,8.999999999999998579e+01,-1.755400102705695873e-06,0.000000000000000000e+00,2.558332872076200231e-19,-5.106058167356587914e-03,-7.838095274316872057e-27
6.299500000380700840e+03,0.000000000000000000e+00,5.726053312252873617e+00,1.000000118103809655e+03,1.012018854468479390e+02,6.196828254007968439e-15,-4.235164506105226820e-22,8.720467937489063094e-06,5.551260303554591794e-22,-9.761075768353018489e+00,8.999999999999998579e+01,-2.027601749543331576e-06,0.000000000000000000e+00,2.558332872076199750e-19,-4.972433128530675747e-03,-9.053511884154591787e-27
6.309500000382427970e+03,0.000000000000000000e+00,5.735143007170584006e+00,1.000000118192285299e+03,1.012018854348301318e+02,6.196828253272089799e-15,1.161296707580823269e-29,9.110547767499633829e-06,5.764328300294833709e-22,-9.760783279979124316e+00,8.999999999999998579e+01,-1.780457016987218248e-06,0.000000000000000000e+00,2.558332872076200231e-19,-5.138026382018009638e-03,-7.949977734114066525e-27
6.319500000384156010e+03,0.000000000000000000e+00,5.744232702088414300e+00,1.000000118282623589e+03,1.012018854970382051e+02,6.196828257081235630e-15,4.235164619090005749e-22,-9.538661602598629615e-06,-5.638491335194356482e-22,-9.760898384133270156e+00,8.999999999999998579e+01,-1.938875341406328053e-06,0.000000000000000000e+00,2.558332872076199750e-19,-5.072859782293703650e-03,-8.657336653645134430e-27
6.329500000385884050e+03,0.000000000000000000e+00,5.753322397006227717e+00,1.000000118375755847e+03,1.012018854535804309e+02,6.196828254420213737e-15,0.000000000000000000e+00,1.523085472921941175e-05,9.533110833608804627e-22,-9.761017858376455081e+00,8.999999999999998579e+01,-1.983405627968345128e-06,0.000000000000000000e+00,2.558332872076199750e-19,-5.005219050469209528e-03,-8.856170314488460938e-27
6.339500000387611180e+03,0.000000000000000000e+00,5.762412091924089097e+00,1.000000118466094136e+03,1.012018854836814370e+02,6.196828256263369887e-15,8.470329114646571959e-22,-4.559614605310839783e-06,-2.607155657831875762e-22,-9.760781823577055150e+00,8.999999999999998579e+01,-1.771572749660995548e-06,0.000000000000000000e+00,2.558332872076200231e-19,-5.138850924369367003e-03,-7.910308297136082069e-27
6.349500000389339220e+03,0.000000000000000000e+00,5.771501786841993997e+00,1.000000118558295071e+03,1.012018854780864103e+02,6.196828255920773118e-15,1.203648579430889416e-29,-1.530495298160123204e-06,-7.452417391264535226e-23,-9.760899111472795653e+00,8.999999999999998579e+01,-1.839777285961504817e-06,0.000000000000000000e+00,2.558332872076199750e-19,-5.072447997600156890e-03,-8.214850636423859388e-27
6.359500000391067260e+03,0.000000000000000000e+00,5.780591481759641326e+00,1.000000118642114103e+03,1.012018854245923336e+02,6.196828252645205703e-15,4.235164736271501695e-22,5.967320469376330864e-06,3.840812228215392061e-22,-9.760899844134984349e+00,8.999999999999998579e+01,-1.791507726543127891e-06,0.000000000000000000e+00,2.558332872076200231e-19,-5.072033202978943646e-03,-7.999320624213318962e-27
6.369500000392794391e+03,0.000000000000000000e+00,5.789681176675661511e+00,1.000000118711031973e+03,1.012018854514725632e+02,6.196828254291145049e-15,0.000000000000000000e+00,-5.564314618911001415e-06,-3.196741187400400768e-22,-9.761015666618391151e+00,8.999999999999998579e+01,-2.017118541488605821e-06,0.000000000000000000e+00,2.558332872076199750e-19,-5.006459921774949334e-03,-9.006702963848175661e-27
6.379500000394522431e+03,0.000000000000000000e+00,5.798770871591733211e+00,1.000000118778087199e+03,1.012018853888587984e+02,6.196828250457157199e-15,0.000000000000000000e+00,2.095599406428277797e-05,1.301247891939720526e-21,-9.760901316463163724e+00,8.999999999999998579e+01,-1.731603422722103204e-06,0.000000000000000000e+00,2.558332872076200231e-19,-5.071199642048784990e-03,-7.731839928520586059e-27
6.389500000396249561e+03,0.000000000000000000e+00,5.807860566507841327e+00,1.000000118846073747e+03,1.012018854302013295e+02,6.196828252988658386e-15,4.235164736271501695e-22,6.708584440949027482e-06,4.300969214325913851e-22,-9.760899847299317145e+00,8.999999999999998579e+01,-1.851553413059212975e-06,0.000000000000000000e+00,2.558332872076199750e-19,-5.072031410585287406e-03,-8.267432612471387645e-27
6.399500000397977601e+03,0.000000000000000000e+00,5.816950261423996515e+00,1.000000118914060295e+03,1.012018854524970664e+02,6.196828254353878424e-15,0.000000000000000000e+00,-1.341774811174052196e-05,-8.022569920318206041e-22,-9.760956281514577171e+00,8.999999999999998579e+01,-1.854273962340306888e-06,0.000000000000000000e+00,2.558332872076199750e-19,-5.040080992979916776e-03,-8.279580227383121510e-27
6.409500000399705641e+03,0.000000000000000000e+00,5.826039956340202330e+00,1.000000118980184197e+03,1.012018854266940622e+02,6.196828252773898894e-15,0.000000000000000000e+00,5.898530380541666585e-06,3.793491676427025444e-22,-9.760841204041604158e+00,8.999999999999998579e+01,-1.741686636969768657e-06,0.000000000000000000e+00,2.558332872076200231e-19,-5.105232483477275054e-03,-7.776862823200111818e-27
6.419500000401432771e+03,0.000000000000000000e+00,5.835129651256464101e+00,1.000000119045376778e+03,1.012018854526615570e+02,6.196828254363949811e-15,0.000000000000000000e+00,2.125857835004601282e-07,3.289692771820824807e-23,-9.760899111099394787e+00,8.999999999999998579e+01,-1.905741641211868974e-06,0.000000000000000000e+00,2.558332872076199750e-19,-5.072448210413996357e-03,-8.509390268935162810e-27
6.429500000403160811e+03,0.000000000000000000e+00,5.844219346172767615e+00,1.000000119108706713e+03,1.012018854120933469e+02,6.196828251879863897e-15,4.269061321674595839e-26,6.426773881334431946e-06,4.111660097540372655e-22,-9.760841206087716770e+00,8.999999999999998579e+01,-1.690999175966517810e-06,0.000000000000000000e+00,2.558332872076200231e-19,-5.105231326158511662e-03,-7.550536558353525500e-27
6.439500000404888851e+03,0.000000000000000000e+00,5.853309041089111986e+00,1.000000119175761938e+03,1.012018853706970845e+02,6.196828249345073948e-15,0.000000000000000000e+00,3.304633529848318042e-05,2.040443991373583449e-21,-9.760726882858605791e+00,8.999999999999998579e+01,-1.623908623102305561e-06,-9.478791598866934614e-23,2.558332872076200231e-19,-5.169955800111439292e-03,-7.250968303489151790e-27
6.449500000406615982e+03,0.000000000000000000e+00,5.862398736005500766e+00,1.000000119244679809e+03,1.012018854681846989e+02,6.196828255314468826e-15,4.235164736271501695e-22,9.775166068510843631e-07,7.893589467368454364e-23,-9.760899111530122241e+00,8.999999999999998579e+01,-1.829089587502780771e-06,0.000000000000000000e+00,2.558332872076199750e-19,-5.072447964763093960e-03,-8.167128639225881915e-27
6.459500000408344022e+03,0.000000000000000000e+00,5.871488430921942836e+00,1.000000119311735034e+03,1.012018854409394635e+02,6.196828253646179473e-15,1.324019634544270579e-29,5.928278019915446578e-06,3.803137483120407626e-22,-9.760782562859040112e+00,8.999999999999998579e+01,-1.659547401056114083e-06,0.000000000000000000e+00,2.558332872076200231e-19,-5.138432379506878249e-03,-7.410100194065899724e-27
6.469500000410072062e+03,0.000000000000000000e+00,5.880578125838423098e+00,1.000000119382515550e+03,1.012018854658215048e+02,6.196828255169764126e-15,1.335248996437713614e-29,-5.748455440415336922e-06,-3.335508180094778293e-22,-9.760898366555338157e+00,8.999999999999998579e+01,-1.767771327475498571e-06,0.000000000000000000e+00,2.558332872076200231e-19,-5.072869734894502707e-03,-7.893334440736105759e-27
6.479500000411799192e+03,0.000000000000000000e+00,5.889667820754941552e+00,1.000000119447708130e+03,1.012018854185482724e+02,6.196828252275113976e-15,-1.346519826185024809e-29,2.565461962957365892e-05,1.587907740362263255e-21,-9.760667510734586827e+00,8.999999999999998579e+01,-1.631184691840198234e-06,0.000000000000000000e+00,2.558332872076200231e-19,-5.203569518307909515e-03,-7.283456919561450307e-27
6.489500000413527232e+03,0.000000000000000000e+00,5.898757515671510632e+00,1.000000119516626000e+03,1.012018854185552499e+02,6.196828252275540750e-15,0.000000000000000000e+00,1.045972952932650988e-05,6.603525253572191512e-22,-9.760958507640090431e+00,8.999999999999998579e+01,-1.905634968867515283e-06,1.895758319773387158e-22,2.558332872076199750e-19,-5.038820665942964246e-03,-8.508913962709081187e-27
6.499500000415254362e+03,0.000000000000000000e+00,5.907847210588120568e+00,1.000000119585543871e+03,1.012018854911094508e+02,6.196828256718204208e-15,1.369209579737258505e-29,-1.825203284600508119e-05,-1.097510189918066186e-21,-9.760955513739668632e+00,8.999999999999998579e+01,-1.927269766286420773e-06,0.000000000000000000e+00,2.558332872076199750e-19,-5.040515666739669304e-03,-8.605516214895664131e-27
6.509500000416982402e+03,0.000000000000000000e+00,5.916936905504780242e+00,1.000000119652599096e+03,1.012018854623057251e+02,6.196828254954485563e-15,0.000000000000000000e+00,-5.971826400103309423e-06,-3.478677115767173554e-22,-9.760839707857645209e+00,8.999999999999998579e+01,-1.706489800289137812e-06,0.000000000000000000e+00,2.558332872076200231e-19,-5.106079548927954653e-03,-7.619704259273789340e-27
6.519500000418710442e+03,0.000000000000000000e+00,5.926026600421487878e+00,1.000000119719654322e+03,1.012018854280943003e+02,6.196828252859639396e-15,4.235164597062007096e-22,9.979331986081277142e-06,6.295008463340931920e-22,-9.760899865142530274e+00,8.999999999999998579e+01,-1.767998650444010676e-06,0.000000000000000000e+00,2.558332872076200231e-19,-5.072021307144200172e-03,-7.894349468069470540e-27
6.529500000420437573e+03,0.000000000000000000e+00,5.935116295338271897e+00,1.000000119780190289e+03,1.012018854563534092e+02,6.196828254590011314e-15,2.807205348224446557e-29,2.980070819247027613e-06,2.017020961189584462e-22,-9.760899114440357849e+00,8.999999999999998579e+01,-1.843001166077986291e-06,-1.895758319773387158e-22,2.558332872076199750e-19,-5.072446317199482378e-03,-8.229245690558246241e-27
6.539500000422165613e+03,0.000000000000000000e+00,5.944205990255065686e+00,1.000000119850039482e+03,1.012018854650879121e+02,6.196828255124844808e-15,-1.415163868576264675e-29,-2.790636582469586115e-06,-1.520584804957642519e-22,-9.760957009666586970e+00,8.999999999999998579e+01,-1.804012858143536784e-06,0.000000000000000000e+00,2.558332872076200231e-19,-5.039668744188051212e-03,-8.055157702467330209e-27
6.549500000423893653e+03,0.000000000000000000e+00,5.953295685171914542e+00,1.000000119917094707e+03,1.012018854446056650e+02,6.196828253870668776e-15,4.235164593594253622e-22,3.468706860864075496e-06,2.323931086951073790e-22,-9.760899131926196404e+00,8.999999999999998579e+01,-1.916887485790050966e-06,0.000000000000000000e+00,2.558332872076199750e-19,-5.072436418350804131e-03,-8.559157949580651889e-27
6.559500000425620783e+03,0.000000000000000000e+00,5.962385380088802478e+00,1.000000119983218610e+03,1.012018854382637443e+02,6.196828253482337796e-15,-1.438422355795168541e-29,1.583508787920858947e-05,9.882051974532100904e-22,-9.760783330649022815e+00,8.999999999999998579e+01,-1.781707198293278896e-06,0.000000000000000000e+00,2.558332872076200231e-19,-5.137997691386593860e-03,-7.955559960167244084e-27
6.569500000427348823e+03,0.000000000000000000e+00,5.971475075005741040e+00,1.000000120050273836e+03,1.012018854606269116e+02,6.196828254851686732e-15,8.470329182517849713e-22,-4.426763539466052452e-06,-2.523320890956940672e-22,-9.760839711149417397e+00,8.999999999999998579e+01,-1.795433007369841034e-06,0.000000000000000000e+00,2.558332872076200231e-19,-5.106077684681836933e-03,-8.016847525944043620e-27
6.579500000429075953e+03,0.000000000000000000e+00,5.980564769922727564e+00,1.000000120116397738e+03,1.012018855165113109e+02,6.196828258273620188e-15,0.000000000000000000e+00,-2.470927258677526150e-05,-1.493964151105540268e-21,-9.760896085178179860e+00,8.999999999999998579e+01,-1.825468780116862775e-06,0.000000000000000000e+00,2.558332872076199750e-19,-5.074161338812077128e-03,-8.150961251963552942e-27
6.589500000430803993e+03,0.000000000000000000e+00,5.989654464839754944e+00,1.000000120183452964e+03,1.012018854612016128e+02,6.196828254886877816e-15,1.473668623680315661e-29,-4.337124333624831128e-07,-6.939123309147798866e-24,-9.761015657298690584e+00,8.999999999999998579e+01,-1.880631162949647395e-06,0.000000000000000000e+00,2.558332872076199750e-19,-5.006465194529778444e-03,-8.397268638829530782e-27
6.599500000432532033e+03,0.000000000000000000e+00,5.998744159756824956e+00,1.000000120251439512e+03,1.012018854486700548e+02,6.196828254119541770e-15,-4.235164637235432607e-22,8.538063375088326330e-06,5.404025771790193822e-22,-9.760723931528968222e+00,8.999999999999998579e+01,-1.686933014072401630e-06,0.000000000000000000e+00,2.558332872076200231e-19,-5.171626696946807038e-03,-7.532380603891772448e-27
6.609500000434260073e+03,0.000000000000000000e+00,6.007833854673949148e+00,1.000000120318494737e+03,1.012018854558233301e+02,6.196828254557552054e-15,4.235164736271501695e-22,-2.261815953362692570e-06,-1.185855260524993171e-22,-9.760898358522794638e+00,8.999999999999998579e+01,-1.908683597315463592e-06,0.000000000000000000e+00,2.558332872076199750e-19,-5.072874281701178663e-03,-8.522526494800299822e-27
6.619500000435987204e+03,0.000000000000000000e+00,6.016923549591115084e+00,1.000000120382755995e+03,1.012018854523616795e+02,6.196828254345587496e-15,0.000000000000000000e+00,1.135249469795554028e-05,7.134225060974834689e-22,-9.760841233280372009e+00,8.999999999999998579e+01,-1.752647815183710305e-06,0.000000000000000000e+00,2.558332872076200231e-19,-5.105215924846742345e-03,-7.825805943932087173e-27
6.629500000437715244e+03,0.000000000000000000e+00,6.026013244508322764e+00,1.000000120451673865e+03,1.012018854688437699e+02,6.196828255354824583e-15,-4.235164736271501695e-22,-1.778428226389256632e-06,-8.790373038090404488e-23,-9.760898373201195355e+00,8.999999999999998579e+01,-2.012513145315850473e-06,0.000000000000000000e+00,2.558332872076199750e-19,-5.072865970033619588e-03,-8.986139256507386357e-27
6.639500000439442374e+03,0.000000000000000000e+00,6.035102939425585511e+00,1.000000120520591736e+03,1.012018854500373664e+02,6.196828254203264367e-15,0.000000000000000000e+00,-1.484403741812897356e-06,-7.249282400559860351e-23,-9.760898349137038466e+00,8.999999999999998579e+01,-1.763952074537003399e-06,0.000000000000000000e+00,2.558332872076200231e-19,-5.072879595625558180e-03,-7.876280967648974573e-27
6.649500000441170414e+03,0.000000000000000000e+00,6.044192634342887338e+00,1.000000120588578284e+03,1.012018854557846765e+02,6.196828254555185472e-15,4.235164581727410105e-22,-2.347243529502106291e-06,-1.249616329063263942e-22,-9.760839707244500119e+00,8.999999999999998579e+01,-1.798949925103171780e-06,0.000000000000000000e+00,2.558332872076200231e-19,-5.106079894890983711e-03,-8.032551032069679026e-27
6.659500000442898454e+03,0.000000000000000000e+00,6.053282329260222028e+00,1.000000120657496154e+03,1.012018854951012514e+02,6.196828256962632760e-15,0.000000000000000000e+00,-9.988538798983243555e-07,-4.184238001599756374e-23,-9.760898357310443529e+00,8.999999999999998579e+01,-1.852049963847114569e-06,0.000000000000000000e+00,2.558332872076199750e-19,-5.072874963850075927e-03,-8.269649777878924692e-27
6.669500000444625584e+03,0.000000000000000000e+00,6.062372024177602903e+00,1.000000120724551380e+03,1.012018854320003811e+02,6.196828253098818079e-15,0.000000000000000000e+00,1.881354801484975134e-05,1.169382139725376757e-21,-9.760783361386391022e+00,8.999999999999998579e+01,-1.666560570312339130e-06,0.000000000000000000e+00,2.558332872076200231e-19,-5.137980288494197606e-03,-7.441414928934875723e-27
6.679500000446353624e+03,0.000000000000000000e+00,6.071461719095025522e+00,1.000000120793469137e+03,1.012018854719229637e+02,6.196828255543370228e-15,0.000000000000000000e+00,8.865324412376088235e-06,5.639760092953147051e-22,-9.761016428200045780e+00,8.999999999999998579e+01,-2.025704312414734342e-06,0.000000000000000000e+00,2.558332872076199750e-19,-5.006028743853038233e-03,-9.045039574640626979e-27
6.689500000448081664e+03,0.000000000000000000e+00,6.080551414012512090e+00,1.000000120861455798e+03,1.012018854265682108e+02,6.196828252766194089e-15,0.000000000000000000e+00,1.722166587631670148e-05,1.071373962989301411e-21,-9.760666065745652986e+00,8.999999999999998579e+01,-1.615435544923698747e-06,0.000000000000000000e+00,2.558332872076200231e-19,-5.204387600660506132e-03,-7.213134880824829005e-27
6.699500000449808795e+03,0.000000000000000000e+00,6.089641108930028857e+00,1.000000120939686894e+03,1.012018855091164227e+02,6.196828257820813239e-15,0.000000000000000000e+00,-2.170559547563121315e-05,-1.309459401463454568e-21,-9.760896041602176609e+00,8.999999999999998579e+01,-1.881309930513991570e-06,0.000000000000000000e+00,2.558332872076199750e-19,-5.074186008642528160e-03,-8.400299426414788219e-27
6.709500000451536835e+03,0.000000000000000000e+00,6.098730803847602466e+00,1.000000121009536088e+03,1.012018854643637837e+02,6.196828255080505303e-15,1.618919535127354585e-29,6.451505084224993337e-06,4.135927728875808605e-22,-9.760840479051143603e+00,8.999999999999998579e+01,-1.778466843063691265e-06,0.000000000000000000e+00,2.558332872076200231e-19,-5.105642932182792408e-03,-7.941091342458386003e-27
6.719500000453263965e+03,0.000000000000000000e+00,6.107820498765214268e+00,1.000000121077522635e+03,1.012018854779074672e+02,6.196828255909816629e-15,1.631327500484329550e-29,-6.724661023098783448e-06,-3.927169851336508432e-22,-9.760897582875625034e+00,8.999999999999998579e+01,-1.826163487944735854e-06,0.000000000000000000e+00,2.558332872076199750e-19,-5.073313413703548283e-03,-8.154063214948680002e-27
6.729500000454992005e+03,0.000000000000000000e+00,6.116910193682876695e+00,1.000000121144577861e+03,1.012018854671866848e+02,6.196828255253357350e-15,0.000000000000000000e+00,-5.453435482860698047e-06,-3.141369034348532854e-22,-9.760956233782781766e+00,8.999999999999998579e+01,-1.897082434529598489e-06,0.000000000000000000e+00,2.558332872076199750e-19,-5.040108010985254981e-03,-8.470725757710043178e-27
6.739500000456720045e+03,0.000000000000000000e+00,6.125999888600582644e+00,1.000000121210701764e+03,1.012018854693484542e+02,6.196828255385728209e-15,0.000000000000000000e+00,-6.205513919169473836e-06,-3.619938222231191068e-22,-9.760897572275249345e+00,8.999999999999998579e+01,-1.724024721108233792e-06,0.000000000000000000e+00,2.558332872076200231e-19,-5.073319415674390487e-03,-7.698000016346963647e-27
6.749500000458447175e+03,0.000000000000000000e+00,6.135089583518341882e+00,1.000000121282413602e+03,1.012018854928476657e+02,6.196828256824638900e-15,-4.235164736271501695e-22,-7.010588718060962020e-06,-4.087286689270048853e-22,-9.760838951355394144e+00,8.999999999999998579e+01,-1.969624786222498272e-06,0.000000000000000000e+00,2.558332872076199750e-19,-5.106507839546892656e-03,-8.794637020513059273e-27
6.759500000460175215e+03,0.000000000000000000e+00,6.144179278436140201e+00,1.000000121350400150e+03,1.012018854753300587e+02,6.196828255751996328e-15,1.681452945617811150e-29,1.509148824038314854e-06,1.116275935801639497e-22,-9.760898358216643089e+00,8.999999999999998579e+01,-1.842375968593943734e-06,0.000000000000000000e+00,2.558332872076199750e-19,-5.072874451308433119e-03,-8.226454100516957491e-27
6.769500000461903255e+03,0.000000000000000000e+00,6.153268973353980265e+00,1.000000121423974633e+03,1.012018854873691964e+02,6.196828256489179744e-15,0.000000000000000000e+00,-1.271162391617051061e-05,-7.588703985910456646e-22,-9.760896798726585999e+00,8.999999999999998579e+01,-1.868573588708739468e-06,1.895758319773387158e-22,2.558332872076199750e-19,-5.073757360996026394e-03,-8.343429963799422941e-27
6.779500000463630386e+03,0.000000000000000000e+00,6.162358668271866513e+00,1.000000121493823826e+03,1.012018855001625610e+02,6.196828257272547022e-15,-4.235164641446529682e-22,-1.052055385940092286e-05,-6.228112388576600606e-22,-9.761014101507250018e+00,8.999999999999998579e+01,-2.050191851285811000e-06,0.000000000000000000e+00,2.558332872076199750e-19,-5.007346005461375468e-03,-9.154379697390532119e-27
6.789500000465358426e+03,0.000000000000000000e+00,6.171448363189798947e+00,1.000000121558085084e+03,1.012018855005241846e+02,6.196828257294691136e-15,4.235164736271501695e-22,-4.975684059939487808e-06,-2.852917132517025932e-22,-9.760897577067639830e+00,8.999999999999998579e+01,-1.857929644331586711e-06,0.000000000000000000e+00,2.558332872076199750e-19,-5.073316698944245820e-03,-8.295903334403618422e-27
6.799500000467085556e+03,0.000000000000000000e+00,6.180538058107489796e+00,1.000000121620483696e+03,1.012018854437303759e+02,6.196828253817073566e-15,4.235164736271501695e-22,-1.918492664993171539e-05,-1.155699413408143865e-21,-9.760896009670769757e+00,8.999999999999998579e+01,-1.825095814395086197e-06,0.000000000000000000e+00,2.558332872076199750e-19,-5.074204091412061642e-03,-8.149295910337540596e-27
6.809500000468813596e+03,0.000000000000000000e+00,6.189627753023538403e+00,1.000000121667049825e+03,1.012018854571506665e+02,6.196828254638829182e-15,4.235164561754380584e-22,-1.356796523752494057e-05,-8.146676413175056452e-22,-9.760779485530706623e+00,8.999999999999998579e+01,-1.546351780141537218e-06,0.000000000000000000e+00,2.558332872076200231e-19,-5.140174614173698836e-03,-6.904666669255026214e-27
6.819500000470541636e+03,0.000000000000000000e+00,6.198717447939628755e+00,1.000000121712684631e+03,1.012018854637464500e+02,6.196828255042704667e-15,4.982639355099251220e-26,-1.960790979007603991e-05,-1.183013241393507236e-21,-9.760837341148315360e+00,8.999999999999998579e+01,-1.689595558853780487e-06,0.000000000000000000e+00,2.558332872076200231e-19,-5.107419465951394850e-03,-7.544269220986198731e-27
6.829500000472269676e+03,0.000000000000000000e+00,6.207807142855782168e+00,1.000000121753662825e+03,1.012018854135087338e+02,6.196828251966529734e-15,1.180687059715497024e-29,1.864524429386060100e-05,1.162481770497322099e-21,-9.760958587925360419e+00,8.999999999999998579e+01,-1.992967945066083282e-06,0.000000000000000000e+00,2.558332872076199750e-19,-5.038775208445278077e-03,-8.898867334011116262e-27
6.839500000473996806e+03,0.000000000000000000e+00,6.216896837771969331e+00,1.000000121797434986e+03,1.012018854409030126e+02,6.196828253643946208e-15,4.235164736271501695e-22,2.596072861688041191e-06,1.775885695990957333e-22,-9.760839708538313175e+00,8.999999999999998579e+01,-1.785449744734551116e-06,0.000000000000000000e+00,2.558332872076200231e-19,-5.106079161467977356e-03,-7.972270928527128789e-27
6.849500000475724846e+03,0.000000000000000000e+00,6.225986532688198238e+00,1.000000121842138469e+03,1.012018854655416789e+02,6.196828255152630067e-15,4.235164616468923710e-22,-2.550154516471640993e-06,-1.366682228489931002e-22,-9.760956226770431954e+00,8.999999999999998579e+01,-1.867749199449056832e-06,0.000000000000000000e+00,2.558332872076199750e-19,-5.040111979882471067e-03,-8.339748955947962229e-27
6.859500000477451977e+03,0.000000000000000000e+00,6.235076227604492871e+00,1.000000121882185340e+03,1.012018854407407673e+02,6.196828253634012871e-15,5.055822770849778858e-26,-3.215487509651535909e-06,-1.776426306185065514e-22,-9.760897573251400061e+00,8.999999999999998579e+01,-1.845250117770381479e-06,0.000000000000000000e+00,2.558332872076199750e-19,-5.073318864356889286e-03,-8.239287559420595975e-27
6.869500000479180017e+03,0.000000000000000000e+00,6.244165922520813261e+00,1.000000121925957501e+03,1.012018854242784016e+02,6.196828252625983529e-15,1.823199910019226017e-29,1.062108907539797601e-05,6.682396218936905281e-22,-9.760840501479357556e+00,8.999999999999998579e+01,-1.714570232351350618e-06,0.000000000000000000e+00,2.558332872076200231e-19,-5.105630236299948249e-03,-7.655784464728742093e-27
6.879500000480908056e+03,0.000000000000000000e+00,6.253255617437158520e+00,1.000000121979974210e+03,1.012018855175014096e+02,6.196828258334244937e-15,0.000000000000000000e+00,-2.354606459530968982e-05,-1.420916612930565946e-21,-9.760953848309085856e+00,8.999999999999998579e+01,-2.000080552767421053e-06,0.000000000000000000e+00,2.558332872076199750e-19,-5.041458549320258949e-03,-8.930626074782519433e-27
6.889500000482635187e+03,0.000000000000000000e+00,6.262345312353570392e+00,1.000000122025608903e+03,1.012018855359139593e+02,6.196828259461688887e-15,-4.235164551312868636e-22,-2.242952975639655804e-05,-1.352023336960007694e-21,-9.761012498640710078e+00,8.999999999999998579e+01,-2.050418675028303153e-06,0.000000000000000000e+00,2.558332872076199750e-19,-5.008253469827978442e-03,-9.155392495613220399e-27
6.899500000484363227e+03,0.000000000000000000e+00,6.271435007270043549e+00,1.000000122067518532e+03,1.012018854538879538e+02,6.196828254439044636e-15,4.235164736271501695e-22,1.139738242677945403e-05,7.159849545678194916e-22,-9.760840506121764903e+00,8.999999999999998579e+01,-1.734804608676266324e-06,0.000000000000000000e+00,2.558332872076200231e-19,-5.105627604993557590e-03,-7.746133650197404414e-27
6.909500000486091267e+03,0.000000000000000000e+00,6.280524702186550456e+00,1.000000122112222016e+03,1.012018854528582068e+02,6.196828254375991773e-15,4.235164736271501695e-22,-2.824870747917488856e-06,-1.538019556080996784e-22,-9.760838916804482679e+00,8.999999999999998579e+01,-1.837861239376475773e-06,0.000000000000000000e+00,2.558332872076199750e-19,-5.106527402724350857e-03,-8.206295233208183030e-27
6.919500000487818397e+03,0.000000000000000000e+00,6.289614397103108878e+00,1.000000122153200209e+03,1.012018854311608322e+02,6.196828253047411169e-15,4.235164358366522006e-22,6.378371959256611409e-06,4.097115964390559572e-22,-9.760957022351298917e+00,8.999999999999998579e+01,-1.835659347551736167e-06,0.000000000000000000e+00,2.558332872076199750e-19,-5.039661561448888216e-03,-8.196463492923191364e-27
6.929500000489546437e+03,0.000000000000000000e+00,6.298704092019707268e+00,1.000000122203491628e+03,1.012018854210122498e+02,6.196828252425988357e-15,4.235164355684520678e-22,2.412733882804223395e-05,1.493999358929099623e-21,-9.760666145506245783e+00,8.999999999999998579e+01,-1.593854495291018599e-06,0.000000000000000000e+00,2.558332872076200231e-19,-5.204342441829750560e-03,-7.116772619662840190e-27
6.939500000491273568e+03,0.000000000000000000e+00,6.307793786936348290e+00,1.000000122246332467e+03,1.012018854633343778e+02,6.196828255017471373e-15,8.470329089265957154e-22,-2.034108223204246332e-06,-1.060564198423348792e-22,-9.760838915792167114e+00,8.999999999999998579e+01,-1.773171998772846503e-06,0.000000000000000000e+00,2.558332872076200231e-19,-5.106527974626265572e-03,-7.917449157437234545e-27
6.949500000493001608e+03,0.000000000000000000e+00,6.316883481853036386e+00,1.000000122292898595e+03,1.012018854593198824e+02,6.196828254771655215e-15,4.235164543282497786e-22,-8.995343538530980651e-06,-5.328960692082050730e-22,-9.760838114983368285e+00,8.999999999999998579e+01,-1.716907759814498528e-06,0.000000000000000000e+00,2.558332872076200231e-19,-5.106981355697744716e-03,-7.666221836205618140e-27
6.959500000494729647e+03,0.000000000000000000e+00,6.325973176769772444e+00,1.000000122333876789e+03,1.012018854600765820e+02,6.196828254817989749e-15,5.238801679895352930e-26,-8.730005403564117662e-06,-5.169570016960847780e-22,-9.760838113623176326e+00,8.999999999999998579e+01,-1.687361828462988371e-06,0.000000000000000000e+00,2.558332872076200231e-19,-5.106982125624302121e-03,-7.534295317262949903e-27
6.969500000496456778e+03,0.000000000000000000e+00,6.335062871686512054e+00,1.000000122374854982e+03,1.012018854656365079e+02,6.196828255158436872e-15,1.957034727793001746e-29,-9.278011797267213758e-06,-5.505400425668329434e-22,-9.760779457237081402e+00,8.999999999999998579e+01,-1.684752275554454151e-06,0.000000000000000000e+00,2.558332872076200231e-19,-5.140190630521812923e-03,-7.522643315939187091e-27
6.979500000498184818e+03,0.000000000000000000e+00,6.344152566603337817e+00,1.000000122419558465e+03,1.012018854728144959e+02,6.196828255597961770e-15,1.970681752330179382e-29,-7.436390314184616635e-06,-4.361312669910833437e-22,-9.760896773475975507e+00,8.999999999999998579e+01,-1.842137806731681074e-06,0.000000000000000000e+00,2.558332872076199750e-19,-5.073771656117442852e-03,-8.225390676079277508e-27
6.989500000499912858e+03,0.000000000000000000e+00,6.353242261520205325e+00,1.000000122464261949e+03,1.012018854623034798e+02,6.196828254954347512e-15,4.235164537833882576e-22,-7.171897172671080709e-06,-4.207604757852394795e-22,-9.760896755402249880e+00,8.999999999999998579e+01,-1.763064986460058263e-06,1.895758319773386923e-22,2.558332872076200231e-19,-5.073781889490630755e-03,-7.872320001227079211e-27
6.999500000501639988e+03,0.000000000000000000e+00,6.362331956437127900e+00,1.000000122505240142e+03,1.012018855113164051e+02,6.196828257955523072e-15,4.235164736271501695e-22,-3.585876252220558235e-05,-2.176513417133148081e-21,-9.760893538874201525e+00,8.999999999999998579e+01,-1.840816202357329666e-06,0.000000000000000000e+00,2.558332872076199750e-19,-5.075602933862234309e-03,-8.219489536512773740e-27
7.009500000503368028e+03,0.000000000000000000e+00,6.371421651354095772e+00,1.000000122545287013e+03,1.012018854815283788e+02,6.196828256131533875e-15,4.235164736271501695e-22,5.515470832449341273e-07,5.274800772022765593e-23,-9.760897570441526838e+00,8.999999999999998579e+01,-1.819044625959390237e-06,0.000000000000000000e+00,2.558332872076199750e-19,-5.073320450156246567e-03,-8.122276547966121832e-27
7.019500000505096068e+03,0.000000000000000000e+00,6.380511346271109829e+00,1.000000122588127851e+03,1.012018854276560518e+02,6.196828252832804715e-15,4.051473377906001151e-29,8.031890905306631498e-06,5.108719819043739162e-22,-9.760898379194239638e+00,8.999999999999998579e+01,-1.827194840393685852e-06,0.000000000000000000e+00,2.558332872076199750e-19,-5.072862576740042907e-03,-8.158668341007295059e-27
7.029500000506823199e+03,0.000000000000000000e+00,6.389601041188170072e+00,1.000000122632831335e+03,1.012018854105836709e+02,6.196828251787422810e-15,0.000000000000000000e+00,1.477723547745232702e-05,9.228807275618187068e-22,-9.760840527180707937e+00,8.999999999999998579e+01,-1.729001202789536566e-06,0.000000000000000000e+00,2.558332872076200231e-19,-5.105615685262682515e-03,-7.720220669911253441e-27
7.039500000508551238e+03,0.000000000000000000e+00,6.398690736105280052e+00,1.000000122676603496e+03,1.012018854850921343e+02,6.196828256349750945e-15,2.053544889464389124e-29,-7.385528388396806046e-06,-4.349814197448533306e-22,-9.760779448296181826e+00,8.999999999999998579e+01,-1.653829823503476834e-06,0.000000000000000000e+00,2.558332872076200231e-19,-5.140195690051473608e-03,-7.384570448723630855e-27
7.049500000510278369e+03,0.000000000000000000e+00,6.407780431022427337e+00,1.000000122721306980e+03,1.012018854977792159e+02,6.196828257126609332e-15,-4.235164598434145195e-22,-2.593092988217325293e-05,-1.566848215753281261e-21,-9.761011635294572386e+00,8.999999999999998579e+01,-2.009585822287127462e-06,0.000000000000000000e+00,2.558332872076199750e-19,-5.008742258440275312e-03,-8.973068369270645674e-27
7.059500000512006409e+03,0.000000000000000000e+00,6.416870125939604819e+00,1.000000122764147818e+03,1.012018854432856614e+02,6.196828253789842088e-15,4.235164736271501695e-22,1.483081715975549287e-05,9.262313041879196935e-22,-9.760781885652683343e+00,8.999999999999998579e+01,-1.735688049010098661e-06,0.000000000000000000e+00,2.558332872076200231e-19,-5.138815775522264165e-03,-7.750078328960428540e-27
7.069500000513734449e+03,0.000000000000000000e+00,6.425959820856832927e+00,1.000000122813507915e+03,1.012018855006269575e+02,6.196828257300983091e-15,4.235164526709870615e-22,-1.169886090188475245e-05,-6.967148654346638766e-22,-9.760954599612869487e+00,8.999999999999998579e+01,-1.882144723245393569e-06,0.000000000000000000e+00,2.558332872076199750e-19,-5.041033195895910056e-03,-8.404026887153200720e-27
7.079500000515461579e+03,0.000000000000000000e+00,6.435049515774132090e+00,1.000000122856348753e+03,1.012018854529206351e+02,6.196828254379813804e-15,8.470329050597013479e-22,1.606470147509499142e-05,1.002453381102876320e-21,-9.760840546923413186e+00,8.999999999999998579e+01,-1.799758055155288988e-06,0.000000000000000000e+00,2.558332872076200231e-19,-5.105604503544456697e-03,-8.036159440393666608e-27
7.089500000517189619e+03,0.000000000000000000e+00,6.444139210691457897e+00,1.000000122901052237e+03,1.012018854651339268e+02,6.196828255127661831e-15,-2.123898418042503953e-29,9.778664388225071118e-06,6.183420566695319864e-22,-9.760898389424049526e+00,8.999999999999998579e+01,-1.876192115360183837e-06,0.000000000000000000e+00,2.558332872076199750e-19,-5.072856781064715229e-03,-8.377447700070430821e-27
7.099500000518917659e+03,0.000000000000000000e+00,6.453228905608827226e+00,1.000000122949481124e+03,1.012018854878020591e+02,6.196828256515685470e-15,4.235164593727466285e-22,1.449183835833130541e-06,1.066464435195780088e-22,-9.760780260070379910e+00,8.999999999999998579e+01,-1.716873728562209031e-06,0.000000000000000000e+00,2.558332872076200231e-19,-5.139736100361596421e-03,-7.666069882131246882e-27
7.109500000520644790e+03,0.000000000000000000e+00,6.462318600526249845e+00,1.000000122991390526e+03,1.012018854547585107e+02,6.196828254492351912e-15,4.235164951508509310e-22,2.397715882966254684e-06,1.648035705113588783e-22,-9.760838917085626676e+00,8.999999999999998579e+01,-1.724200249078437472e-06,0.000000000000000000e+00,2.558332872076200231e-19,-5.106527241652829285e-03,-7.698783772113892531e-27
7.119500000522372829e+03,0.000000000000000000e+00,6.471408295443724867e+00,1.000000123035162687e+03,1.012018854266525096e+02,6.196828252771354817e-15,0.000000000000000000e+00,2.654750851902069855e-06,1.809358871938605660e-22,-9.760838910248324396e+00,8.999999999999998579e+01,-1.761908160781194322e-06,0.000000000000000000e+00,2.558332872076200231e-19,-5.106531115104985530e-03,-7.867154620484116510e-27
7.129500000524099960e+03,0.000000000000000000e+00,6.480497990361236305e+00,1.000000123078003526e+03,1.012018854902661786e+02,6.196828256666569318e-15,2.181031286862616284e-29,-1.812747938783568986e-05,-1.090954284999132835e-21,-9.760895118899233225e+00,8.999999999999998579e+01,-1.824631827866843153e-06,0.000000000000000000e+00,2.558332872076199750e-19,-5.074708397801859852e-03,-8.147224148686873416e-27
7.139500000525828000e+03,0.000000000000000000e+00,6.489587685278797480e+00,1.000000123120844364e+03,1.012018854484021375e+02,6.196828254103136619e-15,0.000000000000000000e+00,1.764800136531132784e-05,1.097944034977338330e-21,-9.760840563250459567e+00,8.999999999999998579e+01,-1.659940414208541251e-06,-9.478791598866934614e-23,2.558332872076200231e-19,-5.105595259828928437e-03,-7.411855050140044660e-27
7.149500000527556040e+03,0.000000000000000000e+00,6.498677380196399511e+00,1.000000123163685203e+03,1.012018854641087984e+02,6.196828255064891380e-15,2.209889667592629012e-29,-3.160354570822285193e-06,-1.748619265374333681e-22,-9.760896752758744910e+00,8.999999999999998579e+01,-1.788237654226962998e-06,0.000000000000000000e+00,2.558332872076200231e-19,-5.073783384589636292e-03,-7.984719315754637373e-27
7.159500000529284080e+03,0.000000000000000000e+00,6.507767075114046840e+00,1.000000123208388686e+03,1.012018854873877274e+02,6.196828256490314915e-15,4.235164736271501695e-22,-3.545854265903456582e-06,-1.981880011709721765e-22,-9.760838095092321254e+00,8.999999999999998579e+01,-1.814995332418967266e-06,0.000000000000000000e+00,2.558332872076199750e-19,-5.106992612703012760e-03,-8.104195912950442837e-27
7.169500000531011210e+03,0.000000000000000000e+00,6.516856770031742130e+00,1.000000123249366766e+03,1.012018854578255684e+02,6.196828254680153661e-15,4.235164512378498336e-22,-2.049646918166162007e-06,-1.059252275498008724e-22,-9.760955409271659278e+00,8.999999999999998579e+01,-1.876939704350174017e-06,0.000000000000000000e+00,2.558332872076199750e-19,-5.040574807722508592e-03,-8.380785784488078752e-27
7.179500000532739250e+03,0.000000000000000000e+00,6.525946464949479164e+00,1.000000123294070363e+03,1.012018855224876575e+02,6.196828258639566451e-15,2.253525139603810871e-29,-1.687250026337614491e-05,-1.014029758871869229e-21,-9.760895098132928993e+00,8.999999999999998579e+01,-1.832225900916339876e-06,0.000000000000000000e+00,2.558332872076199750e-19,-5.074720151345266626e-03,-8.181132696368014063e-27
7.189500000534466380e+03,0.000000000000000000e+00,6.535036159867304129e+00,1.000000123336911201e+03,1.012018855053753725e+02,6.196828257591740654e-15,4.235164282639513307e-22,-3.371767686797981210e-06,-1.874228660094504508e-22,-9.760779436206284743e+00,8.999999999999998579e+01,-1.825076216384674103e-06,0.000000000000000000e+00,2.558332872076199750e-19,-5.140202531609250509e-03,-8.149208402610637166e-27
7.199500000536194420e+03,0.000000000000000000e+00,6.544125854785127316e+00,1.000000123379752040e+03,1.012018855487140456e+02,6.196828260245468740e-15,-4.235164584078111046e-22,-2.966273324187471692e-05,-1.795672563193359543e-21,-9.761010749320309543e+00,8.999999999999998579e+01,-1.979169391844904004e-06,0.000000000000000000e+00,2.558332872076199750e-19,-5.009243850025592477e-03,-8.837254955939228521e-27
7.209500000537921551e+03,0.000000000000000000e+00,6.553215549702997578e+00,1.000000123423524201e+03,1.012018854838405986e+02,6.196828256273115475e-15,-4.235164506513561114e-22,-5.284026681843877802e-07,-1.107088974135784283e-23,-9.761014066207662765e+00,8.999999999999998579e+01,-2.040370778289505342e-06,0.000000000000000000e+00,2.558332872076199750e-19,-5.007365988221115782e-03,-9.110527298315007607e-27
7.219500000539649591e+03,0.000000000000000000e+00,6.562305244620910472e+00,1.000000123466365039e+03,1.012018854575471636e+02,6.196828254663107166e-15,2.312364115811006758e-29,5.811500257663103712e-06,3.753239921578805155e-22,-9.760897582092132652e+00,8.999999999999998579e+01,-1.866663817344102254e-06,0.000000000000000000e+00,2.558332872076199750e-19,-5.073313854522555448e-03,-8.334902580278644006e-27
7.229500000541377631e+03,0.000000000000000000e+00,6.571394939538863333e+00,1.000000123513862491e+03,1.012018855206600279e+02,6.196828258527656276e-15,4.654392476023094134e-29,-1.561977749150972889e-05,-9.371056003183392475e-22,-9.760895085713428898e+00,8.999999999999998579e+01,-1.853029370819835045e-06,0.000000000000000000e+00,2.558332872076199750e-19,-5.074727182425879321e-03,-8.274022960467146805e-27
7.239500000543105671e+03,0.000000000000000000e+00,6.580484634456665205e+00,1.000000123556703329e+03,1.012018855020712920e+02,6.196828257389423076e-15,0.000000000000000000e+00,-1.537280823281381381e-05,-9.217211230628141488e-22,-9.760895082884273322e+00,8.999999999999998579e+01,-1.878142822856149961e-06,0.000000000000000000e+00,2.558332872076199750e-19,-5.074728785776366422e-03,-8.386157868870205571e-27
7.249500000544832801e+03,0.000000000000000000e+00,6.589574329372741346e+00,1.000000123576261103e+03,1.012018854329178765e+02,6.196828253154997597e-15,4.235164264872531683e-22,1.993358142096023634e-05,1.239434964472881737e-21,-9.760781938963384974e+00,8.999999999999998579e+01,-1.807534955081300460e-06,0.000000000000000000e+00,2.558332872076200231e-19,-5.138785592835014467e-03,-8.070884334430616725e-27
7.259500000546560841e+03,0.000000000000000000e+00,6.598664024288865448e+00,1.000000123599544168e+03,1.012018854555184788e+02,6.196828254538885239e-15,4.235164499074582882e-22,-8.162074578189483878e-06,-4.813732978816236358e-22,-9.760837255914289301e+00,8.999999999999998579e+01,-1.764828133986334621e-06,1.895758319773386923e-22,2.558332872076200231e-19,-5.107467718511277469e-03,-7.880192689779581212e-27
7.269500000548287971e+03,0.000000000000000000e+00,6.607753719205031295e+00,1.000000123616307974e+03,1.012018854274643047e+02,6.196828252821064098e-15,0.000000000000000000e+00,5.517994396430643348e-06,3.548497839485363905e-22,-9.760721612698558758e+00,8.999999999999998579e+01,-1.626835411959251317e-06,0.000000000000000000e+00,2.558332872076200231e-19,-5.172939506590777670e-03,-7.264036805577758342e-27
7.279500000550016011e+03,0.000000000000000000e+00,6.616843414121250433e+00,1.000000123634934425e+03,1.012018854869800606e+02,6.196828256465352200e-15,4.235164496066286892e-22,-1.487177971090579580e-05,-8.920360910580477301e-22,-9.760836415095690555e+00,8.999999999999998579e+01,-1.782854277307395837e-06,0.000000000000000000e+00,2.558332872076200231e-19,-5.107943748016357394e-03,-7.960681820753875509e-27
7.289500000551744051e+03,0.000000000000000000e+00,6.625933109037506874e+00,1.000000123654492199e+03,1.012018854380791595e+02,6.196828253471036575e-15,0.000000000000000000e+00,8.546589395752164421e-07,7.160938476504629460e-23,-9.760955408742301387e+00,8.999999999999998579e+01,-1.847871793958318870e-06,0.000000000000000000e+00,2.558332872076199750e-19,-5.040575108412422532e-03,-8.250993692801693604e-27
7.299500000553471182e+03,0.000000000000000000e+00,6.635022803953824599e+00,1.000000123673118651e+03,1.012018854292429921e+02,6.196828252929977390e-15,2.432324656587050466e-29,-8.592700539657008582e-07,-3.647836348342852413e-23,-9.760720774962859281e+00,8.999999999999998579e+01,-1.546949111302459712e-06,0.000000000000000000e+00,2.558332872076200231e-19,-5.173413793391697796e-03,-6.907333832451845622e-27
7.309500000555199222e+03,0.000000000000000000e+00,6.644112498870173411e+00,1.000000123698264360e+03,1.012018854463781423e+02,6.196828253979201837e-15,4.235164736271501695e-22,3.595508205784269646e-07,4.089913853954897621e-23,-9.760838092039296754e+00,8.999999999999998579e+01,-1.810177082832490586e-06,0.000000000000000000e+00,2.558332872076200231e-19,-5.106994343947512949e-03,-8.082681786765743486e-27
7.319500000556927262e+03,0.000000000000000000e+00,6.653202193786570184e+00,1.000000123717822134e+03,1.012018854437377229e+02,6.196828253817523217e-15,2.462794758719833267e-29,8.323868177826956692e-06,5.289315136524820817e-22,-9.760897593806278749e+00,8.999999999999998579e+01,-1.844553065755041977e-06,0.000000000000000000e+00,2.558332872076199750e-19,-5.073307223255117508e-03,-8.236175129326190101e-27
7.329500000558654392e+03,0.000000000000000000e+00,6.662291888703009590e+00,1.000000123735517263e+03,1.012018854192305071e+02,6.196828252316888105e-15,8.470328729115145729e-22,2.209136000720949436e-05,1.371306667918819585e-21,-9.760781966021983891e+00,8.999999999999998579e+01,-1.783189715139127696e-06,0.000000000000000000e+00,2.558332872076200231e-19,-5.138770274419955479e-03,-7.962179595352197757e-27
7.339500000560382432e+03,0.000000000000000000e+00,6.671381583619515609e+00,1.000000123754143715e+03,1.012018853998291092e+02,6.196828251128895136e-15,4.235164486926860162e-22,1.513830946379652574e-05,9.452839096967113267e-22,-9.760781124307833068e+00,8.999999999999998579e+01,-1.757174476824781857e-06,0.000000000000000000e+00,2.558332872076200231e-19,-5.139246815666958547e-03,-7.846018091101628183e-27
7.349500000562109562e+03,0.000000000000000000e+00,6.680471278536063373e+00,1.000000123769976199e+03,1.012018854433767245e+02,6.196828253795417757e-15,8.470328719891223055e-22,2.308833758459811670e-05,1.432143181990038762e-21,-9.760840632079256451e+00,8.999999999999998579e+01,-1.762958511997231427e-06,0.000000000000000000e+00,2.558332872076200231e-19,-5.105556291307820557e-03,-7.871844578568376193e-27
7.359500000563837602e+03,0.000000000000000000e+00,6.689560973452646664e+00,1.000000123791396618e+03,1.012018854631763816e+02,6.196828255007796783e-15,4.235164567981706258e-22,1.661548910508041536e-06,1.205849227760823859e-22,-9.760838093080113964e+00,8.999999999999998579e+01,-1.806495306037361249e-06,0.000000000000000000e+00,2.558332872076200231e-19,-5.106993752932497375e-03,-8.066242162970287001e-27
7.369500000565565642e+03,0.000000000000000000e+00,6.698650668369282357e+00,1.000000123812817037e+03,1.012018854303614859e+02,6.196828252998463927e-15,0.000000000000000000e+00,9.570411425664622848e-06,6.057336714540251061e-22,-9.760897601157081382e+00,8.999999999999998579e+01,-1.889942023679344115e-06,0.000000000000000000e+00,2.558332872076199750e-19,-5.073303062586658439e-03,-8.438842872175403377e-27
7.379500000567292773e+03,0.000000000000000000e+00,6.707740363285950913e+00,1.000000123833306134e+03,1.012018854368052843e+02,6.196828253393033220e-15,0.000000000000000000e+00,1.788584683099713287e-06,1.263059330782110292e-22,-9.760779434701023050e+00,8.999999999999998579e+01,-1.609247358558839343e-06,0.000000000000000000e+00,2.558332872076200231e-19,-5.140203389072090824e-03,-7.185503804451851457e-27
7.389500000569020813e+03,0.000000000000000000e+00,6.716830058202662990e+00,1.000000123854726553e+03,1.012018854143595092e+02,6.196828252018626108e-15,4.235164736271501695e-22,9.675449412253733620e-06,6.108674299428002440e-22,-9.760838944983920129e+00,8.999999999999998579e+01,-1.765525697670333632e-06,0.000000000000000000e+00,2.558332872076200231e-19,-5.106511448869486061e-03,-7.883307404542705123e-27
7.399500000570748853e+03,0.000000000000000000e+00,6.725919753119428357e+00,1.000000123872421682e+03,1.012018854261062017e+02,6.196828252737903170e-15,-4.235164477616810427e-22,1.753748439114255484e-05,1.094271878236797430e-21,-9.760898458209050332e+00,8.999999999999998579e+01,-1.956632601066285864e-06,0.000000000000000000e+00,2.558332872076199750e-19,-5.072817839805217853e-03,-8.736625183257843189e-27
7.409500000572475983e+03,0.000000000000000000e+00,6.735009448036294089e+00,1.000000123890116811e+03,1.012018854190588399e+02,6.196828252306376534e-15,4.235164476049097810e-22,3.764762126675421934e-06,2.491782419088643482e-22,-9.760955413723355178e+00,8.999999999999998579e+01,-1.788130634916620550e-06,0.000000000000000000e+00,2.558332872076200231e-19,-5.040572289595477914e-03,-7.984241460279204106e-27
7.419500000574204023e+03,0.000000000000000000e+00,6.744099142953144721e+00,1.000000123910605907e+03,1.012018854444803111e+02,6.196828253862993160e-15,4.235164474475820403e-22,1.045214563504888555e-05,6.586581550306635953e-22,-9.760838950156704996e+00,8.999999999999998579e+01,-1.787746726483282628e-06,0.000000000000000000e+00,2.558332872076200231e-19,-5.106508517392896809e-03,-7.982527257988525192e-27
7.429500000575932063e+03,0.000000000000000000e+00,6.753188837870049532e+00,1.000000123931095004e+03,1.012018854462309321e+02,6.196828253970188312e-15,-6.098795778855548799e-26,3.099497072360482506e-06,2.088448684850329497e-22,-9.760779436884902793e+00,8.999999999999998579e+01,-1.826735109697381287e-06,0.000000000000000000e+00,2.558332872076199750e-19,-5.140202151568763582e-03,-8.156615582213102645e-27
7.439500000577659193e+03,0.000000000000000000e+00,6.762278532787000529e+00,1.000000123948790133e+03,1.012018854273149486e+02,6.196828252811918834e-15,-4.235164559630165902e-22,3.402660931238272372e-06,2.254569844910950429e-22,-9.760779437443378725e+00,8.999999999999998579e+01,-1.639648928007896012e-06,0.000000000000000000e+00,2.558332872076200231e-19,-5.140201837087771120e-03,-7.321250861469322227e-27
7.449500000579387233e+03,0.000000000000000000e+00,6.771368227703994158e+00,1.000000123973004520e+03,1.012018854395509067e+02,6.196828253561153678e-15,0.000000000000000000e+00,1.087628149194463427e-05,6.842789503194904990e-22,-9.760780295942634410e+00,8.999999999999998579e+01,-1.754201510376356481e-06,0.000000000000000000e+00,2.558332872076200231e-19,-5.139715793465065782e-03,-7.832743399916301447e-27
7.459500000581114364e+03,0.000000000000000000e+00,6.780457922621034861e+00,1.000000123993493617e+03,1.012018854296250510e+02,6.196828252953370271e-15,4.235164468136977460e-22,1.149480298730244452e-05,7.223797620921955969e-22,-9.760838957322704346e+00,8.999999999999998579e+01,-1.775980173484368582e-06,0.000000000000000000e+00,2.558332872076200231e-19,-5.106504461519000525e-03,-7.929988031567363269e-27
7.469500000582842404e+03,0.000000000000000000e+00,6.789547617538114643e+00,1.000000124015845358e+03,1.012018854538899433e+02,6.196828254439166909e-15,2.697315024647282741e-29,1.896995258470225427e-05,1.180707619539983882e-21,-9.760839819386715632e+00,8.999999999999998579e+01,-1.834165125046391323e-06,0.000000000000000000e+00,2.558332872076199750e-19,-5.106016398611000658e-03,-8.189791590409418347e-27
7.479500000584570444e+03,0.000000000000000000e+00,6.798637312455249493e+00,1.000000124030746520e+03,1.012018854834627888e+02,6.196828256249981340e-15,4.235164736271501695e-22,-1.624220041687643847e-05,-9.744053077627834323e-22,-9.760952835187925558e+00,8.999999999999998579e+01,-1.930926461480106923e-06,0.000000000000000000e+00,2.558332872076199750e-19,-5.042032130459213855e-03,-8.621843845999861288e-27
7.489500000586297574e+03,0.000000000000000000e+00,6.807727007372421646e+00,1.000000124049372971e+03,1.012018854907911134e+02,6.196828256698711456e-15,4.235164736271501695e-22,-2.322555719987999130e-05,-1.401963801127696576e-21,-9.760951970204986949e+00,8.999999999999998579e+01,-1.935603119462184090e-06,0.000000000000000000e+00,2.558332872076199750e-19,-5.042521842925911692e-03,-8.642725746811198632e-27
7.499500000588025614e+03,0.000000000000000000e+00,6.816816702289647978e+00,1.000000124066136777e+03,1.012018855046909778e+02,6.196828257549833997e-15,4.235164736271501695e-22,-1.605913847610321047e-05,-9.640770849415023367e-22,-9.760894170419240012e+00,8.999999999999998579e+01,-1.846474083335325446e-06,0.000000000000000000e+00,2.558332872076199750e-19,-5.075245379743917665e-03,-8.244752728697802657e-27
7.509500000589753654e+03,0.000000000000000000e+00,6.825906397206919607e+00,1.000000124084763229e+03,1.012018854371649184e+02,6.196828253415053483e-15,2.761659752104090850e-29,-1.349355314780053661e-06,-6.382160494943111217e-23,-9.760895897488028439e+00,8.999999999999998579e+01,-1.802476073323568518e-06,0.000000000000000000e+00,2.558332872076200231e-19,-5.074267599702879730e-03,-8.048295753549549166e-27
7.519500000591480784e+03,0.000000000000000000e+00,6.834996092124207223e+00,1.000000124102458358e+03,1.012018854038423825e+02,6.196828251374637141e-15,4.235164180699896999e-22,2.720389825529415489e-05,1.684493544153730399e-21,-9.760782041233456496e+00,8.999999999999998579e+01,-1.796037698452215639e-06,0.000000000000000000e+00,2.558332872076200231e-19,-5.138727693779018661e-03,-8.019547552170474805e-27
7.529500000593208824e+03,0.000000000000000000e+00,6.844085787041564117e+00,1.000000124122947454e+03,1.012018854914405352e+02,6.196828256738477934e-15,8.374767375231431306e-26,-1.530066202607968377e-05,-9.178946692472090948e-22,-9.760894154556515545e+00,8.999999999999998579e+01,-1.821454898192336752e-06,0.000000000000000000e+00,2.558332872076199750e-19,-5.075254361563019505e-03,-8.133038734529606791e-27
7.539500000594935955e+03,0.000000000000000000e+00,6.853175481958968973e+00,1.000000124143436551e+03,1.012018854699339130e+02,6.196828255421576416e-15,4.235164455230977188e-22,-8.684057017711103680e-07,-3.479592144066976299e-23,-9.760837237189299742e+00,8.999999999999998579e+01,-1.761851629647801901e-06,0.000000000000000000e+00,2.558332872076200231e-19,-5.107478317183878486e-03,-7.866902201443688619e-27
7.549500000596663995e+03,0.000000000000000000e+00,6.862265176876405803e+00,1.000000124166719615e+03,1.012018854526813669e+02,6.196828254365163079e-15,0.000000000000000000e+00,-3.593727558687461167e-07,-2.443385804061008210e-24,-9.760895897142788158e+00,8.999999999999998579e+01,-1.875262187426451036e-06,0.000000000000000000e+00,2.558332872076199750e-19,-5.074267793562669063e-03,-8.373295447981802086e-27
7.559500000598392035e+03,0.000000000000000000e+00,6.871354871793907471e+00,1.000000124184414744e+03,1.012018854439829028e+02,6.196828253832536029e-15,6.336669778170892941e-26,1.386149313280976545e-05,8.657806466907569743e-22,-9.760780318030123581e+00,8.999999999999998579e+01,-1.630555868188887398e-06,0.000000000000000000e+00,2.558332872076200231e-19,-5.139703287669266686e-03,-7.280649138200313116e-27
7.569500000600120075e+03,0.000000000000000000e+00,6.880444566711445553e+00,1.000000124207697809e+03,1.012018854644216788e+02,6.196828255084049655e-15,-4.235164545627103083e-22,8.081193457197287635e-06,5.166193700808707058e-22,-9.761072749172038598e+00,8.999999999999998579e+01,-2.088724821056981332e-06,1.895758319773387158e-22,2.558332872076199750e-19,-4.974142435514212340e-03,-9.326434539932283119e-27
7.579500000601847205e+03,0.000000000000000000e+00,6.889534261629041367e+00,1.000000124218873680e+03,1.012018855242215665e+02,6.196828258745736874e-15,4.235164448663800581e-22,-1.381963522954057346e-05,-8.261636321936259900e-22,-9.760952811852776634e+00,8.999999999999998579e+01,-1.921564565076550654e-06,0.000000000000000000e+00,2.558332872076199750e-19,-5.042045337604574712e-03,-8.580041731572354576e-27
7.589500000603575245e+03,0.000000000000000000e+00,6.898623956546660274e+00,1.000000124243088067e+03,1.012018854737729896e+02,6.196828255656652232e-15,2.892615626633938334e-29,7.880671812369441487e-06,5.013642155742272747e-22,-9.760896771373881009e+00,8.999999999999998579e+01,-1.803394083771152128e-06,0.000000000000000000e+00,2.558332872076200231e-19,-5.073772842408987016e-03,-8.052394792475140183e-27
7.599500000605302375e+03,0.000000000000000000e+00,6.907713651464336913e+00,1.000000124258920550e+03,1.012018854575618860e+02,6.196828254664008834e-15,2.909192912420956935e-29,7.922643171463106130e-06,5.031119524006891254e-22,-9.760838112736815120e+00,8.999999999999998579e+01,-1.724599429698971500e-06,0.000000000000000000e+00,2.558332872076200231e-19,-5.106982623696259063e-03,-7.700566166754628169e-27
7.609500000607030415e+03,0.000000000000000000e+00,6.916803346382052631e+00,1.000000124283134937e+03,1.012018855036724290e+02,6.196828257487465865e-15,4.235164736271501695e-22,-2.051154873478725445e-05,-1.237024411598126666e-21,-9.760893269891102619e+00,8.999999999999998579e+01,-1.816197944335553826e-06,0.000000000000000000e+00,2.558332872076199750e-19,-5.075755216576129797e-03,-8.109565735343471133e-27
7.619500000608757546e+03,0.000000000000000000e+00,6.925893041299826969e+00,1.000000124290585518e+03,1.012018854397129246e+02,6.196828253571074393e-15,0.000000000000000000e+00,9.015075725178719101e-06,5.724344030297557424e-22,-9.761014096021908060e+00,8.999999999999998579e+01,-1.957524853239439006e-06,0.000000000000000000e+00,2.558332872076199750e-19,-5.007349110967483814e-03,-8.740609208057150705e-27
7.629500000610485586e+03,0.000000000000000000e+00,6.934982736217667032e+00,1.000000124319456518e+03,1.012018854414043290e+02,6.196828253674643152e-15,4.235164440348844900e-22,1.572933958112912744e-05,9.812778098357676565e-22,-9.760780334776198330e+00,8.999999999999998579e+01,-1.738379160889146105e-06,0.000000000000000000e+00,2.558332872076200231e-19,-5.139693806754421813e-03,-7.762094501951022607e-27
7.639500000612213626e+03,0.000000000000000000e+00,6.944072431135521306e+00,1.000000124340876937e+03,1.012018854758504602e+02,6.196828255783861575e-15,4.235164141071063916e-22,8.761410989305355837e-06,5.555202927865299583e-22,-9.760779457672967396e+00,8.999999999999998579e+01,-1.825123292877171125e-06,0.000000000000000000e+00,2.558332872076199750e-19,-5.140190378680675569e-03,-8.149418605420130584e-27
7.649500000613941666e+03,0.000000000000000000e+00,6.953162126053427095e+00,1.000000124350190163e+03,1.012018854305580646e+02,6.196828253010501945e-15,0.000000000000000000e+00,8.877625320518318813e-06,5.612761605948971775e-22,-9.760720798771655993e+00,8.999999999999998579e+01,-1.694639463386749259e-06,0.000000000000000000e+00,2.558332872076200231e-19,-5.173400312277380043e-03,-7.566790926563763595e-27
7.659500000615668796e+03,0.000000000000000000e+00,6.962251820971365746e+00,1.000000124370679259e+03,1.012018854471310334e+02,6.196828254025302868e-15,0.000000000000000000e+00,2.405316614924889245e-06,1.667750708956805551e-22,-9.760895899757391803e+00,8.999999999999998579e+01,-1.868545380746272935e-06,0.000000000000000000e+00,2.558332872076199750e-19,-5.074266313349618841e-03,-8.343304011489767160e-27
7.669500000617396836e+03,0.000000000000000000e+00,6.971341515889362128e+00,1.000000124380923808e+03,1.012018854705605264e+02,6.196828255459946610e-15,0.000000000000000000e+00,-4.558520256944232791e-06,-2.601469779327258171e-22,-9.760895016828532889e+00,8.999999999999998579e+01,-1.819672606206828576e-06,0.000000000000000000e+00,2.558332872076199750e-19,-5.074766184507241602e-03,-8.125080563416631537e-27
7.679500000619123966e+03,0.000000000000000000e+00,6.980431210807375386e+00,1.000000124396756291e+03,1.012018854128187826e+02,6.196828251924283866e-15,0.000000000000000000e+00,2.443276353451592962e-05,1.515060186487742053e-21,-9.760839892736331791e+00,8.999999999999998579e+01,-1.819964783946307100e-06,0.000000000000000000e+00,2.558332872076199750e-19,-5.105974874386070596e-03,-8.126385175940887317e-27
7.689500000620852006e+03,0.000000000000000000e+00,6.989520905723479949e+00,1.000000124393962324e+03,1.012018854189318517e+02,6.196828252298601521e-15,4.235164532227988103e-22,3.183180728570381657e-06,2.129264969127142107e-22,-9.760895900954713156e+00,8.999999999999998579e+01,-1.726775419196440506e-06,0.000000000000000000e+00,2.558332872076200231e-19,-5.074265637994308971e-03,-7.710282249698218619e-27
7.699500000622580046e+03,0.000000000000000000e+00,6.998610600639628920e+00,1.000000124393962324e+03,1.012018854300146700e+02,6.196828252977227792e-15,8.470329164779647482e-22,1.064040614893919911e-05,6.704185190245536944e-22,-9.760896788074896691e+00,8.999999999999998579e+01,-1.810038653099544329e-06,0.000000000000000000e+00,2.558332872076200231e-19,-5.073763390712263989e-03,-8.082063679569580542e-27
7.709500000624307177e+03,0.000000000000000000e+00,7.007700295555708614e+00,1.000000124493613839e+03,1.012018854182900611e+02,6.196828252259302837e-15,4.235164736271501695e-22,1.089203940201951613e-05,6.857875969658990328e-22,-9.760896789827473441e+00,8.999999999999998579e+01,-1.806306494208036606e-06,0.000000000000000000e+00,2.558332872076200231e-19,-5.073762399375675650e-03,-8.065399093002998966e-27
7.719500000626035217e+03,0.000000000000000000e+00,7.016789990472427796e+00,1.000000124057754874e+03,1.012018853836849956e+02,6.196828250140354603e-15,4.235164425082820606e-22,2.560139336254595388e-05,1.585531609620569700e-21,-9.760898569296841742e+00,8.999999999999998579e+01,-1.715789265186428214e-06,0.000000000000000000e+00,2.558332872076200231e-19,-5.072754950360525150e-03,-7.661227608710063669e-27
7.729500000627763256e+03,0.000000000000000000e+00,7.025879685388632723e+00,1.000000124126672745e+03,1.012018854408558184e+02,6.196828253641056610e-15,4.235164110453690896e-22,3.971381421406672426e-06,2.619157308253822159e-22,-9.760778582391614222e+00,8.999999999999998579e+01,-1.796379184964012804e-06,0.000000000000000000e+00,2.558332872076200231e-19,-5.140685925868464234e-03,-8.021072334930959082e-27
7.739500000629490387e+03,0.000000000000000000e+00,7.034969380304947784e+00,1.000000124147161841e+03,1.012018854751425465e+02,6.196828255740512880e-15,0.000000000000000000e+00,-1.705267384967898301e-05,-1.025495774698356837e-21,-9.761010551411365199e+00,8.999999999999998579e+01,-1.790592516573565624e-06,0.000000000000000000e+00,2.558332872076200231e-19,-5.009355901748313231e-03,-7.995234089795111418e-27
7.749500000631218427e+03,0.000000000000000000e+00,7.044059075221344557e+00,1.000000124132260680e+03,1.012018854572632023e+02,6.196828254645719093e-15,3.163626651287884308e-29,-2.550766268499446868e-06,-1.370614272669374932e-22,-9.760895012719871033e+00,8.999999999999998579e+01,-1.833676085932576795e-06,0.000000000000000000e+00,2.558332872076199750e-19,-5.074768512220675064e-03,-8.187607965627216156e-27
7.759500000632945557e+03,0.000000000000000000e+00,7.053148770137784851e+00,1.000000124120153487e+03,1.012018854453158099e+02,6.196828253914151578e-15,8.470329295815437093e-22,-2.291859702024060567e-06,-1.216755720993064847e-22,-9.760895012372772683e+00,8.999999999999998579e+01,-1.788850492841773844e-06,0.000000000000000000e+00,2.558332872076200231e-19,-5.074768709835465914e-03,-7.987455721798630774e-27
7.769500000634673597e+03,0.000000000000000000e+00,7.062238465054242020e+00,1.000000124117359519e+03,1.012018854964804575e+02,6.196828257047083475e-15,4.235164416436123022e-22,-1.643986789249685251e-05,-9.866435059647183411e-22,-9.760951883570289311e+00,8.999999999999998579e+01,-1.918027735464629778e-06,0.000000000000000000e+00,2.558332872076199750e-19,-5.042570890574905179e-03,-8.564249316256589926e-27
7.779500000636401637e+03,0.000000000000000000e+00,7.071328159970773797e+00,1.000000124101527035e+03,1.012018854671466812e+02,6.196828255250907936e-15,0.000000000000000000e+00,-2.340372854696326965e-05,-1.413943805535539307e-21,-9.760950985317682793e+00,8.999999999999998579e+01,-1.833015282489441283e-06,0.000000000000000000e+00,2.558332872076199750e-19,-5.043079442174366357e-03,-8.184657390235937863e-27
7.789500000638129677e+03,0.000000000000000000e+00,7.080417854887335771e+00,1.000000124098733068e+03,1.012018854436042830e+02,6.196828253809352196e-15,6.757538466787117241e-26,5.658610265832999927e-06,3.638147535551295417e-22,-9.760837233684142689e+00,8.999999999999998579e+01,-1.660821992503541173e-06,1.895758319773386923e-22,2.558332872076200231e-19,-5.107480303894977071e-03,-7.415791414651658918e-27
7.799500000639856808e+03,0.000000000000000000e+00,7.089507549803950148e+00,1.000000124088488519e+03,1.012018854254837663e+02,6.196828252699790933e-15,0.000000000000000000e+00,2.028587918613098827e-05,1.259544676204749315e-21,-9.760721723545382034e+00,8.999999999999998579e+01,-1.667362331967837165e-06,0.000000000000000000e+00,2.558332872076200231e-19,-5.172876749075538440e-03,-7.444994901519702006e-27
7.809500000641584847e+03,0.000000000000000000e+00,7.098597244720613375e+00,1.000000124081969261e+03,1.012018854419262652e+02,6.196828253706603852e-15,4.235164082594311623e-22,2.055599135526140652e-05,1.276612325130656929e-21,-9.760721726845773105e+00,8.999999999999998579e+01,-1.717983698688761085e-06,0.000000000000000000e+00,2.558332872076200231e-19,-5.172874879027788107e-03,-7.671026046592076580e-27
7.819500000643311978e+03,0.000000000000000000e+00,7.107686939637317458e+00,1.000000124071724713e+03,1.012018854928979010e+02,6.196828256827715457e-15,-3.286005517315512419e-29,-1.521563014295658388e-05,-9.113912631203968369e-22,-9.761010531898278941e+00,8.999999999999998579e+01,-1.945749192635160358e-06,0.000000000000000000e+00,2.558332872076199750e-19,-5.009366947604280106e-03,-8.688029314964923290e-27
7.829500000645040018e+03,0.000000000000000000e+00,7.116776634554069503e+00,1.000000124061480165e+03,1.012018855209234687e+02,6.196828258543786115e-15,4.235164405903325944e-22,-2.219861074213258750e-05,-1.340250093689484533e-21,-9.760892305496708943e+00,8.999999999999998579e+01,-1.823578862764213430e-06,0.000000000000000000e+00,2.558332872076199750e-19,-5.076301210494783139e-03,-8.142522519250813294e-27
7.839500000646768058e+03,0.000000000000000000e+00,7.125866329470869509e+00,1.000000124048441648e+03,1.012018854390858138e+02,6.196828253532675010e-15,4.235164404130960701e-22,1.413979012614652875e-05,8.855201861632845012e-22,-9.760955476935080810e+00,8.999999999999998579e+01,-1.889237224690079208e-06,0.000000000000000000e+00,2.558332872076199750e-19,-5.040536499613446075e-03,-8.435695850810538128e-27
7.849500000648495188e+03,0.000000000000000000e+00,7.134956024387706819e+00,1.000000124040991068e+03,1.012018854206913829e+02,6.196828252406341776e-15,0.000000000000000000e+00,2.165842576396944148e-05,1.344264837653358099e-21,-9.760780401063199108e+00,8.999999999999998579e+01,-1.732149221358853385e-06,0.000000000000000000e+00,2.558332872076200231e-19,-5.139656280318187324e-03,-7.734276992132949872e-27
7.859500000650223228e+03,0.000000000000000000e+00,7.144045719304598308e+00,1.000000124032609165e+03,1.012018854657869582e+02,6.196828255167648401e-15,4.235164400572946188e-22,2.674168202917993039e-07,3.464065818559752073e-23,-9.760777689954744929e+00,8.999999999999998579e+01,-1.751065098868670697e-06,0.000000000000000000e+00,2.558332872076200231e-19,-5.141191179942456585e-03,-7.818738904770830080e-27
7.869500000651951268e+03,0.000000000000000000e+00,7.153135414221524435e+00,1.000000124030746520e+03,1.012018854877734810e+02,6.196828256513935777e-15,0.000000000000000000e+00,-1.397180245132147473e-05,-8.365459130624977617e-22,-9.760893189741967291e+00,8.999999999999998579e+01,-1.819496444486213772e-06,0.000000000000000000e+00,2.558332872076199750e-19,-5.075800594934549645e-03,-8.124293977869701034e-27
7.879500000653678399e+03,0.000000000000000000e+00,7.162225109138509183e+00,1.000000124018639212e+03,1.012018855155693871e+02,6.196828258215943412e-15,4.235164736271501695e-22,-2.821651646460136329e-05,-1.707571334919871782e-21,-9.760950043443717306e+00,8.999999999999998579e+01,-1.935659161191185855e-06,0.000000000000000000e+00,2.558332872076199750e-19,-5.043612683108177931e-03,-8.642975980595837528e-27
7.889500000655406438e+03,0.000000000000000000e+00,7.171314804055533010e+00,1.000000124012120068e+03,1.012018854333310713e+02,6.196828253180299521e-15,0.000000000000000000e+00,2.262262535059108488e-05,1.404454144853377203e-21,-9.760897736574923655e+00,8.999999999999998579e+01,-1.842285817716195826e-06,0.000000000000000000e+00,2.558332872076199750e-19,-5.073226394250068480e-03,-8.226051564839897897e-27
7.899500000657133569e+03,0.000000000000000000e+00,7.180404498972599470e+00,1.000000124005600810e+03,1.012018854723407628e+02,6.196828255568953776e-15,4.235164393400055679e-22,-1.321188966152251446e-05,-7.903344098889073404e-22,-9.760893192971803245e+00,8.999999999999998579e+01,-1.788857349210620788e-06,0.000000000000000000e+00,2.558332872076200231e-19,-5.075798767780919860e-03,-7.987486336398787050e-27
7.909500000658861609e+03,0.000000000000000000e+00,7.189494193889726326e+00,1.000000123994424939e+03,1.012018854887871697e+02,6.196828256576005719e-15,-4.235164046917521110e-22,1.364695553841451106e-06,1.049650565501370532e-22,-9.760953672745673160e+00,8.999999999999998579e+01,-2.051567743788028591e-06,0.000000000000000000e+00,2.558332872076199750e-19,-5.041557943368052408e-03,-9.160523240679023984e-27
7.919500000660589649e+03,0.000000000000000000e+00,7.198583888806886044e+00,1.000000123988837004e+03,1.012018854522506928e+02,6.196828254338793037e-15,0.000000000000000000e+00,1.623297130460716543e-05,1.013131392646697032e-21,-9.760838175340103007e+00,8.999999999999998579e+01,-1.835655282753667099e-06,0.000000000000000000e+00,2.558332872076199750e-19,-5.106947181292145928e-03,-8.196445343058389417e-27
7.929500000662316779e+03,0.000000000000000000e+00,7.207673583724110600e+00,1.000000123975798488e+03,1.012018853928940132e+02,6.196828250704243423e-15,4.235164387970155750e-22,3.102030268105332157e-05,1.918258897054223676e-21,-9.760781343191359483e+00,8.999999999999998579e+01,-1.803513303314528584e-06,0.000000000000000000e+00,2.558332872076200231e-19,-5.139122893688689332e-03,-8.052927123616118118e-27
7.939500000664044819e+03,0.000000000000000000e+00,7.216763278641367130e+00,1.000000123968347907e+03,1.012018854837408384e+02,6.196828256267006536e-15,4.235164736271501695e-22,-1.220929601431563357e-05,-7.287215192405818519e-22,-9.760893185099673630e+00,8.999999999999998579e+01,-1.810113649547356610e-06,0.000000000000000000e+00,2.558332872076200231e-19,-5.075803223599712789e-03,-8.082398548698436561e-27
7.949500000665772859e+03,0.000000000000000000e+00,7.225852973558662740e+00,1.000000123960897326e+03,1.012018854649672619e+02,6.196828255117457126e-15,0.000000000000000000e+00,9.685831120947581578e-06,6.126378882401981552e-22,-9.760895938358201462e+00,8.999999999999998579e+01,-1.874297350537552642e-06,0.000000000000000000e+00,2.558332872076199750e-19,-5.074244458201515248e-03,-8.368987322758553033e-27
7.959500000667499990e+03,0.000000000000000000e+00,7.234942668476021410e+00,1.000000123950652778e+03,1.012018854512098471e+02,6.196828254275058598e-15,0.000000000000000000e+00,3.195459276035130756e-05,1.974620757190787142e-21,-9.760722697752935773e+00,8.999999999999998579e+01,-1.722335391987313421e-06,0.000000000000000000e+00,2.558332872076200231e-19,-5.172325195677503033e-03,-7.690456936806838699e-27
7.969500000669228029e+03,0.000000000000000000e+00,7.244032363393408502e+00,1.000000123945996165e+03,1.012018855303637963e+02,6.196828259121839721e-15,4.235164025055732657e-22,-1.841798617421305136e-05,-1.109555323054877365e-21,-9.760774941128140370e+00,8.999999999999998579e+01,-1.746752199590827375e-06,0.000000000000000000e+00,2.558332872076200231e-19,-5.142747432058633258e-03,-7.799481235025815426e-27
7.979500000670956069e+03,0.000000000000000000e+00,7.253122058310838227e+00,1.000000123932957649e+03,1.012018853834231891e+02,6.196828250124323372e-15,3.574466106798072393e-29,3.253743068197868408e-05,2.008742180506859456e-21,-9.760722708078278131e+00,8.999999999999998579e+01,-1.572104826441363549e-06,0.000000000000000000e+00,2.558332872076200231e-19,-5.172319356222121120e-03,-7.019657451237322518e-27
7.989500000672683200e+03,0.000000000000000000e+00,7.262211753228332789e+00,1.000000123931095004e+03,1.012018855027024813e+02,6.196828257428073316e-15,4.235164376982395339e-22,-1.048774346346722188e-05,-6.258973741757281949e-22,-9.760717194747535075e+00,8.999999999999998579e+01,-1.561803604374956889e-06,0.000000000000000000e+00,2.558332872076200231e-19,-5.175440737185781070e-03,-6.973661122608915521e-27
7.999500000674411240e+03,0.000000000000000000e+00,7.271301448145868207e+00,1.000000123923644423e+03,1.012018855431007438e+02,6.196828259901752577e-15,-4.235164535630640349e-22,-2.546791602928354952e-05,-1.538526718372809668e-21,-9.761008653575592220e+00,8.999999999999998579e+01,-2.006717832386276335e-06,0.000000000000000000e+00,2.558332872076199750e-19,-5.010430362194077426e-03,-8.960262412352901025e-27
8.009500000676138370e+03,0.000000000000000000e+00,7.280391143063442705e+00,1.000000123914331198e+03,1.012018854415356799e+02,6.196828253682687167e-15,3.629892817454404192e-29,1.137869598651406562e-05,7.146412907388003873e-22,-9.760837277978458459e+00,8.999999999999998579e+01,-1.715685209053733405e-06,0.000000000000000000e+00,2.558332872076200231e-19,-5.107455226822556725e-03,-7.660762984217516993e-27
8.019500000677866410e+03,0.000000000000000000e+00,7.289480837981075823e+00,1.000000123902224004e+03,1.012018854632679279e+02,6.196828255013402428e-15,4.235164371424534856e-22,-2.989166176774970584e-06,-1.635710759823084121e-22,-9.760894094472371663e+00,8.999999999999998579e+01,-1.865744709572453730e-06,0.000000000000000000e+00,2.558332872076199750e-19,-5.075288380922295291e-03,-8.330798641654939976e-27
8.029500000679594450e+03,0.000000000000000000e+00,7.298570532898713381e+00,1.000000123898498714e+03,1.012018854319064474e+02,6.196828253093065705e-15,3.667093923728584884e-29,4.669652739308359094e-06,3.047672589518225603e-22,-9.760836358661785894e+00,8.999999999999998579e+01,-1.805450821250446808e-06,0.000000000000000000e+00,2.558332872076200231e-19,-5.107975702131286981e-03,-8.061578399273454626e-27
8.039500000681321580e+03,0.000000000000000000e+00,7.307660227816419329e+00,1.000000123892910779e+03,1.012018854361207332e+02,6.196828253351117095e-15,4.235164367695926490e-22,1.915373975608384430e-05,1.192932407412909189e-21,-9.760896880242038165e+00,8.999999999999998579e+01,-1.927244241882317610e-06,0.000000000000000000e+00,2.558332872076199750e-19,-5.073711209998403061e-03,-8.605402245031543561e-27
8.049500000683049620e+03,0.000000000000000000e+00,7.316749922734163469e+00,1.000000123885460198e+03,1.012018854729211768e+02,6.196828255604495116e-15,7.408949603415855318e-29,-2.010338421448492488e-06,-1.053640679190615396e-22,-9.760835433061984645e+00,8.999999999999998579e+01,-1.700016222820661641e-06,0.000000000000000000e+00,2.558332872076200231e-19,-5.108499730001287570e-03,-7.590798873609644946e-27
8.059500000684777660e+03,0.000000000000000000e+00,7.325839617651933366e+00,1.000000123875215650e+03,1.012018854018013343e+02,6.196828251249659486e-15,3.723241261570324993e-29,1.967763016067071330e-05,1.223670442826886065e-21,-9.760896876413822199e+00,8.999999999999998579e+01,-1.798683756327403198e-06,0.000000000000000000e+00,2.558332872076200231e-19,-5.073713380507061284e-03,-8.031362553032731224e-27
8.069500000686504791e+03,0.000000000000000000e+00,7.334929312569751225e+00,1.000000123867765069e+03,1.012018853927846322e+02,6.196828250697545993e-15,9.695694003906129469e-26,2.738025524526755441e-05,1.694077115628479885e-21,-9.760839132478741575e+00,8.999999999999998579e+01,-1.679535465335749650e-06,0.000000000000000000e+00,2.558332872076200231e-19,-5.106405299370136812e-03,-7.499349563444122159e-27
8.079500000688232831e+03,0.000000000000000000e+00,7.344019007487637474e+00,1.000000123862177134e+03,1.012018855070077450e+02,6.196828257691694064e-15,0.000000000000000000e+00,-8.921883858354530479e-06,-5.268016131666473831e-22,-9.760951822148143719e+00,8.999999999999998579e+01,-1.869887032750456849e-06,-1.895758319773387158e-22,2.558332872076199750e-19,-5.042605664154995240e-03,-8.349294666393777207e-27
8.089500000689959961e+03,0.000000000000000000e+00,7.353108702405569908e+00,1.000000123857520521e+03,1.012018855389431167e+02,6.196828259647171385e-15,0.000000000000000000e+00,-2.287553485659521852e-05,-1.381388471261900418e-21,-9.760891299474868887e+00,8.999999999999998579e+01,-1.853426069506403652e-06,0.000000000000000000e+00,2.558332872076199750e-19,-5.076870771794726039e-03,-8.275794272942135969e-27
8.099500000691688001e+03,0.000000000000000000e+00,7.362198397323539645e+00,1.000000123847275972e+03,1.012018855192226567e+02,6.196828258439642276e-15,2.532580470438257603e-29,-1.541460566514948129e-05,-9.241162752018217290e-22,-9.760892227648319874e+00,8.999999999999998579e+01,-1.893876610543229599e-06,0.000000000000000000e+00,2.558332872076199750e-19,-5.076345284903318288e-03,-8.456411326601650922e-27
8.109500000693416041e+03,0.000000000000000000e+00,7.371288092241583989e+00,1.000000123837962747e+03,1.012018855365039656e+02,6.196828259497815561e-15,0.000000000000000000e+00,-3.838411287407836043e-05,-2.326868118899219979e-21,-9.761241385355328148e+00,8.999999999999998579e+01,-2.250878275962559756e-06,0.000000000000000000e+00,2.558332872076198787e-19,-4.878668502539034758e-03,-1.005047131459723785e-26
8.119500000695144081e+03,0.000000000000000000e+00,7.380377787159645209e+00,1.000000123830512166e+03,1.012018854651424533e+02,6.196828255128184845e-15,-3.836815528890212397e-29,9.120372475628372192e-08,2.232335381516621357e-23,-9.760776772118569866e+00,8.999999999999998579e+01,-1.604669830677825941e-06,0.000000000000000000e+00,2.558332872076200231e-19,-5.141710816323815693e-03,-7.165064532745690849e-27
8.129500000696871211e+03,0.000000000000000000e+00,7.389467482077762384e+00,1.000000123823992908e+03,1.012018854937121972e+02,6.196828256877576988e-15,4.235164350681128185e-22,-2.356015206798172616e-07,5.763356400985090017e-24,-9.760894107518931051e+00,8.999999999999998579e+01,-1.935430065013710325e-06,0.000000000000000000e+00,2.558332872076199750e-19,-5.075280991824753993e-03,-8.641953035648262274e-27
8.139500000698599251e+03,0.000000000000000000e+00,7.398557176995892881e+00,1.000000123819336295e+03,1.012018854664060399e+02,6.196828255205556323e-15,4.235164348766562450e-22,7.535695329278970311e-06,4.801288075533500014e-22,-9.760836369217532393e+00,8.999999999999998579e+01,-1.792706154892443748e-06,0.000000000000000000e+00,2.558332872076200231e-19,-5.107969722829249111e-03,-8.004671766421245127e-27
8.149500000700326382e+03,0.000000000000000000e+00,7.407646871914098874e+00,1.000000123810954392e+03,1.012018854751944730e+02,6.196828255743693567e-15,3.894232342074713825e-29,-6.930694897742276995e-06,-4.052452105078763515e-22,-9.760893154252467951e+00,8.999999999999998579e+01,-1.834578982773157665e-06,0.000000000000000000e+00,2.558332872076199750e-19,-5.075820688714266157e-03,-8.191639520284440250e-27
8.159500000702054422e+03,0.000000000000000000e+00,7.416736566832341282e+00,1.000000123800709844e+03,1.012018855478997779e+02,6.196828260195608786e-15,0.000000000000000000e+00,-2.834003461795147998e-05,-1.715232407412522829e-21,-9.760890337140777362e+00,8.999999999999998579e+01,-1.926298742648038623e-06,1.895758319773387158e-22,2.558332872076199750e-19,-5.077415599873124318e-03,-8.601180465011904962e-27
8.169500000703781552e+03,0.000000000000000000e+00,7.425826261750654744e+00,1.000000123791396618e+03,1.012018854813134396e+02,6.196828256118371731e-15,-4.235163556446356970e-22,-6.755261841212262541e-06,-3.932974131370478265e-22,-9.760951812070393530e+00,8.999999999999998579e+01,-1.950142002706018770e-06,0.000000000000000000e+00,2.558332872076199750e-19,-5.042611372095852189e-03,-8.707643797044702627e-27
8.179500000705509592e+03,0.000000000000000000e+00,7.434915956668990411e+00,1.000000123783946037e+03,1.012018855940981155e+02,6.196828263024441115e-15,-4.235164472791374143e-22,-5.013019478869591131e-05,-3.048561405745749256e-21,-9.761004821780323581e+00,8.999999999999998579e+01,-2.015763191500746212e-06,-1.895758319773387158e-22,2.558332872076199750e-19,-5.012599742084219122e-03,-9.000651145622508279e-27
8.189500000707237632e+03,0.000000000000000000e+00,7.444005651587380257e+00,1.000000123777426779e+03,1.012018855373738404e+02,6.196828259551081027e-15,0.000000000000000000e+00,-2.790324761240452881e-05,-1.688935586909207137e-21,-9.760948980536939601e+00,8.999999999999998579e+01,-1.883245255577708841e-06,0.000000000000000000e+00,2.558332872076199750e-19,-5.044214449692159367e-03,-8.408940910605665643e-27
8.199500000709196684e+03,0.000000000000000000e+00,7.453095346506022345e+00,1.000000123769044876e+03,1.012018854349404364e+02,6.196828253278844026e-15,4.235164736271501695e-22,2.026595125812680382e-05,1.259791321769890044e-21,-9.760895037103058058e+00,8.999999999999998579e+01,-1.807944215213692931e-06,0.000000000000000000e+00,2.558332872076200231e-19,-5.074754709465885243e-03,-8.072711735434373548e-27
8.209500000711233952e+03,0.000000000000000000e+00,7.462185041424761245e+00,1.000000123761594409e+03,1.012018854771539935e+02,6.196828255863679310e-15,4.016474888718513104e-29,-1.120906406720584569e-06,-5.007463418409720160e-23,-9.760892203724754523e+00,8.999999999999998579e+01,-1.779326672221964597e-06,0.000000000000000000e+00,2.558332872076200231e-19,-5.076358832800848681e-03,-7.944930594177576503e-27
8.219500000713271220e+03,0.000000000000000000e+00,7.471274736343564093e+00,1.000000123753212392e+03,1.012018854981775320e+02,6.196828257150999333e-15,-4.039516161367831626e-29,-5.459421943966271959e-07,-1.317997677138785659e-23,-9.760833557152704287e+00,8.999999999999998579e+01,-1.941171307661454316e-06,0.000000000000000000e+00,2.558332872076199750e-19,-5.109561780051754404e-03,-8.667588448792321877e-27
8.229500000715308488e+03,0.000000000000000000e+00,7.480364431262396252e+00,1.000000123748555779e+03,1.012018853754704679e+02,6.196828249637359535e-15,7.574977335305847501e-26,4.341845854410653793e-05,2.675700745671983845e-21,-9.760780564281750671e+00,8.999999999999998579e+01,-1.638027957095264854e-06,0.000000000000000000e+00,2.558332872076200231e-19,-5.139563877447989905e-03,-7.314013010434385729e-27
8.239500000717345756e+03,0.000000000000000000e+00,7.489454126181284366e+00,1.000000123742967844e+03,1.012018855245593869e+02,6.196828258766422384e-15,4.235164327691862915e-22,-3.902950120001736474e-07,-4.048562958562137627e-24,-9.760892198037538492e+00,8.999999999999998579e+01,-1.902891943426692763e-06,-1.895758319773387158e-22,2.558332872076199750e-19,-5.076362048306345097e-03,-8.496665988750378637e-27
8.249500000719383024e+03,0.000000000000000000e+00,7.498543821100216000e+00,1.000000123735517263e+03,1.012018854462097011e+02,6.196828253968887481e-15,0.000000000000000000e+00,6.301380560387768430e-06,4.064550219570371290e-22,-9.761010464550301080e+00,8.999999999999998579e+01,-1.975406134160383343e-06,-1.895758319773387158e-22,2.558332872076199750e-19,-5.009405081002712978e-03,-8.820451509119545267e-27
8.259500000721420292e+03,0.000000000000000000e+00,7.507633516019184938e+00,1.000000123730860651e+03,1.012018854272486124e+02,6.196828252807856200e-15,0.000000000000000000e+00,4.421589856811883399e-05,2.725191874215797826e-21,-9.760780579795218515e+00,8.999999999999998579e+01,-1.701491116839779906e-06,0.000000000000000000e+00,2.558332872076200231e-19,-5.139555089682683667e-03,-7.597384471857899212e-27
8.269500000723457561e+03,0.000000000000000000e+00,7.516723210938200950e+00,1.000000123721547425e+03,1.012018854465190572e+02,6.196828253987829609e-15,4.235164320700409018e-22,2.243609654945373806e-05,1.392045946641468600e-21,-9.760836388885671511e+00,8.999999999999998579e+01,-1.747717836440377214e-06,0.000000000000000000e+00,2.558332872076200231e-19,-5.107958589095720238e-03,-7.803792932179927007e-27
8.279500000725494829e+03,0.000000000000000000e+00,7.525812905857324431e+00,1.000000123714096844e+03,1.012018854416846096e+02,6.196828253691806399e-15,8.358295119824314679e-29,1.548810114804962716e-05,9.663158300685414896e-22,-9.760835437730184694e+00,8.999999999999998579e+01,-1.720099621263508620e-06,0.000000000000000000e+00,2.558332872076200231e-19,-5.108497089606435157e-03,-7.680473922724924486e-27
8.289500000727532097e+03,0.000000000000000000e+00,7.534902600776447912e+00,1.000000123704783505e+03,1.012018855042766035e+02,6.196828257524459497e-15,-4.235163895741484616e-22,-1.483191555768977094e-05,-8.872156603829240713e-22,-9.761066258579962351e+00,8.999999999999998579e+01,-2.010910618672681238e-06,0.000000000000000000e+00,2.558332872076199750e-19,-4.977817103511567205e-03,-8.978983761592334545e-27
8.299500000729569365e+03,0.000000000000000000e+00,7.543992295695592709e+00,1.000000123701989651e+03,1.012018854800042078e+02,6.196828256038205319e-15,4.226218505491027612e-29,2.320305681767638903e-05,1.439910198095483145e-21,-9.760836395111585517e+00,8.999999999999998579e+01,-1.834152748864306555e-06,0.000000000000000000e+00,2.558332872076199750e-19,-5.107955061206495562e-03,-8.189736329107925283e-27
8.309500000731606633e+03,0.000000000000000000e+00,7.553081990614782804e+00,1.000000123694539070e+03,1.012018854331841027e+02,6.196828253171300196e-15,4.235164500157050491e-22,-5.804648273269389898e-06,-3.375207714744787079e-22,-9.760891229438351857e+00,8.999999999999998579e+01,-1.717051682141763563e-06,0.000000000000000000e+00,2.558332872076200231e-19,-5.076910432549529631e-03,-7.666864468567017807e-27
8.319500000733643901e+03,0.000000000000000000e+00,7.562171685534017307e+00,1.000000123687088490e+03,1.012018854233737386e+02,6.196828252570588139e-15,-7.769181377190345125e-26,3.860490836897772523e-05,2.382524551231795011e-21,-9.760779654459067700e+00,8.999999999999998579e+01,-1.788414999663464801e-06,0.000000000000000000e+00,2.558332872076200231e-19,-5.140078972424603695e-03,-7.985511186750671872e-27
8.329500000735681169e+03,0.000000000000000000e+00,7.571261380453307765e+00,1.000000123680569232e+03,1.012018854759141817e+02,6.196828255787762492e-15,4.235164736271501695e-22,1.899462101312123635e-06,1.348825943653156532e-22,-9.760892184468534793e+00,8.999999999999998579e+01,-1.780572638321171603e-06,0.000000000000000000e+00,2.558332872076200231e-19,-5.076369734919457602e-03,-7.950493998770697218e-27
8.339500000737718437e+03,0.000000000000000000e+00,7.580351075372634639e+00,1.000000123674981296e+03,1.012018854772019409e+02,6.196828255866615451e-15,4.321151112521933771e-29,9.354204799585992100e-06,5.919245979793407169e-22,-9.760893141520393002e+00,8.999999999999998579e+01,-1.835269947548810396e-06,0.000000000000000000e+00,2.558332872076199750e-19,-5.075827896496110624e-03,-8.194724770042835830e-27
8.349500000739755706e+03,0.000000000000000000e+00,7.589440770288776505e+00,1.000000123620033264e+03,1.012018853965478371e+02,6.196828250927976997e-15,8.690097992723109938e-29,1.682024188063994588e-05,1.048950202073879046e-21,-9.760894102211610246e+00,8.999999999999998579e+01,-1.822105930270955684e-06,0.000000000000000000e+00,2.558332872076199750e-19,-5.075284005216853210e-03,-8.135945679476792475e-27
8.359500000741792974e+03,0.000000000000000000e+00,7.598530465204266449e+00,1.000000123554840684e+03,1.012018853492850354e+02,6.196828248033963458e-15,4.235164736271501695e-22,3.199585106423089703e-05,1.977254535675562589e-21,-9.760837368008168369e+00,8.999999999999998579e+01,-1.732614379203570926e-06,0.000000000000000000e+00,2.558332872076200231e-19,-5.107404264540383806e-03,-7.736353983867694767e-27
8.369500000743830242e+03,0.000000000000000000e+00,7.607620160119772379e+00,1.000000123487785459e+03,1.012018854238649510e+02,6.196828252600666616e-15,4.393042442069052917e-29,-3.795098206718338090e-06,-2.147197754807859185e-22,-9.760832555760666551e+00,8.999999999999998579e+01,-1.693291965703830512e-06,0.000000000000000000e+00,2.558332872076200231e-19,-5.110128728846999487e-03,-7.560774169925573007e-27
8.379500000745867510e+03,0.000000000000000000e+00,7.616709855035345811e+00,1.000000123426318169e+03,1.012018854492725950e+02,6.196828254156436794e-15,4.234375018327616239e-22,-4.569007733786503758e-06,-2.604696219137218607e-22,-9.760949870342244594e+00,8.999999999999998579e+01,-1.850285713536538244e-06,0.000000000000000000e+00,2.558332872076199750e-19,-5.043710691343345279e-03,-8.261772165247637053e-27
8.389500000747904778e+03,0.000000000000000000e+00,7.625799549950960099e+00,1.000000123358331621e+03,1.012018853906628522e+02,6.196828250567623758e-15,8.470329028413056819e-22,1.834108924666715427e-05,1.141922770019319516e-21,-9.760835448424286298e+00,8.999999999999998579e+01,-1.807524965983537058e-06,0.000000000000000000e+00,2.558332872076200231e-19,-5.108491040305004720e-03,-8.070839731778576132e-27
8.399500000749942046e+03,0.000000000000000000e+00,7.634889244866626790e+00,1.000000123290345073e+03,1.012018854230345681e+02,6.196828252549820587e-15,-7.941808685497908594e-26,1.966675018751264312e-05,1.221817052490905747e-21,-9.760718132232460320e+00,8.999999999999998579e+01,-1.684915211186588409e-06,0.000000000000000000e+00,2.558332872076200231e-19,-5.174909984312424209e-03,-7.523370845239362630e-27
8.409500000751979314e+03,0.000000000000000000e+00,7.643978939782342330e+00,1.000000123226083815e+03,1.012018854084712700e+02,6.196828251658074865e-15,0.000000000000000000e+00,1.831675681575641170e-05,1.141316239372793617e-21,-9.760894108290232296e+00,8.999999999999998579e+01,-1.892183371237785646e-06,0.000000000000000000e+00,2.558332872076199750e-19,-5.075280563331736883e-03,-8.448850787566794756e-27
8.419500000754016583e+03,0.000000000000000000e+00,7.653068634698092509e+00,1.000000123159959912e+03,1.012018853919624632e+02,6.196828250647203257e-15,-4.235164435316767524e-22,3.519800985279603956e-05,2.172240060602362875e-21,-9.760661414819342241e+00,8.999999999999998579e+01,-1.628137737202970604e-06,0.000000000000000000e+00,2.558332872076200231e-19,-5.207020736313074452e-03,-7.269851861258046574e-27
8.429500000756053851e+03,0.000000000000000000e+00,7.662158329613852459e+00,1.000000123091973364e+03,1.012018854173561095e+02,6.196828252202115154e-15,-8.006544288454191266e-26,3.859860834439037614e-06,2.553408422522545558e-22,-9.760950828086382813e+00,8.999999999999998579e+01,-1.820641955342915387e-06,0.000000000000000000e+00,2.558332872076199750e-19,-5.043168464560728211e-03,-8.129408836424601507e-27
8.439500000758091119e+03,0.000000000000000000e+00,7.671248024529698561e+00,1.000000123029574752e+03,1.012018854760877247e+02,6.196828255798388449e-15,4.563095114291716308e-29,-1.033953637871279124e-05,-6.128906787272025729e-22,-9.760948884784591328e+00,8.999999999999998579e+01,-1.938663163594459219e-06,0.000000000000000000e+00,2.558332872076199750e-19,-5.044268666488291829e-03,-8.656389251453484615e-27
8.449500000760128387e+03,0.000000000000000000e+00,7.680337719445588185e+00,1.000000122964382172e+03,1.012018854216067894e+02,6.196828252462393499e-15,4.587651922094465573e-29,1.211712323007815084e-05,7.613675998838953777e-22,-9.760893140732227025e+00,8.999999999999998579e+01,-1.860485907867337420e-06,0.000000000000000000e+00,2.558332872076199750e-19,-5.075828348946927020e-03,-8.307317391579867561e-27
8.459500000762165655e+03,0.000000000000000000e+00,7.689427414361524882e+00,1.000000122897326946e+03,1.012018854648889885e+02,6.196828255112663218e-15,-4.235164275044039632e-22,-3.830667746615138314e-06,-2.126303224567095127e-22,-9.761067167171285419e+00,8.999999999999998579e+01,-2.102343623973557360e-06,0.000000000000000000e+00,2.558332872076199750e-19,-4.977302706177897697e-03,-9.387244308951743171e-27
8.469500000764202923e+03,0.000000000000000000e+00,7.698517109277524639e+00,1.000000122827477753e+03,1.012018853878725508e+02,6.196828250396767530e-15,0.000000000000000000e+00,6.017693525329565396e-06,3.867328263151388608e-22,-9.760833509209772885e+00,8.999999999999998579e+01,-1.750023577277048226e-06,0.000000000000000000e+00,2.558332872076200231e-19,-5.109588934603744199e-03,-7.814088372135671979e-27
8.479500000766240191e+03,0.000000000000000000e+00,7.707606804193565253e+00,1.000000122764147818e+03,1.012018854086451682e+02,6.196828251668724487e-15,4.235164270099731717e-22,-1.524339540963310482e-06,-7.541615873881393740e-23,-9.760891188553618036e+00,8.999999999999998579e+01,-1.718122306853045117e-06,0.000000000000000000e+00,2.558332872076200231e-19,-5.076933583291335858e-03,-7.671644950507931616e-27
8.489500000768277459e+03,0.000000000000000000e+00,7.716696499109660934e+00,1.000000122698955238e+03,1.012018854409555360e+02,6.196828253647162394e-15,-4.235164423825627517e-22,-2.534396685578972829e-06,-1.341823159454560749e-22,-9.761008502696155276e+00,8.999999999999998579e+01,-2.013557561963317210e-06,0.000000000000000000e+00,2.558332872076199750e-19,-5.010515793740868279e-03,-8.990802715952508235e-27
8.499500000770314728e+03,0.000000000000000000e+00,7.725786194025796583e+00,1.000000122632831335e+03,1.012018854101797842e+02,6.196828251762691231e-15,4.235164736271501695e-22,1.401550374777203246e-05,8.760512398429234304e-22,-9.760834484555683588e+00,8.999999999999998579e+01,-1.711088054943995654e-06,0.000000000000000000e+00,2.558332872076200231e-19,-5.109036737313901733e-03,-7.640236078785926942e-27
8.509500000772351996e+03,0.000000000000000000e+00,7.734875888941974864e+00,1.000000122566707432e+03,1.012018854511489394e+02,6.196828254271328074e-15,4.235163788996201959e-22,1.425014937032955373e-05,8.920224378870008523e-22,-9.760834485012852113e+00,8.999999999999998579e+01,-1.864803291133917281e-06,0.000000000000000000e+00,2.558332872076199750e-19,-5.109036474831454497e-03,-8.326595082931845799e-27
8.519500000774389264e+03,0.000000000000000000e+00,7.743965583858207324e+00,1.000000122500583529e+03,1.012018854650667237e+02,6.196828255123547921e-15,0.000000000000000000e+00,1.451608968980450765e-05,9.078115505607053923e-22,-9.760834485520161863e+00,8.999999999999998579e+01,-1.817342935855929916e-06,0.000000000000000000e+00,2.558332872076199750e-19,-5.109036186447716600e-03,-8.114678274992502424e-27
8.529500000776426532e+03,0.000000000000000000e+00,7.753055278774490411e+00,1.000000122434459627e+03,1.012018854306090674e+02,6.196828253013624256e-15,4.235164470342264107e-22,5.617252630817209653e-06,3.645051013116028001e-22,-9.761009475845138894e+00,8.999999999999998579e+01,-1.969723866973486423e-06,0.000000000000000000e+00,2.558332872076199750e-19,-5.009964843385201518e-03,-8.795079429263577711e-27
8.539500000778463800e+03,0.000000000000000000e+00,7.762144973690802807e+00,1.000000122365541756e+03,1.012018854528948140e+02,6.196828254378232927e-15,0.000000000000000000e+00,-7.233754322550055779e-06,-4.243516231651714688e-22,-9.760890195579046136e+00,8.999999999999998579e+01,-1.781919293239991791e-06,0.000000000000000000e+00,2.558332872076200231e-19,-5.077495755958480288e-03,-7.956506992354936877e-27
8.549500000780501068e+03,0.000000000000000000e+00,7.771234668607148066e+00,1.000000122302211821e+03,1.012018853691902081e+02,6.196828249252803255e-15,4.235164736271501695e-22,2.972315181801110778e-05,1.838783049288265628e-21,-9.760836454986197452e+00,8.999999999999998579e+01,-1.798876236717446677e-06,0.000000000000000000e+00,2.558332872076200231e-19,-5.107921175373843561e-03,-8.032222003612275752e-27
8.559500000782538336e+03,0.000000000000000000e+00,7.780324363523551057e+00,1.000000122244469821e+03,1.012018853446320605e+02,6.196828247749051354e-15,0.000000000000000000e+00,3.722509273380102232e-05,2.296163121620230861e-21,-9.760837427566874780e+00,8.999999999999998579e+01,-1.608938771004275711e-06,0.000000000000000000e+00,2.558332872076200231e-19,-5.107370547709506187e-03,-7.184125919917487079e-27
8.569500000784575604e+03,0.000000000000000000e+00,7.789414058440010002e+00,1.000000122180208564e+03,1.012018854214860824e+02,6.196828252455002661e-15,4.235164736271501695e-22,3.023139424626295420e-05,1.870690373574670260e-21,-9.760836460959076533e+00,8.999999999999998579e+01,-1.874268449996680163e-06,0.000000000000000000e+00,2.558332872076199750e-19,-5.107917789203598319e-03,-8.368858277994061592e-27
8.579500000786612873e+03,0.000000000000000000e+00,7.798503753356534673e+00,1.000000122115947306e+03,1.012018854394215595e+02,6.196828253553234303e-15,8.470328489965688482e-22,8.876004938489749510e-06,5.623718514113465029e-22,-9.760833502168571485e+00,8.999999999999998579e+01,-1.809255959712167086e-06,0.000000000000000000e+00,2.558332872076200231e-19,-5.109592917407374500e-03,-8.078568849341768459e-27
8.589500000788650141e+03,0.000000000000000000e+00,7.807593448273077108e+00,1.000000122051686049e+03,1.012018854353561750e+02,6.196828253304300567e-15,4.235163748598328968e-22,5.317336957273166663e-07,5.144420715657570956e-23,-9.760949826330490353e+00,8.999999999999998579e+01,-1.810345590393183852e-06,0.000000000000000000e+00,2.558332872076200231e-19,-5.043735612237607545e-03,-8.083434195469103299e-27
8.599500000790687409e+03,0.000000000000000000e+00,7.816683143189669281e+00,1.000000121988356113e+03,1.012018854382148731e+02,6.196828253479344858e-15,4.963911044775882916e-29,1.588800905772204508e-05,9.924255654333949843e-22,-9.760893147426205729e+00,8.999999999999998579e+01,-1.875621686292745582e-06,-1.895758319773387158e-22,2.558332872076199750e-19,-5.075824559183192419e-03,-8.374900658304322369e-27
8.609500000792724677e+03,0.000000000000000000e+00,7.825772838106328066e+00,1.000000121921300888e+03,1.012018854163073058e+02,6.196828252137893988e-15,4.989522116953398976e-29,2.334792687392722079e-05,1.449203810290097882e-21,-9.760894138905431561e+00,8.999999999999998579e+01,-1.874664885692869157e-06,0.000000000000000000e+00,2.558332872076199750e-19,-5.075263231820366719e-03,-8.370628416181975107e-27
8.619500000794761945e+03,0.000000000000000000e+00,7.834862533022999287e+00,1.000000121862627566e+03,1.012018854272828747e+02,6.196828252809953781e-15,4.235164234751593908e-22,1.713022821068895665e-05,1.067734296086754028e-21,-9.760834492862805689e+00,8.999999999999998579e+01,-1.803248797753645058e-06,0.000000000000000000e+00,2.558332872076200231e-19,-5.109032033870287981e-03,-8.051746071055170002e-27
8.629500000796799213e+03,0.000000000000000000e+00,7.843952227939726463e+00,1.000000121797434986e+03,1.012018854163312938e+02,6.196828252139362847e-15,4.235163223988921506e-22,1.812788056918913042e-05,1.128777293143810168e-21,-9.760775837828010282e+00,8.999999999999998579e+01,-1.798871579697106816e-06,0.000000000000000000e+00,2.558332872076200231e-19,-5.142239775349135428e-03,-8.032201209396154285e-27
8.639500000798836481e+03,0.000000000000000000e+00,7.853041922856509593e+00,1.000000121729448438e+03,1.012018854093795568e+02,6.196828251713692714e-15,-8.459699042992385438e-26,2.561808735886833972e-05,1.586667708492870202e-21,-9.760776833069314762e+00,8.999999999999998579e+01,-1.726736003726579749e-06,0.000000000000000000e+00,2.558332872076200231e-19,-5.141676316693777511e-03,-7.710106254375226695e-27
8.649500000800873750e+03,0.000000000000000000e+00,7.862131617773314041e+00,1.000000121666118275e+03,1.012018854412313260e+02,6.196828253664051117e-15,4.235164736271501695e-22,1.790476525918396322e-05,1.115653715354152950e-21,-9.760834495877233508e+00,8.999999999999998579e+01,-1.850463769153925237e-06,0.000000000000000000e+00,2.558332872076199750e-19,-5.109030326274406446e-03,-8.262567207295918033e-27
8.659500000802911018e+03,0.000000000000000000e+00,7.871221312690187766e+00,1.000000121600925922e+03,1.012018854452245478e+02,6.196828253908564076e-15,8.470329131293863711e-22,1.817828941222454696e-05,1.131628487713185794e-21,-9.760834495816759215e+00,8.999999999999998579e+01,-1.776288967900533392e-06,0.000000000000000000e+00,2.558332872076200231e-19,-5.109030360249194706e-03,-7.931366839766329194e-27
8.669500000804948286e+03,0.000000000000000000e+00,7.880311007607105900e+00,1.000000121535733342e+03,1.012018854242829491e+02,6.196828252626261997e-15,5.144572257674831665e-29,-2.382296588253145063e-06,-1.287946945820492028e-22,-9.760772849858661004e+00,8.999999999999998579e+01,-1.637280061219931010e-06,0.000000000000000000e+00,2.558332872076200231e-19,-5.143931424507305200e-03,-7.310673555732805133e-27
8.679500000806985554e+03,0.000000000000000000e+00,7.889400702524058673e+00,1.000000121478922665e+03,1.012018853526631688e+02,6.196828248240815409e-15,1.034128913022220894e-28,3.393219038876893186e-05,2.094111845266687957e-21,-9.760777841261722543e+00,8.999999999999998579e+01,-1.568766023690508257e-06,0.000000000000000000e+00,2.558332872076200231e-19,-5.141105530598506085e-03,-7.004749252232994279e-27
8.689500000809022822e+03,0.000000000000000000e+00,7.898490397441073618e+00,1.000000121413730085e+03,1.012018854065493230e+02,6.196828251540390228e-15,0.000000000000000000e+00,1.897558547990831621e-05,1.179551124696389914e-21,-9.760834499670913544e+00,8.999999999999998579e+01,-1.690235171967683399e-06,0.000000000000000000e+00,2.558332872076200231e-19,-5.109028182055195405e-03,-7.547125178734948601e-27
8.699500000811060090e+03,0.000000000000000000e+00,7.907580092358131196e+00,1.000000121350400150e+03,1.012018854675911825e+02,6.196828255278126004e-15,4.235164213972816141e-22,-1.042387366769128787e-05,-6.186865432563728368e-22,-9.760889154477283114e+00,8.999999999999998579e+01,-1.878118663914718403e-06,0.000000000000000000e+00,2.558332872076199750e-19,-5.078085179678880692e-03,-8.386049995978793202e-27
8.709500000813097358e+03,0.000000000000000000e+00,7.916669787275226966e+00,1.000000121286138892e+03,1.012018854331695650e+02,6.196828253170409572e-15,0.000000000000000000e+00,1.475715962603172880e-05,9.190038901963528532e-22,-9.760657535771459337e+00,8.999999999999997158e+01,-1.475296843236786332e-06,0.000000000000000000e+00,2.558332872076200231e-19,-5.209216872285589266e-03,-6.587396911601726770e-27
8.719500000815134626e+03,0.000000000000000000e+00,7.925759482192426653e+00,1.000000121221877635e+03,1.012018853643634628e+02,6.196828248957250995e-15,4.235164208712231597e-22,3.415099142567333887e-05,2.110005818132785746e-21,-9.760836510924070453e+00,8.999999999999998579e+01,-1.808058900725020695e-06,-1.895758319773386923e-22,2.558332872076200231e-19,-5.107889508129946979e-03,-8.073223821518328108e-27
8.729500000817171895e+03,0.000000000000000000e+00,7.934849177109624563e+00,1.000000121155753732e+03,1.012018854692131526e+02,6.196828255377442803e-15,5.301994458189600227e-29,-1.771129706862138432e-05,-1.064385468101232664e-21,-9.760946793163723711e+00,8.999999999999998579e+01,-1.928633199327067680e-06,0.000000000000000000e+00,2.558332872076199750e-19,-5.045452848658627497e-03,-8.611604125028665491e-27
8.739500000819209163e+03,0.000000000000000000e+00,7.943938872026865106e+00,1.000000121089629829e+03,1.012018853406499375e+02,6.196828247505216026e-15,-8.675490425038315799e-26,3.552273974621142659e-05,2.193252025634819459e-21,-9.760777863663557596e+00,8.999999999999998579e+01,-1.736252759529465739e-06,0.000000000000000000e+00,2.558332872076200231e-19,-5.141092849451383250e-03,-7.752599836647698876e-27
8.749500000821246431e+03,0.000000000000000000e+00,7.953028566944131406e+00,1.000000121039338410e+03,1.012018854853505445e+02,6.196828256365573918e-15,5.354995646919613102e-29,-1.636518678454818612e-05,-9.827115081877835704e-22,-9.760888127665346303e+00,8.999999999999998579e+01,-1.856593468753868810e-06,0.000000000000000000e+00,2.558332872076199750e-19,-5.078666511754722709e-03,-8.289937132473229898e-27
8.759500000823283699e+03,0.000000000000000000e+00,7.962118261861460766e+00,1.000000120972283185e+03,1.012018854321285630e+02,6.196828253106667245e-15,4.235164198111994058e-22,1.269826972488834688e-05,7.976553277260863530e-22,-9.760892168799484736e+00,8.999999999999998579e+01,-1.927864056806409514e-06,0.000000000000000000e+00,2.558332872076199750e-19,-5.076378614355663010e-03,-8.608169801225702068e-27
8.769500000825320967e+03,0.000000000000000000e+00,7.971207956778846970e+00,1.000000120902433991e+03,1.012018854368811134e+02,6.196828253397676455e-15,4.235163654619422305e-22,2.191062516783906855e-05,1.360383331970445581e-21,-9.760775857412433254e+00,8.999999999999998579e+01,-1.796928940252767605e-06,0.000000000000000000e+00,2.558332872076200231e-19,-5.142228687090284397e-03,-8.023527065521540015e-27
8.779500000827358235e+03,0.000000000000000000e+00,7.980297651696265149e+00,1.000000120837241411e+03,1.012018854846324984e+02,6.196828256321604388e-15,0.000000000000000000e+00,5.106429800107362732e-06,3.335179918436554572e-22,-9.760949801149516603e+00,8.999999999999998579e+01,-1.997612119633545244e-06,-1.895758319773387158e-22,2.558332872076199750e-19,-5.043749866002210196e-03,-8.919604192049472678e-27
8.789500000829395503e+03,0.000000000000000000e+00,7.989387346613736618e+00,1.000000120767392218e+03,1.012018854138377577e+02,6.196828251986677241e-15,4.235164190092631007e-22,3.596298254882571317e-05,2.221682010293529836e-21,-9.760836539075826934e+00,8.999999999999998579e+01,-1.877457135691594422e-06,0.000000000000000000e+00,2.558332872076199750e-19,-5.107873566107076768e-03,-8.383096184348323909e-27
8.799500000831432772e+03,0.000000000000000000e+00,7.998477041531233844e+00,1.000000120698474348e+03,1.012018854367250924e+02,6.196828253388123349e-15,4.235164736271501695e-22,1.372371739252163590e-05,8.593113709294507563e-22,-9.760892157899659693e+00,8.999999999999998579e+01,-1.819096683540610111e-06,0.000000000000000000e+00,2.558332872076199750e-19,-5.076384785347550638e-03,-8.122508992000235882e-27
8.809500000833470040e+03,0.000000000000000000e+00,8.007566736448795908e+00,1.000000120633281767e+03,1.012018854668847467e+02,6.196828255234869605e-15,4.235164184713444726e-22,1.396976360050540905e-05,8.744881396012985181e-22,-9.760892158331824220e+00,8.999999999999998579e+01,-1.829701416346416445e-06,0.000000000000000000e+00,2.558332872076199750e-19,-5.076384538026075706e-03,-8.169860536507075109e-27
8.819500000835507308e+03,0.000000000000000000e+00,8.016656431366399715e+00,1.000000120570883155e+03,1.012018854142289541e+02,6.196828252010631791e-15,4.235164366753613543e-22,-1.084207991083731123e-06,-4.778380412661848263e-23,-9.760948782881326835e+00,8.999999999999998579e+01,-1.783507250470390632e-06,0.000000000000000000e+00,2.558332872076200231e-19,-5.044326368973614701e-03,-7.963597432901351018e-27
8.829500000837544576e+03,0.000000000000000000e+00,8.025746126284051485e+00,1.000000120499171317e+03,1.012018855455020372e+02,6.196828260048789939e-15,0.000000000000000000e+00,-2.156278567963456307e-05,-1.300251212185877250e-21,-9.760887096573613420e+00,8.999999999999998579e+01,-1.925761040195682366e-06,0.000000000000000000e+00,2.558332872076199750e-19,-5.079250263351446117e-03,-8.598779551941259420e-27
8.839500000839581844e+03,0.000000000000000000e+00,8.034835821201751216e+00,1.000000120434910059e+03,1.012018854173941804e+02,6.196828252204446238e-15,4.235164736271501695e-22,3.633163352463959675e-05,2.244414380708958832e-21,-9.760895210828588020e+00,8.999999999999998579e+01,-1.892670755479308210e-06,0.000000000000000000e+00,2.558332872076199750e-19,-5.074656361046695451e-03,-8.451027023123789044e-27
8.849500000841619112e+03,0.000000000000000000e+00,8.043925516119491803e+00,1.000000120369717479e+03,1.012018853542776782e+02,6.196828248339674669e-15,4.235164173876003710e-22,2.843225812022225657e-05,1.761052811883185770e-21,-9.760952849793790520e+00,8.999999999999998579e+01,-1.924837947331361288e-06,0.000000000000000000e+00,2.558332872076199750e-19,-5.042023877942210762e-03,-8.594657819347965794e-27
8.859500000843656380e+03,0.000000000000000000e+00,8.053015211037280352e+00,1.000000120299868286e+03,1.012018853736235400e+02,6.196828249524267647e-15,0.000000000000000000e+00,1.716785715170496401e-05,1.068144527227341015e-21,-9.760774855152600793e+00,8.999999999999998579e+01,-1.621686927625764629e-06,0.000000000000000000e+00,2.558332872076200231e-19,-5.142796126844745470e-03,-7.241048137261062853e-27
8.869500000845693648e+03,0.000000000000000000e+00,8.062104905955129297e+00,1.000000120232813060e+03,1.012018854405498587e+02,6.196828253622321953e-15,4.235164168417749447e-22,2.461435541765194911e-05,1.525814639727622589e-21,-9.760775876559561581e+00,8.999999999999998579e+01,-1.785028348467016678e-06,0.000000000000000000e+00,2.558332872076200231e-19,-5.142217847610912156e-03,-7.970389338063456716e-27
8.879500000847730917e+03,0.000000000000000000e+00,8.071194600873019098e+00,1.000000120166689157e+03,1.012018854823051441e+02,6.196828256179095877e-15,5.705927625893772061e-29,7.551455575771668117e-06,4.820917061302897045e-22,-9.760949793450549805e+00,8.999999999999998579e+01,-1.888321659450024893e-06,0.000000000000000000e+00,2.558332872076199750e-19,-5.043754226099341625e-03,-8.431607730062262192e-27
8.889500000849768185e+03,0.000000000000000000e+00,8.080284295790939098e+00,1.000000120102427900e+03,1.012018854045830949e+02,6.196828251419993488e-15,0.000000000000000000e+00,4.678493511326453657e-05,2.882204681420348280e-21,-9.760778949030056495e+00,8.999999999999998579e+01,-1.673181507779950550e-06,0.000000000000000000e+00,2.558332872076200231e-19,-5.140478361058523765e-03,-7.470978296623210718e-27
8.899500000851805453e+03,0.000000000000000000e+00,8.089373990708923046e+00,1.000000120034441352e+03,1.012018853997190604e+02,6.196828251122156687e-15,8.470328320361902890e-22,2.443672050371947625e-05,1.514990457948950806e-21,-9.760834535457725281e+00,8.999999999999998579e+01,-1.790054056547638578e-06,0.000000000000000000e+00,2.558332872076200231e-19,-5.109007924071450914e-03,-7.992829794057563921e-27
8.909500000853842721e+03,0.000000000000000000e+00,8.098463685626938968e+00,1.000000119970180094e+03,1.012018854808938784e+02,6.196828256092680898e-15,5.788493273459875371e-29,-3.103115238456984010e-06,-1.722200686508047220e-22,-9.760771785402313938e+00,8.999999999999998579e+01,-1.705529338586475164e-06,0.000000000000000000e+00,2.558332872076200231e-19,-5.144534067508919548e-03,-7.615415669839847126e-27
8.919500000855879989e+03,0.000000000000000000e+00,8.107553380544997523e+00,1.000000119900330901e+03,1.012018854583146776e+02,6.196828254710104343e-15,4.235164736271501695e-22,1.674172090498470943e-05,1.044271917708518768e-21,-9.760892165579003077e+00,8.999999999999998579e+01,-1.834551959881502409e-06,0.000000000000000000e+00,2.558332872076199750e-19,-5.076380436976834186e-03,-8.191518859473805756e-27
8.929500000857917257e+03,0.000000000000000000e+00,8.116643075463109369e+00,1.000000119834206998e+03,1.012018854680988511e+02,6.196828255309211068e-15,4.235164151884853044e-22,1.698225541723825721e-05,1.059684165958111331e-21,-9.760892166501998091e+00,8.999999999999998579e+01,-1.900099168214625629e-06,0.000000000000000000e+00,2.558332872076199750e-19,-5.076379913633278194e-03,-8.484195875436501964e-27
8.939500000859954525e+03,0.000000000000000000e+00,8.125732770381251413e+00,1.000000119770877063e+03,1.012018855430787738e+02,6.196828259900407569e-15,5.871651921470908714e-29,-2.085223092041667536e-05,-1.255624557158352736e-21,-9.761004328664139251e+00,8.999999999999998579e+01,-2.032885394090245228e-06,0.000000000000000000e+00,2.558332872076199750e-19,-5.012878932109486943e-03,-9.077104060827306464e-27
8.949500000861991793e+03,0.000000000000000000e+00,8.134822465299439642e+00,1.000000119705684483e+03,1.012018853745529157e+02,6.196828249581174495e-15,4.235164736271501695e-22,4.121406672827357073e-05,2.540243900585830455e-21,-9.760777954078436736e+00,8.999999999999998579e+01,-1.592322543341050531e-06,0.000000000000000000e+00,2.558332872076200231e-19,-5.141041659850698227e-03,-7.109932250153339715e-27
8.959500000864029062e+03,0.000000000000000000e+00,8.143912160217682938e+00,1.000000119639560580e+03,1.012018854935409706e+02,6.196828256867091449e-15,4.235164143529455185e-22,1.053886434711566019e-05,6.647979243451882812e-22,-9.760891138728188920e+00,8.999999999999998579e+01,-1.867250678414261493e-06,1.895758319773387158e-22,2.558332872076199750e-19,-5.076961789389646158e-03,-8.337522993125609603e-27
8.969500000866066330e+03,0.000000000000000000e+00,8.153001855135961762e+00,1.000000119575299323e+03,1.012018854347895882e+02,6.196828253269608042e-15,5.955403568113948371e-29,1.800104707871912334e-05,1.121338990789848642e-21,-9.760892170501428211e+00,8.999999999999998579e+01,-1.830285188363824290e-06,0.000000000000000000e+00,2.558332872076199750e-19,-5.076377652804464104e-03,-8.172467156322051611e-27
8.979500000868103598e+03,0.000000000000000000e+00,8.162091550054281441e+00,1.000000119511038065e+03,1.012018854082260901e+02,6.196828251643062053e-15,8.470327677507235399e-22,2.759541118021263280e-05,1.707788331129794503e-21,-9.760775902571014129e+00,8.999999999999998579e+01,-1.730998127996644493e-06,0.000000000000000000e+00,2.558332872076200231e-19,-5.142203125265613559e-03,-7.729137206947383595e-27
8.989500000870140866e+03,0.000000000000000000e+00,8.171181244972663293e+00,1.000000119443051517e+03,1.012018854885423877e+02,6.196828256561016573e-15,0.000000000000000000e+00,8.389304163522853792e-07,7.323712064443249653e-23,-9.761066057030191701e+00,8.999999999999998579e+01,-2.096184732764868243e-06,0.000000000000000000e+00,2.558332872076199750e-19,-4.977931219950142844e-03,-9.359744039353120060e-27
8.999500000872178134e+03,0.000000000000000000e+00,8.180270939891091331e+00,1.000000119377858937e+03,1.012018854730434754e+02,6.196828255611981406e-15,-4.235163796735600341e-22,1.764510999185365947e-05,1.101424359855207938e-21,-9.760950824614569754e+00,8.999999999999998579e+01,-2.010373322921094387e-06,0.000000000000000000e+00,2.558332872076199750e-19,-5.043170431080365446e-03,-8.976584664494792657e-27
9.009500000874215402e+03,0.000000000000000000e+00,8.189360634809547790e+00,1.000000119310803711e+03,1.012018854608057694e+02,6.196828254862639276e-15,4.235164129472014468e-22,4.598435337027382518e-06,3.010302396265915515e-22,-9.760890103170689613e+00,8.999999999999998579e+01,-1.865239342144819063e-06,0.000000000000000000e+00,2.558332872076199750e-19,-5.077548077442642013e-03,-8.328542108776634381e-27
9.019500000876252670e+03,0.000000000000000000e+00,8.198450329728041552e+00,1.000000119246542454e+03,1.012018854850268355e+02,6.196828256345751421e-15,4.235164736271501695e-22,-1.239592331827395530e-06,-5.721537763886150372e-23,-9.760830413348454471e+00,8.999999999999998579e+01,-1.791481341222715765e-06,0.000000000000000000e+00,2.558332872076200231e-19,-5.111341664253456207e-03,-7.999202810243210146e-27
9.029500000878289939e+03,0.000000000000000000e+00,8.207540024646560184e+00,1.000000119201838970e+03,1.012018854637762928e+02,6.196828255044530880e-15,6.124685850044341642e-29,1.229304573921165223e-05,7.728563969676327962e-22,-9.760891155870952574e+00,8.999999999999998579e+01,-1.929195041209935211e-06,0.000000000000000000e+00,2.558332872076199750e-19,-5.076952087379688582e-03,-8.614112823871872499e-27
9.039500000880327207e+03,0.000000000000000000e+00,8.216629719565165857e+00,1.000000119135715067e+03,1.012018854657463862e+02,6.196828255165165067e-15,4.235164120958484407e-22,6.490862335809203009e-06,4.156042973936654976e-22,-9.760831449349320010e+00,8.999999999999998579e+01,-1.740278619274574342e-06,0.000000000000000000e+00,2.558332872076200231e-19,-5.110755130642481887e-03,-7.770575836645966087e-27
9.049500000882364475e+03,0.000000000000000000e+00,8.225719414483771530e+00,1.000000119070522487e+03,1.012018854798987348e+02,6.196828256031746126e-15,4.235164736271501695e-22,5.622020010926546553e-06,3.625937692873125352e-22,-9.760890085157164719e+00,8.999999999999998579e+01,-1.758574908459805502e-06,0.000000000000000000e+00,2.558332872076200231e-19,-5.077558274496831760e-03,-7.852271204886664038e-27
9.059500000884401743e+03,0.000000000000000000e+00,8.234809109402455363e+00,1.000000119006261230e+03,1.012018855306598653e+02,6.196828259139969322e-15,-4.235164391239129838e-22,-2.294233453303444071e-05,-1.385523159186205208e-21,-9.760885932133293252e+00,8.999999999999998579e+01,-1.849171964032429674e-06,0.000000000000000000e+00,2.558332872076199750e-19,-5.079909519075705669e-03,-8.256799125362614589e-27
9.069500000886439011e+03,0.000000000000000000e+00,8.243898804321206697e+00,1.000000118939206004e+03,1.012018854937287529e+02,6.196828256878589886e-15,0.000000000000000000e+00,-8.272193916342860862e-06,-4.882074053336202743e-22,-9.760887992080208519e+00,8.999999999999998579e+01,-1.756048691672116535e-06,0.000000000000000000e+00,2.558332872076200231e-19,-5.078743276341670179e-03,-7.840991310442677547e-27
9.079500000888476279e+03,0.000000000000000000e+00,8.252988499239972242e+00,1.000000118873082101e+03,1.012018854116031576e+02,6.196828251849847740e-15,0.000000000000000000e+00,3.631818754859994833e-05,2.243412829186476892e-21,-9.760835627085569399e+00,8.999999999999998579e+01,-1.875617587914296937e-06,0.000000000000000000e+00,2.558332872076199750e-19,-5.108389895888472421e-03,-8.374882358498658347e-27
9.089500000890513547e+03,0.000000000000000000e+00,8.262078194158787525e+00,1.000000118808820844e+03,1.012018854479599241e+02,6.196828254076057390e-15,4.235164106637491274e-22,1.867679616739102325e-05,1.163738020337819326e-21,-9.761009484499753697e+00,8.999999999999998579e+01,-1.928179182170867823e-06,0.000000000000000000e+00,2.558332872076199750e-19,-5.009959947877166975e-03,-8.609576877952072428e-27
9.099500000892550815e+03,0.000000000000000000e+00,8.271167889077664981e+00,1.000000118738971651e+03,1.012018854634308695e+02,6.196828255023379941e-15,-4.235164736271501695e-22,-1.108682479732900744e-05,-6.573967504938534685e-22,-9.761063947788711559e+00,8.999999999999998579e+01,-2.058673098157729723e-06,0.000000000000000000e+00,2.558332872076199750e-19,-4.979125377814133321e-03,-9.192249594358543984e-27
9.109500000894588084e+03,0.000000000000000000e+00,8.280257583996579740e+00,1.000000118673779070e+03,1.012018854056275927e+02,6.196828251483950386e-15,6.354085292202643340e-29,5.272922183320720186e-05,3.245482328988791276e-21,-9.760779083517594046e+00,8.999999999999998579e+01,-1.605603068042708291e-06,0.000000000000000000e+00,2.558332872076200231e-19,-5.140402222670042640e-03,-7.169231561885216955e-27
9.119500000896625352e+03,0.000000000000000000e+00,8.289347278915521144e+00,1.000000118610449135e+03,1.012018853986023998e+02,6.196828251053782168e-15,6.383056717356839305e-29,3.139580229872595619e-05,1.939385506483042837e-21,-9.760775943151985601e+00,8.999999999999998579e+01,-1.624620676977213139e-06,-9.478791598866934614e-23,2.558332872076200231e-19,-5.142180152532049159e-03,-7.254147718884746362e-27
9.129500000898662620e+03,0.000000000000000000e+00,8.298436973834512287e+00,1.000000118545256555e+03,1.012018854235428051e+02,6.196828252580941150e-15,0.000000000000000000e+00,2.327170520875324834e-05,1.441511468348939278e-21,-9.760833504789566462e+00,8.999999999999998579e+01,-1.584677769317874928e-06,9.478791598866934614e-23,2.558332872076200231e-19,-5.109591440690795620e-03,-7.075797315871455131e-27
9.139500000900699888e+03,0.000000000000000000e+00,8.307526668753551391e+00,1.000000118480995297e+03,1.012018854612521466e+02,6.196828254889971729e-15,0.000000000000000000e+00,1.905014069200132789e-06,1.349453086498162729e-22,-9.760830392678821354e+00,8.999999999999998579e+01,-1.754006059550910142e-06,0.000000000000000000e+00,2.558332872076200231e-19,-5.111353369837283965e-03,-7.831870685947032189e-27
9.149500000902737156e+03,0.000000000000000000e+00,8.316616363672638457e+00,1.000000118414871395e+03,1.012018854684971672e+02,6.196828255333601070e-15,8.470328825506371807e-22,-5.028650303388492993e-06,-2.897989886283368463e-22,-9.760829338797805121e+00,8.999999999999998579e+01,-1.736769321493255481e-06,0.000000000000000000e+00,2.558332872076200231e-19,-5.111950027738862076e-03,-7.754906354621029253e-27
9.159500000904774424e+03,0.000000000000000000e+00,8.325706058591814340e+00,1.000000118351541460e+03,1.012018853924512598e+02,6.196828250677133429e-15,9.581838208315224055e-26,4.563789953092432675e-05,2.811944173690951630e-21,-9.760836711170144397e+00,8.999999999999998579e+01,-1.670790827560584857e-06,0.000000000000000000e+00,2.558332872076200231e-19,-5.107776140176379688e-03,-7.460303591009982817e-27
9.169500000906811692e+03,0.000000000000000000e+00,8.334795753510997329e+00,1.000000118282623589e+03,1.012018854445514648e+02,6.196828253867349249e-15,4.235164083381286283e-22,1.707905590644323923e-05,1.064621747165240446e-21,-9.760832497837194310e+00,8.999999999999998579e+01,-1.805251234944720435e-06,0.000000000000000000e+00,2.558332872076200231e-19,-5.110161528838675325e-03,-8.060687219833896997e-27
9.179500000908848961e+03,0.000000000000000000e+00,8.343885448430219398e+00,1.000000118218362331e+03,1.012018854083879233e+02,6.196828251652971723e-15,4.235164080444611753e-22,2.454713025728969962e-05,1.521422777204369942e-21,-9.760833554640642618e+00,8.999999999999998579e+01,-1.758579421322866069e-06,0.000000000000000000e+00,2.558332872076200231e-19,-5.109563219253826158e-03,-7.852291355421332880e-27
9.189500000910886229e+03,0.000000000000000000e+00,8.352975143349471665e+00,1.000000118155032396e+03,1.012018854717119751e+02,6.196828255530451842e-15,0.000000000000000000e+00,9.126779419286931141e-06,5.788321702398008792e-22,-9.760890091329976315e+00,8.999999999999998579e+01,-1.915167469733178954e-06,0.000000000000000000e+00,2.558332872076199750e-19,-5.077554781963034870e-03,-8.551477848784063757e-27
9.199500000912923497e+03,0.000000000000000000e+00,8.362064838268782552e+00,1.000000118091702461e+03,1.012018855330768616e+02,6.196828259287966728e-15,4.235164074551495109e-22,-2.067668673584084835e-05,-1.246429365918214848e-21,-9.760944504082427642e+00,8.999999999999998579e+01,-1.883933267061681735e-06,0.000000000000000000e+00,2.558332872076199750e-19,-5.046748819181125917e-03,-8.412012973523339354e-27
9.209500000914960765e+03,0.000000000000000000e+00,8.371154533188139624e+00,1.000000118026509881e+03,1.012018854822965324e+02,6.196828256178568129e-15,4.235164736271501695e-22,1.812339005076198925e-05,1.128593026726695347e-21,-9.760832501905300163e+00,8.999999999999998579e+01,-1.807555848424914072e-06,1.895758319773386923e-22,2.558332872076200231e-19,-5.110159222611981335e-03,-8.070977625992803673e-27
9.219500000916998033e+03,0.000000000000000000e+00,8.380244228107542881e+00,1.000000117961317301e+03,1.012018854107947732e+02,6.196828251800349084e-15,6.676394771874794344e-29,2.429708071471952990e-05,1.506667561810380179e-21,-9.760892209989080470e+00,8.999999999999998579e+01,-1.811859561053865917e-06,0.000000000000000000e+00,2.558332872076199750e-19,-5.076355301531590772e-03,-8.090194276126875628e-27
9.229500000919035301e+03,0.000000000000000000e+00,8.389333923025349193e+00,1.000000117870047688e+03,1.012018853710916488e+02,6.196828249369234391e-15,8.470328131324811776e-22,3.305017020326555453e-05,2.042093155706433694e-21,-9.760834627301118616e+00,8.999999999999998579e+01,-1.759475157996284425e-06,0.000000000000000000e+00,2.558332872076200231e-19,-5.108955932724789858e-03,-7.856290938978453693e-27
9.239500000921072569e+03,0.000000000000000000e+00,8.398423617940904862e+00,1.000000117738731205e+03,1.012018854259380021e+02,6.196828252727604591e-15,4.235164736271501695e-22,1.040651424864809649e-05,6.557688400793203490e-22,-9.760890088841888357e+00,8.999999999999998579e+01,-1.778611376885086093e-06,0.000000000000000000e+00,2.558332872076200231e-19,-5.077556195472424268e-03,-7.941736705222524857e-27
9.249500000923109837e+03,0.000000000000000000e+00,8.407513312856501386e+00,1.000000117608346045e+03,1.012018854549448861e+02,6.196828254503763574e-15,4.235164059703402786e-22,6.092552569246606138e-06,3.912783092729899353e-22,-9.760771733011742057e+00,8.999999999999998579e+01,-1.746324802148707736e-06,0.000000000000000000e+00,2.558332872076200231e-19,-5.144563734769505223e-03,-7.797572848518278443e-27
9.259500000925147106e+03,0.000000000000000000e+00,8.416603007772140543e+00,1.000000117480754852e+03,1.012018854633820268e+02,6.196828255020389369e-15,8.470327433870555103e-22,6.352702043202936462e-06,4.077218926907811456e-22,-9.760771732240176135e+00,8.999999999999998579e+01,-1.795631828080598632e-06,0.000000000000000000e+00,2.558332872076200231e-19,-5.144564171031120597e-03,-8.017735286900093845e-27
9.269500000927184374e+03,0.000000000000000000e+00,8.425692702687838320e+00,1.000000117351301014e+03,1.012018854171869151e+02,6.196828252191754255e-15,8.470328789989547267e-22,1.249498045766643319e-05,7.838357692628637331e-22,-9.760831443143366926e+00,8.999999999999998579e+01,-1.796381400071709537e-06,0.000000000000000000e+00,2.558332872076200231e-19,-5.110758651516868201e-03,-8.021082225681875088e-27
9.279500000929221642e+03,0.000000000000000000e+00,8.434782397603580506e+00,1.000000117220915854e+03,1.012018854549347679e+02,6.196828254503144318e-15,0.000000000000000000e+00,1.681171272550827632e-05,1.046151468659923241e-21,-9.760655507445729739e+00,8.999999999999998579e+01,-1.603923485672272019e-06,0.000000000000000000e+00,2.558332872076200231e-19,-5.210365220552660125e-03,-7.161732002884251028e-27
9.289500000931258910e+03,0.000000000000000000e+00,8.443872092519374206e+00,1.000000117091462016e+03,1.012018854594729191e+02,6.196828254781025305e-15,4.235164277210241562e-22,-1.848771849557256537e-05,-1.112282552201451542e-21,-9.760944460167896963e+00,8.999999999999998579e+01,-1.894603983049382213e-06,0.000000000000000000e+00,2.558332872076199750e-19,-5.046773689917603140e-03,-8.459659141726164531e-27
9.299500000933296178e+03,0.000000000000000000e+00,8.452961787435208763e+00,1.000000116962939501e+03,1.012018853931858615e+02,6.196828250722113489e-15,6.915809072403086324e-29,3.487958321429254321e-05,2.153898861326517273e-21,-9.760834652574640558e+00,8.999999999999998579e+01,-1.739004984069930056e-06,0.000000000000000000e+00,2.558332872076200231e-19,-5.108941623527760330e-03,-7.764888885811604719e-27
9.309500000935333446e+03,0.000000000000000000e+00,8.462051482351112597e+00,1.000000116832554340e+03,1.012018854269923054e+02,6.196828252792161023e-15,8.470329086628251274e-22,4.976090715520893053e-06,3.233626737365280812e-22,-9.760889017755678410e+00,8.999999999999998579e+01,-1.789279583375333972e-06,0.000000000000000000e+00,2.558332872076200231e-19,-5.078162596124472482e-03,-7.989371668184966207e-27
9.319500000937370714e+03,0.000000000000000000e+00,8.471141177267030642e+00,1.000000116705894470e+03,1.012018854349150274e+02,6.196828253277287603e-15,8.470329007436734406e-22,2.819602743440712480e-05,1.745178450304990555e-21,-9.760833588330582344e+00,8.999999999999998579e+01,-1.789771651127670919e-06,0.000000000000000000e+00,2.558332872076200231e-19,-5.109544145659511080e-03,-7.991568816241576819e-27
9.329500000939407983e+03,0.000000000000000000e+00,8.480230872182957569e+00,1.000000116604380310e+03,1.012018853880699965e+02,6.196828250408856823e-15,7.006676561222013487e-29,3.566140991412883435e-05,2.201814216181446037e-21,-9.760834664027374430e+00,8.999999999999998579e+01,-1.743057777584842291e-06,0.000000000000000000e+00,2.558332872076200231e-19,-5.108935140591878629e-03,-7.782985148679568711e-27
9.339500000941445251e+03,0.000000000000000000e+00,8.489320567098991077e+00,1.000000116476789117e+03,1.012018854703590449e+02,6.196828255447608037e-15,4.235164032561752152e-22,-1.727160362217542450e-05,-1.037755795942478441e-21,-9.760944437124940976e+00,8.999999999999998579e+01,-1.900470491729711954e-06,0.000000000000000000e+00,2.558332872076199750e-19,-5.046786735805105367e-03,-8.485853884390902118e-27
9.349500000943482519e+03,0.000000000000000000e+00,8.498410262015065442e+00,1.000000116346403956e+03,1.012018854348025911e+02,6.196828253270403214e-15,0.000000000000000000e+00,1.316317218243027126e-05,8.256573181141420479e-22,-9.760890103210426716e+00,8.999999999999998579e+01,-1.883246638740553083e-06,0.000000000000000000e+00,2.558332872076199750e-19,-5.077548062201116957e-03,-8.408947086611997533e-27
9.359500000945519787e+03,0.000000000000000000e+00,8.507499956931173557e+00,1.000000116214156151e+03,1.012018854251319766e+02,6.196828252678251086e-15,7.098137025104915027e-29,1.890597579315450483e-06,1.332848074632267668e-22,-9.760770650314155361e+00,8.999999999999998579e+01,-1.679458609798520897e-06,0.000000000000000000e+00,2.558332872076200231e-19,-5.145176712903774645e-03,-7.499006393233396454e-27
9.369500000947557055e+03,0.000000000000000000e+00,8.516589651847336739e+00,1.000000116087496281e+03,1.012018854352472346e+02,6.196828253297630748e-15,7.128755618322310751e-29,2.807083515248545773e-05,1.737859444796534726e-21,-9.760892245648880916e+00,8.999999999999998579e+01,-1.822976393913778906e-06,0.000000000000000000e+00,2.558332872076199750e-19,-5.076335113522337759e-03,-8.139832415585991870e-27
9.379500000949594323e+03,0.000000000000000000e+00,8.525679346763599398e+00,1.000000115958973765e+03,1.012018853561068852e+02,6.196828248451681873e-15,4.235164736271501695e-22,4.991478771118451196e-05,3.075073409905767949e-21,-9.760895470272021868e+00,8.999999999999998579e+01,-1.790147171058929704e-06,0.000000000000000000e+00,2.558332872076200231e-19,-5.074509489238461860e-03,-7.993245562753142888e-27
9.389500000951631591e+03,0.000000000000000000e+00,8.534769041679846069e+00,1.000000115829519928e+03,1.012018854006213502e+02,6.196828251177406927e-15,1.438038092447773893e-28,2.137770703499625665e-05,1.328093983845174884e-21,-9.760891171288538004e+00,8.999999999999998579e+01,-1.829729294904514079e-06,0.000000000000000000e+00,2.558332872076199750e-19,-5.076943370009702125e-03,-8.169985017982348810e-27
9.399500000953668859e+03,0.000000000000000000e+00,8.543858736596146031e+00,1.000000115704722703e+03,1.012018854478955490e+02,6.196828254072117030e-15,0.000000000000000000e+00,8.693504683580924853e-06,5.512973059173132062e-22,-9.760830368349740382e+00,8.999999999999998579e+01,-1.818912712782787845e-06,0.000000000000000000e+00,2.558332872076199750e-19,-5.111367149652048039e-03,-8.121687538062027260e-27
9.409500000955706128e+03,0.000000000000000000e+00,8.552948431512495731e+00,1.000000115574337542e+03,1.012018854461713744e+02,6.196828253966540620e-15,4.235164736271501695e-22,-1.176676015220434841e-06,-5.227703463506247059e-23,-9.760946570678827428e+00,8.999999999999998579e+01,-1.895550639090083110e-06,0.000000000000000000e+00,2.558332872076199750e-19,-5.045578820499123721e-03,-8.463886087040559629e-27
9.419500000957743396e+03,0.000000000000000000e+00,8.562038126428872076e+00,1.000000115444883704e+03,1.012018854125457921e+02,6.196828251907567114e-15,4.235164736271501695e-22,1.641602952119771515e-05,1.023884096561455675e-21,-9.760831451391435820e+00,8.999999999999998579e+01,-1.791929273927844273e-06,0.000000000000000000e+00,2.558332872076200231e-19,-5.110753985456773472e-03,-8.001202889435340231e-27
9.429500000959780664e+03,0.000000000000000000e+00,8.571127821345310593e+00,1.000000115320086479e+03,1.012018854509768175e+02,6.196828254260788893e-15,4.235164736271501695e-22,1.517866874139889581e-05,9.492372717153644498e-22,-9.760890093676893642e+00,8.999999999999998579e+01,-1.899230878477883445e-06,0.000000000000000000e+00,2.558332872076199750e-19,-5.077553459883889925e-03,-8.480318846107515379e-27
9.439500000961817932e+03,0.000000000000000000e+00,8.580217516261811284e+00,1.000000115191563964e+03,1.012018854286220488e+02,6.196828252891955083e-15,1.468986114174759470e-28,8.244433883327823335e-06,5.239071249523369817e-22,-9.760889008805946787e+00,8.999999999999998579e+01,-1.829164580644101475e-06,0.000000000000000000e+00,2.558332872076199750e-19,-5.078167665646293044e-03,-8.167463493590813003e-27
9.449500000963855200e+03,0.000000000000000000e+00,8.589307211178347501e+00,1.000000115061178803e+03,1.012018854436646365e+02,6.196828253813048009e-15,7.376076249008225328e-29,8.498486709565774804e-06,5.395780025316474478e-22,-9.760889008347065854e+00,8.999999999999998579e+01,-1.840170471361283594e-06,0.000000000000000000e+00,2.558332872076199750e-19,-5.078167924284266062e-03,-8.216606261605368555e-27
9.459500000965892468e+03,0.000000000000000000e+00,8.598396906094926351e+00,1.000000114933587611e+03,1.012018854674173127e+02,6.196828255267479537e-15,4.235164736271501695e-22,2.922812227302668215e-08,2.197476213083719809e-23,-9.760946561365193119e+00,8.999999999999998579e+01,-1.934930680152491137e-06,0.000000000000000000e+00,2.558332872076199750e-19,-5.045584092584862179e-03,-8.639723215725865939e-27
9.469500000967929736e+03,0.000000000000000000e+00,8.607486601011554939e+00,1.000000114805065095e+03,1.012018855165720339e+02,6.196828258277338878e-15,4.235163992414975569e-22,-1.977469341073387885e-05,-1.191598391794427079e-21,-9.760884653241358677e+00,8.999999999999998579e+01,-1.845607233928458478e-06,0.000000000000000000e+00,2.558332872076199750e-19,-5.080633576458923328e-03,-8.240882130633561138e-27
9.479500000969967004e+03,0.000000000000000000e+00,8.616576295928215501e+00,1.000000114677473903e+03,1.012018854017642440e+02,6.196828251247389144e-15,-1.027241489808889597e-25,9.252624322913793615e-06,5.859132593707622428e-22,-9.760889007252604443e+00,8.999999999999998579e+01,-1.855299816939333933e-06,0.000000000000000000e+00,2.558332872076199750e-19,-5.078168548393186855e-03,-8.284160804809533010e-27
9.489500000972004273e+03,0.000000000000000000e+00,8.625665990844932907e+00,1.000000114548951387e+03,1.012018854910020593e+02,6.196828256711628264e-15,4.235163986139720288e-22,-1.053042654520501252e-05,-6.260327448629742685e-22,-9.760827092739905453e+00,8.999999999999998579e+01,-1.799357357331890466e-06,0.000000000000000000e+00,2.558332872076200231e-19,-5.113221645680397429e-03,-8.034370271240055859e-27
9.499500000974041541e+03,0.000000000000000000e+00,8.634755685761694721e+00,1.000000114419497550e+03,1.012018854163513168e+02,6.196828252140589526e-15,1.506558583604916589e-28,1.695260664006808415e-05,1.057272134781068405e-21,-9.760890113381893940e+00,8.999999999999998579e+01,-1.842910677426372719e-06,0.000000000000000000e+00,2.558332872076199750e-19,-5.077542308508127024e-03,-8.228841646675883346e-27
9.509500000976078809e+03,0.000000000000000000e+00,8.643845380678515156e+00,1.000000114290975034e+03,1.012018854944243600e+02,6.196828256921183641e-15,7.564333907026680086e-29,1.717701850945188376e-05,1.072224983329961645e-21,-9.760890117169109814e+00,8.999999999999998579e+01,-1.958992407531274196e-06,0.000000000000000000e+00,2.558332872076199750e-19,-5.077540157441710021e-03,-8.747162033445452283e-27
9.519500000978116077e+03,0.000000000000000000e+00,8.652935075595355130e+00,1.000000114161521196e+03,1.012018854825191454e+02,6.196828256192199645e-15,7.595940780938380911e-29,-1.289007284015949566e-05,-7.694481546113608449e-22,-9.760944362134743812e+00,8.999999999999998579e+01,-1.902012567934686792e-06,0.000000000000000000e+00,2.558332872076199750e-19,-5.046829194535481546e-03,-8.492739460047542215e-27
9.529500000980153345e+03,0.000000000000000000e+00,8.662024770512253724e+00,1.000000114031136036e+03,1.012018854156259096e+02,6.196828252096170346e-15,4.235164736271501695e-22,1.928907594757781432e-05,1.199918880673441673e-21,-9.760831462509479195e+00,8.999999999999998579e+01,-1.802588244192066871e-06,0.000000000000000000e+00,2.558332872076200231e-19,-5.110747693022429060e-03,-8.048796611418328186e-27
9.539500000982190613e+03,0.000000000000000000e+00,8.671114465429225149e+00,1.000000113887712359e+03,1.012018853799991405e+02,6.196828249914660710e-15,0.000000000000000000e+00,2.115859489039884669e-05,1.312838179279726744e-21,-9.760772824529075464e+00,8.999999999999998579e+01,-1.653460772286455457e-06,0.000000000000000000e+00,2.558332872076200231e-19,-5.143945781478282721e-03,-7.382922585882758734e-27
9.549500000984227881e+03,0.000000000000000000e+00,8.680204160346219666e+00,1.000000113759189844e+03,1.012018854522269606e+02,6.196828254337339166e-15,0.000000000000000000e+00,-1.775116173345050842e-05,-1.067664831460902181e-21,-9.760884613759113648e+00,8.999999999999998579e+01,-1.848270969655383895e-06,0.000000000000000000e+00,2.558332872076199750e-19,-5.080655937098902709e-03,-8.252776065458482265e-27
9.559500000986265150e+03,0.000000000000000000e+00,8.689293855263260369e+00,1.000000113628804684e+03,1.012018853352852830e+02,6.196828247176726456e-15,-4.235163963968789045e-22,4.168281113605074728e-05,2.569160737820709950e-21,-9.760834722232150540e+00,8.999999999999998579e+01,-1.612878013345363304e-06,0.000000000000000000e+00,2.558332872076200231e-19,-5.108902197587601897e-03,-7.201715161669542128e-27
9.569500000988302418e+03,0.000000000000000000e+00,8.698383550180354362e+00,1.000000113497488201e+03,1.012018854062075093e+02,6.196828251519460171e-15,4.235164736271501695e-22,3.078571536927287000e-05,1.901579653290350273e-21,-9.760715291303849739e+00,8.999999999999998579e+01,-1.581606274355618017e-06,0.000000000000000000e+00,2.558332872076200231e-19,-5.176518403595451075e-03,-7.062082681748074897e-27
9.579500000990339686e+03,0.000000000000000000e+00,8.707473245097483883e+00,1.000000113368965685e+03,1.012018854702989614e+02,6.196828255443929578e-15,7.786965603750094058e-29,1.733845436175357306e-05,1.081545202970630710e-21,-9.760948745932100934e+00,8.999999999999998579e+01,-1.904894915284352608e-06,0.000000000000000000e+00,2.558332872076199750e-19,-5.044347294742591685e-03,-8.505609524886621000e-27
9.589500000992376954e+03,0.000000000000000000e+00,8.716562940014663141e+00,1.000000113235786557e+03,1.012018854599374151e+02,6.196828254809467685e-15,4.235164736271501695e-22,1.203834686108903931e-05,7.557951884866592130e-22,-9.760888987196221223e+00,8.999999999999998579e+01,-1.788702852748285097e-06,0.000000000000000000e+00,2.558332872076200231e-19,-5.078179900481678312e-03,-7.986796489115845238e-27
9.599500000994414222e+03,0.000000000000000000e+00,8.725652634932007601e+00,1.000000113106332719e+03,1.012018853656998658e+02,6.196828249039082692e-15,-4.235163951154739703e-22,2.442433910482688929e-05,1.512606293125128102e-21,-9.760714197040359252e+00,8.999999999999998579e+01,-1.634197414193167662e-06,0.000000000000000000e+00,2.558332872076200231e-19,-5.177137929139497170e-03,-7.296909126155969596e-27
9.609500000996451490e+03,0.000000000000000000e+00,8.734742329849273901e+00,1.000000112975947559e+03,1.012018854374418311e+02,6.196828253432010837e-15,7.883367455996810712e-29,5.345903509972297953e-06,3.463269442444222458e-22,-9.760887901700739278e+00,8.999999999999998579e+01,-1.819934470937460948e-06,0.000000000000000000e+00,2.558332872076199750e-19,-5.078794460058620730e-03,-8.126249824318756641e-27
9.619500000998488758e+03,0.000000000000000000e+00,8.743832024766579281e+00,1.000000112852081429e+03,1.012018854475758900e+02,6.196828254052543024e-15,0.000000000000000000e+00,3.938985757542072926e-06,2.603092657343499510e-22,-9.760946538013763885e+00,8.999999999999998579e+01,-1.832466069901836275e-06,0.000000000000000000e+00,2.558332872076199750e-19,-5.045597318386334414e-03,-8.182205082878276857e-27
9.629500001000526026e+03,0.000000000000000000e+00,8.752921719683936175e+00,1.000000112724490464e+03,1.012018854601620319e+02,6.196828254823220686e-15,4.235165531067979124e-22,5.849083842968762675e-06,3.769290129112448631e-22,-9.760887899933148759e+00,8.999999999999998579e+01,-1.799913259857307925e-06,1.895758319773386923e-22,2.558332872076200231e-19,-5.078795459131579641e-03,-8.036852450061138092e-27
9.639500001002563295e+03,0.000000000000000000e+00,8.762011414601333925e+00,1.000000112596899271e+03,1.012018853955431723e+02,6.196828250866458468e-15,7.980362266386865388e-29,2.766891121280679795e-05,1.713663050600884441e-21,-9.760891224166702074e+00,8.999999999999998579e+01,-1.862707296972686440e-06,0.000000000000000000e+00,2.558332872076199750e-19,-5.076913438752025769e-03,-8.317236189819777789e-27
9.649500001004600563e+03,0.000000000000000000e+00,8.771101109518792072e+00,1.000000112468376756e+03,1.012018854416930935e+02,6.196828253692324680e-15,4.235163934988937961e-22,8.636674496223718192e-07,7.101397093119876428e-23,-9.760828152402178048e+00,8.999999999999998579e+01,-1.737973458079434315e-06,0.000000000000000000e+00,2.558332872076200231e-19,-5.112621722150061457e-03,-7.760282984866871096e-27
9.659500001006637831e+03,0.000000000000000000e+00,8.780190804436299956e+00,1.000000112340785563e+03,1.012018854462198334e+02,6.196828253969509103e-15,0.000000000000000000e+00,2.268031012460136991e-05,1.407955733274010074e-21,-9.760831482723190788e+00,8.999999999999998579e+01,-1.839366298826322413e-06,0.000000000000000000e+00,2.558332872076199750e-19,-5.110736248985903347e-03,-8.213015524122616627e-27
9.669500001008675099e+03,0.000000000000000000e+00,8.789280499353862908e+00,1.000000112205743790e+03,1.012018853600485357e+02,6.196828248693037023e-15,4.235164197718862197e-22,6.780002759638110749e-05,4.170031281425122450e-21,-9.760779519305611274e+00,8.999999999999998579e+01,-1.771280662550780456e-06,0.000000000000000000e+00,2.558332872076200231e-19,-5.140155514779489419e-03,-7.909004089283561142e-27
9.679500001010712367e+03,0.000000000000000000e+00,8.798370194271452505e+00,1.000000112075358629e+03,1.012018854269047807e+02,6.196828252786802291e-15,0.000000000000000000e+00,2.321324118987856138e-05,1.439962617430577427e-21,-9.760831486420972425e+00,8.999999999999998579e+01,-1.779381205878675735e-06,0.000000000000000000e+00,2.558332872076200231e-19,-5.110734157690047241e-03,-7.945174094218566604e-27
9.689500001012749635e+03,0.000000000000000000e+00,8.807459889189070523e+00,1.000000111944042146e+03,1.012018854167045561e+02,6.196828252162218514e-15,8.143337963542607641e-29,2.173444426101115305e-05,1.350504269856021398e-21,-9.760890123694576204e+00,8.999999999999998579e+01,-1.884038732709223209e-06,0.000000000000000000e+00,2.558332872076199750e-19,-5.077536474073234343e-03,-8.412483891687421690e-27
9.699500001014786903e+03,0.000000000000000000e+00,8.816549584106741833e+00,1.000000111813656986e+03,1.012018854456669601e+02,6.196828253935655926e-15,4.235163101045350676e-22,4.335117447389255348e-05,2.670576083693858661e-21,-9.760657815496811551e+00,8.999999999999998579e+01,-1.541732324030712715e-06,-9.478791598866934614e-23,2.558332872076200231e-19,-5.209058519084981513e-03,-6.884040182418002486e-27
9.709500001016824172e+03,0.000000000000000000e+00,8.825639279024480643e+00,1.000000111684203148e+03,1.012018854540798571e+02,6.196828254450796297e-15,-4.235163094473615971e-22,7.869571719196678946e-06,5.009106256362051335e-22,-9.760887894425417599e+00,8.999999999999998579e+01,-1.825073406376180875e-06,0.000000000000000000e+00,2.558332872076199750e-19,-5.078798579650562611e-03,-8.149195855548426777e-27
9.719500001018861440e+03,0.000000000000000000e+00,8.834728973942251429e+00,1.000000111553817987e+03,1.012018853576847164e+02,6.196828248548296824e-15,0.000000000000000000e+00,4.409521697620333856e-05,2.717521436763154608e-21,-9.760893446458640099e+00,8.999999999999998579e+01,-1.674530891881112421e-06,0.000000000000000000e+00,2.558332872076200231e-19,-5.075655285585054834e-03,-7.477003476370128469e-27
9.729500001020898708e+03,0.000000000000000000e+00,8.843818668860061294e+00,1.000000111426226795e+03,1.012018854284272749e+02,6.196828252880027507e-15,-1.081194358094798205e-25,1.731559147713089048e-05,1.079748250131134546e-21,-9.760830378983612832e+00,8.999999999999998579e+01,-1.866885026331401183e-06,-1.895758319773387158e-22,2.558332872076199750e-19,-5.111361138195846289e-03,-8.335890307871522263e-27
9.739500001022935976e+03,0.000000000000000000e+00,8.852908363777926226e+00,1.000000111295841634e+03,1.012018854657634250e+02,6.196828255166207941e-15,0.000000000000000000e+00,2.299428361189977363e-05,1.427670400779812489e-21,-9.760890132558646570e+00,8.999999999999998579e+01,-1.886264628432836652e-06,0.000000000000000000e+00,2.558332872076199750e-19,-5.077531452253476567e-03,-8.422422812578154078e-27
9.749500001024973244e+03,0.000000000000000000e+00,8.861998058695826685e+00,1.000000111166387796e+03,1.012018854407388631e+02,6.196828253633895331e-15,4.235163902163205552e-22,3.482834655866684070e-06,2.313663486717526537e-22,-9.760828138083590844e+00,8.999999999999998579e+01,-1.735542450598938461e-06,0.000000000000000000e+00,2.558332872076200231e-19,-5.112629830929900018e-03,-7.749428212661189030e-27
9.759500001027010512e+03,0.000000000000000000e+00,8.871087753613782212e+00,1.000000111036002636e+03,1.012018854034677275e+02,6.196828251351696277e-15,8.470328635115897371e-22,3.070017686898557699e-05,1.898732478108814763e-21,-9.760891258423711747e+00,8.999999999999998579e+01,-1.810734994044177611e-06,0.000000000000000000e+00,2.558332872076200231e-19,-5.076894045929734173e-03,-8.085172934638569029e-27
9.769500001029047780e+03,0.000000000000000000e+00,8.880177448531792805e+00,1.000000110905617476e+03,1.012018854260137601e+02,6.196828252732244671e-15,0.000000000000000000e+00,2.555517889762436040e-05,1.583985878918569452e-21,-9.760831507386281913e+00,8.999999999999998579e+01,-1.838932089343202845e-06,0.000000000000000000e+00,2.558332872076199750e-19,-5.110722290149290713e-03,-8.211076720944663594e-27
9.779500001031085048e+03,0.000000000000000000e+00,8.889267143449822939e+00,1.000000110777094960e+03,1.012018854795673803e+02,6.196828256011456624e-15,0.000000000000000000e+00,-2.092408022232581012e-05,-1.262215817522698406e-21,-9.760942004050550125e+00,8.999999999999998579e+01,-1.822737664890280092e-06,0.000000000000000000e+00,2.558332872076199750e-19,-5.048164238099045638e-03,-8.138766458697849931e-27
9.789500001033122317e+03,0.000000000000000000e+00,8.898356838367897481e+00,1.000000110648572445e+03,1.012018854491306286e+02,6.196828254147742758e-15,8.474230627034849642e-29,4.523492585145283590e-06,2.954768659154104186e-22,-9.760828133524704242e+00,8.999999999999998579e+01,-1.772810121990680596e-06,0.000000000000000000e+00,2.558332872076200231e-19,-5.112632412056511075e-03,-7.915833329403611782e-27
9.799500001035159585e+03,0.000000000000000000e+00,8.907446533286009327e+00,1.000000110522843897e+03,1.012018853852588478e+02,6.196828250236724218e-15,0.000000000000000000e+00,3.702443424329767509e-05,2.288842646758538272e-21,-9.760951029999356265e+00,8.999999999999998579e+01,-2.085004314926574133e-06,0.000000000000000000e+00,2.558332872076199750e-19,-5.043054174619065674e-03,-9.309821984496141635e-27
9.809500001037196853e+03,0.000000000000000000e+00,8.916536228204224201e+00,1.000000110371038318e+03,1.012018853660291455e+02,6.196828249059245188e-15,4.235163028031550329e-22,5.371530811212126238e-05,3.305301599218481183e-21,-9.760659002064363321e+00,8.999999999999998579e+01,-1.551832649963824464e-06,0.000000000000000000e+00,2.558332872076200231e-19,-5.208386749456612834e-03,-6.929139483052288908e-27
9.819500001039234121e+03,0.000000000000000000e+00,8.925625923122494143e+00,1.000000110242515802e+03,1.012018855153232408e+02,6.196828258200871435e-15,8.574783148213508485e-29,-2.714936325264945377e-05,-1.642629611083068894e-21,-9.760940878314423585e+00,8.999999999999998579e+01,-1.897070034807247119e-06,0.000000000000000000e+00,2.558332872076199750e-19,-5.048801575189626294e-03,-8.470670391298126802e-27
9.829500001041271389e+03,0.000000000000000000e+00,8.934715618040756979e+00,1.000000110112130642e+03,1.012018854147715672e+02,6.196828252043857824e-15,0.000000000000000000e+00,1.808563717697579071e-05,1.126451253925759200e-21,-9.760889021020153322e+00,8.999999999999998579e+01,-1.823827174859737501e-06,0.000000000000000000e+00,2.558332872076199750e-19,-5.078160760323924446e-03,-8.143631265831996292e-27
9.839500001043308657e+03,0.000000000000000000e+00,8.943805312959078435e+00,1.000000109981745481e+03,1.012018854750192531e+02,6.196828255732963481e-15,0.000000000000000000e+00,7.398738856421206101e-06,4.735201675074962436e-22,-9.761005153123653244e+00,8.999999999999998579e+01,-1.963005325322022691e-06,0.000000000000000000e+00,2.558332872076199750e-19,-5.012412184006321408e-03,-8.765080245893663772e-27
9.849500001045345925e+03,0.000000000000000000e+00,8.952895007877444300e+00,1.000000109853222966e+03,1.012018853500316737e+02,6.196828248079683469e-15,-4.235163001085778901e-22,4.202515383064167744e-05,2.592198949873243453e-21,-9.760833794325357360e+00,8.999999999999998579e+01,-1.811895330910284040e-06,0.000000000000000000e+00,2.558332872076199750e-19,-5.109427540299658899e-03,-8.090353993300254869e-27
9.859500001047383194e+03,0.000000000000000000e+00,8.961984702795854574e+00,1.000000109722837578e+03,1.012018854796901195e+02,6.196828256018970524e-15,0.000000000000000000e+00,7.864516474506355538e-06,5.024119187616468010e-22,-9.761005152003797036e+00,8.999999999999998579e+01,-1.998646784995710629e-06,0.000000000000000000e+00,2.558332872076199750e-19,-5.012412818028348128e-03,-8.924224110706869490e-27
9.869500001049420462e+03,0.000000000000000000e+00,8.971074397714305704e+00,1.000000109592452645e+03,1.012018854814817530e+02,6.196828256128678199e-15,4.235164736271501695e-22,-4.367426066337493716e-06,-2.477072621802430238e-22,-9.760944252164595270e+00,8.999999999999998579e+01,-1.890457358435252380e-06,0.000000000000000000e+00,2.558332872076199750e-19,-5.046891462280298640e-03,-8.441143910502078358e-27
9.879500001051457730e+03,0.000000000000000000e+00,8.980164092632785255e+00,1.000000109465792775e+03,1.012018854354769530e+02,6.196828253311697716e-15,8.777667025116490313e-29,2.652378386199982823e-05,1.643732353797836529e-21,-9.760890162719960017e+00,8.999999999999998579e+01,-1.880742304909956045e-06,0.000000000000000000e+00,2.558332872076199750e-19,-5.077514382168532049e-03,-8.397764902486189269e-27
9.889500001053494998e+03,0.000000000000000000e+00,8.989253787551339414e+00,1.000000109335407615e+03,1.012018854414384350e+02,6.196828253676732845e-15,5.874732303994616991e-29,2.152941706336532597e-05,1.335966412820039392e-21,-9.760830398725081736e+00,8.999999999999998579e+01,-1.693898309116593557e-06,0.000000000000000000e+00,2.558332872076200231e-19,-5.111349963802670759e-03,-7.563481574027274604e-27
9.899500001055532266e+03,0.000000000000000000e+00,8.998343482469909560e+00,1.000000109207816422e+03,1.012018855299217961e+02,6.196828259094775481e-15,0.000000000000000000e+00,-3.237769170448012327e-05,-1.963146258354572077e-21,-9.760939692901962061e+00,8.999999999999998579e+01,-1.861213890773619812e-06,0.000000000000000000e+00,2.558332872076199750e-19,-5.049472701001052506e-03,-8.310567932222265478e-27
9.909500001057569534e+03,0.000000000000000000e+00,9.007433177388541878e+00,1.000000109081156552e+03,1.012018855266642703e+02,6.196828258895308846e-15,8.879998377214959127e-29,-1.776166213201603347e-05,-1.068135777838661172e-21,-9.760941964301323992e+00,8.999999999999998579e+01,-1.864740836389326223e-06,0.000000000000000000e+00,2.558332872076199750e-19,-5.048186740814396452e-03,-8.326316214178404063e-27
9.919500001059606802e+03,0.000000000000000000e+00,9.016522872307209724e+00,1.000000108951702714e+03,1.012018855829940378e+02,6.196828262344513224e-15,8.914240592451550849e-29,-4.431897306316733958e-05,-2.694721194777465217e-21,-9.760878769912752162e+00,8.999999999999998579e+01,-1.824590301360845712e-06,0.000000000000000000e+00,2.558332872076199750e-19,-5.083964447279151928e-03,-8.147038727306344461e-27
9.929500001061644070e+03,0.000000000000000000e+00,9.025612567225934413e+00,1.000000108823180199e+03,1.012018855054642756e+02,6.196828257597183795e-15,4.234040378630776769e-22,6.215760710896256410e-06,4.003400729176663724e-22,-9.760886765575966351e+00,8.999999999999998579e+01,-1.891808026568105987e-06,1.895758319773387158e-22,2.558332872076199750e-19,-5.079437681827884965e-03,-8.447174823621528271e-27
9.939500001063681339e+03,0.000000000000000000e+00,9.034702262144705287e+00,1.000000108695589006e+03,1.012018854665858498e+02,6.196828255216566455e-15,-8.982922669327516405e-29,5.857938755327667642e-07,5.726590244117860576e-23,-9.761062634482527756e+00,8.999999999999998579e+01,-2.051150208014934627e-06,0.000000000000000000e+00,2.558332872076199750e-19,-4.979868927312688584e-03,-9.158658887837239153e-27
9.949500001065718607e+03,0.000000000000000000e+00,9.043791957063515241e+00,1.000000108566135168e+03,1.012018854795013141e+02,6.196828256007410556e-15,-8.470327669070497092e-22,8.128989556948447386e-07,7.100116936663711860e-23,-9.761062632821936091e+00,8.999999999999998579e+01,-2.034706971420622755e-06,0.000000000000000000e+00,2.558332872076199750e-19,-4.979869866512319845e-03,-9.085237646237851009e-27
9.959500001067755875e+03,0.000000000000000000e+00,9.052881651982364275e+00,1.000000108435750008e+03,1.012018854211921877e+02,6.196828252437007955e-15,4.235164736271501695e-22,2.335553758706047849e-05,1.448059403702075722e-21,-9.760830411202105594e+00,8.999999999999998579e+01,-1.720295210102356157e-06,0.000000000000000000e+00,2.558332872076200231e-19,-5.111342903257652323e-03,-7.681347252942413507e-27
9.969500001069793143e+03,0.000000000000000000e+00,9.061971346901257718e+00,1.000000108308158815e+03,1.012018854252150248e+02,6.196828252683334506e-15,0.000000000000000000e+00,2.878933073180057022e-05,1.782626511375824323e-21,-9.760890186246417244e+00,8.999999999999998579e+01,-1.896983599715597061e-06,0.000000000000000000e+00,2.558332872076199750e-19,-5.077501065468366728e-03,-8.470284447100930419e-27
9.979500001071830411e+03,0.000000000000000000e+00,9.071061041820190241e+00,1.000000108182430267e+03,1.012018854154409553e+02,6.196828252084844670e-15,8.470328864444015622e-22,2.386992149776546822e-05,1.480085047902414967e-21,-9.760830415137203175e+00,8.999999999999998579e+01,-1.770979757931109450e-06,0.000000000000000000e+00,2.558332872076200231e-19,-5.111340676341812224e-03,-7.907660510076842695e-27
9.989500001073867679e+03,0.000000000000000000e+00,9.080150736739165396e+00,1.000000108053907752e+03,1.012018853788675159e+02,6.196828249845369534e-15,-4.235164125858799211e-22,5.489922168426996442e-05,3.378409131035984950e-21,-9.760776383734333095e+00,8.999999999999998579e+01,-1.610649187790868418e-06,0.000000000000000000e+00,2.558332872076200231e-19,-5.141930734756046222e-03,-7.191763158693677481e-27
9.999500001075904947e+03,0.000000000000000000e+00,9.089240431658193842e+00,1.000000107924453914e+03,1.012018854626106048e+02,6.196828254973153167e-15,4.235164123540691907e-22,1.115074886161216080e-05,7.029910251540405872e-22,-9.761005148290065492e+00,8.999999999999998579e+01,-1.936878357122193594e-06,0.000000000000000000e+00,2.558332872076199750e-19,-5.012414925153465747e-03,-8.648419852822214569e-27
1.000950000107794222e+04,0.000000000000000000e+00,9.098330126577257815e+00,1.000000107795931399e+03,1.012018854955594520e+02,6.196828256990689387e-15,9.225385218572320065e-29,-4.095173636879231062e-06,-2.316576034529959587e-22,-9.760825819189136610e+00,8.999999999999998579e+01,-1.830931865993941269e-06,0.000000000000000000e+00,2.558332872076199750e-19,-5.113942681768898942e-03,-8.175354658076674000e-27
1.001950000107997948e+04,0.000000000000000000e+00,9.107419821496359091e+00,1.000000107669271529e+03,1.012018854523776668e+02,6.196828254346566472e-15,4.235163810242876318e-22,3.411947175936923667e-05,2.108297505553137498e-21,-9.760772949699681789e+00,8.999999999999998579e+01,-1.829360855116465120e-06,0.000000000000000000e+00,2.558332872076199750e-19,-5.143874919434326953e-03,-8.168339885253278155e-27
1.002950000108201675e+04,0.000000000000000000e+00,9.116509516415511882e+00,1.000000107539817691e+03,1.012018855629565905e+02,6.196828261117572614e-15,4.236692345911548590e-22,-1.484374609614043742e-05,-8.889781740193456583e-22,-9.760941911969240437e+00,8.999999999999998579e+01,-1.911420863380485512e-06,0.000000000000000000e+00,2.558332872076199750e-19,-5.048216368078570562e-03,-8.534748752378917020e-27
1.003950000108405402e+04,0.000000000000000000e+00,9.125599211334803229e+00,1.000000107408501208e+03,1.012018854293161638e+02,6.196828252934457331e-15,9.330285964305147134e-29,2.749671947546348893e-05,1.701558413937276646e-21,-9.760771803077346931e+00,8.999999999999998579e+01,-1.713092028581807920e-06,0.000000000000000000e+00,2.558332872076200231e-19,-5.144524086263973540e-03,-7.649184088003985001e-27
1.004950000108609129e+04,0.000000000000000000e+00,9.134688906254060825e+00,1.000000107279978693e+03,1.012018854946272910e+02,6.196828256933609778e-15,4.235162863194573474e-22,4.133989816960092413e-06,2.725553653709203156e-22,-9.760826964924595117e+00,8.999999999999998579e+01,-1.861848367141599469e-06,0.000000000000000000e+00,2.558332872076199750e-19,-5.113294020562579416e-03,-8.313400953716262315e-27
1.005950000108812856e+04,0.000000000000000000e+00,9.143778601173350395e+00,1.000000107149593532e+03,1.012018854100270602e+02,6.196828251753340074e-15,4.235163796216581499e-22,3.106468519065149023e-05,1.921519466268343506e-21,-9.760890212996688575e+00,8.999999999999998579e+01,-1.855539699188156482e-06,0.000000000000000000e+00,2.558332872076199750e-19,-5.077485924045449170e-03,-8.285231911002349107e-27
1.006950000109016582e+04,0.000000000000000000e+00,9.152868296092670164e+00,1.000000107025727630e+03,1.012018854710443065e+02,6.196828255489568337e-15,4.235164736271501695e-22,2.588594283584579993e-06,1.772934726620933090e-22,-9.760885584308244489e+00,8.999999999999998579e+01,-1.801060071528616853e-06,1.895758319773386923e-22,2.558332872076200231e-19,-5.080106466842053761e-03,-8.041973116926520697e-27
1.007950000109220309e+04,0.000000000000000000e+00,9.161957991012039670e+00,1.000000106898136437e+03,1.012018854106832464e+02,6.196828251793519915e-15,0.000000000000000000e+00,2.860106253222944819e-05,1.767890166822358753e-21,-9.760771813745796166e+00,8.999999999999998579e+01,-1.589450211025058735e-06,0.000000000000000000e+00,2.558332872076200231e-19,-5.144518048851926678e-03,-7.097106903773592850e-27
1.008950000109424036e+04,0.000000000000000000e+00,9.171047685931471349e+00,1.000000106766819954e+03,1.012018855089465319e+02,6.196828257810409742e-15,0.000000000000000000e+00,-1.548961054037008522e-05,-9.276384402156321677e-22,-9.761000511157034154e+00,8.999999999999998579e+01,-1.996489491923401821e-06,0.000000000000000000e+00,2.558332872076199750e-19,-5.015040251929412350e-03,-8.914591509791947153e-27
1.009950000109627763e+04,0.000000000000000000e+00,9.180137380850922568e+00,1.000000106638297439e+03,1.012018854895008815e+02,6.196828256619708614e-15,4.235164736271501695e-22,-3.840072009282389227e-06,-2.158806479390557658e-22,-9.760884421941767641e+00,8.999999999999998579e+01,-1.845942553613987787e-06,0.000000000000000000e+00,2.558332872076199750e-19,-5.080764543656342801e-03,-8.242379377693350692e-27
1.010950000109831490e+04,0.000000000000000000e+00,9.189227075770412867e+00,1.000000106512568891e+03,1.012018855462395521e+02,6.196828260093948281e-15,9.577360215163030806e-29,-2.725998345749202229e-05,-1.649148500749214897e-21,-9.760939556322979271e+00,8.999999999999998579e+01,-1.921481191900607150e-06,-1.895758319773387158e-22,2.558332872076199750e-19,-5.049550028686290194e-03,-8.579669459236629983e-27
1.011950000110035216e+04,0.000000000000000000e+00,9.198316770686716382e+00,1.000000106324441731e+03,1.012018854899973377e+02,6.196828256650107369e-15,0.000000000000000000e+00,-1.478209992138206811e-05,-8.845548550593437537e-22,-9.761000498610194143e+00,8.999999999999998579e+01,-1.973583618504717833e-06,0.000000000000000000e+00,2.558332872076199750e-19,-5.015047357834413917e-03,-8.812313733961607788e-27
1.012950000110238943e+04,0.000000000000000000e+00,9.207406465602398171e+00,1.000000106127932668e+03,1.012018854271483690e+02,6.196828252801718073e-15,-1.167521801550141616e-25,2.059535479526452989e-05,1.280496059977937282e-21,-9.760829286400142024e+00,8.999999999999998579e+01,-1.859240309857443327e-06,0.000000000000000000e+00,2.558332872076199750e-19,-5.111979717165397383e-03,-8.301755630554562437e-27
1.013950000110442670e+04,0.000000000000000000e+00,9.216496160518129699e+00,1.000000105927698314e+03,1.012018854033942006e+02,6.196828251347195037e-15,4.235164736271501695e-22,1.871925197415310897e-05,1.165432916058557889e-21,-9.760887908807360347e+00,8.999999999999998579e+01,-1.841460372444989499e-06,0.000000000000000000e+00,2.558332872076199750e-19,-5.078790451575149363e-03,-8.222365841756326335e-27
1.014950000110646397e+04,0.000000000000000000e+00,9.225585855433909188e+00,1.000000105729326606e+03,1.012018854016284166e+02,6.196828251239072184e-15,-4.235162792272524888e-22,2.760396200275476599e-05,1.707519580700921273e-21,-9.760653425209477874e+00,8.999999999999998579e+01,-1.655061942250820275e-06,0.000000000000000000e+00,2.558332872076200231e-19,-5.211544110017997562e-03,-7.390072023046239047e-27
1.015950000110850124e+04,0.000000000000000000e+00,9.234675550349713546e+00,1.000000105531886220e+03,1.012018854275423649e+02,6.196828252825843806e-15,9.755818250687961251e-29,1.420310958952826265e-05,8.888196037306326706e-22,-9.760828122781344263e+00,8.999999999999998579e+01,-1.833901484275736343e-06,0.000000000000000000e+00,2.558332872076199750e-19,-5.112638505008420577e-03,-8.188614399252025735e-27
1.016950000111053851e+04,0.000000000000000000e+00,9.243765245265581854e+00,1.000000105329789221e+03,1.012018853719022218e+02,6.196828249418867153e-15,4.235162777930001870e-22,4.255771368521795806e-05,2.622461792061073475e-21,-9.760655768040036762e+00,8.999999999999998579e+01,-1.586901556466275049e-06,9.478791598866934614e-23,2.558332872076200231e-19,-5.210217711658851267e-03,-7.085726821693002932e-27
1.017950000111257577e+04,0.000000000000000000e+00,9.252854940181483911e+00,1.000000105134211481e+03,1.012018854189933563e+02,6.196828252302367543e-15,-4.235162770738975835e-22,3.167026479025428713e-06,2.144310009843519292e-22,-9.760944194265741558e+00,8.999999999999998579e+01,-1.965815426292537798e-06,0.000000000000000000e+00,2.558332872076199750e-19,-5.046924255135778331e-03,-8.777627721026767977e-27
1.018950000111461304e+04,0.000000000000000000e+00,9.261944635097462353e+00,1.000000104937702417e+03,1.012018854418745377e+02,6.196828253703435786e-15,0.000000000000000000e+00,3.416551425473678941e-06,2.291701061365834825e-22,-9.760944193014962522e+00,8.999999999999998579e+01,-1.914110198259458853e-06,0.000000000000000000e+00,2.558332872076199750e-19,-5.046924961517393858e-03,-8.546756990827487457e-27
1.019950000111665031e+04,0.000000000000000000e+00,9.271034330013469216e+00,1.000000104738399386e+03,1.012018854577490288e+02,6.196828254675468616e-15,0.000000000000000000e+00,-8.465468326715454184e-06,-5.006527087424932260e-22,-9.760883195212770147e+00,8.999999999999998579e+01,-1.697510506296537811e-06,0.000000000000000000e+00,2.558332872076200231e-19,-5.081459066695794696e-03,-7.579610515573070280e-27
1.020950000111868758e+04,0.000000000000000000e+00,9.280124024929524040e+00,1.000000104537233710e+03,1.012018854355251278e+02,6.196828253314647267e-15,0.000000000000000000e+00,-6.009435180836811525e-06,-3.500319969019160476e-22,-9.760824605683092514e+00,8.999999999999998579e+01,-1.719845249117373735e-06,0.000000000000000000e+00,2.558332872076200231e-19,-5.114629723475469514e-03,-7.679338117210575085e-27
1.021950000112072485e+04,0.000000000000000000e+00,9.289213719845614392e+00,1.000000104336999357e+03,1.012018854239884860e+02,6.196828252608231004e-15,0.000000000000000000e+00,1.134232846141980862e-05,7.137453239009861066e-22,-9.760945363956849974e+00,8.999999999999998579e+01,-1.843204815889435612e-06,0.000000000000000000e+00,2.558332872076199750e-19,-5.046262031334060490e-03,-8.230155014092106631e-27
1.022950000112276211e+04,0.000000000000000000e+00,9.298303414761765140e+00,1.000000104138627648e+03,1.012018854915749984e+02,6.196828256746711275e-15,8.470327470857706784e-22,-2.926365812391752949e-05,-1.773163129821406684e-21,-9.760879686617204953e+00,8.999999999999998579e+01,-1.794473686426525960e-06,0.000000000000000000e+00,2.558332872076200231e-19,-5.083445468279717758e-03,-8.012564030152538049e-27
1.023950000112479938e+04,0.000000000000000000e+00,9.307393109677953191e+00,1.000000103940255940e+03,1.012018854083925135e+02,6.196828251653252558e-15,-1.191262464324587427e-25,3.022052317514573505e-05,1.867111852103096708e-21,-9.760653450453352420e+00,8.999999999999998579e+01,-1.595060430473551360e-06,0.000000000000000000e+00,2.558332872076200231e-19,-5.211529820509200848e-03,-7.122157280880974197e-27
1.024950000112683665e+04,0.000000000000000000e+00,9.316482804594185652e+00,1.000000103745609522e+03,1.012018854399318855e+02,6.196828253584481873e-15,4.235163728152183189e-22,-4.966446029475614506e-06,-2.858008761183178217e-22,-9.760824595089452771e+00,8.999999999999998579e+01,-1.754907838693027933e-06,0.000000000000000000e+00,2.558332872076200231e-19,-5.114635722040774581e-03,-7.835897249931739774e-27
1.025950000112887392e+04,0.000000000000000000e+00,9.325572499510414559e+00,1.000000103545375168e+03,1.012018854356243338e+02,6.196828253320719918e-15,4.235163724503965942e-22,1.683553518213683811e-05,1.049175124487056708e-21,-9.760828129628434269e+00,8.999999999999998579e+01,-1.753917438296485032e-06,0.000000000000000000e+00,2.558332872076200231e-19,-5.112634631139102367e-03,-7.831474980241851833e-27
1.026950000113091119e+04,0.000000000000000000e+00,9.334662194426744719e+00,1.000000103347934783e+03,1.012018853756146513e+02,6.196828249646189255e-15,4.235163720849161224e-22,3.372283054901369212e-05,2.082950615089860111e-21,-9.760771873881699534e+00,8.999999999999998579e+01,-1.727745021456742334e-06,0.000000000000000000e+00,2.558332872076200231e-19,-5.144484011949609220e-03,-7.714611652939519879e-27
1.027950000113294846e+04,0.000000000000000000e+00,9.343751889343124617e+00,1.000000103146769106e+03,1.012018854216619559e+02,6.196828252465771402e-15,-1.199895498467911092e-25,-1.101938785078881773e-05,-6.546223642082094544e-22,-9.761000437505760630e+00,8.999999999999998579e+01,-1.928746387211206480e-06,0.000000000000000000e+00,2.558332872076199750e-19,-5.015081963944967476e-03,-8.612109524007742774e-27
1.028950000113498572e+04,0.000000000000000000e+00,9.352841584259566687e+00,1.000000102947466075e+03,1.012018854030573749e+02,6.196828251326569480e-15,1.022751714588628980e-28,2.020250427571921870e-05,1.257620621372572252e-21,-9.760946547515887417e+00,8.999999999999998579e+01,-1.972281139151253434e-06,0.000000000000000000e+00,2.558332872076199750e-19,-5.045591959534008117e-03,-8.806497990160780831e-27
1.029950000113702299e+04,0.000000000000000000e+00,9.361931279176031850e+00,1.000000102745369077e+03,1.012018854252770552e+02,6.196828252687133660e-15,4.235162683418934338e-22,2.246891095059037376e-05,1.393715097118793866e-21,-9.760710901716345589e+00,8.999999999999998579e+01,-1.715131606979816991e-06,1.895758319773386923e-22,2.558332872076200231e-19,-5.179003600314105449e-03,-7.658291077218805212e-27
1.030950000113906026e+04,0.000000000000000000e+00,9.371020974092557410e+00,1.000000102544203401e+03,1.012018854766850495e+02,6.196828255834965562e-15,4.236371106568628074e-22,-5.702947149002439347e-06,-3.301507084988054239e-22,-9.760883179623759176e+00,8.999999999999998579e+01,-1.826577947808546476e-06,0.000000000000000000e+00,2.558332872076199750e-19,-5.081467894466605920e-03,-8.155913833445806064e-27
1.031950000114109753e+04,0.000000000000000000e+00,9.380110669009118496e+00,1.000000102345831692e+03,1.012018854437478836e+02,6.196828253818144839e-15,1.033795185459184329e-28,1.607081334220151491e-05,1.004047691712495515e-21,-9.760886767324901570e+00,8.999999999999998579e+01,-1.916709192943372882e-06,0.000000000000000000e+00,2.558332872076199750e-19,-5.079436708275984411e-03,-8.558361848271984868e-27
1.032950000114313480e+04,0.000000000000000000e+00,9.389200363925743531e+00,1.000000102141872048e+03,1.012018854412562519e+02,6.196828253665576774e-15,1.037489518319154334e-28,2.117441201310888983e-05,1.317161071262043249e-21,-9.760946553570573059e+00,8.999999999999998579e+01,-1.974990691838851824e-06,0.000000000000000000e+00,2.558332872076199750e-19,-5.045588529545176094e-03,-8.818596503817830878e-27
1.033950000114517206e+04,0.000000000000000000e+00,9.398290058842402317e+00,1.000000101942569017e+03,1.012018854125850993e+02,6.196828251909974718e-15,1.212845115543898728e-25,3.796598786704096981e-05,2.341500328249182132e-21,-9.760713285483054946e+00,8.999999999999998579e+01,-1.606127761406091286e-06,0.000000000000000000e+00,2.558332872076200231e-19,-5.177654024935776818e-03,-7.171574387640814148e-27
1.034950000114720933e+04,0.000000000000000000e+00,9.407379753759107288e+00,1.000000101740471791e+03,1.012018854608418508e+02,6.196828254864848087e-15,4.235163691373553861e-22,4.816507178502447194e-06,3.144283240389409494e-22,-9.760825760838317322e+00,8.999999999999998579e+01,-1.869568894318900165e-06,0.000000000000000000e+00,2.558332872076199750e-19,-5.113975730715419367e-03,-8.347874135921478941e-27
1.035950000114924660e+04,0.000000000000000000e+00,9.416469448675861997e+00,1.000000101543031860e+03,1.012018853966531253e+02,6.196828250934422780e-15,4.235162639047412720e-22,3.850770160838592739e-05,2.375800216492525573e-21,-9.760713294075275215e+00,8.999999999999998579e+01,-1.714406189135150833e-06,0.000000000000000000e+00,2.558332872076200231e-19,-5.177649162570571902e-03,-7.655051989918185705e-27
1.036950000115128387e+04,0.000000000000000000e+00,9.425559143592677103e+00,1.000000101343728602e+03,1.012018854009094753e+02,6.196828251195049012e-15,0.000000000000000000e+00,4.832980914137005363e-05,2.976646032059142556e-21,-9.760655876644388940e+00,8.999999999999998579e+01,-1.658352924366274188e-06,0.000000000000000000e+00,2.558332872076200231e-19,-5.210156228986725924e-03,-7.404766696543888804e-27
1.037950000115332114e+04,0.000000000000000000e+00,9.434648838509520630e+00,1.000000101142562926e+03,1.012018853875261897e+02,6.196828250375560582e-15,1.056060001590234309e-28,3.434068609061098675e-05,2.120595460851157790e-21,-9.760830525457684814e+00,8.999999999999998579e+01,-1.709722305284029665e-06,0.000000000000000000e+00,2.558332872076200231e-19,-5.111278232509139895e-03,-7.634137824639094906e-27
1.038950000115535840e+04,0.000000000000000000e+00,9.443738533426397908e+00,1.000000100941397250e+03,1.012018853758476098e+02,6.196828249660451861e-15,4.233941099748022292e-22,3.934477468579750033e-05,2.427253348507322342e-21,-9.760713307270803440e+00,8.999999999999998579e+01,-1.733309694433809197e-06,0.000000000000000000e+00,2.558332872076200231e-19,-5.177641694820261410e-03,-7.739458658985286530e-27
1.039950000115739567e+04,0.000000000000000000e+00,9.452828228343332029e+00,1.000000100743025541e+03,1.012018854902027272e+02,6.196828256662684178e-15,1.063534310293235972e-28,-8.224200101674160524e-06,-4.842751586793104979e-22,-9.760823366348962082e+00,8.999999999999998579e+01,-1.851283162026460965e-06,0.000000000000000000e+00,2.558332872076199750e-19,-5.115331378249869665e-03,-8.266225905613257491e-27
1.040950000115943294e+04,0.000000000000000000e+00,9.461917923260330099e+00,1.000000100539997220e+03,1.012018853574737705e+02,6.196828248535380015e-15,1.067281346488143747e-28,4.469602725944412584e-05,2.754555378376619100e-21,-9.760773124214956908e+00,8.999999999999998579e+01,-1.698050970214680619e-06,0.000000000000000000e+00,2.558332872076200231e-19,-5.143776137832182377e-03,-7.582023758956273186e-27
1.041950000116147021e+04,0.000000000000000000e+00,9.471007618177360143e+00,1.000000100336037576e+03,1.012018855038729441e+02,6.196828257499742907e-15,4.235164736271501695e-22,-7.689502705479062981e-06,-4.524989485074415453e-22,-9.760823360257560921e+00,8.999999999999998579e+01,-1.758837419417785978e-06,0.000000000000000000e+00,2.558332872076200231e-19,-5.115334826354334813e-03,-7.853443351279975161e-27
1.042950000116350748e+04,0.000000000000000000e+00,9.480097313094423939e+00,1.000000100135803223e+03,1.012018854413526157e+02,6.196828253671477453e-15,1.074795182531200086e-28,-1.217218311151736131e-05,-7.278170274089241083e-22,-9.760763547785645144e+00,8.999999999999998579e+01,-1.678993260781389213e-06,0.000000000000000000e+00,2.558332872076200231e-19,-5.149197859864575698e-03,-7.496928547888357619e-27
1.043950000116554475e+04,0.000000000000000000e+00,9.489187008011546354e+00,1.000000099938362837e+03,1.012018853423603133e+02,6.196828247609948355e-15,1.078561982365919728e-28,2.629066162971689243e-05,1.629068326963093651e-21,-9.760887962670190987e+00,8.999999999999998579e+01,-1.843407937395630979e-06,0.000000000000000000e+00,2.558332872076199750e-19,-5.078759972736582654e-03,-8.231061978672642562e-27
1.044950000116758201e+04,0.000000000000000000e+00,9.498276702928716730e+00,1.000000099737197161e+03,1.012018854937053050e+02,6.196828256877154948e-15,4.236401322556949764e-22,-2.158518221519004708e-06,-1.131415740617906384e-22,-9.760883159841231560e+00,8.999999999999998579e+01,-1.824228654001848449e-06,0.000000000000000000e+00,2.558332872076199750e-19,-5.081479097625787519e-03,-8.145423923677725775e-27
1.045950000116961928e+04,0.000000000000000000e+00,9.507366397845929740e+00,1.000000099536962807e+03,1.012018854170206481e+02,6.196828252181573216e-15,4.235163650156155831e-22,2.680271651857064360e-05,1.659976267024020796e-21,-9.760887967527963838e+00,8.999999999999998579e+01,-1.800612685459451979e-06,0.000000000000000000e+00,2.558332872076200231e-19,-5.078757216346926201e-03,-8.039975478536779745e-27
1.046950000117165655e+04,0.000000000000000000e+00,9.516456092763192487e+00,1.000000099334865808e+03,1.012018854378213746e+02,6.196828253455250679e-15,0.000000000000000000e+00,1.269066866516948922e-05,7.966449005394091722e-22,-9.760885564156900784e+00,8.999999999999998579e+01,-1.875620172378383592e-06,0.000000000000000000e+00,2.558332872076199750e-19,-5.080117891711364783e-03,-8.374893898475049134e-27
1.047950000117369382e+04,0.000000000000000000e+00,9.525545787680576026e+00,1.000000099137425423e+03,1.012018853643277652e+02,6.196828248955065061e-15,4.235164736271501695e-22,4.165880943731663217e-05,2.569646680577395252e-21,-9.760890380726671367e+00,8.999999999999998579e+01,-1.800334419545458477e-06,0.000000000000000000e+00,2.558332872076200231e-19,-5.077390980971198571e-03,-8.038732984166345447e-27
1.048950000117573109e+04,0.000000000000000000e+00,9.534635482597918710e+00,1.000000098939053714e+03,1.012018854071882856e+02,6.196828251579515362e-15,1.097494799402849707e-28,2.286984002626609043e-05,1.417988999894548133e-21,-9.760828138040336555e+00,8.999999999999998579e+01,-1.688659993076387823e-06,0.000000000000000000e+00,2.558332872076200231e-19,-5.112629879146144384e-03,-7.540091795174676961e-27
1.049950000117776835e+04,0.000000000000000000e+00,9.543725177515316460e+00,1.000000098742544651e+03,1.012018854139711834e+02,6.196828251994849051e-15,0.000000000000000000e+00,3.275968865152280605e-05,2.024964815512264677e-21,-9.760770761075072244e+00,8.999999999999998579e+01,-1.822659132242893810e-06,0.000000000000000000e+00,2.558332872076199750e-19,-5.145114035620844926e-03,-8.138415799966878230e-27
1.050950000117980562e+04,0.000000000000000000e+00,9.552814872432746185e+00,1.000000098548829556e+03,1.012018854224043878e+02,6.196828252511232667e-15,4.235164736271501695e-22,1.369219055434974858e-05,8.585536459624513969e-22,-9.760885583433394075e+00,8.999999999999998579e+01,-1.931529241494835521e-06,-1.895758319773387158e-22,2.558332872076199750e-19,-5.080106981009071751e-03,-8.624535339054699062e-27
1.051950000118184289e+04,0.000000000000000000e+00,9.561904567350213213e+00,1.000000098352320492e+03,1.012018854511896677e+02,6.196828254273822453e-15,0.000000000000000000e+00,-5.384386210442011668e-06,-3.100853318119684021e-22,-9.761000363722770246e+00,8.999999999999998579e+01,-1.880168105910955389e-06,0.000000000000000000e+00,2.558332872076199750e-19,-5.015123741936839026e-03,-8.395201027473509276e-27
1.052950000118388016e+04,0.000000000000000000e+00,9.570994262267747743e+00,1.000000098154880106e+03,1.012018853867406847e+02,6.196828250327460577e-15,-4.235162510752233646e-22,2.351466999399107199e-05,1.461562575363428593e-21,-9.761005200241235968e+00,8.999999999999998579e+01,-2.080621966463532312e-06,0.000000000000000000e+00,2.558332872076199750e-19,-5.012385536379457621e-03,-9.290254214888723116e-27
1.053950000118591743e+04,0.000000000000000000e+00,9.580083957185328458e+00,1.000000097956508398e+03,1.012018855520867504e+02,6.196828260451987791e-15,0.000000000000000000e+00,-3.826702245157255440e-05,-2.324049008363890608e-21,-9.760935697196702066e+00,8.999999999999998579e+01,-1.833866965621433820e-06,0.000000000000000000e+00,2.558332872076199750e-19,-5.051734900487369999e-03,-8.188460268862749843e-27
1.054950000118795469e+04,0.000000000000000000e+00,9.589173652102958911e+00,1.000000097753480077e+03,1.012018854132620049e+02,6.196828251951423836e-15,4.235162495408345077e-22,2.947885451604704814e-05,1.823062772726383627e-21,-9.760710960304347594e+00,8.999999999999998579e+01,-1.725909525081917825e-06,0.000000000000000000e+00,2.558332872076200231e-19,-5.178970440079620936e-03,-7.706415917141533244e-27
1.055950000118999196e+04,0.000000000000000000e+00,9.598263347020619562e+00,1.000000097552314401e+03,1.012018854869182434e+02,6.196828256461568034e-15,0.000000000000000000e+00,-2.298759722760031950e-05,-1.389772288905369030e-21,-9.760761076863806451e+00,8.999999999999998579e+01,-1.707547190871907378e-06,0.000000000000000000e+00,2.558332872076200231e-19,-5.150596781099889103e-03,-7.624425649068136907e-27
1.056950000119202923e+04,0.000000000000000000e+00,9.607353041938335281e+00,1.000000097353011370e+03,1.012018854861747457e+02,6.196828256416040505e-15,4.235165864401375581e-22,-1.346550848017429940e-05,-8.056803680754866968e-22,-9.760880711259479980e+00,8.999999999999998579e+01,-1.806464606438777172e-06,0.000000000000000000e+00,2.558332872076200231e-19,-5.082865375481987295e-03,-8.066105085173482550e-27
1.057950000119406650e+04,0.000000000000000000e+00,9.616442736856106066e+00,1.000000097149983048e+03,1.012018854481200805e+02,6.196828254085864509e-15,4.235163604282598346e-22,1.086843956147543772e-05,6.837757791433865621e-22,-9.760825748575944871e+00,8.999999999999998579e+01,-1.751989300467123485e-06,0.000000000000000000e+00,2.558332872076200231e-19,-5.113982682065146106e-03,-7.822865588009698692e-27
1.058950000119610377e+04,0.000000000000000000e+00,9.625532431773894615e+00,1.000000096951611340e+03,1.012018854504876799e+02,6.196828254230838211e-15,0.000000000000000000e+00,6.507527475321257347e-06,4.172921164509312935e-22,-9.760765927215791393e+00,8.999999999999998579e+01,-1.804264287301528666e-06,0.000000000000000000e+00,2.558332872076200231e-19,-5.147850741682991754e-03,-8.056280367147618365e-27
1.059950000119814104e+04,0.000000000000000000e+00,9.634622126691752442e+00,1.000000096752308309e+03,1.012018853006590007e+02,6.196828245056478180e-15,8.470327193089554014e-22,6.418121048478209775e-05,3.947851664615897263e-21,-9.760775668355131884e+00,8.999999999999998579e+01,-1.714627679538024945e-06,0.000000000000000000e+00,2.558332872076200231e-19,-5.142335775632595959e-03,-7.656040974069087944e-27
1.060950000120017830e+04,0.000000000000000000e+00,9.643711821609649348e+00,1.000000096553005278e+03,1.012018854598505442e+02,6.196828254804148396e-15,0.000000000000000000e+00,1.164017472169019723e-05,7.319499584421814028e-22,-9.760825771560794450e+00,8.999999999999998579e+01,-1.840135554763620297e-06,-1.895758319773387158e-22,2.558332872076199750e-19,-5.113969669051178502e-03,-8.216450354345982215e-27
1.061950000120221557e+04,0.000000000000000000e+00,9.652801516527580006e+00,1.000000096355564892e+03,1.012018855632050958e+02,6.196828261132788952e-15,1.147490898057386736e-28,-2.198215438323554590e-05,-1.325692565173746482e-21,-9.760938075731585784e+00,8.999999999999998579e+01,-1.948525497370487674e-06,0.000000000000000000e+00,2.558332872076199750e-19,-5.050388286380832516e-03,-8.700425885406322496e-27
1.062950000120425284e+04,0.000000000000000000e+00,9.661891211445585270e+00,1.000000096156261861e+03,1.012018854935175511e+02,6.196828256865658089e-15,-4.235163584888635210e-22,-6.724715490968320692e-06,-3.945548278823878727e-22,-9.760763482226053611e+00,8.999999999999998579e+01,-1.650330771607600264e-06,0.000000000000000000e+00,2.558332872076200231e-19,-5.149234978578377982e-03,-7.368946715941922146e-27
1.063950000120629011e+04,0.000000000000000000e+00,9.670980906363606522e+00,1.000000095958821476e+03,1.012018853520844033e+02,6.196828248205375833e-15,4.235163580990079983e-22,4.111172055698837755e-05,2.536894557407337929e-21,-9.760830645086656432e+00,8.999999999999998579e+01,-1.872034631247136665e-06,0.000000000000000000e+00,2.558332872076199750e-19,-5.111210516245775007e-03,-8.358883979737220202e-27
1.064950000120832738e+04,0.000000000000000000e+00,9.680070601281695275e+00,1.000000095756724477e+03,1.012018854600188433e+02,6.196828254814454075e-15,1.159186565718036271e-28,7.444721155104433057e-06,4.758252776098312892e-22,-9.760942953830285873e+00,8.999999999999998579e+01,-1.914211179220191113e-06,0.000000000000000000e+00,2.558332872076199750e-19,-5.047626544237685670e-03,-8.547207884267617634e-27
1.065950000121036464e+04,0.000000000000000000e+00,9.689160296199830213e+00,1.000000095556490123e+03,1.012018855484314344e+02,6.196828260228163498e-15,1.163098297064878115e-28,-4.439672885440425952e-05,-2.701101674425012333e-21,-9.760815932808780460e+00,8.999999999999998579e+01,-1.669368399008545809e-06,0.000000000000000000e+00,2.558332872076200231e-19,-5.119539906479857530e-03,-7.453952258060529069e-27
1.066950000121240191e+04,0.000000000000000000e+00,9.698249991118002455e+00,1.000000095358118415e+03,1.012018854689768830e+02,6.196828255362976672e-15,4.235163569254885720e-22,-6.395617029698039065e-06,-3.726266786399049286e-22,-9.760940499916804569e+00,8.999999999999998579e+01,-1.820639161748866120e-06,0.000000000000000000e+00,2.558332872076199750e-19,-5.049015835760988641e-03,-8.129396362655069432e-27
1.067950000121443918e+04,0.000000000000000000e+00,9.707339686036204895e+00,1.000000095158815384e+03,1.012018855420627830e+02,6.196828259838197209e-15,-1.170941522908212026e-28,-2.423957706887819975e-05,-1.466838482894702870e-21,-9.760701186981039612e+00,8.999999999999998579e+01,-1.668776501947058014e-06,0.000000000000000000e+00,2.558332872076200231e-19,-5.184503633889197237e-03,-7.451309358841498693e-27
1.068950000121647645e+04,0.000000000000000000e+00,9.716429380954462403e+00,1.000000094963237643e+03,1.012018855049141308e+02,6.196828257563497067e-15,4.235165911144519118e-22,-2.026415643714777945e-05,-1.220918736529689930e-21,-9.760938039853144232e+00,8.999999999999998579e+01,-1.907955816966902942e-06,0.000000000000000000e+00,2.558332872076199750e-19,-5.050408606766531271e-03,-8.519276858605109405e-27
1.069950000121851372e+04,0.000000000000000000e+00,9.725519075872814057e+00,1.000000094757415354e+03,1.012018854087302770e+02,6.196828251673934124e-15,4.235162378649302522e-22,4.802768988874347626e-05,2.958905597114815153e-21,-9.760713466995795784e+00,8.999999999999998579e+01,-1.731107941567846590e-06,0.000000000000000000e+00,2.558332872076200231e-19,-5.177551273413290127e-03,-7.729627539169744688e-27
1.070950000122055098e+04,0.000000000000000000e+00,9.734608770791174592e+00,1.000000094546936452e+03,1.012018854893848072e+02,6.196828256612599399e-15,4.235164736271501695e-22,8.903411051721770033e-06,5.651848981169079104e-22,-9.760942950992705036e+00,8.999999999999998579e+01,-1.917996230506155316e-06,1.895758319773387158e-22,2.558332872076199750e-19,-5.047628150130455994e-03,-8.564108642420605705e-27
1.071950000122258825e+04,0.000000000000000000e+00,9.743698465709575984e+00,1.000000094346702099e+03,1.012018854174175431e+02,6.196828252205876443e-15,0.000000000000000000e+00,2.348528426129644695e-05,1.458566026738844094e-21,-9.760945413444733987e+00,8.999999999999998579e+01,-1.965868656193682456e-06,-1.895758319773387158e-22,2.558332872076199750e-19,-5.046234031242609330e-03,-8.777865399625493066e-27
1.072950000122462552e+04,0.000000000000000000e+00,9.752788160628007574e+00,1.000000094147399068e+03,1.012018854401787564e+02,6.196828253599599603e-15,4.235163545606629383e-22,2.466730338280321669e-05,1.528348164479450921e-21,-9.760768386061073443e+00,8.999999999999998579e+01,-1.717170314960982745e-06,0.000000000000000000e+00,2.558332872076200231e-19,-5.146458663517325741e-03,-7.667394179906481133e-27
1.073950000122666279e+04,0.000000000000000000e+00,9.761877855546483573e+00,1.000000093949958682e+03,1.012018855073490187e+02,6.196828257712589412e-15,0.000000000000000000e+00,-1.905413585771223038e-05,-1.146080054784457480e-21,-9.760938015418426872e+00,8.999999999999998579e+01,-1.979497320106418126e-06,0.000000000000000000e+00,2.558332872076199750e-19,-5.050422442067080582e-03,-8.838719199306268270e-27
1.074950000122870006e+04,0.000000000000000000e+00,9.770967550464998652e+00,1.000000093753449278e+03,1.012018854970973649e+02,6.196828257084858080e-15,0.000000000000000000e+00,-1.434440017524801266e-05,-8.578696527419396871e-22,-9.760997843500677007e+00,8.999999999999998579e+01,-1.962447163631984972e-06,1.895758319773387158e-22,2.558332872076199750e-19,-5.016550578105322990e-03,-8.762587979601635554e-27
1.075950000123073733e+04,0.000000000000000000e+00,9.780057245383558140e+00,1.000000093556009233e+03,1.012018854487192385e+02,6.196828254122552063e-15,4.235164736271501695e-22,5.693983677316044941e-06,3.673927342499982377e-22,-9.760883113274367417e+00,8.999999999999998579e+01,-1.796163528458598564e-06,0.000000000000000000e+00,2.558332872076200231e-19,-5.081505476247466860e-03,-8.020109399909276716e-27
1.076950000123277459e+04,0.000000000000000000e+00,9.789146940302197564e+00,1.000000093359500170e+03,1.012018854630630500e+02,6.196828255000857173e-15,1.206562129842970201e-28,1.479325386490333081e-05,9.267541785741280486e-22,-9.761002783817390949e+00,8.999999999999998579e+01,-2.006107052063532032e-06,0.000000000000000000e+00,2.558332872076199750e-19,-5.013753604405870104e-03,-8.957535196857148743e-27
1.077950000123481186e+04,0.000000000000000000e+00,9.798236635220845869e+00,1.000000093160197139e+03,1.012018854173908693e+02,6.196828252204243501e-15,4.235161104612761861e-22,4.035041291321281586e-05,2.489546310428958115e-21,-9.760770873730638897e+00,8.999999999999998579e+01,-1.801925988639036272e-06,0.000000000000000000e+00,2.558332872076200231e-19,-5.145050264451980250e-03,-8.045839552162948996e-27
1.078950000123684913e+04,0.000000000000000000e+00,9.807326330139547466e+00,1.000000092961825430e+03,1.012018854523678328e+02,6.196828254345964571e-15,1.214550284539468981e-28,2.078542656850865673e-05,1.291921806006706786e-21,-9.760885592348090611e+00,8.999999999999998579e+01,-1.838794087072403654e-06,0.000000000000000000e+00,2.558332872076199750e-19,-5.080101940691743312e-03,-8.210460522423919928e-27
1.079950000123888640e+04,0.000000000000000000e+00,9.816416025058307682e+00,1.000000092765316367e+03,1.012018853916823247e+02,6.196828250630048688e-15,4.235164736271501695e-22,3.098015824827220465e-05,1.915065712524693722e-21,-9.760828238467537332e+00,8.999999999999998579e+01,-1.733040166799405746e-06,0.000000000000000000e+00,2.558332872076200231e-19,-5.112573033870216124e-03,-7.738255182197141515e-27
1.080950000124092367e+04,0.000000000000000000e+00,9.825505719977108754e+00,1.000000092568807304e+03,1.012018854868183553e+02,6.196828256455451207e-15,-1.314286516888958553e-25,2.243103879182690728e-05,1.391527460105803188e-21,-9.760708567436820360e+00,8.999999999999998579e+01,-1.727743815068599511e-06,0.000000000000000000e+00,2.558332872076200231e-19,-5.180325172420533093e-03,-7.714606266255774803e-27
1.081950000124296093e+04,0.000000000000000000e+00,9.834595414895945353e+00,1.000000092368572950e+03,1.012018854907636438e+02,6.196828256697028815e-15,4.235164736271501695e-22,-2.264502102857091765e-05,-1.365941132523784698e-21,-9.761055168363940382e+00,8.999999999999998579e+01,-1.981124658312150121e-06,0.000000000000000000e+00,2.558332872076199750e-19,-4.984095921929519724e-03,-8.845985481153010006e-27
1.082950000124499820e+04,0.000000000000000000e+00,9.843685109814828138e+00,1.000000092172063887e+03,1.012018855489031210e+02,6.196828260257045273e-15,8.470327011331712608e-22,-3.116290635279893545e-05,-1.889293956345708913e-21,-9.760935480334389069e+00,8.999999999999998579e+01,-1.810200125494772247e-06,0.000000000000000000e+00,2.558332872076200231e-19,-5.051857687948088128e-03,-8.082784675322070616e-27
1.083950000124703547e+04,0.000000000000000000e+00,9.852774804733750003e+00,1.000000091972760856e+03,1.012018854362801648e+02,6.196828253360879249e-15,1.320761664596558174e-25,3.204368723700582643e-05,1.979204815306657173e-21,-9.760828218879057161e+00,8.999999999999998579e+01,-1.638780452417387462e-06,0.000000000000000000e+00,2.558332872076200231e-19,-5.112584121201092444e-03,-7.317373002278513032e-27
1.084950000124907274e+04,0.000000000000000000e+00,9.861864499652718052e+00,1.000000091775320470e+03,1.012018854046923906e+02,6.196828251426686184e-15,4.235163497598650163e-22,5.659971505707341261e-05,3.483568665894680212e-21,-9.760773399518173576e+00,8.999999999999998579e+01,-1.709806735362197956e-06,0.000000000000000000e+00,2.558332872076200231e-19,-5.143620284524022188e-03,-7.634514816184028657e-27
1.085950000125111001e+04,0.000000000000000000e+00,9.870954194571737617e+00,1.000000091576948762e+03,1.012018854717899927e+02,6.196828255535227606e-15,-1.766357015502485000e-25,3.252486554366504975e-05,2.011268388779482497e-21,-9.760828259598872236e+00,8.999999999999998579e+01,-1.888049773229080900e-06,-1.895758319773387158e-22,2.558332872076199750e-19,-5.112561064956827953e-03,-8.430393721871055746e-27
1.086950000125314727e+04,0.000000000000000000e+00,9.880043889490798037e+00,1.000000091376714408e+03,1.012018854829869667e+02,6.196828256220845552e-15,-4.235162242738685647e-22,2.791152060650893373e-06,1.923473878738081543e-22,-9.761000294540288280e+00,8.999999999999998579e+01,-2.055059663937290160e-06,0.000000000000000000e+00,2.558332872076199750e-19,-5.015162918853971301e-03,-9.176115129262163814e-27
1.087950000125518454e+04,0.000000000000000000e+00,9.889133584409890432e+00,1.000000091175548732e+03,1.012018854330234632e+02,6.196828253161463101e-15,4.235164736271501695e-22,3.306184680925141700e-05,2.043338115711878292e-21,-9.760828264882254857e+00,8.999999999999998579e+01,-1.810281690154544891e-06,0.000000000000000000e+00,2.558332872076200231e-19,-5.112558077996625337e-03,-8.083148872392198620e-27
1.088950000125722181e+04,0.000000000000000000e+00,9.898223279329032565e+00,1.000000090976245701e+03,1.012018854243096087e+02,6.196828252627894151e-15,1.254886314837599279e-28,1.901080089817507645e-05,1.181590394443161870e-21,-9.760825766910066648e+00,8.999999999999998579e+01,-1.679015544312507504e-06,0.000000000000000000e+00,2.558332872076200231e-19,-5.113972314810492394e-03,-7.497028046822919959e-27
1.089950000125925908e+04,0.000000000000000000e+00,9.907312974248208448e+00,1.000000090781599283e+03,1.012018854396600887e+02,6.196828253567839274e-15,4.235164736271501695e-22,2.357291780100585020e-05,1.462170362375248329e-21,-9.760885592710680569e+00,8.999999999999998579e+01,-1.796986154413393236e-06,0.000000000000000000e+00,2.558332872076200231e-19,-5.080101740284117921e-03,-8.023782534369544224e-27
1.090950000126129635e+04,0.000000000000000000e+00,9.916402669167450057e+00,1.000000090582296252e+03,1.012018855309942182e+02,6.196828259160441840e-15,4.235163473238929632e-22,-2.348165939960415789e-05,-1.419499622685809792e-21,-9.760818251484787211e+00,8.999999999999998579e+01,-1.757889668568804581e-06,0.000000000000000000e+00,2.558332872076200231e-19,-5.118227189960534648e-03,-7.849211517500779201e-27
1.091950000126333362e+04,0.000000000000000000e+00,9.925492364086862196e+00,1.000000090385787189e+03,1.012018854344425876e+02,6.196828253248360074e-15,0.000000000000000000e+00,9.734326593305813970e-06,6.154129474688589704e-22,-9.760883107258642610e+00,8.999999999999998579e+01,-1.855653914035466309e-06,0.000000000000000000e+00,2.558332872076199750e-19,-5.081508888772552288e-03,-8.285741895508778845e-27
1.092950000126537088e+04,0.000000000000000000e+00,9.934582059006174859e+00,1.000000090188346462e+03,1.012018855514587727e+02,6.196828260413534767e-15,-4.235162193861143415e-22,-2.446391162446801484e-05,-1.476589395681112852e-21,-9.760995266172516338e+00,8.999999999999998579e+01,-2.050796479636655328e-06,0.000000000000000000e+00,2.558332872076199750e-19,-5.018009742526466019e-03,-9.157079443512321760e-27
1.093950000126740815e+04,0.000000000000000000e+00,9.943671753925539036e+00,1.000000089998356998e+03,1.012018854748442749e+02,6.196828255722248383e-15,4.235164736271501695e-22,1.628768022255329841e-07,3.065287331157063823e-23,-9.760940440118831773e+00,8.999999999999998579e+01,-1.982407497847757850e-06,1.895758319773387158e-22,2.558332872076199750e-19,-5.049049699183818379e-03,-8.851713530551128265e-27
1.094950000126944542e+04,0.000000000000000000e+00,9.952761448844945846e+00,1.000000089800916612e+03,1.012018855715152199e+02,6.196828261641637368e-15,4.235163456867365597e-22,-1.818471709001494557e-05,-1.093861020883459780e-21,-9.760878093789335352e+00,8.999999999999998579e+01,-1.881964320918614113e-06,0.000000000000000000e+00,2.558332872076199750e-19,-5.084347270346170275e-03,-8.403221366734905837e-27
1.095950000127148269e+04,0.000000000000000000e+00,9.961851143764395289e+00,1.000000089602544904e+03,1.012018853998601742e+02,6.196828251130798658e-15,1.283513496524867251e-28,1.658683977051059338e-05,1.032964245062017158e-21,-9.760765929183923717e+00,8.999999999999998579e+01,-1.659724719737072143e-06,0.000000000000000000e+00,2.558332872076200231e-19,-5.147849644540636489e-03,-7.410891945594867795e-27
1.096950000127351996e+04,0.000000000000000000e+00,9.970940838683894469e+00,1.000000089404173195e+03,1.012018855626464244e+02,6.196828261098580788e-15,1.287629444031887908e-28,-4.208665954376533582e-05,-2.556981985444110551e-21,-9.760932876080685716e+00,8.999999999999998579e+01,-1.925181470662552688e-06,0.000000000000000000e+00,2.558332872076199750e-19,-5.053332098689034164e-03,-8.596191696778346813e-27
1.097950000127555722e+04,0.000000000000000000e+00,9.980030533603432730e+00,1.000000089202076197e+03,1.012018854338680569e+02,6.196828253213180033e-15,4.235163875057736164e-22,1.186401531699312867e-06,9.146334814290610845e-23,-9.760940385052386148e+00,8.999999999999998579e+01,-1.803907427043253044e-06,0.000000000000000000e+00,2.558332872076200231e-19,-5.049080880330528154e-03,-8.054686938561354021e-27
1.098950000127759449e+04,0.000000000000000000e+00,9.989120228523018952e+00,1.000000089003704488e+03,1.012018854783177488e+02,6.196828255934939483e-15,0.000000000000000000e+00,3.071461358986318574e-06,2.053001765770501867e-22,-9.760763407725962182e+00,8.999999999999998579e+01,-1.651582972792487894e-06,0.000000000000000000e+00,2.558332872076200231e-19,-5.149277170573099763e-03,-7.374537961023105875e-27
1.099950000127963176e+04,0.000000000000000000e+00,9.998209923442496816e+00,1.000000088803470135e+03,1.012018854733001092e+02,6.196828255627697093e-15,1.300016811589917391e-28,1.175164169903208140e-05,7.393162980178165579e-22,-9.760883106711169432e+00,8.999999999999998579e+01,-1.891946545532782464e-06,0.000000000000000000e+00,2.558332872076199750e-19,-5.081509197863836105e-03,-8.447793329249252891e-27
1.100950000128166903e+04,0.000000000000000000e+00,1.000729961835823367e+01,1.000000088528729975e+03,1.012018853887908136e+02,6.196828250452995169e-15,1.357454541451055057e-25,4.067315946353432498e-05,2.509905934952545513e-21,-9.760888164298886949e+00,8.999999999999998579e+01,-1.859097149133281533e-06,0.000000000000000000e+00,2.558332872076199750e-19,-5.078645835164891792e-03,-8.301116398852457914e-27
1.101950000128370630e+04,0.000000000000000000e+00,1.001638931327404158e+01,1.000000088256783783e+03,1.012018853796992062e+02,6.196828249896296028e-15,-1.308307994092265244e-28,2.833932008065073293e-05,1.752719916398006887e-21,-9.760708614662499727e+00,8.999999999999998579e+01,-1.671602719715990415e-06,0.000000000000000000e+00,2.558332872076200231e-19,-5.180298452649800302e-03,-7.463928797626260321e-27
1.102950000128574356e+04,0.000000000000000000e+00,1.002547900818989035e+01,1.000000087982043624e+03,1.012018854360965179e+02,6.196828253349633248e-15,4.235163423808035189e-22,-1.812437691861379817e-06,-9.151345250143597999e-23,-9.760880572298480828e+00,8.999999999999998579e+01,-1.866104067799076745e-06,-1.895758319773387158e-22,2.558332872076199750e-19,-5.082944069247403648e-03,-8.332403224002599540e-27
1.103950000128778083e+04,0.000000000000000000e+00,1.003456870310578175e+01,1.000000087707303464e+03,1.012018853554483968e+02,6.196828248411360826e-15,1.316625526502872607e-28,3.725429524903992414e-05,2.299879865471029511e-21,-9.760828325751210954e+00,8.999999999999998579e+01,-1.793823904035120294e-06,-1.895758319773386923e-22,2.558332872076200231e-19,-5.112523629863714031e-03,-8.009662665225211800e-27
1.104950000128981810e+04,0.000000000000000000e+00,1.004365839802170868e+01,1.000000087434425950e+03,1.012018854312860441e+02,6.196828253055078108e-15,4.235164736271501695e-22,2.318154211003667099e-05,1.438520012639705432e-21,-9.760825792060016326e+00,8.999999999999998579e+01,-1.827161212578047431e-06,0.000000000000000000e+00,2.558332872076199750e-19,-5.113958081480266156e-03,-8.158518188331316651e-27
1.105950000129185537e+04,0.000000000000000000e+00,1.005274809293770844e+01,1.000000087155029178e+03,1.012018853125158842e+02,6.196828245782503158e-15,-4.235164736271501695e-22,5.813191749167007750e-05,3.576242797293071805e-21,-9.760713706038433912e+00,8.999999999999998579e+01,-1.599935842116338198e-06,0.000000000000000000e+00,2.558332872076200231e-19,-5.177415960419941808e-03,-7.143926643260966566e-27
1.106950000129389264e+04,0.000000000000000000e+00,1.006183778785372063e+01,1.000000086884945631e+03,1.012018854149337130e+02,6.196828252053785638e-15,1.329151231079266986e-28,1.768714003955430906e-05,1.102572694400494808e-21,-9.760942963066629119e+00,8.999999999999998579e+01,-1.873898955982055173e-06,0.000000000000000000e+00,2.558332872076199750e-19,-5.047621334311419225e-03,-8.367208438002908282e-27
1.107950000129592991e+04,0.000000000000000000e+00,1.007092748276980210e+01,1.000000086609274149e+03,1.012018853393340265e+02,6.196828247424640195e-15,4.235164736271501695e-22,3.830877523411353676e-05,2.364014339231900259e-21,-9.760828339440520196e+00,8.999999999999998579e+01,-1.752237843243502580e-06,0.000000000000000000e+00,2.558332872076200231e-19,-5.112515882969286864e-03,-7.823975364611626357e-27
1.108950000129796717e+04,0.000000000000000000e+00,1.008001717768593686e+01,1.000000086332671344e+03,1.012018853630058715e+02,6.196828248874122410e-15,4.235164736271501695e-22,2.838452582750330239e-05,1.756231252029751084e-21,-9.760885629622826798e+00,8.999999999999998579e+01,-1.742809451701868170e-06,0.000000000000000000e+00,2.558332872076200231e-19,-5.080080856965112426e-03,-7.781876340535585556e-27
1.109950000130000444e+04,0.000000000000000000e+00,1.008910687260211603e+01,1.000000086063519120e+03,1.012018854860436505e+02,6.196828256408014634e-15,0.000000000000000000e+00,-1.436095535621658258e-05,-8.600997415729180911e-22,-9.760878011224514594e+00,8.999999999999998579e+01,-1.845858818697005717e-06,1.895758319773387158e-22,2.558332872076199750e-19,-5.084394028906508156e-03,-8.242005490135704529e-27
1.110950000130204171e+04,0.000000000000000000e+00,1.009819656751833783e+01,1.000000085788778961e+03,1.012018854384929654e+02,6.196828253496373998e-15,-4.235160698438317588e-22,-1.000499411735334707e-05,-5.922365783145872083e-22,-9.760937869284182611e+00,8.999999999999998579e+01,-1.954894464956752881e-06,0.000000000000000000e+00,2.558332872076199750e-19,-5.050505196678315399e-03,-8.728864174012571697e-27
1.111950000130407898e+04,0.000000000000000000e+00,1.010728626243460582e+01,1.000000085514038801e+03,1.012018855068859864e+02,6.196828257684238540e-15,-4.235160685794038782e-22,-3.431629825532788022e-05,-2.079973444787638051e-21,-9.760992611796931229e+00,8.999999999999998579e+01,-2.041272019858848295e-06,0.000000000000000000e+00,2.558332872076199750e-19,-5.019512538517552878e-03,-9.114551461965676331e-27
1.112950000130611625e+04,0.000000000000000000e+00,1.011637595735093242e+01,1.000000085235573351e+03,1.012018854948003934e+02,6.196828256944209702e-15,4.235163381891000789e-22,-2.792666080830840885e-05,-1.690641026213733012e-21,-9.760875443246632699e+00,8.999999999999998579e+01,-1.857232815858757480e-06,0.000000000000000000e+00,2.558332872076199750e-19,-5.085847899142956381e-03,-8.292791902456297313e-27
1.113950000130815351e+04,0.000000000000000000e+00,1.012546565226734430e+01,1.000000084963627160e+03,1.012018855657412644e+02,6.196828261288084899e-15,1.358608435299738674e-28,-5.224179429920289817e-05,-3.178836859799132497e-21,-9.760930179817551178e+00,8.999999999999998579e+01,-1.922094190777597508e-06,1.895758319773387158e-22,2.558332872076199750e-19,-5.054858604738991269e-03,-8.582406580872597101e-27
1.114950000131019078e+04,0.000000000000000000e+00,1.013455534718377038e+01,1.000000084684230387e+03,1.012018854251191158e+02,6.196828252677460648e-15,4.235164736271501695e-22,5.313222986000635658e-06,3.447872787670214485e-22,-9.760940412014516454e+00,8.999999999999998579e+01,-1.864154796477704990e-06,0.000000000000000000e+00,2.558332872076199750e-19,-5.049065624178859790e-03,-8.323699467913687269e-27
1.115950000131222805e+04,0.000000000000000000e+00,1.014364504210022666e+01,1.000000084409490228e+03,1.012018853430081009e+02,6.196828247649611492e-15,4.235163824832282301e-22,4.039700346171719997e-05,2.492278308667875819e-21,-9.760828378373105352e+00,8.999999999999998579e+01,-1.790283229502389721e-06,0.000000000000000000e+00,2.558332872076200231e-19,-5.112493844593711013e-03,-7.993853081825901259e-27
1.116950000131426532e+04,0.000000000000000000e+00,1.015273473701673268e+01,1.000000084131956100e+03,1.012018854750482149e+02,6.196828255734738418e-15,1.371331762475875163e-28,-2.321237084007906373e-06,-1.231621549107341822e-22,-9.760820687670747731e+00,8.999999999999998579e+01,-1.818790118287681189e-06,0.000000000000000000e+00,2.558332872076199750e-19,-5.116847950907004068e-03,-8.121140137312037419e-27
1.117950000131630259e+04,0.000000000000000000e+00,1.016182443193328311e+01,1.000000083858147264e+03,1.012018854364949192e+02,6.196828253374029560e-15,0.000000000000000000e+00,1.631649044423994245e-05,1.018447284056369924e-21,-9.760883114815506190e+00,8.999999999999998579e+01,-1.854993885178548802e-06,0.000000000000000000e+00,2.558332872076199750e-19,-5.081504621413918295e-03,-8.282794778748133447e-27
1.118950000131833986e+04,0.000000000000000000e+00,1.017091412684988505e+01,1.000000083583407104e+03,1.012018854564498440e+02,6.196828254595915149e-15,0.000000000000000000e+00,-8.034868992748562931e-06,-4.724260649247532082e-22,-9.760937820139892196e+00,8.999999999999998579e+01,-1.875828892859949234e-06,0.000000000000000000e+00,2.558332872076199750e-19,-5.050533022026936977e-03,-8.375825863226384233e-27
1.119950000132037712e+04,0.000000000000000000e+00,1.018000382176652785e+01,1.000000083307735622e+03,1.012018854204440146e+02,6.196828252391194069e-15,0.000000000000000000e+00,3.113907349815724145e-05,1.926468816316595896e-21,-9.760885711636559492e+00,8.999999999999998579e+01,-1.893347139601258444e-06,0.000000000000000000e+00,2.558332872076199750e-19,-5.080034424552107644e-03,-8.454047168321289876e-27
1.120950000132241439e+04,0.000000000000000000e+00,1.018909351668322394e+01,1.000000083026476204e+03,1.012018854751291173e+02,6.196828255739691675e-15,-4.235161959494657953e-22,-5.264236304618759170e-06,-3.053914575063549087e-22,-9.760760815571334348e+00,8.999999999999998579e+01,-1.624806174732971961e-06,0.000000000000000000e+00,2.558332872076200231e-19,-5.150744738478304184e-03,-7.254975991072135017e-27
1.121950000132445166e+04,0.000000000000000000e+00,1.019818321159999819e+01,1.000000082752667367e+03,1.012018854827359746e+02,6.196828256205476963e-15,4.235164736271501695e-22,-9.954505945627671755e-07,-4.265531148360066059e-23,-9.760820677437024528e+00,8.999999999999998579e+01,-1.754158066601713999e-06,0.000000000000000000e+00,2.558332872076200231e-19,-5.116853746419306771e-03,-7.832549417675901828e-27
1.122950000132648893e+04,0.000000000000000000e+00,1.020727290651677421e+01,1.000000082480721176e+03,1.012018854756529151e+02,6.196828255771764393e-15,-4.235161942358950179e-22,1.123651560651859336e-05,7.090117399524805985e-22,-9.761000270959973690e+00,8.999999999999998579e+01,-2.010501567363928477e-06,0.000000000000000000e+00,2.558332872076199750e-19,-5.015176284858357918e-03,-8.977157293013949829e-27
1.123950000132852620e+04,0.000000000000000000e+00,1.021636260143361064e+01,1.000000082206912339e+03,1.012018854352791664e+02,6.196828253299585546e-15,0.000000000000000000e+00,5.888819456035012648e-06,3.771962245692034260e-22,-9.760703523170864315e+00,8.999999999999998579e+01,-1.592322616391742435e-06,-9.478791598866934614e-23,2.558332872076200231e-19,-5.183181023666720739e-03,-7.109932576334409596e-27
1.124950000133056346e+04,0.000000000000000000e+00,1.022545229635049502e+01,1.000000081933103502e+03,1.012018854307423652e+02,6.196828253021787389e-15,2.811100958024874285e-28,1.809246465669433885e-05,1.126956572795519476e-21,-9.760883121538151741e+00,8.999999999999998579e+01,-1.832194395625965929e-06,0.000000000000000000e+00,2.558332872076199750e-19,-5.081500819190932182e-03,-8.180992021050053177e-27
1.125950000133260073e+04,0.000000000000000000e+00,1.023454199126741493e+01,1.000000081657432020e+03,1.012018855580503072e+02,6.196828260817149927e-15,2.819714923203695626e-28,-4.929252383932935779e-05,-2.998300303560636338e-21,-9.760930061856097240e+00,8.999999999999998579e+01,-1.916900862939228006e-06,0.000000000000000000e+00,2.558332872076199750e-19,-5.054925395379799256e-03,-8.559217680333539903e-27
1.126950000133463800e+04,0.000000000000000000e+00,1.024363168618440056e+01,1.000000081380829215e+03,1.012018854989290446e+02,6.196828257197015168e-15,1.414171031507174262e-28,1.798558842904241779e-06,1.325275907850621803e-22,-9.761057551122338083e+00,8.999999999999998579e+01,-2.147072791167814414e-06,0.000000000000000000e+00,2.558332872076199750e-19,-4.982746933122892893e-03,-9.586965998308514371e-27
1.127950000133667527e+04,0.000000000000000000e+00,1.025272138110141285e+01,1.000000081103295088e+03,1.012018854472316889e+02,6.196828254031467816e-15,1.418491188721702588e-28,4.530654497515960050e-06,2.965473069595352314e-22,-9.760880533230448464e+00,8.999999999999998579e+01,-1.833365483668621906e-06,0.000000000000000000e+00,2.558332872076199750e-19,-5.082966198512362324e-03,-8.186221085147064764e-27
1.128950000133871254e+04,0.000000000000000000e+00,1.026181107601847486e+01,1.000000080828554928e+03,1.012018854064863120e+02,6.196828251536531121e-15,4.235163313453568751e-22,4.772951369352630452e-05,2.942548879818056854e-21,-9.760888310985230021e+00,8.999999999999998579e+01,-1.913342699183098403e-06,0.000000000000000000e+00,2.558332872076199750e-19,-5.078562799796805180e-03,-8.543330005222216673e-27
1.129950000134074980e+04,0.000000000000000000e+00,1.027090077093559017e+01,1.000000080551952124e+03,1.012018853569673666e+02,6.196828248504371471e-15,1.427151265051505456e-28,1.152760988494327138e-05,7.224019348981382834e-22,-9.760763359886309942e+00,8.999999999999998579e+01,-1.585474860853305408e-06,0.000000000000000000e+00,2.558332872076200231e-19,-5.149304280775251520e-03,-7.079356435748129283e-27
1.130950000134278707e+04,0.000000000000000000e+00,1.027999046585273568e+01,1.000000080275349319e+03,1.012018854589910859e+02,6.196828254751521118e-15,1.431491184153350849e-28,-5.107042383007069004e-06,-2.928413320602144914e-22,-9.760937805179773719e+00,8.999999999999998579e+01,-1.905246903187225389e-06,0.000000000000000000e+00,2.558332872076199750e-19,-5.050541497191830646e-03,-8.507181197757025590e-27
1.131950000134482434e+04,0.000000000000000000e+00,1.028908016076993981e+01,1.000000080000609159e+03,1.012018853960825737e+02,6.196828250899488074e-15,9.572787764264995629e-29,2.636273974423737864e-05,1.631982553889523662e-21,-9.760765987812812128e+00,8.999999999999998579e+01,-1.699707704490665011e-06,0.000000000000000000e+00,2.558332872076200231e-19,-5.147816468353126618e-03,-7.589421298172191664e-27
1.132950000134686161e+04,0.000000000000000000e+00,1.029816985568719190e+01,1.000000079719349742e+03,1.012018853602489656e+02,6.196828248705310910e-15,4.235163296080717217e-22,4.485450256991632792e-05,2.764834139186576339e-21,-9.760828463095506891e+00,8.999999999999998579e+01,-1.753157978741681352e-06,0.000000000000000000e+00,2.558332872076200231e-19,-5.112445885178111549e-03,-7.828083892171178805e-27
1.133950000134889888e+04,0.000000000000000000e+00,1.030725955060448484e+01,1.000000079443678260e+03,1.012018855235200334e+02,6.196828258702780242e-15,-4.235160402620106286e-22,-1.481288885283499988e-05,-8.856624020643909720e-22,-9.760995065878548260e+00,8.999999999999998579e+01,-2.048139797663468811e-06,0.000000000000000000e+00,2.558332872076199750e-19,-5.018123160603875886e-03,-9.145217004637388092e-27
1.134950000135093615e+04,0.000000000000000000e+00,1.031634924552182575e+01,1.000000079168006778e+03,1.012018854485632033e+02,6.196828254112997380e-15,-4.235164736271501695e-22,1.407086071824517564e-05,8.820377446751710745e-22,-9.761000273766377688e+00,8.999999999999998579e+01,-1.960000505919757403e-06,0.000000000000000000e+00,2.558332872076199750e-19,-5.015174704159374754e-03,-8.751663327026693420e-27
1.135950000135297341e+04,0.000000000000000000e+00,1.032543894043927324e+01,1.000000078891403973e+03,1.012018854737483906e+02,6.196828255655145508e-15,0.000000000000000000e+00,-1.821536135202104337e-05,-1.094609903416168129e-21,-9.760935184472460335e+00,8.999999999999998579e+01,-1.990045257838287924e-06,0.000000000000000000e+00,2.558332872076199750e-19,-5.052025220762105563e-03,-8.885817146242994879e-27
1.136950000135501068e+04,0.000000000000000000e+00,1.033452863535670829e+01,1.000000078615732491e+03,1.012018854011434712e+02,6.196828251209377093e-15,0.000000000000000000e+00,2.499395061059348983e-05,1.550163577046726850e-21,-9.760943011446713058e+00,8.999999999999998579e+01,-1.890940832392339590e-06,0.000000000000000000e+00,2.558332872076199750e-19,-5.047593959222052874e-03,-8.443302686118224676e-27
1.137950000135704795e+04,0.000000000000000000e+00,1.034361833027419486e+01,1.000000078339129686e+03,1.012018854133058028e+02,6.196828251954105174e-15,0.000000000000000000e+00,4.309091510750915751e-06,2.851968302725363481e-22,-9.761057537009927287e+00,8.999999999999998579e+01,-2.046052105874005858e-06,0.000000000000000000e+00,2.558332872076199750e-19,-4.982754935897131324e-03,-9.135895182721123102e-27
1.138950000135908522e+04,0.000000000000000000e+00,1.035270802519171696e+01,1.000000078064389527e+03,1.012018854003439259e+02,6.196828251160418807e-15,0.000000000000000000e+00,2.161975230755466257e-05,1.343971023115131059e-21,-9.760883166656185495e+00,8.999999999999998579e+01,-1.930975738938961957e-06,0.000000000000000000e+00,2.558332872076199750e-19,-5.081475284879677368e-03,-8.622063876417304527e-27
1.139950000136112249e+04,0.000000000000000000e+00,1.036179772010929412e+01,1.000000077786855400e+03,1.012018853885277423e+02,6.196828250436886629e-15,4.235164736271501695e-22,3.620792458670775389e-05,2.235989618656214998e-21,-9.760885759851010590e+00,8.999999999999998579e+01,-1.811205234766301231e-06,0.000000000000000000e+00,2.558332872076199750e-19,-5.080007140170450866e-03,-8.087272622097962325e-27
1.140950000136315975e+04,0.000000000000000000e+00,1.037088741502692280e+01,1.000000077513046563e+03,1.012018854770241063e+02,6.196828255855726015e-15,4.235164736271501695e-22,3.996724599104408005e-06,2.636171937327880536e-22,-9.760820648261129051e+00,8.999999999999998579e+01,-1.810716608783842577e-06,0.000000000000000000e+00,2.558332872076200231e-19,-5.116870273943663686e-03,-8.085090842002294945e-27
1.141950000136519702e+04,0.000000000000000000e+00,1.037997710994459588e+01,1.000000077235512435e+03,1.012018854102675647e+02,6.196828251768067318e-15,1.445951736776393744e-25,1.476829811812159737e-05,9.219075876935445157e-22,-9.760763392130757055e+00,8.999999999999998579e+01,-1.688187691964741006e-06,0.000000000000000000e+00,2.558332872076200231e-19,-5.149286026233350008e-03,-7.537982907801624210e-27
1.142950000136723429e+04,0.000000000000000000e+00,1.038906680486228318e+01,1.000000076957978308e+03,1.012018854706091417e+02,6.196828255462922193e-15,1.484084019477922366e-28,-8.861000836669758710e-06,-5.222313741318747053e-22,-9.761054907829985083e+00,8.999999999999998579e+01,-1.950635743180356361e-06,1.895758319773387158e-22,2.558332872076199750e-19,-4.984243452395013124e-03,-8.709848414027850590e-27
1.143950000136927156e+04,0.000000000000000000e+00,1.039815649978004330e+01,1.000000076683238149e+03,1.012018855055091962e+02,6.196828257599934553e-15,0.000000000000000000e+00,-1.244114914222053260e-05,-7.415211323035060236e-22,-9.760995026515505657e+00,8.999999999999998579e+01,-1.944042769258703736e-06,0.000000000000000000e+00,2.558332872076199750e-19,-5.018145452502690597e-03,-8.680409907296907076e-27
1.144950000137130883e+04,0.000000000000000000e+00,1.040724619469784784e+01,1.000000076409429312e+03,1.012018855836696360e+02,6.196828262385881089e-15,-4.235161750388075311e-22,-4.085115731626154519e-05,-2.479885820298491574e-21,-9.760989765381781424e+00,8.999999999999998579e+01,-2.063544890090631484e-06,0.000000000000000000e+00,2.558332872076199750e-19,-5.021124054942990335e-03,-9.214002794251760631e-27
1.145950000137334609e+04,0.000000000000000000e+00,1.041633588961569501e+01,1.000000076132826507e+03,1.012018854374918959e+02,6.196828253435077139e-15,1.497380440802097105e-28,1.586047529160487159e-05,9.885640764439917360e-22,-9.760763394686572170e+00,8.999999999999998579e+01,-1.667090239921438387e-06,0.000000000000000000e+00,2.558332872076200231e-19,-5.149284578627918649e-03,-7.443779974290421382e-27
1.146950000137538336e+04,0.000000000000000000e+00,1.042542558453354928e+01,1.000000075856223702e+03,1.012018853765148947e+02,6.196828249701311700e-15,0.000000000000000000e+00,4.775555581828202410e-05,2.940111359213623037e-21,-9.760591655398709321e+00,8.999999999999998579e+01,-1.526854724276872228e-06,0.000000000000000000e+00,2.558332872076200231e-19,-5.246515344730546399e-03,-6.817609717850970018e-27
1.147950000137742063e+04,0.000000000000000000e+00,1.043451527945147639e+01,1.000000075585208833e+03,1.012018855004335620e+02,6.196828257289140711e-15,8.470326459987688239e-22,-8.468551260976852946e-06,-5.001191507497499819e-22,-9.760818005750254045e+00,8.999999999999998579e+01,-1.766713219710742116e-06,0.000000000000000000e+00,2.558332872076200231e-19,-5.118366341825702354e-03,-7.888609848628660030e-27
1.148950000137945790e+04,0.000000000000000000e+00,1.044360497436945323e+01,1.000000075308606029e+03,1.012018854840355147e+02,6.196828256285050941e-15,4.235163225535354855e-22,-8.199323453496167179e-06,-4.838022477326061068e-22,-9.760818002655170744e+00,8.999999999999998579e+01,-1.750621781276223523e-06,0.000000000000000000e+00,2.558332872076200231e-19,-5.118368096097936776e-03,-7.816759432671549174e-27
1.149950000138149517e+04,0.000000000000000000e+00,1.045269466928747804e+01,1.000000075032003224e+03,1.012018855110703299e+02,6.196828257940455829e-15,1.515201223079083098e-28,-1.851504765346181225e-05,-1.114298742885443802e-21,-9.760875245991515570e+00,8.999999999999998579e+01,-1.861759035083924087e-06,-1.895758319773387158e-22,2.558332872076199750e-19,-5.085959591778348686e-03,-8.313002074179894799e-27
1.150950000138353244e+04,0.000000000000000000e+00,1.046178436420553126e+01,1.000000074756331742e+03,1.012018854274985671e+02,6.196828252823161679e-15,0.000000000000000000e+00,9.781238460314830091e-06,6.140167871712208428e-22,-9.760643634207369246e+00,8.999999999999997158e+01,-1.446225856417096179e-06,9.478791598866934614e-23,2.558332872076200231e-19,-5.217087370435538607e-03,-6.457591083255286146e-27
1.151950000138556970e+04,0.000000000000000000e+00,1.047087405912364488e+01,1.000000074478797615e+03,1.012018854270879729e+02,6.196828252798020682e-15,4.235164736271501695e-22,3.550727450902650987e-05,2.193225308411299028e-21,-9.760825927441532102e+00,8.999999999999998579e+01,-1.824463508607497363e-06,0.000000000000000000e+00,2.558332872076199750e-19,-5.113881457360282268e-03,-8.146472580774107508e-27
1.152950000138760697e+04,0.000000000000000000e+00,1.047996375404175673e+01,1.000000074233859777e+03,1.012018855150453902e+02,6.196828258183858072e-15,4.235163207635526853e-22,2.596586330042568184e-07,3.596735266343554665e-23,-9.760937757732532916e+00,8.999999999999998579e+01,-1.923762519697342103e-06,0.000000000000000000e+00,2.558332872076199750e-19,-5.050568364863850142e-03,-8.589855891717289136e-27
1.153950000138964424e+04,0.000000000000000000e+00,1.048905344895996805e+01,1.000000073959119618e+03,1.012018854622905337e+02,6.196828254953554707e-15,4.235163203144101646e-22,7.417519922956366880e-06,4.726386997130349391e-22,-9.760820636932082905e+00,8.999999999999998579e+01,-1.768364264973368384e-06,0.000000000000000000e+00,2.558332872076200231e-19,-5.116876695357439400e-03,-7.895981985642170074e-27
1.154950000139168151e+04,0.000000000000000000e+00,1.049814314387820247e+01,1.000000073687173426e+03,1.012018854382284871e+02,6.196828253480178684e-15,0.000000000000000000e+00,7.668376904199253701e-06,4.891310559453450988e-22,-9.760820636383879645e+00,8.999999999999998579e+01,-1.876862788077272157e-06,0.000000000000000000e+00,2.558332872076199750e-19,-5.116877008396635527e-03,-8.380442343084479708e-27
1.155950000139371878e+04,0.000000000000000000e+00,1.050723283879648839e+01,1.000000073415227234e+03,1.012018854874453240e+02,6.196828256493841912e-15,0.000000000000000000e+00,-6.371414744914348997e-06,-3.709135103710205944e-22,-9.760817982156629213e+00,8.999999999999998579e+01,-1.842745694421509115e-06,0.000000000000000000e+00,2.558332872076199750e-19,-5.118379704339200836e-03,-8.228104975583768162e-27
1.156950000139575604e+04,0.000000000000000000e+00,1.051632253371483472e+01,1.000000073139555752e+03,1.012018853661520126e+02,6.196828249066768554e-15,0.000000000000000000e+00,5.480931557639559857e-05,3.375149137578907498e-21,-9.760888480786679366e+00,8.999999999999998579e+01,-1.825840695683277420e-06,0.000000000000000000e+00,2.558332872076199750e-19,-5.078466683013338825e-03,-8.152621904505991933e-27
1.157950000139779331e+04,0.000000000000000000e+00,1.052541222863325920e+01,1.000000072863884270e+03,1.012018853326689083e+02,6.196828247016519850e-15,-3.102317941264295248e-28,6.902930896395537814e-05,4.242798073164933189e-21,-9.760654266664634093e+00,8.999999999999998579e+01,-1.531161678590446927e-06,0.000000000000000000e+00,2.558332872076200231e-19,-5.211067779553736450e-03,-6.836840842538667081e-27
1.158950000139983058e+04,0.000000000000000000e+00,1.053450192355168014e+01,1.000000072590075433e+03,1.012018854851750689e+02,6.196828256354828843e-15,-3.111366662203024057e-28,1.573818865338040733e-05,9.805720011067476590e-22,-9.760703520858470483e+00,8.999999999999998579e+01,-1.618885865384198840e-06,0.000000000000000000e+00,2.558332872076200231e-19,-5.183182344634613102e-03,-7.228541021256655535e-27
1.159950000140186785e+04,0.000000000000000000e+00,1.054359161847013482e+01,1.000000072315335274e+03,1.012018854951904956e+02,6.196828256968095622e-15,-4.235161615842944647e-22,1.964302704243817211e-06,1.410349084968439184e-22,-9.760937748426554705e+00,8.999999999999998579e+01,-1.989769576863662487e-06,1.895758319773387158e-22,2.558332872076199750e-19,-5.050573638578245012e-03,-8.884586193971144845e-27
1.160950000140390512e+04,0.000000000000000000e+00,1.055268131338865167e+01,1.000000072043389082e+03,1.012018855077339765e+02,6.196828257736163731e-15,4.235163171519688729e-22,-1.571015864386798088e-05,-9.429395474317047333e-22,-9.760875191899026859e+00,8.999999999999998579e+01,-1.824300610237438939e-06,0.000000000000000000e+00,2.558332872076199750e-19,-5.085990221842607954e-03,-8.145745217854065321e-27
1.161950000140594238e+04,0.000000000000000000e+00,1.056177100830721649e+01,1.000000071770511568e+03,1.012018854350780117e+02,6.196828253287268271e-15,1.569295935048765192e-28,1.677201324455961844e-05,1.047189986758221044e-21,-9.760940411044041198e+00,8.999999999999998579e+01,-1.936464054852216636e-06,0.000000000000000000e+00,2.558332872076199750e-19,-5.049066194875602258e-03,-8.646569938002541627e-27
1.162950000140797965e+04,0.000000000000000000e+00,1.057086070322582749e+01,1.000000071494840086e+03,1.012018854499163893e+02,6.196828254195856963e-15,4.235164736271501695e-22,9.790828988723737183e-06,6.179989357721225251e-22,-9.760820633238376232e+00,8.999999999999998579e+01,-1.771908237129467133e-06,0.000000000000000000e+00,2.558332872076200231e-19,-5.116878791914611195e-03,-7.911806293369060020e-27
1.163950000141001692e+04,0.000000000000000000e+00,1.057995039814448113e+01,1.000000071220099926e+03,1.012018854513841575e+02,6.196828254285731886e-15,4.235164736271501695e-22,-4.241668193525155881e-06,-2.415371716357849242e-22,-9.760817961199233395e+00,8.999999999999998579e+01,-1.743774013409883692e-06,0.000000000000000000e+00,2.558332872076200231e-19,-5.118391576508010514e-03,-7.786183237039538816e-27
1.164950000141205419e+04,0.000000000000000000e+00,1.058904009306317029e+01,1.000000070944428444e+03,1.012018854824158325e+02,6.196828256185872981e-15,1.582967822663752343e-28,3.182781597839323987e-06,2.155637686011324670e-22,-9.760937739762177046e+00,8.999999999999998579e+01,-1.981866773762598260e-06,0.000000000000000000e+00,2.558332872076199750e-19,-5.050578547462663756e-03,-8.849299125487535876e-27
1.165950000141409146e+04,0.000000000000000000e+00,1.059812978798192518e+01,1.000000070671550930e+03,1.012018854863246418e+02,6.196828256425218902e-15,0.000000000000000000e+00,-7.264233177107691996e-06,-4.244016296239563096e-22,-9.760994953197787538e+00,8.999999999999998579e+01,-1.956008731044005908e-06,1.895758319773387158e-22,2.558332872076199750e-19,-5.018186973646102111e-03,-8.733839520510138544e-27
1.166950000141612873e+04,0.000000000000000000e+00,1.060721948290070138e+01,1.000000070399604738e+03,1.012018854342147591e+02,6.196828253234409069e-15,4.235164736271501695e-22,2.870670263650078004e-05,1.777991709051123758e-21,-9.760883223432699651e+00,8.999999999999998579e+01,-1.937699020868336606e-06,0.000000000000000000e+00,2.558332872076199750e-19,-5.081443150711286924e-03,-8.652084225759488088e-27
1.167950000141816599e+04,0.000000000000000000e+00,1.061630917781952377e+01,1.000000070124864578e+03,1.012018854119454119e+02,6.196828251870805407e-15,-4.235163671742591785e-22,4.329794871269531981e-05,2.668444680245244093e-21,-9.760648998827528899e+00,8.999999999999998579e+01,-1.649844728099404723e-06,0.000000000000000000e+00,2.558332872076200231e-19,-5.214050181295251836e-03,-7.366776466937818152e-27
1.168950000142020326e+04,0.000000000000000000e+00,1.062539887273839057e+01,1.000000069847330451e+03,1.012018853191928827e+02,6.196828246191351622e-15,4.235159932403827001e-22,5.791525571307009354e-05,3.561992408018422468e-21,-9.760651687094858531e+00,8.999999999999998579e+01,-1.505644742148629213e-06,0.000000000000000000e+00,2.558332872076200231e-19,-5.212528218421713135e-03,-6.722904322521734567e-27
1.169950000142224053e+04,0.000000000000000000e+00,1.063448856765731065e+01,1.000000069571658969e+03,1.012018854566444190e+02,6.196828254607830104e-15,-1.506390966149831586e-25,-6.306453340898075398e-06,-3.665917539337124317e-22,-9.760994941753986964e+00,8.999999999999998579e+01,-1.875756508377089004e-06,0.000000000000000000e+00,2.558332872076199750e-19,-5.018193457177063353e-03,-8.375502656868944531e-27
1.170950000142427780e+04,0.000000000000000000e+00,1.064357826257626805e+01,1.000000069298781114e+03,1.012018855095307401e+02,6.196828257846182217e-15,-4.235161515292605147e-22,4.652889721900258211e-06,3.056577065762393264e-22,-9.760937732870903716e+00,8.999999999999998579e+01,-1.989155484931200741e-06,0.000000000000000000e+00,2.558332872076199750e-19,-5.050582449331464038e-03,-8.881844191696902053e-27
1.171950000142631507e+04,0.000000000000000000e+00,1.065266795749527873e+01,1.000000069021247327e+03,1.012018853342875815e+02,6.196828247115633912e-15,-1.510708119809860224e-25,5.155114661213230763e-05,3.173215289035551385e-21,-9.760768808407368269e+00,8.999999999999998579e+01,-1.593071652769385352e-06,0.000000000000000000e+00,2.558332872076200231e-19,-5.146219603405129302e-03,-7.113277123530714157e-27
1.172950000142835233e+04,0.000000000000000000e+00,1.066175765241432316e+01,1.000000068749301136e+03,1.012018854898277027e+02,6.196828256639721226e-15,4.235164736271501695e-22,1.639019882988844914e-06,1.195065251549416238e-22,-9.760877835858744689e+00,8.999999999999998579e+01,-1.835384170879542707e-06,-1.895758319773387158e-22,2.558332872076199750e-19,-5.084493342147213164e-03,-8.195234792428872213e-27
1.173950000143038960e+04,0.000000000000000000e+00,1.067084734733339957e+01,1.000000068473629653e+03,1.012018855032733597e+02,6.196828257463029320e-15,4.235163111932316208e-22,-2.318146443082183777e-05,-1.400388584947401948e-21,-9.760932335494066692e+00,8.999999999999998579e+01,-1.827740437429678139e-06,0.000000000000000000e+00,2.558332872076199750e-19,-5.053638194910421190e-03,-8.161104504445422124e-27
1.174950000143242687e+04,0.000000000000000000e+00,1.067993704225252749e+01,1.000000068198889494e+03,1.012018854607229343e+02,6.196828254857567690e-15,4.235163107302563059e-22,-1.362055552284752115e-06,-6.431638959567584231e-23,-9.760817936792021143e+00,8.999999999999998579e+01,-1.829608518954212480e-06,0.000000000000000000e+00,2.558332872076199750e-19,-5.118405399044989243e-03,-8.169445737277144376e-27
1.175950000143446414e+04,0.000000000000000000e+00,1.068902673717171226e+01,1.000000067921355367e+03,1.012018854765880462e+02,6.196828255829024651e-15,4.235161469060943652e-22,9.697830979743783406e-06,6.128984408648186125e-22,-9.760760737220545380e+00,8.999999999999998579e+01,-1.828920023958841375e-06,0.000000000000000000e+00,2.558332872076199750e-19,-5.150789122716785753e-03,-8.166371515416670709e-27
1.176950000143650141e+04,0.000000000000000000e+00,1.069811643209092011e+01,1.000000067651271820e+03,1.012018854936482768e+02,6.196828256873663449e-15,-1.638248206175192478e-28,2.776249789465896615e-05,1.719071888988542321e-21,-9.760823335549654090e+00,8.999999999999998579e+01,-1.831881477980087239e-06,0.000000000000000000e+00,2.558332872076199750e-19,-5.115348871550537933e-03,-8.179594802081205937e-27
1.177950000143853867e+04,0.000000000000000000e+00,1.070720612701018126e+01,1.000000067373737693e+03,1.012018854686975828e+02,6.196828255345874168e-15,0.000000000000000000e+00,1.373453654545803420e-05,8.588291885811450561e-22,-9.760820632689258147e+00,8.999999999999998579e+01,-1.709373420889127763e-06,0.000000000000000000e+00,2.558332872076200231e-19,-5.116879108129721715e-03,-7.632580009345161454e-27
1.178950000144057594e+04,0.000000000000000000e+00,1.071629582192948682e+01,1.000000067100860178e+03,1.012018855175150094e+02,6.196828258335077975e-15,-4.235161441163858752e-22,-7.683554978934887584e-06,-4.497672379310128665e-22,-9.760935019987668326e+00,8.999999999999998579e+01,-1.985781038968416307e-06,0.000000000000000000e+00,2.558332872076199750e-19,-5.052118360614804050e-03,-8.866776841003708015e-27
1.179950000144261321e+04,0.000000000000000000e+00,1.072538551684881725e+01,1.000000066825188696e+03,1.012018855521210128e+02,6.196828260454085373e-15,4.235163084054992309e-22,-1.435963262788611971e-05,-8.598101424184388108e-22,-9.760815219248167196e+00,8.999999999999998579e+01,-1.865867139897672510e-06,0.000000000000000000e+00,2.558332872076199750e-19,-5.119943939900392822e-03,-8.331345309364513164e-27
1.180950000144465048e+04,0.000000000000000000e+00,1.073447521176822939e+01,1.000000066548585892e+03,1.012018854163054016e+02,6.196828252137778026e-15,4.235164736271501695e-22,2.882379376770335922e-05,1.783401155635718555e-21,-9.760823346414840174e+00,8.999999999999998579e+01,-1.768959921143852992e-06,0.000000000000000000e+00,2.558332872076200231e-19,-5.115342729180406313e-03,-7.898641669783576617e-27
1.181950000144668775e+04,0.000000000000000000e+00,1.074356490668768238e+01,1.000000066267326474e+03,1.012018854394271870e+02,6.196828253553579036e-15,1.661561646343488344e-28,2.908211259637667401e-05,1.799482468588359552e-21,-9.760823349227932155e+00,8.999999999999998579e+01,-1.794253299829416375e-06,0.000000000000000000e+00,2.558332872076200231e-19,-5.115341134899180180e-03,-8.011579974641394056e-27
1.182950000144872502e+04,0.000000000000000000e+00,1.075265460160716557e+01,1.000000065992586315e+03,1.012018855209643533e+02,6.196828258546290749e-15,0.000000000000000000e+00,-1.011194508575133398e-05,-6.002079957655461071e-22,-9.760875100604483379e+00,8.999999999999998579e+01,-1.818533022463782484e-06,0.000000000000000000e+00,2.558332872076199750e-19,-5.086041917701389185e-03,-8.119992170213685621e-27
1.183950000145076228e+04,0.000000000000000000e+00,1.076174429652668252e+01,1.000000065718777478e+03,1.012018854893755844e+02,6.196828256612035364e-15,4.235163065338370646e-22,4.425056382707007130e-06,2.903644969295856088e-22,-9.760877821639018848e+00,8.999999999999998579e+01,-1.860480176552962905e-06,0.000000000000000000e+00,2.558332872076199750e-19,-5.084501397928378567e-03,-8.307291800497787057e-27
1.184950000145279955e+04,0.000000000000000000e+00,1.077083399144625453e+01,1.000000065445899963e+03,1.012018854018249954e+02,6.196828251251107834e-15,4.235164736271501695e-22,2.238927656154308796e-05,1.390915786023019604e-21,-9.760940441732346429e+00,8.999999999999998579e+01,-1.914187661777399483e-06,0.000000000000000000e+00,2.558332872076199750e-19,-5.049048834480069671e-03,-8.547102875753076232e-27
1.185950000145483682e+04,0.000000000000000000e+00,1.077992368636586562e+01,1.000000065173022449e+03,1.012018853863488772e+02,6.196828250303469739e-15,1.680330963436646926e-28,3.353436171121137880e-05,2.072497128415655741e-21,-9.760883263108560470e+00,8.999999999999998579e+01,-1.831905327881318869e-06,1.895758319773387158e-22,2.558332872076199750e-19,-5.081420701434566367e-03,-8.179701295066965914e-27
1.186950000145687409e+04,0.000000000000000000e+00,1.078901338128551224e+01,1.000000064902007580e+03,1.012018854292275734e+02,6.196828252929032335e-15,4.235163051231741603e-22,3.040292197811088996e-05,1.879892303165837394e-21,-9.760823363918465390e+00,8.999999999999998579e+01,-1.749540960164034147e-06,0.000000000000000000e+00,2.558332872076200231e-19,-5.115332821077828336e-03,-7.811933422442442963e-27
1.187950000145891136e+04,0.000000000000000000e+00,1.079810307620522991e+01,1.000000064626336098e+03,1.012018854732913269e+02,6.196828255627159878e-15,-1.689755143488347067e-28,5.479168757786368499e-06,3.529588214118661363e-22,-9.760877752610086944e+00,8.999999999999998579e+01,-1.673432233484323352e-06,0.000000000000000000e+00,2.558332872076200231e-19,-5.084540482229974075e-03,-7.472097820289396232e-27
1.188950000146094862e+04,0.000000000000000000e+00,1.080719277112486409e+01,1.000000064350664616e+03,1.012018853906547804e+02,6.196828250567129931e-15,8.470326083588775422e-22,1.663399482178668361e-05,1.036812869528521419e-21,-9.760820641543958232e+00,8.999999999999998579e+01,-1.751860859184609042e-06,0.000000000000000000e+00,2.558332872076200231e-19,-5.116874107353223088e-03,-7.822292080575155980e-27
1.189950000146298589e+04,0.000000000000000000e+00,1.081628246604074839e+01,1.000000063993036747e+03,1.012018855379913020e+02,6.196828259588890342e-15,0.000000000000000000e+00,-2.262864731273297759e-05,-1.366699945448628826e-21,-9.760872354292171593e+00,8.999999999999998579e+01,-1.812305803150258962e-06,0.000000000000000000e+00,2.558332872076199750e-19,-5.087596753819855280e-03,-8.092186806525812062e-27
1.190950000146502316e+04,0.000000000000000000e+00,1.082537216095667887e+01,1.000000063635408878e+03,1.012018853132738201e+02,6.196828245828913423e-15,-4.235164736271501695e-22,5.333483156354940498e-05,3.283045941267572859e-21,-9.760709032956146558e+00,8.999999999999998579e+01,-1.651698023765652485e-06,0.000000000000000000e+00,2.558332872076200231e-19,-5.180061682502066708e-03,-7.375051678942842604e-27
1.191950000146706043e+04,0.000000000000000000e+00,1.083446185587259514e+01,1.000000063292682171e+03,1.012018854193139816e+02,6.196828252321999924e-15,1.553880139280530389e-25,-1.891699458548862180e-07,5.072307992181127956e-24,-9.760758003529589999e+00,8.999999999999998579e+01,-1.596825301064868629e-06,0.000000000000000000e+00,2.558332872076200231e-19,-5.152336824569858122e-03,-7.130037663148389155e-27
1.192950000146909770e+04,0.000000000000000000e+00,1.084355155078863397e+01,1.000000062935985625e+03,1.012018853988543299e+02,6.196828251069207554e-15,1.713430864243349844e-28,3.198760889367531832e-05,1.976382741976745919e-21,-9.760823375592394768e+00,8.999999999999998579e+01,-1.697424586839643513e-06,0.000000000000000000e+00,2.558332872076200231e-19,-5.115326218004922175e-03,-7.579226873753737188e-27
1.193950000147113496e+04,0.000000000000000000e+00,1.085264124570470656e+01,1.000000062581151724e+03,1.012018853796871269e+02,6.196828249895555287e-15,4.235164736271501695e-22,3.556386103356632338e-05,2.196494449213874059e-21,-9.760883292662063226e+00,8.999999999999998579e+01,-1.805679079251409491e-06,0.000000000000000000e+00,2.558332872076200231e-19,-5.081403974687823469e-03,-8.062597601651257570e-27
1.194950000147317223e+04,0.000000000000000000e+00,1.086173094062083422e+01,1.000000062222592533e+03,1.012018854761485471e+02,6.196828255802113450e-15,1.560356017923021442e-25,-1.804294122963848076e-05,-1.084893345539231396e-21,-9.760932234955529196e+00,8.999999999999998579e+01,-1.909412764254863761e-06,0.000000000000000000e+00,2.558332872076199750e-19,-5.053695128352827907e-03,-8.525782322308282471e-27
1.195950000147520950e+04,0.000000000000000000e+00,1.087082063553700628e+01,1.000000061865895987e+03,1.012018854289557623e+02,6.196828252912388159e-15,4.235164736271501695e-22,1.846879201673790285e-05,1.149335767339802276e-21,-9.760820648595206706e+00,8.999999999999998579e+01,-1.768548468355361389e-06,0.000000000000000000e+00,2.558332872076200231e-19,-5.116870116024007167e-03,-7.896804478278284878e-27
1.196950000147724677e+04,0.000000000000000000e+00,1.087991033045322098e+01,1.000000061508268118e+03,1.012018854707579294e+02,6.196828255472032748e-15,4.235166468761506083e-22,-1.754974021285574600e-05,-1.054844551176905711e-21,-9.760932225763660597e+00,8.999999999999998579e+01,-1.894931902790834170e-06,0.000000000000000000e+00,2.558332872076199750e-19,-5.053700334083002961e-03,-8.461123347049991264e-27
1.197950000147928404e+04,0.000000000000000000e+00,1.088900002536948186e+01,1.000000061150640249e+03,1.012018853556054694e+02,6.196828248420977829e-15,4.236731568187820287e-22,3.985215510315399110e-05,2.460195122702661930e-21,-9.760943217066667899e+00,8.999999999999998579e+01,-1.912882584536887880e-06,0.000000000000000000e+00,2.558332872076199750e-19,-5.047477580967042569e-03,-8.541275532040548340e-27
1.198950000148132131e+04,0.000000000000000000e+00,1.089808972028580847e+01,1.000000060791149735e+03,1.012018854263227894e+02,6.196828252751165500e-15,4.235163768365293389e-22,-1.704030204532145900e-05,-1.024794121418971715e-21,-9.760932212711711742e+00,8.999999999999998579e+01,-1.785245684942749777e-06,0.000000000000000000e+00,2.558332872076200231e-19,-5.053707728777205414e-03,-7.971359774376382166e-27
1.199950000148335857e+04,0.000000000000000000e+00,1.090717941520215994e+01,1.000000060437247157e+03,1.012018854279844930e+02,6.196828252852915935e-15,4.235162989417980431e-22,1.951801953174060999e-05,1.214000664778670538e-21,-9.760820653603540009e+00,8.999999999999998579e+01,-1.808632827103000796e-06,0.000000000000000000e+00,2.558332872076200231e-19,-5.116867283085885232e-03,-8.075786479241840841e-27
1.200950000148539584e+04,0.000000000000000000e+00,1.091626911011854162e+01,1.000000060085207224e+03,1.012018854178023872e+02,6.196828252229441296e-15,0.000000000000000000e+00,-2.291415835562077239e-06,-1.196859886187808202e-22,-9.760934963642252882e+00,8.999999999999998579e+01,-1.976898525490631682e-06,0.000000000000000000e+00,2.558332872076199750e-19,-5.052150281921745541e-03,-8.827115235192604364e-27
1.201950000148743311e+04,0.000000000000000000e+00,1.092535880503498547e+01,1.000000059726648033e+03,1.012018854350730805e+02,6.196828253286966138e-15,0.000000000000000000e+00,2.328746652642042664e-05,1.445591764763280943e-21,-9.760880566946347869e+00,8.999999999999998579e+01,-1.883297069411339414e-06,0.000000000000000000e+00,2.558332872076199750e-19,-5.082947147941230433e-03,-8.409172266274321413e-27
1.202950000148947038e+04,0.000000000000000000e+00,1.093444849995151813e+01,1.000000059369951487e+03,1.012018854275305699e+02,6.196828252825120421e-15,0.000000000000000000e+00,4.673272899771770528e-06,3.077570841056521625e-22,-9.761054781708878636e+00,8.999999999999998579e+01,-2.070770336422225709e-06,0.000000000000000000e+00,2.558332872076199750e-19,-4.984314890471711230e-03,-9.246265374537134677e-27
1.203950000149150765e+04,0.000000000000000000e+00,1.094353819486805257e+01,1.000000059010460973e+03,1.012018855303099798e+02,6.196828259118544649e-15,4.235162970174408631e-22,-3.656357118756367993e-05,-2.220939097170993716e-21,-9.760809608952220273e+00,8.999999999999998579e+01,-1.719219174794021476e-06,0.000000000000000000e+00,2.558332872076200231e-19,-5.123120243848550831e-03,-7.676542611964978734e-27
1.204950000149354491e+04,0.000000000000000000e+00,1.095262788978463142e+01,1.000000058650039136e+03,1.012018854240089780e+02,6.196828252609486870e-15,0.000000000000000000e+00,2.083419821201289122e-05,1.294541271875556614e-21,-9.760820660706649221e+00,8.999999999999998579e+01,-1.803683458030843976e-06,0.000000000000000000e+00,2.558332872076200231e-19,-5.116863265076832153e-03,-8.053686887088730880e-27
1.205950000149558218e+04,0.000000000000000000e+00,1.096171758470127067e+01,1.000000058295205235e+03,1.012018854147450071e+02,6.196828252042231193e-15,0.000000000000000000e+00,4.360955646328782387e-07,4.219366806428762214e-23,-9.760698069714214498e+00,8.999999999999998579e+01,-1.485174693725229379e-06,9.478791598866934614e-23,2.558332872076200231e-19,-5.186268559941478555e-03,-6.631502829742290800e-27
1.206950000149761945e+04,0.000000000000000000e+00,1.097080727961791169e+01,1.000000057945027947e+03,1.012018855709972343e+02,6.196828261609921215e-15,0.000000000000000000e+00,-4.686555288019517759e-05,-2.850590979805623860e-21,-9.760866709904261640e+00,8.999999999999998579e+01,-1.830656496810663950e-06,0.000000000000000000e+00,2.558332872076199750e-19,-5.090792350977336837e-03,-8.174125097994723793e-27
1.207950000149965672e+04,0.000000000000000000e+00,1.097989697453463620e+01,1.000000057589262724e+03,1.012018853799063578e+02,6.196828249908980122e-15,1.190371763724403690e-28,5.021410262032730606e-05,3.092337163026248914e-21,-9.760826208710330576e+00,8.999999999999998579e+01,-1.688179082705501708e-06,0.000000000000000000e+00,2.558332872076200231e-19,-5.113722249405434905e-03,-7.537944466312382115e-27
1.208950000150169399e+04,0.000000000000000000e+00,1.098898666945141045e+01,1.000000057233497500e+03,1.012018854246811941e+02,6.196828252650646477e-15,-4.235163542663629753e-22,6.029244795529181914e-06,3.907590158963994517e-22,-9.761054776194038496e+00,8.999999999999998579e+01,-2.068143698579814867e-06,0.000000000000000000e+00,2.558332872076199750e-19,-4.984318016665162041e-03,-9.234537086707933289e-27
1.209950000150373126e+04,0.000000000000000000e+00,1.099807636436825042e+01,1.000000056880526245e+03,1.012018853631333428e+02,6.196828248881927400e-15,4.235164736271501695e-22,2.533017482615110741e-05,1.569801113973049024e-21,-9.760880581611001361e+00,8.999999999999998579e+01,-1.799846937800824990e-06,0.000000000000000000e+00,2.558332872076200231e-19,-5.082938856976942921e-03,-8.036556313244975234e-27
1.210950000150576852e+04,0.000000000000000000e+00,1.100716605928511171e+01,1.000000056522898376e+03,1.012018854932190948e+02,6.196828256847381759e-15,3.600053868418225138e-28,-2.840392440375041081e-05,-1.719157857173679004e-21,-9.760929387383123768e+00,8.999999999999998579e+01,-1.925013298773836968e-06,0.000000000000000000e+00,2.558332872076199750e-19,-5.055307299575179103e-03,-8.595440786895078546e-27
1.211950000150780579e+04,0.000000000000000000e+00,1.101625575420201386e+01,1.000000056165270507e+03,1.012018853769181703e+02,6.196828249726006202e-15,0.000000000000000000e+00,3.381839297800109289e-05,2.088370260884954529e-21,-9.760763537402548096e+00,8.999999999999998579e+01,-1.686345925332853135e-06,0.000000000000000000e+00,2.558332872076200231e-19,-5.149203819291479044e-03,-7.529759174470658581e-27
1.212950000150984306e+04,0.000000000000000000e+00,1.102534544911897818e+01,1.000000055808573961e+03,1.012018853953548643e+02,6.196828250854927688e-15,0.000000000000000000e+00,2.608266295734852562e-05,1.616378403274738759e-21,-9.760880590496959996e+00,8.999999999999998579e+01,-1.847843730226553083e-06,0.000000000000000000e+00,2.558332872076199750e-19,-5.082933825058836771e-03,-8.250868384501327385e-27
1.213950000151188033e+04,0.000000000000000000e+00,1.103443514403600645e+01,1.000000055449083447e+03,1.012018854277431927e+02,6.196828252838139781e-15,0.000000000000000000e+00,1.518883087032563813e-05,9.497205781117578278e-22,-9.760937724357859224e+00,8.999999999999998579e+01,-1.885899175101226464e-06,0.000000000000000000e+00,2.558332872076199750e-19,-5.050587300313762185e-03,-8.420791014774871445e-27
1.214950000151391760e+04,0.000000000000000000e+00,1.104352483895309511e+01,1.000000055075623095e+03,1.012018853917897445e+02,6.196828250636626210e-15,-4.235163523154748408e-22,2.166545949015220900e-05,1.348308065590515830e-21,-9.761057559493906410e+00,8.999999999999998579e+01,-2.078403743708243636e-06,0.000000000000000000e+00,2.558332872076199750e-19,-4.982742248563497116e-03,-9.280349554823585845e-27
1.215950000151595486e+04,0.000000000000000000e+00,1.105261453387021042e+01,1.000000054714269936e+03,1.012018855089710172e+02,6.196828257811910155e-15,1.824460137609397892e-28,-4.144638496002346260e-05,-2.518415828584867746e-21,-9.760926566707565755e+00,8.999999999999998579e+01,-1.863892351460629382e-06,0.000000000000000000e+00,2.558332872076199750e-19,-5.056904236474961227e-03,-8.322527615955296843e-27
1.216950000151799213e+04,0.000000000000000000e+00,1.106170422878734705e+01,1.000000054358504713e+03,1.012018854881859511e+02,6.196828256539191159e-15,-4.235162906904963215e-22,-1.265108785333730437e-05,-7.543527071835799594e-22,-9.760932142426707259e+00,8.999999999999998579e+01,-1.946304590878412797e-06,0.000000000000000000e+00,2.558332872076199750e-19,-5.053747526304877211e-03,-8.690509242098964171e-27
1.217950000152002940e+04,0.000000000000000000e+00,1.107079392370454585e+01,1.000000054000876844e+03,1.012018853793298092e+02,6.196828249873675441e-15,4.235164736271501695e-22,-1.191219482995080617e-06,-5.434069659420673705e-23,-9.760874985771545553e+00,8.999999999999998579e+01,-1.783132655589906675e-06,0.000000000000000000e+00,2.558332872076200231e-19,-5.086106964355372427e-03,-7.961924816864713385e-27
1.218950000152206667e+04,0.000000000000000000e+00,1.107988361862177307e+01,1.000000053640455008e+03,1.012018853735663555e+02,6.196828249520765894e-15,1.839199100242576719e-28,2.761957354506365016e-05,1.709532883572889995e-21,-9.760880583444281555e+00,8.999999999999998579e+01,-1.756375497268325406e-06,0.000000000000000000e+00,2.558332872076200231e-19,-5.082937823690919336e-03,-7.842450540959591401e-27
1.219950000152410394e+04,0.000000000000000000e+00,1.108897331353905535e+01,1.000000053283758461e+03,1.012018854262213381e+02,6.196828252744953220e-15,8.470326603799584585e-22,3.907170724398546178e-05,2.410570471672703127e-21,-9.760823479366285582e+00,8.999999999999998579e+01,-1.736902417254595686e-06,0.000000000000000000e+00,2.558332872076200231e-19,-5.115267480165052415e-03,-7.755500644923496510e-27
1.220950000152614120e+04,0.000000000000000000e+00,1.109806300845637672e+01,1.000000052926130593e+03,1.012018854678825619e+02,6.196828255295966882e-15,4.235162887213492803e-22,-1.165603364234544348e-05,-6.942511572205727934e-22,-9.760932127641408940e+00,8.999999999999998579e+01,-1.866927932296915083e-06,0.000000000000000000e+00,2.558332872076199750e-19,-5.053755901371781954e-03,-8.336081888722532457e-27
1.221950000152817847e+04,0.000000000000000000e+00,1.110715270337375671e+01,1.000000052570365369e+03,1.012018853641155260e+02,6.196828248942068578e-15,1.853997343098931770e-28,5.387253354894627110e-05,3.317086779065314100e-21,-9.760826299441722753e+00,8.999999999999998579e+01,-1.758670660267600654e-06,0.000000000000000000e+00,2.558332872076200231e-19,-5.113670891613490352e-03,-7.852698749462414817e-27
1.222950000153021574e+04,0.000000000000000000e+00,1.111624239829117577e+01,1.000000052210874856e+03,1.012018853758459187e+02,6.196828249660349309e-15,-4.235163496896955738e-22,5.109646475322237729e-05,3.145988810160953574e-21,-9.760766385075704932e+00,8.999999999999998579e+01,-1.652005282545705336e-06,0.000000000000000000e+00,2.558332872076200231e-19,-5.147591606136396256e-03,-7.376423630322022879e-27
1.223950000153225301e+04,0.000000000000000000e+00,1.112533209320865346e+01,1.000000051854178309e+03,1.012018854543242270e+02,6.196828254465758622e-15,1.863895771704294452e-28,6.367421826516184833e-06,4.116935621200439269e-22,-9.760994846487895060e+00,8.999999999999998579e+01,-2.089933961527110240e-06,0.000000000000000000e+00,2.558332872076199750e-19,-5.018247423134028669e-03,-9.331833513186469671e-27
1.224950000153429028e+04,0.000000000000000000e+00,1.113442178812587180e+01,1.000000051490031183e+03,1.012018854238114614e+02,6.196828252597390477e-15,-1.868854865997170224e-28,6.634218302396880304e-06,4.258727334899025217e-22,-9.760994845640768247e+00,8.999999999999998579e+01,-1.883171310396649364e-06,0.000000000000000000e+00,2.558332872076199750e-19,-5.018247906140912290e-03,-8.408610735522886205e-27
1.225950000153632755e+04,0.000000000000000000e+00,1.114351148304342765e+01,1.000000051136128604e+03,1.012018853373814835e+02,6.196828247305082014e-15,1.873820546941222554e-28,5.190371386691328284e-05,3.195896063163287463e-21,-9.760766404195951651e+00,8.999999999999998579e+01,-1.697787294961388049e-06,0.000000000000000000e+00,2.558332872076200231e-19,-5.147580786538339358e-03,-7.580846413829315815e-27
1.226950000153836481e+04,0.000000000000000000e+00,1.115260117796103678e+01,1.000000050780363381e+03,1.012018853422763840e+02,6.196828247604807348e-15,4.235162857478687525e-22,5.517867434685912078e-05,3.397352557505047170e-21,-9.760826333817147926e+00,8.999999999999998579e+01,-1.786259083444797611e-06,0.000000000000000000e+00,2.558332872076200231e-19,-5.113651434938824847e-03,-7.975884733670653322e-27
1.227950000154040208e+04,0.000000000000000000e+00,1.116169087287867612e+01,1.000000050424598157e+03,1.012018855198888900e+02,6.196828258480436640e-15,1.883771668755999710e-28,-2.421571738270549695e-05,-1.463267407054184625e-21,-9.760929286251565529e+00,8.999999999999998579e+01,-1.871017010142477971e-06,0.000000000000000000e+00,2.558332872076199750e-19,-5.055364563617802294e-03,-8.354340165959846495e-27
1.228950000154243935e+04,0.000000000000000000e+00,1.117078056779636341e+01,1.000000050066970289e+03,1.012018853802679104e+02,6.196828249931117926e-15,4.235162847514391959e-22,4.143496641639953258e-05,2.555293001851222644e-21,-9.760823528650268699e+00,8.999999999999998579e+01,-1.738305984043999388e-06,0.000000000000000000e+00,2.558332872076200231e-19,-5.115239587636638725e-03,-7.761767757590436122e-27
1.229950000154447662e+04,0.000000000000000000e+00,1.117987026271407736e+01,1.000000049713067710e+03,1.012018855035256450e+02,6.196828257478476794e-15,1.893749137094909329e-28,-2.671225124910062043e-05,-1.616240918230878329e-21,-9.760869350641382169e+00,8.999999999999998579e+01,-1.860972338736894608e-06,0.000000000000000000e+00,2.558332872076199750e-19,-5.089297308823893980e-03,-8.309489370204047683e-27
1.230950000154651389e+04,0.000000000000000000e+00,1.118895995763186590e+01,1.000000049359165132e+03,1.012018855259329371e+02,6.196828258850528367e-15,4.235164736271501695e-22,-2.347921192835824124e-05,-1.418108964681752181e-21,-9.760929269581190226e+00,8.999999999999998579e+01,-1.876815776380981044e-06,0.000000000000000000e+00,2.558332872076199750e-19,-5.055374002888826830e-03,-8.380232429598677608e-27
1.231950000154855115e+04,0.000000000000000000e+00,1.119804965254970597e+01,1.000000049001537263e+03,1.012018854926159719e+02,6.196828256810452025e-15,1.903752951904235269e-28,-8.965091005171104278e-06,-5.289728721339924618e-22,-9.760932090102610204e+00,8.999999999999998579e+01,-1.915400604768775977e-06,0.000000000000000000e+00,2.558332872076199750e-19,-5.053777158593470570e-03,-8.552518827771118305e-27
1.232950000155058842e+04,0.000000000000000000e+00,1.120713934746758689e+01,1.000000048642978072e+03,1.012018853464963115e+02,6.196828247863201893e-15,0.000000000000000000e+00,3.409194903232441579e-05,2.108219543509158124e-21,-9.760940571756087536e+00,8.999999999999998579e+01,-1.983375486402992177e-06,0.000000000000000000e+00,2.558332872076199750e-19,-5.048975255112292219e-03,-8.856035728384362956e-27
1.233950000155262569e+04,0.000000000000000000e+00,1.121622904238549978e+01,1.000000048290006816e+03,1.012018854085005017e+02,6.196828251659865579e-15,1.644544237790417452e-25,-4.838137475415815531e-08,1.416385626451669839e-23,-9.760815061528637315e+00,8.999999999999998579e+01,-1.641818969366897813e-06,0.000000000000000000e+00,2.558332872076200231e-19,-5.120033278382226521e-03,-7.330940385182376155e-27
1.234950000155466296e+04,0.000000000000000000e+00,1.122531873730345531e+01,1.000000047934241593e+03,1.012018854699415868e+02,6.196828255422046577e-15,1.918808073632750496e-28,6.031955324804346035e-06,3.901035494674528405e-22,-9.760934913483250597e+00,8.999999999999998579e+01,-1.989423615764994597e-06,0.000000000000000000e+00,2.558332872076199750e-19,-5.052178695795122090e-03,-8.883041431584273673e-27
1.235950000155670023e+04,0.000000000000000000e+00,1.123440843222147123e+01,1.000000047576613724e+03,1.012018854086098969e+02,6.196828251666564586e-15,0.000000000000000000e+00,3.191723771061211233e-05,1.973464005774318105e-21,-9.760880655496032787e+00,8.999999999999998579e+01,-1.830686916699764914e-06,0.000000000000000000e+00,2.558332872076199750e-19,-5.082897038588123431e-03,-8.174260926851427989e-27
1.236950000155873749e+04,0.000000000000000000e+00,1.124349812713953334e+01,1.000000047221779823e+03,1.012018854393746494e+02,6.196828253550361272e-15,1.928877754383108388e-28,6.528892619730371825e-06,4.201003875025666027e-22,-9.760934911967373395e+00,8.999999999999998579e+01,-1.948030525746133436e-06,0.000000000000000000e+00,2.558332872076199750e-19,-5.052179558029728720e-03,-8.698215771174363669e-27
1.237950000156077476e+04,0.000000000000000000e+00,1.125258782205763275e+01,1.000000046868808568e+03,1.012018854378307253e+02,6.196828253455824181e-15,4.235162802349027032e-22,3.880516775377652098e-06,2.565784420384295195e-22,-9.760874982990621618e+00,8.999999999999998579e+01,-1.818083463989849532e-06,0.000000000000000000e+00,2.558332872076199750e-19,-5.086108545706383502e-03,-8.117984831747296904e-27
1.238950000156281203e+04,0.000000000000000000e+00,1.126167751697579789e+01,1.000000046511180699e+03,1.012018854830675991e+02,6.196828256225783821e-15,1.938973781415875430e-28,-1.013805516672396898e-05,-6.016312085980804518e-22,-9.760872145710736802e+00,8.999999999999998579e+01,-1.835368796030783007e-06,0.000000000000000000e+00,2.558332872076199750e-19,-5.087714878011739827e-03,-8.195166141681260565e-27
1.239950000156484930e+04,0.000000000000000000e+00,1.127076721189398789e+01,1.000000046155415475e+03,1.012018853700520111e+02,6.196828249305573316e-15,4.235162792239826867e-22,4.432086853909290999e-05,2.732171639957083971e-21,-9.760823583900700484e+00,8.999999999999998579e+01,-1.754420534932912811e-06,0.000000000000000000e+00,2.558332872076200231e-19,-5.115208315089466232e-03,-7.833721373734952718e-27
1.240950000156688657e+04,0.000000000000000000e+00,1.127985690681222053e+01,1.000000045802444220e+03,1.012018854181101943e+02,6.196828252248289550e-15,4.235162787175347224e-22,1.891796387071221027e-05,1.177254257869276554e-21,-9.760877802794801994e+00,8.999999999999998579e+01,-1.808270231896585880e-06,0.000000000000000000e+00,2.558332872076200231e-19,-5.084512107446889292e-03,-8.074167443348248775e-27
1.241950000156892384e+04,0.000000000000000000e+00,1.128894660173049580e+01,1.000000045445747674e+03,1.012018853078734395e+02,6.196828245498234765e-15,4.235164736271501695e-22,5.911473476795131332e-05,3.638138717837189528e-21,-9.760826443146511266e+00,8.999999999999998579e+01,-1.764392904814011670e-06,0.000000000000000000e+00,2.558332872076200231e-19,-5.113589550094716288e-03,-7.878249333553518976e-27
1.242950000157096110e+04,0.000000000000000000e+00,1.129803629664881370e+01,1.000000045089051127e+03,1.012018853817375543e+02,6.196828250021107234e-15,0.000000000000000000e+00,4.227138486099923925e-05,2.604902258961316768e-21,-9.760763669304438395e+00,8.999999999999998579e+01,-1.584300540930494775e-06,0.000000000000000000e+00,2.558332872076200231e-19,-5.149129161188882239e-03,-7.074112940875744809e-27
1.243950000157299837e+04,0.000000000000000000e+00,1.130712599156717069e+01,1.000000044733285904e+03,1.012018854455080685e+02,6.196828253925925327e-15,4.235160807613274657e-22,2.542154244092771225e-05,1.572883005976056359e-21,-9.760700890100869387e+00,8.999999999999998579e+01,-1.559004853272232524e-06,0.000000000000000000e+00,2.558332872076200231e-19,-5.184671808639049889e-03,-6.961164326147278602e-27
1.244950000157503564e+04,0.000000000000000000e+00,1.131621568648558451e+01,1.000000044375658035e+03,1.012018854879023593e+02,6.196828256521827541e-15,4.235164736271501695e-22,-8.606822656630249620e-06,-5.079840463590109188e-22,-9.760872120427620757e+00,8.999999999999998579e+01,-1.824458689194825865e-06,0.000000000000000000e+00,2.558332872076199750e-19,-5.087729195362139696e-03,-8.146451061454594202e-27
1.245950000157707291e+04,0.000000000000000000e+00,1.132530538140403387e+01,1.000000044017098844e+03,1.012018853947217565e+02,6.196828250816161486e-15,1.974517352229004217e-28,3.163347803849952559e-05,1.954951688429841104e-21,-9.760820758492476656e+00,8.999999999999998579e+01,-1.721698524965894656e-06,0.000000000000000000e+00,2.558332872076200231e-19,-5.116807931163872697e-03,-7.687613240726808402e-27
1.246950000157911018e+04,0.000000000000000000e+00,1.133439507632257204e+01,1.000000043663196266e+03,1.012018854289201073e+02,6.196828252910203803e-15,0.000000000000000000e+00,3.452291082869408267e-05,2.136474253849279970e-21,-9.761177495825670292e+00,8.999999999999998579e+01,-2.162194473092302014e-06,0.000000000000000000e+00,2.558332872076199750e-19,-4.914839917047818599e-03,-9.654486322278737070e-27
1.247950000158114744e+04,0.000000000000000000e+00,1.134348477124112087e+01,1.000000043308362365e+03,1.012018854182662579e+02,6.196828252257846600e-15,0.000000000000000000e+00,3.214257153096002144e-05,1.987163708906774991e-21,-9.760820765079273542e+00,8.999999999999998579e+01,-1.821304519265206669e-06,0.000000000000000000e+00,2.558332872076199750e-19,-5.116804201084457215e-03,-8.132367272589801361e-27
1.248950000158318471e+04,0.000000000000000000e+00,1.135257446615972299e+01,1.000000042948871851e+03,1.012018854322823103e+02,6.196828253116080722e-15,4.236841661482711421e-22,9.476068283948442308e-06,6.000746519836502960e-22,-9.760934905907742376e+00,8.999999999999998579e+01,-1.901338663919888870e-06,0.000000000000000000e+00,2.558332872076199750e-19,-5.052182996722822013e-03,-8.489730388858817030e-27
1.249950000158522198e+04,0.000000000000000000e+00,1.136166416107836596e+01,1.000000042591243982e+03,1.012018854477631180e+02,6.196828254064005962e-15,-4.235160746325766789e-22,1.250364423002131279e-05,7.865097665629315158e-22,-9.760994839349121932e+00,8.999999999999998579e+01,-2.001831545935948132e-06,0.000000000000000000e+00,2.558332872076199750e-19,-5.018251481353356962e-03,-8.938444492508736053e-27
1.250950000158725925e+04,0.000000000000000000e+00,1.137075385599705335e+01,1.000000042233616114e+03,1.012018853841392456e+02,6.196828250168169050e-15,4.235160736065076435e-22,5.589956965591026038e-05,3.440895368934616524e-21,-9.760706645068697895e+00,8.999999999999998579e+01,-1.728823134446996576e-06,0.000000000000000000e+00,2.558332872076200231e-19,-5.181413623555377636e-03,-7.719425571043471377e-27
1.251950000158929652e+04,0.000000000000000000e+00,1.137984355091577804e+01,1.000000041878782213e+03,1.012018855055957687e+02,6.196828257605234909e-15,2.005240144052805171e-28,-2.982154192184855991e-05,-1.805245790598287034e-21,-9.760986226032402513e+00,8.999999999999998579e+01,-1.993649548173520221e-06,0.000000000000000000e+00,2.558332872076199750e-19,-5.023127936273692751e-03,-8.901910782673974038e-27
1.252950000159133378e+04,0.000000000000000000e+00,1.138893324583455069e+01,1.000000041519291699e+03,1.012018854336875648e+02,6.196828253202128092e-15,4.235164736271501695e-22,1.045637602511180254e-05,6.600720282730499426e-22,-9.760934905141212425e+00,8.999999999999998579e+01,-1.898442296895238878e-06,0.000000000000000000e+00,2.558332872076199750e-19,-5.052183433028638142e-03,-8.476797724303540960e-27
1.253950000159337105e+04,0.000000000000000000e+00,1.139802294075338907e+01,1.000000041163526475e+03,1.012018853171971813e+02,6.196828246069149179e-15,1.687718978748459050e-25,4.800727758811864547e-05,2.957283481099863726e-21,-9.760823659289712850e+00,8.999999999999998579e+01,-1.695405624066074466e-06,0.000000000000000000e+00,2.558332872076200231e-19,-5.115165646778276412e-03,-7.570211936048003554e-27
1.254950000159540832e+04,0.000000000000000000e+00,1.140711263567222744e+01,1.000000040813349187e+03,1.012018855004218381e+02,6.196828257288422847e-15,-4.235163389054955660e-22,1.091180826345845265e-05,6.892056656589066072e-22,-9.760934957977717374e+00,8.999999999999998579e+01,-2.017814686800001965e-06,0.000000000000000000e+00,2.558332872076199750e-19,-5.052153514597971205e-03,-9.009811345388703885e-27
1.255950000159744559e+04,0.000000000000000000e+00,1.141620233059112977e+01,1.000000040455721319e+03,1.012018855009284124e+02,6.196828257319442436e-15,2.025853734755884418e-28,-1.732772961955112548e-05,-1.041769272780242649e-21,-9.760929144312029848e+00,8.999999999999998579e+01,-1.845168796412552716e-06,0.000000000000000000e+00,2.558332872076199750e-19,-5.055444942060205102e-03,-8.238924448726050505e-27
1.256950000159948286e+04,0.000000000000000000e+00,1.142529202551007295e+01,1.000000040099956095e+03,1.012018853996922587e+02,6.196828251120515856e-15,2.031023598556006060e-28,2.908615911253885461e-05,1.797410973486138544e-21,-9.760700923117328287e+00,8.999999999999998579e+01,-1.571938382458229194e-06,0.000000000000000000e+00,2.558332872076200231e-19,-5.184653128448470615e-03,-7.018914256682626291e-27
1.257950000160152013e+04,0.000000000000000000e+00,1.143438172042905343e+01,1.000000039746984839e+03,1.012018854273897404e+02,6.196828252816498960e-15,4.235163378714194392e-22,2.322969961506842046e-05,1.441648107777501532e-21,-9.760877852704714641e+00,8.999999999999998579e+01,-1.844339665966594466e-06,0.000000000000000000e+00,2.558332872076199750e-19,-5.084483860361420013e-03,-8.235222270846353826e-27
1.258950000160355739e+04,0.000000000000000000e+00,1.144347141534807477e+01,1.000000039392150939e+03,1.012018855355188407e+02,6.196828259437495312e-15,4.235164736271501695e-22,-3.356969696556710435e-05,-2.036135520396180725e-21,-9.760866315854181963e+00,8.999999999999998579e+01,-1.861256754697924347e-06,0.000000000000000000e+00,2.558332872076199750e-19,-5.091015478909837952e-03,-8.310759325353672461e-27
1.259950000160559466e+04,0.000000000000000000e+00,1.145256111026714230e+01,1.000000039032660425e+03,1.012018855202629481e+02,6.196828258503341217e-15,-8.470323332824877810e-22,-1.367454207766467032e-05,-8.159424728908253822e-22,-9.760989064592454412e+00,8.999999999999998579e+01,-2.049702924003433510e-06,0.000000000000000000e+00,2.558332872076199750e-19,-5.021520879286105535e-03,-9.152196571950591581e-27
1.260950000160763193e+04,0.000000000000000000e+00,1.146165080518627022e+01,1.000000038675032556e+03,1.012018854819747560e+02,6.196828256158865539e-15,2.051768918052461842e-28,2.398881956826739943e-05,1.488300111193353905e-21,-9.760877858635247151e+00,8.999999999999998579e+01,-1.860475124339096288e-06,0.000000000000000000e+00,2.558332872076199750e-19,-5.084480499624486477e-03,-8.307269241689926540e-27
1.261950000160966920e+04,0.000000000000000000e+00,1.147074050010543012e+01,1.000000038321129978e+03,1.012018854913390982e+02,6.196828256732267232e-15,2.056971713966994997e-28,-4.273309560069598341e-06,-2.426413986669953128e-22,-9.760872072890057538e+00,8.999999999999998579e+01,-1.823643911212662169e-06,0.000000000000000000e+00,2.558332872076199750e-19,-5.087756119016470860e-03,-8.142812969237455479e-27
1.262950000161170647e+04,0.000000000000000000e+00,1.147983019502462376e+01,1.000000037968158722e+03,1.012018854559244829e+02,6.196828254563746979e-15,2.062181096284267719e-28,1.917522085894767558e-05,1.191679458005165155e-21,-9.760757984132954590e+00,8.999999999999998579e+01,-1.681063822362862073e-06,0.000000000000000000e+00,2.558332872076200231e-19,-5.152347846165060592e-03,-7.506173881144238991e-27
1.263950000161374373e+04,0.000000000000000000e+00,1.148891988994389379e+01,1.000000037608668208e+03,1.012018854219776216e+02,6.196828252485102438e-15,4.235162668874436941e-22,1.680189233779224735e-05,1.045114485889748020e-21,-9.760698045655923138e+00,8.999999999999998579e+01,-1.562152115003239575e-06,0.000000000000000000e+00,2.558332872076200231e-19,-5.186282215445632213e-03,-6.975217268985107405e-27
1.264950000161578100e+04,0.000000000000000000e+00,1.149800958486319757e+01,1.000000037251040339e+03,1.012018854717107530e+02,6.196828255530376900e-15,2.072619620100171330e-28,-1.511776554760610457e-05,-9.062806915722277200e-22,-9.760929105184832366e+00,8.999999999999998579e+01,-1.861220358507772338e-06,0.000000000000000000e+00,2.558332872076199750e-19,-5.055467102238852921e-03,-8.310596811516745487e-27
1.265950000161781827e+04,0.000000000000000000e+00,1.150709927978254754e+01,1.000000036894343793e+03,1.012018854408716635e+02,6.196828253642026909e-15,4.235164736271501695e-22,2.527080808218339601e-05,1.566066513954418734e-21,-9.760877869279980246e+00,8.999999999999998579e+01,-1.790324007653482091e-06,0.000000000000000000e+00,2.558332872076200231e-19,-5.084474479899180575e-03,-7.994035161702096048e-27
1.266950000161985554e+04,0.000000000000000000e+00,1.151618897470192060e+01,1.000000036541372538e+03,1.012018854115594735e+02,6.196828251847172712e-15,4.235164736271501695e-22,2.553274537394838010e-05,1.581620027826466170e-21,-9.760877814865372315e+00,8.999999999999998579e+01,-1.743774548771411259e-06,0.000000000000000000e+00,2.558332872076200231e-19,-5.084505290198281652e-03,-7.786185627500069414e-27
1.267950000162189281e+04,0.000000000000000000e+00,1.152527866962134162e+01,1.000000036186538637e+03,1.012018853732818116e+02,6.196828249503343900e-15,2.088326803676704897e-28,2.576733030660114458e-05,1.597171136339791748e-21,-9.760877873869286958e+00,8.999999999999998579e+01,-1.857565261384557079e-06,0.000000000000000000e+00,2.558332872076199750e-19,-5.084471889052777707e-03,-8.294276316010063093e-27
1.268950000162393007e+04,0.000000000000000000e+00,1.153436836454062941e+01,1.000000035827048123e+03,1.012018854146446500e+02,6.196828252036085966e-15,4.235162642695797358e-22,5.194206620762589402e-05,3.198456326586413312e-21,-9.760823753800311309e+00,8.999999999999998579e+01,-1.718080405914301845e-06,0.000000000000000000e+00,2.558332872076200231e-19,-5.115112139536849740e-03,-7.671457857235323179e-27
1.269950000162596734e+04,0.000000000000000000e+00,1.154345805946015879e+01,1.000000035466625945e+03,1.012018853795918147e+02,6.196828249889719294e-15,0.000000000000000000e+00,3.149033148008519343e-05,1.947855981021940049e-21,-9.760997763016131756e+00,8.999999999999998579e+01,-1.881637579542447270e-06,1.895758319773387158e-22,2.558332872076199750e-19,-5.016596255696428343e-03,-8.401762422969032410e-27
1.270950000162800461e+04,0.000000000000000000e+00,1.155254775437971304e+01,1.000000035110861063e+03,1.012018854240656225e+02,6.196828252612954703e-15,8.470327368449739204e-22,9.683206541706611617e-06,6.116238760510095647e-22,-9.760815024018651087e+00,8.999999999999998579e+01,-1.792511811482812122e-06,0.000000000000000000e+00,2.558332872076200231e-19,-5.120054536017628471e-03,-8.003803997211089268e-27
1.271950000163004188e+04,0.000000000000000000e+00,1.156163744929930459e+01,1.000000034756027162e+03,1.012018854493861966e+02,6.196828254163390603e-15,2.109361924155071177e-28,1.768336783696411129e-05,1.103660324130583966e-21,-9.760994853086186751e+00,8.999999999999998579e+01,-2.000293987341781219e-06,0.000000000000000000e+00,2.558332872076199750e-19,-5.018243717440534421e-03,-8.931579088586092254e-27
1.272950000163207915e+04,0.000000000000000000e+00,1.157072714421895832e+01,1.000000034402124584e+03,1.012018854970464901e+02,6.196828257081742079e-15,0.000000000000000000e+00,-1.058705885023289451e-05,-6.278004705961994847e-22,-9.760989016507787497e+00,8.999999999999998579e+01,-1.962293721290559223e-06,0.000000000000000000e+00,2.558332872076199750e-19,-5.021548112677719396e-03,-8.761902839108962927e-27
1.273950000163411642e+04,0.000000000000000000e+00,1.157981683913864934e+01,1.000000034045428038e+03,1.012018854322755175e+02,6.196828253115664203e-15,-4.235162616352499229e-22,3.241622052994894626e-05,2.005403171426480315e-21,-9.760997776247466007e+00,8.999999999999998579e+01,-1.963463371303611899e-06,1.895758319773387158e-22,2.558332872076199750e-19,-5.016588762400275500e-03,-8.767125482212253396e-27
1.274950000163615368e+04,0.000000000000000000e+00,1.158890653405839366e+01,1.000000033689662814e+03,1.012018854466610520e+02,6.196828253996526012e-15,-2.125207421061077843e-28,3.413910893591798438e-05,2.108283247747046220e-21,-9.760700981451991609e+00,8.999999999999998579e+01,-1.712700313747741734e-06,0.000000000000000000e+00,2.558332872076200231e-19,-5.184620108742968650e-03,-7.647435029094259507e-27
1.275950000163819095e+04,0.000000000000000000e+00,1.159799622897817173e+01,1.000000033334828913e+03,1.012018853952826021e+02,6.196828250850502968e-15,-4.235160475266649284e-22,2.528540995606404617e-05,1.565295549867720343e-21,-9.760817911445611728e+00,8.999999999999998579e+01,-1.630716830266466158e-06,0.000000000000000000e+00,2.558332872076200231e-19,-5.118419814934667411e-03,-7.281367855316525002e-27
1.276950000164022822e+04,0.000000000000000000e+00,1.160708592389798355e+01,1.000000032979063690e+03,1.012018854962197736e+02,6.196828257031122453e-15,2.135804017253522586e-28,-4.502343790719556393e-07,-8.510644343771664251e-24,-9.760872017033124237e+00,8.999999999999998579e+01,-1.826991004555909436e-06,0.000000000000000000e+00,2.558332872076199750e-19,-5.087787751352775001e-03,-8.157758186841106507e-27
1.277950000164226549e+04,0.000000000000000000e+00,1.161617561881785043e+01,1.000000032627955079e+03,1.012018854380023356e+02,6.196828253466331808e-15,4.235162595159307042e-22,1.657370624978583517e-05,1.035024213126183117e-21,-9.760934914426949049e+00,8.999999999999998579e+01,-1.934262950258237811e-06,1.895758319773387158e-22,2.558332872076199750e-19,-5.052178190808721304e-03,-8.636741712807757671e-27
1.278950000164430276e+04,0.000000000000000000e+00,1.162526531373471528e+01,1.000000032205134630e+03,1.012018853916198395e+02,6.196828250626223501e-15,4.235164736271501695e-22,1.681889345322429082e-05,1.050023231282511356e-21,-9.760934915315871763e+00,8.999999999999998579e+01,-1.932885571740338579e-06,0.000000000000000000e+00,2.558332872076199750e-19,-5.052177692505966343e-03,-8.630591534261310312e-27
1.279950000164634002e+04,0.000000000000000000e+00,1.163435500865077188e+01,1.000000031765550375e+03,1.012018854139221418e+02,6.196828251991845069e-15,0.000000000000000000e+00,1.456921340688976568e-05,9.110551947230625899e-22,-9.760874936549139846e+00,8.999999999999998579e+01,-1.816433481690202357e-06,0.000000000000000000e+00,2.558332872076199750e-19,-5.086134866898099280e-03,-8.110617441005075722e-27
1.280950000164837729e+04,0.000000000000000000e+00,1.164344470356687644e+01,1.000000031323172152e+03,1.012018853708239021e+02,6.196828249352838706e-15,4.235162579195256335e-22,4.331945322046670685e-05,2.672057778738560149e-21,-9.760880850392018360e+00,8.999999999999998579e+01,-1.869939242691273042e-06,0.000000000000000000e+00,2.558332872076199750e-19,-5.082786729037268650e-03,-8.349527790733777404e-27
1.281950000165041456e+04,0.000000000000000000e+00,1.165253439848301298e+01,1.000000030879862607e+03,1.012018855004581042e+02,6.196828257290643491e-15,4.235161372389201365e-22,-3.695853094884450233e-05,-2.242911170287015676e-21,-9.760983108666660968e+00,8.999999999999998579e+01,-1.931258986207801029e-06,-1.895758319773387158e-22,2.558332872076199750e-19,-5.024892863042682879e-03,-8.623328613200634726e-27
1.282950000165245183e+04,0.000000000000000000e+00,1.166162409339920103e+01,1.000000030432827771e+03,1.012018854336175337e+02,6.196828253197839844e-15,-4.235160400767748182e-22,-1.373756097112859481e-06,-6.701347771306657367e-23,-9.760812082745641050e+00,8.999999999999998579e+01,-1.639932175542774156e-06,0.000000000000000000e+00,2.558332872076200231e-19,-5.121719755091989207e-03,-7.322515599440551743e-27
1.283950000165448910e+04,0.000000000000000000e+00,1.167071378831544237e+01,1.000000029989518225e+03,1.012018853856676941e+02,6.196828250261758719e-15,4.235164736271501695e-22,-1.043863283338182496e-05,-6.192236014656161875e-22,-9.760929032972375907e+00,8.999999999999998579e+01,-1.913221166997687574e-06,0.000000000000000000e+00,2.558332872076199750e-19,-5.055508005933255847e-03,-8.542787347826514696e-27
1.284950000165652636e+04,0.000000000000000000e+00,1.167980348323172279e+01,1.000000029546208680e+03,1.012018854733762936e+02,6.196828255632361627e-15,4.235164736271501695e-22,4.031392066429622601e-06,2.669861644983750580e-22,-9.760931975457841858e+00,8.999999999999998579e+01,-1.930119763285657800e-06,-1.895758319773387158e-22,2.558332872076199750e-19,-5.053842100406472429e-03,-8.618241831111081127e-27
1.285950000165856363e+04,0.000000000000000000e+00,1.168889317814806006e+01,1.000000029101036489e+03,1.012018854114128175e+02,6.196828251838193897e-15,0.000000000000000000e+00,1.365422865449200971e-05,8.540662894529539027e-22,-9.760815025156921010e+00,8.999999999999998579e+01,-1.724202688313392612e-06,0.000000000000000000e+00,2.558332872076200231e-19,-5.120053903098812156e-03,-7.698794663622871164e-27
1.286950000166060090e+04,0.000000000000000000e+00,1.169798287306443818e+01,1.000000028663314879e+03,1.012018853884795391e+02,6.196828250433935500e-15,4.235162547089326608e-22,4.240249161716671953e-05,2.615306176109033251e-21,-9.760820926474313097e+00,8.999999999999998579e+01,-1.812058653084924819e-06,0.000000000000000000e+00,2.558332872076199750e-19,-5.116712854695937111e-03,-8.091083248564206836e-27
1.287950000166263817e+04,0.000000000000000000e+00,1.170707256798086071e+01,1.000000028220005333e+03,1.012018854340987701e+02,6.196828253227306954e-15,4.235162541715286170e-22,1.416946642299543565e-05,8.862674530828624765e-22,-9.760815026003369255e+00,8.999999999999998579e+01,-1.786672081872688968e-06,0.000000000000000000e+00,2.558332872076200231e-19,-5.120053423317711891e-03,-7.977728826661738018e-27
1.288950000166467544e+04,0.000000000000000000e+00,1.171616226289733476e+01,1.000000027776695788e+03,1.012018853771324700e+02,6.196828249739127325e-15,0.000000000000000000e+00,2.384664052573161796e-05,1.477586793918634645e-21,-9.760698081758190980e+00,8.999999999999998579e+01,-1.668168716313077131e-06,0.000000000000000000e+00,2.558332872076200231e-19,-5.186261797077336595e-03,-7.448595515029958814e-27
1.289950000166671271e+04,0.000000000000000000e+00,1.172525195781385854e+01,1.000000027335248546e+03,1.012018855207687693e+02,6.196828258534313474e-15,-4.235162530947447116e-22,-2.081682158296784869e-05,-1.254218386260532438e-21,-9.760986006109151347e+00,8.999999999999998579e+01,-1.959826227748355110e-06,0.000000000000000000e+00,2.558332872076199750e-19,-5.023252470277282146e-03,-8.750885151777883195e-27
1.290950000166874997e+04,0.000000000000000000e+00,1.173434165273046759e+01,1.000000026893801646e+03,1.012018854672941899e+02,6.196828255259940394e-15,2.210717853418850221e-28,-8.731986584073414076e-06,-5.148513107211729008e-22,-9.760929009934145029e+00,8.999999999999998579e+01,-1.900825072947526179e-06,0.000000000000000000e+00,2.558332872076199750e-19,-5.055521047007681054e-03,-8.487437136757939538e-27
1.291950000167078724e+04,0.000000000000000000e+00,1.174343134764708907e+01,1.000000026447698474e+03,1.012018854725902486e+02,6.196828255584230068e-15,4.235162520153263352e-22,3.186124328320129523e-05,1.970396279340286679e-21,-9.760877960409755971e+00,8.999999999999998579e+01,-1.865192629756345784e-06,0.000000000000000000e+00,2.558332872076199750e-19,-5.084422901592971188e-03,-8.328333531740105822e-27
1.292950000167282451e+04,0.000000000000000000e+00,1.175252104256374253e+01,1.000000026005320251e+03,1.012018854795433640e+02,6.196828256009986187e-15,4.235162514746291676e-22,1.786960142651656459e-05,1.113598474781069166e-21,-9.760874980318567040e+00,8.999999999999998579e+01,-1.859841787763427229e-06,0.000000000000000000e+00,2.558332872076199750e-19,-5.086110090632274712e-03,-8.304441309520417725e-27
1.293950000167486178e+04,0.000000000000000000e+00,1.176161073748043151e+01,1.000000025560148060e+03,1.012018854408376285e+02,6.196828253639942739e-15,8.470325018665468819e-22,1.514094028952586356e-06,1.110287441905811567e-22,-9.760812063341690603e+00,8.999999999999998579e+01,-1.755963479065613478e-06,0.000000000000000000e+00,2.558332872076200231e-19,-5.121730748446170177e-03,-7.840610824804493982e-27
1.294950000167689905e+04,0.000000000000000000e+00,1.177070043239719155e+01,1.000000025116838515e+03,1.012018853943776122e+02,6.196828250795087856e-15,4.235164736271501695e-22,3.263143447429106439e-05,2.017069916552043659e-21,-9.760877950997031149e+00,8.999999999999998579e+01,-1.818608302999939003e-06,1.895758319773387158e-22,2.558332872076199750e-19,-5.084428240092637823e-03,-8.120328307834838026e-27
1.295950000167893631e+04,0.000000000000000000e+00,1.177979012731400310e+01,1.000000024674460292e+03,1.012018855112490883e+02,6.196828257951400485e-15,-4.235162498485860758e-22,-1.704509880049903577e-05,-1.022557640033254060e-21,-9.761045928798624871e+00,8.999999999999998579e+01,-2.027825677293945164e-06,0.000000000000000000e+00,2.558332872076199750e-19,-4.989327048395774365e-03,-9.054511751387803939e-27
1.296950000168097358e+04,0.000000000000000000e+00,1.178887982223085906e+01,1.000000024232082069e+03,1.012018854397843768e+02,6.196828253575450993e-15,4.235164736271501695e-22,1.655299164462633124e-05,1.031855126021979422e-21,-9.760815031993995916e+00,8.999999999999998579e+01,-1.752079535655299321e-06,0.000000000000000000e+00,2.558332872076200231e-19,-5.120050038059655376e-03,-7.823268500144051585e-27
1.297950000168301085e+04,0.000000000000000000e+00,1.179796951714775233e+01,1.000000023790635169e+03,1.012018855127565189e+02,6.196828258043705099e-15,4.235162487612642396e-22,-2.125433172500703179e-05,-1.281685907040563337e-21,-9.760926013433616433e+00,8.999999999999998579e+01,-1.894880481233180000e-06,0.000000000000000000e+00,2.558332872076199750e-19,-5.057217527322560753e-03,-8.460893742945820549e-27
1.298950000168504812e+04,0.000000000000000000e+00,1.180705921206471487e+01,1.000000023343600333e+03,1.012018854354084567e+02,6.196828253307503342e-15,-2.254105347286314012e-28,1.706966091545467713e-05,1.064179824759777659e-21,-9.760815033779099537e+00,8.999999999999998579e+01,-1.818017721622882421e-06,0.000000000000000000e+00,2.558332872076199750e-19,-5.120049029352492440e-03,-8.117691283322039109e-27
1.299950000168708539e+04,0.000000000000000000e+00,1.181614890698170228e+01,1.000000022902153432e+03,1.012018854645071428e+02,6.196828255089282959e-15,2.259558421784603990e-28,2.196039108611891655e-05,1.364458137176538815e-21,-9.760934942694978744e+00,8.999999999999998579e+01,-1.895337488513442703e-06,0.000000000000000000e+00,2.558332872076199750e-19,-5.052162201166680335e-03,-8.462934341324635908e-27
1.300950000168912266e+04,0.000000000000000000e+00,1.182523860189874121e+01,1.000000022453255951e+03,1.012018853430167979e+02,6.196828247650143973e-15,-1.789183075366092812e-25,4.378000004279584257e-05,2.699043131755986455e-21,-9.760761045468955288e+00,8.999999999999998579e+01,-1.753486126035483788e-06,0.000000000000000000e+00,2.558332872076200231e-19,-5.150614697315795791e-03,-7.829549113546561049e-27
1.301950000169115992e+04,0.000000000000000000e+00,1.183432829681577303e+01,1.000000022045336664e+03,1.012018854420017533e+02,6.196828253711225788e-15,4.235160195302843278e-22,1.556741294990072349e-05,9.715126862060455038e-22,-9.760755082075291966e+00,8.999999999999998579e+01,-1.752746957409596276e-06,0.000000000000000000e+00,2.558332872076200231e-19,-5.153990884875689869e-03,-7.826248627176211700e-27
1.302950000169319719e+04,0.000000000000000000e+00,1.184341799173312992e+01,1.000000021476298571e+03,1.012018854288759258e+02,6.196828252907499588e-15,4.235162460314339272e-22,-2.000602829459686421e-05,-1.206258992788236581e-21,-9.760925985706641939e+00,8.999999999999998579e+01,-1.798042962522555348e-06,0.000000000000000000e+00,2.558332872076200231e-19,-5.057233236699079995e-03,-8.028501323341651832e-27
1.303950000169523446e+04,0.000000000000000000e+00,1.185250768665029675e+01,1.000000021034851329e+03,1.012018854746707035e+02,6.196828255711621638e-15,2.393452416676560211e-25,-5.530223078999411712e-06,-3.191268633455440968e-22,-9.760928967214208996e+00,8.999999999999998579e+01,-1.869427591899607092e-06,0.000000000000000000e+00,2.558332872076199750e-19,-5.055545242489095474e-03,-8.347243201798140360e-27
1.304950000169727173e+04,0.000000000000000000e+00,1.186159738156753285e+01,1.000000020589679480e+03,1.012018855314574637e+02,6.196828259188808490e-15,4.235162449348915134e-22,-2.179687793881978714e-05,-1.315499468063970724e-21,-9.760866022566986544e+00,8.999999999999998579e+01,-1.838123007564719566e-06,0.000000000000000000e+00,2.558332872076199750e-19,-5.091181557216021766e-03,-8.207464063035681595e-27
1.305950000169930900e+04,0.000000000000000000e+00,1.187068707648480093e+01,1.000000020143575966e+03,1.012018854192429274e+02,6.196828252317648567e-15,4.235162443856324211e-22,2.117732652130856441e-05,1.316143535740239806e-21,-9.760874997511443496e+00,8.999999999999998579e+01,-1.860352711844330588e-06,-1.895758319773387158e-22,2.558332872076199750e-19,-5.086100372473046846e-03,-8.306722653595703252e-27
1.306950000170134626e+04,0.000000000000000000e+00,1.187977677140211874e+01,1.000000019698403776e+03,1.012018853748887182e+02,6.196828249601736943e-15,4.235162438357146757e-22,3.342910334229658804e-05,2.065442729728224477e-21,-9.760818038231246163e+00,8.999999999999998579e+01,-1.773532887855610443e-06,0.000000000000000000e+00,2.558332872076200231e-19,-5.118348060232766686e-03,-7.919060575261471906e-27
1.307950000170338353e+04,0.000000000000000000e+00,1.188886646631946853e+01,1.000000019251368940e+03,1.012018853234167608e+02,6.196828246449989136e-15,0.000000000000000000e+00,3.592666541299856773e-05,2.219236979941092174e-21,-9.760877998674954981e+00,8.999999999999998579e+01,-1.856221485909886413e-06,0.000000000000000000e+00,2.558332872076199750e-19,-5.084401263702983606e-03,-8.288276179527487055e-27
1.308950000170542080e+04,0.000000000000000000e+00,1.189795616123687694e+01,1.000000018806196749e+03,1.012018853398167550e+02,6.196828247454199602e-15,4.233358282228815843e-22,3.394640047065003273e-05,2.097710154697768010e-21,-9.760818045336209892e+00,8.999999999999998579e+01,-1.830315771626099020e-06,0.000000000000000000e+00,2.558332872076199750e-19,-5.118344042493529894e-03,-8.172603714661735105e-27
1.309950000170745807e+04,0.000000000000000000e+00,1.190704585615431910e+01,1.000000018364749849e+03,1.012018854150809801e+02,6.196828252062803107e-15,4.235164736271501695e-22,3.643875027736543536e-05,2.250337804828676993e-21,-9.760878000063213378e+00,8.999999999999998579e+01,-1.831736382487663147e-06,0.000000000000000000e+00,2.558332872076199750e-19,-5.084400470871815701e-03,-8.178946931381109334e-27
1.310950000170949534e+04,0.000000000000000000e+00,1.191613555107180744e+01,1.000000017918646336e+03,1.012018853872509681e+02,6.196828250358705780e-15,4.235164736271501695e-22,3.670744989612571748e-05,2.265890363892756176e-21,-9.760877979373230318e+00,8.999999999999998579e+01,-1.745406822953362075e-06,0.000000000000000000e+00,2.558332872076200231e-19,-5.084412187899581270e-03,-7.793473949138091326e-27
1.311950000171153260e+04,0.000000000000000000e+00,1.192522524598934552e+01,1.000000017475336790e+03,1.012018854094263531e+02,6.196828251716557857e-15,0.000000000000000000e+00,8.475022690084294284e-06,5.379589836510592976e-22,-9.760872000792700121e+00,8.999999999999998579e+01,-1.822701244647193518e-06,0.000000000000000000e+00,2.558332872076199750e-19,-5.087796980638745886e-03,-8.138603837461363584e-27
1.312950000171356987e+04,0.000000000000000000e+00,1.193431494090704881e+01,1.000000017032027245e+03,1.012018854512228359e+02,6.196828254275854558e-15,1.815089579012113919e-25,6.549288198716331408e-06,4.183794618457078592e-22,-9.760812041724260979e+00,8.999999999999998579e+01,-1.663277037581573722e-06,0.000000000000000000e+00,2.558332872076200231e-19,-5.121743000983981775e-03,-7.426753517932102635e-27
1.313950000171560714e+04,0.000000000000000000e+00,1.194340463582468104e+01,1.000000016586855054e+03,1.012018854203989093e+02,6.196828252388433056e-15,4.235160063085487653e-22,2.102911132650515496e-05,1.306619045222011346e-21,-9.760815052463025054e+00,8.999999999999998579e+01,-1.817384711634747090e-06,0.000000000000000000e+00,2.558332872076199750e-19,-5.120038464424815812e-03,-8.114864809409371063e-27
1.314950000171764441e+04,0.000000000000000000e+00,1.195249433074236123e+01,1.000000016139820218e+03,1.012018855142253955e+02,6.196828258133648653e-15,4.235164736271501695e-22,-3.129625538901132352e-05,-1.896968717525967502e-21,-9.760922917915809904e+00,8.999999999999998579e+01,-1.857271493346332949e-06,0.000000000000000000e+00,2.558332872076199750e-19,-5.058970078469438719e-03,-8.292964602590083953e-27
1.315950000171968168e+04,0.000000000000000000e+00,1.196158402566007339e+01,1.000000015696510673e+03,1.012018855048807211e+02,6.196828257561451551e-15,0.000000000000000000e+00,-1.897760020337714671e-05,-1.143155365582012669e-21,-9.760865967474074978e+00,8.999999999999998579e+01,-1.810622622501755403e-06,0.000000000000000000e+00,2.558332872076200231e-19,-5.091212759131571314e-03,-8.084671180733992187e-27
1.316950000172171895e+04,0.000000000000000000e+00,1.197067372057784063e+01,1.000000015251338482e+03,1.012018854888521275e+02,6.196828256579983156e-15,0.000000000000000000e+00,-1.658047969216664476e-05,-9.950708644646453852e-22,-9.760925922790002929e+00,8.999999999999998579e+01,-1.935540364280613363e-06,0.000000000000000000e+00,2.558332872076199750e-19,-5.057268862441502942e-03,-8.642445536566619912e-27
1.317950000172375621e+04,0.000000000000000000e+00,1.197976341549564694e+01,1.000000014807097614e+03,1.012018854265957657e+02,6.196828252767880674e-15,0.000000000000000000e+00,2.851840134219294265e-05,1.766772906288686691e-21,-9.760994940194123615e+00,8.999999999999998579e+01,-1.967521260337734744e-06,0.000000000000000000e+00,2.558332872076199750e-19,-5.018194437565820509e-03,-8.785244497252207830e-27
1.318950000172579348e+04,0.000000000000000000e+00,1.198885311041351009e+01,1.000000014362856746e+03,1.012018853834639032e+02,6.196828250126814595e-15,0.000000000000000000e+00,3.659241476072165583e-05,2.259042058558059884e-21,-9.760818083538396195e+00,8.999999999999998579e+01,-1.764176084724172348e-06,0.000000000000000000e+00,2.558332872076200231e-19,-5.118322417857481925e-03,-7.877281202972388147e-27
1.319950000172783075e+04,0.000000000000000000e+00,1.199794280533141233e+01,1.000000013919547200e+03,1.012018853906683660e+02,6.196828250567962179e-15,0.000000000000000000e+00,2.262834716769762601e-05,1.403593776451307901e-21,-9.760815062588504176e+00,8.999999999999998579e+01,-1.726236089019733570e-06,0.000000000000000000e+00,2.558332872076200231e-19,-5.120032739182916320e-03,-7.707874068621538072e-27
1.320950000172986802e+04,0.000000000000000000e+00,1.200703250024934654e+01,1.000000013473443232e+03,1.012018853913870799e+02,6.196828250611970362e-15,4.235162360677125664e-22,6.556992722169724451e-05,4.034410708180530758e-21,-9.760824146258361367e+00,8.999999999999998579e+01,-1.860779868489973475e-06,0.000000000000000000e+00,2.558332872076199750e-19,-5.114889988811821553e-03,-8.308629964914895696e-27
1.321950000173190529e+04,0.000000000000000000e+00,1.201612219516732871e+01,1.000000013029202819e+03,1.012018854026847521e+02,6.196828251303752467e-15,4.235164736271501695e-22,2.524220819955430695e-05,1.565422351720786921e-21,-9.760875028056707592e+00,8.999999999999998579e+01,-1.896454799359791865e-06,0.000000000000000000e+00,2.558332872076199750e-19,-5.086083092969988402e-03,-8.467923283077123831e-27
1.322950000173394255e+04,0.000000000000000000e+00,1.202521189008536062e+01,1.000000012589618564e+03,1.012018854244786326e+02,6.196828252638244006e-15,0.000000000000000000e+00,1.127482094212688382e-05,7.095096913942841546e-22,-9.760871998497760771e+00,8.999999999999998579e+01,-1.833488947776188522e-06,0.000000000000000000e+00,2.558332872076199750e-19,-5.087798286983411140e-03,-8.186772368832519815e-27
1.323950000173597982e+04,0.000000000000000000e+00,1.203430158500343694e+01,1.000000012144446373e+03,1.012018854567072168e+02,6.196828254611675012e-15,-4.235159951455424586e-22,9.456687130313741986e-06,5.964968312642741315e-22,-9.760812036099075328e+00,8.999999999999998579e+01,-1.672102239981771768e-06,0.000000000000000000e+00,2.558332872076200231e-19,-5.121746193626467228e-03,-7.466159222148058872e-27
1.324950000173801709e+04,0.000000000000000000e+00,1.204339127992156833e+01,1.000000011702999473e+03,1.012018853686792283e+02,6.196828249221516242e-15,0.000000000000000000e+00,5.241616393323984759e-05,3.227275545034521484e-21,-9.760821132674466938e+00,8.999999999999998579e+01,-1.697863644811828268e-06,0.000000000000000000e+00,2.558332872076200231e-19,-5.116596144873689599e-03,-7.581187326081173880e-27
1.325950000174005436e+04,0.000000000000000000e+00,1.205248097483972991e+01,1.000000011260621250e+03,1.012018855021632362e+02,6.196828257395053965e-15,4.235164736271501695e-22,-2.858307946238820813e-05,-1.730704484241983693e-21,-9.760922846160575261e+00,8.999999999999998579e+01,-1.869745445364963274e-06,0.000000000000000000e+00,2.558332872076199750e-19,-5.059010712463921262e-03,-8.348662459858395199e-27
1.326950000174209163e+04,0.000000000000000000e+00,1.206157066975795544e+01,1.000000010816380382e+03,1.012018854753390684e+02,6.196828255752547741e-15,4.235162326990526550e-22,-1.205431309173701363e-05,-7.176205331211145066e-22,-9.760985844064846262e+00,8.999999999999998579e+01,-1.964532552820480922e-06,1.895758319773387158e-22,2.558332872076199750e-19,-5.023344244891200100e-03,-8.771899520097888485e-27
1.327950000174412889e+04,0.000000000000000000e+00,1.207066036467622361e+01,1.000000010372139513e+03,1.012018854753766561e+02,6.196828255754849638e-15,0.000000000000000000e+00,-3.717584717645308800e-06,-2.100048761765732874e-22,-9.760808992289836894e+00,8.999999999999998579e+01,-1.690233617317954999e-06,0.000000000000000000e+00,2.558332872076200231e-19,-5.123469458088767726e-03,-7.547118237016831208e-27
1.328950000174616616e+04,0.000000000000000000e+00,1.207975005959452552e+01,1.000000009932555258e+03,1.012018854040696425e+02,6.196828251388552648e-15,4.235162315708972484e-22,2.500275981095246254e-05,1.549054588279899240e-21,-9.760815080595589777e+00,8.999999999999998579e+01,-1.732943659320223813e-06,0.000000000000000000e+00,2.558332872076200231e-19,-5.120022550059450360e-03,-7.737824263447993653e-27
1.329950000174820343e+04,0.000000000000000000e+00,1.208883975451287363e+01,1.000000009490176581e+03,1.012018854324381607e+02,6.196828253125623572e-15,0.000000000000000000e+00,1.913517768986093196e-05,1.193308322405090187e-21,-9.761051892776572814e+00,8.999999999999998579e+01,-2.072205784464847503e-06,0.000000000000000000e+00,2.558332872076199750e-19,-4.985950555224365026e-03,-9.252674841246212090e-27
1.330950000175024070e+04,0.000000000000000000e+00,1.209792944943128568e+01,1.000000009044073522e+03,1.012018853898946418e+02,6.196828250520584771e-15,4.235164736271501695e-22,1.332652516777517547e-05,8.346373553843482221e-22,-9.760871999947584143e+00,8.999999999999998579e+01,-1.785270768570727337e-06,0.000000000000000000e+00,2.558332872076200231e-19,-5.087797475449373254e-03,-7.971471776116390952e-27
1.331950000175227797e+04,0.000000000000000000e+00,1.210701914434971016e+01,1.000000008597970009e+03,1.012018855446754344e+02,6.196828259998175045e-15,2.437534255020977345e-28,-1.089405346438526720e-05,-6.456526009319458587e-22,-9.760985826172925428e+00,8.999999999999998579e+01,-2.053094028209820037e-06,0.000000000000000000e+00,2.558332872076199750e-19,-5.023354371992230262e-03,-9.167338303920316473e-27
1.332950000175431524e+04,0.000000000000000000e+00,1.211610883926819504e+01,1.000000008155591786e+03,1.012018855632009320e+02,6.196828261132535728e-15,0.000000000000000000e+00,-4.107740127802595787e-05,-2.496093428648472490e-21,-9.760919748569062193e+00,8.999999999999998579e+01,-1.837874229700602994e-06,0.000000000000000000e+00,2.558332872076199750e-19,-5.060764424354121001e-03,-8.206353236735694444e-27
1.333950000175635250e+04,0.000000000000000000e+00,1.212519853418671367e+01,1.000000007713213563e+03,1.012018854539566632e+02,6.196828254443252420e-15,-4.235162287389833391e-22,1.834014710789643641e-06,1.326204524270409602e-22,-9.760928910211276843e+00,8.999999999999998579e+01,-1.947775189698531879e-06,0.000000000000000000e+00,2.558332872076199750e-19,-5.055577539800911770e-03,-8.697075661711578755e-27
1.334950000175838977e+04,0.000000000000000000e+00,1.213428822910528027e+01,1.000000007267110050e+03,1.012018853628846813e+02,6.196828248866702384e-15,0.000000000000000000e+00,5.502411365457938699e-05,3.388302856033351379e-21,-9.760821212289044979e+00,8.999999999999998579e+01,-1.825998175076073104e-06,0.000000000000000000e+00,2.558332872076199750e-19,-5.116551079016836041e-03,-8.153325070970759990e-27
1.335950000176042704e+04,0.000000000000000000e+00,1.214337792402388594e+01,1.000000006821937859e+03,1.012018854367027814e+02,6.196828253386757831e-15,4.235164736271501695e-22,-1.187684377611098411e-05,-7.078511847285918353e-22,-9.760925846136267126e+00,8.999999999999998579e+01,-1.859328016319215712e-06,0.000000000000000000e+00,2.558332872076199750e-19,-5.057312279529020162e-03,-8.302147251588695029e-27
1.336950000176246431e+04,0.000000000000000000e+00,1.215246761894253602e+01,1.000000006377696991e+03,1.012018854637988881e+02,6.196828255045914542e-15,4.235167202223684386e-22,1.484866420451552287e-05,9.280384342611157180e-22,-9.760872002652684287e+00,8.999999999999998579e+01,-1.804149944914819221e-06,0.000000000000000000e+00,2.558332872076200231e-19,-5.087795941785932217e-03,-8.055769813160786472e-27
1.337950000176450158e+04,0.000000000000000000e+00,1.216155731386124650e+01,1.000000005933456123e+03,1.012018854851964988e+02,6.196828256356140719e-15,4.235162264615974639e-22,4.775364757427957472e-06,3.124919063020257710e-22,-9.760988871483975871e+00,8.999999999999998579e+01,-1.925345016877599234e-06,0.000000000000000000e+00,2.558332872076199750e-19,-5.021630268693800733e-03,-8.596921952412551585e-27
1.338950000176653884e+04,0.000000000000000000e+00,1.217064700878000316e+01,1.000000005490146577e+03,1.012018854107025589e+02,6.196828251794703207e-15,-1.871221420943689943e-25,5.607536753892570022e-05,3.452711712399677357e-21,-9.760821240399183196e+00,8.999999999999998579e+01,-1.829643320047333938e-06,0.000000000000000000e+00,2.558332872076199750e-19,-5.116535163044442711e-03,-8.169601128793364934e-27
1.339950000176857611e+04,0.000000000000000000e+00,1.217973670369879180e+01,1.000000005047768354e+03,1.012018854599799340e+02,6.196828254812071715e-15,-2.483081971160067924e-28,9.812676220137777331e-06,6.178067793101671979e-22,-9.760692102021987893e+00,8.999999999999998579e+01,-1.625266020907748173e-06,0.000000000000000000e+00,2.558332872076200231e-19,-5.189647276953974868e-03,-7.257029265493090288e-27
1.340950000177061338e+04,0.000000000000000000e+00,1.218882639861764616e+01,1.000000004597939551e+03,1.012018854312895400e+02,6.196828253055291100e-15,4.235164736271501695e-22,3.569146786814990480e-06,2.381213557709851956e-22,-9.760928900814443310e+00,8.999999999999998579e+01,-1.876522165746158089e-06,0.000000000000000000e+00,2.558332872076199750e-19,-5.055582867302067275e-03,-8.378921419005851035e-27
1.341950000177265065e+04,0.000000000000000000e+00,1.219791609353652717e+01,1.000000004155561328e+03,1.012018853712081210e+02,6.196828249376365694e-15,8.470327809396963351e-22,4.265129794414600770e-05,2.630090182208683822e-21,-9.760818187264703738e+00,8.999999999999998579e+01,-1.768825691859326390e-06,0.000000000000000000e+00,2.558332872076200231e-19,-5.118263711603981969e-03,-7.898042318149096498e-27
1.342950000177468792e+04,0.000000000000000000e+00,1.220700578845547568e+01,1.000000003712251782e+03,1.012018854763642963e+02,6.196828255815324503e-15,-4.235162236000469909e-22,2.152971603706089186e-06,1.507934804587204375e-22,-9.760868925052033518e+00,8.999999999999998579e+01,-1.817762908767691060e-06,-1.895758319773387158e-22,2.558332872076199750e-19,-5.089538339451667517e-03,-8.116553509983054911e-27
1.343950000177672518e+04,0.000000000000000000e+00,1.221609548337444551e+01,1.000000003270804882e+03,1.012018854207748433e+02,6.196828252411452017e-15,4.235164736271501695e-22,4.317393208207519981e-05,2.662352237695938664e-21,-9.760818197352920222e+00,8.999999999999998579e+01,-1.793744992494313628e-06,0.000000000000000000e+00,2.558332872076200231e-19,-5.118257997101393827e-03,-8.009310314684657230e-27
1.344950000177876245e+04,0.000000000000000000e+00,1.222518517829345086e+01,1.000000002829357982e+03,1.012018854812582163e+02,6.196828256114989884e-15,4.233280561137916575e-22,7.688301564757466094e-07,6.583288332487923745e-23,-9.760808958153903703e+00,8.999999999999998579e+01,-1.797961998861311788e-06,0.000000000000000000e+00,2.558332872076200231e-19,-5.123488796730064562e-03,-8.028139809810003786e-27
1.345950000178079972e+04,0.000000000000000000e+00,1.223427487321249529e+01,1.000000002387911081e+03,1.012018854302850173e+02,6.196828252993782038e-15,0.000000000000000000e+00,1.524697591953707679e-05,9.529952269561208117e-22,-9.760812075784818020e+00,8.999999999999998579e+01,-1.858619114393837675e-06,0.000000000000000000e+00,2.558332872076199750e-19,-5.121723744671043480e-03,-8.298981910067584825e-27
1.346950000178283699e+04,0.000000000000000000e+00,1.224336456813157525e+01,1.000000001942738891e+03,1.012018853891681971e+02,6.196828250476104060e-15,0.000000000000000000e+00,4.583596761584202904e-05,2.825690981940804140e-21,-9.760878182414694848e+00,8.999999999999998579e+01,-1.825951693191434703e-06,0.000000000000000000e+00,2.558332872076199750e-19,-5.084297262716777795e-03,-8.153117523164562331e-27
1.347950000178487426e+04,0.000000000000000000e+00,1.225245426305070851e+01,1.000000001499429345e+03,1.012018854147282241e+02,6.196828252041203307e-15,0.000000000000000000e+00,1.580815397431394579e-05,9.856361047394672699e-22,-9.760812041524141947e+00,8.999999999999998579e+01,-1.693435958359726797e-06,0.000000000000000000e+00,2.558332872076200231e-19,-5.121743144429534086e-03,-7.561417116313680645e-27
1.348950000178691153e+04,0.000000000000000000e+00,1.226154395796989149e+01,1.000000001057051122e+03,1.012018854845769482e+02,6.196828256318203609e-15,4.235162201444530657e-22,-3.712496821939118978e-05,-2.253755973201582068e-21,-9.760919620985658796e+00,8.999999999999998579e+01,-1.868628967375912093e-06,-1.895758319773387158e-22,2.558332872076199750e-19,-5.060836675559015826e-03,-8.343677236924677039e-27
1.349950000178894879e+04,0.000000000000000000e+00,1.227063365288911534e+01,1.000000000612810254e+03,1.012018854010398030e+02,6.196828251203029129e-15,4.235162195662156866e-22,3.237652419713067892e-05,2.001648028176996220e-21,-9.760875106374609089e+00,8.999999999999998579e+01,-1.836522295228115287e-06,0.000000000000000000e+00,2.558332872076199750e-19,-5.086038774625041385e-03,-8.200316669241104084e-27
1.350950000179098606e+04,0.000000000000000000e+00,1.227972334780838359e+01,1.000000000170432031e+03,1.012018853840895503e+02,6.196828250165125625e-15,0.000000000000000000e+00,6.979295559591274141e-05,4.291373071637246972e-21,-9.760704482106925539e+00,8.999999999999998579e+01,-1.705161290081257324e-06,0.000000000000000000e+00,2.558332872076200231e-19,-5.182638264406932808e-03,-7.613772284240732045e-27
1.351950000179302333e+04,0.000000000000000000e+00,1.228881304272770514e+01,9.999999997271224856e+02,1.012018854685614855e+02,6.196828255337539852e-15,4.235162184077652045e-22,-9.776632631558525920e-06,-5.790851958824083922e-22,-9.760865821505820605e+00,8.999999999999998579e+01,-1.875178982114504508e-06,0.000000000000000000e+00,2.558332872076199750e-19,-5.091295430434018311e-03,-8.372923925181179535e-27
1.352950000179506060e+04,0.000000000000000000e+00,1.229790273764706221e+01,9.999999992828816175e+02,1.012018854067512166e+02,6.196828251552753256e-15,2.557995980842696687e-28,2.952248298428661471e-05,1.825493321170774256e-21,-9.760755173846094479e+00,8.999999999999998579e+01,-1.702805537345189745e-06,0.000000000000000000e+00,2.558332872076200231e-19,-5.153938971021251522e-03,-7.603253534492702279e-27
1.353950000179709787e+04,0.000000000000000000e+00,1.230699243256646547e+01,9.999999988395716173e+02,1.012018853896394575e+02,6.196828250504960592e-15,1.903605850662895860e-25,1.917627170375247448e-05,1.193394467235914626e-21,-9.760872018415902573e+00,8.999999999999998579e+01,-1.839282522016762603e-06,0.000000000000000000e+00,2.558332872076199750e-19,-5.087787037187125640e-03,-8.212641449509027945e-27
1.354950000179913513e+04,0.000000000000000000e+00,1.231608212748591136e+01,9.999999983962625265e+02,1.012018854960025891e+02,6.196828257017822258e-15,4.235163023063043687e-22,1.762098992215723050e-05,1.098484909327165321e-21,-9.760812047778745892e+00,8.999999999999998579e+01,-1.870355147686402200e-06,0.000000000000000000e+00,2.558332872076199750e-19,-5.121739601252415196e-03,-8.351384861934734076e-27
1.355950000180117240e+04,0.000000000000000000e+00,1.232517182240539988e+01,9.999999979529529810e+02,1.012018855478799964e+02,6.196828260194397885e-15,0.000000000000000000e+00,-5.195456737091300555e-06,-2.977557979316574546e-22,-9.760985753067362936e+00,8.999999999999998579e+01,-1.953135839609889634e-06,0.000000000000000000e+00,2.558332872076199750e-19,-5.023395779066595901e-03,-8.721011677593494801e-27
1.356950000180320967e+04,0.000000000000000000e+00,1.233426151732492748e+01,9.999999975143000484e+02,1.012018853890869110e+02,6.196828250471126348e-15,4.235162155001138650e-22,4.837338091278151352e-05,2.981181719273719591e-21,-9.760878239399133349e+00,8.999999999999998579e+01,-1.837357870400705703e-06,0.000000000000000000e+00,2.558332872076199750e-19,-5.084265008445222091e-03,-8.204047623683640748e-27
1.357950000180524694e+04,0.000000000000000000e+00,1.234335121224440712e+01,9.999999970672652125e+02,1.012018854530699343e+02,6.196828254388955913e-15,2.587105422922820213e-28,2.018992525856989854e-05,1.255829125226465973e-21,-9.760872023834792799e+00,8.999999999999998579e+01,-1.874396625541623931e-06,1.895758319773387158e-22,2.558332872076199750e-19,-5.087783966523996490e-03,-8.369430598874958118e-27
1.358950000180728421e+04,0.000000000000000000e+00,1.235244090716402710e+01,9.999999966267496347e+02,1.012018854128330645e+02,6.196828251925158712e-15,4.235162143324433224e-22,2.221454950006345724e-05,1.379391638769004867e-21,-9.760931998325052206e+00,8.999999999999998579e+01,-1.835026608607341859e-06,0.000000000000000000e+00,2.558332872076199750e-19,-5.053829216472895298e-03,-8.193638229256925387e-27
1.359950000180932147e+04,0.000000000000000000e+00,1.236153060208368792e+01,9.999999961853027344e+02,1.012018854319405534e+02,6.196828253095154609e-15,0.000000000000000000e+00,2.070658993672776224e-05,1.287047780879063014e-21,-9.760872026744481289e+00,8.999999999999998579e+01,-1.834332979313759263e-06,0.000000000000000000e+00,2.558332872076199750e-19,-5.087782322651519112e-03,-8.190541082071062608e-27
1.360950000181135874e+04,0.000000000000000000e+00,1.237062029700338783e+01,9.999999957457184792e+02,1.012018853398337939e+02,6.196828247455242476e-15,2.604650117322329328e-28,6.533748395655214838e-05,4.020519539684953292e-21,-9.760941354505780154e+00,8.999999999999998579e+01,-1.893530763720857918e-06,0.000000000000000000e+00,2.558332872076199750e-19,-5.048532190766797864e-03,-8.454867074473664585e-27
1.361950000181339601e+04,0.000000000000000000e+00,1.237970999192315169e+01,9.999999952949583530e+02,1.012018853210013276e+02,6.196828246302086394e-15,2.610511520273784179e-28,6.040765415519964651e-05,3.716845151920416966e-21,-9.760761441315258580e+00,8.999999999999998579e+01,-1.720110879660172212e-06,0.000000000000000000e+00,2.558332872076200231e-19,-5.150390636477909789e-03,-7.680524192965620562e-27
1.362950000181543328e+04,0.000000000000000000e+00,1.238879968684293509e+01,9.999999948516488075e+02,1.012018854045011267e+02,6.196828251414974755e-15,0.000000000000000000e+00,4.816971713411109969e-05,2.968847712912585629e-21,-9.760818301379947215e+00,8.999999999999998579e+01,-1.850492073944666886e-06,0.000000000000000000e+00,2.558332872076199750e-19,-5.118199117877367949e-03,-8.262693591956719489e-27
1.363950000181747055e+04,0.000000000000000000e+00,1.239788938176275401e+01,9.999999944083392620e+02,1.012018854974965905e+02,6.196828257109304090e-15,0.000000000000000000e+00,7.485597660364350736e-06,4.780928594343358499e-22,-9.760868931819775440e+00,8.999999999999998579e+01,-1.891552150833221530e-06,0.000000000000000000e+00,2.558332872076199750e-19,-5.089534522001342050e-03,-8.446032304383140184e-27
1.364950000181950782e+04,0.000000000000000000e+00,1.240697907668261024e+01,9.999999939631670713e+02,1.012018854861700277e+02,6.196828256415752571e-15,1.752223033326172256e-28,7.753885666877680173e-06,4.941671707770133850e-22,-9.760868933236505285e+00,8.999999999999998579e+01,-1.857686608733332046e-06,0.000000000000000000e+00,2.558332872076199750e-19,-5.089533721723303768e-03,-8.294818148085565043e-27
1.365950000182154508e+04,0.000000000000000000e+00,1.241606877160251798e+01,9.999999935254454613e+02,1.012018855274241815e+02,6.196828258941839806e-15,2.634022989325307946e-28,-1.703403905243674340e-05,-1.022175754383356578e-21,-9.760982600221804972e+00,8.999999999999998579e+01,-1.999527896199915925e-06,-1.895758319773387158e-22,2.558332872076199750e-19,-5.025180782915234998e-03,-8.928158389595875448e-27
1.366950000182358235e+04,0.000000000000000000e+00,1.242515846652246836e+01,9.999999930830672383e+02,1.012018854711655251e+02,6.196828255496990729e-15,4.235164736271501695e-22,9.950285563678804246e-06,6.294238334299121629e-22,-9.760928882583222332e+00,8.999999999999998579e+01,-1.931116720291361239e-06,0.000000000000000000e+00,2.558332872076199750e-19,-5.055593205225645224e-03,-8.622693376934197253e-27
1.367950000182561962e+04,0.000000000000000000e+00,1.243424816144141509e+01,9.999999926201999187e+02,1.012018855812762865e+02,6.196828262239330455e-15,-4.235164736271501695e-22,-5.751794374834950040e-05,-3.500837415310827203e-21,-9.761033167030825908e+00,8.999999999999998579e+01,-2.024686508093056779e-06,1.895758319773387158e-22,2.558332872076199750e-19,-4.996552216079897489e-03,-9.040494942774863239e-27
1.368950000182765689e+04,0.000000000000000000e+00,1.244333785635757295e+01,9.999999920828267932e+02,1.012018855368653192e+02,6.196828259519943110e-15,4.235164736271501695e-22,-1.964327015181930222e-05,-1.182821226866742935e-21,-9.760862671414203717e+00,8.999999999999998579e+01,-1.915582085197895746e-06,0.000000000000000000e+00,2.558332872076199750e-19,-5.093078872593155733e-03,-8.553329162059962729e-27
1.369950000182969416e+04,0.000000000000000000e+00,1.245242755127377166e+01,9.999999915463849902e+02,1.012018854448053702e+02,6.196828253882897698e-15,4.235164736271501695e-22,9.064690184312310128e-06,5.730530033938774940e-22,-9.760868840666180546e+00,8.999999999999998579e+01,-1.725620937828926427e-06,0.000000000000000000e+00,2.558332872076200231e-19,-5.089586138681806600e-03,-7.705127336617688623e-27
1.370950000183173142e+04,0.000000000000000000e+00,1.246151724619003254e+01,9.999999910108745098e+02,1.012018853486744945e+02,6.196828247996579340e-15,4.235162072710997984e-22,3.444166895020519745e-05,2.126882208113485373e-21,-9.760755233156878319e+00,8.999999999999998579e+01,-1.719641233857001662e-06,0.000000000000000000e+00,2.558332872076200231e-19,-5.153905411646276385e-03,-7.678427161898598042e-27
1.371950000183376869e+04,0.000000000000000000e+00,1.247060694110632539e+01,9.999999904735013843e+02,1.012018855327990536e+02,6.196828259270955731e-15,0.000000000000000000e+00,-1.886495781581807774e-05,-1.135719240208507790e-21,-9.760862620848490323e+00,8.999999999999998579e+01,-1.862271493052481713e-06,0.000000000000000000e+00,2.558332872076199750e-19,-5.093107503696884045e-03,-8.315290267267863995e-27
1.372950000183580596e+04,0.000000000000000000e+00,1.247969663602271062e+01,9.999999899370595813e+02,1.012018855053704272e+02,6.196828257591436943e-15,8.470324121699784579e-22,-3.117796585462064425e-05,-1.890215743900396605e-21,-9.760919438074722621e+00,8.999999999999998579e+01,-1.810229186996385862e-06,0.000000000000000000e+00,2.558332872076200231e-19,-5.060940248507725565e-03,-8.082914438797704008e-27
1.373950000183784323e+04,0.000000000000000000e+00,1.248878633093911894e+01,9.999999893996864557e+02,1.012018853604427591e+02,6.196828248717176955e-15,0.000000000000000000e+00,3.846197573876248237e-05,2.375533148332205661e-21,-9.760875252641961097e+00,8.999999999999998579e+01,-1.957183922003641811e-06,0.000000000000000000e+00,2.558332872076199750e-19,-5.085955987969770740e-03,-8.739086904677967984e-27
1.374950000183988050e+04,0.000000000000000000e+00,1.249787602585556101e+01,9.999999888613820076e+02,1.012018853952423285e+02,6.196828250848035411e-15,0.000000000000000000e+00,5.452760220944449007e-05,3.359673324249320810e-21,-9.760938329541183123e+00,8.999999999999998579e+01,-1.995926130740585837e-06,0.000000000000000000e+00,2.558332872076199750e-19,-5.050244791747959469e-03,-8.912076027072104042e-27
1.375950000184191776e+04,0.000000000000000000e+00,1.250696572077204038e+01,9.999999883212149143e+02,1.012018854455079122e+02,6.196828253925915072e-15,-1.951103907317599832e-25,-3.624214245052799235e-06,-2.030143959375138533e-22,-9.760865750646834371e+00,8.999999999999998579e+01,-1.812279357609187548e-06,0.000000000000000000e+00,2.558332872076199750e-19,-5.091335569301807737e-03,-8.092068723662435214e-27
1.376950000184395503e+04,0.000000000000000000e+00,1.251605541568855884e+01,9.999999877857044339e+02,1.012018854856852954e+02,6.196828256386070102e-15,2.699222848539666988e-28,-3.021217405565585569e-05,-1.829623110297119705e-21,-9.760919421851355082e+00,8.999999999999998579e+01,-1.949757934198778337e-06,0.000000000000000000e+00,2.558332872076199750e-19,-5.060949438943906746e-03,-8.705928880002729345e-27
1.377950000184599230e+04,0.000000000000000000e+00,1.252514511060514657e+01,9.999999872446060181e+02,1.012018853203622655e+02,6.196828246262954948e-15,4.235164736271501695e-22,3.793139917598665784e-05,2.340967438596761949e-21,-9.760815238159057827e+00,8.999999999999998579e+01,-1.758060918147111044e-06,0.000000000000000000e+00,2.558332872076200231e-19,-5.119933391835444422e-03,-7.849976169678015483e-27
1.378950000184802957e+04,0.000000000000000000e+00,1.253423480552177338e+01,9.999999867081642151e+02,1.012018855302521985e+02,6.196828259115005030e-15,2.711162981856061032e-28,-1.239632706702846226e-05,-7.370528686487637730e-22,-9.761042523657403436e+00,8.999999999999998579e+01,-2.109591594874214967e-06,0.000000000000000000e+00,2.558332872076199750e-19,-4.991254944738511036e-03,-9.419607464438214433e-27
1.379950000185006684e+04,0.000000000000000000e+00,1.254332450043842506e+01,9.999999861661344767e+02,1.012018854271952648e+02,6.196828252804588738e-15,2.717142926943321918e-28,1.469647979962240226e-05,9.208767060284705006e-22,-9.760988862073592287e+00,8.999999999999998579e+01,-2.010890457521932483e-06,0.000000000000000000e+00,2.558332872076199750e-19,-5.021635635890686448e-03,-8.978893739368818701e-27
1.380950000185210411e+04,0.000000000000000000e+00,1.255241419535515313e+01,9.999999856268987060e+02,1.012018856047194078e+02,6.196828263674808022e-15,-4.235162920711722709e-22,-5.609637237426210121e-05,-3.413395560678251171e-21,-9.760973049591445516e+00,8.999999999999998579e+01,-2.062633010272980562e-06,0.000000000000000000e+00,2.558332872076199750e-19,-5.030587911713662458e-03,-9.209931129405405326e-27
1.381950000185414137e+04,0.000000000000000000e+00,1.256150389027191849e+01,9.999999850895255804e+02,1.012018854058890724e+02,6.196828251499961107e-15,4.235164736271501695e-22,1.211561361198978005e-05,7.607239742123167913e-22,-9.760868904916813804e+00,8.999999999999998579e+01,-1.807664638776007241e-06,0.000000000000000000e+00,2.558332872076200231e-19,-5.089549777711106088e-03,-8.071463389401090575e-27
1.382950000185617864e+04,0.000000000000000000e+00,1.257059358518874781e+01,9.999999845512206775e+02,1.012018853617288130e+02,6.196828248795924206e-15,0.000000000000000000e+00,4.228075931471099664e-05,2.609704060473922203e-21,-9.760935218727871288e+00,8.999999999999998579e+01,-1.989559916593384533e-06,0.000000000000000000e+00,2.558332872076199750e-19,-5.052005999916726713e-03,-8.883650032938029971e-27
1.383950000185821591e+04,0.000000000000000000e+00,1.257968328010561798e+01,9.999999840119853616e+02,1.012018853955975572e+02,6.196828250869787461e-15,4.235164736271501695e-22,2.682895041824834883e-05,1.661658422961505132e-21,-9.760872074656463226e+00,8.999999999999998579e+01,-1.807892568986989706e-06,0.000000000000000000e+00,2.558332872076200231e-19,-5.087755221504505071e-03,-8.072481128152970824e-27
1.384950000186025318e+04,0.000000000000000000e+00,1.258877297502255388e+01,9.999999834662303329e+02,1.012018853632581852e+02,6.196828248889572251e-15,-4.235161989130065309e-22,4.277621777786794205e-05,2.639696022511912031e-21,-9.760935228642578565e+00,8.999999999999998579e+01,-1.956379994727374380e-06,0.000000000000000000e+00,2.558332872076199750e-19,-5.052000388411461047e-03,-8.735497262307947338e-27
1.385950000186229045e+04,0.000000000000000000e+00,1.259786266993950044e+01,9.999999829297885299e+02,1.012018854027049031e+02,6.196828251304986245e-15,0.000000000000000000e+00,2.732688214893264265e-05,1.692874849660213416e-21,-9.760872082528543103e+00,8.999999999999998579e+01,-1.877575579278427630e-06,0.000000000000000000e+00,2.558332872076199750e-19,-5.087750765920010833e-03,-8.383625050739982655e-27
1.386950000186432771e+04,0.000000000000000000e+00,1.260695236485651805e+01,9.999999823905527592e+02,1.012018853373275249e+02,6.196828247301778264e-15,0.000000000000000000e+00,6.721714796882914201e-05,4.133900063205017152e-21,-9.760761649919949434e+00,8.999999999999998579e+01,-1.729090586251998696e-06,0.000000000000000000e+00,2.558332872076200231e-19,-5.150272555028502335e-03,-7.720619778976844775e-27
1.387950000186636498e+04,0.000000000000000000e+00,1.261604205977357118e+01,9.999999818550422788e+02,1.012018854332621771e+02,6.196828253176079905e-15,-1.977012385839379965e-25,1.660936733352965535e-05,1.036670025715042393e-21,-9.760988867634468491e+00,8.999999999999998579e+01,-1.882697594752297128e-06,0.000000000000000000e+00,2.558332872076199750e-19,-5.021632494503382518e-03,-8.406495532072889026e-27
1.388950000186840225e+04,0.000000000000000000e+00,1.262513175469065452e+01,9.999999813186004758e+02,1.012018854303719309e+02,6.196828252999105271e-15,0.000000000000000000e+00,2.809948523499656526e-05,1.739700038670126960e-21,-9.760872087601779157e+00,8.999999999999998579e+01,-1.831261323062067963e-06,0.000000000000000000e+00,2.558332872076199750e-19,-5.087747893945748258e-03,-8.176825727768872876e-27
1.389950000187043952e+04,0.000000000000000000e+00,1.263422144960779114e+01,9.999999807775020599e+02,1.012018854303604485e+02,6.196828252998401607e-15,4.235164736271501695e-22,1.425272769942956612e-06,1.063854391436484756e-22,-9.760925670173572044e+00,8.999999999999998579e+01,-1.832213573014342396e-06,0.000000000000000000e+00,2.558332872076199750e-19,-5.057411947013806287e-03,-8.181077650643542359e-27
1.390950000187247679e+04,0.000000000000000000e+00,1.264331114452498994e+01,9.999999802391976118e+02,1.012018854333012712e+02,6.196828253178474097e-15,4.235164736271501695e-22,1.439568818805301411e-05,9.011557657037219078e-22,-9.760868910695052136e+00,8.999999999999998579e+01,-1.886016130203151416e-06,0.000000000000000000e+00,2.558332872076199750e-19,-5.089546512222205971e-03,-8.421313234883150846e-27
1.391950000187451406e+04,0.000000000000000000e+00,1.265240083944222604e+01,9.999999796990305185e+02,1.012018853939252665e+02,6.196828250767389371e-15,0.000000000000000000e+00,2.598382237038686089e-05,1.609077684229060256e-21,-9.760752132752266164e+00,8.999999999999998579e+01,-1.728194177706620061e-06,0.000000000000000000e+00,2.558332872076200231e-19,-5.155660731807607845e-03,-7.716617195421928534e-27
1.392950000187655132e+04,0.000000000000000000e+00,1.266149053435951188e+01,9.999999791616573930e+02,1.012018854084764001e+02,6.196828251658389620e-15,-2.795481501182145062e-28,1.205564697355279092e-05,7.564727870903977252e-22,-9.760748945521299902e+00,8.999999999999998579e+01,-1.752164035004217602e-06,0.000000000000000000e+00,2.558332872076200231e-19,-5.157465193212173657e-03,-7.823645800992111604e-27
1.393950000187858859e+04,0.000000000000000000e+00,1.267058022927681371e+01,9.999999786298722029e+02,1.012018855395804309e+02,6.196828259686197123e-15,0.000000000000000000e+00,-4.161081642610023774e-05,-2.528994292336173477e-21,-9.760856142013420111e+00,8.999999999999998579e+01,-1.815021069882145715e-06,0.000000000000000000e+00,2.558332872076199750e-19,-5.096775538327326729e-03,-8.104310834151712508e-27
1.394950000188062586e+04,0.000000000000000000e+00,1.267966992419419725e+01,9.999999780934303999e+02,1.012018853386475286e+02,6.196828247382604953e-15,2.807632372742894261e-28,4.382461070942013370e-05,2.702667416942400800e-21,-9.760875298552093682e+00,8.999999999999998579e+01,-1.839039976549773565e-06,1.895758319773387158e-22,2.558332872076199750e-19,-5.085930017359031538e-03,-8.211558451692357705e-27
1.395950000188266313e+04,0.000000000000000000e+00,1.268875961911161632e+01,9.999999775541946292e+02,1.012018855438634546e+02,6.196828259948456298e-15,0.000000000000000000e+00,-5.386707359013178878e-05,-3.280355988860991086e-21,-9.760912855569124247e+00,8.999999999999998579e+01,-1.730358138654211363e-06,0.000000000000000000e+00,2.558332872076200231e-19,-5.064666974568713710e-03,-7.726279569288135914e-27
1.396950000188470040e+04,0.000000000000000000e+00,1.269784931402907802e+01,9.999999770214781165e+02,1.012018854057249513e+02,6.196828251489911808e-15,4.235159096652328934e-22,2.873324747995981834e-05,1.778755646302365501e-21,-9.760812130632174899e+00,8.999999999999998579e+01,-1.855196423112981791e-06,0.000000000000000000e+00,2.558332872076199750e-19,-5.121692738736597673e-03,-8.283699137603020899e-27
1.397950000188673766e+04,0.000000000000000000e+00,1.270693900894659478e+01,9.999999764813110232e+02,1.012018853897850761e+02,6.196828250513876298e-15,4.235164736271501695e-22,3.177656583386735244e-05,1.965404644900095335e-21,-9.760932096220859222e+00,8.999999999999998579e+01,-1.883817171916756674e-06,0.000000000000000000e+00,2.558332872076199750e-19,-5.053773829412534432e-03,-8.411494593237608199e-27
1.398950000188877493e+04,0.000000000000000000e+00,1.271602870386414885e+01,9.999999759458005428e+02,1.012018854959972032e+02,6.196828257017494092e-15,0.000000000000000000e+00,-1.194620549174247328e-05,-7.125430841095597736e-22,-9.760862506955236384e+00,8.999999999999998579e+01,-1.816700875485554443e-06,0.000000000000000000e+00,2.558332872076199750e-19,-5.093172013246121191e-03,-8.111811389917633243e-27
1.399950000189081220e+04,0.000000000000000000e+00,1.272511839878173490e+01,9.999999754112213850e+02,1.012018854349322794e+02,6.196828253278345466e-15,0.000000000000000000e+00,3.090429928115343591e-05,1.911391017879998345e-21,-9.760872119529715008e+00,8.999999999999998579e+01,-1.826053870013110091e-06,0.000000000000000000e+00,2.558332872076199750e-19,-5.087729827647734238e-03,-8.153573756283087463e-27
1.400950000189284947e+04,0.000000000000000000e+00,1.273420809369937245e+01,9.999999748719856143e+02,1.012018854390805416e+02,6.196828253532353155e-15,4.235164736271501695e-22,1.697867003362337791e-05,1.057870709209626215e-21,-9.760868874962506325e+00,8.999999999999998579e+01,-1.747305381968030460e-06,0.000000000000000000e+00,2.558332872076200231e-19,-5.089566751076864994e-03,-7.801951268022799106e-27
1.401950000189488674e+04,0.000000000000000000e+00,1.274329778861718765e+01,9.999999743374064565e+02,1.012018853841207289e+02,6.196828250167034668e-15,4.235161885903635336e-22,3.140713417972559803e-05,1.942606607390131547e-21,-9.760872133568103237e+00,8.999999999999998579e+01,-1.866875393272590518e-06,0.000000000000000000e+00,2.558332872076199750e-19,-5.087721886279340626e-03,-8.335847294980828403e-27
1.402950000189692400e+04,0.000000000000000000e+00,1.275238748353491047e+01,9.999999738037586212e+02,1.012018853998513492e+02,6.196828251130256710e-15,0.000000000000000000e+00,2.899115946176780291e-05,1.793586304702481187e-21,-9.760752161265600080e+00,8.999999999999998579e+01,-1.762929130268955081e-06,0.000000000000000000e+00,2.558332872076200231e-19,-5.155644598528115116e-03,-7.871713385238038121e-27
1.403950000189896127e+04,0.000000000000000000e+00,1.276147717845268126e+01,9.999999732682481408e+02,1.012018854186364365e+02,6.196828252280512940e-15,4.235161873634224971e-22,1.508088106273425137e-05,9.413237266108122147e-22,-9.760748949619594939e+00,8.999999999999998579e+01,-1.714644370872561332e-06,0.000000000000000000e+00,2.558332872076200231e-19,-5.157462882191584351e-03,-7.656115503101045742e-27
1.404950000190099854e+04,0.000000000000000000e+00,1.277056687337050711e+01,9.999999727280810475e+02,1.012018853269874654e+02,6.196828246668631402e-15,4.235161867489641403e-22,4.506067423853193449e-05,2.777288015862056120e-21,-9.760815367995425262e+00,8.999999999999998579e+01,-1.736815798828356044e-06,0.000000000000000000e+00,2.558332872076200231e-19,-5.119859909042324964e-03,-7.755113882112938220e-27
1.405950000190303581e+04,0.000000000000000000e+00,1.277965656828836671e+01,9.999999721907079220e+02,1.012018854655924827e+02,6.196828255155741335e-15,4.235158986405444208e-22,1.561305563341413639e-05,9.746540419198864164e-22,-9.760748951006874563e+00,8.999999999999998579e+01,-1.785967211830786529e-06,0.000000000000000000e+00,2.558332872076200231e-19,-5.157462094310928669e-03,-7.974581488037386011e-27
1.406950000190507308e+04,0.000000000000000000e+00,1.278874626320627250e+01,9.999999716533347964e+02,1.012018854937883816e+02,6.196828256882242312e-15,4.235158974089935656e-22,-3.566707847609199423e-05,-2.164095756732214619e-21,-9.760976006156754536e+00,8.999999999999998579e+01,-1.906025243818142166e-06,0.000000000000000000e+00,2.558332872076199750e-19,-5.028914076383301374e-03,-8.510656592347461548e-27
1.407950000190711035e+04,0.000000000000000000e+00,1.279783595812422803e+01,9.999999711178243160e+02,1.012018854736875113e+02,6.196828255651418929e-15,2.887255122683578568e-28,-3.543686680900033425e-05,-2.149497713828445304e-21,-9.760975998789422903e+00,8.999999999999998579e+01,-1.954114053801828180e-06,0.000000000000000000e+00,2.558332872076199750e-19,-5.028918250179273408e-03,-8.725379534256647476e-27
1.408950000190914761e+04,0.000000000000000000e+00,1.280692565304223685e+01,9.999999705795198679e+02,1.012018854103437491e+02,6.196828251772731064e-15,8.470327543438812363e-22,1.901385937039318843e-05,1.182983773714465748e-21,-9.760868895980930660e+00,8.999999999999998579e+01,-1.794629276647535556e-06,0.000000000000000000e+00,2.558332872076200231e-19,-5.089554861489159129e-03,-8.013258761213648456e-27
1.409950000191118488e+04,0.000000000000000000e+00,1.281601534796027586e+01,9.999999700384214520e+02,1.012018854068758742e+02,6.196828251560386274e-15,2.899603558226150235e-28,3.219965644699587017e-05,1.989236020290647409e-21,-9.760812158617596879e+00,8.999999999999998579e+01,-1.684878915548159719e-06,0.000000000000000000e+00,2.558332872076200231e-19,-5.121676906660685251e-03,-7.523208780379275796e-27
1.410950000191322215e+04,0.000000000000000000e+00,1.282510504287835040e+01,9.999999695047736168e+02,1.012018852930595187e+02,6.196828244591144909e-15,-4.235162798925254914e-22,7.250076629575262846e-05,4.456572173453870690e-21,-9.760701890093256949e+00,8.999999999999998579e+01,-1.647021115395294721e-06,0.000000000000000000e+00,2.558332872076200231e-19,-5.184105803342734832e-03,-7.354168660114478921e-27
1.411950000191525942e+04,0.000000000000000000e+00,1.283419473779648889e+01,9.999999689674004912e+02,1.012018854561596299e+02,6.196828254578145268e-15,4.235161824293166508e-22,-6.097558726558023041e-06,-3.535293320357670493e-22,-9.760982434321181955e+00,8.999999999999998579e+01,-1.901761852559971627e-06,0.000000000000000000e+00,2.558332872076199750e-19,-5.025274757122782585e-03,-8.491619982504655580e-27
1.412950000191729669e+04,0.000000000000000000e+00,1.284328443271464515e+01,9.999999684300273657e+02,1.012018854624191988e+02,6.196828254961432272e-15,0.000000000000000000e+00,7.062158551055226556e-06,4.529248836134842839e-22,-9.760925680314130659e+00,8.999999999999998579e+01,-1.964477725682287559e-06,0.000000000000000000e+00,2.558332872076199750e-19,-5.057406224355511133e-03,-8.771654709622989390e-27
1.413950000191933395e+04,0.000000000000000000e+00,1.285237412763284759e+01,9.999999678963795304e+02,1.012018854251118825e+02,6.196828252677018886e-15,0.000000000000000000e+00,2.028642411170792999e-05,1.261178665965353894e-21,-9.760868901661822861e+00,8.999999999999998579e+01,-1.820778480106829140e-06,0.000000000000000000e+00,2.558332872076199750e-19,-5.089551648517996567e-03,-8.130018437680298367e-27
1.414950000192137122e+04,0.000000000000000000e+00,1.286146382255112108e+01,9.999999673608690500e+02,1.012018853342868709e+02,6.196828247115590525e-15,-2.930589891622351749e-28,5.942523680902552858e-05,3.656923884443833428e-21,-9.760698690240841913e+00,8.999999999999998579e+01,-1.742597091743009661e-06,0.000000000000000000e+00,2.558332872076200231e-19,-5.185917410736415323e-03,-7.780928125033367752e-27
1.415950000192340849e+04,0.000000000000000000e+00,1.287055351746943366e+01,9.999999668253585696e+02,1.012018853602136375e+02,6.196828248703147853e-15,4.235161799464586889e-22,4.674784740490848975e-05,2.880298488742050229e-21,-9.760755443035703749e+00,8.999999999999998579e+01,-1.708154504000396344e-06,0.000000000000000000e+00,2.558332872076200231e-19,-5.153786628780940987e-03,-7.627137383079716779e-27
1.416950000192544576e+04,0.000000000000000000e+00,1.287964321238774268e+01,9.999999662898480892e+02,1.012018854981112952e+02,6.196828257146944588e-15,2.943030522655735780e-28,8.058827253902276755e-06,5.127953531226808368e-22,-9.760925677938049105e+00,8.999999999999998579e+01,-1.853490890897748312e-06,0.000000000000000000e+00,2.558332872076199750e-19,-5.057407570030082906e-03,-8.276083709088569734e-27
1.417950000192748303e+04,0.000000000000000000e+00,1.288873290730615118e+01,9.999999657524749637e+02,1.012018852518006895e+02,6.196828242064769739e-15,2.949260716218762745e-28,6.386103347368082177e-05,3.929527709723406275e-21,-9.760878655237901214e+00,8.999999999999998579e+01,-1.837422936264896380e-06,1.895758319773387158e-22,2.558332872076199750e-19,-5.084029647481694454e-03,-8.204338151433893457e-27
1.418950000192952029e+04,0.000000000000000000e+00,1.289782260222458632e+01,9.999999652151018381e+02,1.012018854627564934e+02,6.196828254982087017e-15,0.000000000000000000e+00,-6.802791116508130693e-06,-3.975482380871960684e-22,-9.760862441746262164e+00,8.999999999999998579e+01,-1.821657328514515622e-06,0.000000000000000000e+00,2.558332872076199750e-19,-5.093208953123999974e-03,-8.133942612881446627e-27
1.419950000193155756e+04,0.000000000000000000e+00,1.290691229714307831e+01,9.999999646795913577e+02,1.012018854454331631e+02,6.196828253921338101e-15,-4.235161774530642540e-22,-3.037767836800568699e-06,-1.648285851077699163e-22,-9.761042400952954168e+00,8.999999999999998579e+01,-2.030453531194001433e-06,-1.895758319773387158e-22,2.558332872076199750e-19,-4.991324460138419662e-03,-9.066245469076368053e-27
1.420950000193359483e+04,0.000000000000000000e+00,1.291600199206161292e+01,9.999999641394242644e+02,1.012018855071002434e+02,6.196828257697357297e-15,4.235164736271501695e-22,-2.163748368033067406e-05,-1.306679222106815270e-21,-9.760799195854485077e+00,8.999999999999998579e+01,-1.748038836635684132e-06,0.000000000000000000e+00,2.558332872076200231e-19,-5.129015820643601474e-03,-7.805226240808547815e-27
1.421950000193563210e+04,0.000000000000000000e+00,1.292509168698017952e+01,9.999999636011198163e+02,1.012018854399323970e+02,6.196828253584514216e-15,-2.050421457465237619e-25,2.577532940614692770e-05,1.600018432823914557e-21,-9.761048906518816182e+00,8.999999999999998579e+01,-2.083526074966916454e-06,0.000000000000000000e+00,2.558332872076199750e-19,-4.987641314139147977e-03,-9.303221446177701465e-27
1.422950000193766937e+04,0.000000000000000000e+00,1.293418138189880118e+01,9.999999630618840456e+02,1.012018853994540706e+02,6.196828251105930607e-15,4.235167716781966276e-22,2.258867067813374817e-05,1.401931579566077677e-21,-9.760868910954417998e+00,8.999999999999998579e+01,-1.799781424022891559e-06,1.895758319773386923e-22,2.558332872076200231e-19,-5.089546398205100318e-03,-8.036263785500200954e-27
1.423950000193970664e+04,0.000000000000000000e+00,1.294327107681746902e+01,9.999999625282362103e+02,1.012018855232858243e+02,6.196828258688440328e-15,0.000000000000000000e+00,-1.970690922449950692e-05,-1.187654025224453126e-21,-9.760859168592299184e+00,8.999999999999998579e+01,-1.825831482987905764e-06,0.000000000000000000e+00,2.558332872076199750e-19,-5.095062059597535269e-03,-8.152580768594044540e-27
1.424950000194174390e+04,0.000000000000000000e+00,1.295236077173621325e+01,9.999999619936570525e+02,1.012018854713269747e+02,6.196828255506875945e-15,-8.470323486430081844e-22,-7.933913866398216736e-07,-2.556690558463126548e-23,-9.761102378533026425e+00,8.999999999999998579e+01,-2.206179184515033332e-06,0.000000000000000000e+00,2.558332872076198787e-19,-4.957367958662355079e-03,-9.850883917455647575e-27
1.425950000194378117e+04,0.000000000000000000e+00,1.296145046665496992e+01,9.999999614525586367e+02,1.012018854590709793e+02,6.196828254756414422e-15,0.000000000000000000e+00,5.838257338082147486e-06,3.737673665116709803e-22,-9.760685721281486593e+00,8.999999999999998579e+01,-1.560419509559188770e-06,0.000000000000000000e+00,2.558332872076200231e-19,-5.193259830542220484e-03,-6.967480954897886698e-27
1.426950000194581844e+04,0.000000000000000000e+00,1.297054016157376033e+01,9.999999609189108014e+02,1.012018855888631492e+02,6.196828262703892220e-15,4.235161730642703311e-22,-4.507883089914648146e-05,-2.740416898987349253e-21,-9.760972598913566500e+00,8.999999999999998579e+01,-1.904346647388363378e-06,0.000000000000000000e+00,2.558332872076199750e-19,-5.030843108720314122e-03,-8.503161435702859859e-27
1.427950000194785571e+04,0.000000000000000000e+00,1.297962985649258272e+01,9.999999603834003210e+02,1.012018855043247925e+02,6.196828257527410625e-15,-4.235161724346656356e-22,-2.335812033936375090e-06,-1.214633787614589191e-22,-9.760982395376094800e+00,8.999999999999998579e+01,-2.067300170335764360e-06,1.895758319773387158e-22,2.558332872076199750e-19,-5.025296816502584571e-03,-9.230770620741998556e-27
1.428950000194989298e+04,0.000000000000000000e+00,1.298871955141146728e+01,9.999999598488211632e+02,1.012018854976943061e+02,6.196828257121410739e-15,4.235164736271501695e-22,9.947232915307832414e-06,6.272495775048395481e-22,-9.760865685946772174e+00,8.999999999999998579e+01,-1.740828272184317741e-06,0.000000000000000000e+00,2.558332872076200231e-19,-5.091372243937089537e-03,-7.773030110100626707e-27
1.429950000195193024e+04,0.000000000000000000e+00,1.299780924633038204e+01,9.999999593161046505e+02,1.012018853678939223e+02,6.196828249173428859e-15,4.235164736271501695e-22,5.271774755806972441e-05,3.247833594068825912e-21,-9.760875534749258620e+00,8.999999999999998579e+01,-1.898340902245402842e-06,0.000000000000000000e+00,2.558332872076199750e-19,-5.085796323363276326e-03,-8.476344983686459463e-27
1.430950000195396751e+04,0.000000000000000000e+00,1.300689894124935719e+01,9.999999587796628475e+02,1.012018854772439482e+02,6.196828255869187137e-15,4.235161705419004306e-22,-2.650184180342201999e-06,-1.433297881942267120e-22,-9.760922399700671548e+00,8.999999999999998579e+01,-1.816334104525728916e-06,0.000000000000000000e+00,2.558332872076199750e-19,-5.059263570272478153e-03,-8.110173708728862638e-27
1.431950000195600478e+04,0.000000000000000000e+00,1.301598863616835189e+01,9.999999582432210445e+02,1.012018854766985783e+02,6.196828255835793866e-15,0.000000000000000000e+00,-3.472730915703533104e-06,-1.937496851135494182e-22,-9.760862408076034669e+00,8.999999999999998579e+01,-1.811221415117581288e-06,0.000000000000000000e+00,2.558332872076199750e-19,-5.093228026419650313e-03,-8.087344869521618560e-27
1.432950000195804205e+04,0.000000000000000000e+00,1.302507833108741053e+01,9.999999577067792416e+02,1.012018855322222919e+02,6.196828259235639217e-15,0.000000000000000000e+00,-1.530583298416723846e-05,-9.163820865345718246e-22,-9.760979105552616275e+00,8.999999999999998579e+01,-1.996802868473535795e-06,1.895758319773387158e-22,2.558332872076199750e-19,-5.027159363433899956e-03,-8.915990777829418477e-27
1.433950000196007932e+04,0.000000000000000000e+00,1.303416802600650826e+01,9.999999571684743387e+02,1.012018855956568473e+02,6.196828263119885396e-15,-4.235164736271501695e-22,-5.551940325249040184e-05,-3.377581961058422718e-21,-9.761089235262851105e+00,8.999999999999998579e+01,-2.109046593108316434e-06,0.000000000000000000e+00,2.558332872076199750e-19,-4.964809063097850445e-03,-9.417173958960345482e-27
1.434950000196211658e+04,0.000000000000000000e+00,1.304325772092565039e+01,9.999999566320329905e+02,1.012018854000498465e+02,6.196828251142411479e-15,-3.056181560667608204e-28,3.673751083285856838e-05,2.266651336378162790e-21,-9.760692283805319391e+00,8.999999999999998579e+01,-1.641939904919044532e-06,0.000000000000000000e+00,2.558332872076200231e-19,-5.189544448790562800e-03,-7.331480378531083867e-27
1.435950000196415385e+04,0.000000000000000000e+00,1.305234741584481917e+01,9.999999560983851552e+02,1.012018854181512211e+02,6.196828252250801283e-15,4.237245385730960579e-22,-2.426347077150688805e-06,-1.303010055848421606e-22,-9.760862361765832773e+00,8.999999999999998579e+01,-1.751489455066678914e-06,0.000000000000000000e+00,2.558332872076200231e-19,-5.093254254168473778e-03,-7.820633711718321691e-27
1.436950000196619112e+04,0.000000000000000000e+00,1.306143711076385117e+01,9.999999556485558969e+02,1.012018854399959906e+02,6.196828253588408033e-15,3.068885603763174671e-28,2.716377666761363220e-05,1.683374414372914973e-21,-9.760928964658713625e+00,8.999999999999998579e+01,-1.924237755250084347e-06,0.000000000000000000e+00,2.558332872076199750e-19,-5.055546805574290606e-03,-8.591977881760696206e-27
1.437950000196822839e+04,0.000000000000000000e+00,1.307052680568311054e+01,9.999999551065266132e+02,1.012018853602972115e+02,6.196828248708264405e-15,4.235158585776495158e-22,6.791538658956864185e-05,4.178475409669217301e-21,-9.760818876835385183e+00,8.999999999999998579e+01,-1.903676728953490324e-06,0.000000000000000000e+00,2.558332872076199750e-19,-5.117873394671172693e-03,-8.500170160659371747e-27
1.438950000197026566e+04,0.000000000000000000e+00,1.307961650060243031e+01,9.999999545691534877e+02,1.012018854016916691e+02,6.196828251242943913e-15,8.470320227695039785e-22,1.250599554719351086e-05,7.845051759960826434e-22,-9.760865685980272488e+00,8.999999999999998579e+01,-1.795877097971485873e-06,0.000000000000000000e+00,2.558332872076200231e-19,-5.091372242893167643e-03,-8.018830449632357393e-27
1.439950000197230293e+04,0.000000000000000000e+00,1.308870619552178738e+01,9.999999540345743299e+02,1.012018854995060906e+02,6.196828257232349825e-15,0.000000000000000000e+00,1.273376608321753146e-05,7.993344003325716078e-22,-9.760865714067103127e+00,8.999999999999998579e+01,-1.880435464149605426e-06,0.000000000000000000e+00,2.558332872076199750e-19,-5.091356333406114355e-03,-8.396394817620658714e-27
1.440950000197434019e+04,0.000000000000000000e+00,1.309779589044117820e+01,9.999999534999951720e+02,1.012018854915768884e+02,6.196828256746826449e-15,4.235164736271501695e-22,-1.436992331410141009e-05,-8.599991608094110356e-22,-9.760919092603211666e+00,8.999999999999998579e+01,-1.908140669017359547e-06,0.000000000000000000e+00,2.558332872076199750e-19,-5.061135902681153376e-03,-8.520102247632317914e-27
1.441950000197637746e+04,0.000000000000000000e+00,1.310688558536062942e+01,9.999999529635533690e+02,1.012018853290571911e+02,6.196828246795365851e-15,0.000000000000000000e+00,5.387205034435398597e-05,3.315558950734562773e-21,-9.760755604274129027e+00,8.999999999999998579e+01,-1.615055139607619091e-06,0.000000000000000000e+00,2.558332872076200231e-19,-5.153695369935663503e-03,-7.211436320419317900e-27
1.442950000197841473e+04,0.000000000000000000e+00,1.311597528028011794e+01,9.999999524289742112e+02,1.012018855515509870e+02,6.196828260419181433e-15,4.235164736271501695e-22,-2.804210573621629838e-05,-1.697496928456817686e-21,-9.760915771891250259e+00,8.999999999999998579e+01,-1.877652467012696902e-06,0.000000000000000000e+00,2.558332872076199750e-19,-5.063015931524105818e-03,-8.383968364714782405e-27
1.443950000198045200e+04,0.000000000000000000e+00,1.312506497519965087e+01,9.999999518943950534e+02,1.012018853964391951e+02,6.196828250921323744e-15,4.235161622714312862e-22,2.605845208827517505e-05,1.613498984160516636e-21,-9.760749009074183746e+00,8.999999999999998579e+01,-1.713963415717911221e-06,0.000000000000000000e+00,2.558332872076200231e-19,-5.157429260750114042e-03,-7.653074947633689085e-27
1.444950000198248927e+04,0.000000000000000000e+00,1.313415467011921223e+01,9.999999513560906053e+02,1.012018855209121568e+02,6.196828258543095073e-15,4.235161616306316997e-22,-1.432100894177421343e-05,-8.576145380411648163e-22,-9.760859074666887736e+00,8.999999999999998579e+01,-1.849612589739659529e-06,0.000000000000000000e+00,2.558332872076199750e-19,-5.095115255320076600e-03,-8.258766577835848485e-27
1.445950000198452653e+04,0.000000000000000000e+00,1.314324436503882332e+01,9.999999508205801249e+02,1.012018854830115515e+02,6.196828256222351487e-15,4.235164736271501695e-22,1.520296457641767893e-05,9.511215720930960990e-22,-9.760925680163129670e+00,8.999999999999998579e+01,-1.937104080032073357e-06,0.000000000000000000e+00,2.558332872076199750e-19,-5.057406338452167735e-03,-8.649427735680661512e-27
1.446950000198656380e+04,0.000000000000000000e+00,1.315233405995823901e+01,9.999999502766877413e+02,1.012018853996660539e+02,6.196828251118912102e-15,0.000000000000000000e+00,4.288394267570341622e-05,2.644930803460637187e-21,-9.760872311240584409e+00,8.999999999999998579e+01,-1.825879750162738728e-06,0.000000000000000000e+00,2.558332872076199750e-19,-5.087621336621990335e-03,-8.152796287958766606e-27
1.447950000198860107e+04,0.000000000000000000e+00,1.316142375487793004e+01,9.999999497411772609e+02,1.012018854371750649e+02,6.196828253415675894e-15,-4.235162992024279923e-22,1.300091171348943251e-05,8.130743091451981824e-22,-9.760745705443914844e+00,8.999999999999998579e+01,-1.629514470499039837e-06,0.000000000000000000e+00,2.558332872076200231e-19,-5.159299622377794270e-03,-7.275999158803082185e-27
1.448950000199063834e+04,0.000000000000000000e+00,1.317051344979764060e+01,9.999999492121860385e+02,1.012018854712041502e+02,6.196828255499356523e-15,2.108718703501042370e-25,2.832739759088657327e-05,1.753024881002929407e-21,-9.760809013618304775e+00,8.999999999999998579e+01,-1.770805488553843561e-06,0.000000000000000000e+00,2.558332872076200231e-19,-5.123457488954903140e-03,-7.906882374095023783e-27
1.449950000199267561e+04,0.000000000000000000e+00,1.317960314471741867e+01,9.999999486794695258e+02,1.012018854030405208e+02,6.196828251325538439e-15,4.235161584167560884e-22,4.276934502684497493e-05,2.636825527253384992e-21,-9.760812325050748584e+00,8.999999999999998579e+01,-1.721570142810923577e-06,0.000000000000000000e+00,2.558332872076200231e-19,-5.121582717258676455e-03,-7.687039997304619161e-27
1.450950000199471287e+04,0.000000000000000000e+00,1.318869283963724470e+01,9.999999481411650777e+02,1.012018855548080296e+02,6.196828260618616514e-15,-4.235161577720053833e-22,-3.760454098100046250e-05,-2.280537868169879411e-21,-9.761092380571531280e+00,8.999999999999998579e+01,-2.116250461082991169e-06,-1.895758319773387158e-22,2.558332872076199750e-19,-4.963028355174707758e-03,-9.449340189007880230e-27
1.451950000199675014e+04,0.000000000000000000e+00,1.319778253455709738e+01,9.999999476056545973e+02,1.012018854519884172e+02,6.196828254322732618e-15,-3.165005539801211930e-28,2.738437638296148404e-05,1.694168507357054835e-21,-9.760689036741638347e+00,8.999999999999998579e+01,-1.664131274985181720e-06,0.000000000000000000e+00,2.558332872076200231e-19,-5.191382795885733648e-03,-7.430567801721903373e-27
1.452950000199878741e+04,0.000000000000000000e+00,1.320687222947700157e+01,9.999999470701441169e+02,1.012018855054728022e+02,6.196828257597706021e-15,0.000000000000000000e+00,2.760975729608138166e-06,1.892536549472028233e-22,-9.760922360981803436e+00,8.999999999999998579e+01,-1.935601305773563126e-06,0.000000000000000000e+00,2.558332872076199750e-19,-5.059285508784418413e-03,-8.642717648449927553e-27
1.453950000200082468e+04,0.000000000000000000e+00,1.321596192439695017e+01,9.999999465355649590e+02,1.012018854034013344e+02,6.196828251347630488e-15,0.000000000000000000e+00,1.632909733257984416e-05,1.019575829550731436e-21,-9.760865697659426132e+00,8.999999999999998579e+01,-1.889179182174135075e-06,0.000000000000000000e+00,2.558332872076199750e-19,-5.091365644445478358e-03,-8.435436683245701917e-27
1.454950000200286195e+04,0.000000000000000000e+00,1.322505161931693252e+01,9.999999459991231561e+02,1.012018854186493115e+02,6.196828252281300223e-15,0.000000000000000000e+00,3.074513713640972913e-05,1.902364234341990831e-21,-9.760869053598829836e+00,8.999999999999998579e+01,-1.894995283779646186e-06,-1.895758319773387158e-22,2.558332872076199750e-19,-5.089465667357536902e-03,-8.461406351607258159e-27
1.455950000200489922e+04,0.000000000000000000e+00,1.323414131423697704e+01,9.999999454645439982e+02,1.012018853279185890e+02,6.196828246725647113e-15,0.000000000000000000e+00,7.266505019593163606e-05,4.468723896232594531e-21,-9.760819043316940835e+00,8.999999999999998579e+01,-1.847643831562700047e-06,0.000000000000000000e+00,2.558332872076199750e-19,-5.117779160233910593e-03,-8.249975810341126158e-27
1.456950000200693648e+04,0.000000000000000000e+00,1.324323100915704465e+01,9.999999449271708727e+02,1.012018854678684363e+02,6.196828255295103869e-15,4.235161538896725903e-22,3.126564773164579883e-05,1.933639209803373793e-21,-9.760869029915426154e+00,8.999999999999998579e+01,-1.837751653142226430e-06,0.000000000000000000e+00,2.558332872076199750e-19,-5.089479073146990253e-03,-8.205805916075592905e-27
1.457950000200897375e+04,0.000000000000000000e+00,1.325232070407534479e+01,9.999999443450942636e+02,1.012018853884779190e+02,6.196828250433835315e-15,4.235164736271501695e-22,1.736479065862178735e-05,1.081961756189528865e-21,-9.760865697263991336e+00,8.999999999999998579e+01,-1.790250680691322945e-06,0.000000000000000000e+00,2.558332872076200231e-19,-5.091365873473777288e-03,-7.993707747049051669e-27
1.458950000201101102e+04,0.000000000000000000e+00,1.326141039899162699e+01,9.999999437099322677e+02,1.012018854798490821e+02,6.196828256028705067e-15,4.235164736271501695e-22,-2.408233660784458516e-05,-1.454545616227416695e-21,-9.760915677434997662e+00,8.999999999999998579e+01,-1.924182758692743846e-06,1.895758319773387158e-22,2.558332872076199750e-19,-5.063069429882543528e-03,-8.591732314806739133e-27
1.459950000201304829e+04,0.000000000000000000e+00,1.327050009390797669e+01,9.999999430729076266e+02,1.012018854118873321e+02,6.196828251867248433e-15,3.216875338811397755e-28,4.503141826892789695e-06,2.953227208483678030e-22,-9.760922352568485394e+00,8.999999999999998579e+01,-1.877522649074988588e-06,0.000000000000000000e+00,2.558332872076199750e-19,-5.059290287475768158e-03,-8.383388710331426475e-27
1.460950000201508556e+04,0.000000000000000000e+00,1.327958978882436014e+01,9.999999424358829856e+02,1.012018853511546865e+02,6.196828248148446108e-15,4.238009833947292512e-22,1.814974783311997230e-05,1.129749324987859831e-21,-9.760865665451927242e+00,8.999999999999998579e+01,-1.763695784377507659e-06,0.000000000000000000e+00,2.558332872076200231e-19,-5.091383890707826612e-03,-7.875136597949495942e-27
1.461950000201712282e+04,0.000000000000000000e+00,1.328867948374081642e+01,9.999999418007209897e+02,1.012018854046814482e+02,6.196828251426016441e-15,0.000000000000000000e+00,4.592174358150981800e-05,2.831084502274649532e-21,-9.760812397385599581e+00,8.999999999999998579e+01,-1.839505492241987087e-06,0.000000000000000000e+00,2.558332872076199750e-19,-5.121541776409716321e-03,-8.213637041263837237e-27
1.462950000201916009e+04,0.000000000000000000e+00,1.329776917865731534e+01,9.999999411581084132e+02,1.012018854623832738e+02,6.196828254959232928e-15,-4.235162578466471467e-22,1.861006867164873352e-05,1.160241648999681137e-21,-9.760865759825943400e+00,8.999999999999998579e+01,-1.984462398204347956e-06,-1.895758319773387158e-22,2.558332872076199750e-19,-5.091330452577150049e-03,-8.860888934351863414e-27
1.463950000202119736e+04,0.000000000000000000e+00,1.330685887357383912e+01,9.999999405229464173e+02,1.012018854768129614e+02,6.196828255842796584e-15,0.000000000000000000e+00,3.206613886689306631e-06,2.151119973892618804e-22,-9.760742366287535887e+00,8.999999999999998579e+01,-1.798755791940551817e-06,0.000000000000000000e+00,2.558332872076200231e-19,-5.161190109545430414e-03,-8.031684201640436791e-27
1.464950000202323463e+04,0.000000000000000000e+00,1.331594856849039665e+01,9.999999398877844214e+02,1.012018853820602260e+02,6.196828250040865044e-15,-2.143265974395356603e-25,3.106988878343194626e-05,1.920192342792629831e-21,-9.760689073968048746e+00,8.999999999999998579e+01,-1.697807511990878522e-06,0.000000000000000000e+00,2.558332872076200231e-19,-5.191361739841772287e-03,-7.580936685558854461e-27
1.465950000202527190e+04,0.000000000000000000e+00,1.332503826340702346e+01,9.999999392498284578e+02,1.012018853987907221e+02,6.196828251065312947e-15,3.256054261333975547e-28,3.429429503986428524e-05,2.119982499425841604e-21,-9.760929054662295101e+00,8.999999999999998579e+01,-1.923256102337992483e-06,0.000000000000000000e+00,2.558332872076199750e-19,-5.055495881914080954e-03,-8.587594670754027936e-27
1.466950000202730916e+04,0.000000000000000000e+00,1.333412795832369113e+01,9.999999386100098491e+02,1.012018853720582143e+02,6.196828249428419469e-15,-2.147584422747661005e-25,4.724716049248465528e-05,2.912026509361099990e-21,-9.760812425366522049e+00,8.999999999999998579e+01,-1.818789805941228547e-06,0.000000000000000000e+00,2.558332872076199750e-19,-5.121525943439985025e-03,-8.121138742643523380e-27
1.467950000202934643e+04,0.000000000000000000e+00,1.334321765324040854e+01,9.999999379739165306e+02,1.012018854061495716e+02,6.196828251515912663e-15,3.269166582510241305e-28,1.992624739745355882e-05,1.238667021077950848e-21,-9.760865670355761026e+00,8.999999999999998579e+01,-1.776952016011028893e-06,0.000000000000000000e+00,2.558332872076200231e-19,-5.091381117082788635e-03,-7.934327437896355370e-27
1.468950000203138370e+04,0.000000000000000000e+00,1.335230734815716680e+01,9.999999373340979218e+02,1.012018853312151805e+02,6.196828246927503997e-15,0.000000000000000000e+00,3.433320491170447128e-05,2.121296843145174607e-21,-9.760869071143043030e+00,8.999999999999998579e+01,-1.820866645647687374e-06,0.000000000000000000e+00,2.558332872076199750e-19,-5.089455757665164656e-03,-8.130412108563698374e-27
1.469950000203342097e+04,0.000000000000000000e+00,1.336139704307396059e+01,9.999999367017298937e+02,1.012018853738553616e+02,6.196828249538461621e-15,4.235164736271501695e-22,3.457161814436579718e-05,2.136932714166983139e-21,-9.760869083529465584e+00,8.999999999999998579e+01,-1.920310570848572930e-06,0.000000000000000000e+00,2.558332872076199750e-19,-5.089448742246182808e-03,-8.574442480314944783e-27
1.470950000203545824e+04,0.000000000000000000e+00,1.337048673799080944e+01,9.999999360637739301e+02,1.012018854830547951e+02,6.196828256225000482e-15,0.000000000000000000e+00,-7.626843046687081845e-06,-4.481143936865086298e-22,-9.760858983303355885e+00,8.999999999999998579e+01,-1.811347774944948264e-06,0.000000000000000000e+00,2.558332872076199750e-19,-5.095167011029507441e-03,-8.087909082981683789e-27
1.471950000203749551e+04,0.000000000000000000e+00,1.337957643290771159e+01,9.999999354295432568e+02,1.012018854777807348e+02,6.196828255902055027e-15,-4.235158145331011496e-22,-2.019404290401234371e-05,-1.215033622405562617e-21,-9.760975603165579884e+00,8.999999999999998579e+01,-2.060551766684444509e-06,0.000000000000000000e+00,2.558332872076199750e-19,-5.029142295387998250e-03,-9.200638099565163800e-27
1.472950000203953277e+04,0.000000000000000000e+00,1.338866612782469367e+01,9.999999347729608417e+02,1.012018853773273861e+02,6.196828249751063580e-15,0.000000000000000000e+00,3.469429943371645940e-05,2.142325090203166035e-21,-9.760809090943068256e+00,8.999999999999998579e+01,-1.717113059901322128e-06,0.000000000000000000e+00,2.558332872076200231e-19,-5.123413744910756615e-03,-7.667138528438840327e-27
1.473950000204157004e+04,0.000000000000000000e+00,1.339775582274167753e+01,9.999999341424554586e+02,1.012018853862045233e+02,6.196828250294631342e-15,3.308661586293227581e-28,3.560723445303767235e-05,2.199483958389252950e-21,-9.760869089908890572e+00,8.999999999999998579e+01,-1.837679573058555085e-06,0.000000000000000000e+00,2.558332872076199750e-19,-5.089445133813515557e-03,-8.205484068901081404e-27
1.474950000204360731e+04,0.000000000000000000e+00,1.340684551765870935e+01,9.999999335072934628e+02,1.012018854588262258e+02,6.196828254741426854e-15,3.315267134390291891e-28,-5.952644446968734700e-06,-3.448141492609528500e-22,-9.760918966976950273e+00,8.999999999999998579e+01,-1.886603162488853314e-06,0.000000000000000000e+00,2.558332872076199750e-19,-5.061207064026325766e-03,-8.423934412230317679e-27
1.475950000204564458e+04,0.000000000000000000e+00,1.341593521257579091e+01,9.999999328702688217e+02,1.012018854844589271e+02,6.196828256310977643e-15,4.235161414392234461e-22,-2.113467908880818443e-05,-1.275938217450893622e-21,-9.760795597005243351e+00,8.999999999999998579e+01,-1.743543733329175264e-06,0.000000000000000000e+00,2.558332872076200231e-19,-5.131053377650982537e-03,-7.785155005806338642e-27
1.476950000204768185e+04,0.000000000000000000e+00,1.342502490749293820e+01,9.999999322341755033e+02,1.012018854527301670e+02,6.196828254368150495e-15,3.328497985495333040e-28,2.283959153184204617e-05,1.418886147564128749e-21,-9.760925718774057458e+00,8.999999999999998579e+01,-1.952202331764911630e-06,0.000000000000000000e+00,2.558332872076199750e-19,-5.057384513721909468e-03,-8.716843440724309788e-27
1.477950000204971911e+04,0.000000000000000000e+00,1.343411460241012279e+01,9.999999315952882171e+02,1.012018853764578665e+02,6.196828249697820202e-15,4.235161401148212795e-22,5.078315690437711663e-05,3.128697561301784516e-21,-9.760872486620931099e+00,8.999999999999998579e+01,-1.833487916030267769e-06,0.000000000000000000e+00,2.558332872076199750e-19,-5.087522078945381186e-03,-8.186767761949557412e-27
1.478950000205175638e+04,0.000000000000000000e+00,1.344320429732734290e+01,9.999999309564009309e+02,1.012018854153572391e+02,6.196828252079718652e-15,4.237338231568648961e-22,9.186737206284080592e-06,5.824301448131647156e-22,-9.760922339519765956e+00,8.999999999999998579e+01,-1.908126619258513283e-06,0.000000000000000000e+00,2.558332872076199750e-19,-5.059297695742484384e-03,-8.520039513587670285e-27
1.479950000205379365e+04,0.000000000000000000e+00,1.345229399224462163e+01,9.999999303203076124e+02,1.012018852914005151e+02,6.196828244489558557e-15,4.235161387877852533e-22,5.249719286165071750e-05,3.234793708415158735e-21,-9.760992490992904891e+00,8.999999999999998579e+01,-1.942912891558224706e-06,0.000000000000000000e+00,2.558332872076199750e-19,-5.019581219980732804e-03,-8.675364852866847712e-27
1.480950000205583092e+04,0.000000000000000000e+00,1.346138368716193767e+01,9.999999296832829714e+02,1.012018854574449023e+02,6.196828254656844399e-15,4.235164736271501695e-22,9.683414249091503091e-06,6.125143964592453929e-22,-9.760922335572891129e+00,8.999999999999998579e+01,-1.876689078143927781e-06,0.000000000000000000e+00,2.558332872076199750e-19,-5.059299928641927853e-03,-8.379666705094286461e-27
1.481950000205786819e+04,0.000000000000000000e+00,1.347047338207929279e+01,9.999999290462583303e+02,1.012018854604861389e+02,6.196828254843066848e-15,4.235161374581151793e-22,-1.894470673458784778e-05,-1.141552534073335776e-21,-9.760855535652112280e+00,8.999999999999998579e+01,-1.771194619754984970e-06,0.000000000000000000e+00,2.558332872076200231e-19,-5.097118924839150016e-03,-7.908619896739605951e-27
1.482950000205990546e+04,0.000000000000000000e+00,1.347956307699668344e+01,9.999999284129589796e+02,1.012018855765859513e+02,6.196828261952129865e-15,4.235161367922924214e-22,-3.171070228249626212e-05,-1.920901910639861373e-21,-9.760972158670888632e+00,8.999999999999998579e+01,-1.995721987618381526e-06,0.000000000000000000e+00,2.558332872076199750e-19,-5.031092411020020999e-03,-8.911164500840012597e-27
1.483950000206194272e+04,0.000000000000000000e+00,1.348865277191413092e+01,9.999999277768656611e+02,1.012018854801485617e+02,6.196828256047043717e-15,8.470324222264341919e-22,-4.280892674398684286e-06,-2.435460233843974490e-22,-9.760858918476346346e+00,8.999999999999998579e+01,-1.781438287940902279e-06,0.000000000000000000e+00,2.558332872076200231e-19,-5.095203727679751063e-03,-7.954359239625569436e-27
1.484950000206397999e+04,0.000000000000000000e+00,1.349774246683163348e+01,9.999999271407723427e+02,1.012018853315826163e+02,6.196828246950003888e-15,-3.381684787742858896e-28,5.090686469434488434e-05,3.134347975545430807e-21,-9.760692542502441782e+00,8.999999999999998579e+01,-1.649028784467898485e-06,0.000000000000000000e+00,2.558332872076200231e-19,-5.189398043867814343e-03,-7.363133169941106429e-27
1.485950000206601726e+04,0.000000000000000000e+00,1.350683216174916268e+01,9.999999265037477016e+02,1.012018854117278579e+02,6.196828251857484702e-15,0.000000000000000000e+00,9.847521137070570623e-06,6.206807384056346266e-22,-9.760802345383758905e+00,8.999999999999998579e+01,-1.696120126377631750e-06,0.000000000000000000e+00,2.558332872076200231e-19,-5.127232777659532052e-03,-7.573402284039364481e-27
1.486950000206805453e+04,0.000000000000000000e+00,1.351592185666674872e+01,9.999999258676543832e+02,1.012018853833416188e+02,6.196828250119329094e-15,-4.235157946176826537e-22,1.117497828766566398e-05,7.033934335859197008e-22,-9.760922338215635818e+00,8.999999999999998579e+01,-1.833169593542306071e-06,-1.895758319773387158e-22,2.558332872076199750e-19,-5.059298445825480967e-03,-8.185346409640897498e-27
1.487950000207009180e+04,0.000000000000000000e+00,1.352501155158437740e+01,9.999999252296984196e+02,1.012018854184212699e+02,6.196828252267336596e-15,4.235164736271501695e-22,3.917157022731205965e-05,2.418403486928008326e-21,-9.760869148174021959e+00,8.999999999999998579e+01,-1.901612134195434964e-06,0.000000000000000000e+00,2.558332872076199750e-19,-5.089412159312895964e-03,-8.490951470064817367e-27
1.488950000207212906e+04,0.000000000000000000e+00,1.353410124650205582e+01,9.999999245889484882e+02,1.012018854079328491e+02,6.196828251625106790e-15,2.195087933805418207e-25,1.066032676488112043e-05,6.699178316327061788e-22,-9.760802344873253489e+00,8.999999999999998579e+01,-1.645161470466757434e-06,0.000000000000000000e+00,2.558332872076200231e-19,-5.127233070349513679e-03,-7.345865097807623226e-27
1.489950000207416633e+04,0.000000000000000000e+00,1.354319094141689739e+01,9.999999252818524837e+02,1.012018853412777446e+02,6.196828247543658006e-15,4.235161321130952993e-22,3.970930343555659735e-05,2.449680746282592174e-21,-9.760869157146592201e+00,8.999999999999998579e+01,-1.743494222987327986e-06,0.000000000000000000e+00,2.558332872076200231e-19,-5.089407086419802523e-03,-7.784933935535311249e-27
1.490950000207620360e+04,0.000000000000000000e+00,1.355228063633096980e+01,9.999999263687059283e+02,1.012018853380092480e+02,6.196828247343520839e-15,4.235161314420045870e-22,2.631957132120054353e-05,1.630112099129508921e-21,-9.760925748552434555e+00,8.999999999999998579e+01,-1.773715110549924097e-06,0.000000000000000000e+00,2.558332872076200231e-19,-5.057367675191455809e-03,-7.919874223863276457e-27
1.491950000207824087e+04,0.000000000000000000e+00,1.356137033124499069e+01,9.999999274546280503e+02,1.012018853960813658e+02,6.196828250899412344e-15,3.428568947360280582e-28,2.654916578229351515e-05,1.645196311413136315e-21,-9.760925751053573407e+00,8.999999999999998579e+01,-1.872085113052834882e-06,0.000000000000000000e+00,2.558332872076199750e-19,-5.057366251957180585e-03,-8.359109387723736958e-27
1.492950000208027814e+04,0.000000000000000000e+00,1.357046002615912883e+01,9.999999285386875272e+02,1.012018853497092294e+02,6.196828248059938281e-15,4.235164736271501695e-22,1.315411756352186150e-05,8.241293670145586300e-22,-9.760982335905856289e+00,8.999999999999998579e+01,-1.790108342071710022e-06,0.000000000000000000e+00,2.558332872076200231e-19,-5.025330554961529583e-03,-7.993072186153264300e-27
1.493950000208231540e+04,0.000000000000000000e+00,1.357954972107331137e+01,9.999999296255409718e+02,1.012018853080653145e+02,6.196828245509983270e-15,4.235161294247816606e-22,5.534711121790837445e-05,3.407646802381148266e-21,-9.760932589413483740e+00,8.999999999999998579e+01,-1.784360226687359770e-06,0.000000000000000000e+00,2.558332872076200231e-19,-5.053494695300407048e-03,-7.967406085324820900e-27
1.494950000208435267e+04,0.000000000000000000e+00,1.358863941598754366e+01,9.999999307077378035e+02,1.012018854428762324e+02,6.196828253764772088e-15,0.000000000000000000e+00,2.638093282965113084e-05,1.633057638601068877e-21,-9.760805764155707109e+00,8.999999999999998579e+01,-1.695969709147035247e-06,0.000000000000000000e+00,2.558332872076200231e-19,-5.125297217878634418e-03,-7.572730651069483148e-27
1.495950000208638994e+04,0.000000000000000000e+00,1.359772911090180969e+01,9.999999317973856705e+02,1.012018853579109106e+02,6.196828248562146855e-15,4.235164736271501695e-22,2.620712041862430260e-05,1.621198104140147436e-21,-9.760745769279225215e+00,8.999999999999998579e+01,-1.579351765312079245e-06,0.000000000000000000e+00,2.558332872076200231e-19,-5.159263519961081873e-03,-7.052015998572639138e-27
1.496950000208842721e+04,0.000000000000000000e+00,1.360681880581614323e+01,9.999999328851699829e+02,1.012018853873185691e+02,6.196828250362845722e-15,0.000000000000000000e+00,1.320097093349939773e-05,8.270601518863330771e-22,-9.760862342863559249e+00,8.999999999999998579e+01,-1.795912658356044369e-06,0.000000000000000000e+00,2.558332872076200231e-19,-5.093264998570904908e-03,-8.018989231485983760e-27
1.497950000209046448e+04,0.000000000000000000e+00,1.361590850073052117e+01,9.999999339682981372e+02,1.012018853138538077e+02,6.196828245864427152e-15,0.000000000000000000e+00,4.176008326254329692e-05,2.574774659556013188e-21,-9.760869185816977378e+00,8.999999999999998579e+01,-1.697459273024464658e-06,0.000000000000000000e+00,2.558332872076200231e-19,-5.089390841836208441e-03,-7.579381752189092952e-27
1.498950000209250175e+04,0.000000000000000000e+00,1.362499819564493642e+01,9.999999350570142269e+02,1.012018854132093821e+02,6.196828251948201339e-15,8.470322520991472689e-22,1.371505086016443305e-05,8.584664477670732919e-22,-9.760862346998536054e+00,8.999999999999998579e+01,-1.789000620954207673e-06,0.000000000000000000e+00,2.558332872076200231e-19,-5.093262651356647748e-03,-7.988126063817407482e-27
1.499950000209453901e+04,0.000000000000000000e+00,1.363408789055947423e+01,9.999999361056834459e+02,1.012018854609599998e+02,6.196828254872082730e-15,0.000000000000000000e+00,-2.722079585131298947e-05,-1.646285896766929979e-21,-9.761032046017570352e+00,8.999999999999998579e+01,-1.965852345414891058e-06,-1.895758319773387158e-22,2.558332872076199750e-19,-4.997186990088314101e-03,-8.777792569825624539e-27
1.500950000209657628e+04,0.000000000000000000e+00,1.364317758547396409e+01,9.999999371925368905e+02,1.012018854088446176e+02,6.196828251680936054e-15,4.235161246948810943e-22,-1.442658549591075574e-05,-8.671348059726492797e-22,-9.760795481928319361e+00,8.999999999999998579e+01,-1.556718156085980687e-06,0.000000000000000000e+00,2.558332872076200231e-19,-5.131118527981004020e-03,-6.950953918627233086e-27
1.501950000209861355e+04,0.000000000000000000e+00,1.365226728038852855e+01,9.999999382756650448e+02,1.012018853550215027e+02,6.196828248385220342e-15,4.235157744059440373e-22,1.488990704042577431e-05,9.301985880246822241e-22,-9.760922342589758216e+00,8.999999999999998579e+01,-1.769126139653181606e-06,0.000000000000000000e+00,2.558332872076200231e-19,-5.059295950179177638e-03,-7.899383857567697237e-27
1.502950000210065082e+04,0.000000000000000000e+00,1.366135697530311610e+01,9.999999393634498119e+02,1.012018854241414374e+02,6.196828252617597149e-15,0.000000000000000000e+00,2.812189671929720238e-05,1.739041906187268426e-21,-9.760745786905605570e+00,8.999999999999998579e+01,-1.636637461589499327e-06,0.000000000000000000e+00,2.558332872076200231e-19,-5.159253521323952686e-03,-7.307804262789959793e-27
1.503950000210268809e+04,0.000000000000000000e+00,1.367044667021776050e+01,9.999999404465779662e+02,1.012018853284809268e+02,6.196828246760079314e-15,0.000000000000000000e+00,2.878514329996455915e-05,1.779334604697338266e-21,-9.760805787414644996e+00,8.999999999999998579e+01,-1.606004400989259766e-06,0.000000000000000000e+00,2.558332872076200231e-19,-5.125284043161689417e-03,-7.171023566948304852e-27
1.504950000210472535e+04,0.000000000000000000e+00,1.367953636513244575e+01,9.999999415362253785e+02,1.012018854060142132e+02,6.196828251507624102e-15,4.235164736271501695e-22,2.939666662228093664e-05,1.818455089534556663e-21,-9.760865794417883379e+00,8.999999999999998579e+01,-1.766623849616835398e-06,0.000000000000000000e+00,2.558332872076200231e-19,-5.091310872352414196e-03,-7.888210799255448127e-27
1.505950000210676262e+04,0.000000000000000000e+00,1.368862606004721449e+01,9.999999426212161779e+02,1.012018853784840644e+02,6.196828249821888301e-15,4.235161212966263259e-22,1.755681609343568920e-06,1.257591261503240623e-22,-9.760918863938398360e+00,8.999999999999998579e+01,-1.749944128491500136e-06,0.000000000000000000e+00,2.558332872076200231e-19,-5.061265390790547179e-03,-7.813733622725781530e-27
1.506950000210879989e+04,0.000000000000000000e+00,1.369771575496199922e+01,9.999999437071382999e+02,1.012018854705398354e+02,6.196828255458679699e-15,0.000000000000000000e+00,1.637928582587749539e-06,1.176210906630225484e-22,-9.760858898611010304e+00,8.999999999999998579e+01,-1.661138800049519027e-06,0.000000000000000000e+00,2.558332872076200231e-19,-5.095214947339163532e-03,-7.417206002542573997e-27
1.507950000211083716e+04,0.000000000000000000e+00,1.370680544987683369e+01,9.999999447921290994e+02,1.012018853427988176e+02,6.196828247636798025e-15,4.235161199327150889e-22,2.951191770915055678e-05,1.823221329162184204e-21,-9.760745800880464174e+00,8.999999999999998579e+01,-1.547021705019179615e-06,9.478791598866934614e-23,2.558332872076200231e-19,-5.159245607376402448e-03,-6.907657973066337925e-27
1.508950000211287443e+04,0.000000000000000000e+00,1.371589514479172855e+01,9.999999458780512214e+02,1.012018854436277735e+02,6.196828253810789500e-15,7.087547568812877086e-28,2.142629999989206699e-06,1.494854727391318257e-22,-9.760858899189717164e+00,8.999999999999998579e+01,-1.753074089014054524e-06,0.000000000000000000e+00,2.558332872076200231e-19,-5.095214618355116062e-03,-7.827709313363383701e-27
1.509950000211491169e+04,0.000000000000000000e+00,1.372498483970665539e+01,9.999999469593167305e+02,1.012018854405064872e+02,6.196828253619667436e-15,0.000000000000000000e+00,-1.203847280561588056e-05,-7.199635413610115385e-22,-9.760795447063909336e+00,8.999999999999998579e+01,-1.646977930512487177e-06,0.000000000000000000e+00,2.558332872076200231e-19,-5.131138246512728998e-03,-7.353975833860603452e-27
1.510950000211694896e+04,0.000000000000000000e+00,1.373407453462163197e+01,9.999999480424448848e+02,1.012018853834152026e+02,6.196828250123833490e-15,4.235161178819096055e-22,1.740627703578465185e-05,1.085653042363506604e-21,-9.760982347600442921e+00,8.999999999999998579e+01,-1.900564866287746505e-06,0.000000000000000000e+00,2.558332872076199750e-19,-5.025323896744834581e-03,-8.486275279363027587e-27
1.511950000211898623e+04,0.000000000000000000e+00,1.374316422953665651e+01,9.999999491237103939e+02,1.012018853930951252e+02,6.196828250716558330e-15,0.000000000000000000e+00,1.676006512134621101e-05,1.043815891372954110e-21,-9.760802353959974198e+00,8.999999999999998579e+01,-1.683171954685713985e-06,0.000000000000000000e+00,2.558332872076200231e-19,-5.127227884137582417e-03,-7.515586972764726336e-27
1.512950000212102350e+04,0.000000000000000000e+00,1.375225392445172190e+01,9.999999502124264836e+02,1.012018854054935417e+02,6.196828251475742288e-15,0.000000000000000000e+00,1.759774819567561604e-05,1.096516714043639952e-21,-9.760922351444046186e+00,8.999999999999998579e+01,-1.818081105344251948e-06,0.000000000000000000e+00,2.558332872076199750e-19,-5.059290911735295042e-03,-8.117974300080535586e-27
1.513950000212306077e+04,0.000000000000000000e+00,1.376134361936689032e+01,9.999999512955546379e+02,1.012018854254359752e+02,6.196828252696864260e-15,4.235161158251779378e-22,-1.041410615755928416e-05,-6.192994036600723023e-22,-9.760915429213399719e+00,8.999999999999998579e+01,-1.762028411969854276e-06,0.000000000000000000e+00,2.558332872076200231e-19,-5.063209952593296717e-03,-7.867691558058697155e-27
1.514950000212509804e+04,0.000000000000000000e+00,1.377043331428206052e+01,9.999999523796141148e+02,1.012018853941551555e+02,6.196828250781465805e-15,4.235161151382837384e-22,1.781511984757030856e-05,1.109587106660207655e-21,-9.760862395569514405e+00,8.999999999999998579e+01,-1.794855663638247330e-06,0.000000000000000000e+00,2.558332872076200231e-19,-5.093235124065953467e-03,-8.014269609281462680e-27
1.515950000212713530e+04,0.000000000000000000e+00,1.377952300919727513e+01,9.999999534655369189e+02,1.012018853147548896e+02,6.196828245919603239e-15,0.000000000000000000e+00,5.971521939222692655e-05,3.672244636257750421e-21,-9.760692759142623132e+00,8.999999999999998579e+01,-1.509112593875658347e-06,0.000000000000000000e+00,2.558332872076200231e-19,-5.189275347527311753e-03,-6.738388742393740658e-27
1.516950000212917257e+04,0.000000000000000000e+00,1.378861270411253059e+01,9.999999545551841038e+02,1.012018853504747113e+02,6.196828248106810818e-15,-3.598646301808487440e-28,4.635264113354101167e-05,2.855980639972945697e-21,-9.760809295414578202e+00,8.999999999999998579e+01,-1.696818917599384348e-06,0.000000000000000000e+00,2.558332872076200231e-19,-5.123297950157579966e-03,-7.576522479922064613e-27
1.517950000213120984e+04,0.000000000000000000e+00,1.379770239902781981e+01,9.999999556411057711e+02,1.012018854481545986e+02,6.196828254087978656e-15,0.000000000000000000e+00,4.924328239334173200e-06,3.219580553732229639e-22,-9.760978885001765804e+00,8.999999999999998579e+01,-1.958302346514739585e-06,-1.895758319773387158e-22,2.558332872076199750e-19,-5.027284239600394132e-03,-8.744080819091896445e-27
1.518950000213324711e+04,0.000000000000000000e+00,1.380679209394317652e+01,9.999999567270278931e+02,1.012018854420852563e+02,6.196828253716338395e-15,4.235164736271501695e-22,-8.935717339055565528e-06,-5.286496241499815228e-22,-9.760975410986318934e+00,8.999999999999998579e+01,-1.773879471202235297e-06,0.000000000000000000e+00,2.558332872076200231e-19,-5.029251063966538871e-03,-7.920608116068351934e-27
1.519950000213528438e+04,0.000000000000000000e+00,1.381588178885855278e+01,9.999999578148126602e+02,1.012018853847621358e+02,6.196828250206309686e-15,0.000000000000000000e+00,1.911915460454778967e-05,1.188231764324509865e-21,-9.760862329765638279e+00,8.999999999999998579e+01,-1.679643759080754428e-06,0.000000000000000000e+00,2.558332872076200231e-19,-5.093272370460611223e-03,-7.499833109440075268e-27
1.520950000213732164e+04,0.000000000000000000e+00,1.382497148377399832e+01,9.999999589007347822e+02,1.012018853318843554e+02,6.196828246968479010e-15,4.235161110030908257e-22,1.958045101334497963e-05,1.217770120626910136e-21,-9.760922360714161528e+00,8.999999999999998579e+01,-1.803596507924055889e-06,0.000000000000000000e+00,2.558332872076200231e-19,-5.059285654897174855e-03,-8.053298643280340366e-27
1.521950000213935891e+04,0.000000000000000000e+00,1.383406117868947405e+01,9.999999599847942591e+02,1.012018853418486941e+02,6.196828247578618744e-15,3.633155627845267467e-28,4.807143249044171511e-05,2.962995955027700454e-21,-9.760929339816694750e+00,8.999999999999998579e+01,-1.866365958205484692e-06,0.000000000000000000e+00,2.558332872076199750e-19,-5.055334409314490157e-03,-8.333572599550483485e-27
1.522950000214139618e+04,0.000000000000000000e+00,1.384315087360500307e+01,9.999999610735103488e+02,1.012018853588953959e+02,6.196828248622428450e-15,3.640077247050357997e-28,4.793436126426229199e-05,2.953287259446959250e-21,-9.760809329709431381e+00,8.999999999999998579e+01,-1.740331509036462798e-06,0.000000000000000000e+00,2.558332872076200231e-19,-5.123278521792879077e-03,-7.770811996477609875e-27
1.523950000214343345e+04,0.000000000000000000e+00,1.385224056852058538e+01,9.999999621566385031e+02,1.012018853813243595e+02,6.196828249995806887e-15,3.647005450905692847e-28,3.407790844557925905e-05,2.104375458675081396e-21,-9.760805851558096435e+00,8.999999999999998579e+01,-1.697311074223695659e-06,0.000000000000000000e+00,2.558332872076200231e-19,-5.125247685144792772e-03,-7.578720024803881972e-27
1.524950000214547072e+04,0.000000000000000000e+00,1.386133026343623342e+01,9.999999632406979799e+02,1.012018853526930826e+02,6.196828248242646355e-15,4.235161082331262209e-22,3.451826760705288137e-05,2.131842255193259133e-21,-9.760865844857944396e+00,8.999999999999998579e+01,-1.745479214295760444e-06,0.000000000000000000e+00,2.558332872076200231e-19,-5.091282282313347972e-03,-7.793797186124280422e-27
1.525950000214750798e+04,0.000000000000000000e+00,1.387041995835190100e+01,9.999999643219634891e+02,1.012018854998140114e+02,6.196828257251205968e-15,4.235164736271501695e-22,-2.173135641767527985e-05,-1.312744647770398402e-21,-9.760851903620169523e+00,8.999999999999998579e+01,-1.717604348885881873e-06,0.000000000000000000e+00,2.558332872076200231e-19,-5.099175146499932906e-03,-7.669332199193598394e-27
1.526950000214954525e+04,0.000000000000000000e+00,1.387950965326762720e+01,9.999999654060234207e+02,1.012018853705588697e+02,6.196828249336610260e-15,0.000000000000000000e+00,3.487760113894170340e-05,2.153131776569452024e-21,-9.760805862572535574e+00,8.999999999999998579e+01,-1.677108957881964575e-06,0.000000000000000000e+00,2.558332872076200231e-19,-5.125241444565612620e-03,-7.488514884457099240e-27
1.527950000215158252e+04,0.000000000000000000e+00,1.388859934818338537e+01,9.999999664900824428e+02,1.012018855287386003e+02,6.196828259022325707e-15,0.000000000000000000e+00,-3.504933211508885771e-05,-2.127198997011217961e-21,-9.760968397840425581e+00,8.999999999999998579e+01,-1.816942118752600867e-06,0.000000000000000000e+00,2.558332872076199750e-19,-5.033221555462549270e-03,-8.112888573238110928e-27
1.528950000215361979e+04,0.000000000000000000e+00,1.389768904309918973e+01,9.999999675741419196e+02,1.012018855247973619e+02,6.196828258780995012e-15,0.000000000000000000e+00,-4.905340376525690540e-05,-2.986368792389549945e-21,-9.760904876645108530e+00,8.999999999999998579e+01,-1.657033080358204845e-06,0.000000000000000000e+00,2.558332872076200231e-19,-5.069184287595570639e-03,-7.398873417247313394e-27
1.529950000215565706e+04,0.000000000000000000e+00,1.390677873801503850e+01,9.999999686591327190e+02,1.012018854122734979e+02,6.196828251890894539e-15,4.235164736271501695e-22,2.165124803608172818e-05,1.345255639422074650e-21,-9.760862418756168779e+00,8.999999999999998579e+01,-1.869272660638073701e-06,0.000000000000000000e+00,2.558332872076199750e-19,-5.093221966618668994e-03,-8.346551413078867943e-27
1.530950000215769433e+04,0.000000000000000000e+00,1.391586843293093700e+01,9.999999697422608733e+02,1.012018854195243023e+02,6.196828252334878078e-15,4.235161040584254133e-22,2.228427786896012625e-05,1.384114449581309299e-21,-9.761042373647390136e+00,8.999999999999998579e+01,-1.878505086256259567e-06,0.000000000000000000e+00,2.558332872076199750e-19,-4.991339911966386975e-03,-8.387775423204447316e-27
1.531950000215973159e+04,0.000000000000000000e+00,1.392495812784686748e+01,9.999999708263203502e+02,1.012018853202980466e+02,6.196828246259023266e-15,4.235161033603373574e-22,3.631445506452491968e-05,2.241527515333635802e-21,-9.760865880675389405e+00,8.999999999999998579e+01,-1.716784677669898052e-06,0.000000000000000000e+00,2.558332872076200231e-19,-5.091261993803715240e-03,-7.665672258035684360e-27
1.532950000216176886e+04,0.000000000000000000e+00,1.393404782276284060e+01,9.999999719113111496e+02,1.012018854522616209e+02,6.196828254339460413e-15,4.235161026615907895e-22,2.254887921963141426e-05,1.398916446157231872e-21,-9.760922379402581228e+00,8.999999999999998579e+01,-1.744304357228712023e-06,0.000000000000000000e+00,2.558332872076200231e-19,-5.059275040566428919e-03,-7.788551292831330006e-27
1.533950000216380613e+04,0.000000000000000000e+00,1.394313751767887410e+01,9.999999729963019490e+02,1.012018854769112579e+02,6.196828255848815593e-15,0.000000000000000000e+00,8.532551753992362681e-06,5.420087011542913616e-22,-9.760858968587015738e+00,8.999999999999998579e+01,-1.873083552498301392e-06,0.000000000000000000e+00,2.558332872076199750e-19,-5.095175278177481448e-03,-8.363567552837854433e-27
1.534950000216584340e+04,0.000000000000000000e+00,1.395222721259493959e+01,9.999999740784987807e+02,1.012018853953916704e+02,6.196828250857180675e-15,3.723650278310149723e-28,2.287515251800913089e-05,1.418387070939328564e-21,-9.760802385266734049e+00,8.999999999999998579e+01,-1.695640948386093929e-06,0.000000000000000000e+00,2.558332872076200231e-19,-5.127210115668938070e-03,-7.571262690481609834e-27
1.535950000216788067e+04,0.000000000000000000e+00,1.396131690751114185e+01,9.999999751839786768e+02,1.012018854886920991e+02,6.196828256570184715e-15,4.235164736271501695e-22,-5.042247824119986059e-06,-2.908475020180718633e-22,-9.760855364317322369e+00,8.999999999999998579e+01,-1.716076345554661977e-06,0.000000000000000000e+00,2.558332872076200231e-19,-5.097215842884203832e-03,-7.662509460792753512e-27
1.536950000216991793e+04,0.000000000000000000e+00,1.397040660242732457e+01,9.999999762661755085e+02,1.012018854182931875e+02,6.196828252259494530e-15,3.737671301142172492e-28,-4.719754497549262440e-06,-2.697412644341650263e-22,-9.760915395127113925e+00,8.999999999999998579e+01,-1.846399691634273366e-06,0.000000000000000000e+00,2.558332872076199750e-19,-5.063229207478968721e-03,-8.244420559843784269e-27
1.537950000217195520e+04,0.000000000000000000e+00,1.397949629734354460e+01,9.999999773483723402e+02,1.012018852417670445e+02,6.196828241450385934e-15,0.000000000000000000e+00,8.018396343728404093e-05,4.925868400665572579e-21,-9.760816428515552090e+00,8.999999999999998579e+01,-1.535424446840769881e-06,0.000000000000000000e+00,2.558332872076200231e-19,-5.119259490522524644e-03,-6.855874670568452555e-27
1.538950000217399247e+04,0.000000000000000000e+00,1.398858599225978772e+01,9.999999784342944622e+02,1.012018854654576501e+02,6.196828255147485116e-15,8.470323636234004219e-22,9.848217692067830626e-06,6.217928970367767009e-22,-9.760858874425581533e+00,8.999999999999998579e+01,-1.798725981886003815e-06,-1.895758319773386923e-22,2.558332872076200231e-19,-5.095228579488802687e-03,-8.031551095776245509e-27
1.539950000217602974e+04,0.000000000000000000e+00,1.399767568717608590e+01,9.999999795174226165e+02,1.012018855824459962e+02,6.196828262310954292e-15,4.235160977519282198e-22,-4.630649382829550315e-05,-2.815709296631232988e-21,-9.760964792691401826e+00,8.999999999999998579e+01,-1.892871092464687859e-06,-1.895758319773387158e-22,2.558332872076199750e-19,-5.035262595142911066e-03,-8.451921554447989027e-27
1.540950000217806701e+04,0.000000000000000000e+00,1.400676538209241428e+01,9.999999806014820933e+02,1.012018854233566003e+02,6.196828252569538954e-15,3.765792361427390693e-28,1.038072831729035326e-05,6.534346748100328731e-22,-9.760858873978028427e+00,8.999999999999998579e+01,-1.706217713674028430e-06,0.000000000000000000e+00,2.558332872076200231e-19,-5.095228832919369150e-03,-7.618489356295938665e-27
1.541950000218010427e+04,0.000000000000000000e+00,1.401585507700878708e+01,9.999999816883359927e+02,1.012018853829100635e+02,6.196828250092903831e-15,4.235160963432414155e-22,2.475290479931431184e-05,1.533690162194493765e-21,-9.760862398197312828e+00,8.999999999999998579e+01,-1.726698467535478315e-06,0.000000000000000000e+00,2.558332872076200231e-19,-5.093233585897587352e-03,-7.709938650282212338e-27
1.542950000218214154e+04,0.000000000000000000e+00,1.402494477192519184e+01,9.999999827761203051e+02,1.012018854049000112e+02,6.196828251439399466e-15,0.000000000000000000e+00,3.911040689738047777e-05,2.413875649430780449e-21,-9.760865989175195878e+00,8.999999999999998579e+01,-1.826593225359234824e-06,0.000000000000000000e+00,2.558332872076199750e-19,-5.091200537550578421e-03,-8.155982049744571373e-27
1.543950000218417881e+04,0.000000000000000000e+00,1.403403446684167655e+01,9.999999838601797819e+02,1.012018853763284625e+02,6.196828249689896094e-15,0.000000000000000000e+00,2.524319129628611224e-05,1.565375958387671156e-21,-9.760982400650929591e+00,8.999999999999998579e+01,-1.886215904031369577e-06,0.000000000000000000e+00,2.558332872076199750e-19,-5.025293799834914567e-03,-8.422205251635609804e-27
1.544950000218621608e+04,0.000000000000000000e+00,1.404312416175821276e+01,9.999999849395826459e+02,1.012018854666992382e+02,6.196828255223509219e-15,3.794018774182731947e-28,-1.686238851551473140e-05,-1.012892834788929747e-21,-9.760911825202825298e+00,8.999999999999998579e+01,-1.881856681797479000e-06,0.000000000000000000e+00,2.558332872076199750e-19,-5.065250312681140836e-03,-8.402740743721724635e-27
1.545950000218825335e+04,0.000000000000000000e+00,1.405221385667477918e+01,9.999999860264360905e+02,1.012018853935876308e+02,6.196828250746715694e-15,4.235160935179663221e-22,2.575702881597629194e-05,1.596500024457378201e-21,-9.760862473742541567e+00,8.999999999999998579e+01,-1.853727231007889613e-06,0.000000000000000000e+00,2.558332872076199750e-19,-5.093190807118692237e-03,-8.277138999160373013e-27
1.546950000219029062e+04,0.000000000000000000e+00,1.406130355159138112e+01,9.999999871067702770e+02,1.012018854391724574e+02,6.196828253537981678e-15,0.000000000000000000e+00,-2.179476251809136678e-06,-1.164916105646446668e-22,-9.760855338417286475e+00,8.999999999999998579e+01,-1.626117632969664675e-06,-9.478791598866934614e-23,2.558332872076200231e-19,-5.097230489877821805e-03,-7.260831826782547619e-27
1.547950000219232788e+04,0.000000000000000000e+00,1.407039324650655665e+01,9.999999881507828832e+02,1.012018854346459875e+02,6.196828253260814610e-15,4.235164736271501695e-22,-2.015536787437325810e-06,-1.035668936169796002e-22,-9.760915335329917397e+00,8.999999999999998579e+01,-1.902709602890216707e-06,0.000000000000000000e+00,2.558332872076199750e-19,-5.063263039503476150e-03,-8.495851813967624008e-27
1.548950000219436515e+04,0.000000000000000000e+00,1.407948294141940160e+01,9.999999891212210059e+02,1.012018853225000754e+02,6.196828246393858527e-15,0.000000000000000000e+00,2.661408648019782957e-05,1.646382530940193197e-21,-9.760802415209743899e+00,8.999999999999998579e+01,-1.604741030095329362e-06,0.000000000000000000e+00,2.558332872076200231e-19,-5.127193143614497406e-03,-7.165382447628461454e-27
1.549950000219640242e+04,0.000000000000000000e+00,1.408857263633228563e+01,9.999999901009723544e+02,1.012018853298346386e+02,6.196828246842970451e-15,8.470321813643120502e-22,-1.469085939163910372e-06,-7.131064650998849225e-23,-9.760915331081459811e+00,8.999999999999998579e+01,-1.787376620859692413e-06,0.000000000000000000e+00,2.558332872076200231e-19,-5.063265450928128991e-03,-7.980874687081876375e-27
1.550950000219843969e+04,0.000000000000000000e+00,1.409766233124523893e+01,9.999999910788610578e+02,1.012018853428739504e+02,6.196828247641397872e-15,4.235160899715573238e-22,5.534203745323865062e-05,3.407368582430644876e-21,-9.760809522792410320e+00,8.999999999999998579e+01,-1.787581615349610260e-06,0.000000000000000000e+00,2.558332872076200231e-19,-5.123169155998754179e-03,-7.981790014784210598e-27
1.551950000220047696e+04,0.000000000000000000e+00,1.410675202615823309e+01,9.999999920520931482e+02,1.012018853047013920e+02,6.196828245304003799e-15,-3.843668499593263258e-28,6.999432809771205207e-05,4.301328435980058512e-21,-9.760633066034474226e+00,8.999999999999997158e+01,-1.477478530155850972e-06,0.000000000000000000e+00,2.558332872076200231e-19,-5.223070729624543738e-03,-6.597138434291626208e-27
1.552950000220251422e+04,0.000000000000000000e+00,1.411584172107128943e+01,9.999999930253252387e+02,1.012018854431954225e+02,6.196828253784316117e-15,4.235160885483846206e-22,-7.558526395254607793e-07,-2.775048744319813720e-23,-9.760915325284724275e+00,8.999999999999998579e+01,-1.776544591882313063e-06,0.000000000000000000e+00,2.558332872076200231e-19,-5.063268717281944019e-03,-7.932508234893570643e-27
1.553950000220455149e+04,0.000000000000000000e+00,1.412493141598438839e+01,9.999999940032139421e+02,1.012018854175905602e+02,6.196828252216470056e-15,4.235164736271501695e-22,1.370880717810217624e-05,8.580113164901236891e-22,-9.760858875663657841e+00,8.999999999999998579e+01,-1.782006097640253818e-06,0.000000000000000000e+00,2.558332872076200231e-19,-5.095227855583956030e-03,-7.956894585564275618e-27
1.554950000220658876e+04,0.000000000000000000e+00,1.413402111089753355e+01,9.999999949783086777e+02,1.012018853981780211e+02,6.196828251027795512e-15,7.730091440615531425e-28,-2.642396702761733022e-07,3.406440738096337912e-24,-9.760915321594502814e+00,8.999999999999998579e+01,-1.877617175860791909e-06,0.000000000000000000e+00,2.558332872076199750e-19,-5.063270807192835066e-03,-8.383810785020818477e-27
1.555950000220862603e+04,0.000000000000000000e+00,1.414311080581071067e+01,9.999999959561973810e+02,1.012018854406083364e+02,6.196828253625903381e-15,4.235160864086872199e-22,-1.411100372299501366e-05,-8.454419458278302716e-22,-9.760911764043919803e+00,8.999999999999998579e+01,-1.783804063915632233e-06,0.000000000000000000e+00,2.558332872076200231e-19,-5.065284921032287523e-03,-7.964922744469301822e-27
1.556950000221066330e+04,0.000000000000000000e+00,1.415220050072394464e+01,9.999999969331547618e+02,1.012018854897301452e+02,6.196828256633745605e-15,4.235160856941378702e-22,-2.811669982474811547e-05,-1.701659576863106459e-21,-9.760968201158288338e+00,8.999999999999998579e+01,-1.916459292400441942e-06,0.000000000000000000e+00,2.558332872076199750e-19,-5.033332857822072660e-03,-8.557246009061554555e-27
1.557950000221270056e+04,0.000000000000000000e+00,1.416129019563723901e+01,9.999999979063868523e+02,1.012018853743247888e+02,6.196828249567206135e-15,4.235160849789300555e-22,3.696044528015593786e-07,4.095486605496461895e-23,-9.760975315031213739e+00,8.999999999999998579e+01,-1.756499495364347629e-06,0.000000000000000000e+00,2.558332872076200231e-19,-5.029305323165624009e-03,-7.843004208974626412e-27
1.558950000221473783e+04,0.000000000000000000e+00,1.417037989055062042e+01,9.999999988824129105e+02,1.012018854920035125e+02,6.196828256772949578e-15,4.235160842630638700e-22,-2.763920976393371528e-05,-1.672310770577518744e-21,-9.760968188756802277e+00,8.999999999999998579e+01,-1.927097402661768462e-06,0.000000000000000000e+00,2.558332872076199750e-19,-5.033339875336182399e-03,-8.604746588353105954e-27
1.559950000221677510e+04,0.000000000000000000e+00,1.417946958546398761e+01,9.999999998686835170e+02,1.012018853879938689e+02,6.196828250404196233e-15,0.000000000000000000e+00,2.952709997979200015e-05,1.825514789481103252e-21,-9.760802444610190420e+00,8.999999999999998579e+01,-1.677753640222263372e-06,0.000000000000000000e+00,2.558332872076200231e-19,-5.127176473546317392e-03,-7.491393476976913947e-27
1.560950000221881237e+04,0.000000000000000000e+00,1.418855928037742764e+01,1.000000000842846930e+03,1.012018854049577783e+02,6.196828251442935141e-15,0.000000000000000000e+00,1.058759084262226946e-06,8.476938247009850390e-23,-9.760975310136331018e+00,8.999999999999998579e+01,-1.911409829037172891e-06,0.000000000000000000e+00,2.558332872076199750e-19,-5.029308086475618896e-03,-8.534699482566275584e-27
1.561950000222084964e+04,0.000000000000000000e+00,1.419764897529092096e+01,1.000000001820735633e+03,1.012018854828440624e+02,6.196828256212095506e-15,3.915156356899863604e-28,-2.673312240115303869e-05,-1.617934751736467401e-21,-9.760908171523642096e+00,8.999999999999998579e+01,-1.821100900132886238e-06,0.000000000000000000e+00,2.558332872076199750e-19,-5.067318824513679029e-03,-8.131458086042335856e-27
1.562950000222288691e+04,0.000000000000000000e+00,1.420673867020446579e+01,1.000000002795830369e+03,1.012018853971011225e+02,6.196828250961855417e-15,4.235164736271501695e-22,1.603389086628507278e-05,9.996423701235980111e-22,-9.760858877022982938e+00,8.999999999999998579e+01,-1.711137841230728345e-06,0.000000000000000000e+00,2.558332872076200231e-19,-5.095227072427601159e-03,-7.640458381187621691e-27
1.563950000222492417e+04,0.000000000000000000e+00,1.421582836511806391e+01,1.000000003769993782e+03,1.012018853749310381e+02,6.196828249604329929e-15,0.000000000000000000e+00,3.019033545418836709e-05,1.867622522872778825e-21,-9.760922453913273955e+00,8.999999999999998579e+01,-1.821170231032719122e-06,0.000000000000000000e+00,2.558332872076199750e-19,-5.059232807216489276e-03,-8.131767657744825102e-27
1.564950000222696144e+04,0.000000000000000000e+00,1.422491806003167802e+01,1.000000004750676453e+03,1.012018854713030578e+02,6.196828255505412608e-15,0.000000000000000000e+00,-1.209386196322522662e-05,-7.210138165997150367e-22,-9.760971728162452621e+00,8.999999999999998579e+01,-1.871564160051779562e-06,0.000000000000000000e+00,2.558332872076199750e-19,-5.031336020318909717e-03,-8.356783263184140050e-27
1.565950000222899871e+04,0.000000000000000000e+00,1.423400775494531878e+01,1.000000005724839866e+03,1.012018854032938151e+02,6.196828251341047444e-15,4.235164736271501695e-22,2.698248110270948566e-06,1.836543734910408125e-22,-9.760855305278022698e+00,8.999999999999998579e+01,-1.767180253901423094e-06,0.000000000000000000e+00,2.558332872076200231e-19,-5.097249222362063535e-03,-7.890695218498055435e-27
1.566950000223103598e+04,0.000000000000000000e+00,1.424309744985906256e+01,1.000000006699003279e+03,1.012018853990053913e+02,6.196828251078456948e-15,0.000000000000000000e+00,-1.160986229009999204e-05,-6.912520178835180333e-22,-9.760971720868024448e+00,8.999999999999998579e+01,-1.883412014848152091e-06,0.000000000000000000e+00,2.558332872076199750e-19,-5.031340153239293247e-03,-8.409685512960188132e-27
1.567950000223307325e+04,0.000000000000000000e+00,1.425218714477283477e+01,1.000000007673166692e+03,1.012018853995671748e+02,6.196828251112857594e-15,-4.235162097115792141e-22,2.966809660701134076e-06,2.006625454509484389e-22,-9.760915301246178899e+00,8.999999999999998579e+01,-1.821031913455499643e-06,0.000000000000000000e+00,2.558332872076199750e-19,-5.063282305042823145e-03,-8.131150051338918473e-27
1.568950000223511051e+04,0.000000000000000000e+00,1.426127683968667270e+01,1.000000008643605383e+03,1.012018853492652823e+02,6.196828248032754923e-15,4.235160770681872911e-22,4.601619380906290900e-05,2.835665475060587073e-21,-9.760806057208805342e+00,8.999999999999998579e+01,-1.724272194966113377e-06,0.000000000000000000e+00,2.558332872076200231e-19,-5.125131176597211465e-03,-7.699105020085413412e-27
1.569950000223714778e+04,0.000000000000000000e+00,1.427036653460053905e+01,1.000000009619630873e+03,1.012018854757448310e+02,6.196828255777393705e-15,3.972820719030611624e-28,3.692112387254684088e-06,2.451931814571483972e-22,-9.760855342989373185e+00,8.999999999999998579e+01,-1.832561237452020754e-06,0.000000000000000000e+00,2.558332872076199750e-19,-5.097227858469989721e-03,-8.182630018665975305e-27
1.570950000223918505e+04,0.000000000000000000e+00,1.427945622951446403e+01,1.000000010591931641e+03,1.012018854386259932e+02,6.196828253504519776e-15,0.000000000000000000e+00,-1.091493251830335373e-05,-6.482858006469777481e-22,-9.761031705115051693e+00,8.999999999999998579e+01,-1.923091219051979314e-06,-1.895758319773387158e-22,2.558332872076199750e-19,-4.997379864516396548e-03,-8.586858444919857256e-27
1.571950000224122232e+04,0.000000000000000000e+00,1.428854592442842630e+01,1.000000011565163732e+03,1.012018854061080049e+02,6.196828251513367798e-15,0.000000000000000000e+00,3.959666995458307708e-06,2.616114349247084261e-22,-9.760915296277277164e+00,8.999999999999998579e+01,-1.835946020235767532e-06,0.000000000000000000e+00,2.558332872076199750e-19,-5.063285110769983298e-03,-8.197743524641610211e-27
1.572950000224325959e+04,0.000000000000000000e+00,1.429763561934244187e+01,1.000000012541190472e+03,1.012018853791198154e+02,6.196828249860817797e-15,0.000000000000000000e+00,1.887829872280921925e-05,1.173770786230582985e-21,-9.760798892241275837e+00,8.999999999999998579e+01,-1.707228558794579352e-06,0.000000000000000000e+00,2.558332872076200231e-19,-5.129187637932940309e-03,-7.623002914401720714e-27
1.573950000224529686e+04,0.000000000000000000e+00,1.430672531425649474e+01,1.000000013519078493e+03,1.012018853587594549e+02,6.196828248614105178e-15,0.000000000000000000e+00,3.296800684805004057e-05,2.036159164165808404e-21,-9.760862454465865312e+00,8.999999999999998579e+01,-1.672911357288305149e-06,0.000000000000000000e+00,2.558332872076200231e-19,-5.093201675568200665e-03,-7.469772038694517803e-27
1.574950000224733412e+04,0.000000000000000000e+00,1.431581500917061511e+01,1.000000014495104551e+03,1.012018854026774761e+02,6.196828251303306761e-15,4.235160727196565418e-22,-9.693233737962480667e-06,-5.741253902442687179e-22,-9.760971693125629400e+00,8.999999999999998579e+01,-1.861073812376468385e-06,0.000000000000000000e+00,2.558332872076199750e-19,-5.031355845669323139e-03,-8.309942463520826432e-27
1.575950000224937139e+04,0.000000000000000000e+00,1.432490470408479233e+01,1.000000015470199287e+03,1.012018853946382535e+02,6.196828250811048089e-15,4.235164736271501695e-22,4.944240700819197611e-06,3.223647204941139549e-22,-9.760915292105625696e+00,8.999999999999998579e+01,-1.880573533230977694e-06,-1.895758319773387158e-22,2.558332872076199750e-19,-5.063287466751898065e-03,-8.397011314459506676e-27
1.576950000225140866e+04,0.000000000000000000e+00,1.433399439899901751e+01,1.000000016435981365e+03,1.012018853344999343e+02,6.196828247128637495e-15,4.235164736271501695e-22,3.372727088799666275e-05,2.083263439571296013e-21,-9.760862498209464277e+00,8.999999999999998579e+01,-1.731672172152696044e-06,0.000000000000000000e+00,2.558332872076200231e-19,-5.093176907085059449e-03,-7.732146903885468263e-27
1.577950000225344593e+04,0.000000000000000000e+00,1.434308409391327821e+01,1.000000017409212887e+03,1.012018854515764872e+02,6.196828254297508790e-15,4.235164736271501695e-22,1.987548533682941961e-05,1.235689810779569613e-21,-9.760858896927175010e+00,8.999999999999998579e+01,-1.789518044832011875e-06,0.000000000000000000e+00,2.558332872076200231e-19,-5.095215772946739760e-03,-7.990436430351615801e-27
1.578950000225548320e+04,0.000000000000000000e+00,1.435217378882759576e+01,1.000000018384307623e+03,1.012018854587136900e+02,6.196828254734536943e-15,-2.389431535517381999e-25,7.067829476532568682e-06,4.489660129416795048e-22,-9.760675296950530822e+00,8.999999999999998579e+01,-1.551703870818702197e-06,0.000000000000000000e+00,2.558332872076200231e-19,-5.199161500220841198e-03,-6.928564467016199992e-27
1.579950000225752046e+04,0.000000000000000000e+00,1.436126348374196837e+01,1.000000019359402359e+03,1.012018854189667110e+02,6.196828252300736967e-15,-4.235160690777740334e-22,2.040651669366657902e-05,1.267164397257344893e-21,-9.760858889357745483e+00,8.999999999999998579e+01,-1.689656333250326601e-06,0.000000000000000000e+00,2.558332872076200231e-19,-5.095220057961005050e-03,-7.544540586761802621e-27
1.580950000225955773e+04,0.000000000000000000e+00,1.437035317865649198e+01,1.000000020338222384e+03,1.012018854411154081e+02,6.196828253656952157e-15,8.470321366948444620e-22,5.851862187751226729e-06,3.768877575540901219e-22,-9.760975285461503503e+00,8.999999999999998579e+01,-1.779642641442123952e-06,0.000000000000000000e+00,2.558332872076200231e-19,-5.029322018697785640e-03,-7.946341438832052402e-27
1.581950000226159500e+04,0.000000000000000000e+00,1.437944287357095696e+01,1.000000021310523152e+03,1.012018854124580116e+02,6.196828251902193394e-15,-4.060107381311734275e-28,6.074458155316154164e-06,3.911279411465216945e-22,-9.760975284633078175e+00,8.999999999999998579e+01,-1.838243144070108333e-06,0.000000000000000000e+00,2.558332872076199750e-19,-5.029322488612490011e-03,-8.208000488534183960e-27
1.582950000226363227e+04,0.000000000000000000e+00,1.438853256848546636e+01,1.000000022285617888e+03,1.012018853328718535e+02,6.196828247028945987e-15,-4.067424067646754638e-28,3.450513554739499992e-05,2.132292463202397644e-21,-9.760982516027814526e+00,8.999999999999998579e+01,-1.865699966149902034e-06,0.000000000000000000e+00,2.558332872076199750e-19,-5.025228415335190359e-03,-8.330598856313512841e-27
1.583950000226566954e+04,0.000000000000000000e+00,1.439762226339999174e+01,1.000000023268163204e+03,1.012018853700239873e+02,6.196828249303859121e-15,4.074747338229146685e-28,7.728190065720726606e-06,4.909679322398076275e-22,-9.760795289826857513e+00,8.999999999999998579e+01,-1.701801706445130002e-06,0.000000000000000000e+00,2.558332872076200231e-19,-5.131227139191550136e-03,-7.598771295815694746e-27
1.584950000226770680e+04,0.000000000000000000e+00,1.440671195831459528e+01,1.000000024242326617e+03,1.012018854172352462e+02,6.196828252194714061e-15,4.235160654194308425e-22,2.048629125172626169e-05,1.274314490678630591e-21,-9.761038900685758080e+00,8.999999999999998579e+01,-1.906630117937944538e-06,0.000000000000000000e+00,2.558332872076199750e-19,-4.993306045628238474e-03,-8.513357435860386693e-27
1.585950000226974407e+04,0.000000000000000000e+00,1.441580165322923968e+01,1.000000025222077966e+03,1.012018854698487900e+02,6.196828255416364412e-15,0.000000000000000000e+00,-2.198790596087350825e-05,-1.324748060995560599e-21,-9.761088031654649555e+00,8.999999999999998579e+01,-2.072797461368776844e-06,-1.895758319773387158e-22,2.558332872076199750e-19,-4.965490381239988718e-03,-9.255316757432420701e-27
1.586950000227178134e+04,0.000000000000000000e+00,1.442489134814395690e+01,1.000000026194378734e+03,1.012018854652600055e+02,6.196828255135383201e-15,0.000000000000000000e+00,8.508944670679670683e-06,5.383927767430840288e-22,-9.760795288309420670e+00,8.999999999999998579e+01,-1.665254275741366231e-06,0.000000000000000000e+00,2.558332872076200231e-19,-5.131227984391021311e-03,-7.435582149679690898e-27
1.587950000227381861e+04,0.000000000000000000e+00,1.443398104305870788e+01,1.000000027167610824e+03,1.012018854143806834e+02,6.196828252019923784e-15,4.104106262898142918e-28,2.330473708650429197e-05,1.444062441983019413e-21,-9.760738917714551377e+00,8.999999999999998579e+01,-1.635343677670793107e-06,0.000000000000000000e+00,2.558332872076200231e-19,-5.163142384043198189e-03,-7.302027345263540610e-27
1.588950000227585588e+04,0.000000000000000000e+00,1.444307073797352103e+01,1.000000028135254979e+03,1.012018853689486946e+02,6.196828249238016057e-15,0.000000000000000000e+00,2.359241633145717725e-05,1.460969739797352569e-21,-9.760738919499347688e+00,8.999999999999998579e+01,-1.567473904131944671e-06,0.000000000000000000e+00,2.558332872076200231e-19,-5.163141376069699251e-03,-6.998979766296302372e-27
1.589950000227789315e+04,0.000000000000000000e+00,1.445216043288838925e+01,1.000000029104761779e+03,1.012018854450181067e+02,6.196828253895924158e-15,4.235164736271501695e-22,-5.211018396533895014e-06,-3.011702728381670877e-22,-9.760851620467086320e+00,8.999999999999998579e+01,-1.717165409954218441e-06,0.000000000000000000e+00,2.558332872076200231e-19,-5.099335345773689174e-03,-7.667372278397942836e-27
1.590950000227993041e+04,0.000000000000000000e+00,1.446125012780327879e+01,1.000000030078925192e+03,1.012018854156385999e+02,6.196828252096946585e-15,-4.235160610076910818e-22,2.273859723663469110e-05,1.413009325430500771e-21,-9.760918995847275070e+00,8.999999999999998579e+01,-1.981661957681975849e-06,0.000000000000000000e+00,2.558332872076199750e-19,-5.061190553196897278e-03,-8.848384594406471922e-27
1.591950000228196768e+04,0.000000000000000000e+00,1.447033982271818608e+01,1.000000031054020496e+03,1.012018853281426516e+02,6.196828246739366193e-15,0.000000000000000000e+00,2.349321753295849092e-05,1.456003155006989988e-21,-9.760858888473004313e+00,8.999999999999998579e+01,-1.673632015773381886e-06,0.000000000000000000e+00,2.558332872076200231e-19,-5.095220546640861180e-03,-7.472989874820633635e-27
1.592950000228400495e+04,0.000000000000000000e+00,1.447942951763317510e+01,1.000000032028183909e+03,1.012018853641578602e+02,6.196828248944660774e-15,4.140953063494516793e-28,2.374235406630845882e-05,1.471738876142915231e-21,-9.760858922072658928e+00,8.999999999999998579e+01,-1.719713881187714870e-06,0.000000000000000000e+00,2.558332872076200231e-19,-5.095201519072341256e-03,-7.678751541906704885e-27
1.593950000228604222e+04,0.000000000000000000e+00,1.448851921254817654e+01,1.000000033004209968e+03,1.012018854055317121e+02,6.196828251478079683e-15,0.000000000000000000e+00,2.446910103657179130e-05,1.516335734413436172e-21,-9.760798926974450396e+00,8.999999999999998579e+01,-1.728949829478825921e-06,0.000000000000000000e+00,2.558332872076200231e-19,-5.129167935244621779e-03,-7.719991281236109748e-27
1.594950000228807949e+04,0.000000000000000000e+00,1.449760890746323128e+01,1.000000033980235457e+03,1.012018853958152533e+02,6.196828250883118422e-15,4.235164736271501695e-22,1.016948144478707469e-05,6.405368904245499114e-22,-9.760855283260523763e+00,8.999999999999998579e+01,-1.709799426030336650e-06,0.000000000000000000e+00,2.558332872076200231e-19,-5.097261638682982869e-03,-7.634482179043680542e-27
1.595950000229011675e+04,0.000000000000000000e+00,1.450669860237835884e+01,1.000000034954399439e+03,1.012018852787721386e+02,6.196828243716295010e-15,4.163140154068776222e-28,6.727818831307262983e-05,4.137029896097037565e-21,-9.760809866733726636e+00,8.999999999999998579e+01,-1.670856749559444384e-06,0.000000000000000000e+00,2.558332872076200231e-19,-5.122974361275196148e-03,-7.460597941515567200e-27
1.596950000229215402e+04,0.000000000000000000e+00,1.451578829729352371e+01,1.000000035929494175e+03,1.012018854508246335e+02,6.196828254251470868e-15,-4.170549019255982003e-28,1.167291863641183750e-05,7.323927915179538276e-22,-9.760735289206175835e+00,8.999999999999998579e+01,-1.690297400012014772e-06,0.000000000000000000e+00,2.558332872076200231e-19,-5.165196657747172203e-03,-7.547403035241533514e-27
1.597950000229419129e+04,0.000000000000000000e+00,1.452487799220874898e+01,1.000000036904588342e+03,1.012018855174635661e+02,6.196828258331929631e-15,-4.235156380342564770e-22,-4.593651098196293464e-05,-2.793749995909155738e-21,-9.760900681227308695e+00,8.999999999999998579e+01,-1.826199641108134611e-06,0.000000000000000000e+00,2.558332872076199750e-19,-5.071559416575352128e-03,-8.154224643638783380e-27
1.598950000229622856e+04,0.000000000000000000e+00,1.453396768712400799e+01,1.000000037868507206e+03,1.012018854162806321e+02,6.196828252136261835e-15,0.000000000000000000e+00,-1.644625830898890540e-05,-9.895233879893000494e-22,-9.760787982434434795e+00,8.999999999999998579e+01,-1.679493786323139346e-06,0.000000000000000000e+00,2.558332872076200231e-19,-5.135364214532581704e-03,-7.499163461101256887e-27
1.599950000229826583e+04,0.000000000000000000e+00,1.454305738203931497e+01,1.000000038844533833e+03,1.012018853224976311e+02,6.196828246393708643e-15,4.192815119710952328e-28,4.070316021078584039e-05,2.509386438846565034e-21,-9.760742597833470313e+00,8.999999999999998579e+01,-1.633218394493469861e-06,9.478791598866934614e-23,2.558332872076200231e-19,-5.161058860044443267e-03,-7.292537672793381546e-27
1.600950000230030309e+04,0.000000000000000000e+00,1.455214707695469478e+01,1.000000039816834033e+03,1.012018853509347451e+02,6.196828248134978675e-15,4.235160536021180020e-22,3.986847307595197293e-05,2.460088652318017398e-21,-9.760862608796962547e+00,8.999999999999998579e+01,-1.806928480170011357e-06,0.000000000000000000e+00,2.558332872076200231e-19,-5.093114255032710376e-03,-8.068176343170482734e-27
1.601950000230234036e+04,0.000000000000000000e+00,1.456123677187007281e+01,1.000000040793791413e+03,1.012018853803300402e+02,6.196828249934922602e-15,4.207692107358248522e-28,-2.642442468017667197e-06,-1.443428539281158574e-22,-9.760911578210031081e+00,8.999999999999998579e+01,-1.673785054501667928e-06,1.895758319773386923e-22,2.558332872076200231e-19,-5.065390058262857556e-03,-7.473673213126880194e-27
1.602950000230437763e+04,0.000000000000000000e+00,1.457032646678551480e+01,1.000000041764229536e+03,1.012018854194928679e+02,6.196828252332953258e-15,4.235164736271501695e-22,5.502938844577862640e-05,3.388122842823733637e-21,-9.760806269288851311e+00,8.999999999999998579e+01,-1.777787928160398593e-06,0.000000000000000000e+00,2.558332872076200231e-19,-5.125011042124340971e-03,-7.938059896985097768e-27
1.603950000230641490e+04,0.000000000000000000e+00,1.457941616170104737e+01,1.000000042742118239e+03,1.012018853511106897e+02,6.196828248145752937e-15,4.235164736271501695e-22,2.597590830055227545e-05,1.610007046796979636e-21,-9.760918990222140934e+00,8.999999999999998579e+01,-1.863711050052808800e-06,-1.895758319773387158e-22,2.558332872076199750e-19,-5.061193721537234763e-03,-8.321718081020401236e-27
1.604950000230845217e+04,0.000000000000000000e+00,1.458850585661657462e+01,1.000000043720006943e+03,1.012018854008218085e+02,6.196828251189680814e-15,4.230056969710873510e-28,4.030007940977154785e-05,2.487475126135670044e-21,-9.760922610306698388e+00,8.999999999999998579e+01,-1.898754456207451600e-06,0.000000000000000000e+00,2.558332872076199750e-19,-5.059144192050847241e-03,-8.478191557211556252e-27
1.605950000231048944e+04,0.000000000000000000e+00,1.459759555153214095e+01,1.000000044693239033e+03,1.012018855096507934e+02,6.196828257853533612e-15,4.235160498746409321e-22,-2.925152247380989468e-05,-1.772826422554290922e-21,-9.760844281433309177e+00,8.999999999999998579e+01,-1.755548810757921473e-06,0.000000000000000000e+00,2.558332872076200231e-19,-5.103490331543866602e-03,-7.838759275577670807e-27
1.606950000231252670e+04,0.000000000000000000e+00,1.460668524644780497e+01,1.000000045662745833e+03,1.012018855182323023e+02,6.196828258379000172e-15,-4.235156246271904534e-22,1.199856743561649040e-05,7.555932040647867002e-22,-9.760975276317063631e+00,8.999999999999998579e+01,-2.002648401133034385e-06,0.000000000000000000e+00,2.558332872076199750e-19,-5.029327144377300149e-03,-8.942091859767181899e-27
1.607950000231456397e+04,0.000000000000000000e+00,1.461577494136349920e+01,1.000000046639703214e+03,1.012018854097573382e+02,6.196828251736825271e-15,0.000000000000000000e+00,1.291191572024172568e-05,8.082477942193194645e-22,-9.760915276053452772e+00,8.999999999999998579e+01,-1.689239574037753999e-06,0.000000000000000000e+00,2.558332872076200231e-19,-5.063296498620591113e-03,-7.542679701366182463e-27
1.608950000231660124e+04,0.000000000000000000e+00,1.462486463627924316e+01,1.000000047613866627e+03,1.012018853675365477e+02,6.196828249151547435e-15,4.259968963544837049e-28,1.440957868311378102e-05,8.990848416322669962e-22,-9.760795288986114926e+00,8.999999999999998579e+01,-1.605977035886699900e-06,0.000000000000000000e+00,2.558332872076200231e-19,-5.131227572617611671e-03,-7.170901378120398440e-27
1.609950000231863851e+04,0.000000000000000000e+00,1.463395433119502265e+01,1.000000048586167395e+03,1.012018854506577696e+02,6.196828254241251964e-15,0.000000000000000000e+00,1.275213167878632799e-05,8.004588918873908912e-22,-9.760975276718349747e+00,8.999999999999998579e+01,-1.880440834417903534e-06,0.000000000000000000e+00,2.558332872076199750e-19,-5.029326918203010782e-03,-8.396418796583917540e-27
1.610950000232067578e+04,0.000000000000000000e+00,1.464304402611091405e+01,1.000000049561262131e+03,1.012018854188421813e+02,6.196828252293110260e-15,4.235160461307036969e-22,1.492243705941665669e-05,9.317925803713936701e-22,-9.760795290196814022e+00,8.999999999999998579e+01,-1.731005047731212858e-06,0.000000000000000000e+00,2.558332872076200231e-19,-5.131226879037205889e-03,-7.729168104483926068e-27
1.611950000232271304e+04,0.000000000000000000e+00,1.465213372102680545e+01,1.000000050536357435e+03,1.012018852820613830e+02,6.196828243917703032e-15,0.000000000000000000e+00,5.743053706768209277e-05,3.534354163415614277e-21,-9.760806333456834238e+00,8.999999999999998579e+01,-1.701449044831833740e-06,-9.478791598866934614e-23,2.558332872076200231e-19,-5.124974710420643342e-03,-7.597196614738514877e-27
1.612950000232475031e+04,0.000000000000000000e+00,1.466122341594272882e+01,1.000000051509589525e+03,1.012018853193764159e+02,6.196828246202588945e-15,0.000000000000000000e+00,2.955461325992936862e-05,1.826537567827079711e-21,-9.760798974481094348e+00,8.999999999999998579e+01,-1.614299422646778441e-06,0.000000000000000000e+00,2.558332872076200231e-19,-5.129141014594676418e-03,-7.208061943529196837e-27
1.613950000232678758e+04,0.000000000000000000e+00,1.467031311085867884e+01,1.000000052483752370e+03,1.012018853644553644e+02,6.196828248962878728e-15,0.000000000000000000e+00,1.677912846716567502e-06,1.197548492867800769e-22,-9.760791606731707759e+00,8.999999999999998579e+01,-1.630802113751129184e-06,0.000000000000000000e+00,2.558332872076200231e-19,-5.133312285289637518e-03,-7.281748657435131852e-27
1.614950000232882485e+04,0.000000000000000000e+00,1.467940280577466972e+01,1.000000053456053138e+03,1.012018855863084212e+02,6.196828262547461102e-15,4.235164736271501695e-22,-4.098950871210990226e-05,-2.491878011440410865e-21,-9.760840537575491638e+00,8.999999999999998579e+01,-1.726077295832610719e-06,0.000000000000000000e+00,2.558332872076200231e-19,-5.105609907019536403e-03,-7.707165035890100119e-27
1.615950000233086212e+04,0.000000000000000000e+00,1.468849250069072632e+01,1.000000054428353906e+03,1.012018853574605686e+02,6.196828248534570644e-15,0.000000000000000000e+00,4.511847545387119698e-05,2.779239632164977986e-21,-9.760742678192604771e+00,8.999999999999998579e+01,-1.584625491852474999e-06,0.000000000000000000e+00,2.558332872076200231e-19,-5.161013333829909781e-03,-7.075563890025192425e-27
1.616950000233289938e+04,0.000000000000000000e+00,1.469758219560677759e+01,1.000000055400654674e+03,1.012018853643892697e+02,6.196828248958831872e-15,0.000000000000000000e+00,3.130707488336960295e-05,1.934216420270266223e-21,-9.760738991527436070e+00,8.999999999999998579e+01,-1.649925709489912690e-06,0.000000000000000000e+00,2.558332872076200231e-19,-5.163100549607647916e-03,-7.367138059632992631e-27
1.617950000233493665e+04,0.000000000000000000e+00,1.470667189052293011e+01,1.000000056376680732e+03,1.012018853736961717e+02,6.196828249528714456e-15,4.235164736271501695e-22,4.567558943894666629e-05,2.812971093545830968e-21,-9.760742688861515859e+00,8.999999999999998579e+01,-1.548011691663095080e-06,0.000000000000000000e+00,2.558332872076200231e-19,-5.161007288667071591e-03,-6.912078395295630571e-27
1.618950000233697392e+04,0.000000000000000000e+00,1.471576158543911994e+01,1.000000057353638681e+03,1.012018852219798930e+02,6.196828240238772892e-15,4.235164736271501695e-22,8.745836992113791290e-05,5.371720124705371263e-21,-9.760813778857610146e+00,8.999999999999998579e+01,-1.575955581466301321e-06,0.000000000000000000e+00,2.558332872076200231e-19,-5.120759464834133759e-03,-7.036851585336435971e-27
1.619950000233901119e+04,0.000000000000000000e+00,1.472485128035534530e+01,1.000000058330595493e+03,1.012018853568780088e+02,6.196828248498899932e-15,0.000000000000000000e+00,3.287642738687818179e-05,2.029072507999354002e-21,-9.760679006640085476e+00,8.999999999999998579e+01,-1.531154921693931431e-06,0.000000000000000000e+00,2.558332872076200231e-19,-5.197061185905687761e-03,-6.836810672095722227e-27
1.620950000234104846e+04,0.000000000000000000e+00,1.473394097527162216e+01,1.000000059310346842e+03,1.012018853842595263e+02,6.196828250175533856e-15,4.350337014316037499e-28,3.317198317777915136e-05,2.046557502058801080e-21,-9.760679009933340922e+00,8.999999999999997158e+01,-1.472429847497981719e-06,0.000000000000000000e+00,2.558332872076200231e-19,-5.197059317157731902e-03,-6.574595393749942954e-27
1.621950000234308573e+04,0.000000000000000000e+00,1.474303067018795232e+01,1.000000060285441577e+03,1.012018853129942073e+02,6.196828245811791197e-15,8.715820962646189313e-28,8.747115364659738788e-05,5.374919727063396818e-21,-9.760873809752066421e+00,8.999999999999998579e+01,-1.807629827959655032e-06,0.000000000000000000e+00,2.558332872076200231e-19,-5.086772763547828084e-03,-8.071307954469347918e-27
1.622950000234512299e+04,0.000000000000000000e+00,1.475212036510432334e+01,1.000000061259604990e+03,1.012018854661534562e+02,6.196828255190089916e-15,4.365490532315656912e-28,-1.152923139398778816e-05,-6.871084182469203269e-22,-9.760907877906836561e+00,8.999999999999998579e+01,-1.807345558402106155e-06,0.000000000000000000e+00,2.558332872076200231e-19,-5.067484953765720619e-03,-8.070038653030761324e-27
1.623950000234716026e+04,0.000000000000000000e+00,1.476121006002072633e+01,1.000000062233768404e+03,1.012018852775540694e+02,6.196828243641709789e-15,0.000000000000000000e+00,4.810922772764689642e-05,2.960651395668199665e-21,-9.760682728224526983e+00,8.999999999999997158e+01,-1.419843060295429498e-06,0.000000000000000000e+00,2.558332872076200231e-19,-5.194954198578116515e-03,-6.339788384437071203e-27
1.624950000234919753e+04,0.000000000000000000e+00,1.477029975493720393e+01,1.000000063204206526e+03,1.012018854468467737e+02,6.196828254007897441e-15,4.380670386230438420e-28,-9.460121149690540879e-06,-5.622448013541638551e-22,-9.760787882631042578e+00,8.999999999999998579e+01,-1.631532864818137436e-06,0.000000000000000000e+00,2.558332872076200231e-19,-5.135420671206674358e-03,-7.285011558283884226e-27
1.625950000235123480e+04,0.000000000000000000e+00,1.477938944985374192e+01,1.000000064185820520e+03,1.012018852805705933e+02,6.196828243826418414e-15,4.235160348001312347e-22,8.850318544576279338e-05,5.437285361155610791e-21,-9.760873839496493787e+00,8.999999999999998579e+01,-1.728246326533604864e-06,0.000000000000000000e+00,2.558332872076200231e-19,-5.086755919760144878e-03,-7.716850046880532085e-27
1.626950000235327207e+04,0.000000000000000000e+00,1.478847914477027992e+01,1.000000065159983933e+03,1.012018854538885790e+02,6.196828254439083290e-15,8.791753152013334452e-28,-8.930298111041146635e-06,-5.300348042729128602e-22,-9.760787876143160346e+00,8.999999999999998579e+01,-1.609367200816455083e-06,0.000000000000000000e+00,2.558332872076200231e-19,-5.135424340259557054e-03,-7.186038916094850825e-27
1.627950000235530933e+04,0.000000000000000000e+00,1.479756883968686765e+01,1.000000066135078669e+03,1.012018853539810550e+02,6.196828248321511935e-15,2.495248299968399045e-25,4.761701468361746921e-05,2.932801860174851168e-21,-9.760802739522539184e+00,8.999999999999998579e+01,-1.639337348202825509e-06,0.000000000000000000e+00,2.558332872076200231e-19,-5.127009394613188560e-03,-7.319859616137885129e-27
1.628950000235734660e+04,0.000000000000000000e+00,1.480665853460349801e+01,1.000000067111104727e+03,1.012018854906723675e+02,6.196828256691440525e-15,0.000000000000000000e+00,-2.492140505977076333e-05,-1.506399905591555084e-21,-9.760964131588494297e+00,8.999999999999998579e+01,-1.878526838942164744e-06,0.000000000000000000e+00,2.558332872076199750e-19,-5.035636735301721005e-03,-8.387872551844424724e-27
1.629950000235938387e+04,0.000000000000000000e+00,1.481574822952018522e+01,1.000000068082474172e+03,1.012018854571719828e+02,6.196828254640133958e-15,-4.418735240293713921e-28,-2.467497733734629791e-05,-1.491684909514896718e-21,-9.760964125943663916e+00,8.999999999999998579e+01,-1.842640687841731836e-06,0.000000000000000000e+00,2.558332872076199750e-19,-5.035639932486003952e-03,-8.227636107218400670e-27
1.630950000236142114e+04,0.000000000000000000e+00,1.482483792443692572e+01,1.000000069054774940e+03,1.012018854319843797e+02,6.196828253097837524e-15,4.235160309903539026e-22,3.676144957282002438e-06,2.450675557250374290e-22,-9.760971566957097778e+00,8.999999999999998579e+01,-1.914243019271387781e-06,0.000000000000000000e+00,2.558332872076199750e-19,-5.031427177948549767e-03,-8.547350054337237052e-27
1.631950000236345841e+04,0.000000000000000000e+00,1.483392761935372484e+01,1.000000070025213063e+03,1.012018854117779370e+02,6.196828251860549427e-15,0.000000000000000000e+00,-1.097412162078315032e-05,-6.515473951721815847e-22,-9.761027833393711717e+00,8.999999999999998579e+01,-1.957698718483841865e-06,0.000000000000000000e+00,2.558332872076199750e-19,-4.999571750844438237e-03,-8.741385539531909347e-27
1.632950000236549567e+04,0.000000000000000000e+00,1.484301731427054527e+01,1.000000070999376476e+03,1.012018855092244536e+02,6.196828257827427838e-15,8.883306319933723324e-28,4.134809415881548429e-06,2.735919404687576985e-22,-9.760971564633523556e+00,8.999999999999998579e+01,-1.956351629302982625e-06,0.000000000000000000e+00,2.558332872076199750e-19,-5.031428483005698053e-03,-8.735370606909822521e-27
1.633950000236753294e+04,0.000000000000000000e+00,1.485210700918742788e+01,1.000000071970745921e+03,1.012018853268570098e+02,6.196828246660643397e-15,4.235164736271501695e-22,7.645641453384176994e-05,4.700733064631550288e-21,-9.760870251585311408e+00,8.999999999999998579e+01,-1.833674573257506804e-06,0.000000000000000000e+00,2.558332872076199750e-19,-5.088787210039789378e-03,-8.187601211331540963e-27
1.634950000236957021e+04,0.000000000000000000e+00,1.486119670410426075e+01,1.000000072944909334e+03,1.012018854273380128e+02,6.196828252813330895e-15,4.235160279306809098e-22,5.122889136363411954e-05,3.152568465974443662e-21,-9.760682795340924756e+00,8.999999999999998579e+01,-1.505428357167891324e-06,0.000000000000000000e+00,2.558332872076200231e-19,-5.194916167703217576e-03,-6.721938134760700120e-27
1.635950000237160748e+04,0.000000000000000000e+00,1.487028639902118954e+01,1.000000073920935392e+03,1.012018854409331823e+02,6.196828253645792931e-15,0.000000000000000000e+00,3.991878527906406131e-06,2.651102487199281284e-22,-9.761031554067489679e+00,8.999999999999998579e+01,-1.982008765937469561e-06,-1.895758319773387158e-22,2.558332872076199750e-19,-4.997465269244015518e-03,-8.849933139461407368e-27
1.636950000237364475e+04,0.000000000000000000e+00,1.487937609393818938e+01,1.000000074894167483e+03,1.012018854421433645e+02,6.196828253719896158e-15,4.235160263968940941e-22,-2.209458844434068108e-05,-1.334624395417074689e-21,-9.760904094573321643e+00,8.999999999999998579e+01,-1.752278398967277669e-06,0.000000000000000000e+00,2.558332872076200231e-19,-5.069626879192614365e-03,-7.824156451320224870e-27
1.637950000237568202e+04,0.000000000000000000e+00,1.488846578885523364e+01,1.000000075869262787e+03,1.012018855116194516e+02,6.196828257974080236e-15,4.235164736271501695e-22,7.156759734751647374e-06,4.565746063997515861e-22,-9.760851574877611014e+00,8.999999999999998579e+01,-1.759041824662042546e-06,0.000000000000000000e+00,2.558332872076200231e-19,-5.099361068140854242e-03,-7.854356047921943748e-27
1.638950000237771746e+04,0.000000000000000000e+00,1.489755548377229921e+01,1.000000076841563555e+03,1.012018854698875145e+02,6.196828255418736516e-15,0.000000000000000000e+00,-2.246435919848379051e-06,-1.206528261515612116e-22,-9.760731589857712720e+00,8.999999999999998579e+01,-1.620279139957097680e-06,0.000000000000000000e+00,2.558332872076200231e-19,-5.167290983312574325e-03,-7.234762177805998704e-27
1.639950000237975473e+04,0.000000000000000000e+00,1.490664517868941452e+01,1.000000077817589045e+03,1.012018854403414849e+02,6.196828253609563705e-15,4.235160240919630009e-22,-3.810241437366936184e-06,-2.152954570473087771e-22,-9.760851573584870877e+00,8.999999999999998579e+01,-1.726940159357765778e-06,0.000000000000000000e+00,2.558332872076200231e-19,-5.099361803556305868e-03,-7.711017836461589416e-27
1.640950000238179200e+04,0.000000000000000000e+00,1.491573487360649430e+01,1.000000078789889812e+03,1.012018855319694950e+02,6.196828259220160189e-15,4.503050427396275443e-28,-3.355119113587641782e-05,-2.034322461308135862e-21,-9.760964065600498785e+00,8.999999999999998579e+01,-1.926404362395399465e-06,0.000000000000000000e+00,2.558332872076199750e-19,-5.035674070747986862e-03,-8.601652071252209657e-27
1.641950000238382927e+04,0.000000000000000000e+00,1.492482456852370198e+01,1.000000079764984548e+03,1.012018854524131370e+02,6.196828254348738995e-15,4.510755566959229678e-28,-3.236798602991427718e-05,-1.962630269489017457e-21,-9.760904068626288677e+00,8.999999999999998579e+01,-1.853730315457339658e-06,0.000000000000000000e+00,2.558332872076199750e-19,-5.069641560097152416e-03,-8.277152771638011125e-27
1.642950000238586654e+04,0.000000000000000000e+00,1.493391426344094164e+01,1.000000080743804574e+03,1.012018855503264234e+02,6.196828260344197837e-15,4.235160217804211625e-22,-4.712060398376865497e-05,-2.865841451825846141e-21,-9.760960304973496093e+00,8.999999999999998579e+01,-1.865811310739443607e-06,0.000000000000000000e+00,2.558332872076199750e-19,-5.037803157442149148e-03,-8.331096024736689414e-27
1.643950000238790381e+04,0.000000000000000000e+00,1.494300395835821504e+01,1.000000081717037233e+03,1.012018853080806338e+02,6.196828245510922015e-15,4.526185597632085962e-28,4.036747699445274710e-05,2.488816391859199075e-21,-9.760802837121532960e+00,8.999999999999998579e+01,-1.631734155517443214e-06,0.000000000000000000e+00,2.558332872076200231e-19,-5.126954115888787689e-03,-7.285910348067798383e-27
1.644950000238994107e+04,0.000000000000000000e+00,1.495209365327554707e+01,1.000000082694925368e+03,1.012018853633051663e+02,6.196828248892449227e-15,0.000000000000000000e+00,2.655609880770381763e-05,1.644217466730138430e-21,-9.760799089239196036e+00,8.999999999999998579e+01,-1.737633100547492131e-06,0.000000000000000000e+00,2.558332872076200231e-19,-5.129075985500807996e-03,-7.758763243151813741e-27
1.645950000239197834e+04,0.000000000000000000e+00,1.496118334819295015e+01,1.000000083667226136e+03,1.012018855960686778e+02,6.196828263145103702e-15,4.541641963656107043e-28,-4.640867973144915986e-05,-2.821591719767323944e-21,-9.760960282967070967e+00,8.999999999999998579e+01,-1.928787705103161243e-06,1.895758319773387158e-22,2.558332872076199750e-19,-5.037815607154892510e-03,-8.612294013898783684e-27
1.646950000239401561e+04,0.000000000000000000e+00,1.497027304311038165e+01,1.000000084635801613e+03,1.012018852558656761e+02,6.196828242313679021e-15,-4.235160186891479193e-22,5.424422921475000205e-05,3.338576737515869974e-21,-9.760866547932270265e+00,8.999999999999998579e+01,-1.636932360536978673e-06,0.000000000000000000e+00,2.558332872076200231e-19,-5.090884030522665506e-03,-7.309121025870399223e-27
1.647950000239605288e+04,0.000000000000000000e+00,1.497936273802781315e+01,1.000000085610896349e+03,1.012018854984852396e+02,6.196828257169840487e-15,8.470326434156464131e-22,-4.392604420148374709e-05,-2.671138061301932132e-21,-9.760840286731824023e+00,8.999999999999998579e+01,-1.778909264559177657e-06,0.000000000000000000e+00,2.558332872076200231e-19,-5.105751874965098157e-03,-7.943066813365380748e-27
1.648950000239809015e+04,0.000000000000000000e+00,1.498845243294529794e+01,1.000000086585059762e+03,1.012018854569826658e+02,6.196828254628542436e-15,-4.235160171395610489e-22,1.357718083320721775e-05,8.487562381941908742e-22,-9.760795342890737913e+00,8.999999999999998579e+01,-1.667432241984468992e-06,0.000000000000000000e+00,2.558332872076200231e-19,-5.131196978051054403e-03,-7.445307059055833609e-27
1.649950000240012741e+04,0.000000000000000000e+00,1.499754212786284846e+01,1.000000087561085820e+03,1.012018854845118625e+02,6.196828256314219073e-15,4.235160163637800104e-22,-1.529652998757108617e-05,-9.179165081491313405e-22,-9.760847854272800106e+00,8.999999999999998579e+01,-1.795184442679627134e-06,-1.895758319773386923e-22,2.558332872076200231e-19,-5.101467483634610812e-03,-8.015737651493927450e-27
1.650950000240216468e+04,0.000000000000000000e+00,1.500663182278044694e+01,1.000000088538974524e+03,1.012018854526605196e+02,6.196828254363887491e-15,4.580398095524993082e-28,6.113223596563600919e-08,2.080724260814260344e-23,-9.760791579598187440e+00,8.999999999999998579e+01,-1.635825168473871840e-06,9.478791598866934614e-23,2.558332872076200231e-19,-5.133327575966295520e-03,-7.304177265832885847e-27
1.651950000240420195e+04,0.000000000000000000e+00,1.501572151769807384e+01,1.000000089515000582e+03,1.012018853254461277e+02,6.196828246574252083e-15,4.235164736271501695e-22,2.635703778103616827e-05,1.633488228528658405e-21,-9.760919100398366410e+00,8.999999999999998579e+01,-1.877585480316068103e-06,0.000000000000000000e+00,2.558332872076199750e-19,-5.061131265514867868e-03,-8.383669260191846217e-27
1.652950000240623922e+04,0.000000000000000000e+00,1.502481121261576469e+01,1.000000090491957963e+03,1.012018854198641975e+02,6.196828252355689807e-15,4.235160140324866696e-22,4.169820900112384122e-05,2.571952655715032948e-21,-9.760862895438224385e+00,8.999999999999998579e+01,-1.790149849221661647e-06,1.895758319773386923e-22,2.558332872076200231e-19,-5.092951877211548267e-03,-7.993257521106465071e-27
1.653950000240827649e+04,0.000000000000000000e+00,1.503390090753348041e+01,1.000000091467984021e+03,1.012018855231601009e+02,6.196828258680741835e-15,0.000000000000000000e+00,-2.831879787696378050e-05,-1.715089094183209590e-21,-9.760844099672933538e+00,8.999999999999998579e+01,-1.815452751203891465e-06,0.000000000000000000e+00,2.558332872076199750e-19,-5.103593152766387232e-03,-8.106238348752387299e-27
1.654950000241031375e+04,0.000000000000000000e+00,1.504299060245126185e+01,1.000000092441216111e+03,1.012018854022948062e+02,6.196828251279876803e-15,4.235164736271501695e-22,1.411716788271205770e-05,8.823285250173969106e-22,-9.760855338611925447e+00,8.999999999999998579e+01,-1.716083910321366253e-06,0.000000000000000000e+00,2.558332872076200231e-19,-5.097230198414665243e-03,-7.662543238483698908e-27
1.655950000241235102e+04,0.000000000000000000e+00,1.505208029736908060e+01,1.000000093420036137e+03,1.012018855238166566e+02,6.196828258720943764e-15,4.619318822163613626e-28,-1.590079272955516960e-05,-9.531190025080398387e-22,-9.760967769933888150e+00,8.999999999999998579e+01,-1.967458026325276536e-06,0.000000000000000000e+00,2.558332872076199750e-19,-5.033576824826490638e-03,-8.784962148963940635e-27
1.656950000241438829e+04,0.000000000000000000e+00,1.506116999228692244e+01,1.000000094392337473e+03,1.012018854645134098e+02,6.196828255089667134e-15,0.000000000000000000e+00,5.878114383934209653e-07,5.350297088751846812e-23,-9.760851565663951845e+00,8.999999999999998579e+01,-1.678645855664310906e-06,0.000000000000000000e+00,2.558332872076200231e-19,-5.099366256673749237e-03,-7.495377337766944847e-27
1.657950000241642556e+04,0.000000000000000000e+00,1.507025968720482467e+01,1.000000095368362963e+03,1.012018854228652316e+02,6.196828252539451010e-15,4.235160101338302566e-22,-2.543538460908196399e-07,2.943263221937703028e-24,-9.760911510206875974e+00,8.999999999999998579e+01,-1.775111274880332334e-06,0.000000000000000000e+00,2.558332872076200231e-19,-5.065428459138763759e-03,-7.926108283564809668e-27
1.658950000241846283e+04,0.000000000000000000e+00,1.507934938212275888e+01,1.000000096344389590e+03,1.012018854941260173e+02,6.196828256902916778e-15,4.642750263287104406e-28,-1.185870413800936484e-05,-7.084366854946741478e-22,-9.760787795648413478e+00,8.999999999999998579e+01,-1.696768477477336630e-06,0.000000000000000000e+00,2.558332872076200231e-19,-5.135469854542625175e-03,-7.576297258058602448e-27
1.659950000242050010e+04,0.000000000000000000e+00,1.508843907704076592e+01,1.000000097319483757e+03,1.012018852935572113e+02,6.196828244621617817e-15,0.000000000000000000e+00,2.724153825368608032e-05,1.686582258403865707e-21,-9.760979124239304028e+00,8.999999999999998579e+01,-1.775288355946566914e-06,0.000000000000000000e+00,2.558332872076200231e-19,-5.027148560245284573e-03,-7.926898974112385891e-27
1.660950000242253736e+04,0.000000000000000000e+00,1.509752877195878717e+01,1.000000098297372460e+03,1.012018855563164266e+02,6.196828260710980293e-15,-4.235155419463216250e-22,-4.503560121330750309e-05,-2.736402852002718290e-21,-9.761080154823849497e+00,8.999999999999998579e+01,-2.035367400352710381e-06,0.000000000000000000e+00,2.558332872076199750e-19,-4.969949740072900947e-03,-9.088186549387416300e-27
1.661950000242457463e+04,0.000000000000000000e+00,1.510661846687686882e+01,1.000000099268741906e+03,1.012018854644279173e+02,6.196828255084433042e-15,0.000000000000000000e+00,-2.509424116532929459e-05,-1.519405098045345540e-21,-9.760783997749379992e+00,8.999999999999998579e+01,-1.646374891527568223e-06,0.000000000000000000e+00,2.558332872076200231e-19,-5.137620045670424768e-03,-7.351283184469369812e-27
1.662950000242661190e+04,0.000000000000000000e+00,1.511570816179497534e+01,1.000000100244767964e+03,1.012018856761697236e+02,6.196828268049877145e-15,0.000000000000000000e+00,-6.924674149431105476e-05,-4.222022962623151163e-21,-9.760892586404295912e+00,8.999999999999998579e+01,-1.736757406277280374e-06,0.000000000000000000e+00,2.558332872076200231e-19,-5.076142202832005165e-03,-7.754853151594618540e-27
1.663950000242864917e+04,0.000000000000000000e+00,1.512479785671311028e+01,1.000000101218931377e+03,1.012018856117934007e+02,6.196828264107966023e-15,9.363868679623049186e-28,-4.091862985971186922e-05,-2.486252883153986046e-21,-9.760900181591862790e+00,8.999999999999998579e+01,-1.849255821661871292e-06,0.000000000000000000e+00,2.558332872076199750e-19,-5.071842165659296194e-03,-8.257173560847738655e-27
1.664950000243068644e+04,0.000000000000000000e+00,1.513388755163129851e+01,1.000000102194958004e+03,1.012018852575259018e+02,6.196828242415337948e-15,4.235160046480595513e-22,8.925132676358121645e-05,5.481513857331930303e-21,-9.760754391182661749e+00,8.999999999999998579e+01,-1.576616070942032275e-06,0.000000000000000000e+00,2.558332872076200231e-19,-5.154381910131605044e-03,-7.039800758821430968e-27
1.665950000243272370e+04,0.000000000000000000e+00,1.514297724654950983e+01,1.000000103172846138e+03,1.012018855491103864e+02,6.196828260269737256e-15,4.697654056392798217e-28,-2.637440337977890856e-05,-1.595478202969360297e-21,-9.760903988295952516e+00,8.999999999999998579e+01,-1.868203382569926700e-06,0.000000000000000000e+00,2.558332872076199750e-19,-5.069686989436139254e-03,-8.341776944078919031e-27
1.666950000243476097e+04,0.000000000000000000e+00,1.515206694146779043e+01,1.000000104147940874e+03,1.012018853821362825e+02,6.196828250045521690e-15,0.000000000000000000e+00,1.602499347024271487e-05,1.000034460338966024e-21,-9.760915364678266926e+00,8.999999999999998579e+01,-1.800896808671438624e-06,0.000000000000000000e+00,2.558332872076200231e-19,-5.063246225323382761e-03,-8.041244126522939782e-27
1.667950000243679824e+04,0.000000000000000000e+00,1.516115663638609234e+01,1.000000105123035610e+03,1.012018855055097504e+02,6.196828257599968474e-15,0.000000000000000000e+00,-1.181874583133330063e-05,-7.048445281471162078e-22,-9.760907802088455654e+00,8.999999999999998579e+01,-1.806534290667892535e-06,0.000000000000000000e+00,2.558332872076200231e-19,-5.067527798362769613e-03,-8.066416234538283203e-27
1.668950000243883551e+04,0.000000000000000000e+00,1.517024633130444755e+01,1.000000106097199023e+03,1.012018855774670527e+02,6.196828262006082429e-15,4.235160014988492948e-22,-2.561333209025199251e-05,-1.549576794831196794e-21,-9.760903945664152204e+00,8.999999999999998579e+01,-1.801025572410216792e-06,0.000000000000000000e+00,2.558332872076200231e-19,-5.069711117844190318e-03,-8.041819073767651444e-27
1.669950000244087278e+04,0.000000000000000000e+00,1.517933602622289335e+01,1.000000107065774500e+03,1.012018855466098870e+02,6.196828260116625666e-15,4.729172493782484750e-28,-2.658228696210355522e-05,-1.607571669600662435e-21,-9.760963928747131035e+00,8.999999999999998579e+01,-1.929134767134086478e-06,0.000000000000000000e+00,2.558332872076199750e-19,-5.035751499756538005e-03,-8.613843692094824822e-27
1.670950000244291004e+04,0.000000000000000000e+00,1.518842572114139067e+01,1.000000108046457171e+03,1.012018855157477333e+02,6.196828258226864402e-15,0.000000000000000000e+00,-4.038093628939616212e-05,-2.452776691117075173e-21,-9.760960112021123791e+00,8.999999999999998579e+01,-1.902156432789748223e-06,0.000000000000000000e+00,2.558332872076199750e-19,-5.037912353273635464e-03,-8.493381835787898008e-27
1.671950000244494731e+04,0.000000000000000000e+00,1.519751541605982936e+01,1.000000109024345875e+03,1.012018854847504770e+02,6.196828256328830354e-15,4.237755006266228489e-22,-3.767693706643225154e-05,-2.289101560388850635e-21,-9.760840116593104909e+00,8.999999999999998579e+01,-1.720341318089684723e-06,0.000000000000000000e+00,2.558332872076200231e-19,-5.105848159677239817e-03,-7.681553131247325332e-27
1.672950000244698458e+04,0.000000000000000000e+00,1.520660511097839773e+01,1.000000109980814159e+03,1.012018854070535525e+02,6.196828251571265455e-15,4.752880450311989240e-28,-2.212135450813199761e-05,-1.337184157236220548e-21,-9.760783956913650528e+00,8.999999999999998579e+01,-1.664189130181776919e-06,0.000000000000000000e+00,2.558332872076200231e-19,-5.137643151396614760e-03,-7.430826132880896014e-27
1.673950000244902185e+04,0.000000000000000000e+00,1.521569480589669965e+01,1.000000111061148345e+03,1.012018854465306106e+02,6.196828253988538006e-15,0.000000000000000000e+00,-7.813234638935310377e-06,-4.620222296954102808e-22,-9.760787772746368773e+00,8.999999999999998579e+01,-1.572213816249019527e-06,9.478791598866934614e-23,2.558332872076200231e-19,-5.135482799124365012e-03,-7.020144105245728797e-27
1.674950000245105912e+04,0.000000000000000000e+00,1.522478450081529644e+01,1.000000112037174404e+03,1.012018854344509435e+02,6.196828253248872045e-15,0.000000000000000000e+00,2.304373902829870768e-05,1.426361828650944272e-21,-9.760675442148535552e+00,8.999999999999997158e+01,-1.470552912048070626e-06,0.000000000000000000e+00,2.558332872076200231e-19,-5.199079133860010429e-03,-6.566214626962091106e-27
1.675950000245309639e+04,0.000000000000000000e+00,1.523387419573397317e+01,1.000000112996436656e+03,1.012018855032427069e+02,6.196828257461152620e-15,4.235164736271501695e-22,-9.838228233751020407e-06,-5.827489623718340844e-22,-9.760907746645914429e+00,8.999999999999998579e+01,-1.885510055195480740e-06,0.000000000000000000e+00,2.558332872076199750e-19,-5.067559173719230967e-03,-8.419053542565731052e-27
1.676950000245513365e+04,0.000000000000000000e+00,1.524296389065264279e+01,1.000000113975256681e+03,1.012018854444921772e+02,6.196828253863718912e-15,4.235159951688271680e-22,2.104000298428381190e-05,1.306651715284416334e-21,-9.760795421284651496e+00,8.999999999999998579e+01,-1.756529767732535819e-06,0.000000000000000000e+00,2.558332872076200231e-19,-5.131152548085203893e-03,-7.843139379130805346e-27
1.677950000245717092e+04,0.000000000000000000e+00,1.525205358557135682e+01,1.000000114956870675e+03,1.012018854567030814e+02,6.196828254611421788e-15,4.235164736271501695e-22,3.278041609839561538e-05,2.026759159979499653e-21,-9.760919274235593690e+00,8.999999999999998579e+01,-1.872931030446091391e-06,0.000000000000000000e+00,2.558332872076199750e-19,-5.061032790332632703e-03,-8.362886521559109510e-27
1.678950000245920819e+04,0.000000000000000000e+00,1.526114328049013125e+01,1.000000115927308798e+03,1.012018854685736216e+02,6.196828255338283748e-15,0.000000000000000000e+00,3.660645689250150619e-06,2.433029256557397320e-22,-9.760971553540789714e+00,8.999999999999998579e+01,-1.836067299802342588e-06,0.000000000000000000e+00,2.558332872076199750e-19,-5.031434688406120730e-03,-8.198285054060562709e-27
1.679950000246124546e+04,0.000000000000000000e+00,1.527023297540892521e+01,1.000000116907991469e+03,1.012018854289948422e+02,6.196828252914782351e-15,4.235161530322995955e-22,2.183662582736295028e-05,1.355787576042337125e-21,-9.760795431574637249e+00,8.999999999999998579e+01,-1.790731017608074820e-06,0.000000000000000000e+00,2.558332872076200231e-19,-5.131146718651955277e-03,-7.995852515362251870e-27
1.680950000246328273e+04,0.000000000000000000e+00,1.527932267032774583e+01,1.000000117882154882e+03,1.012018855063007550e+02,6.196828257648403744e-15,4.238642740365006594e-22,6.776932897106806278e-06,4.328156071647025158e-22,-9.760851585056220969e+00,8.999999999999998579e+01,-1.710989069491044330e-06,0.000000000000000000e+00,2.558332872076200231e-19,-5.099355232576886429e-03,-7.639794095553836858e-27
1.681950000246531999e+04,0.000000000000000000e+00,1.528841236524662683e+01,1.000000118857249618e+03,1.012018855374058859e+02,6.196828259553043713e-15,0.000000000000000000e+00,-3.639498405037852044e-05,-2.210200228283672854e-21,-9.760900045419786508e+00,8.999999999999998579e+01,-1.759025676863498613e-06,0.000000000000000000e+00,2.558332872076200231e-19,-5.071919235734334216e-03,-7.854283945850591893e-27
1.682950000246735726e+04,0.000000000000000000e+00,1.529750206016558423e+01,1.000000119827687740e+03,1.012018854503552348e+02,6.196828254222729510e-15,4.832334907858157183e-28,-5.389054107564380872e-06,-3.139589241553649207e-22,-9.760787763662118977e+00,8.999999999999998579e+01,-1.536347640497511821e-06,0.000000000000000000e+00,2.558332872076200231e-19,-5.135487926439899833e-03,-6.859996853213325653e-27
1.683950000246939453e+04,0.000000000000000000e+00,1.530659175507977565e+01,1.000000120664015412e+03,1.012018852768960215e+02,6.196828243601414774e-15,4.840316563391147536e-28,3.426756363011834906e-05,2.117666292834508510e-21,-9.760919255707333875e+00,8.999999999999998579e+01,-1.858130565589586244e-06,0.000000000000000000e+00,2.558332872076199750e-19,-5.061043286561643650e-03,-8.296800474582890558e-27
1.684950000247143180e+04,0.000000000000000000e+00,1.531568144999111070e+01,1.000000121401622891e+03,1.012018854344057530e+02,6.196828253246105509e-15,0.000000000000000000e+00,-8.926895220062748256e-06,-5.274206353869920913e-22,-9.760967714090346803e+00,8.999999999999998579e+01,-1.839990010189114860e-06,0.000000000000000000e+00,2.558332872076199750e-19,-5.033608399841705064e-03,-8.215800478434575500e-27
1.685950000247346907e+04,0.000000000000000000e+00,1.532477114490250969e+01,1.000000122140161693e+03,1.012018854843056914e+02,6.196828256301595720e-15,4.235164736271501695e-22,-4.943855737560721981e-05,-3.008217498273742975e-21,-9.760896207470601382e+00,8.999999999999998579e+01,-1.823419797837899295e-06,0.000000000000000000e+00,2.558332872076199750e-19,-5.074092102849026703e-03,-8.141812273167692286e-27
1.686950000247550634e+04,0.000000000000000000e+00,1.533386083981396553e+01,1.000000122881494462e+03,1.012018852581911545e+02,6.196828242456072359e-15,4.864301031378517852e-28,2.100421101178166045e-05,1.305276362688148442e-21,-9.760915424195916401e+00,8.999999999999998579e+01,-1.834820816220566225e-06,-1.895758319773387158e-22,2.558332872076199750e-19,-5.063212507621898603e-03,-8.192719338838845269e-27
1.687950000247754360e+04,0.000000000000000000e+00,1.534295053472546222e+01,1.000000123622827232e+03,1.012018853228889981e+02,6.196828246417672660e-15,0.000000000000000000e+00,1.984462113872934358e-05,1.235194036597693381e-21,-9.760975410984380929e+00,8.999999999999998579e+01,-1.923139602805841033e-06,0.000000000000000000e+00,2.558332872076199750e-19,-5.029250783322490072e-03,-8.587074484825469623e-27
1.688950000247958087e+04,0.000000000000000000e+00,1.535204022963707970e+01,1.000000124359503388e+03,1.012018853867888453e+02,6.196828250330409339e-15,4.235164736271501695e-22,7.438919717786408571e-06,4.749100619133583469e-22,-9.760911578535313993e+00,8.999999999999998579e+01,-1.860472462093934968e-06,0.000000000000000000e+00,2.558332872076199750e-19,-5.065389727138627958e-03,-8.307257354410674838e-27
1.689950000248161814e+04,0.000000000000000000e+00,1.536112992454870074e+01,1.000000125101767480e+03,1.012018852869285723e+02,6.196828244215731526e-15,4.235159847926750566e-22,4.979241477781441716e-05,3.067777541291719645e-21,-9.760923144198880408e+00,8.999999999999998579e+01,-1.809075397489217195e-06,0.000000000000000000e+00,2.558332872076200231e-19,-5.058841795103590291e-03,-8.077762614965772779e-27
1.690950000248365541e+04,0.000000000000000000e+00,1.537021961946037862e+01,1.000000125841237605e+03,1.012018854834974206e+02,6.196828256252101798e-15,0.000000000000000000e+00,-3.697053255818376387e-05,-2.243231216741267333e-21,-9.761019975327069886e+00,8.999999999999998579e+01,-1.971019131688885438e-06,1.895758319773387158e-22,2.558332872076199750e-19,-5.004020517878055192e-03,-8.800862958744469955e-27
1.691950000248569268e+04,0.000000000000000000e+00,1.537930931437211335e+01,1.000000126583502265e+03,1.012018851571986175e+02,6.196828236272063138e-15,0.000000000000000000e+00,9.803016474038827731e-05,6.019867537744518702e-21,-9.760694808109951381e+00,8.999999999999998579e+01,-1.653786542748910153e-06,0.000000000000000000e+00,2.558332872076200231e-19,-5.188115028514868506e-03,-7.384377194389581608e-27
1.692950000248772994e+04,0.000000000000000000e+00,1.538839900928392090e+01,1.000000127322041067e+03,1.012018852452044229e+02,6.196828241660865067e-15,0.000000000000000000e+00,3.794244761200961532e-05,2.340711727639793812e-21,-9.760859294149470955e+00,8.999999999999998579e+01,-1.668685818191546144e-06,0.000000000000000000e+00,2.558332872076200231e-19,-5.094990710449416940e-03,-7.450904443794244264e-27
1.693950000248976721e+04,0.000000000000000000e+00,1.539748870419577820e+01,1.000000128065235913e+03,1.012018854558001948e+02,6.196828254556135260e-15,4.235154895281073713e-22,-4.884911550096789979e-05,-2.972494876756049732e-21,-9.760956094210865075e+00,8.999999999999998579e+01,-1.787785705677667420e-06,0.000000000000000000e+00,2.558332872076200231e-19,-5.040187020508837476e-03,-7.982701305283403918e-27
1.694950000249180448e+04,0.000000000000000000e+00,1.540657839910768701e+01,1.000000128806568682e+03,1.012018852668125817e+02,6.196828242983983598e-15,0.000000000000000000e+00,3.988871987220608383e-05,2.460035204188986270e-21,-9.760799354838969322e+00,8.999999999999998579e+01,-1.682948448771566124e-06,0.000000000000000000e+00,2.558332872076200231e-19,-5.128925543121061470e-03,-7.514588989087521755e-27
1.695950000249384175e+04,0.000000000000000000e+00,1.541566809401962956e+01,1.000000129549764097e+03,1.012018854306375033e+02,6.196828253015365272e-15,8.470319599323110629e-22,-1.886418125604742403e-05,-1.136492358248351411e-21,-9.760903851660000186e+00,8.999999999999998579e+01,-1.783591750496511120e-06,0.000000000000000000e+00,2.558332872076200231e-19,-5.069764310805198460e-03,-7.963974736773209542e-27
1.696950000249587902e+04,0.000000000000000000e+00,1.542475778893166272e+01,1.000000130288302898e+03,1.012018853069650675e+02,6.196828245442613760e-15,0.000000000000000000e+00,2.640064259266897438e-05,1.633712494505440454e-21,-9.760795497245867480e+00,8.999999999999998579e+01,-1.643052577264706918e-06,-9.478791598866934614e-23,2.558332872076200231e-19,-5.131109526339916981e-03,-7.336448608760167522e-27
1.697950000249791628e+04,0.000000000000000000e+00,1.543384748384370830e+01,1.000000131029635668e+03,1.012018852498044765e+02,6.196828241942537320e-15,0.000000000000000000e+00,4.069939561355091572e-05,2.508981823786960898e-21,-9.760799374052313127e+00,8.999999999999998579e+01,-1.616519086563286325e-06,0.000000000000000000e+00,2.558332872076200231e-19,-5.128914663073563980e-03,-7.217973038571140239e-27
1.698950000249995355e+04,0.000000000000000000e+00,1.544293717875581784e+01,1.000000131773762405e+03,1.012018853773556657e+02,6.196828249752794340e-15,0.000000000000000000e+00,1.141210800625861017e-05,7.178017404671312767e-22,-9.760851620358074854e+00,8.999999999999998579e+01,-1.822521303529146782e-06,0.000000000000000000e+00,2.558332872076199750e-19,-5.099335233700123468e-03,-8.137800376401494222e-27
1.699950000250199082e+04,0.000000000000000000e+00,1.545202687366800554e+01,1.000000132512301207e+03,1.012018854476011143e+02,6.196828254054086036e-15,0.000000000000000000e+00,-1.936509927046851213e-05,-1.166067628475018696e-21,-9.760963820882041730e+00,8.999999999999998579e+01,-1.888752762331511525e-06,0.000000000000000000e+00,2.558332872076199750e-19,-5.035812532237450047e-03,-8.433532661850131435e-27
1.700950000250402809e+04,0.000000000000000000e+00,1.546111656858029271e+01,1.000000133252702653e+03,1.012018854103165495e+02,6.196828251771065779e-15,0.000000000000000000e+00,-6.603581111826452967e-06,-3.839047565748225442e-22,-9.761027677591963325e+00,8.999999999999998579e+01,-1.960181868655521094e-06,0.000000000000000000e+00,2.558332872076199750e-19,-4.999659848032847985e-03,-8.752473135799030495e-27
1.701950000250606536e+04,0.000000000000000000e+00,1.547020626349256389e+01,1.000000133997760713e+03,1.012018854277657169e+02,6.196828252839519499e-15,0.000000000000000000e+00,-3.140516039652380299e-05,-1.903454121370841010e-21,-9.760899953174790866e+00,8.999999999999998579e+01,-1.874828824545615620e-06,0.000000000000000000e+00,2.558332872076199750e-19,-5.071971443931857192e-03,-8.371360424995810242e-27
1.702950000250810263e+04,0.000000000000000000e+00,1.547929595840489014e+01,1.000000134736299515e+03,1.012018853436433545e+02,6.196828247688509435e-15,0.000000000000000000e+00,2.493187795654720719e-05,1.546780083600801502e-21,-9.760915520337491103e+00,8.999999999999998579e+01,-1.930955656476293712e-06,0.000000000000000000e+00,2.558332872076199750e-19,-5.063158048095825828e-03,-8.621974205546546192e-27
1.703950000251013989e+04,0.000000000000000000e+00,1.548838565331725725e+01,1.000000135470181704e+03,1.012018853080828649e+02,6.196828245511059276e-15,-5.001332214654645793e-28,2.978165792190905266e-05,1.841280972129769836e-21,-9.760735548299136255e+00,8.999999999999998579e+01,-1.694925251310047175e-06,-9.478791598866934614e-23,2.558332872076200231e-19,-5.165049809960134235e-03,-7.568067007707664519e-27
1.704950000251217716e+04,0.000000000000000000e+00,1.549747534822969186e+01,1.000000136212445796e+03,1.012018853453264455e+02,6.196828247791570956e-15,0.000000000000000000e+00,2.699556568803596965e-05,1.670842354207572430e-21,-9.760855494733268856e+00,8.999999999999998579e+01,-1.710274201709759685e-06,0.000000000000000000e+00,2.558332872076200231e-19,-5.097141738073682378e-03,-7.636602115691463370e-27
1.705950000251421443e+04,0.000000000000000000e+00,1.550656504314219575e+01,1.000000136947259307e+03,1.012018853310915603e+02,6.196828246919935665e-15,4.235164736271501695e-22,2.725089745998539117e-05,1.686611474530682287e-21,-9.760855499134367008e+00,8.999999999999998579e+01,-1.723173464107284515e-06,0.000000000000000000e+00,2.558332872076200231e-19,-5.097139246388529034e-03,-7.694199040452019245e-27
1.706950000251625170e+04,0.000000000000000000e+00,1.551565473805478135e+01,1.000000137684866786e+03,1.012018853837450365e+02,6.196828250144030695e-15,1.005142338432313235e-27,-1.612729611940791471e-05,-9.681922075106483657e-22,-9.760903821658949653e+00,8.999999999999998579e+01,-1.852063899807314763e-06,0.000000000000000000e+00,2.558332872076199750e-19,-5.069781285971946411e-03,-8.269712003797460699e-27
1.707950000251828897e+04,0.000000000000000000e+00,1.552474443296736872e+01,1.000000138425268233e+03,1.012018853163721275e+02,6.196828246018629738e-15,4.235159702420150127e-22,-1.582472186331295631e-05,-9.510844398342971829e-22,-9.760903769823565668e+00,8.999999999999998579e+01,-1.716067749927710904e-06,0.000000000000000000e+00,2.558332872076200231e-19,-5.069810637605895280e-03,-7.662471080173494547e-27
1.708950000252032623e+04,0.000000000000000000e+00,1.553383412788002005e+01,1.000000139163807034e+03,1.012018853657954764e+02,6.196828249044937617e-15,0.000000000000000000e+00,2.030461980156032299e-05,1.259488556898100608e-21,-9.760611718678328330e+00,8.999999999999998579e+01,-1.551991877536063431e-06,-9.478791598866934614e-23,2.558332872076200231e-19,-5.235156344683157374e-03,-6.929850455371127683e-27
1.709950000252236350e+04,0.000000000000000000e+00,1.554292382279274420e+01,1.000000139905139804e+03,1.012018853825103974e+02,6.196828250068429422e-15,0.000000000000000000e+00,1.424924302618956078e-05,8.912266458613590284e-22,-9.760851634676305011e+00,8.999999999999998579e+01,-1.793851355404877862e-06,0.000000000000000000e+00,2.558332872076200231e-19,-5.099327112599906682e-03,-8.009785239247646355e-27
1.710950000252440077e+04,0.000000000000000000e+00,1.555201351770548257e+01,1.000000140639953315e+03,1.012018853415230382e+02,6.196828247558677918e-15,0.000000000000000000e+00,1.132453992265447476e-05,7.132317153301559681e-22,-9.760971593158750181e+00,8.999999999999998579e+01,-1.898533458488950978e-06,0.000000000000000000e+00,2.558332872076199750e-19,-5.031412226689762311e-03,-8.477204772962003463e-27
1.711950000252643804e+04,0.000000000000000000e+00,1.556110321261827600e+01,1.000000141377560794e+03,1.012018853484801610e+02,6.196828247984679373e-15,4.235154603319855920e-22,4.600952666840079849e-05,2.835138669216284567e-21,-9.760739491683789737e+00,8.999999999999998579e+01,-1.712882164406763046e-06,0.000000000000000000e+00,2.558332872076200231e-19,-5.162817235117278178e-03,-7.648247016508926938e-27
1.712950000252847531e+04,0.000000000000000000e+00,1.557019290753112095e+01,1.000000142120756209e+03,1.012018853727758341e+02,6.196828249472360600e-15,8.470319323246205527e-22,1.342512528832469891e-05,8.407165572415688022e-22,-9.760911619302532927e+00,8.999999999999998579e+01,-1.789225481240809091e-06,0.000000000000000000e+00,2.558332872076200231e-19,-5.065366616682255574e-03,-7.989130094948016485e-27
1.713950000253051257e+04,0.000000000000000000e+00,1.557928260244403340e+01,1.000000142859295011e+03,1.012018853456002034e+02,6.196828247808332673e-15,5.082827558881502722e-28,1.367393453418836295e-05,8.567418429289066234e-22,-9.760911621509654523e+00,8.999999999999998579e+01,-1.864988738455519232e-06,0.000000000000000000e+00,2.558332872076199750e-19,-5.065365368293838627e-03,-8.327423129924006075e-27
1.714950000253254984e+04,0.000000000000000000e+00,1.558837229735698138e+01,1.000000143601559103e+03,1.012018854286883567e+02,6.196828252896014562e-15,4.235159645258200020e-22,-9.710826094079524802e-08,1.259884420335541507e-23,-9.760907662634590309e+00,8.999999999999998579e+01,-1.777950123327753025e-06,0.000000000000000000e+00,2.558332872076200231e-19,-5.067606690001604137e-03,-7.938784120011403102e-27
1.715950000253458711e+04,0.000000000000000000e+00,1.559746199227010166e+01,1.000000144341961118e+03,1.012018854041734812e+02,6.196828251394912444e-15,5.099205628355021730e-28,-2.623379094554340971e-05,-1.588625076901949925e-21,-9.760839911245229317e+00,8.999999999999998579e+01,-1.699825565001316608e-06,0.000000000000000000e+00,2.558332872076200231e-19,-5.105964363316528067e-03,-7.589947561051032739e-27
1.716950000253662438e+04,0.000000000000000000e+00,1.560655168718317398e+01,1.000000145084224641e+03,1.012018853347036753e+02,6.196828247141112542e-15,4.235159628866963852e-22,4.029468526637581594e-07,4.300593027926616288e-23,-9.760907713502442462e+00,8.999999999999998579e+01,-1.757464948860509259e-06,0.000000000000000000e+00,2.558332872076200231e-19,-5.067577896976709247e-03,-7.847315087431435573e-27
1.717950000253866165e+04,0.000000000000000000e+00,1.561564138209629427e+01,1.000000145821832120e+03,1.012018854380214634e+02,6.196828253467502478e-15,8.470314125712910331e-22,2.302001381444919699e-06,1.595262447222889514e-22,-9.760847737462901463e+00,8.999999999999998579e+01,-1.780123312577932041e-06,0.000000000000000000e+00,2.558332872076200231e-19,-5.101533517765449548e-03,-7.948487699477853677e-27
1.718950000254069892e+04,0.000000000000000000e+00,1.562473107700946251e+01,1.000000146561302245e+03,1.012018853710855950e+02,6.196828249368863627e-15,-4.235161889221308745e-22,2.576998059004905493e-06,1.753750953224922657e-22,-9.760847737763990395e+00,8.999999999999998579e+01,-1.685233608127000224e-06,0.000000000000000000e+00,2.558332872076200231e-19,-5.101533352138352441e-03,-7.524792529988130621e-27
1.719950000254273618e+04,0.000000000000000000e+00,1.563382077192270359e+01,1.000000147301703691e+03,1.012018854341396406e+02,6.196828253229810010e-15,0.000000000000000000e+00,-2.856250210967443097e-05,-1.729794539781531090e-21,-9.760959846407549989e+00,8.999999999999998579e+01,-1.836181140447795907e-06,0.000000000000000000e+00,2.558332872076199750e-19,-5.038062669711578130e-03,-8.198793367705853939e-27
1.720950000254477345e+04,0.000000000000000000e+00,1.564291046683600861e+01,1.000000148038379848e+03,1.012018852081369431e+02,6.196828239391134749e-15,4.235154455739480320e-22,5.745252259048381089e-05,3.536229278623676978e-21,-9.760923409144417917e+00,8.999999999999998579e+01,-1.752031440170783900e-06,0.000000000000000000e+00,2.558332872076200231e-19,-5.058691762166657620e-03,-7.823053747399467088e-27
1.721950000254681072e+04,0.000000000000000000e+00,1.565200016174932962e+01,1.000000148776918650e+03,1.012018853789447235e+02,6.196828249850096389e-15,5.148497837064981289e-28,-2.296465463388563201e-05,-1.389508320221138108e-21,-9.760779912201565267e+00,8.999999999999998579e+01,-1.598176060925124286e-06,0.000000000000000000e+00,2.558332872076200231e-19,-5.139933013252864259e-03,-7.136068985842906390e-27
1.722950000254884799e+04,0.000000000000000000e+00,1.566108985666271991e+01,1.000000149515457451e+03,1.012018854065939166e+02,6.196828251543119687e-15,4.235164736271501695e-22,-1.553513248850274268e-05,-9.317346551073237288e-22,-9.761023736103622284e+00,8.999999999999998579e+01,-1.871020635383026560e-06,0.000000000000000000e+00,2.558332872076199750e-19,-5.001891306803929113e-03,-8.354356353141772585e-27
1.723950000255088526e+04,0.000000000000000000e+00,1.567017955157613862e+01,1.000000150250270963e+03,1.012018854744202798e+02,6.196828255696288548e-15,4.235169901252742138e-22,-3.816825804563494720e-05,-2.319185891287940924e-21,-9.760835949230260766e+00,8.999999999999998579e+01,-1.720358909428244394e-06,0.000000000000000000e+00,2.558332872076200231e-19,-5.108207454763253122e-03,-7.681631678917126582e-27
1.724950000255292252e+04,0.000000000000000000e+00,1.567926924648962839e+01,1.000000150990672410e+03,1.012018853854801534e+02,6.196828250250276060e-15,4.235154389805869117e-22,2.402433666429060315e-06,1.651032030485122402e-22,-9.760907715477081581e+00,8.999999999999998579e+01,-1.725256731351774985e-06,0.000000000000000000e+00,2.558332872076200231e-19,-5.067576763998203095e-03,-7.703501106185646310e-27
1.725950000255495979e+04,0.000000000000000000e+00,1.568835894140315901e+01,1.000000151732005179e+03,1.012018854269985866e+02,6.196828252792545988e-15,0.000000000000000000e+00,-3.233013118196796149e-05,-1.959021793947684422e-21,-9.761139742110374939e+00,8.999999999999998579e+01,-1.977397296355588081e-06,0.000000000000000000e+00,2.558332872076199750e-19,-4.936214120163867972e-03,-8.829342313539905172e-27
1.726950000255699706e+04,0.000000000000000000e+00,1.569744863631675713e+01,1.000000152466818690e+03,1.012018852911918145e+02,6.196828244476779010e-15,0.000000000000000000e+00,4.314596266109966687e-05,2.662563419331960962e-21,-9.760979501667755187e+00,8.999999999999998579e+01,-1.978136781456103181e-06,0.000000000000000000e+00,2.558332872076199750e-19,-5.026934781209108950e-03,-8.832644213011619137e-27
1.727950000255903433e+04,0.000000000000000000e+00,1.570653833123039789e+01,1.000000153204426169e+03,1.012018853770540971e+02,6.196828249734328684e-15,4.235164736271501695e-22,-1.087127589837884821e-05,-6.468846993223120324e-22,-9.760903777666770864e+00,8.999999999999998579e+01,-1.801169311632172628e-06,0.000000000000000000e+00,2.558332872076200231e-19,-5.069806165595215977e-03,-8.042460888539456965e-27
1.728950000256107160e+04,0.000000000000000000e+00,1.571562802614410082e+01,1.000000153935514390e+03,1.012018853623784906e+02,6.196828248835705673e-15,0.000000000000000000e+00,1.741039577937180451e-05,1.084561673903013401e-21,-9.760911659158617582e+00,8.999999999999998579e+01,-1.771808090715711330e-06,0.000000000000000000e+00,2.558332872076200231e-19,-5.065344032194738465e-03,-7.911359126292338608e-27
1.729950000256310886e+04,0.000000000000000000e+00,1.572471772105783216e+01,1.000000154678709805e+03,1.012018854784122368e+02,6.196828255940723411e-15,-4.235161259507112682e-22,-1.393965108728337979e-05,-8.327928491765526078e-22,-9.761023720307187901e+00,8.999999999999998579e+01,-1.990536110709491055e-06,1.895758319773387158e-22,2.558332872076199750e-19,-5.001900234417927006e-03,-8.888008869693524437e-27
1.730950000256514613e+04,0.000000000000000000e+00,1.573380741597170918e+01,1.000000155417248607e+03,1.012018854096862555e+02,6.196828251732472337e-15,-4.235161253978842213e-22,-8.347971116233836354e-06,-4.921490509887262780e-22,-9.760843840962161622e+00,8.999999999999998579e+01,-1.823081793770537914e-06,0.000000000000000000e+00,2.558332872076199750e-19,-5.103739520662616685e-03,-8.140303039985467970e-27
1.731950000256718340e+04,0.000000000000000000e+00,1.574289711088556665e+01,1.000000156153924763e+03,1.012018854086174002e+02,6.196828251667022914e-15,8.470319010186638192e-22,-1.165454637176659504e-05,-6.950974914624600919e-22,-9.760963743512856894e+00,8.999999999999998579e+01,-1.777067192491238341e-06,0.000000000000000000e+00,2.558332872076200231e-19,-5.035856297035732829e-03,-7.934841716221765396e-27
1.732950000256922067e+04,0.000000000000000000e+00,1.575198680579946853e+01,1.000000156894326210e+03,1.012018854609282243e+02,6.196828254870138188e-15,4.235159496789076400e-22,9.772382299668985010e-06,6.148815774879530279e-22,-9.760727804008615394e+00,8.999999999999998579e+01,-1.581270244699592313e-06,0.000000000000000000e+00,2.558332872076200231e-19,-5.169434214685029831e-03,-7.060582264575449980e-27
1.733950000257125794e+04,0.000000000000000000e+00,1.576107650071344679e+01,1.000000157631002367e+03,1.012018852519299656e+02,6.196828242072685959e-15,0.000000000000000000e+00,3.627199618887504211e-05,2.238721178266048867e-21,-9.760795682870135437e+00,8.999999999999998579e+01,-1.696986330627039200e-06,0.000000000000000000e+00,2.558332872076200231e-19,-5.131004391465420617e-03,-7.577270001389619267e-27
1.734950000257329521e+04,0.000000000000000000e+00,1.577016619562746946e+01,1.000000158366747200e+03,1.012018853763611190e+02,6.196828249691896645e-15,0.000000000000000000e+00,-2.127515509602115527e-05,-1.285845986903584644e-21,-9.760839840455188821e+00,8.999999999999998579e+01,-1.618558316505569655e-06,0.000000000000000000e+00,2.558332872076200231e-19,-5.106004419188672414e-03,-7.227078471884731361e-27
1.735950000257533247e+04,0.000000000000000000e+00,1.577925589054153122e+01,1.000000159103423357e+03,1.012018853446277404e+02,6.196828247748787874e-15,0.000000000000000000e+00,-8.838115855838834248e-06,-5.234633493162337874e-22,-9.760903718002767349e+00,8.999999999999998579e+01,-1.698335535166024336e-06,0.000000000000000000e+00,2.558332872076200231e-19,-5.069839937155438785e-03,-7.583294379367499758e-27
1.736950000257736974e+04,0.000000000000000000e+00,1.578834558545566047e+01,1.000000159840099514e+03,1.012018853808698964e+02,6.196828249967978240e-15,0.000000000000000000e+00,3.153471645617161162e-05,1.950774138126649157e-21,-9.760975613129186712e+00,8.999999999999998579e+01,-1.900919860774314030e-06,0.000000000000000000e+00,2.558332872076199750e-19,-5.029136269430889081e-03,-8.487860377030096807e-27
1.737950000257940701e+04,0.000000000000000000e+00,1.579743528036980749e+01,1.000000160574913025e+03,1.012018853287650018e+02,6.196828246777476063e-15,0.000000000000000000e+00,7.092214636479794981e-05,4.357639449718201750e-21,-9.760623717494523177e+00,8.999999999999997158e+01,-1.429406084773716391e-06,0.000000000000000000e+00,2.558332872076200231e-19,-5.228363139453146707e-03,-6.382488562508099550e-27
1.738950000258144428e+04,0.000000000000000000e+00,1.580652497528400957e+01,1.000000161327421665e+03,1.012018854374648384e+02,6.196828253433418954e-15,4.235159446825373156e-22,-8.114102664998254884e-06,-4.785789510243230770e-22,-9.760903761513080923e+00,8.999999999999998579e+01,-1.751088438911311356e-06,0.000000000000000000e+00,2.558332872076200231e-19,-5.069815291252737291e-03,-7.818843121170065794e-27
1.739950000258348155e+04,0.000000000000000000e+00,1.581561467019828804e+01,1.000000162063166499e+03,1.012018852485023217e+02,6.196828241862802415e-15,5.297796453229862449e-28,5.187348536453978155e-05,3.194138649612345002e-21,-9.760799684428077327e+00,8.999999999999998579e+01,-1.706742834902970426e-06,0.000000000000000000e+00,2.558332872076200231e-19,-5.128738888290266737e-03,-7.620834092528248126e-27
1.740950000258551881e+04,0.000000000000000000e+00,1.582470436511259848e+01,1.000000162800773978e+03,1.012018854635486633e+02,6.196828255030592496e-15,4.235159430118140597e-22,-4.961218487245871674e-05,-3.019802015270248251e-21,-9.760891840790739238e+00,8.999999999999998579e+01,-1.732037349116885844e-06,0.000000000000000000e+00,2.558332872076200231e-19,-5.076564243839822022e-03,-7.733777467671409368e-27
1.741950000258755608e+04,0.000000000000000000e+00,1.583379406002695866e+01,1.000000163534656167e+03,1.012018854106746062e+02,6.196828251792990590e-15,4.235164736271501695e-22,-9.277856506813969144e-06,-5.479187093186872979e-22,-9.760963727553145119e+00,8.999999999999998579e+01,-1.935096680007268532e-06,1.895758319773387158e-22,2.558332872076199750e-19,-5.035865319513914938e-03,-8.640464427188293352e-27
1.742950000258959335e+04,0.000000000000000000e+00,1.584288375494140588e+01,1.000000164274126291e+03,1.012018854592850516e+02,6.196828254769522135e-15,4.235159413384574143e-22,-2.302140901664911441e-05,-1.390400951612331354e-21,-9.760959753292105745e+00,8.999999999999998579e+01,-1.845718736365887271e-06,0.000000000000000000e+00,2.558332872076199750e-19,-5.038115355189650389e-03,-8.241380003868577318e-27
1.743950000259163062e+04,0.000000000000000000e+00,1.585197344985585843e+01,1.000000165010802448e+03,1.012018854564489914e+02,6.196828254595863084e-15,4.235159405007916293e-22,5.230716147935189571e-06,3.386773810506510381e-22,-9.760967699487077098e+00,8.999999999999998579e+01,-1.762757804090326870e-06,0.000000000000000000e+00,2.558332872076200231e-19,-5.033616588851284879e-03,-7.870948391030160796e-27
1.744950000259366789e+04,0.000000000000000000e+00,1.586106314477035184e+01,1.000000165749341249e+03,1.012018854580253873e+02,6.196828254692391260e-15,5.339646826335222801e-28,-1.677893982972894463e-05,-1.009915585462053278e-21,-9.760779840719820299e+00,8.999999999999998579e+01,-1.677450448241530664e-06,0.000000000000000000e+00,2.558332872076200231e-19,-5.139973445709218602e-03,-7.490039684398386247e-27
1.745950000259570515e+04,0.000000000000000000e+00,1.587015283968491275e+01,1.000000166486948729e+03,1.012018854794693823e+02,6.196828256005455759e-15,4.235164736271501695e-22,-6.401239025831360523e-06,-3.725434154757475954e-22,-9.760903753916682746e+00,8.999999999999998579e+01,-1.861633004631671187e-06,0.000000000000000000e+00,2.558332872076199750e-19,-5.069819579061772205e-03,-8.312439331423582831e-27
1.746950000259774242e+04,0.000000000000000000e+00,1.587924253459954826e+01,1.000000167222693563e+03,1.012018853781356427e+02,6.196828249800553557e-15,4.235159379838443783e-22,2.187140540970452639e-05,1.357913402193136337e-21,-9.760911716023658258e+00,8.999999999999998579e+01,-1.790345723686985209e-06,0.000000000000000000e+00,2.558332872076200231e-19,-5.065311813052967259e-03,-7.994132126684218281e-27
1.747950000259977969e+04,0.000000000000000000e+00,1.588833222951424240e+01,1.000000167958438396e+03,1.012018854569985393e+02,6.196828254629515102e-15,0.000000000000000000e+00,-2.181307373162810892e-05,-1.316615859788033251e-21,-9.760959735823494299e+00,8.999999999999998579e+01,-1.826152688870674153e-06,0.000000000000000000e+00,2.558332872076199750e-19,-5.038125238833715026e-03,-8.154014995644579309e-27
1.748950000260181696e+04,0.000000000000000000e+00,1.589742192442894719e+01,1.000000168696046444e+03,1.012018853008952561e+02,6.196828245070945100e-15,-5.373245621733010194e-28,4.418678977116588508e-05,2.722611522258704385e-21,-9.760675840031176165e+00,8.999999999999998579e+01,-1.625013368090563180e-06,0.000000000000000000e+00,2.558332872076200231e-19,-5.198853783818854248e-03,-7.255901137011516423e-27
1.749950000260385423e+04,0.000000000000000000e+00,1.590651161934372837e+01,1.000000169432722032e+03,1.012018855085776465e+02,6.196828257787823076e-15,4.235159354609723066e-22,-4.931190037548414690e-05,-3.000957476525073370e-21,-9.760951752480629295e+00,8.999999999999998579e+01,-1.775911084702108561e-06,0.000000000000000000e+00,2.558332872076200231e-19,-5.042645028260566743e-03,-7.929679540952085117e-27
1.750950000260589150e+04,0.000000000000000000e+00,1.591560131425857527e+01,1.000000170167535543e+03,1.012018854251848552e+02,6.196828252681487783e-15,5.390084518255350743e-28,-3.112716001673335235e-05,-1.888261865138326243e-21,-9.760835802008836382e+00,8.999999999999998579e+01,-1.699376066067648271e-06,0.000000000000000000e+00,2.558332872076200231e-19,-5.108290774108596374e-03,-7.587940488439857524e-27
1.751950000260792876e+04,0.000000000000000000e+00,1.592469100917344171e+01,1.000000170907936990e+03,1.012018853464061721e+02,6.196828247857684600e-15,-4.235148540729978145e-22,5.508445095462869052e-05,3.389870712777212212e-21,-9.760799786650713017e+00,8.999999999999998579e+01,-1.622106856142186115e-06,0.000000000000000000e+00,2.558332872076200231e-19,-5.128680990031063251e-03,-7.242923174020509759e-27
1.752950000260996603e+04,0.000000000000000000e+00,1.593378070408838454e+01,1.000000171643681824e+03,1.012018852720463826e+02,6.196828243304460708e-15,5.406949747255032842e-28,4.534474296606816237e-05,2.792674088286652645e-21,-9.760675868460921834e+00,8.999999999999998579e+01,-1.544331450991458766e-06,-9.478791598866934614e-23,2.558332872076200231e-19,-5.198837685700873242e-03,-6.895645630496178312e-27
1.753950000261200330e+04,0.000000000000000000e+00,1.594287039900336289e+01,1.000000172380357981e+03,1.012018853940210619e+02,6.196828250773255341e-15,0.000000000000000000e+00,-2.037053281598816151e-05,-1.228073253008370329e-21,-9.760959716039474543e+00,8.999999999999998579e+01,-1.846518803199547985e-06,0.000000000000000000e+00,2.558332872076199750e-19,-5.038136437579420097e-03,-8.244952408848153391e-27
1.754950000261404057e+04,0.000000000000000000e+00,1.595196009391841052e+01,1.000000173108652234e+03,1.012018855046663077e+02,6.196828257548321750e-15,4.235159312430193254e-22,-4.811777980016109624e-05,-2.926783915022739458e-21,-9.760951714234511911e+00,8.999999999999998579e+01,-1.877023652516441515e-06,0.000000000000000000e+00,2.558332872076199750e-19,-5.042666675316378674e-03,-8.381160624232184468e-27
1.755950000261607784e+04,0.000000000000000000e+00,1.596104978883347769e+01,1.000000173845328391e+03,1.012018853879232694e+02,6.196828250399873275e-15,4.235159303974537482e-22,-1.786669669156242684e-05,-1.075158153418219310e-21,-9.760899744682049572e+00,8.999999999999998579e+01,-1.808123019244695391e-06,0.000000000000000000e+00,2.558332872076200231e-19,-5.072089416321104438e-03,-8.073510119249134551e-27
1.756950000261811510e+04,0.000000000000000000e+00,1.597013948374860348e+01,1.000000174582004547e+03,1.012018853876734141e+02,6.196828250384575685e-15,4.235164736271501695e-22,2.639408863405242066e-05,1.634129625250052734e-21,-9.760851788406858631e+00,8.999999999999998579e+01,-1.721502271405744699e-06,0.000000000000000000e+00,2.558332872076200231e-19,-5.099240016042759678e-03,-7.686736942440163183e-27
1.757950000262015237e+04,0.000000000000000000e+00,1.597922917866378967e+01,1.000000175319612026e+03,1.012018853439394235e+02,6.196828247706639036e-15,0.000000000000000000e+00,2.257363728839512638e-05,1.400808765845066681e-21,-9.760971721452900596e+00,8.999999999999998579e+01,-1.780333704082067537e-06,0.000000000000000000e+00,2.558332872076200231e-19,-5.031339531343464143e-03,-7.949427125567538445e-27
1.758950000262218964e+04,0.000000000000000000e+00,1.598831887357899184e+01,1.000000176059082150e+03,1.012018853607894613e+02,6.196828248738406780e-15,-5.457703428580971506e-28,2.280565850060755370e-05,1.415541380720381684e-21,-9.760971725181708081e+00,8.999999999999998579e+01,-1.830974393540271168e-06,0.000000000000000000e+00,2.558332872076199750e-19,-5.031337417432423138e-03,-8.175544549235621237e-27
1.759950000262422691e+04,0.000000000000000000e+00,1.599740856849427217e+01,1.000000176796689630e+03,1.012018853821961528e+02,6.196828250049188315e-15,0.000000000000000000e+00,1.111958319725106750e-05,7.005203244772146693e-22,-9.760907754678573411e+00,8.999999999999998579e+01,-1.882744868539948259e-06,-1.895758319773387158e-22,2.558332872076199750e-19,-5.067554524848774840e-03,-8.406706615831523879e-27
1.760950000262626418e+04,0.000000000000000000e+00,1.600649826340884729e+01,1.000000177510082722e+03,1.012018852320566680e+02,6.196828240855797015e-15,0.000000000000000000e+00,5.332116287456923254e-05,3.284040515097575095e-21,-9.760919794402205696e+00,8.999999999999998579e+01,-1.827232673828450202e-06,1.895758319773387158e-22,2.558332872076199750e-19,-5.060738206794849862e-03,-8.158837272332856333e-27
1.761950000262830144e+04,0.000000000000000000e+00,1.601558795832422177e+01,1.000000178247690201e+03,1.012018853661568727e+02,6.196828249067065955e-15,4.235170219440642439e-22,1.369653493176553551e-05,8.566947450492234377e-22,-9.760847785295053924e+00,8.999999999999998579e+01,-1.727834279853315541e-06,0.000000000000000000e+00,2.558332872076200231e-19,-5.101506386944787419e-03,-7.715010203569259087e-27
1.762950000263033871e+04,0.000000000000000000e+00,1.602467765323963178e+01,1.000000178988091648e+03,1.012018854654822917e+02,6.196828255148992629e-15,0.000000000000000000e+00,1.391899695640440363e-05,8.722294767810397259e-22,-9.760847900229840945e+00,8.999999999999998579e+01,-1.910915663199786649e-06,0.000000000000000000e+00,2.558332872076199750e-19,-5.101441305832652567e-03,-8.532492966280456301e-27
1.763950000263237598e+04,0.000000000000000000e+00,1.603376734815508797e+01,1.000000179727561772e+03,1.012018855050472865e+02,6.196828257571650734e-15,0.000000000000000000e+00,-4.001470252842529079e-06,-2.244768759695909331e-22,-9.760963705438211235e+00,8.999999999999998579e+01,-1.969151056022852995e-06,0.000000000000000000e+00,2.558332872076199750e-19,-5.035877802890813097e-03,-8.792521752071742965e-27
1.764950000263441325e+04,0.000000000000000000e+00,1.604285704307060101e+01,1.000000180460512638e+03,1.012018853086482437e+02,6.196828245545677648e-15,8.470323963848903718e-22,1.027544718263079154e-05,6.479080372265800213e-22,-9.760967726271225331e+00,8.999999999999998579e+01,-1.794509959083106800e-06,0.000000000000000000e+00,2.558332872076200231e-19,-5.033601411203501332e-03,-8.012725992395617082e-27
1.765950000263645052e+04,0.000000000000000000e+00,1.605194673798617799e+01,1.000000181194395395e+03,1.012018852285596466e+02,6.196828240641667033e-15,5.517215586178410258e-28,6.092696929573574946e-05,3.747434140473773621e-21,-9.760739952010155207e+00,8.999999999999998579e+01,-1.604128583628477959e-06,0.000000000000000000e+00,2.558332872076200231e-19,-5.162556560752894208e-03,-7.162647792577341716e-27
1.766950000263848779e+04,0.000000000000000000e+00,1.606103643290178340e+01,1.000000181928277016e+03,1.012018852817267458e+02,6.196828243897212370e-15,3.684234270662778954e-28,4.296806871881761605e-05,2.648453700656701977e-21,-9.760855848824384395e+00,8.999999999999998579e+01,-1.669782418473262980e-06,0.000000000000000000e+00,2.558332872076200231e-19,-5.096941193586798299e-03,-7.455800910117044399e-27
1.767950000264052505e+04,0.000000000000000000e+00,1.607012612781745986e+01,1.000000182665884495e+03,1.012018855072629151e+02,6.196828257707319032e-15,4.235159201993194417e-22,-6.864749325380300462e-05,-4.185598794805811375e-21,-9.760823640296150572e+00,8.999999999999998579e+01,-1.710965298945134521e-06,0.000000000000000000e+00,2.558332872076200231e-19,-5.115176139680943819e-03,-7.639687956900161556e-27
1.768950000264256232e+04,0.000000000000000000e+00,1.607921582273315408e+01,1.000000183402560651e+03,1.012018854577044067e+02,6.196828254672735213e-15,4.235164736271501695e-22,-6.296572888934658613e-07,-1.977031144677856670e-23,-9.760903742143488770e+00,8.999999999999998579e+01,-1.800876933639553135e-06,0.000000000000000000e+00,2.558332872076200231e-19,-5.069826216725472137e-03,-8.041155381858254299e-27
1.769950000264459959e+04,0.000000000000000000e+00,1.608830551764890160e+01,1.000000184138305485e+03,1.012018855159932542e+02,6.196828258241897724e-15,4.235159184904142014e-22,-2.618141129242616477e-05,-1.584997211052032334e-21,-9.760835716468337253e+00,8.999999999999998579e+01,-1.740107361985507156e-06,0.000000000000000000e+00,2.558332872076200231e-19,-5.108339170222837497e-03,-7.769811150039158902e-27
1.770950000264663686e+04,0.000000000000000000e+00,1.609739521256470951e+01,1.000000184871256351e+03,1.012018855874159300e+02,6.196828262615276319e-15,1.111984352173879466e-27,-5.605477656241637026e-05,-3.413393292985914297e-21,-9.760887602991632050e+00,8.999999999999998579e+01,-1.818670436659760486e-06,0.000000000000000000e+00,2.558332872076199750e-19,-5.078963438045517968e-03,-8.120605742902020250e-27
1.771950000264867413e+04,0.000000000000000000e+00,1.610648490748058137e+01,1.000000185605139109e+03,1.012018854224592417e+02,6.196828252514592425e-15,0.000000000000000000e+00,1.844586582487323039e-05,1.146864197799739267e-21,-9.760787859585311921e+00,8.999999999999998579e+01,-1.666146723163376348e-06,0.000000000000000000e+00,2.558332872076200231e-19,-5.135433505949397841e-03,-7.439567046291155134e-27
1.772950000265071139e+04,0.000000000000000000e+00,1.611557460239648876e+01,1.000000186339952052e+03,1.012018854469030771e+02,6.196828254011344764e-15,8.470323895492692227e-22,-4.373703933633270546e-05,-2.659743862059098691e-21,-9.760951583843567647e+00,8.999999999999998579e+01,-1.761654877953793097e-06,0.000000000000000000e+00,2.558332872076200231e-19,-5.042740478564656202e-03,-7.866023678923012544e-27
1.773950000265274866e+04,0.000000000000000000e+00,1.612466429731240325e+01,1.000000187072902918e+03,1.012018854674355595e+02,6.196828255268597353e-15,4.235161632597771092e-22,-2.732272380549217612e-05,-1.655031609595246615e-21,-9.760895595164635452e+00,8.999999999999998579e+01,-1.725743740176203507e-06,0.000000000000000000e+00,2.558332872076200231e-19,-5.074438649179753916e-03,-7.705675665455302790e-27
1.774950000265478593e+04,0.000000000000000000e+00,1.613375399222841011e+01,1.000000187808647752e+03,1.012018853334513722e+02,6.196828247064432106e-15,0.000000000000000000e+00,1.049154581052206388e-05,6.617992441668168399e-22,-9.761027703650189125e+00,8.999999999999998579e+01,-1.857593929252637223e-06,0.000000000000000000e+00,2.558332872076199750e-19,-4.999645006175796463e-03,-8.294404321859539194e-27
1.775950000265682320e+04,0.000000000000000000e+00,1.614284368714446316e+01,1.000000188541598618e+03,1.012018854012614923e+02,6.196828251216604636e-15,4.235164736271501695e-22,2.176036721477561106e-05,1.348609372258836113e-21,-9.760727913451377802e+00,8.999999999999998579e+01,-1.550247341690633069e-06,0.000000000000000000e+00,2.558332872076200231e-19,-5.169372203047273642e-03,-6.922060870452643172e-27
1.776950000265886047e+04,0.000000000000000000e+00,1.615193338206054108e+01,1.000000189278274775e+03,1.012018855177427810e+02,6.196828258349025824e-15,3.741338897844910886e-28,-5.677346244513924324e-05,-3.456273333234333663e-21,-9.760947508621386604e+00,8.999999999999998579e+01,-1.926708587728964636e-06,0.000000000000000000e+00,2.558332872076199750e-19,-5.045047667840384109e-03,-8.603010477888775506e-27
1.777950000266089774e+04,0.000000000000000000e+00,1.616102307697666163e+01,1.000000190014019608e+03,1.012018853797666367e+02,6.196828249900422559e-15,8.470323852556113490e-22,1.622645308903907571e-06,1.181549842690261603e-22,-9.760903743301215130e+00,8.999999999999998579e+01,-1.801902942107885461e-06,0.000000000000000000e+00,2.558332872076200231e-19,-5.069825556766278940e-03,-8.045736646331607396e-27
1.778950000266293500e+04,0.000000000000000000e+00,1.617011277189277862e+01,1.000000190747901797e+03,1.012018853669972032e+02,6.196828249118520985e-15,8.470323843949048873e-22,1.899108771179087228e-06,1.350633491381585338e-22,-9.760903743626837326e+00,8.999999999999998579e+01,-1.799964407445717714e-06,0.000000000000000000e+00,2.558332872076200231e-19,-5.069825372289457968e-03,-8.037080830856139668e-27
1.779950000266497227e+04,0.000000000000000000e+00,1.617920246680902352e+01,1.000000191482715309e+03,1.012018853587418477e+02,6.196828248613026017e-15,4.235164736271501695e-22,-1.183978031453278804e-05,-7.061614873130987132e-22,-9.760899689233653476e+00,8.999999999999998579e+01,-1.803673348366627702e-06,0.000000000000000000e+00,2.558332872076200231e-19,-5.072120780246305340e-03,-8.053641746091417017e-27
1.780950000266700954e+04,0.000000000000000000e+00,1.618829216172528618e+01,1.000000192219391465e+03,1.012018852902092902e+02,6.196828244416618111e-15,5.645827833290419764e-28,6.054463722475758797e-05,3.724884248259992620e-21,-9.760859987123726711e+00,8.999999999999998579e+01,-1.686666160904696140e-06,0.000000000000000000e+00,2.558332872076200231e-19,-5.094598262443749553e-03,-7.531189068953667563e-27
1.781950000266904681e+04,0.000000000000000000e+00,1.619738185664159857e+01,1.000000192962586880e+03,1.012018854119134659e+02,6.196828251868850610e-15,0.000000000000000000e+00,3.283020017131813565e-05,2.029252682034100824e-21,-9.760851906958825097e+00,8.999999999999998579e+01,-1.819751689581059637e-06,0.000000000000000000e+00,2.558332872076199750e-19,-5.099172862877906186e-03,-8.125433681216320799e-27
1.782950000267108408e+04,0.000000000000000000e+00,1.620647155155798558e+01,1.000000193697400391e+03,1.012018855382454916e+02,6.196828259604453779e-15,-4.235159073183458677e-22,-7.156699803284492453e-05,-4.361777651729909952e-21,-9.761003350032064318e+00,8.999999999999998579e+01,-1.959145167817523228e-06,-1.895758319773387158e-22,2.558332872076199750e-19,-5.013432860812481150e-03,-8.747844128470917991e-27
1.783950000267312134e+04,0.000000000000000000e+00,1.621556124647445429e+01,1.000000194435939193e+03,1.012018854833351469e+02,6.196828256242164517e-15,4.235164736271501695e-22,1.707899840229710719e-05,1.065203828566988696e-21,-9.760907846214541550e+00,8.999999999999998579e+01,-1.861130337548273728e-06,-1.895758319773387158e-22,2.558332872076199750e-19,-5.067502661188408482e-03,-8.310194855941975249e-27
1.784950000267515861e+04,0.000000000000000000e+00,1.622465094139092301e+01,1.000000195170752704e+03,1.012018854145227920e+02,6.196828252028624131e-15,4.235164736271501695e-22,1.029667388801002142e-05,6.461128013396157869e-22,-9.760723880727800505e+00,8.999999999999998579e+01,-1.498361452331395345e-06,-9.478791598866934614e-23,2.558332872076200231e-19,-5.171655330378073685e-03,-6.690383463368342984e-27
1.785950000267719588e+04,0.000000000000000000e+00,1.623374063630744857e+01,1.000000195909291506e+03,1.012018854519667457e+02,6.196828254321405754e-15,4.235159047243772175e-22,1.318922403799713494e-06,9.966346812994233970e-23,-9.760963701884426413e+00,8.999999999999998579e+01,-1.812211531124697856e-06,1.895758319773387158e-22,2.558332872076199750e-19,-5.035879791256843950e-03,-8.091765869374837461e-27
1.786950000267923315e+04,0.000000000000000000e+00,1.624283033122400610e+01,1.000000196650624275e+03,1.012018854105850210e+02,6.196828251787504851e-15,4.238003383513253213e-22,2.016406386894532815e-05,1.252794901820275118e-21,-9.760847863394747748e+00,8.999999999999998579e+01,-1.735374722074818563e-06,0.000000000000000000e+00,2.558332872076200231e-19,-5.101462134090408232e-03,-7.748679282459889906e-27
1.787950000268127042e+04,0.000000000000000000e+00,1.625192002614059561e+01,1.000000197389163077e+03,1.012018855132759398e+02,6.196828258075510393e-15,-4.235153323563965832e-22,-3.082141914228532769e-05,-1.865833156172064326e-21,-9.761075465626882774e+00,8.999999999999998579e+01,-2.054738822773871326e-06,0.000000000000000000e+00,2.558332872076199750e-19,-4.972604374627514166e-03,-9.174682530732106755e-27
1.788950000268330768e+04,0.000000000000000000e+00,1.626100972105723841e+01,1.000000198124907911e+03,1.012018856486672718e+02,6.196828266365838184e-15,-4.235160925827559470e-22,-9.810312804259275620e-05,-5.986582977981143104e-21,-9.760995133387190492e+00,8.999999999999998579e+01,-1.965282736034691616e-06,0.000000000000000000e+00,2.558332872076199750e-19,-5.018084724388888196e-03,-8.775249188072220837e-27
1.789950000268534495e+04,0.000000000000000000e+00,1.627009941597393095e+01,1.000000198860652745e+03,1.012018856674692842e+02,6.196828267517129399e-15,4.235164736271501695e-22,-7.918744507273539331e-05,-4.830406074418399982e-21,-9.760879301419540965e+00,8.999999999999998579e+01,-1.766425310612184436e-06,0.000000000000000000e+00,2.558332872076200231e-19,-5.083663369388554884e-03,-7.887324296154691539e-27
1.790950000268738222e+04,0.000000000000000000e+00,1.627918911089070164e+01,1.000000199590809643e+03,1.012018853649130534e+02,6.196828248990903801e-15,8.470318007758608182e-22,3.516210223973699424e-05,2.171489373116188411e-21,-9.760851964841601003e+00,8.999999999999998579e+01,-1.766956116335024434e-06,0.000000000000000000e+00,2.558332872076200231e-19,-5.099140084997217867e-03,-7.889694414409421547e-27
1.791950000268941949e+04,0.000000000000000000e+00,1.628827880580747944e+01,1.000000200328417122e+03,1.012018857467490420e+02,6.196828272371615327e-15,4.235158995186662075e-22,-9.029594686085041589e-05,-5.510248130596105733e-21,-9.760815229220956013e+00,8.999999999999998579e+01,-1.800711255121459054e-06,0.000000000000000000e+00,2.558332872076200231e-19,-5.119938045452639142e-03,-8.040415605206923427e-27
1.792950000269145676e+04,0.000000000000000000e+00,1.629736850072432830e+01,1.000000201062299311e+03,1.012018854532870193e+02,6.196828254402248219e-15,1.149956812953499327e-27,-2.256622770806305500e-05,-1.362815827532903958e-21,-9.760895580111565550e+00,8.999999999999998579e+01,-1.818210880675091495e-06,1.895758319773387158e-22,2.558332872076199750e-19,-5.074447148204461015e-03,-8.118553764218549568e-27
1.793950000269349403e+04,0.000000000000000000e+00,1.630645819564119847e+01,1.000000201797112823e+03,1.012018853689348390e+02,6.196828249237168820e-15,4.235158977781629267e-22,5.707238052344973031e-05,3.510699285485761535e-21,-9.760676203149477814e+00,8.999999999999998579e+01,-1.536135514664306416e-06,0.000000000000000000e+00,2.558332872076200231e-19,-5.198648138539527230e-03,-6.859049683113333848e-27
1.794950000269553129e+04,0.000000000000000000e+00,1.631554789055813615e+01,1.000000202535651624e+03,1.012018856255463248e+02,6.196828264950088450e-15,-4.235153201866974787e-22,-2.687279716039179709e-05,-1.624293156585131409e-21,-9.761015481148692885e+00,8.999999999999998579e+01,-2.031421809179179615e-06,0.000000000000000000e+00,2.558332872076199750e-19,-5.006564764485963923e-03,-9.070568959252856004e-27
1.795950000269756856e+04,0.000000000000000000e+00,1.632463758547510579e+01,1.000000203272327781e+03,1.012018854384761823e+02,6.196828253495346112e-15,4.235164736271501695e-22,-3.577243616968063007e-05,-2.171797143950261482e-21,-9.760891484491839520e+00,8.999999999999998579e+01,-1.786204104393738823e-06,0.000000000000000000e+00,2.558332872076200231e-19,-5.076765894712459079e-03,-7.975639244884575236e-27
1.796950000269960583e+04,0.000000000000000000e+00,1.633372728039216071e+01,1.000000204007141292e+03,1.012018854985783634e+02,6.196828257175543163e-15,4.235164736271501695e-22,-1.915065735348236840e-05,-1.154019329062421049e-21,-9.760835620691883818e+00,8.999999999999998579e+01,-1.785006799481967308e-06,0.000000000000000000e+00,2.558332872076200231e-19,-5.108393360999561109e-03,-7.970293118974928078e-27
1.797950000270164310e+04,0.000000000000000000e+00,1.634281697530921917e+01,1.000000204744748771e+03,1.012018853957102351e+02,6.196828250876687628e-15,0.000000000000000000e+00,1.816609914210948163e-05,1.131352595465571081e-21,-9.760967802264209681e+00,8.999999999999998579e+01,-1.821372493344410267e-06,0.000000000000000000e+00,2.558332872076199750e-19,-5.033558336905116261e-03,-8.132670785907454530e-27
1.798950000270368037e+04,0.000000000000000000e+00,1.635190667022633093e+01,1.000000205481424928e+03,1.012018854649459882e+02,6.196828255116154717e-15,0.000000000000000000e+00,-2.348717852316590274e-05,-1.418981735854647315e-21,-9.760955514751767481e+00,8.999999999999998579e+01,-1.839907668264766221e-06,0.000000000000000000e+00,2.558332872076199750e-19,-5.040514946213047430e-03,-8.215432810774578728e-27
1.799950000270571763e+04,0.000000000000000000e+00,1.636099636514350664e+01,1.000000206219032407e+03,1.012018855849351695e+02,6.196828262463373263e-15,4.235158925408542054e-22,-7.420857955281828463e-05,-4.525985358502569194e-21,-9.760819215419546779e+00,8.999999999999998579e+01,-1.723597410954377463e-06,0.000000000000000000e+00,2.558332872076200231e-19,-5.117681250012541712e-03,-7.696092019593150973e-27
1.800950000270775490e+04,0.000000000000000000e+00,1.637008606006073208e+01,1.000000206951983955e+03,1.012018853185213345e+02,6.196828246150231458e-15,0.000000000000000000e+00,6.812464817432883977e-05,4.188984799397535514e-21,-9.760800267712701483e+00,8.999999999999998579e+01,-1.682797612570659464e-06,0.000000000000000000e+00,2.558332872076200231e-19,-5.128408574304465194e-03,-7.513915485359397117e-27
1.801950000270979217e+04,0.000000000000000000e+00,1.637917575497793621e+01,1.000000207704491913e+03,1.012018856249483463e+02,6.196828264913474260e-15,1.165674663427408667e-27,-5.971594945600970373e-05,-3.638861895391828953e-21,-9.760823295629311502e+00,8.999999999999998579e+01,-1.695394398142393553e-06,0.000000000000000000e+00,2.558332872076200231e-19,-5.115371219055963974e-03,-7.570161810803495328e-27
1.802950000271182944e+04,0.000000000000000000e+00,1.638826544989520428e+01,1.000000208441168070e+03,1.012018852658735000e+02,6.196828242926480372e-15,5.837138370263213269e-28,5.220906285598312833e-05,3.215977762939957119e-21,-9.760856132305891109e+00,8.999999999999998579e+01,-1.830491543664732201e-06,0.000000000000000000e+00,2.558332872076199750e-19,-5.096780654410258161e-03,-8.173388560226714397e-27
1.803950000271386671e+04,0.000000000000000000e+00,1.639735514481255052e+01,1.000000209175981581e+03,1.012018854699025496e+02,6.196828255419655539e-15,-5.845910006159562994e-28,5.628001248222438923e-06,3.642666854580108521e-22,-9.760963712621842703e+00,8.999999999999998579e+01,-1.883736358443859058e-06,0.000000000000000000e+00,2.558332872076199750e-19,-5.035873687274810585e-03,-8.411133750316930812e-27
1.804950000271590397e+04,0.000000000000000000e+00,1.640644483972993584e+01,1.000000209913589060e+03,1.012018854911658963e+02,6.196828256721660997e-15,5.854688224819377040e-28,-4.497010209499809633e-05,-2.735841943574448816e-21,-9.760827377666764448e+00,8.999999999999998579e+01,-1.704713021869901007e-06,0.000000000000000000e+00,2.558332872076200231e-19,-5.113060168034430121e-03,-7.611770706968611243e-27
1.805950000271794124e+04,0.000000000000000000e+00,1.641553453464750234e+01,1.000000210650265217e+03,1.012018857143574877e+02,6.196828270388204441e-15,5.863473026235942626e-28,-1.055608446621601472e-04,-6.443744374911956891e-21,-9.760930815564689667e+00,8.999999999999998579e+01,-1.916601447083494848e-06,-1.895758319773387158e-22,2.558332872076199750e-19,-5.054498443088402924e-03,-8.557880748656104278e-27
1.806950000271997851e+04,0.000000000000000000e+00,1.642462422956496582e+01,1.000000211385078728e+03,1.012018854098297567e+02,6.196828251741258669e-15,0.000000000000000000e+00,3.678268950390162754e-05,2.271242732880755365e-21,-9.760912007183270234e+00,8.999999999999998579e+01,-1.816800808612198868e-06,0.000000000000000000e+00,2.558332872076199750e-19,-5.065146891499688712e-03,-8.112257604638988100e-27
1.807950000272201578e+04,0.000000000000000000e+00,1.643371392448249324e+01,1.000000212123617530e+03,1.012018853989729479e+02,6.196828251076471385e-15,1.176212475462493307e-27,9.138518310973860434e-06,5.785405225285527377e-22,-9.760903770250598299e+00,8.999999999999998579e+01,-1.818300104044025573e-06,0.000000000000000000e+00,2.558332872076199750e-19,-5.069810258631990071e-03,-8.118952158445211078e-27
1.808950000272405305e+04,0.000000000000000000e+00,1.644280361940004198e+01,1.000000212856568396e+03,1.012018854943235482e+02,6.196828256915012383e-15,0.000000000000000000e+00,-5.787419722657829194e-05,-3.526271831576952506e-21,-9.760823230515704552e+00,8.999999999999998579e+01,-1.677685081382964805e-06,0.000000000000000000e+00,2.558332872076200231e-19,-5.115408086261352336e-03,-7.491087352627549612e-27
1.809950000272609032e+04,0.000000000000000000e+00,1.645189331431762980e+01,1.000000213595107198e+03,1.012018855586949826e+02,6.196828260856625315e-15,1.179735611867083626e-27,-4.621046196579046381e-05,-2.810481387116019588e-21,-9.760887288305857723e+00,8.999999999999998579e+01,-1.830350015398413305e-06,0.000000000000000000e+00,2.558332872076199750e-19,-5.079141550516390845e-03,-8.172756617666323161e-27
1.810950000272812758e+04,0.000000000000000000e+00,1.646098300923527091e+01,1.000000214327126741e+03,1.012018855059072280e+02,6.196828257624307199e-15,5.907495774435017426e-28,-1.805535018622025768e-05,-1.085974141815330679e-21,-9.760895568952856038e+00,8.999999999999998579e+01,-1.878651049397545912e-06,0.000000000000000000e+00,2.558332872076199750e-19,-5.074453437594795072e-03,-8.388427168072286336e-27
1.811950000273016485e+04,0.000000000000000000e+00,1.647007270415297242e+01,1.000000215061008930e+03,1.012018854933054115e+02,6.196828256852668705e-15,0.000000000000000000e+00,-4.312832179589527363e-05,-2.623541579172573454e-21,-9.760827328962577099e+00,8.999999999999998579e+01,-1.659067110625998473e-06,0.000000000000000000e+00,2.558332872076200231e-19,-5.113087732811665183e-03,-7.407955633321721580e-27
1.812950000273220212e+04,0.000000000000000000e+00,1.647916239907069880e+01,1.000000215795822442e+03,1.012018854498164870e+02,6.196828254189739346e-15,4.235170661422453959e-22,-1.016617147657842190e-06,-4.416672094382394731e-23,-9.760839711018627796e+00,8.999999999999998579e+01,-1.733590405229183227e-06,0.000000000000000000e+00,2.558332872076200231e-19,-5.106077592298886685e-03,-7.740712070076743049e-27
1.813950000273423939e+04,0.000000000000000000e+00,1.648825209398847491e+01,1.000000216532498598e+03,1.012018853551965947e+02,6.196828248395942539e-15,5.933988416005739811e-28,5.247387406368294026e-05,3.232195518803600682e-21,-9.760916170213992160e+00,8.999999999999998579e+01,-1.830737007923309736e-06,0.000000000000000000e+00,2.558332872076199750e-19,-5.062789973443896502e-03,-8.174484590836604980e-27
1.814950000273627666e+04,0.000000000000000000e+00,1.649734178890628300e+01,1.000000217268243432e+03,1.012018854224046294e+02,6.196828252511246866e-15,0.000000000000000000e+00,2.997791856109537214e-05,1.854162948528416354e-21,-9.760788026980927512e+00,8.999999999999998579e+01,-1.777788827564670246e-06,0.000000000000000000e+00,2.558332872076200231e-19,-5.135338678607768645e-03,-7.938063912944967929e-27
1.815950000273831392e+04,0.000000000000000000e+00,1.650643148382414793e+01,1.000000217997469008e+03,1.012018854942317603e+02,6.196828256909390960e-15,4.235164736271501695e-22,-5.604602146085107964e-05,-3.413691937696246018e-21,-9.760823167664895550e+00,8.999999999999998579e+01,-1.738694252510303343e-06,0.000000000000000000e+00,2.558332872076200231e-19,-5.115443660412021844e-03,-7.763501428009056009e-27
1.816950000274035119e+04,0.000000000000000000e+00,1.651552117874201642e+01,1.000000218735076487e+03,1.012018854486984623e+02,6.196828254121280419e-15,4.235152815190898237e-22,4.694510755828090994e-08,1.953017151735060186e-23,-9.760839611961650064e+00,8.999999999999998579e+01,-1.596670105969465392e-06,0.000000000000000000e+00,2.558332872076200231e-19,-5.106133668659691531e-03,-7.129344696375743987e-27
1.817950000274238846e+04,0.000000000000000000e+00,1.652461087365995596e+01,1.000000219473615289e+03,1.012018855506054251e+02,6.196828260361282198e-15,3.980057672507827435e-28,-1.629340382687018219e-05,-9.783069885553582673e-22,-9.760895514753707758e+00,8.999999999999998579e+01,-1.857470518407999037e-06,0.000000000000000000e+00,2.558332872076199750e-19,-5.074484109484423897e-03,-8.293853276000155729e-27
1.818950000274442573e+04,0.000000000000000000e+00,1.653370056857795589e+01,1.000000220212154773e+03,1.012018854586446821e+02,6.196828254730310226e-15,-5.978274472460475364e-28,3.104286367703396938e-05,1.919121318851468152e-21,-9.760788046361012604e+00,8.999999999999998579e+01,-1.753754477040553375e-06,0.000000000000000000e+00,2.558332872076200231e-19,-5.135327698000341848e-03,-7.830747336528007276e-27
1.819950000274646300e+04,0.000000000000000000e+00,1.654279026349598070e+01,1.000000220948830247e+03,1.012018853257903857e+02,6.196828246595330447e-15,4.235164736271501695e-22,4.001531772721965852e-05,2.469111136306614936e-21,-9.760912077777744500e+00,8.999999999999998579e+01,-1.809841192988416241e-06,0.000000000000000000e+00,2.558332872076200231e-19,-5.065106915059634611e-03,-8.081181993872107099e-27
1.820950000274850026e+04,0.000000000000000000e+00,1.655187995841407655e+01,1.000000221683643758e+03,1.012018855883054158e+02,6.196828262669741642e-15,5.996034973728600560e-28,-5.737930337664149706e-05,-3.494532412641330234e-21,-9.760883082123710253e+00,8.999999999999998579e+01,-1.815326030879989294e-06,0.000000000000000000e+00,2.558332872076199750e-19,-5.081522877905963846e-03,-8.105672525627270233e-27
1.821950000275053753e+04,0.000000000000000000e+00,1.656096965333225057e+01,1.000000222421251237e+03,1.012018855101680828e+02,6.196828257885207955e-15,4.235158731346403021e-22,-2.657666299690276097e-05,-1.609027351355572670e-21,-9.760831411009704084e+00,8.999999999999998579e+01,-1.756601166768499905e-06,0.000000000000000000e+00,2.558332872076200231e-19,-5.110776653413433637e-03,-7.843458185336591351e-27
1.822950000275257480e+04,0.000000000000000000e+00,1.657005934825043880e+01,1.000000223156996071e+03,1.012018855030763831e+02,6.196828257450967637e-15,6.013821805593998293e-28,-2.898195473642445309e-05,-1.755442050032342022e-21,-9.760891347033858523e+00,8.999999999999998579e+01,-1.839698364807636106e-06,0.000000000000000000e+00,2.558332872076199750e-19,-5.076843676107515614e-03,-8.214498242959695249e-27
1.823950000275461207e+04,0.000000000000000000e+00,1.657914904316865190e+01,1.000000223896466196e+03,1.012018854449264182e+02,6.196828253890309046e-15,0.000000000000000000e+00,-6.178816958997742904e-06,-3.580236623873760607e-22,-9.761019526809173286e+00,8.999999999999998579e+01,-1.947892868200092457e-06,0.000000000000000000e+00,2.558332872076199750e-19,-5.004274278921855626e-03,-8.697601111895583014e-27
1.824950000275664934e+04,0.000000000000000000e+00,1.658823873808689697e+01,1.000000224630348384e+03,1.012018853701521408e+02,6.196828249311705132e-15,6.031634968002950181e-28,1.338041996984994140e-05,8.380962073840211354e-22,-9.760903801353009612e+00,8.999999999999998579e+01,-1.800540081713493522e-06,0.000000000000000000e+00,2.558332872076200231e-19,-5.069792630531751859e-03,-8.039651293140406696e-27
1.825950000275868661e+04,0.000000000000000000e+00,1.659732843300518468e+01,1.000000225366093900e+03,1.012018855788991942e+02,6.196828262093776151e-15,-6.040551423144473507e-28,-4.803742773960930398e-05,-2.924521534151615297e-21,-9.760703203294209374e+00,8.999999999999998579e+01,-1.622284566280815177e-06,0.000000000000000000e+00,2.558332872076200231e-19,-5.183361861601797765e-03,-7.243716673460121218e-27
1.826950000276072387e+04,0.000000000000000000e+00,1.660641812792349015e+01,1.000000226104632020e+03,1.012018853009872714e+02,6.196828245076579144e-15,-4.235152637322580029e-22,7.504804988979558631e-05,4.612901583823719667e-21,-9.760800564108309985e+00,8.999999999999998579e+01,-1.680870917202629267e-06,0.000000000000000000e+00,2.558332872076200231e-19,-5.128240736844047638e-03,-7.505312533909224368e-27
1.827950000276276114e+04,0.000000000000000000e+00,1.661550782284184535e+01,1.000000226843170822e+03,1.012018854848259224e+02,6.196828256333449135e-15,0.000000000000000000e+00,-3.311882757862812777e-05,-2.008994588635986980e-21,-9.761011200947264044e+00,8.999999999999998579e+01,-1.816395228600137177e-06,0.000000000000000000e+00,2.558332872076199750e-19,-5.008987985075664603e-03,-8.110446635862702857e-27
1.828950000276479841e+04,0.000000000000000000e+00,1.662459751776017924e+01,1.000000227577984333e+03,1.012018853729021686e+02,6.196828249480095381e-15,4.232235370109532097e-22,4.497298483587467132e-05,2.771999126355167825e-21,-9.760852199303137411e+00,8.999999999999998579e+01,-1.744529765669475849e-06,0.000000000000000000e+00,2.558332872076200231e-19,-5.099007293838326085e-03,-7.789557771543287259e-27
1.829950000276683568e+04,0.000000000000000000e+00,1.663368721267863748e+01,1.000000228317454457e+03,1.012018853880793188e+02,6.196828250409428747e-15,4.235164736271501695e-22,4.250135252205590388e-05,2.621302334616951992e-21,-9.760912143777437322e+00,8.999999999999998579e+01,-1.806546286245484509e-06,0.000000000000000000e+00,2.558332872076200231e-19,-5.065069530467218063e-03,-8.066469796390013911e-27
1.830950000276887295e+04,0.000000000000000000e+00,1.664277690759713835e+01,1.000000229056924582e+03,1.012018853970656664e+02,6.196828250959683683e-15,4.235170821503939734e-22,5.943037785478620216e-05,3.657317428196321202e-21,-9.760856381352573052e+00,8.999999999999998579e+01,-1.750117767600399985e-06,0.000000000000000000e+00,2.558332872076200231e-19,-5.096639607508576461e-03,-7.814508944475394239e-27
1.831950000277091021e+04,0.000000000000000000e+00,1.665186660251568895e+01,1.000000229784287512e+03,1.012018853659319859e+02,6.196828249053296387e-15,4.235164736271501695e-22,7.087322494607230510e-05,4.359098368148436040e-21,-9.760920497303128940e+00,8.999999999999998579e+01,-1.856383532887347803e-06,0.000000000000000000e+00,2.558332872076199750e-19,-5.060340152958315262e-03,-8.288999740866181297e-27
1.832950000277294748e+04,0.000000000000000000e+00,1.666095629743427864e+01,1.000000230516307056e+03,1.012018853176092676e+02,6.196828246094382473e-15,0.000000000000000000e+00,6.269979590142079587e-05,3.857081883521934254e-21,-9.760796464434262631e+00,8.999999999999998579e+01,-1.708939303475218320e-06,0.000000000000000000e+00,2.558332872076200231e-19,-5.130561771982991050e-03,-7.630641617268497028e-27
1.833950000277498475e+04,0.000000000000000000e+00,1.667004599235288609e+01,1.000000231254845858e+03,1.012018853517524093e+02,6.196828248185047676e-15,0.000000000000000000e+00,2.954935843846988533e-05,1.828585924801335066e-21,-9.760907996817948629e+00,8.999999999999998579e+01,-1.841488596022650081e-06,1.895758319773387158e-22,2.558332872076199750e-19,-5.067417343824161258e-03,-8.222491863789902916e-27
1.834950000277702202e+04,0.000000000000000000e+00,1.667913568727151130e+01,1.000000231987796724e+03,1.012018854800871281e+02,6.196828256043282428e-15,1.224219147264194888e-27,-3.710926154324682426e-05,-2.254534041313564077e-21,-9.760827183648261851e+00,8.999999999999998579e+01,-1.701860265088345883e-06,0.000000000000000000e+00,2.558332872076200231e-19,-5.113169974401347677e-03,-7.599032767957543002e-27
1.835950000277905929e+04,0.000000000000000000e+00,1.668822538219021823e+01,1.000000232722610235e+03,1.012018852785550536e+02,6.196828243703001915e-15,-4.235152476115467194e-22,7.745169968438700859e-05,4.759629449364069628e-21,-9.760800673294170338e+00,8.999999999999998579e+01,-1.637421821069658979e-06,0.000000000000000000e+00,2.558332872076200231e-19,-5.128178911321881403e-03,-7.311306532343966722e-27
1.836950000278109655e+04,0.000000000000000000e+00,1.669731507710889673e+01,1.000000233457423747e+03,1.012018853716387383e+02,6.196828249402734158e-15,0.000000000000000000e+00,4.704844846906347451e-05,2.898412182093652994e-21,-9.760852183389044257e+00,8.999999999999998579e+01,-1.680067444025678096e-06,0.000000000000000000e+00,2.558332872076200231e-19,-5.099016293413164043e-03,-7.501724919153135968e-27
1.837950000278313382e+04,0.000000000000000000e+00,1.670640477202769247e+01,1.000000234193168581e+03,1.012018855921795364e+02,6.196828262906962371e-15,4.235164736271501695e-22,-3.914504566626385317e-05,-2.377557155266860483e-21,-9.760887156371168771e+00,8.999999999999998579e+01,-1.858366831446468661e-06,0.000000000000000000e+00,2.558332872076199750e-19,-5.079216206470693086e-03,-8.297855433104002495e-27
1.838950000278517109e+04,0.000000000000000000e+00,1.671549446694655217e+01,1.000000234927050769e+03,1.012018855164001394e+02,6.196828258266813896e-15,0.000000000000000000e+00,-3.888791420127984543e-05,-2.362090735726707658e-21,-9.760887114204729542e+00,8.999999999999998579e+01,-1.831684233900297189e-06,0.000000000000000000e+00,2.558332872076199750e-19,-5.079240084784888802e-03,-8.178714080992430926e-27
1.839950000278720836e+04,0.000000000000000000e+00,1.672458416186545094e+01,1.000000235662795603e+03,1.012018852668756352e+02,6.196828242987843495e-15,4.235158570198535101e-22,3.669409361252403475e-05,2.264776857497625301e-21,-9.760788160101832034e+00,8.999999999999998579e+01,-1.717087038002500475e-06,0.000000000000000000e+00,2.558332872076200231e-19,-5.135263293690926767e-03,-7.667022337194537212e-27
1.840950000278924563e+04,0.000000000000000000e+00,1.673367385678437458e+01,1.000000236396678474e+03,1.012018853565109993e+02,6.196828248476426073e-15,0.000000000000000000e+00,2.869985972026528210e-05,1.773686389834894276e-21,-9.760664111298432033e+00,8.999999999999998579e+01,-1.565179567877909582e-06,1.895758319773386923e-22,2.558332872076200231e-19,-5.205493921523232995e-03,-6.988735249321096850e-27
1.841950000279128290e+04,0.000000000000000000e+00,1.674276355170332664e+01,1.000000237133353949e+03,1.012018853506873768e+02,6.196828248119833334e-15,0.000000000000000000e+00,6.795562944067046597e-05,4.177644784550612250e-21,-9.760736623980138305e+00,8.999999999999998579e+01,-1.587768521017631750e-06,9.478791598866934614e-23,2.558332872076200231e-19,-5.164440626574395843e-03,-7.089597933892730864e-27
1.842950000279332016e+04,0.000000000000000000e+00,1.675185324662230357e+01,1.000000237869098783e+03,1.012018854724716022e+02,6.196828255576965448e-15,4.235158543133206493e-22,-2.108636673109340397e-05,-1.272942613965137626e-21,-9.760831332489685153e+00,8.999999999999998579e+01,-1.747178286524936792e-06,0.000000000000000000e+00,2.558332872076200231e-19,-5.110821084044016305e-03,-7.801383769940532605e-27
1.843950000279535743e+04,0.000000000000000000e+00,1.676094294154133024e+01,1.000000238607637584e+03,1.012018853534317486e+02,6.196828248287878062e-15,0.000000000000000000e+00,5.170461693990391984e-05,3.183657909917250782e-21,-9.760792380521071010e+00,8.999999999999998579e+01,-1.693272200397600767e-06,0.000000000000000000e+00,2.558332872076200231e-19,-5.132873875814420589e-03,-7.560685915200557554e-27
1.844950000279739470e+04,0.000000000000000000e+00,1.677003263646039244e+01,1.000000239342451096e+03,1.012018854177661211e+02,6.196828252227220653e-15,4.235160594978791317e-22,2.409361212268986148e-05,1.493741937221179271e-21,-9.760783991448349184e+00,8.999999999999998579e+01,-1.767223840914656112e-06,0.000000000000000000e+00,2.558332872076200231e-19,-5.137623370698904748e-03,-7.890889840317844218e-27
1.845950000279943197e+04,0.000000000000000000e+00,1.677912233137949372e+01,1.000000240079127252e+03,1.012018853082656449e+02,6.196828245522250846e-15,4.235158516008635322e-22,8.009393311296513103e-05,4.922641095201590204e-21,-9.760800798864403660e+00,8.999999999999998579e+01,-1.754520873058845186e-06,0.000000000000000000e+00,2.558332872076200231e-19,-5.128107803636729883e-03,-7.834169396832075872e-27
1.846950000280146924e+04,0.000000000000000000e+00,1.678821202629863407e+01,1.000000240813940763e+03,1.012018855494429346e+02,6.196828260290100912e-15,0.000000000000000000e+00,-3.975009922565272952e-05,-2.414782038001969142e-21,-9.760946975931528158e+00,8.999999999999998579e+01,-1.841480139900499067e-06,0.000000000000000000e+00,2.558332872076199750e-19,-5.045349158432854697e-03,-8.222454106078162616e-27
1.847950000280350650e+04,0.000000000000000000e+00,1.679730172121782417e+01,1.000000241548754275e+03,1.012018854379762729e+02,6.196828253464735154e-15,4.235161269857431189e-22,-8.716878296512901709e-06,-5.156551005403099614e-22,-9.760895392776030022e+00,8.999999999999998579e+01,-1.735221905147317106e-06,0.000000000000000000e+00,2.558332872076200231e-19,-5.074553139005049535e-03,-7.747996934523690778e-27
1.848950000280554377e+04,0.000000000000000000e+00,1.680639141613703202e+01,1.000000242283567786e+03,1.012018853754578771e+02,6.196828249636588029e-15,0.000000000000000000e+00,4.494362906214270816e-05,2.767705268624517424e-21,-9.760668356943355661e+00,8.999999999999998579e+01,-1.505250838729480211e-06,0.000000000000000000e+00,2.558332872076200231e-19,-5.203090223019136637e-03,-6.721145491288095236e-27
1.849950000280758104e+04,0.000000000000000000e+00,1.681548111105630028e+01,1.000000243018381298e+03,1.012018855753807145e+02,6.196828261878331927e-15,-4.235158479750385588e-22,-4.710224382455579167e-05,-2.866803103694125656e-21,-9.760822890841737376e+00,8.999999999999998579e+01,-1.665876126005255007e-06,0.000000000000000000e+00,2.558332872076200231e-19,-5.115600333250800748e-03,-7.438358793937152211e-27
1.850950000280961831e+04,0.000000000000000000e+00,1.682457080597564669e+01,1.000000243752263486e+03,1.012018854342493341e+02,6.196828253236525583e-15,0.000000000000000000e+00,1.177740652431738710e-05,7.396200858105284675e-22,-9.760779803581163705e+00,8.999999999999998579e+01,-1.769841166695516560e-06,0.000000000000000000e+00,2.558332872076200231e-19,-5.139994336690804737e-03,-7.902576548551875616e-27
1.851950000281165558e+04,0.000000000000000000e+00,1.683366050089477284e+01,1.000000244479626417e+03,1.012018854534430830e+02,6.196828254411803691e-15,-3.969971383026793580e-25,1.053440513559943461e-06,8.256727129447719910e-23,-9.760715663890827898e+00,8.999999999999998579e+01,-1.731575484659276317e-06,0.000000000000000000e+00,2.558332872076200231e-19,-5.176307230197896986e-03,-7.731715181348770505e-27
1.852950000281369284e+04,0.000000000000000000e+00,1.684275019581417254e+01,1.000000245218165219e+03,1.012018854774773473e+02,6.196828255883479719e-15,4.238145943553071177e-22,9.388036051621297142e-06,5.927478545202364252e-22,-9.760839734168985871e+00,8.999999999999998579e+01,-1.715620475528516989e-06,0.000000000000000000e+00,2.558332872076200231e-19,-5.106064431318436264e-03,-7.660473940405050641e-27
1.853950000281573011e+04,0.000000000000000000e+00,1.685183989073352961e+01,1.000000245978124440e+03,1.012018853830701204e+02,6.196828250102703850e-15,6.292884684564774953e-28,-1.312662885459107408e-06,-6.362553329869203721e-23,-9.760775590776642474e+00,8.999999999999998579e+01,-1.605601475665254470e-06,-9.478791598866934614e-23,2.558332872076200231e-19,-5.142379431115736733e-03,-7.169224451707783312e-27
1.854950000281776738e+04,0.000000000000000000e+00,1.686092958565296129e+01,1.000000246715731919e+03,1.012018854724449000e+02,6.196828255575330928e-15,0.000000000000000000e+00,-1.046045089915256157e-06,-4.709653898051395868e-23,-9.760775590545669900e+00,8.999999999999998579e+01,-1.625405163798092361e-06,0.000000000000000000e+00,2.558332872076200231e-19,-5.142379552354265498e-03,-7.257650557032025987e-27
1.855950000281980465e+04,0.000000000000000000e+00,1.687001928057247113e+01,1.000000247452408075e+03,1.012018854114404576e+02,6.196828251839886793e-15,6.311105963529864152e-28,3.503320925912930644e-05,2.164282128750667115e-21,-9.760908110641558721e+00,8.999999999999998579e+01,-1.832591228620556648e-06,0.000000000000000000e+00,2.558332872076199750e-19,-5.067352868267272110e-03,-8.182763933228250864e-27
1.856950000282184192e+04,0.000000000000000000e+00,1.687910897549200229e+01,1.000000248190946877e+03,1.012018855544103815e+02,6.196828260594268322e-15,4.235158416045025018e-22,-3.135325770670961270e-05,-1.901543568558615687e-21,-9.760827065115856627e+00,8.999999999999998579e+01,-1.753328559712815870e-06,0.000000000000000000e+00,2.558332872076200231e-19,-5.113237046564230413e-03,-7.828845558928335206e-27
1.857950000282387919e+04,0.000000000000000000e+00,1.688819867041157252e+01,1.000000248924829066e+03,1.012018853560827267e+02,6.196828248450203548e-15,0.000000000000000000e+00,4.153860118291787467e-05,2.560396613870812702e-21,-9.760788272454785641e+00,8.999999999999998579e+01,-1.619230968465802680e-06,-9.478791598866934614e-23,2.558332872076200231e-19,-5.135199653133176029e-03,-7.230081952483050257e-27
1.858950000282591645e+04,0.000000000000000000e+00,1.689728836533119960e+01,1.000000249660573900e+03,1.012018854213199290e+02,6.196828252444828722e-15,4.235158397784251602e-22,1.885991269716727402e-05,1.174425129292510744e-21,-9.760963822187113337e+00,8.999999999999998579e+01,-1.877655674584289651e-06,0.000000000000000000e+00,2.558332872076199750e-19,-5.035811589776495283e-03,-8.383982686949188323e-27
1.859950000282795372e+04,0.000000000000000000e+00,1.690637806025085510e+01,1.000000250397250056e+03,1.012018854434260504e+02,6.196828253798439094e-15,-4.235158388643991211e-22,2.815225002993521978e-05,1.740697463774409093e-21,-9.760784054153431200e+00,8.999999999999998579e+01,-1.617166112842970206e-06,0.000000000000000000e+00,2.558332872076200231e-19,-5.137587848180119772e-03,-7.220862097092518310e-27
1.860950000282999099e+04,0.000000000000000000e+00,1.691546775517054968e+01,1.000000251133926213e+03,1.012018855185445005e+02,6.196828258398115849e-15,4.235158379497148522e-22,-8.517107677840778405e-06,-5.014559550394679555e-22,-9.760955360218192212e+00,8.999999999999998579e+01,-1.923625847270036165e-06,0.000000000000000000e+00,2.558332872076199750e-19,-5.040602350741055920e-03,-8.589245631124878049e-27
1.861950000283202826e+04,0.000000000000000000e+00,1.692455745009026558e+01,1.000000251873396337e+03,1.012018854946737605e+02,6.196828256936456777e-15,0.000000000000000000e+00,-1.611581735670622367e-05,-9.688542871519092866e-22,-9.760831277167582698e+00,8.999999999999998579e+01,-1.721278468666584615e-06,0.000000000000000000e+00,2.558332872076200231e-19,-5.110852378145054262e-03,-7.685737633399741862e-27
1.862950000283406553e+04,0.000000000000000000e+00,1.693364714500996016e+01,1.000000252615660429e+03,1.012018856112253644e+02,6.196828264073182779e-15,4.235171111359287140e-22,-4.674196666273127771e-05,-2.843388773891819077e-21,-9.760882729193571805e+00,8.999999999999998579e+01,-1.795637755549752612e-06,0.000000000000000000e+00,2.558332872076200231e-19,-5.081722633943892495e-03,-8.017761753839393384e-27
1.863950000283610279e+04,0.000000000000000000e+00,1.694273683992974000e+01,1.000000253354199231e+03,1.012018854664965914e+02,6.196828255211100437e-15,0.000000000000000000e+00,1.726137280904415582e-08,2.274001884674209649e-23,-9.761079440812244101e+00,8.999999999999998579e+01,-2.078569702753617377e-06,-1.895758319773387158e-22,2.558332872076199750e-19,-4.970353715867060346e-03,-9.281090584066587144e-27
1.864950000283814006e+04,0.000000000000000000e+00,1.695182653484958735e+01,1.000000254090875387e+03,1.012018854450575844e+02,6.196828253898342017e-15,0.000000000000000000e+00,1.249144393607559481e-05,7.838130740780736429e-22,-9.760839821486856138e+00,8.999999999999998579e+01,-1.815043673635145024e-06,0.000000000000000000e+00,2.558332872076199750e-19,-5.106014983377724602e-03,-8.104411762919627775e-27
1.865950000284017733e+04,0.000000000000000000e+00,1.696091622976679503e+01,1.000000254740007222e+03,1.012018853415148527e+02,6.196828247558176991e-15,4.235158333664199665e-22,-7.298970633409303688e-06,-4.274544719070517320e-22,-9.760955354136070738e+00,8.999999999999998579e+01,-1.867268310343820971e-06,0.000000000000000000e+00,2.558332872076199750e-19,-5.040605803938831390e-03,-8.337601722039631529e-27
1.866950000284221460e+04,0.000000000000000000e+00,1.697000592467911417e+01,1.000000255219638348e+03,1.012018852740601886e+02,6.196828243427770711e-15,1.282358727804138143e-27,4.087385668457555306e-05,2.520160880380949412e-21,-9.760848194802054678e+00,8.999999999999998579e+01,-1.664097357010155210e-06,0.000000000000000000e+00,2.558332872076200231e-19,-5.101274416175157096e-03,-7.430416353445605299e-27
1.867950000284425187e+04,0.000000000000000000e+00,1.697909561959148661e+01,1.000000255696475506e+03,1.012018854031113619e+02,6.196828251329877174e-15,4.235158315284943471e-22,1.636651975171061246e-05,1.020198275561910416e-21,-9.760779842211421808e+00,8.999999999999998579e+01,-1.729199179104712740e-06,0.000000000000000000e+00,2.558332872076200231e-19,-5.139972447868112852e-03,-7.721104660528560835e-27
1.868950000284628914e+04,0.000000000000000000e+00,1.698818531450389457e+01,1.000000256177969277e+03,1.012018854814209021e+02,6.196828256124952409e-15,4.235158306085441927e-22,-5.914533269551722363e-05,-3.602518771898842556e-21,-9.760878445814407556e+00,8.999999999999998579e+01,-1.829874004332815318e-06,0.000000000000000000e+00,2.558332872076199750e-19,-5.084147689206702792e-03,-8.170631164854716709e-27
1.869950000284832640e+04,0.000000000000000000e+00,1.699727500941641978e+01,1.000000256653875113e+03,1.012018851935902859e+02,6.196828238500409813e-15,-4.235164736271501695e-22,7.879007552079248303e-05,4.841268508231829336e-21,-9.760677025529373552e+00,8.999999999999998579e+01,-1.607453167906645973e-06,0.000000000000000000e+00,2.558332872076200231e-19,-5.198182464983988789e-03,-7.177492504207250320e-27
1.870950000285036367e+04,0.000000000000000000e+00,1.700636470432897340e+01,1.000000257134437561e+03,1.012018854056376114e+02,6.196828251484562542e-15,0.000000000000000000e+00,-6.092182209010700602e-06,-3.534567176495372597e-22,-9.760955349062506059e+00,8.999999999999998579e+01,-1.877168545939224155e-06,0.000000000000000000e+00,2.558332872076199750e-19,-5.040608666288724955e-03,-8.381807592664423165e-27
1.871950000285240094e+04,0.000000000000000000e+00,1.701545439924158032e+01,1.000000257611274719e+03,1.012018853502750488e+02,6.196828248094585052e-15,-3.022249063598020269e-25,6.231786274515039236e-05,3.833281722906498317e-21,-9.760732710149937930e+00,8.999999999999998579e+01,-1.669310378011659625e-06,0.000000000000000000e+00,2.558332872076200231e-19,-5.166656418857783900e-03,-7.453693186581153543e-27
1.872950000285443821e+04,0.000000000000000000e+00,1.702454409415425118e+01,1.000000258089043200e+03,1.012018853804533762e+02,6.196828249942473579e-15,4.235164736271501695e-22,6.762948148109208842e-07,5.966495612479612001e-23,-9.760835512583103224e+00,8.999999999999998579e+01,-1.750074064828342873e-06,0.000000000000000000e+00,2.558332872076200231e-19,-5.108454482754209991e-03,-7.814313805777038692e-27
1.873950000285647548e+04,0.000000000000000000e+00,1.703363378906697889e+01,1.000000258565880358e+03,1.012018853043549171e+02,6.196828245282787385e-15,4.235164736271501695e-22,3.951081770183087423e-05,2.438922424486763143e-21,-9.760908255963576252e+00,8.999999999999998579e+01,-1.877249419995242552e-06,0.000000000000000000e+00,2.558332872076199750e-19,-5.067270583929785188e-03,-8.382168706096802753e-27
1.874950000285851274e+04,0.000000000000000000e+00,1.704272348397973857e+01,1.000000259045511484e+03,1.012018855546421889e+02,6.196828260608463874e-15,4.235158250750203929e-22,-5.762339613290586314e-05,-3.509240822803729150e-21,-9.760878382989970348e+00,8.999999999999998579e+01,-1.838138578010570969e-06,0.000000000000000000e+00,2.558332872076199750e-19,-5.084183245710626256e-03,-8.207533587150361232e-27
1.875950000286055001e+04,0.000000000000000000e+00,1.705181317889257997e+01,1.000000259524211287e+03,1.012018853647189758e+02,6.196828248979019611e-15,0.000000000000000000e+00,-4.888240305934822874e-06,-2.794581390600687983e-22,-9.760955344964909131e+00,8.999999999999998579e+01,-1.903856584275802556e-06,1.895758319773387158e-22,2.558332872076199750e-19,-5.040610985667421003e-03,-8.500973238629862349e-27
1.876950000286258728e+04,0.000000000000000000e+00,1.706090287380549952e+01,1.000000260001048446e+03,1.012018854454680081e+02,6.196828253923472759e-15,-4.235161122237696747e-22,2.952357307881164103e-05,1.826713651047489381e-21,-9.760844058207037932e+00,8.999999999999998579e+01,-1.813427225138027458e-06,0.000000000000000000e+00,2.558332872076199750e-19,-5.103616339357242015e-03,-8.097194105072336221e-27
1.877950000286462455e+04,0.000000000000000000e+00,1.706999256871841553e+01,1.000000260476954281e+03,1.012018854196727489e+02,6.196828252343968122e-15,4.235164736271501695e-22,-4.293913948982728504e-05,-2.610797581169988101e-21,-9.760882614192288642e+00,8.999999999999998579e+01,-1.770225162997085697e-06,0.000000000000000000e+00,2.558332872076200231e-19,-5.081787745931931610e-03,-7.904291143185912123e-27
1.878950000286666182e+04,0.000000000000000000e+00,1.707908226363144522e+01,1.000000260955654085e+03,1.012018854547876714e+02,6.196828254494137104e-15,4.235158213728399614e-22,-2.558670208383019922e-05,-1.548523398641187515e-21,-9.760826966793079151e+00,8.999999999999998579e+01,-1.745705071284904554e-06,0.000000000000000000e+00,2.558332872076200231e-19,-5.113292698957378271e-03,-7.794805667664501322e-27
1.879950000286869908e+04,0.000000000000000000e+00,1.708817195854452820e+01,1.000000261432491243e+03,1.012018854519568549e+02,6.196828254320799120e-15,6.531815009012518461e-28,-3.493332304970229009e-05,-2.119281180330514377e-21,-9.761006704206613094e+00,8.999999999999998579e+01,-1.894996510136340442e-06,0.000000000000000000e+00,2.558332872076199750e-19,-5.011533772159671579e-03,-8.461411827453245586e-27
1.880950000287073635e+04,0.000000000000000000e+00,1.709726165345765736e+01,1.000000261908397079e+03,1.012018856083407599e+02,6.196828263896551301e-15,4.235158195178003668e-22,-7.642846695422336972e-05,-4.659987696556654067e-21,-9.760993864258436403e+00,8.999999999999998579e+01,-1.908251187550390649e-06,0.000000000000000000e+00,2.558332872076199750e-19,-5.018803137296406515e-03,-8.520595727603146023e-27
1.881950000287277362e+04,0.000000000000000000e+00,1.710635134837077942e+01,1.000000262424349785e+03,1.012018853675003101e+02,6.196828249149327581e-15,0.000000000000000000e+00,1.368702479026360843e-05,8.577268411146989406e-22,-9.760899758462862508e+00,8.999999999999998579e+01,-1.882589014821582302e-06,0.000000000000000000e+00,2.558332872076199750e-19,-5.072081460243082346e-03,-8.406010708219621540e-27
1.882950000287481089e+04,0.000000000000000000e+00,1.711544104328393701e+01,1.000000262937508523e+03,1.012018853542217158e+02,6.196828248336248646e-15,0.000000000000000000e+00,1.075026979741472748e-05,6.775334028477209455e-22,-9.760959623410522923e+00,8.999999999999998579e+01,-1.847215839848253138e-06,0.000000000000000000e+00,2.558332872076199750e-19,-5.038188724102546021e-03,-8.248064770328491960e-27
1.883950000287684816e+04,0.000000000000000000e+00,1.712453073819721894e+01,1.000000263415277004e+03,1.012018853887343965e+02,6.196828250449540747e-15,4.379837499912884161e-28,3.135903583525649727e-05,1.937880041855195576e-21,-9.760844086401444741e+00,8.999999999999998579e+01,-1.696107581663091509e-06,0.000000000000000000e+00,2.558332872076200231e-19,-5.103600376180189233e-03,-7.573346270218012434e-27
1.884950000287888543e+04,0.000000000000000000e+00,1.713362043311055416e+01,1.000000263893976808e+03,1.012018854411081179e+02,6.196828253656505662e-15,6.578273276591943776e-28,-1.010223823100759609e-05,-6.007441643807644864e-22,-9.760831230447484685e+00,8.999999999999998579e+01,-1.710165686996843206e-06,0.000000000000000000e+00,2.558332872076200231e-19,-5.110878812573141708e-03,-7.636117583044351292e-27
1.885950000288092269e+04,0.000000000000000000e+00,1.714271012802394978e+01,1.000000264370813966e+03,1.012018854986198875e+02,6.196828257178085662e-15,4.235164736271501695e-22,-4.091060779397249960e-05,-2.486754703138458020e-21,-9.760882561308569905e+00,8.999999999999998579e+01,-1.754036540674776989e-06,0.000000000000000000e+00,2.558332872076200231e-19,-5.081817672133398175e-03,-7.832006788225120008e-27
1.886950000288295996e+04,0.000000000000000000e+00,1.715179982293742356e+01,1.000000264848582447e+03,1.012018854369733276e+02,6.196828253403323910e-15,0.000000000000000000e+00,1.064058067263084135e-06,8.301138017394312785e-23,-9.760895362088183091e+00,8.999999999999998579e+01,-1.711734579084689348e-06,0.000000000000000000e+00,2.558332872076200231e-19,-5.074570472052334323e-03,-7.643122895189829437e-27
1.887950000288499723e+04,0.000000000000000000e+00,1.716088951785098971e+01,1.000000265327282250e+03,1.012018853247710553e+02,6.196828246532916561e-15,4.235164736271501695e-22,3.239416105399534404e-05,2.001403542869186329e-21,-9.760844106846358059e+00,8.999999999999998579e+01,-1.709563178681440498e-06,0.000000000000000000e+00,2.558332872076200231e-19,-5.103588803708928451e-03,-7.633427303163190683e-27
1.888950000288703450e+04,0.000000000000000000e+00,1.716997921276459138e+01,1.000000265803188086e+03,1.012018852864163563e+02,6.196828244184366417e-15,0.000000000000000000e+00,6.043393106183813057e-05,3.719953532242552886e-21,-9.760852740084507317e+00,8.999999999999998579e+01,-1.863880135253546500e-06,0.000000000000000000e+00,2.558332872076199750e-19,-5.098701069274926695e-03,-8.322473068963498553e-27
1.889950000288907177e+04,0.000000000000000000e+00,1.717906890767824635e+01,1.000000266280956566e+03,1.012018853674785248e+02,6.196828249147994406e-15,0.000000000000000000e+00,1.173732394220686331e-05,7.341045387950518189e-22,-9.760715703504187601e+00,8.999999999999997158e+01,-1.476987878971407531e-06,0.000000000000000000e+00,2.558332872076200231e-19,-5.176284772398431419e-03,-6.594947611399343525e-27
1.890950000289110903e+04,0.000000000000000000e+00,1.718815860259198303e+01,1.000000266755931079e+03,1.012018854081859729e+02,6.196828251640607118e-15,0.000000000000000000e+00,-1.515033686738640503e-05,-9.087161170478750681e-22,-9.760951038130929902e+00,8.999999999999998579e+01,-1.818878534572970694e-06,0.000000000000000000e+00,2.558332872076199750e-19,-5.043049297614491180e-03,-8.121534927802724524e-27
1.891950000289314630e+04,0.000000000000000000e+00,1.719724829750573392e+01,1.000000267237424850e+03,1.012018853457057048e+02,6.196828247814793444e-15,-4.235158092680197756e-22,2.615576358079080348e-05,1.618886112179682233e-21,-9.760720010252954992e+00,8.999999999999998579e+01,-1.659183389699457914e-06,0.000000000000000000e+00,2.558332872076200231e-19,-5.173846492222715886e-03,-7.408474834872855885e-27
1.892950000289518357e+04,0.000000000000000000e+00,1.720633799241955941e+01,1.000000267716124654e+03,1.012018853703974059e+02,6.196828249326723466e-15,8.470325775746614372e-22,2.571382408125172610e-06,1.761498907373582746e-22,-9.760895430969377173e+00,8.999999999999998579e+01,-1.792466775531474062e-06,0.000000000000000000e+00,2.558332872076200231e-19,-5.074531475767979881e-03,-8.003602905689665155e-27
1.893950000289722084e+04,0.000000000000000000e+00,1.721542768733342044e+01,1.000000268190167844e+03,1.012018853737097146e+02,6.196828249529545127e-15,0.000000000000000000e+00,9.491776631271814512e-06,5.987934611068866201e-22,-9.760775618525933339e+00,8.999999999999998579e+01,-1.686091879128787461e-06,0.000000000000000000e+00,2.558332872076200231e-19,-5.142363682403709550e-03,-7.528624824331066528e-27
1.894950000289925811e+04,0.000000000000000000e+00,1.722451738224734896e+01,1.000000268666073680e+03,1.012018852842769689e+02,6.196828244053367386e-15,0.000000000000000000e+00,3.086284201616962882e-05,1.908234485708445347e-21,-9.760904050181157032e+00,8.999999999999998579e+01,-1.766770517149769884e-06,0.000000000000000000e+00,2.558332872076200231e-19,-5.069651685946484181e-03,-7.888865689325821663e-27
1.895950000290129537e+04,0.000000000000000000e+00,1.723360707716133433e+01,1.000000269141979516e+03,1.012018854225063222e+02,6.196828252517474923e-15,1.336212139881723916e-27,1.718392674742662388e-05,1.071413284263790432e-21,-9.760899743845122600e+00,8.999999999999998579e+01,-1.840606587964535339e-06,0.000000000000000000e+00,2.558332872076199750e-19,-5.072089719245629312e-03,-8.218553580328734505e-27
1.896950000290333264e+04,0.000000000000000000e+00,1.724269677207552576e+01,1.000000269622541964e+03,1.012018854278240809e+02,6.196828252843093828e-15,0.000000000000000000e+00,1.028965097579774629e-05,6.477428039872634992e-22,-9.760775623257131883e+00,8.999999999999998579e+01,-1.694961325231816262e-06,0.000000000000000000e+00,2.558332872076200231e-19,-5.142360996305754377e-03,-7.568228082573335496e-27
1.897950000290536991e+04,0.000000000000000000e+00,1.725178646698962481e+01,1.000000270096585155e+03,1.012018854516779243e+02,6.196828254303720281e-15,0.000000000000000000e+00,-6.700949393223102974e-06,-3.923982457700674224e-22,-9.760831213698766717e+00,8.999999999999998579e+01,-1.717564922082601908e-06,0.000000000000000000e+00,2.558332872076200231e-19,-5.110888282980496737e-03,-7.669156153265380951e-27
1.898950000290740718e+04,0.000000000000000000e+00,1.726087616190377716e+01,1.000000270569697022e+03,1.012018853140717880e+02,6.196828245877773890e-15,8.470324999179655375e-22,4.100751875464673595e-06,2.698989746574229150e-22,-9.760895401593911558e+00,8.999999999999998579e+01,-1.802263841346110689e-06,0.000000000000000000e+00,2.558332872076200231e-19,-5.074548106904918851e-03,-8.047348109501332856e-27
1.899950000290944445e+04,0.000000000000000000e+00,1.726996585681799345e+01,1.000000271042808890e+03,1.012018853769053379e+02,6.196828249725219708e-15,-4.235151299000683774e-22,-1.667553039645994946e-05,-1.004290435873588222e-21,-9.760766988247651099e+00,8.999999999999998579e+01,-1.609690641919012595e-06,0.000000000000000000e+00,2.558332872076200231e-19,-5.147249738492698859e-03,-7.187483123699469620e-27
1.900950000291148172e+04,0.000000000000000000e+00,1.727905555173227015e+01,1.000000271517783403e+03,1.012018853609323799e+02,6.196828248747157614e-15,4.235164736271501695e-22,6.355039715813861083e-05,3.909503001677522628e-21,-9.760852822359330716e+00,8.999999999999998579e+01,-1.741217547925835988e-06,0.000000000000000000e+00,2.558332872076200231e-19,-5.098654472177675638e-03,-7.774768278137245413e-27
1.901950000291351898e+04,0.000000000000000000e+00,1.728814524664657881e+01,1.000000271992757916e+03,1.012018853365709248e+02,6.196828247255449252e-15,4.235164736271501695e-22,-9.072335966788911841e-06,-5.370509768389742376e-22,-9.760891112295681182e+00,8.999999999999998579e+01,-1.770565042279265565e-06,0.000000000000000000e+00,2.558332872076200231e-19,-5.076976503087585885e-03,-7.905808749452077163e-27
1.902950000291555625e+04,0.000000000000000000e+00,1.729723494156096919e+01,1.000000272470526397e+03,1.012018854978897338e+02,6.196828257133376181e-15,1.349377110661908980e-27,-5.394370066792428307e-05,-3.282862119442154402e-21,-9.760938032759893801e+00,8.999999999999998579e+01,-1.939966294958190752e-06,0.000000000000000000e+00,2.558332872076199750e-19,-5.050412314278079906e-03,-8.662207906567001709e-27
1.903950000291759352e+04,0.000000000000000000e+00,1.730632463647544128e+01,1.000000272946432233e+03,1.012018854567354254e+02,6.196828254613402618e-15,6.756315432315439107e-28,-5.145332001281243774e-06,-2.966416990630765788e-22,-9.760831208430463590e+00,8.999999999999998579e+01,-1.765718531501613841e-06,0.000000000000000000e+00,2.558332872076200231e-19,-5.110891260148025736e-03,-7.884168433284448927e-27
1.904950000291963079e+04,0.000000000000000000e+00,1.731541433138994890e+01,1.000000273421406746e+03,1.012018855456043838e+02,6.196828260055056650e-15,8.470322706791110361e-22,-6.044941392445353387e-05,-3.683290612319312259e-21,-9.760813907694890545e+00,8.999999999999998579e+01,-1.741814014336151173e-06,0.000000000000000000e+00,2.558332872076200231e-19,-5.120686121408441621e-03,-7.777431580107420356e-27
1.905950000292166806e+04,0.000000000000000000e+00,1.732450402630454178e+01,1.000000273899175227e+03,1.012018853481234117e+02,6.196828247962835026e-15,6.775194936596547215e-28,9.307890057964997635e-06,5.873162426945807056e-22,-9.760835540132962507e+00,8.999999999999998579e+01,-1.665499075725785168e-06,0.000000000000000000e+00,2.558332872076200231e-19,-5.108438860336040124e-03,-7.436675214216984931e-27
1.906950000292370532e+04,0.000000000000000000e+00,1.733359372121917374e+01,1.000000274369493127e+03,1.012018853363698412e+02,6.196828247243137500e-15,4.235157951626939797e-22,5.120904894976906701e-05,3.153698140619585560e-21,-9.760848548272988978e+00,8.999999999999998579e+01,-1.730171726635544598e-06,0.000000000000000000e+00,2.558332872076200231e-19,-5.101074257898885987e-03,-7.725447214795087716e-27
1.907950000292574259e+04,0.000000000000000000e+00,1.734268341613384123e+01,1.000000274844467640e+03,1.012018854410565467e+02,6.196828253653347852e-15,8.470315884341465712e-22,-5.875446676507274710e-07,-1.709645909995229734e-23,-9.761015240353518863e+00,8.999999999999998579e+01,-1.809905861609859705e-06,0.000000000000000000e+00,2.558332872076200231e-19,-5.006700981006084739e-03,-8.081470747880581053e-27
1.908950000292777986e+04,0.000000000000000000e+00,1.735177311104856201e+01,1.000000275322236121e+03,1.012018854816762001e+02,6.196828256140584476e-15,4.235164736271501695e-22,6.559862648081745987e-06,4.204439382492817319e-22,-9.760895438190237527e+00,8.999999999999998579e+01,-1.799196272346352083e-06,0.000000000000000000e+00,2.558332872076200231e-19,-5.074527364044695114e-03,-8.033651005323435240e-27
1.909950000292981713e+04,0.000000000000000000e+00,1.736086280596336451e+01,1.000000275794416666e+03,1.012018855136124103e+02,6.196828258096113863e-15,6.813032930048034131e-28,-2.786218266434785571e-05,-1.688457668982706593e-21,-9.760762622392231691e+00,8.999999999999998579e+01,-1.688076204063581317e-06,0.000000000000000000e+00,2.558332872076200231e-19,-5.149721461397689486e-03,-7.537485099472979323e-27
1.910950000293185440e+04,0.000000000000000000e+00,1.736995250087816700e+01,1.000000276273116469e+03,1.012018854536796653e+02,6.196828254426291122e-15,4.235164736271501695e-22,-6.806764696813496835e-06,-3.983539691746259332e-22,-9.760891051115956785e+00,8.999999999999998579e+01,-1.767739447080975799e-06,0.000000000000000000e+00,2.558332872076200231e-19,-5.077011121918871030e-03,-7.893192090528158754e-27
1.911950000293389166e+04,0.000000000000000000e+00,1.737904219579311871e+01,1.000000276754610240e+03,1.012018855657655791e+02,6.196828261289574268e-15,4.235160181053496526e-22,-6.211807853658729876e-05,-3.784297718262155360e-21,-9.760873742519363461e+00,8.999999999999998579e+01,-1.853767654551473210e-06,0.000000000000000000e+00,2.558332872076199750e-19,-5.086810431546922098e-03,-8.277319495666809453e-27
1.912950000293592893e+04,0.000000000000000000e+00,1.738813189070806686e+01,1.000000277226790786e+03,1.012018852663359638e+02,6.196828242954798112e-15,4.235164736271501695e-22,6.664035129956949780e-05,4.099043771505167163e-21,-9.760852946752219594e+00,8.999999999999998579e+01,-1.773393912741434173e-06,0.000000000000000000e+00,2.558332872076200231e-19,-5.098584045316310355e-03,-7.918440032865474851e-27
1.913950000293796620e+04,0.000000000000000000e+00,1.739722158562305054e+01,1.000000277700833976e+03,1.012018855002482525e+02,6.196828257277794525e-15,6.850976236327105605e-28,-9.593203395919064247e-06,-5.674725172644119557e-22,-9.760950994316763385e+00,8.999999999999998579e+01,-1.911919059553524660e-06,0.000000000000000000e+00,2.558332872076199750e-19,-5.043074075445154285e-03,-8.536973264650257829e-27
1.914950000294000347e+04,0.000000000000000000e+00,1.740631128053810528e+01,1.000000278173014522e+03,1.012018853084731518e+02,6.196828245534956240e-15,4.235171596750019239e-22,8.104587055236159678e-05,4.980872566060161908e-21,-9.760857321194988501e+00,8.999999999999998579e+01,-1.748961539302417268e-06,0.000000000000000000e+00,2.558332872076200231e-19,-5.096107434154910701e-03,-7.809346231117636043e-27
1.915950000294204074e+04,0.000000000000000000e+00,1.741540097545320975e+01,1.000000278647057712e+03,1.012018853996738699e+02,6.196828251119390940e-15,0.000000000000000000e+00,5.101198047418104543e-06,3.287692894015505340e-22,-9.760711412857162372e+00,8.999999999999998579e+01,-1.573421696015638744e-06,0.000000000000000000e+00,2.558332872076200231e-19,-5.178713911968865595e-03,-7.025537449290818952e-27
1.916950000294407801e+04,0.000000000000000000e+00,1.742449067036838883e+01,1.000000279122963548e+03,1.012018854276159487e+02,6.196828252830348202e-15,4.232045279830100167e-22,-2.273967347499339121e-05,-1.372985662079931788e-21,-9.760946632342303531e+00,8.999999999999998579e+01,-1.861439166361309808e-06,0.000000000000000000e+00,2.558332872076199750e-19,-5.045543626182980891e-03,-8.311573817727556218e-27
1.917950000294611527e+04,0.000000000000000000e+00,1.743358036528357502e+01,1.000000279600732028e+03,1.012018854739164198e+02,6.196828255665433832e-15,4.235160143024214089e-22,-1.534660539202199303e-05,-9.212479527391627868e-22,-9.760826841782590080e+00,8.999999999999998579e+01,-1.769827444535846389e-06,0.000000000000000000e+00,2.558332872076200231e-19,-5.113363439336774535e-03,-7.902515277281185611e-27
1.918950000294815254e+04,0.000000000000000000e+00,1.744267006019884647e+01,1.000000280075706542e+03,1.012018854845342588e+02,6.196828256315589324e-15,3.123776872348631091e-25,3.683239467101548945e-05,2.274750628130618875e-21,-9.760904201419362991e+00,8.999999999999998579e+01,-1.861103328964663230e-06,0.000000000000000000e+00,2.558332872076199750e-19,-5.069566023491386096e-03,-8.310074259018666641e-27
1.919950000295018981e+04,0.000000000000000000e+00,1.745175975511420674e+01,1.000000280553475022e+03,1.012018853606550834e+02,6.196828248730178172e-15,0.000000000000000000e+00,1.294748881301802326e-05,8.109402081470535524e-22,-9.760835565488982013e+00,8.999999999999998579e+01,-1.738489280095035648e-06,0.000000000000000000e+00,2.558332872076200231e-19,-5.108424492031697801e-03,-7.762586198872973470e-27
1.920950000295222708e+04,0.000000000000000000e+00,1.746084945002958122e+01,1.000000281022861600e+03,1.012018854930173717e+02,6.196828256835030564e-15,4.235164736271501695e-22,-3.565289641360469178e-05,-2.163442068195073247e-21,-9.760942252129567009e+00,8.999999999999998579e+01,-1.885448913067161732e-06,0.000000000000000000e+00,2.558332872076199750e-19,-5.048023489160419208e-03,-8.418780534818781271e-27
1.921950000295426435e+04,0.000000000000000000e+00,1.746993914494500544e+01,1.000000281488522887e+03,1.012018853800216647e+02,6.196828249916040427e-15,0.000000000000000000e+00,-7.630657698286430252e-06,-4.480604336232613380e-22,-9.760950983487445498e+00,8.999999999999998579e+01,-1.838764589652954041e-06,0.000000000000000000e+00,2.558332872076199750e-19,-5.043080210766834673e-03,-8.210328812517082127e-27
1.922950000295630161e+04,0.000000000000000000e+00,1.747902883986046874e+01,1.000000281964428723e+03,1.012018855090217926e+02,6.196828257815019056e-15,4.235164736271501695e-22,6.444992504551781866e-06,4.147371921751056577e-22,-9.760955353237667609e+00,8.999999999999998579e+01,-1.926434618665672495e-06,0.000000000000000000e+00,2.558332872076199750e-19,-5.040606249279188864e-03,-8.601787169529049953e-27
1.923950000295833888e+04,0.000000000000000000e+00,1.748811853477597822e+01,1.000000282440334558e+03,1.012018853369349216e+02,6.196828247277737728e-15,6.946295242825360180e-28,2.423258579286765142e-05,1.502916139734100143e-21,-9.760899837214973118e+00,8.999999999999998579e+01,-1.830865895864554427e-06,0.000000000000000000e+00,2.558332872076199750e-19,-5.072036841927521009e-03,-8.175060092661874461e-27
1.924950000296037615e+04,0.000000000000000000e+00,1.749720822969158363e+01,1.000000282917171717e+03,1.012018855033756495e+02,6.196828257469292876e-15,4.235164736271501695e-22,-3.766104738460823812e-05,-2.288188063236943688e-21,-9.760758186495456457e+00,8.999999999999998579e+01,-1.714633434723599294e-06,0.000000000000000000e+00,2.558332872076200231e-19,-5.152232847787618399e-03,-7.656066671739260767e-27
1.925950000296241342e+04,0.000000000000000000e+00,1.750629792460719969e+01,1.000000283395871520e+03,1.012018853011668824e+02,6.196828245087577443e-15,0.000000000000000000e+00,2.836703403128428537e-05,1.756199324810705837e-21,-9.760839983673250231e+00,8.999999999999998579e+01,-1.842438680410297944e-06,0.000000000000000000e+00,2.558332872076199750e-19,-5.105923122446028202e-03,-8.226734117130064547e-27
1.926950000296445069e+04,0.000000000000000000e+00,1.751538761952288681e+01,1.000000283873640001e+03,1.012018856595997676e+02,6.196828267035260026e-15,4.235157761252208523e-22,-7.582616904227940330e-05,-4.623087696781561605e-21,-9.760929080578602424e+00,8.999999999999998579e+01,-1.910170492270569477e-06,0.000000000000000000e+00,2.558332872076199750e-19,-5.055480587178357368e-03,-8.529165678826242572e-27
1.927950000296648795e+04,0.000000000000000000e+00,1.752447731443860945e+01,1.000000284351408482e+03,1.012018853691903217e+02,6.196828249252811143e-15,4.235157751664360790e-22,3.253953636996723456e-05,2.010410117135443486e-21,-9.760780077470961658e+00,8.999999999999998579e+01,-1.719631083653806320e-06,0.000000000000000000e+00,2.558332872076200231e-19,-5.139839207346136134e-03,-7.678381839889344172e-27
1.928950000296852522e+04,0.000000000000000000e+00,1.753356700935440315e+01,1.000000284823589027e+03,1.012018855166213314e+02,6.196828258280357060e-15,4.235157742069931700e-22,-3.370621925030259770e-05,-2.044026231123302039e-21,-9.760942208508613049e+00,8.999999999999998579e+01,-1.906178215128639658e-06,0.000000000000000000e+00,2.558332872076199750e-19,-5.048048176447920803e-03,-8.511339629624301411e-27
1.929950000297056249e+04,0.000000000000000000e+00,1.754265670427026080e+01,1.000000285302288830e+03,1.012018854036459459e+02,6.196828251362607801e-15,4.235164736271501695e-22,1.552601308641249098e-05,9.691105012242397776e-22,-9.760835594505177681e+00,8.999999999999998579e+01,-1.765532497054124253e-06,0.000000000000000000e+00,2.558332872076200231e-19,-5.108408052078538576e-03,-7.883337764696995779e-27
1.930950000297259976e+04,0.000000000000000000e+00,1.755174639918618240e+01,1.000000285774469376e+03,1.012018853108136227e+02,6.196828245678269389e-15,4.235157722861327096e-22,4.352960911284321533e-05,2.684201846233118469e-21,-9.760844397554865992e+00,8.999999999999998579e+01,-1.800582113959145152e-06,0.000000000000000000e+00,2.558332872076200231e-19,-5.103424183283112280e-03,-8.039838972715849214e-27
1.931950000297463703e+04,0.000000000000000000e+00,1.756083609410210755e+01,1.000000286251306534e+03,1.012018853900338939e+02,6.196828250529112357e-15,-3.151859887257944090e-25,3.640394562943141839e-05,2.248356585732422246e-21,-9.760964145639976053e+00,8.999999999999998579e+01,-1.846103348552088097e-06,0.000000000000000000e+00,2.558332872076199750e-19,-5.035628404191217281e-03,-8.243097348509528035e-27
1.932950000297667430e+04,0.000000000000000000e+00,1.756992578901807889e+01,1.000000286729075015e+03,1.012018853342597851e+02,6.196828247113932339e-15,0.000000000000000000e+00,2.004832742844397903e-05,1.245140987209285774e-21,-9.760775711456100012e+00,8.999999999999998579e+01,-1.680921376087795714e-06,0.000000000000000000e+00,2.558332872076200231e-19,-5.142311040524169194e-03,-7.505537839552512156e-27
1.933950000297871156e+04,0.000000000000000000e+00,1.757901548393411773e+01,1.000000287204980850e+03,1.012018852432950240e+02,6.196828241543947993e-15,0.000000000000000000e+00,6.190410064442451190e-05,3.808288500102249131e-21,-9.760788899588721534e+00,8.999999999999998579e+01,-1.702124586794955043e-06,0.000000000000000000e+00,2.558332872076200231e-19,-5.134844541918707345e-03,-7.600212999584671507e-27
1.934950000298074883e+04,0.000000000000000000e+00,1.758810517885019920e+01,1.000000287678092718e+03,1.012018856018062820e+02,6.196828263496430794e-15,0.000000000000000000e+00,-8.025814116925559605e-05,-4.896819776293376541e-21,-9.760804821356694916e+00,8.999999999999998579e+01,-1.684717048240840212e-06,0.000000000000000000e+00,2.558332872076200231e-19,-5.125830352282190888e-03,-7.522486021291693467e-27
1.935950000298278610e+04,0.000000000000000000e+00,1.759719487376635172e+01,1.000000288154929876e+03,1.012018854260253420e+02,6.196828252732951490e-15,7.061546868451491637e-28,1.331441227662154686e-05,8.355490955979331464e-22,-9.760895487444846808e+00,8.999999999999998579e+01,-1.943750676483492906e-06,0.000000000000000000e+00,2.558332872076199750e-19,-5.074499460819685906e-03,-8.679105674149423717e-27
1.936950000298482337e+04,0.000000000000000000e+00,1.760628456868258240e+01,1.000000288628041744e+03,1.012018854329155744e+02,6.196828253154857968e-15,4.238327397416995270e-22,-2.800131257408563162e-05,-1.695834157718127094e-21,-9.760882284842709922e+00,8.999999999999998579e+01,-1.797604362311051989e-06,0.000000000000000000e+00,2.558332872076200231e-19,-5.081974157351510681e-03,-8.026542914976630665e-27
1.937950000298686064e+04,0.000000000000000000e+00,1.761537426359882375e+01,1.000000289114192128e+03,1.012018854049620131e+02,6.196828251443196254e-15,7.080847619315904010e-28,4.159250535954567128e-05,2.565987523031495559e-21,-9.760904299398685424e+00,8.999999999999998579e+01,-1.838736865319849881e-06,0.000000000000000000e+00,2.558332872076199750e-19,-5.069510543488272777e-03,-8.210205019676948789e-27
1.938950000298889790e+04,0.000000000000000000e+00,1.762446395851512904e+01,1.000000289591029286e+03,1.012018856299551857e+02,6.196828265220054796e-15,0.000000000000000000e+00,-8.929528359896095671e-05,-5.451061000018184011e-21,-9.760740483699272829e+00,8.999999999999998579e+01,-1.600765360690972325e-06,0.000000000000000000e+00,2.558332872076200231e-19,-5.162255322610426363e-03,-7.147630554186900756e-27
1.939950000299093517e+04,0.000000000000000000e+00,1.763355365343148051e+01,1.000000290063209832e+03,1.012018855173127889e+02,6.196828258322696014e-15,4.235157636096804012e-22,-6.628566839594299698e-05,-4.039198234899944454e-21,-9.761053097490636432e+00,8.999999999999998579e+01,-1.881528273773695216e-06,0.000000000000000000e+00,2.558332872076199750e-19,-4.985268007204605133e-03,-8.401274358152244622e-27
1.940950000299297244e+04,0.000000000000000000e+00,1.764264334834789594e+01,1.000000290539115667e+03,1.012018854609963938e+02,6.196828254874311262e-15,7.109848109573612198e-28,-1.941360993438432571e-05,-1.171607443915730740e-21,-9.760762507437396707e+00,8.999999999999998579e+01,-1.642477924387518540e-06,0.000000000000000000e+00,2.558332872076200231e-19,-5.149786522214915355e-03,-7.333882707120924620e-27
1.941950000299500971e+04,0.000000000000000000e+00,1.765173304326434689e+01,1.000000291014090180e+03,1.012018853295931251e+02,6.196828246828181676e-15,4.235157616743398252e-22,4.639259080873530083e-05,2.858848302570031328e-21,-9.760844415507420990e+00,8.999999999999998579e+01,-1.737186217278677805e-06,0.000000000000000000e+00,2.558332872076200231e-19,-5.103414008384593060e-03,-7.756767849832612014e-27
1.942950000299704698e+04,0.000000000000000000e+00,1.766082273818112114e+01,1.000000291494652629e+03,1.012018853551007282e+02,6.196828248390072625e-15,7.129214678974475843e-28,3.279059854314218320e-05,2.025674379126449279e-21,-9.760840039398868129e+00,8.999999999999998579e+01,-1.709184380720170456e-06,0.000000000000000000e+00,2.558332872076200231e-19,-5.105891553931250250e-03,-7.631735919810998610e-27
1.943950000299908424e+04,0.000000000000000000e+00,1.766991243309769999e+01,1.000000291967764497e+03,1.012018855124041465e+02,6.196828258022128965e-15,0.000000000000000000e+00,-5.776874290675235765e-05,-3.518122634437060364e-21,-9.760933299361271409e+00,8.999999999999998579e+01,-1.839864460572540689e-06,0.000000000000000000e+00,2.558332872076199750e-19,-5.053092108186381208e-03,-8.215239882673615560e-27
1.944950000300112151e+04,0.000000000000000000e+00,1.767900212801430015e+01,1.000000292441807687e+03,1.012018855340587038e+02,6.196828259348087395e-15,3.179943272671704478e-25,-3.983371930119744499e-05,-2.420724735222766454e-21,-9.760877790813889732e+00,8.999999999999998579e+01,-1.762636380429196793e-06,0.000000000000000000e+00,2.558332872076200231e-19,-5.084518451029064467e-03,-7.870406218209829543e-27
1.945950000300315878e+04,0.000000000000000000e+00,1.768809182293098203e+01,1.000000292915850878e+03,1.012018852840942600e+02,6.196828244042179760e-15,8.470324699736285794e-22,4.742267409212874946e-05,2.922359350238048710e-21,-9.760844508677257281e+00,8.999999999999998579e+01,-1.779108430626796463e-06,0.000000000000000000e+00,2.558332872076200231e-19,-5.103361260809550874e-03,-7.943956116385813030e-27
1.946950000300519605e+04,0.000000000000000000e+00,1.769718151784761773e+01,1.000000293407589197e+03,1.012018854433955397e+02,6.196828253796569494e-15,4.235164736271501695e-22,2.996618366044078233e-05,1.854768804979649879e-21,-9.760899937260235859e+00,8.999999999999998579e+01,-1.904730798240097914e-06,0.000000000000000000e+00,2.558332872076199750e-19,-5.071980171881935139e-03,-8.504876720423968838e-27
1.947950000300723332e+04,0.000000000000000000e+00,1.770627121276438487e+01,1.000000293881632388e+03,1.012018854266900973e+02,6.196828252773656713e-15,0.000000000000000000e+00,-1.906287854571875028e-05,-1.146726165160802930e-21,-9.761006416583805745e+00,8.999999999999998579e+01,-1.968864300824080469e-06,0.000000000000000000e+00,2.558332872076199750e-19,-5.011696555828316912e-03,-8.791241351914012927e-27
1.948950000300927059e+04,0.000000000000000000e+00,1.771536090768118044e+01,1.000000294356606901e+03,1.012018853603600803e+02,6.196828248712114046e-15,-4.235159944022159728e-22,3.659767352319329468e-05,2.262734790804450403e-21,-9.761024125573065646e+00,8.999999999999998579e+01,-2.087260766628765358e-06,0.000000000000000000e+00,2.558332872076199750e-19,-5.001670556815621983e-03,-9.319897341901215816e-27
1.949950000301130785e+04,0.000000000000000000e+00,1.772445060259802219e+01,1.000000294828787446e+03,1.012018854353062096e+02,6.196828253301241365e-15,-7.197204999174528323e-28,2.299099745973336872e-05,1.428122260119796957e-21,-9.761019701071846910e+00,8.999999999999998579e+01,-1.948844899396669138e-06,0.000000000000000000e+00,2.558332872076199750e-19,-5.004175495518765372e-03,-8.701852057996925235e-27
1.950950000301334512e+04,0.000000000000000000e+00,1.773354029751490302e+01,1.000000295304693282e+03,1.012018855004617137e+02,6.196828257290866739e-15,7.206944229246536437e-28,-5.216282697985350625e-05,-3.176114852685252870e-21,-9.760873324306615473e+00,8.999999999999998579e+01,-1.719512548710948847e-06,0.000000000000000000e+00,2.558332872076200231e-19,-5.087047177301511069e-03,-7.677852565580867265e-27
1.951950000301538239e+04,0.000000000000000000e+00,1.774262999243183003e+01,1.000000295779667795e+03,1.012018853495154076e+02,6.196828248048069869e-15,4.235164736271501695e-22,5.289159472102006288e-05,3.255108243622558048e-21,-9.760784649374596000e+00,8.999999999999998579e+01,-1.575255605193370823e-06,0.000000000000000000e+00,2.558332872076200231e-19,-5.137250790174669943e-03,-7.033726098042381577e-27
1.952950000301741966e+04,0.000000000000000000e+00,1.775171968734882810e+01,1.000000296262092888e+03,1.012018852353809848e+02,6.196828241059352316e-15,8.470315019658133624e-22,7.307299702090464606e-05,4.492658134225363888e-21,-9.760913250300895072e+00,8.999999999999998579e+01,-1.747266248966714411e-06,0.000000000000000000e+00,2.558332872076200231e-19,-5.064442962753580579e-03,-7.801776533959488578e-27
1.953950000301945693e+04,0.000000000000000000e+00,1.776080938226587591e+01,1.000000296738930047e+03,1.012018853887225305e+02,6.196828250448813417e-15,4.235164736271501695e-22,4.024350780966582044e-06,2.649779278796845389e-22,-9.760891139343584655e+00,8.999999999999998579e+01,-1.778984178506008828e-06,0.000000000000000000e+00,2.558332872076200231e-19,-5.076961141357812235e-03,-7.943401314116366392e-27
1.954950000302149419e+04,0.000000000000000000e+00,1.776989907718298412e+01,1.000000297213904560e+03,1.012018854370373475e+02,6.196828253407242971e-15,0.000000000000000000e+00,3.609331549297826626e-07,4.167499955305670452e-23,-9.760950966198436163e+00,8.999999999999998579e+01,-1.876308929338113772e-06,0.000000000000000000e+00,2.558332872076199750e-19,-5.043089966052873713e-03,-8.377969290041275670e-27
1.955950000302353146e+04,0.000000000000000000e+00,1.777898877210014206e+01,1.000000297687947750e+03,1.012018853490482684e+02,6.196828248019465772e-15,4.235157480532395550e-22,5.001717370836997997e-05,3.081115710545199112e-21,-9.760844571020410143e+00,8.999999999999998579e+01,-1.768471356216750386e-06,0.000000000000000000e+00,2.558332872076200231e-19,-5.103325950626503432e-03,-7.896460162308206087e-27
1.956950000302556873e+04,0.000000000000000000e+00,1.778807846701733197e+01,1.000000298162922263e+03,1.012018854489183610e+02,6.196828254134746275e-15,4.235164736271501695e-22,3.248675360598309155e-05,2.008141525754576694e-21,-9.760899987373258924e+00,8.999999999999998579e+01,-1.811920826129505958e-06,0.000000000000000000e+00,2.558332872076199750e-19,-5.071951791327829542e-03,-8.090467832849990063e-27
1.957950000302760600e+04,0.000000000000000000e+00,1.779716816193461781e+01,1.000000298636034131e+03,1.012018853724612910e+02,6.196828249453099772e-15,4.235157460968372705e-22,2.281999770279481037e-05,1.416061211323814188e-21,-9.760835687544696881e+00,8.999999999999998579e+01,-1.796497439220431008e-06,0.000000000000000000e+00,2.558332872076200231e-19,-5.108355356744981833e-03,-8.021600355937095139e-27
1.958950000302964327e+04,0.000000000000000000e+00,1.780625785685191431e+01,1.000000299111008644e+03,1.012018854524403224e+02,6.196828254350403492e-15,0.000000000000000000e+00,3.296591782981024626e-06,2.191913961888597553e-22,-9.760707040683261226e+00,8.999999999999998579e+01,-1.661601402212265722e-06,0.000000000000000000e+00,2.558332872076200231e-19,-5.181189192002309124e-03,-7.419271582816909005e-27
1.959950000303168054e+04,0.000000000000000000e+00,1.781534755176924278e+01,1.000000299590639770e+03,1.012018854748467191e+02,6.196828255722398267e-15,4.235157441378022549e-22,-2.411122171461838938e-06,-1.267711176250485155e-22,-9.761010835586807488e+00,8.999999999999998579e+01,-2.000405910563925304e-06,0.000000000000000000e+00,2.558332872076199750e-19,-5.009194707882322871e-03,-8.932078840680912759e-27
1.960950000303371780e+04,0.000000000000000000e+00,1.782443724668664586e+01,1.000000300062820315e+03,1.012018854953264224e+02,6.196828256976420471e-15,7.304698526562257434e-28,-4.111096103616723271e-06,-2.326030389938553638e-22,-9.760826777673209165e+00,8.999999999999998579e+01,-1.833856235439680918e-06,0.000000000000000000e+00,2.558332872076199750e-19,-5.113399696944061733e-03,-8.188412357171985070e-27
1.961950000303575507e+04,0.000000000000000000e+00,1.783352694160408447e+01,1.000000300535932183e+03,1.012018853158718059e+02,6.196828245987993536e-15,0.000000000000000000e+00,5.745769213429670303e-05,3.537987751071818387e-21,-9.760968794065860266e+00,8.999999999999998579e+01,-1.890168886606176720e-06,0.000000000000000000e+00,2.558332872076199750e-19,-5.032996663705751467e-03,-8.439855845361394330e-27
1.962950000303779234e+04,0.000000000000000000e+00,1.784261663652156216e+01,1.000000301010906696e+03,1.012018854588849734e+02,6.196828254745024060e-15,8.470314823886269561e-22,2.412303850587297537e-05,1.495867026969664995e-21,-9.760835693921201539e+00,8.999999999999998579e+01,-1.798111367783718116e-06,0.000000000000000000e+00,2.558332872076200231e-19,-5.108351734537895476e-03,-8.028806761944182514e-27
1.963950000303982961e+04,0.000000000000000000e+00,1.785170633143909669e+01,1.000000301484949887e+03,1.012018853860969045e+02,6.196828250288039620e-15,8.470324582487955941e-22,-2.116173752135299953e-05,-1.277069241754954222e-21,-9.760882180819473675e+00,8.999999999999998579e+01,-1.793951010940444857e-06,0.000000000000000000e+00,2.558332872076200231e-19,-5.082033032019978372e-03,-8.010230214487870966e-27
1.964950000304186688e+04,0.000000000000000000e+00,1.786079602635667740e+01,1.000000301958993077e+03,1.012018854461043276e+02,6.196828253962435387e-15,-7.343984533724472172e-28,-2.893684718245827524e-05,-1.751495155409855516e-21,-9.761001908255924064e+00,8.999999999999998579e+01,-1.953075228624586760e-06,-1.895758319773387158e-22,2.558332872076199750e-19,-5.014248944897064901e-03,-8.720741041470856278e-27
1.965950000304390414e+04,0.000000000000000000e+00,1.786988572127430075e+01,1.000000302434898913e+03,1.012018853372954652e+02,6.196828247299814790e-15,7.353822489737873719e-28,5.664359083151642197e-05,3.485508644009990130e-21,-9.760784771475032429e+00,8.999999999999998579e+01,-1.638228681329778519e-06,0.000000000000000000e+00,2.558332872076200231e-19,-5.137181651965989221e-03,-7.314909270877551410e-27
1.966950000304594141e+04,0.000000000000000000e+00,1.787897541619194186e+01,1.000000302915461361e+03,1.012018853378435352e+02,6.196828247333372933e-15,4.235164736271501695e-22,2.117819921850481752e-05,1.315236488177191343e-21,-9.760895536164920117e+00,8.999999999999998579e+01,-1.768274523761050090e-06,0.000000000000000000e+00,2.558332872076200231e-19,-5.074471859785069199e-03,-7.895581279175818771e-27
1.967950000304797868e+04,0.000000000000000000e+00,1.788806511110967534e+01,1.000000303387641907e+03,1.012018853676033245e+02,6.196828249155636102e-15,0.000000000000000000e+00,5.717633138485123042e-05,3.518416633693869754e-21,-9.760784789830720953e+00,8.999999999999998579e+01,-1.665745570171618531e-06,0.000000000000000000e+00,2.558332872076200231e-19,-5.137171255357265119e-03,-7.437775844750191025e-27
1.968950000305001595e+04,0.000000000000000000e+00,1.789715480602745856e+01,1.000000303860753775e+03,1.012018854032825033e+02,6.196828251340354824e-15,7.383375847805478788e-28,-6.005855617269328316e-06,-3.509410373018300817e-22,-9.760886528198389200e+00,8.999999999999998579e+01,-1.611908638202925981e-06,0.000000000000000000e+00,2.558332872076200231e-19,-5.079571742920887742e-03,-7.197386772539752867e-27
1.969950000305205322e+04,0.000000000000000000e+00,1.790624450094525955e+01,1.000000304335728288e+03,1.012018855165836158e+02,6.196828258278046486e-15,4.231930785447087449e-22,-5.796092412510986473e-06,-3.368348945798153459e-22,-9.760886622862411599e+00,8.999999999999998579e+01,-1.732578173177499841e-06,0.000000000000000000e+00,2.558332872076200231e-19,-5.079518137361903850e-03,-7.736192319138717480e-27
1.970950000305409048e+04,0.000000000000000000e+00,1.791533419586311027e+01,1.000000304809771478e+03,1.012018853982433200e+02,6.196828251031793459e-15,8.470314666321014078e-22,5.389945419629586250e-05,3.319244401087767026e-21,-9.760844696673400378e+00,8.999999999999998579e+01,-1.807540644493470283e-06,0.000000000000000000e+00,2.558332872076200231e-19,-5.103254794679182478e-03,-8.070909738413775697e-27
1.971950000305612775e+04,0.000000000000000000e+00,1.792442389078100717e+01,1.000000305284745991e+03,1.012018853966276737e+02,6.196828250932863990e-15,3.238271487744003040e-25,4.483853670861563200e-06,2.944970752779250512e-22,-9.760950973520941432e+00,8.999999999999998579e+01,-1.911574583267338275e-06,0.000000000000000000e+00,2.558332872076199750e-19,-5.043085809830202132e-03,-8.535435132148889574e-27
1.972950000305816502e+04,0.000000000000000000e+00,1.793351358569896448e+01,1.000000305760651827e+03,1.012018854402961807e+02,6.196828253606788492e-15,0.000000000000000000e+00,3.239791268452787022e-05,2.003825226710978031e-21,-9.760959935700366685e+00,8.999999999999998579e+01,-1.919670158538620179e-06,0.000000000000000000e+00,2.558332872076199750e-19,-5.038011836787169295e-03,-8.571582954049384396e-27
1.973950000306020229e+04,0.000000000000000000e+00,1.794260328061694665e+01,1.000000306236557662e+03,1.012018852747859228e+02,6.196828243472208824e-15,0.000000000000000000e+00,4.495577758961007110e-05,2.769453096129460323e-21,-9.760780362429986923e+00,8.999999999999998579e+01,-1.601475787647132730e-06,0.000000000000000000e+00,2.558332872076200231e-19,-5.139677846840110670e-03,-7.150802705173587832e-27
1.974950000306223956e+04,0.000000000000000000e+00,1.795169297553496790e+01,1.000000306713394821e+03,1.012018853858803169e+02,6.196828250274778868e-15,4.962406924713183392e-28,5.905180312800453128e-05,3.633608483489652221e-21,-9.760784854674263045e+00,8.999999999999998579e+01,-1.699521096676877653e-06,0.000000000000000000e+00,2.558332872076200231e-19,-5.137134536409647401e-03,-7.588588069427847447e-27
1.975950000306427683e+04,0.000000000000000000e+00,1.796078267045304244e+01,1.000000307187438011e+03,1.012018855195119755e+02,6.196828258457356148e-15,0.000000000000000000e+00,-2.636745877554323741e-05,-1.593850083173200675e-21,-9.761001860400890351e+00,8.999999999999998579e+01,-1.983496094918479500e-06,0.000000000000000000e+00,2.558332872076199750e-19,-5.014276022296332985e-03,-8.856574261470823911e-27
1.976950000306631409e+04,0.000000000000000000e+00,1.796987236537117738e+01,1.000000307660549879e+03,1.012018855158390238e+02,6.196828258232454270e-15,-4.235149811322711563e-22,-2.614741404676731621e-05,-1.579502063634070737e-21,-9.761001856667377297e+00,8.999999999999998579e+01,-2.067295481195070531e-06,0.000000000000000000e+00,2.558332872076199750e-19,-5.014278135538319768e-03,-9.230749683104213126e-27
1.977950000306835136e+04,0.000000000000000000e+00,1.797896206028938693e+01,1.000000308117829263e+03,1.012018855406602427e+02,6.196828259752314711e-15,7.472391330683701050e-28,-2.176267246416807599e-05,-1.312543760453996508e-21,-9.760941995548195749e+00,8.999999999999998579e+01,-1.920668202658698714e-06,1.895758319773387158e-22,2.558332872076199750e-19,-5.048168701381262544e-03,-8.576039353982988235e-27
1.978950000307038863e+04,0.000000000000000000e+00,1.798805175520757516e+01,1.000000308576971292e+03,1.012018855161795869e+02,6.196828258253308597e-15,0.000000000000000000e+00,-7.663615082468482975e-06,-4.501160830866985628e-22,-9.760946485755406243e+00,8.999999999999998579e+01,-1.835292275459611789e-06,0.000000000000000000e+00,2.558332872076199750e-19,-5.045626556782201177e-03,-8.194824467138596850e-27
1.979950000307242590e+04,0.000000000000000000e+00,1.799714145012581312e+01,1.000000309060327709e+03,1.012018853870894901e+02,6.196828250348818986e-15,0.000000000000000000e+00,6.592556067178009750e-05,4.055778357290521248e-21,-9.760909109565806929e+00,8.999999999999998579e+01,-1.821592164176089477e-06,0.000000000000000000e+00,2.558332872076199750e-19,-5.066787217518209721e-03,-8.133651645430612763e-27
1.980950000307446317e+04,0.000000000000000000e+00,1.800623114504412570e+01,1.000000309532508254e+03,1.012018854302841788e+02,6.196828252993730762e-15,-4.235149731908247145e-22,1.081684819021009385e-05,6.814190322811843016e-22,-9.760891126797568873e+00,8.999999999999998579e+01,-1.828889975599948277e-06,0.000000000000000000e+00,2.558332872076199750e-19,-5.076968217929037075e-03,-8.166237345491834783e-27
1.981950000307650043e+04,0.000000000000000000e+00,1.801532083996248446e+01,1.000000310009345412e+03,1.012018854629007052e+02,6.196828254990917526e-15,4.235157224146612444e-22,-1.243174424905069727e-05,-7.429447530399500769e-22,-9.760822273682432382e+00,8.999999999999998579e+01,-1.752396804619240584e-06,0.000000000000000000e+00,2.558332872076200231e-19,-5.115949632006188547e-03,-7.824685148327630383e-27
1.982950000307853770e+04,0.000000000000000000e+00,1.802441053488087164e+01,1.000000310485251248e+03,1.012018855737945131e+02,6.196828261781205006e-15,4.235164736271501695e-22,-3.019682766860575421e-05,-1.829690349585997098e-21,-9.760877635212306558e+00,8.999999999999998579e+01,-1.853238105215118150e-06,0.000000000000000000e+00,2.558332872076199750e-19,-5.084606509869380418e-03,-8.274954987345086000e-27
1.983950000308057497e+04,0.000000000000000000e+00,1.803350022979930145e+01,1.000000310958363116e+03,1.012018854747137766e+02,6.196828255714259589e-15,0.000000000000000000e+00,-1.606769213278112888e-05,-9.668563849380535178e-22,-9.760882008327561365e+00,8.999999999999998579e+01,-1.630223945015344861e-06,0.000000000000000000e+00,2.558332872076200231e-19,-5.082130664045599565e-03,-7.279167057018952695e-27
1.984950000308261224e+04,0.000000000000000000e+00,1.804258992471775258e+01,1.000000311435200274e+03,1.012018856366550352e+02,6.196828265630301121e-15,0.000000000000000000e+00,-8.081424731645075500e-05,-4.930816439168212005e-21,-9.760799732629681813e+00,8.999999999999998579e+01,-1.689992161319373096e-06,0.000000000000000000e+00,2.558332872076200231e-19,-5.128711307088114693e-03,-7.546040103821714832e-27
1.985950000308464951e+04,0.000000000000000000e+00,1.805167961963627121e+01,1.000000311911106110e+03,1.012018853452719753e+02,6.196828247788234075e-15,4.235157184307748613e-22,-1.132539031055137167e-05,-6.752412716015716573e-22,-9.760822266029263616e+00,8.999999999999998579e+01,-1.748531466087807537e-06,0.000000000000000000e+00,2.558332872076200231e-19,-5.115953972309367041e-03,-7.807425896929523724e-27
1.986950000308668677e+04,0.000000000000000000e+00,1.806076931455482182e+01,1.000000312384217978e+03,1.012018853538389749e+02,6.196828248312811588e-15,-7.561939922767893852e-28,1.772139726809253253e-05,1.105406801982153863e-21,-9.761015351707388987e+00,8.999999999999998579e+01,-1.944483348870636712e-06,0.000000000000000000e+00,2.558332872076199750e-19,-5.006637879367091711e-03,-8.682377153948501598e-27
1.987950000308872404e+04,0.000000000000000000e+00,1.806985900947352874e+01,1.000000312861986458e+03,1.012018855178612284e+02,6.196828258356278611e-15,-4.235157164348827845e-22,-5.508500203646333428e-06,-3.161497401164576836e-22,-9.760946477012069522e+00,8.999999999999998579e+01,-2.027364427031155230e-06,0.000000000000000000e+00,2.558332872076199750e-19,-5.045631499134998164e-03,-9.052452207526847658e-27
1.988950000309076131e+04,0.000000000000000000e+00,1.807894870439212198e+01,1.000000313335098326e+03,1.012018852885378664e+02,6.196828244314272875e-15,0.000000000000000000e+00,7.665038117828516361e-05,4.711036089639332337e-21,-9.760789506339998312e+00,8.999999999999998579e+01,-1.682791199827923200e-06,0.000000000000000000e+00,2.558332872076200231e-19,-5.134500977315162133e-03,-7.513886851608914103e-27
1.989950000309279858e+04,0.000000000000000000e+00,1.808803839931081470e+01,1.000000313808210194e+03,1.012018855205441383e+02,6.196828258520558895e-15,4.235157144363580706e-22,1.304486947339107082e-05,8.181952597619406545e-22,-9.760891144459515445e+00,8.999999999999998579e+01,-1.862366557326736048e-06,0.000000000000000000e+00,2.558332872076199750e-19,-5.076958202756081361e-03,-8.315714741914779368e-27
1.990950000309483585e+04,0.000000000000000000e+00,1.809712809422955004e+01,1.000000314284116030e+03,1.012018855588540447e+02,6.196828260866364592e-15,0.000000000000000000e+00,-4.624588805151474578e-05,-2.812389618793117766e-21,-9.760932913907943487e+00,8.999999999999998579e+01,-1.855360754334774520e-06,0.000000000000000000e+00,2.558332872076199750e-19,-5.053310290224282200e-03,-8.284432898396909624e-27
1.991950000309687312e+04,0.000000000000000000e+00,1.810621778914832092e+01,1.000000314755365252e+03,1.012018854588482668e+02,6.196828254742777384e-15,7.611919494620450547e-28,-2.361767065266350113e-05,-1.428934437531582893e-21,-9.760817733764833193e+00,8.999999999999998579e+01,-1.651813546119170565e-06,0.000000000000000000e+00,2.558332872076200231e-19,-5.118519913747624633e-03,-7.375567501638642650e-27
1.992950000309891038e+04,0.000000000000000000e+00,1.811530748406714508e+01,1.000000315230339766e+03,1.012018855822609851e+02,6.196828262299625460e-15,7.621935153521215745e-28,-3.192871070522390294e-05,-1.935474905489411563e-21,-9.760937424032233523e+00,8.999999999999998579e+01,-1.878409424961368391e-06,0.000000000000000000e+00,2.558332872076199750e-19,-5.050756864275497519e-03,-8.387348282780866330e-27
1.993950000310094765e+04,0.000000000000000000e+00,1.812439717898599412e+01,1.000000315705314279e+03,1.012018854948421449e+02,6.196828256946766401e-15,4.235164736271501695e-22,-9.272284293492752760e-06,-5.491592494796134942e-22,-9.760822253470768928e+00,8.999999999999998579e+01,-1.783653870643332876e-06,0.000000000000000000e+00,2.558332872076200231e-19,-5.115961061900283109e-03,-7.964252111503047340e-27
1.994950000310298492e+04,0.000000000000000000e+00,1.813348687390488223e+01,1.000000316184945405e+03,1.012018853966771701e+02,6.196828250935895583e-15,-4.235159640954989797e-22,4.873665501056144444e-06,3.152006029800352599e-22,-9.760826780876326936e+00,8.999999999999998579e+01,-1.608116478491809734e-06,9.478791598866934614e-23,2.558332872076200231e-19,-5.113397864045796277e-03,-7.180454274321631608e-27
1.995950000310502219e+04,0.000000000000000000e+00,1.814257656882382008e+01,1.000000316659919918e+03,1.012018853944587278e+02,6.196828250800054524e-15,0.000000000000000000e+00,3.273359378655211344e-05,2.022592348393165735e-21,-9.760835844320125076e+00,8.999999999999998579e+01,-1.748345831791076654e-06,0.000000000000000000e+00,2.558332872076200231e-19,-5.108266563945853753e-03,-7.806597015068508876e-27
1.996950000310705946e+04,0.000000000000000000e+00,1.815166626374278991e+01,1.000000317133963108e+03,1.012018853987305391e+02,6.196828251061627389e-15,-4.235149412144293859e-22,2.435495743942772882e-05,1.511584955263685953e-21,-9.760955537904832724e+00,8.999999999999998579e+01,-1.943761908423639104e-06,0.000000000000000000e+00,2.558332872076199750e-19,-5.040501647340346440e-03,-8.679155826258251080e-27
1.997950000310909672e+04,0.000000000000000000e+00,1.816075595866179171e+01,1.000000317608006299e+03,1.012018853024468967e+02,6.196828245165955507e-15,4.235157064159331256e-22,3.324724987370057661e-05,2.054567131883469432e-21,-9.760835854910300924e+00,8.999999999999998579e+01,-1.798296196056982839e-06,0.000000000000000000e+00,2.558332872076200231e-19,-5.108260575049801064e-03,-8.029632044803060102e-27
1.998950000311113399e+04,0.000000000000000000e+00,1.816984565358082904e+01,1.000000318082049489e+03,1.012018854130247263e+02,6.196828251936893018e-15,-4.235157054104183612e-22,-2.797757360710044889e-06,-1.509857277549297981e-22,-9.760946470449473722e+00,8.999999999999998579e+01,-1.948703643157131659e-06,1.895758319773387158e-22,2.558332872076199750e-19,-5.045635214912607379e-03,-8.701221330072345621e-27
1.999950000311317126e+04,0.000000000000000000e+00,1.817893534849993742e+01,1.000000318553298712e+03,1.012018855509275568e+02,6.196828260381006087e-15,0.000000000000000000e+00,2.938343729513181700e-05,1.818762091667677572e-21,-9.760895732734635288e+00,8.999999999999998579e+01,-1.873642398996980865e-06,0.000000000000000000e+00,2.558332872076199750e-19,-5.074360524093485605e-03,-8.366062876891678543e-27
2.000950000311520853e+04,0.000000000000000000e+00,1.818802504341907067e+01,1.000000319026411262e+03,1.012018855670234814e+02,6.196828261366597858e-15,8.470314067948287562e-22,-6.707923357846922851e-05,-4.089270657126334111e-21,-9.760863903427132726e+00,8.999999999999998579e+01,-1.739710393290710974e-06,0.000000000000000000e+00,2.558332872076200231e-19,-5.092380792133226718e-03,-7.768038631941469660e-27
2.001950000311724580e+04,0.000000000000000000e+00,1.819711473833822879e+01,1.000000319499522448e+03,1.012018854237713015e+02,6.196828252594932387e-15,0.000000000000000000e+00,3.866023592583046605e-05,2.384916831978064021e-21,-9.760776035753167434e+00,8.999999999999998579e+01,-1.692977362256881981e-06,0.000000000000000000e+00,2.558332872076200231e-19,-5.142127372461978603e-03,-7.559369423630405073e-27
2.002950000311928306e+04,0.000000000000000000e+00,1.820620443325742244e+01,1.000000319976359606e+03,1.012018854150372533e+02,6.196828252060125714e-15,-4.235149291364054401e-22,3.018340290735405828e-05,1.867162273275344080e-21,-9.760895760522084075e+00,8.999999999999998579e+01,-1.817747813873474870e-06,0.000000000000000000e+00,2.558332872076199750e-19,-5.074344802040751251e-03,-8.116486109269769194e-27
2.003950000312132033e+04,0.000000000000000000e+00,1.821529412817670135e+01,1.000000320455990732e+03,1.012018854681862052e+02,6.196828255314559545e-15,-4.235157003729723145e-22,2.166067061147009841e-05,1.347082136567807992e-21,-9.761015405645467879e+00,8.999999999999998579e+01,-1.989002691406483968e-06,0.000000000000000000e+00,2.558332872076199750e-19,-5.006607317536117784e-03,-8.881161948257256168e-27
2.004950000312335760e+04,0.000000000000000000e+00,1.822438382309597316e+01,1.000000320928171277e+03,1.012018854026239296e+02,6.196828251300029832e-15,0.000000000000000000e+00,1.182811296429352773e-05,7.418453567400173920e-22,-9.760766952507818672e+00,8.999999999999998579e+01,-1.685520652479632146e-06,0.000000000000000000e+00,2.558332872076200231e-19,-5.147269882099878707e-03,-7.526074221256355832e-27
2.005950000312539487e+04,0.000000000000000000e+00,1.823347351801526273e+01,1.000000321404077113e+03,1.012018854714249585e+02,6.196828255512877599e-15,4.235149230796235897e-22,-1.110093891439545788e-05,-6.635268225375673907e-22,-9.760698010231889654e+00,8.999999999999998579e+01,-1.554178311213457886e-06,0.000000000000000000e+00,2.558332872076200231e-19,-5.186301771539374855e-03,-6.939613172969228087e-27
2.006950000312743214e+04,0.000000000000000000e+00,1.824256321293461625e+01,1.000000321878120303e+03,1.012018855092011620e+02,6.196828257826003155e-15,-4.235156973426069350e-22,-1.470769062704179113e-06,-7.309475811660871599e-23,-9.760762401056883419e+00,8.999999999999998579e+01,-1.626116549092912719e-06,0.000000000000000000e+00,2.558332872076200231e-19,-5.149846690001440991e-03,-7.260826987128479417e-27
2.007950000312946941e+04,0.000000000000000000e+00,1.825165290785400884e+01,1.000000322352163494e+03,1.012018854805569390e+02,6.196828256072050608e-15,-4.235149190351876336e-22,-3.321733793468801540e-05,-2.016966253368249796e-21,-9.760813122322339552e+00,8.999999999999998579e+01,-1.630558828746899724e-06,0.000000000000000000e+00,2.558332872076200231e-19,-5.121130682132547275e-03,-7.280662357486178569e-27
2.008950000313150667e+04,0.000000000000000000e+00,1.826074260277341565e+01,1.000000322827138689e+03,1.012018854033905484e+02,6.196828251346971001e-15,1.556616154921667091e-27,8.512638394530815824e-06,5.390161669859040283e-22,-9.760826796281900641e+00,8.999999999999998579e+01,-1.703257577546417161e-06,0.000000000000000000e+00,2.558332872076200231e-19,-5.113389129773067594e-03,-7.605271954202022747e-27
2.009950000313354394e+04,0.000000000000000000e+00,1.826983229769281536e+01,1.000000323319807649e+03,1.012018855163472608e+02,6.196828258263574044e-15,4.235172529479819116e-22,-1.396340182454012311e-05,-8.347887565010051601e-22,-9.760941906417370362e+00,8.999999999999998579e+01,-1.938634203778701994e-06,0.000000000000000000e+00,2.558332872076199750e-19,-5.048219138476923995e-03,-8.656259942018738820e-27
2.010950000313558121e+04,0.000000000000000000e+00,1.827892199261229322e+01,1.000000323793850839e+03,1.012018855650504889e+02,6.196828261245787755e-15,0.000000000000000000e+00,-7.388760878815068861e-05,-4.506678281601179851e-21,-9.760799414651504691e+00,8.999999999999998579e+01,-1.690363444718177957e-06,0.000000000000000000e+00,2.558332872076200231e-19,-5.128891316208182907e-03,-7.547697933651572355e-27
2.011950000313761848e+04,0.000000000000000000e+00,1.828801168753182083e+01,1.000000324268825352e+03,1.012018854900509552e+02,6.196828256653390608e-15,4.235156922788353161e-22,-9.004159314607220683e-06,-5.325406800573179639e-22,-9.760882068209363993e+00,8.999999999999998579e+01,-1.802716897007721663e-06,0.000000000000000000e+00,2.558332872076200231e-19,-5.082096736852538543e-03,-8.049371063376519255e-27
2.012950000313965575e+04,0.000000000000000000e+00,1.829710138245141948e+01,1.000000324741005898e+03,1.012018853682895667e+02,6.196828249197656355e-15,7.823630436433831884e-28,4.165323529137469075e-05,2.566875497467502314e-21,-9.760776105953732795e+00,8.999999999999998579e+01,-1.567424767491566224e-06,0.000000000000000000e+00,2.558332872076200231e-19,-5.142087624018538278e-03,-6.998760364652110393e-27
2.013950000314169301e+04,0.000000000000000000e+00,1.830619107737100038e+01,1.000000325214117765e+03,1.012018856382591991e+02,6.196828265728526925e-15,4.235156902487196147e-22,-3.164986655281410517e-05,-1.919890501347863179e-21,-9.760813091886946680e+00,8.999999999999998579e+01,-1.735607843986511876e-06,0.000000000000000000e+00,2.558332872076200231e-19,-5.121147893686118537e-03,-7.749720202846969774e-27
2.014950000314373028e+04,0.000000000000000000e+00,1.831528077229060614e+01,1.000000325693748891e+03,1.012018853639739859e+02,6.196828248933402941e-15,7.843944755534196718e-28,4.217947525948666964e-05,2.599957178811114599e-21,-9.760776119432543751e+00,8.999999999999998579e+01,-1.649751064286530501e-06,-9.478791598866934614e-23,2.558332872076200231e-19,-5.142079991656714998e-03,-7.366358245537506268e-27
2.015950000314576755e+04,0.000000000000000000e+00,1.832437046721026164e+01,1.000000326167792082e+03,1.012018852621273624e+02,6.196828242697094609e-15,0.000000000000000000e+00,7.941506173336269577e-05,4.879380964673348180e-21,-9.760849581138318243e+00,8.999999999999998579e+01,-1.592383058021205415e-06,0.000000000000000000e+00,2.558332872076200231e-19,-5.100489413062784215e-03,-7.110202456260665538e-27
2.016950000314780482e+04,0.000000000000000000e+00,1.833346016212996687e+01,1.000000326645560563e+03,1.012018854792735851e+02,6.196828255993466651e-15,7.864285400021351707e-28,1.054793791881126016e-05,6.647980111016968453e-22,-9.760826809046831087e+00,8.999999999999998579e+01,-1.814003694830516199e-06,0.000000000000000000e+00,2.558332872076199750e-19,-5.113381889154749137e-03,-8.099768119033891829e-27
2.017950000314984209e+04,0.000000000000000000e+00,1.834254985704966856e+01,1.000000327131710947e+03,1.012018853728653056e+02,6.196828249477838450e-15,-3.337649164460727799e-25,3.846906366788067401e-05,2.373710073281635018e-21,-9.760835969701485482e+00,8.999999999999998579e+01,-1.740818882923132096e-06,0.000000000000000000e+00,2.558332872076200231e-19,-5.108195562350292471e-03,-7.772988185798799628e-27
2.018950000315187935e+04,0.000000000000000000e+00,1.835163955196945906e+01,1.000000327607616782e+03,1.012018853284912865e+02,6.196828246760714347e-15,0.000000000000000000e+00,7.087191366222483609e-05,4.357569546894563032e-21,-9.760785310246193447e+00,8.999999999999998579e+01,-1.717547041963497579e-06,0.000000000000000000e+00,2.558332872076200231e-19,-5.136876581192012341e-03,-7.669076316151983444e-27
2.019950000315391662e+04,0.000000000000000000e+00,1.836072924688924957e+01,1.000000328083522618e+03,1.012018855299638602e+02,6.196828259097351901e-15,4.235164736271501695e-22,-3.913182314682895323e-05,-2.376848440126995995e-21,-9.760932718823699616e+00,8.999999999999998579e+01,-1.848682786297853633e-06,0.000000000000000000e+00,2.558332872076199750e-19,-5.053420716086014577e-03,-8.254614881620251689e-27
2.020950000315595389e+04,0.000000000000000000e+00,1.836981894180911468e+01,1.000000328556634486e+03,1.012018854629434514e+02,6.196828254993534966e-15,0.000000000000000000e+00,-2.168995163734695451e-06,-1.153344444402167168e-22,-9.760822230040977487e+00,8.999999999999998579e+01,-1.675530061150457594e-06,0.000000000000000000e+00,2.558332872076200231e-19,-5.115974306966935073e-03,-7.481464900245075012e-27
2.021950000315799116e+04,0.000000000000000000e+00,1.837890863672898334e+01,1.000000329033471644e+03,1.012018854942826209e+02,6.196828256912505383e-15,-4.235148905767132917e-22,1.186132865138028911e-05,7.453234230328807812e-22,-9.760826818171080888e+00,8.999999999999998579e+01,-1.823937645298471428e-06,0.000000000000000000e+00,2.558332872076199750e-19,-5.113376717828854723e-03,-8.144124531055380343e-27
2.022950000316002843e+04,0.000000000000000000e+00,1.838799833164886977e+01,1.000000329509377480e+03,1.012018853485196956e+02,6.196828247987099598e-15,4.235156810806216371e-22,2.608205313664494100e-05,1.617187856955374561e-21,-9.761015478503312082e+00,8.999999999999998579e+01,-1.929004353208683603e-06,0.000000000000000000e+00,2.558332872076199750e-19,-5.006566063726123825e-03,-8.613261376547030139e-27
2.023950000316206570e+04,0.000000000000000000e+00,1.839708802656877040e+01,1.000000329983420670e+03,1.012018854494397146e+02,6.196828254166669898e-15,4.235156800586534312e-22,1.241111737851889725e-05,7.784521382513974289e-22,-9.760826821888890947e+00,8.999999999999998579e+01,-1.772560216884019357e-06,0.000000000000000000e+00,2.558332872076200231e-19,-5.113374615416528893e-03,-7.914717469815514806e-27
2.024950000316410296e+04,0.000000000000000000e+00,1.840617772148871012e+01,1.000000330461189151e+03,1.012018855384074527e+02,6.196828259614371338e-15,-4.235148844449040097e-22,3.498029735994986927e-06,2.346284027740206299e-22,-9.760946473165290627e+00,8.999999999999998579e+01,-1.959037362442370591e-06,0.000000000000000000e+00,2.558332872076199750e-19,-5.045633644073847963e-03,-8.747362763111402592e-27
2.025950000316614023e+04,0.000000000000000000e+00,1.841526741640871023e+01,1.000000330936163664e+03,1.012018854689486176e+02,6.196828255361245911e-15,7.956144075434811658e-28,-5.460993627565742372e-06,-3.153864407861857638e-22,-9.760882052776217677e+00,8.999999999999998579e+01,-1.821689545895193698e-06,0.000000000000000000e+00,2.558332872076199750e-19,-5.082105464531028183e-03,-8.134086467777463437e-27
2.026950000316817750e+04,0.000000000000000000e+00,1.842435711132873521e+01,1.000000331409276214e+03,1.012018855720128840e+02,6.196828261672111854e-15,4.235164736271501695e-22,-4.660735825200456223e-05,-2.835986123832607044e-21,-9.760868254525647103e+00,8.999999999999998579e+01,-1.715155902044779268e-06,0.000000000000000000e+00,2.558332872076200231e-19,-5.089917380585651761e-03,-7.658399557919916106e-27
2.027950000317021477e+04,0.000000000000000000e+00,1.843344680624881349e+01,1.000000331882387400e+03,1.012018854610573442e+02,6.196828254878044152e-15,4.235156759641993442e-22,-2.334101890047968086e-05,-1.411360998670194536e-21,-9.760937188806991571e+00,8.999999999999998579e+01,-1.712358587368208317e-06,0.000000000000000000e+00,2.558332872076200231e-19,-5.050890019480771750e-03,-7.645909175292381620e-27
2.028950000317225204e+04,0.000000000000000000e+00,1.844253650116890952e+01,1.000000332359224558e+03,1.012018854122606939e+02,6.196828251890110411e-15,8.470329472543003391e-22,9.134608985974012132e-06,5.777121560103941640e-22,-9.760886594871184485e+00,8.999999999999998579e+01,-1.761930070223080358e-06,0.000000000000000000e+00,2.558332872076200231e-19,-5.079533944743947795e-03,-7.867252449060430083e-27
2.029950000317428930e+04,0.000000000000000000e+00,1.845162619608903043e+01,1.000000332832336426e+03,1.012018854071325364e+02,6.196828251576101961e-15,4.235164736271501695e-22,-1.359794956833082491e-05,-8.146044692696851054e-22,-9.760817630236006792e+00,8.999999999999998579e+01,-1.728354443115268967e-06,0.000000000000000000e+00,2.558332872076200231e-19,-5.118578499734498938e-03,-7.717332801818573409e-27
2.030950000317632657e+04,0.000000000000000000e+00,1.846071589100919041e+01,1.000000333304516971e+03,1.012018855747176644e+02,6.196828261837731623e-15,0.000000000000000000e+00,4.376717500015723806e-07,4.480757183110166704e-23,-9.760822229088670809e+00,8.999999999999998579e+01,-1.726170705491948075e-06,0.000000000000000000e+00,2.558332872076200231e-19,-5.115974827463713563e-03,-7.707582122461019769e-27
2.031950000317836384e+04,0.000000000000000000e+00,1.846980558592937527e+01,1.000000333782285452e+03,1.012018854545688100e+02,6.196828254480735935e-15,0.000000000000000000e+00,-1.305505668296511436e-05,-7.816187149876197041e-22,-9.760817619180937044e+00,8.999999999999998579e+01,-1.703966194067229947e-06,0.000000000000000000e+00,2.558332872076200231e-19,-5.118584752547217058e-03,-7.608436021353735023e-27
2.032950000318040111e+04,0.000000000000000000e+00,1.847889528084953881e+01,1.000000334259122610e+03,1.012018855071677166e+02,6.196828257701490139e-15,8.027958263397083972e-28,-8.175679836173306797e-06,-4.827381947816040419e-22,-9.760757798819497566e+00,8.999999999999998579e+01,-1.713849230894939513e-06,0.000000000000000000e+00,2.558332872076200231e-19,-5.152452240611152603e-03,-7.652565097189933458e-27
2.033950000318243838e+04,0.000000000000000000e+00,1.848798497576892075e+01,1.000000334708020091e+03,1.012018855667404438e+02,6.196828261349266584e-15,0.000000000000000000e+00,-4.948812740637781082e-05,-3.011628970985844770e-21,-9.760928021792233622e+00,8.999999999999998579e+01,-1.787294287845110763e-06,0.000000000000000000e+00,2.558332872076200231e-19,-5.056079941293475238e-03,-7.980507059205178686e-27
2.034950000318447564e+04,0.000000000000000000e+00,1.849707467068921574e+01,1.000000335185788572e+03,1.012018855595359526e+02,6.196828260908119789e-15,4.235156687735667700e-22,-4.457767104678597914e-05,-2.710821616375684733e-21,-9.760868217073905839e+00,8.999999999999998579e+01,-1.799708778413949846e-06,0.000000000000000000e+00,2.558332872076200231e-19,-5.089938578483815985e-03,-8.035939413180029491e-27
2.035950000318651291e+04,0.000000000000000000e+00,1.850616436560951072e+01,1.000000335660763085e+03,1.012018855407004878e+02,6.196828259754779902e-15,4.235164736271501695e-22,-2.583667862080890826e-05,-1.563882709504918596e-21,-9.760812992607821315e+00,8.999999999999998579e+01,-1.740659123158915841e-06,0.000000000000000000e+00,2.558332872076200231e-19,-5.121204091383616680e-03,-7.772274837171900102e-27
2.036950000318855018e+04,0.000000000000000000e+00,1.851525406052983413e+01,1.000000336137600243e+03,1.012018854925504314e+02,6.196828256806439090e-15,8.069139729348775627e-28,3.870952073024512259e-05,2.390009589381151679e-21,-9.760895950464801629e+00,8.999999999999998579e+01,-1.891866461405918980e-06,0.000000000000000000e+00,2.558332872076199750e-19,-5.074237229721991101e-03,-8.447435742955764662e-27
2.037950000319058745e+04,0.000000000000000000e+00,1.852434375545019307e+01,1.000000336613506079e+03,1.012018854689227112e+02,6.196828255359659512e-15,0.000000000000000000e+00,-3.469941115472452550e-05,-2.105675466279881431e-21,-9.760932614392508810e+00,8.999999999999998579e+01,-1.826238201391175656e-06,0.000000000000000000e+00,2.558332872076199750e-19,-5.053479830647824439e-03,-8.154396820438714038e-27
2.038950000319262472e+04,0.000000000000000000e+00,1.853343345037057333e+01,1.000000337088480592e+03,1.012018853410676087e+02,6.196828247530793263e-15,8.089769949545345272e-28,3.960717501754547516e-05,2.440151491974553516e-21,-9.760711853651571346e+00,8.999999999999997158e+01,-1.429490699656797677e-06,0.000000000000000000e+00,2.558332872076200231e-19,-5.178464256707848365e-03,-6.382866379231589272e-27
2.039950000319466199e+04,0.000000000000000000e+00,1.854252314529096424e+01,1.000000337568111718e+03,1.012018855902162926e+02,6.196828262786748647e-15,4.235156636176570357e-22,-2.477650747559729204e-05,-1.499153940668496097e-21,-9.760812976716195521e+00,8.999999999999998579e+01,-1.722637403856040800e-06,0.000000000000000000e+00,2.558332872076200231e-19,-5.121213080558038866e-03,-7.691805460028078386e-27
2.040950000319669925e+04,0.000000000000000000e+00,1.855161284021138712e+01,1.000000338046811521e+03,1.012018855503782788e+02,6.196828260347373791e-15,-3.387339742227444112e-25,-2.883667633930222073e-05,-1.749244300760623374e-21,-9.760688717587663987e+00,8.999999999999998579e+01,-1.581093302771866230e-06,0.000000000000000000e+00,2.558332872076200231e-19,-5.191562796883686902e-03,-7.059792195299848154e-27
2.041950000319873652e+04,0.000000000000000000e+00,1.856070253513187751e+01,1.000000338522717357e+03,1.012018854451405616e+02,6.196828253903421492e-15,4.235159321706463983e-22,-6.136517590186266033e-06,-3.570089267197592589e-22,-9.760941856602926237e+00,8.999999999999998579e+01,-1.796890855788537351e-06,0.000000000000000000e+00,2.558332872076200231e-19,-5.048247320749496905e-03,-8.023357013315976505e-27
2.042950000320077379e+04,0.000000000000000000e+00,1.856979223005236079e+01,1.000000338994897902e+03,1.012018853644551371e+02,6.196828248962864529e-15,4.235159314808599656e-22,4.497498787453991527e-05,2.772669060820938054e-21,-9.760836136337562863e+00,8.999999999999998579e+01,-1.796997348073616294e-06,0.000000000000000000e+00,2.558332872076200231e-19,-5.108101200591242709e-03,-8.023832515553414323e-27
2.043950000320281106e+04,0.000000000000000000e+00,1.857888192497286894e+01,1.000000339471735060e+03,1.012018854564351074e+02,6.196828254595013481e-15,4.235156594810831053e-22,-4.274563581796261580e-05,-2.598309358238786749e-21,-9.761052202745620576e+00,8.999999999999998579e+01,-1.831514072435730657e-06,0.000000000000000000e+00,2.558332872076199750e-19,-4.985774488455151435e-03,-8.177954287387980594e-27
2.044950000320484833e+04,0.000000000000000000e+00,1.858797161989338065e+01,1.000000339951366186e+03,1.012018854815856344e+02,6.196828256135038784e-15,8.470324037271206220e-22,-6.453776747795744020e-07,-2.066604886912368450e-23,-9.760882044465612140e+00,8.999999999999998579e+01,-1.807226007113090371e-06,0.000000000000000000e+00,2.558332872076200231e-19,-5.082110152528465478e-03,-8.069504840601317649e-27
2.045950000320688559e+04,0.000000000000000000e+00,1.859706131481391367e+01,1.000000340428203344e+03,1.012018854586655152e+02,6.196828254731586603e-15,4.235164736271501695e-22,-1.895108262267779193e-05,-1.141018239108888481e-21,-9.760937212691157328e+00,8.999999999999998579e+01,-1.859825801606223876e-06,-1.895758319773387158e-22,2.558332872076199750e-19,-5.050876482507047488e-03,-8.304369929199179272e-27
2.046950000320892286e+04,0.000000000000000000e+00,1.860615100973445379e+01,1.000000340904109180e+03,1.012018855152430348e+02,6.196828258195960776e-15,8.172554077216406286e-28,-9.128307952101998398e-06,-5.413525973794119522e-22,-9.760817593349395693e+00,8.999999999999998579e+01,-1.687095019302756624e-06,0.000000000000000000e+00,2.558332872076200231e-19,-5.118599358999378554e-03,-7.533103978824079505e-27
2.047950000321096013e+04,0.000000000000000000e+00,1.861524070465503300e+01,1.000000341380015016e+03,1.012018855070358114e+02,6.196828257693412992e-15,4.235156553339793315e-22,9.104012403740963869e-06,5.769993448266060486e-22,-9.760946497071062211e+00,8.999999999999998579e+01,-1.873096838136546239e-06,0.000000000000000000e+00,2.558332872076199750e-19,-5.045620093332677317e-03,-8.363626874982237983e-27
2.048950000321299740e+04,0.000000000000000000e+00,1.862433039957564418e+01,1.000000341854058206e+03,1.012018855780463724e+02,6.196828262041555926e-15,0.000000000000000000e+00,-1.343972890870863759e-05,-8.038123800670638742e-22,-9.760877451462009802e+00,8.999999999999998579e+01,-1.834224640962720674e-06,0.000000000000000000e+00,2.558332872076199750e-19,-5.084710484892678191e-03,-8.190057336903228181e-27
2.049950000321503467e+04,0.000000000000000000e+00,1.863342009449291581e+01,1.000000342201441526e+03,1.012018852869929049e+02,6.196828244219671886e-15,8.203706713952937178e-28,1.928794044720975531e-05,1.198308443947366555e-21,-9.760826888314154459e+00,8.999999999999998579e+01,-1.654922956181596745e-06,0.000000000000000000e+00,2.558332872076200231e-19,-5.113337001846815152e-03,-7.389451431734494008e-27
2.050950000321707194e+04,0.000000000000000000e+00,1.864250978940609471e+01,1.000000342393293977e+03,1.012018855573856655e+02,6.196828260776452593e-15,0.000000000000000000e+00,-3.978249626417544578e-06,-2.242517161981140364e-22,-9.760941849997987418e+00,8.999999999999998579e+01,-1.854612132485816554e-06,0.000000000000000000e+00,2.558332872076199750e-19,-5.048251043085164903e-03,-8.281090202126401870e-27
2.051950000321910920e+04,0.000000000000000000e+00,1.865159948431933401e+01,1.000000342588871717e+03,1.012018852258121910e+02,6.196828240473433768e-15,0.000000000000000000e+00,1.012863929106113567e-05,6.391976298865777044e-22,-9.760946503420825593e+00,8.999999999999998579e+01,-1.821220769095600038e-06,0.000000000000000000e+00,2.558332872076199750e-19,-5.045616521875273194e-03,-8.131993316927156443e-27
2.052950000322114647e+04,0.000000000000000000e+00,1.866068917923264081e+01,1.000000342781655490e+03,1.012018854724385761e+02,6.196828255574942808e-15,4.235156501352921353e-22,1.355702290036707912e-06,1.026842235770461080e-22,-9.760882101234660269e+00,8.999999999999998579e+01,-1.885771984775095314e-06,0.000000000000000000e+00,2.558332872076199750e-19,-5.082078008362847163e-03,-8.420223093027205968e-27
2.053950000322318374e+04,0.000000000000000000e+00,1.866977887414602577e+01,1.000000342972576618e+03,1.012018854119825875e+02,6.196828251873081271e-15,8.470329472543003391e-22,-1.215048370513256705e-05,-7.252221354037980591e-22,-9.760877387582519660e+00,8.999999999999998579e+01,-1.800344576835222836e-06,0.000000000000000000e+00,2.558332872076200231e-19,-5.084746663674280694e-03,-8.038778337818074835e-27
2.054950000322522101e+04,0.000000000000000000e+00,1.867886856905953152e+01,1.000000343165360391e+03,1.012018853037678241e+02,6.196828245246837416e-15,4.235156480512104287e-22,1.569059817225306708e-05,9.794851282933890702e-22,-9.760886706405889512e+00,8.999999999999998579e+01,-1.793910513305202074e-06,0.000000000000000000e+00,2.558332872076200231e-19,-5.079470789813905242e-03,-8.010049387152309027e-27
2.055950000322725828e+04,0.000000000000000000e+00,1.868795826397307280e+01,1.000000343355350196e+03,1.012018853132665441e+02,6.196828245828466928e-15,4.235164736271501695e-22,2.970577227226973811e-05,1.838096188695368341e-21,-9.760891371703264596e+00,8.999999999999998579e+01,-1.835038178161686103e-06,0.000000000000000000e+00,2.558332872076199750e-19,-5.076829514693738735e-03,-8.193689888858112701e-27
2.056950000322929554e+04,0.000000000000000000e+00,1.869704795888670645e+01,1.000000343551859260e+03,1.012018854956539116e+02,6.196828256996472526e-15,0.000000000000000000e+00,-4.872590278783278385e-05,-2.963641838028858232e-21,-9.760987653188175628e+00,8.999999999999998579e+01,-1.913336154141757347e-06,0.000000000000000000e+00,2.558332872076199750e-19,-5.022319421774352338e-03,-8.543300780740843067e-27
2.057950000323133281e+04,0.000000000000000000e+00,1.870613765380036142e+01,1.000000343748368323e+03,1.012018853708947859e+02,6.196828249357179808e-15,0.000000000000000000e+00,1.641002903316887484e-05,1.024046934288580460e-21,-9.760886714295722300e+00,8.999999999999998579e+01,-1.842703804377984202e-06,0.000000000000000000e+00,2.558332872076199750e-19,-5.079466315777298770e-03,-8.227917930959761120e-27
2.058950000323337008e+04,0.000000000000000000e+00,1.871522734871410876e+01,1.000000343943014741e+03,1.012018852534465339e+02,6.196828242165549087e-15,0.000000000000000000e+00,2.561503096764213458e-05,1.587675825866948464e-21,-9.760951184856782703e+00,8.999999999999998579e+01,-1.841425191832234717e-06,0.000000000000000000e+00,2.558332872076199750e-19,-5.042966106128094449e-03,-8.222208755634388902e-27
2.059950000323540735e+04,0.000000000000000000e+00,1.872431704362791294e+01,1.000000344142317772e+03,1.012018855490915143e+02,6.196828260268581575e-15,8.307976607649431758e-28,-5.690403221541924555e-05,-3.463805443582528614e-21,-9.760923161045070628e+00,8.999999999999998579e+01,-1.971096283250124413e-06,1.895758319773387158e-22,2.558332872076199750e-19,-5.058831854634236389e-03,-8.801207450741834517e-27
2.060950000323744462e+04,0.000000000000000000e+00,1.873340673854180949e+01,1.000000344333238900e+03,1.012018856476679929e+02,6.196828266304650188e-15,4.235159189896500376e-22,-8.912568525075347729e-05,-5.437226470445268976e-21,-9.760973602164934704e+00,8.999999999999998579e+01,-1.931416803216532872e-06,0.000000000000000000e+00,2.558332872076199750e-19,-5.030274440862845739e-03,-8.624033287165527138e-27
2.061950000323948188e+04,0.000000000000000000e+00,1.874249643345574157e+01,1.000000344525091350e+03,1.012018854584831047e+02,6.196828254720417121e-15,1.665781911827622935e-27,-2.883424965218328364e-05,-1.745984912426062941e-21,-9.760932494570981888e+00,8.999999999999998579e+01,-1.879263733317454181e-06,0.000000000000000000e+00,2.558332872076199750e-19,-5.053547654934318831e-03,-8.391162883382930744e-27
2.062950000324151915e+04,0.000000000000000000e+00,1.875158612836978733e+01,1.000000344721600413e+03,1.012018852571162029e+02,6.196828242390250594e-15,4.235164736271501695e-22,4.526068955362654337e-05,2.789798012231882581e-21,-9.760896051273993734e+00,8.999999999999998579e+01,-1.761916958914632020e-06,0.000000000000000000e+00,2.558332872076200231e-19,-5.074180162580955826e-03,-7.867193905321812146e-27
2.063950000324355642e+04,0.000000000000000000e+00,1.876067582328388283e+01,1.000000344914384186e+03,1.012018854136909169e+02,6.196828251977685805e-15,4.235164736271501695e-22,-9.586533816234099883e-06,-5.683657373130328452e-22,-9.760877325969250506e+00,8.999999999999998579e+01,-1.787000414888912817e-06,0.000000000000000000e+00,2.558332872076200231e-19,-5.084781542590396247e-03,-7.979194877312471347e-27
2.064950000324559369e+04,0.000000000000000000e+00,1.876976551819807781e+01,1.000000345108099282e+03,1.012018852628161056e+02,6.196828242739268690e-15,-4.235148015554813716e-22,4.190387337088517669e-05,2.583239683701465879e-21,-9.760771827507253917e+00,8.999999999999998579e+01,-1.664922794083326475e-06,0.000000000000000000e+00,2.558332872076200231e-19,-5.144509854647935122e-03,-7.434102039923859473e-27
2.065950000324763096e+04,0.000000000000000000e+00,1.877885521311233319e+01,1.000000345300883055e+03,1.012018853597422066e+02,6.196828248674281855e-15,8.370854434435137163e-28,-4.125002392726798837e-06,-2.347795609638714922e-22,-9.760817574275121089e+00,8.999999999999998579e+01,-1.706761640301620265e-06,0.000000000000000000e+00,2.558332872076200231e-19,-5.118610164382002801e-03,-7.620918061138063164e-27
2.066950000324966823e+04,0.000000000000000000e+00,1.878794490802663830e+01,1.000000345493666828e+03,1.012018854092414273e+02,6.196828251705234547e-15,4.235156354914395576e-22,-8.852735753131401445e-06,-5.229803797682532060e-22,-9.760877420349590494e+00,8.999999999999998579e+01,-1.830353359562466072e-06,-1.895758319773387158e-22,2.558332872076199750e-19,-5.084728108208436299e-03,-8.172771549804256827e-27
2.067950000325170549e+04,0.000000000000000000e+00,1.879703460294101802e+01,1.000000345686450601e+03,1.012018855016697643e+02,6.196828257364835859e-15,8.391866358136041760e-28,-5.491386687492575899e-05,-3.342900575414029161e-21,-9.760923090396987689e+00,8.999999999999998579e+01,-1.879296675686579134e-06,-1.895758319773387158e-22,2.558332872076199750e-19,-5.058871853840364238e-03,-8.391309975448930051e-27
2.068950000325374276e+04,0.000000000000000000e+00,1.880612429785549011e+01,1.000000345880165696e+03,1.012018853965896312e+02,6.196828250930534484e-15,4.235156333889309895e-22,-3.311852608377838565e-06,-1.844238353371596001e-22,-9.760817572788603513e+00,8.999999999999998579e+01,-1.760899009629930413e-06,0.000000000000000000e+00,2.558332872076200231e-19,-5.118611001549921991e-03,-7.862648626176835469e-27
2.069950000325578003e+04,0.000000000000000000e+00,1.881521399276984496e+01,1.000000346131622791e+03,1.012018855044357224e+02,6.196828257534202718e-15,-4.235156323366895724e-22,-3.188314031521731007e-05,-1.931903390634869125e-21,-9.760992250237482182e+00,8.999999999999998579e+01,-1.953265491735591650e-06,1.895758319773387158e-22,2.558332872076199750e-19,-5.019716781351261058e-03,-8.721590591604156052e-27
2.070950000325781730e+04,0.000000000000000000e+00,1.882430368768448048e+01,1.000000346328131855e+03,1.012018854298703587e+02,6.196828252968392550e-15,0.000000000000000000e+00,2.974949462188873430e-05,1.839337161780241520e-21,-9.760767173102838257e+00,8.999999999999998579e+01,-1.697510894219259109e-06,0.000000000000000000e+00,2.558332872076200231e-19,-5.147144943921899175e-03,-7.579612247699687221e-27
2.071950000325985457e+04,0.000000000000000000e+00,1.883339338259915152e+01,1.000000346526503563e+03,1.012018854030178403e+02,6.196828251324149255e-15,4.235164736271501695e-22,1.121583505036495953e-05,7.053875742497707073e-22,-9.760822283241022745e+00,8.999999999999998579e+01,-1.784681647147638540e-06,0.000000000000000000e+00,2.558332872076200231e-19,-5.115944161202570263e-03,-7.968841270492518562e-27
2.072950000326189183e+04,0.000000000000000000e+00,1.884248307751390428e+01,1.000000346722081304e+03,1.012018854740591678e+02,6.196828255674175988e-15,4.235164736271501695e-22,-2.109300443555175514e-05,-1.272926354259093000e-21,-9.760872637458270162e+00,8.999999999999998579e+01,-1.787629716986469237e-06,-1.895758319773386923e-22,2.558332872076200231e-19,-5.087435950185626755e-03,-7.982004794999825438e-27
2.073950000326392910e+04,0.000000000000000000e+00,1.885157277242871388e+01,1.000000346913002431e+03,1.012018852922658141e+02,6.196828244542543189e-15,0.000000000000000000e+00,1.684168483414343135e-05,1.048315457693411774e-21,-9.760762485386740295e+00,8.999999999999998579e+01,-1.635223416797400050e-06,0.000000000000000000e+00,2.558332872076200231e-19,-5.149798921927603405e-03,-7.301490364445336695e-27
2.074950000326596637e+04,0.000000000000000000e+00,1.886066246734358032e+01,1.000000347107648849e+03,1.012018853238206049e+02,6.196828246474716770e-15,4.235156270656109672e-22,6.203862823392864237e-05,3.817491403712215227e-21,-9.760900877531787145e+00,8.999999999999998579e+01,-1.794657567570074845e-06,0.000000000000000000e+00,2.558332872076200231e-19,-5.071447750023017412e-03,-8.013385083951077769e-27
2.075950000326800364e+04,0.000000000000000000e+00,1.886975216225853913e+01,1.000000347299501300e+03,1.012018853981592770e+02,6.196828251026646930e-15,0.000000000000000000e+00,1.593121474441232309e-05,9.951294145328483523e-22,-9.760946554055639268e+00,8.999999999999998579e+01,-1.881232137624555602e-06,0.000000000000000000e+00,2.558332872076199750e-19,-5.045587830670610237e-03,-8.399952070801603490e-27
2.076950000327004091e+04,0.000000000000000000e+00,1.887884185717354057e+01,1.000000347493216395e+03,1.012018854398850465e+02,6.196828253581614363e-15,0.000000000000000000e+00,-3.383979682649907616e-05,-2.053621182405510980e-21,-9.760867917313920117e+00,8.999999999999998579e+01,-1.770480290256149224e-06,-1.895758319773386923e-22,2.558332872076200231e-19,-5.090108277647094857e-03,-7.905430320380063728e-27
2.077950000327207817e+04,0.000000000000000000e+00,1.888793155208860952e+01,1.000000347686000168e+03,1.012018853995801067e+02,6.196828251113648033e-15,4.235156238950666638e-22,-1.621711423124846079e-05,-9.732950664503626056e-22,-9.760996921727194575e+00,8.999999999999998579e+01,-1.890036765777394524e-06,-1.895758319773387158e-22,2.558332872076199750e-19,-5.017072008417323287e-03,-8.439265908262652229e-27
2.078950000327411544e+04,0.000000000000000000e+00,1.889702124700376729e+01,1.000000347878783941e+03,1.012018853266156100e+02,6.196828246645862510e-15,0.000000000000000000e+00,4.058582980027355009e-05,2.504075898367008950e-21,-9.760831708720132838e+00,8.999999999999998579e+01,-1.812840480482099515e-06,0.000000000000000000e+00,2.558332872076199750e-19,-5.110607898842099359e-03,-8.094574212030417532e-27
2.079950000327615271e+04,0.000000000000000000e+00,1.890611094191909203e+01,1.000000348074361682e+03,1.012018853919471013e+02,6.196828250646262146e-15,-3.471600328508315235e-25,1.178413643060102131e-05,7.416337142602579257e-22,-9.761006346884904872e+00,8.999999999999998579e+01,-1.923747356485166650e-06,0.000000000000000000e+00,2.558332872076199750e-19,-5.011735923537984604e-03,-8.589788185955218213e-27
2.080950000327818998e+04,0.000000000000000000e+00,1.891520063683437414e+01,1.000000348267145455e+03,1.012018853898820652e+02,6.196828250519814054e-15,-4.235156207185995615e-22,3.953619540082049924e-05,2.441593224293467595e-21,-9.761015783619964026e+00,8.999999999999998579e+01,-1.984293554844246543e-06,0.000000000000000000e+00,2.558332872076199750e-19,-5.006393283963834692e-03,-8.860135026259417975e-27
2.081950000328022725e+04,0.000000000000000000e+00,1.892429033174973085e+01,1.000000348458066583e+03,1.012018853548537436e+02,6.196828248374949373e-15,-8.539686892006890348e-28,8.777181027460303944e-05,5.393757434788810760e-21,-9.760786106118645833e+00,8.999999999999998579e+01,-1.848691642575737340e-06,0.000000000000000000e+00,2.558332872076199750e-19,-5.136425955892222166e-03,-8.254654426080644435e-27
2.082950000328226452e+04,0.000000000000000000e+00,1.893338002666515862e+01,1.000000348647125065e+03,1.012018854033128292e+02,6.196828251342211803e-15,4.235164736271501695e-22,1.761267108381920133e-05,1.098414196244072494e-21,-9.760946573000596871e+00,8.999999999999998579e+01,-1.912518816691233911e-06,0.000000000000000000e+00,2.558332872076199750e-19,-5.045577102038762730e-03,-8.539651260156561851e-27
2.083950000328430178e+04,0.000000000000000000e+00,1.894246972158058995e+01,1.000000348842702806e+03,1.012018854738088010e+02,6.196828255658845265e-15,4.235164736271501695e-22,-1.828699864413939552e-05,-1.101292430897837876e-21,-9.760872603400363445e+00,8.999999999999998579e+01,-1.769954687296038702e-06,0.000000000000000000e+00,2.558332872076200231e-19,-5.087455228396352454e-03,-7.903083433153924915e-27
2.084950000328633905e+04,0.000000000000000000e+00,1.895155941649614917e+01,1.000000349035486579e+03,1.012018853526095370e+02,6.196828248237530592e-15,4.235156164740967239e-22,3.186024548830628135e-05,1.970497367272905909e-21,-9.760951304759723612e+00,8.999999999999998579e+01,-1.880810281448039115e-06,0.000000000000000000e+00,2.558332872076199750e-19,-5.042898204536235690e-03,-8.398068426783067294e-27
2.085950000328837632e+04,0.000000000000000000e+00,1.896064911141176168e+01,1.000000349230132997e+03,1.012018854185224654e+02,6.196828252273533888e-15,4.235156154113258396e-22,1.138064625496924011e-06,8.797925952067745973e-23,-9.760817570716080027e+00,8.999999999999998579e+01,-1.753630653484733609e-06,0.000000000000000000e+00,2.558332872076200231e-19,-5.118612166884565877e-03,-7.830194447858226483e-27
2.086950000329041359e+04,0.000000000000000000e+00,1.896973880632745235e+01,1.000000349422916770e+03,1.012018854234377159e+02,6.196828252574505622e-15,-4.235156143478968195e-22,-4.679134341379563691e-05,-2.844336868372470852e-21,-9.761047216488650591e+00,8.999999999999998579e+01,-1.994309001459248609e-06,0.000000000000000000e+00,2.558332872076199750e-19,-4.988597459926241186e-03,-8.904855329432592968e-27
2.087950000329245086e+04,0.000000000000000000e+00,1.897882850124322474e+01,1.000000349614769220e+03,1.012018853542040802e+02,6.196828248335168695e-15,8.470312265676195154e-22,4.294496033227733738e-05,2.648078425906817220e-21,-9.760831768773405415e+00,8.999999999999998579e+01,-1.769456750487989849e-06,0.000000000000000000e+00,2.558332872076200231e-19,-5.110573893828266809e-03,-7.900860078981812543e-27
2.088950000329448812e+04,0.000000000000000000e+00,1.898791819615907883e+01,1.000000349807552993e+03,1.012018853892626140e+02,6.196828250481884044e-15,4.235164736271501695e-22,5.322342159328851220e-06,3.455189065543275936e-22,-9.760941856206141409e+00,8.999999999999998579e+01,-1.880802533765743232e-06,1.895758319773387158e-22,2.558332872076199750e-19,-5.048247530372131260e-03,-8.398033832349642763e-27
2.089950000329652539e+04,0.000000000000000000e+00,1.899700789107495069e+01,1.000000350000336766e+03,1.012018856319121056e+02,6.196828265339880401e-15,4.235147486801724251e-22,-8.219255544344754511e-05,-5.013123940267265020e-21,-9.760973209410874318e+00,8.999999999999998579e+01,-1.890269718686619288e-06,0.000000000000000000e+00,2.558332872076199750e-19,-5.030496791160080777e-03,-8.440306074031198133e-27
2.090950000329856266e+04,0.000000000000000000e+00,1.900609758599089716e+01,1.000000350195914507e+03,1.012018853458305614e+02,6.196828247822438295e-15,0.000000000000000000e+00,4.372317720782090123e-05,2.696071888248117570e-21,-9.760831789642503864e+00,8.999999999999998579e+01,-1.802186787356984482e-06,0.000000000000000000e+00,2.558332872076200231e-19,-5.110562078443905802e-03,-8.047004053176445132e-27
2.091950000330059993e+04,0.000000000000000000e+00,1.901518728090690047e+01,1.000000350386835635e+03,1.012018853430311367e+02,6.196828247651021976e-15,4.235164736271501695e-22,3.023783857850883002e-05,1.869656457323738483e-21,-9.760827055157939469e+00,8.999999999999998579e+01,-1.737327053861015830e-06,0.000000000000000000e+00,2.558332872076200231e-19,-5.113242522835561785e-03,-7.757396703931898168e-27
2.092950000330263720e+04,0.000000000000000000e+00,1.902427697582299260e+01,1.000000350576825440e+03,1.012018854034212580e+02,6.196828251348850856e-15,0.000000000000000000e+00,2.195922020180530437e-05,1.362752657047692603e-21,-9.760762545286670644e+00,8.999999999999998579e+01,-1.738812304430476263e-06,0.000000000000000000e+00,2.558332872076200231e-19,-5.149764992539651413e-03,-7.764028545556902191e-27
2.093950000330467446e+04,0.000000000000000000e+00,1.903336667073913446e+01,1.000000350767746568e+03,1.012018854379106045e+02,6.196828253460714330e-15,-4.235156068854674760e-22,-1.246804880433956058e-05,-7.429631478732608677e-22,-9.760996886121274585e+00,8.999999999999998579e+01,-1.963705057585677082e-06,1.895758319773387158e-22,2.558332872076199750e-19,-5.017092157833898634e-03,-8.768204643653800995e-27
2.094950000330671173e+04,0.000000000000000000e+00,1.904245636565534383e+01,1.000000350959599018e+03,1.012018855279826113e+02,6.196828258976035349e-15,-3.504009134013564964e-25,-3.777108894744322329e-05,-2.293633322047302200e-21,-9.760803330987515736e+00,8.999999999999998579e+01,-1.838660258152537833e-06,0.000000000000000000e+00,2.558332872076199750e-19,-5.126674024306433937e-03,-8.209862958470977313e-27
2.095950000330874900e+04,0.000000000000000000e+00,1.905154606057159228e+01,1.000000351162627339e+03,1.012018853642084792e+02,6.196828248947761787e-15,0.000000000000000000e+00,1.956129244741958755e-05,1.214095790573420734e-21,-9.760638267370163490e+00,8.999999999999998579e+01,-1.563493634699911722e-06,0.000000000000000000e+00,2.558332872076200231e-19,-5.220125345441901585e-03,-6.981207333118453481e-27
2.096950000331078627e+04,0.000000000000000000e+00,1.906063575548794020e+01,1.000000351355411112e+03,1.012018855127045356e+02,6.196828258040521257e-15,0.000000000000000000e+00,-4.775327832800807645e-05,-2.904592070038963541e-21,-9.760922855658455077e+00,8.999999999999998579e+01,-1.864773342111286989e-06,0.000000000000000000e+00,2.558332872076199750e-19,-5.059004740668704078e-03,-8.326461356556654870e-27
2.097950000331282354e+04,0.000000000000000000e+00,1.906972545040436628e+01,1.000000351547263563e+03,1.012018854203817853e+02,6.196828252387383082e-15,4.235164736271501695e-22,-1.471364668737806690e-05,-8.828499456067578642e-22,-9.760872537980896269e+00,8.999999999999998579e+01,-1.735231509666512838e-06,0.000000000000000000e+00,2.558332872076200231e-19,-5.087492265890170007e-03,-7.748039819981203068e-27
2.098950000331486081e+04,0.000000000000000000e+00,1.907881514532081724e+01,1.000000351741909981e+03,1.012018855775059478e+02,6.196828262008464000e-15,8.470323657794662993e-22,-3.669726564380661183e-05,-2.228529233963142291e-21,-9.760803307406504814e+00,8.999999999999998579e+01,-1.776382925326591392e-06,0.000000000000000000e+00,2.558332872076200231e-19,-5.126687368812900790e-03,-7.931786372188615802e-27
2.099950000331689807e+04,0.000000000000000000e+00,1.908790484023730372e+01,1.000000351931899786e+03,1.012018854805837975e+02,6.196828256073695383e-15,5.821896383498985488e-28,-6.391648047042725446e-05,-3.896349781657052152e-21,-9.760793784121821304e+00,8.999999999999998579e+01,-1.668601418975593128e-06,0.000000000000000000e+00,2.558332872076200231e-19,-5.132079017288422758e-03,-7.450527590053213505e-27
2.100950000331893534e+04,0.000000000000000000e+00,1.909699453515389322e+01,1.000000352126546204e+03,1.012018854133408041e+02,6.196828251956248510e-15,4.235147251544338673e-22,2.413126127586092166e-05,1.496130272242513107e-21,-9.760762574777972489e+00,8.999999999999998579e+01,-1.775239795844767562e-06,0.000000000000000000e+00,2.558332872076200231e-19,-5.149748292237407883e-03,-7.926682146789744556e-27
2.101950000332097261e+04,0.000000000000000000e+00,1.910608423007055023e+01,1.000000352316536009e+03,1.012018854220392257e+02,6.196828252488873982e-15,1.750619316721008566e-27,-8.380793839161207809e-06,-4.957710187003962462e-22,-9.760812816336883913e+00,8.999999999999998579e+01,-1.668475400499436578e-06,0.000000000000000000e+00,2.558332872076200231e-19,-5.121303868903494087e-03,-7.449964900771765332e-27
2.102950000332300988e+04,0.000000000000000000e+00,1.911517392498728185e+01,1.000000352510251105e+03,1.012018855365860759e+02,6.196828259502844550e-15,4.235155972435335089e-22,-4.627829763830870676e-05,-2.813896881263243837e-21,-9.760922811375023045e+00,8.999999999999998579e+01,-1.901113561439172457e-06,0.000000000000000000e+00,2.558332872076199750e-19,-5.059029807630217521e-03,-8.488725276299223960e-27
2.103950000332504715e+04,0.000000000000000000e+00,1.912426361990409163e+01,1.000000352701172233e+03,1.012018854521489288e+02,6.196828254332560247e-15,8.774582330426895699e-28,-3.761637130977417409e-05,-2.282735594076603163e-21,-9.760987333950341238e+00,8.999999999999998579e+01,-1.975036643189627153e-06,0.000000000000000000e+00,2.558332872076199750e-19,-5.022500146919491384e-03,-8.818801682719672305e-27
2.104950000332708441e+04,0.000000000000000000e+00,1.913335331482094048e+01,1.000000352888368070e+03,1.012018852909269953e+02,6.196828244460565552e-15,4.235147165601351663e-22,7.715754046529162754e-05,4.741095870301338031e-21,-9.760657376059638679e+00,8.999999999999998579e+01,-1.587449873974597598e-06,0.000000000000000000e+00,2.558332872076200231e-19,-5.209306899629752990e-03,-7.088175132402445480e-27
2.105950000332912168e+04,0.000000000000000000e+00,1.914244300973784618e+01,1.000000353075563908e+03,1.012018855197170808e+02,6.196828258469916391e-15,4.235164736271501695e-22,-1.804360568161417352e-05,-1.085005249733339695e-21,-9.760932333287749785e+00,8.999999999999998579e+01,-1.902585559218919082e-06,-1.895758319773387158e-22,2.558332872076199750e-19,-5.053638945066976119e-03,-8.495297942452914004e-27
2.106950000333115895e+04,0.000000000000000000e+00,1.915153270465481228e+01,1.000000353265553713e+03,1.012018853416826403e+02,6.196828247568451905e-15,0.000000000000000000e+00,2.345507563200643049e-05,1.455210224173148074e-21,-9.760946652355087849e+00,8.999999999999998579e+01,-1.821396199230760488e-06,0.000000000000000000e+00,2.558332872076199750e-19,-5.045532172580450940e-03,-8.132776635847587810e-27
2.107950000333319622e+04,0.000000000000000000e+00,1.916062239957176416e+01,1.000000353453680873e+03,1.012018854470801870e+02,6.196828254022189234e-15,4.235164736271501695e-22,6.934046376791106438e-06,4.430187828315050650e-22,-9.760817585592620915e+00,8.999999999999998579e+01,-1.766859723630567836e-06,0.000000000000000000e+00,2.558332872076200231e-19,-5.118603734265740439e-03,-7.889264008144709979e-27
2.108950000333523349e+04,0.000000000000000000e+00,1.916971209448884395e+01,1.000000353650189936e+03,1.012018854174672811e+02,6.196828252208922235e-15,0.000000000000000000e+00,-3.572438031701759898e-06,-1.982952065153488359e-22,-9.760937103406041260e+00,8.999999999999998579e+01,-1.960733715070017581e-06,0.000000000000000000e+00,2.558332872076199750e-19,-5.050938334764588922e-03,-8.754937203544579583e-27
2.109950000333727075e+04,0.000000000000000000e+00,1.917880178940599833e+01,1.000000353839248419e+03,1.012018854419513758e+02,6.196828253708140553e-15,8.470320633345494756e-22,-1.166812266046140910e-05,-6.956069023955822387e-22,-9.760872564876089896e+00,8.999999999999998579e+01,-1.807942355802373659e-06,0.000000000000000000e+00,2.558332872076200231e-19,-5.087477033001262285e-03,-8.072703432915160683e-27
2.110950000333930802e+04,0.000000000000000000e+00,1.918789148432318825e+01,1.000000354031100869e+03,1.012018854200495639e+02,6.196828252367040726e-15,4.235164736271501695e-22,2.147133892754713502e-05,1.332965791475325489e-21,-9.760822372039232420e+00,8.999999999999998579e+01,-1.747165439109631970e-06,0.000000000000000000e+00,2.558332872076200231e-19,-5.115893872741512569e-03,-7.801326404519945839e-27
2.111950000334134529e+04,0.000000000000000000e+00,1.919698117924044567e+01,1.000000354223884642e+03,1.012018854616665351e+02,6.196828254915345440e-15,8.470311750965908680e-22,-3.323817806948939325e-05,-2.016923645061172231e-21,-9.760803235952078438e+00,8.999999999999998579e+01,-1.756976450260276907e-06,0.000000000000000000e+00,2.558332872076200231e-19,-5.126727829155125829e-03,-7.845133876114376401e-27
2.112950000334338256e+04,0.000000000000000000e+00,1.920607087415778125e+01,1.000000354414805770e+03,1.012018856434941938e+02,6.196828266049078976e-15,-4.235155864677564354e-22,-4.382024616847085200e-05,-2.662748807550754072e-21,-9.760922755368568460e+00,8.999999999999998579e+01,-1.962066205668826047e-06,0.000000000000000000e+00,2.558332872076199750e-19,-5.059061502717844029e-03,-8.760886951553304889e-27
2.113950000334541983e+04,0.000000000000000000e+00,1.921516056907516656e+01,1.000000354604795575e+03,1.012018854509616688e+02,6.196828254259861981e-15,0.000000000000000000e+00,1.395505358845039982e-05,8.714685603528029398e-22,-9.760757839323300544e+00,8.999999999999998579e+01,-1.626628312481924073e-06,0.000000000000000000e+00,2.558332872076200231e-19,-5.152429278028810948e-03,-7.263112078826260246e-27
2.114950000334745710e+04,0.000000000000000000e+00,1.922425026399262293e+01,1.000000354797579348e+03,1.012018854202568861e+02,6.196828252379736654e-15,-8.893224460067728060e-28,3.339452470980209609e-05,2.061747223592162516e-21,-9.760702880123627523e+00,8.999999999999998579e+01,-1.622261801131662739e-06,0.000000000000000000e+00,2.558332872076200231e-19,-5.183544610970275239e-03,-7.243615024036883588e-27
2.115950000334949436e+04,0.000000000000000000e+00,1.923333995891008641e+01,1.000000354987569153e+03,1.012018855848772603e+02,6.196828262459827333e-15,4.235158799409530856e-22,-2.387801207655976097e-05,-1.443298778224550657e-21,-9.760867761117964392e+00,8.999999999999998579e+01,-1.802997330304836346e-06,0.000000000000000000e+00,2.558332872076200231e-19,-5.090196681779787964e-03,-8.050623235401283338e-27
2.116950000335153163e+04,0.000000000000000000e+00,1.924242965382766002e+01,1.000000355176627636e+03,1.012018854182245917e+02,6.196828252255293846e-15,0.000000000000000000e+00,-4.424114494756544396e-06,-2.530132659064454714e-22,-9.760812801747377421e+00,8.999999999999998579e+01,-1.714587859163328246e-06,0.000000000000000000e+00,2.558332872076200231e-19,-5.121312124007016721e-03,-7.655863170792073629e-27
2.117950000335356890e+04,0.000000000000000000e+00,1.925151934874528692e+01,1.000000355369411409e+03,1.012018854469547904e+02,6.196828254014512040e-15,8.925719599071360442e-28,3.158425916466311311e-05,1.952877162487972364e-21,-9.760886945546614513e+00,8.999999999999998579e+01,-1.811727724326816374e-06,0.000000000000000000e+00,2.558332872076199750e-19,-5.079335364517905370e-03,-8.089605607580211951e-27
2.118950000335560617e+04,0.000000000000000000e+00,1.926060904366298132e+01,1.000000355560332537e+03,1.012018853308932336e+02,6.196828246907790363e-15,4.235164736271501695e-22,-3.855649117867896386e-06,-2.179091455085123699e-22,-9.760812800603108741e+00,8.999999999999998579e+01,-1.742998285464950893e-06,0.000000000000000000e+00,2.558332872076200231e-19,-5.121312779170262425e-03,-7.782719508440021993e-27
2.119950000335764344e+04,0.000000000000000000e+00,1.926969873858072191e+01,1.000000355751253664e+03,1.012018854103744445e+02,6.196828251774610920e-15,8.947415928360473170e-28,4.607823966027350764e-06,3.015526749264442545e-22,-9.760877366256531573e+00,8.999999999999998579e+01,-1.860213520555014437e-06,0.000000000000000000e+00,2.558332872076199750e-19,-5.084758714679191681e-03,-8.306101145948906892e-27
2.120950000335968070e+04,0.000000000000000000e+00,1.927878843349853355e+01,1.000000355940312147e+03,1.012018853449830686e+02,6.196828247770544658e-15,3.560185565105120360e-25,2.408827102316246331e-05,1.493883337145621513e-21,-9.760822424110351392e+00,8.999999999999998579e+01,-1.812138799547094991e-06,0.000000000000000000e+00,2.558332872076199750e-19,-5.115864395967184737e-03,-8.091441113193142995e-27
2.121950000336171797e+04,0.000000000000000000e+00,1.928787812841637006e+01,1.000000356130301952e+03,1.012018853982979607e+02,6.196828251035141384e-15,-4.235158756007764336e-22,5.142923940502653434e-06,3.339590410821563932e-22,-9.760877352862317835e+00,8.999999999999998579e+01,-1.825793156924128092e-06,0.000000000000000000e+00,2.558332872076199750e-19,-5.084766298272382599e-03,-8.152409637614323402e-27
2.122950000336375524e+04,0.000000000000000000e+00,1.929696782333425276e+01,1.000000356327742338e+03,1.012018855703713029e+02,6.196828261571592831e-15,4.235164736271501695e-22,-4.134110635870628237e-05,-2.511575103474134123e-21,-9.760922673345184819e+00,8.999999999999998579e+01,-1.901689024837372044e-06,0.000000000000000000e+00,2.558332872076199750e-19,-5.059107943750465984e-03,-8.491294797022744158e-27
2.123950000336579251e+04,0.000000000000000000e+00,1.930605751825220295e+01,1.000000356518663466e+03,1.012018853776959020e+02,6.196828249773628157e-15,8.990887554585033423e-28,3.309193634333241736e-05,2.045662593085984440e-21,-9.760886976764707512e+00,8.999999999999998579e+01,-1.856479283417434199e-06,0.000000000000000000e+00,2.558332872076199750e-19,-5.079317694563779614e-03,-8.289427279736793935e-27
2.124950000336782978e+04,0.000000000000000000e+00,1.931514721317022421e+01,1.000000356711447239e+03,1.012018855235055383e+02,6.196828258701893562e-15,4.235146732727676154e-22,-2.158226714219672472e-05,-1.302440098355750357e-21,-9.760867729121375902e+00,8.999999999999998579e+01,-1.830285695342810712e-06,0.000000000000000000e+00,2.558332872076199750e-19,-5.090214799266933911e-03,-8.172469420050754064e-27
2.125950000336986704e+04,0.000000000000000000e+00,1.932423690808783334e+01,1.000000356885604560e+03,1.012018854586018932e+02,6.196828254727690419e-15,4.235155723608650221e-22,2.252484022900922930e-05,1.399405707655986246e-21,-9.761006474245903064e+00,8.999999999999998579e+01,-1.932296397660178397e-06,0.000000000000000000e+00,2.558332872076199750e-19,-5.011663795895496612e-03,-8.627960793516603289e-27
2.126950000337190431e+04,0.000000000000000000e+00,1.933332660300597539e+01,1.000000357075594366e+03,1.012018853582797249e+02,6.196828248584730365e-15,0.000000000000000000e+00,3.385090683692804189e-05,2.092053616694077685e-21,-9.760886992846524279e+00,8.999999999999998579e+01,-1.848569062121461111e-06,0.000000000000000000e+00,2.558332872076199750e-19,-5.079308590567341818e-03,-8.254107088024829320e-27
2.127950000337394158e+04,0.000000000000000000e+00,1.934241629792412809e+01,1.000000357270240784e+03,1.012018853768080078e+02,6.196828249719260652e-15,4.230391632972515625e-22,-1.512384651477460009e-06,-7.353594603758695755e-23,-9.760812797397164786e+00,8.999999999999998579e+01,-1.828142514650983543e-06,1.895758319773387158e-22,2.558332872076199750e-19,-5.121314586930313453e-03,-8.162899832794425189e-27
2.128950000337597885e+04,0.000000000000000000e+00,1.935150599284231276e+01,1.000000357472337782e+03,1.012018854371125229e+02,6.196828253411845974e-15,0.000000000000000000e+00,2.620169351671631627e-05,1.622611650170415355e-21,-9.760822425685361736e+00,8.999999999999998579e+01,-1.746703267513779093e-06,0.000000000000000000e+00,2.558332872076200231e-19,-5.115863493047562854e-03,-7.799262746784146397e-27
2.129950000337801612e+04,0.000000000000000000e+00,1.936059568776058271e+01,1.000000357665121555e+03,1.012018854290883354e+02,6.196828252920507115e-15,0.000000000000000000e+00,1.832350473716764022e-05,1.138957278949528033e-21,-9.760757880995699409e+00,8.999999999999998579e+01,-1.626458825277571472e-06,0.000000000000000000e+00,2.558332872076200231e-19,-5.152405681566281370e-03,-7.262355295883475715e-27
2.130950000338005339e+04,0.000000000000000000e+00,1.936968538267888462e+01,1.000000357856042683e+03,1.012018855073498145e+02,6.196828257712640688e-15,0.000000000000000000e+00,-3.633162456141174530e-05,-2.206766809576363687e-21,-9.760738578883421113e+00,8.999999999999998579e+01,-1.716322508285229131e-06,0.000000000000000000e+00,2.558332872076200231e-19,-5.163333630331224701e-03,-7.663608610173111935e-27
2.131950000338209065e+04,0.000000000000000000e+00,1.937877507759727891e+01,1.000000358047895133e+03,1.012018852978582402e+02,6.196828244884981397e-15,0.000000000000000000e+00,8.188865561024289232e-05,5.033131009243301094e-21,-9.760841767841608174e+00,8.999999999999998579e+01,-1.811538643643736816e-06,0.000000000000000000e+00,2.558332872076199750e-19,-5.104912877566847827e-03,-8.088761337145100906e-27
2.132950000338412792e+04,0.000000000000000000e+00,1.938786477251571227e+01,1.000000358239747584e+03,1.012018854595904997e+02,6.196828254788224449e-15,8.470302205291966560e-22,1.911617956799538243e-05,1.189108152043472901e-21,-9.760757890177773177e+00,8.999999999999998579e+01,-1.781350963740378899e-06,0.000000000000000000e+00,2.558332872076200231e-19,-5.152400479265791672e-03,-7.953969325438826791e-27
2.133950000338616519e+04,0.000000000000000000e+00,1.939695446743416696e+01,1.000000358433463475e+03,1.012018854431706245e+02,6.196828253782797560e-15,4.235155636244239456e-22,8.186304253786614880e-06,5.193620836527810692e-22,-9.760877365838396713e+00,8.999999999999998579e+01,-1.734698303699024925e-06,0.000000000000000000e+00,2.558332872076200231e-19,-5.084758943588200616e-03,-7.745658984314415290e-27
2.134950000338820246e+04,0.000000000000000000e+00,1.940604416235268204e+01,1.000000358626246452e+03,1.012018855132534867e+02,6.196828258074135409e-15,4.235158661428571264e-22,-3.026787430661848408e-05,-1.833560497264848279e-21,-9.760987168308627560e+00,8.999999999999998579e+01,-1.899250798374037679e-06,0.000000000000000000e+00,2.558332872076199750e-19,-5.022593909365543480e-03,-8.480407791097134232e-27
2.135950000339023973e+04,0.000000000000000000e+00,1.941513385727127528e+01,1.000000358818098903e+03,1.012018855800651522e+02,6.196828262165168852e-15,4.235155614337330827e-22,-8.175155252575115529e-05,-4.987751852990356557e-21,-9.760783773805826513e+00,8.999999999999998579e+01,-1.733898625152075895e-06,0.000000000000000000e+00,2.558332872076200231e-19,-5.137746370042489165e-03,-7.742088313086724896e-27
2.136950000339227699e+04,0.000000000000000000e+00,1.942422355218991825e+01,1.000000359006226063e+03,1.012018854364268350e+02,6.196828253369861219e-15,9.132897495525804592e-28,8.647809332720282721e-07,7.068067146660511648e-23,-9.760812796949744907e+00,8.999999999999998579e+01,-1.699488543372721432e-06,0.000000000000000000e+00,2.558332872076200231e-19,-5.121314831641287160e-03,-7.588442714588757425e-27
2.137950000339431426e+04,0.000000000000000000e+00,1.943331324710860741e+01,1.000000359198078513e+03,1.012018854892869086e+02,6.196828256606606423e-15,0.000000000000000000e+00,9.163853406170699385e-06,5.804734437712333957e-22,-9.760877413889966547e+00,8.999999999999998579e+01,-1.854829767739264199e-06,0.000000000000000000e+00,2.558332872076199750e-19,-5.084731733435618982e-03,-8.282061972521619870e-27
2.138950000339635153e+04,0.000000000000000000e+00,1.944240294202730368e+01,1.000000359388999641e+03,1.012018851316311157e+02,6.196828234706505563e-15,9.154843887029618891e-28,1.305579171128091478e-04,8.011291431670047088e-21,-9.760796658953566407e+00,8.999999999999998579e+01,-1.622469809004803515e-06,0.000000000000000000e+00,2.558332872076200231e-19,-5.130451433616029649e-03,-7.244543806896683122e-27
2.139950000339838880e+04,0.000000000000000000e+00,1.945149263694603903e+01,1.000000359578989446e+03,1.012018855323990465e+02,6.196828259246463178e-15,9.165826953556024398e-28,-9.699071173899471442e-06,-5.742087151760094325e-22,-9.760932259984862469e+00,8.999999999999998579e+01,-1.887358670488558149e-06,0.000000000000000000e+00,2.558332872076199750e-19,-5.053680432927294339e-03,-8.427307856081137734e-27
2.140950000340042607e+04,0.000000000000000000e+00,1.946058233186478148e+01,1.000000359773635864e+03,1.012018857099183435e+02,6.196828270116384272e-15,9.176816600589811768e-28,-9.177350191367768337e-05,-5.600026998800105711e-21,-9.760903170164221265e+00,8.999999999999998579e+01,-1.867344469559294958e-06,1.895758319773387158e-22,2.558332872076199750e-19,-5.070149716657547032e-03,-8.337941783080976267e-27
2.141950000340246334e+04,0.000000000000000000e+00,1.946967202678363407e+01,1.000000359963625669e+03,1.012018854122800775e+02,6.196828251891297647e-15,8.470315179231235961e-22,5.705617413285032105e-05,3.511968350037376618e-21,-9.760832167892356637e+00,8.999999999999998579e+01,-1.752918620942161073e-06,0.000000000000000000e+00,2.558332872076200231e-19,-5.110347907387245529e-03,-7.827015127714349694e-27
2.142950000340450060e+04,0.000000000000000000e+00,1.947876172170250442e+01,1.000000360155478120e+03,1.012018853889669856e+02,6.196828250463782053e-15,-4.235146338640229504e-22,1.846376235517818107e-05,1.150958101544577924e-21,-9.760941960721080335e+00,8.999999999999998579e+01,-1.953561650272386560e-06,0.000000000000000000e+00,2.558332872076199750e-19,-5.048188340389820825e-03,-8.722912978918660282e-27
2.143950000340653787e+04,0.000000000000000000e+00,1.948785141662139608e+01,1.000000360344536602e+03,1.012018854392963476e+02,6.196828253545566575e-15,0.000000000000000000e+00,-7.102360214121757659e-07,-2.314319941909644970e-23,-9.760996836574109992e+00,8.999999999999998579e+01,-1.950433799818568292e-06,-1.895758319773387158e-22,2.558332872076199750e-19,-5.017120191874814561e-03,-8.708946710019020744e-27
2.144950000340857514e+04,0.000000000000000000e+00,1.949694111154038012e+01,1.000000360535457730e+03,1.012018854853605347e+02,6.196828256366185285e-15,0.000000000000000000e+00,-5.015009728373649081e-06,-2.901875233989707832e-22,-9.760748216531325738e+00,8.999999999999998579e+01,-1.619466840342292692e-06,0.000000000000000000e+00,2.558332872076200231e-19,-5.157877240475870935e-03,-7.231135151829230830e-27
2.145950000341061241e+04,0.000000000000000000e+00,1.950603080645941390e+01,1.000000360726378858e+03,1.012018856322355873e+02,6.196828265359687120e-15,4.231550533510061093e-22,-8.253479621449038260e-05,-5.033783760935867308e-21,-9.760967682579774873e+00,8.999999999999998579e+01,-1.918682773080270374e-06,0.000000000000000000e+00,2.558332872076199750e-19,-5.033625805966567696e-03,-8.567174146460109837e-27
2.146950000341264968e+04,0.000000000000000000e+00,1.951512050137845478e+01,1.000000360917299986e+03,1.012018854776392516e+02,6.196828255893393334e-15,8.470320229650329817e-22,1.147607999634181928e-05,7.215912839087331835e-22,-9.760877387056307697e+00,8.999999999999998579e+01,-1.810282014117364708e-06,0.000000000000000000e+00,2.558332872076200231e-19,-5.084746923384691857e-03,-8.083150318929342057e-27
2.147950000341468694e+04,0.000000000000000000e+00,1.952421019629755605e+01,1.000000361109152436e+03,1.012018853323865528e+02,6.196828246999229597e-15,1.850785676693788584e-27,1.179345143843880124e-05,7.408294217744751740e-22,-9.760877388813080202e+00,8.999999999999998579e+01,-1.791549444878101183e-06,0.000000000000000000e+00,2.558332872076200231e-19,-5.084745941728480677e-03,-7.999506902135774831e-27
2.148950000341672421e+04,0.000000000000000000e+00,1.953329989121673194e+01,1.000000361301936209e+03,1.012018852285421957e+02,6.196828240640597338e-15,9.264970674320049785e-28,7.835302163020092640e-05,4.815643526589390677e-21,-9.760777406668486478e+00,8.999999999999998579e+01,-1.716420430954103402e-06,0.000000000000000000e+00,2.558332872076200231e-19,-5.141351167681571487e-03,-7.664045847932737046e-27
2.149950000341876148e+04,0.000000000000000000e+00,1.954238958613589006e+01,1.000000361494719982e+03,1.012018855093738807e+02,6.196828257836577836e-15,4.235164736271501695e-22,-6.210787140030745519e-05,-3.782817481519275039e-21,-9.760912776489455212e+00,8.999999999999998579e+01,-1.935745201352275406e-06,0.000000000000000000e+00,2.558332872076199750e-19,-5.064711078368934992e-03,-8.643360161375476251e-27
2.150950000342079875e+04,0.000000000000000000e+00,1.955147928105504462e+01,1.000000361692160368e+03,1.012018854565583439e+02,6.196828254602559724e-15,9.287074997356393861e-28,3.990359611594594674e-05,2.463155513579566265e-21,-9.760887165861610981e+00,8.999999999999998579e+01,-1.894733911925127822e-06,1.895758319773387158e-22,2.558332872076199750e-19,-5.079210620235558027e-03,-8.460239291462628963e-27
2.151950000342283602e+04,0.000000000000000000e+00,1.956056897597428801e+01,1.000000361879356205e+03,1.012018855227574221e+02,6.196828258656083621e-15,1.859627405905640744e-27,-6.760693349890711719e-06,-3.939214959074614605e-22,-9.760932244924699575e+00,8.999999999999998579e+01,-1.922202050692752691e-06,0.000000000000000000e+00,2.558332872076199750e-19,-5.053688956046136112e-03,-8.582888189760488241e-27
2.152950000342487328e+04,0.000000000000000000e+00,1.956965867089356337e+01,1.000000362066552043e+03,1.012018853330418580e+02,6.196828247039356585e-15,1.861841128425363753e-27,1.305140791115482459e-05,8.180916554608083801e-22,-9.760877398963325291e+00,8.999999999999998579e+01,-1.814078987057601027e-06,0.000000000000000000e+00,2.558332872076199750e-19,-5.084740193355262276e-03,-8.100104308856598829e-27
2.153950000342691055e+04,0.000000000000000000e+00,1.957874836581288491e+01,1.000000362258404493e+03,1.012018854502942560e+02,6.196828254218995042e-15,4.235164736271501695e-22,1.324856171042674865e-05,8.308206124925928066e-22,-9.760877415342179120e+00,8.999999999999998579e+01,-1.877034929914836194e-06,0.000000000000000000e+00,2.558332872076199750e-19,-5.084730909341201276e-03,-8.381210979318145721e-27
2.154950000342894782e+04,0.000000000000000000e+00,1.958783806073221001e+01,1.000000362448394299e+03,1.012018855308094771e+02,6.196828259149130364e-15,4.231531086984060122e-22,-2.180771788036431827e-05,-1.316970961851922994e-21,-9.760803050303243467e+00,8.999999999999998579e+01,-1.760701768241260174e-06,0.000000000000000000e+00,2.558332872076200231e-19,-5.126832913695553683e-03,-7.861767917104271648e-27
2.155950000343098509e+04,0.000000000000000000e+00,1.959692775565157064e+01,1.000000362639315426e+03,1.012018856990395648e+02,6.196828269450251980e-15,0.000000000000000000e+00,-1.154402023405036519e-04,-7.049271243497127149e-21,-9.760893199543117404e+00,8.999999999999998579e+01,-1.859952615534126627e-06,0.000000000000000000e+00,2.558332872076199750e-19,-5.075794613363416273e-03,-8.304936170278623739e-27
2.156950000343302236e+04,0.000000000000000000e+00,1.960601745057098100e+01,1.000000362833030522e+03,1.012018855329963145e+02,6.196828259283035558e-15,0.000000000000000000e+00,-4.868195010789645510e-05,-2.963171055376844139e-21,-9.760793277705115401e+00,8.999999999999998579e+01,-1.700503595788033375e-06,0.000000000000000000e+00,2.558332872076200231e-19,-5.132365702332867055e-03,-7.592975058826050613e-27
2.157950000343505963e+04,0.000000000000000000e+00,1.961510714549045886e+01,1.000000363007187843e+03,1.012018856425853386e+02,6.196828265993427995e-15,0.000000000000000000e+00,-8.752216349985604896e-05,-5.339792903142938087e-21,-9.760902929286034535e+00,8.999999999999998579e+01,-1.859167083917092999e-06,0.000000000000000000e+00,2.558332872076199750e-19,-5.070286090986072212e-03,-8.301428666977350298e-27
2.158950000343709689e+04,0.000000000000000000e+00,1.962419684040986567e+01,1.000000363200902939e+03,1.012018853395932325e+02,6.196828247440512076e-15,9.375755506305419703e-28,6.740924342928828921e-06,4.298217607562565499e-22,-9.760812811125440192e+00,8.999999999999998579e+01,-1.635434386128456414e-06,0.000000000000000000e+00,2.558332872076200231e-19,-5.121306807375242999e-03,-7.302432370609190635e-27
2.159950000343913416e+04,0.000000000000000000e+00,1.963328653532932222e+01,1.000000363390892744e+03,1.012018855001323629e+02,6.196828257270698721e-15,0.000000000000000000e+00,-3.218284216550933104e-05,-1.951516722417516905e-21,-9.760922459365554360e+00,8.999999999999998579e+01,-1.832287590432900855e-06,0.000000000000000000e+00,2.558332872076199750e-19,-5.059229082761188684e-03,-8.181408148276375437e-27
2.160950000344117143e+04,0.000000000000000000e+00,1.964237623024882851e+01,1.000000363583676517e+03,1.012018854360470641e+02,6.196828253346605600e-15,9.397991437475007388e-28,3.460971591736717104e-05,2.137481199076898075e-21,-9.760822596800336370e+00,8.999999999999998579e+01,-1.749279107990352663e-06,0.000000000000000000e+00,2.558332872076200231e-19,-5.115766604858189466e-03,-7.810764217608773907e-27
2.161950000344320870e+04,0.000000000000000000e+00,1.965146592516832058e+01,1.000000363774597645e+03,1.012018855695718145e+02,6.196828261522638489e-15,4.235164736271501695e-22,-5.911367364764177332e-05,-3.600255116033245006e-21,-9.760912661678123214e+00,8.999999999999998579e+01,-1.861018077230115013e-06,0.000000000000000000e+00,2.558332872076199750e-19,-5.064776069594585303e-03,-8.309693598668549940e-27
2.162950000344524597e+04,0.000000000000000000e+00,1.966055562008784463e+01,1.000000363968312740e+03,1.012018854466738844e+02,6.196828253997311717e-15,0.000000000000000000e+00,-1.184662134874583807e-05,-7.062061738078184733e-22,-9.760867630162856301e+00,8.999999999999998579e+01,-1.839734818394732631e-06,0.000000000000000000e+00,2.558332872076199750e-19,-5.090270818958061994e-03,-8.214661013081627102e-27
2.163950000344728323e+04,0.000000000000000000e+00,1.966964531500738644e+01,1.000000364156439900e+03,1.012018854746513057e+02,6.196828255710433613e-15,4.235145873482127801e-22,2.758596792704381113e-05,1.707337722390705457e-21,-9.760758006593531988e+00,8.999999999999998579e+01,-1.743235678602727817e-06,0.000000000000000000e+00,2.558332872076200231e-19,-5.152334558040513705e-03,-7.783779500420483952e-27
2.164950000344932050e+04,0.000000000000000000e+00,1.967873500992694957e+01,1.000000364344567060e+03,1.012018853716116382e+02,6.196828249401073606e-15,4.235155293729237651e-22,4.343638404061468021e-05,2.679622470050942081e-21,-9.760887292171831930e+00,8.999999999999998579e+01,-1.908738122685031167e-06,0.000000000000000000e+00,2.558332872076199750e-19,-5.079139112328342684e-03,-8.522769957838089507e-27
2.165950000345135777e+04,0.000000000000000000e+00,1.968782470484648073e+01,1.000000364538282156e+03,1.012018855601737073e+02,6.196828260947170770e-15,4.235164736271501695e-22,-3.071232074168759045e-05,-1.861487656719509802e-21,-9.760922429292191893e+00,8.999999999999998579e+01,-1.830945278034823474e-06,0.000000000000000000e+00,2.558332872076199750e-19,-5.059246101368068335e-03,-8.175414544625670219e-27
2.166950000345339504e+04,0.000000000000000000e+00,1.969691439976605096e+01,1.000000364727340639e+03,1.012018856179351332e+02,6.196828264484038105e-15,-4.235155271414342205e-22,-3.455096213823987436e-05,-2.094609948885628085e-21,-9.761106447876393588e+00,8.999999999999998579e+01,-2.015606647603185603e-06,1.895758319773387158e-22,2.558332872076199750e-19,-4.955063370678660511e-03,-8.999952156268571753e-27
2.167950000345543231e+04,0.000000000000000000e+00,1.970600409468560699e+01,1.000000364916399121e+03,1.012018855598720108e+02,6.196828260928696436e-15,4.235164736271501695e-22,-5.762952480555787063e-05,-3.508971502335033630e-21,-9.760912606398855829e+00,8.999999999999998579e+01,-1.899924851627471687e-06,-1.895758319773387158e-22,2.558332872076199750e-19,-5.064807364971063951e-03,-8.483417528656241380e-27
2.168950000345746957e+04,0.000000000000000000e+00,1.971509378960518433e+01,1.000000365108251572e+03,1.012018855116166236e+02,6.196828257973906687e-15,0.000000000000000000e+00,-5.737745020407957890e-05,-3.493758172596205179e-21,-9.760912637078995147e+00,8.999999999999998579e+01,-1.878663666797869063e-06,0.000000000000000000e+00,2.558332872076199750e-19,-5.064789999373021066e-03,-8.388483506445338497e-27
2.169950000345950684e+04,0.000000000000000000e+00,1.972418348452476877e+01,1.000000365298241377e+03,1.012018853165595687e+02,6.196828246030107664e-15,0.000000000000000000e+00,1.738414488072746608e-05,1.082245250639247953e-21,-9.760877385350207547e+00,8.999999999999998579e+01,-1.703867573423134363e-06,0.000000000000000000e+00,2.558332872076200231e-19,-5.084747896180009247e-03,-7.607995667041776379e-27
2.170950000346154411e+04,0.000000000000000000e+00,1.973327317944434611e+01,1.000000365485437214e+03,1.012018853981354027e+02,6.196828251025186749e-15,4.235164736271501695e-22,4.496138770301678428e-05,2.772388272175884649e-21,-9.760887289305268055e+00,8.999999999999998579e+01,-1.849902895850742192e-06,0.000000000000000000e+00,2.558332872076199750e-19,-5.079140730737372739e-03,-8.260062833290019796e-27
2.171950000346358138e+04,0.000000000000000000e+00,1.974236287436374582e+01,1.000000365669839084e+03,1.012018856303972285e+02,6.196828265247120613e-15,4.235155215511947931e-22,-2.924647751669307499e-05,-1.770776560532380956e-21,-9.760922401432381434e+00,8.999999999999998579e+01,-1.922406774386740226e-06,0.000000000000000000e+00,2.558332872076199750e-19,-5.059261865853499802e-03,-8.583802308322926198e-27
2.172950000346561865e+04,0.000000000000000000e+00,1.975145256928332316e+01,1.000000365859828889e+03,1.012018854176229468e+02,6.196828252218454042e-15,4.235155204311728200e-22,-9.301544434098411510e-06,-5.511692805522461239e-22,-9.760867613740467519e+00,8.999999999999998579e+01,-1.762561599573554389e-06,0.000000000000000000e+00,2.558332872076200231e-19,-5.090280115819403525e-03,-7.870072311728730129e-27
2.173950000346765592e+04,0.000000000000000000e+00,1.976054226420284721e+01,1.000000366050750017e+03,1.012018855128204962e+02,6.196828258047622583e-15,4.235164736271501695e-22,-3.643847707664911315e-05,-2.212668412434099721e-21,-9.760857750808032307e+00,8.999999999999998579e+01,-1.777771815284833976e-06,0.000000000000000000e+00,2.558332872076200231e-19,-5.095864039307266072e-03,-7.937987950849497164e-27
2.174950000346969318e+04,0.000000000000000000e+00,1.976963195912238547e+01,1.000000366243533790e+03,1.012018855394320411e+02,6.196828259677109446e-15,4.235155181891547957e-22,-1.649109638717047055e-05,-9.913800146182319087e-22,-9.760802990373667498e+00,8.999999999999998579e+01,-1.764706172153738136e-06,0.000000000000000000e+00,2.558332872076200231e-19,-5.126866835399163796e-03,-7.879648113951968771e-27
2.175950000347173045e+04,0.000000000000000000e+00,1.977872165404190596e+01,1.000000366431660950e+03,1.012018852783699572e+02,6.196828243691667561e-15,4.235155170671587445e-22,6.593470244017398936e-05,4.055781080003588890e-21,-9.760832532822211860e+00,8.999999999999998579e+01,-1.768205602797281260e-06,0.000000000000000000e+00,2.558332872076200231e-19,-5.110141301820678161e-03,-7.895273537892458061e-27
2.176950000347376772e+04,0.000000000000000000e+00,1.978781134896136606e+01,1.000000366621650755e+03,1.012018854657164439e+02,6.196828255163330965e-15,4.235164736271501695e-22,-8.281889270296938940e-06,-4.885645864400112008e-22,-9.760867608466529788e+00,8.999999999999998579e+01,-1.778735352047489887e-06,0.000000000000000000e+00,2.558332872076200231e-19,-5.090283095904370517e-03,-7.942290270835900566e-27
2.177950000347580499e+04,0.000000000000000000e+00,1.979690104388084038e+01,1.000000366813503206e+03,1.012018854748518493e+02,6.196828255722714600e-15,0.000000000000000000e+00,-2.774114006289390107e-05,-1.680047154813567232e-21,-9.760922374260234236e+00,8.999999999999998579e+01,-1.783892023282421908e-06,0.000000000000000000e+00,2.558332872076200231e-19,-5.059277261598086120e-03,-7.965315494758030340e-27
2.178950000347784226e+04,0.000000000000000000e+00,1.980599073880024363e+01,1.000000367003493011e+03,1.012018855251147471e+02,6.196828258800427811e-15,4.235164736271501695e-22,-4.280550781782610048e-05,-2.602935142241967219e-21,-9.760793119025285236e+00,8.999999999999998579e+01,-1.739577894907342435e-06,0.000000000000000000e+00,2.558332872076200231e-19,-5.132455532656694103e-03,-7.767447009011212185e-27
2.179950000347987952e+04,0.000000000000000000e+00,1.981508043371956163e+01,1.000000367196276784e+03,1.012018853182071467e+02,6.196828246130991930e-15,0.000000000000000000e+00,3.202484717096485968e-05,1.977298342871556918e-21,-9.760758082383137690e+00,8.999999999999998579e+01,-1.566391382967772435e-06,0.000000000000000000e+00,2.558332872076200231e-19,-5.152291658449673940e-03,-6.994146165108649935e-27
2.180950000348191679e+04,0.000000000000000000e+00,1.982417012863876948e+01,1.000000367387197912e+03,1.012018854984229961e+02,6.196828257166030289e-15,9.621798420910171555e-28,-2.251576224008248141e-05,-1.361026753501326721e-21,-9.760738347876634080e+00,8.999999999999998579e+01,-1.693695705301677524e-06,0.000000000000000000e+00,2.558332872076200231e-19,-5.163464399206037572e-03,-7.562576921007257619e-27
2.181950000348395406e+04,0.000000000000000000e+00,1.983325982355806616e+01,1.000000367579981685e+03,1.012018853122469864e+02,6.196828245766038054e-15,9.633057862965330517e-28,6.751078915700759993e-05,4.151734232332359883e-21,-9.760832554271891226e+00,8.999999999999998579e+01,-1.715065797750366812e-06,0.000000000000000000e+00,2.558332872076200231e-19,-5.110129152814456115e-03,-7.657997230243656069e-27
2.182950000348599133e+04,0.000000000000000000e+00,1.984234951847727757e+01,1.000000367773696780e+03,1.012018854649143833e+02,6.196828255114218852e-15,9.644323885245857449e-28,-6.746124094938895399e-06,-3.946489681875066122e-22,-9.760867601623282042e+00,8.999999999999998579e+01,-1.766955926294586604e-06,0.000000000000000000e+00,2.558332872076200231e-19,-5.090286968234187560e-03,-7.889693565853550990e-27
2.183950000348802860e+04,0.000000000000000000e+00,1.985143921339638595e+01,1.000000367961823940e+03,1.012018854395262935e+02,6.196828253559648531e-15,4.235155080675013960e-22,8.717370509195401421e-06,5.527188700095220013e-22,-9.760996863556776759e+00,8.999999999999998579e+01,-1.815027993619184466e-06,0.000000000000000000e+00,2.558332872076199750e-19,-5.017104901909404460e-03,-8.104341749559821356e-27
2.184950000349006586e+04,0.000000000000000000e+00,1.986052890831536644e+01,1.000000368153676391e+03,1.012018854548953186e+02,6.196828254500728826e-15,0.000000000000000000e+00,-6.218370053355489712e-06,-3.618350230617599557e-22,-9.760867599640913994e+00,8.999999999999998579e+01,-1.814825521549118235e-06,-1.895758319773387158e-22,2.558332872076199750e-19,-5.090288090789763832e-03,-8.103437684798103151e-27
2.185950000349210313e+04,0.000000000000000000e+00,1.986961860323433271e+01,1.000000368346460164e+03,1.012018855112137743e+02,6.196828257949239006e-15,4.235164736271501695e-22,-6.072144083212462578e-05,-3.699688530735215028e-21,-9.760847807177741586e+00,8.999999999999998579e+01,-1.766516685713482332e-06,0.000000000000000000e+00,2.558332872076200231e-19,-5.101493655271217842e-03,-7.887732298152964113e-27
2.186950000349414040e+04,0.000000000000000000e+00,1.987870829815323503e+01,1.000000368541106582e+03,1.012018855780663955e+02,6.196828262042782605e-15,0.000000000000000000e+00,1.402052041261373698e-05,8.774602456361102110e-22,-9.760812858817695670e+00,8.999999999999998579e+01,-1.816710360494353206e-06,0.000000000000000000e+00,2.558332872076199750e-19,-5.121279774733678535e-03,-8.111853741745306438e-27
2.187950000349617767e+04,0.000000000000000000e+00,1.988779799307198459e+01,1.000000368735753000e+03,1.012018852779820151e+02,6.196828243667912593e-15,9.700752699794036548e-28,4.170710523313076140e-05,2.572211692909511896e-21,-9.760822761417985660e+00,8.999999999999998579e+01,-1.762561233055739586e-06,0.000000000000000000e+00,2.558332872076200231e-19,-5.115673411285616076e-03,-7.870070675177865344e-27
2.188950000349821494e+04,0.000000000000000000e+00,1.989688768799049257e+01,1.000000368927605450e+03,1.012018855358462162e+02,6.196828259457541846e-15,-4.235145312155094936e-22,-3.256681022997745675e-05,-1.976457698513131662e-21,-9.760857665774251402e+00,8.999999999999998579e+01,-1.695280682807733699e-06,0.000000000000000000e+00,2.558332872076200231e-19,-5.095912174181093345e-03,-7.569654056687588830e-27
2.189950000350025221e+04,0.000000000000000000e+00,1.990597738290878027e+01,1.000000369117595255e+03,1.012018853966345375e+02,6.196828250933285242e-15,0.000000000000000000e+00,7.338950959131612019e-06,4.668051080251383143e-22,-9.760748226853371179e+00,8.999999999999998579e+01,-1.670530208681972938e-06,0.000000000000000000e+00,2.558332872076200231e-19,-5.157871389329628936e-03,-7.459139893003077563e-27
2.190950000350228947e+04,0.000000000000000000e+00,1.991506707782678021e+01,1.000000369310379028e+03,1.012018855662215202e+02,6.196828261317492056e-15,9.734688950797648083e-28,-5.190149576990962571e-05,-3.159020168669238287e-21,-9.760912407637983179e+00,8.999999999999998579e+01,-1.824261477801521830e-06,0.000000000000000000e+00,2.558332872076199750e-19,-5.064919885635079354e-03,-8.145570486315332672e-27
2.191950000350432674e+04,0.000000000000000000e+00,1.992415677274465935e+01,1.000000369501300156e+03,1.012018854784318194e+02,6.196828255941924846e-15,4.235164736271501695e-22,-2.429589935371847479e-05,-1.468373240729121520e-21,-9.760922317564807216e+00,8.999999999999998579e+01,-1.852203985230117443e-06,1.895758319773387158e-22,2.558332872076199750e-19,-5.059309354759258109e-03,-8.270337503869371439e-27
2.192950000350636401e+04,0.000000000000000000e+00,1.993324646766251007e+01,1.000000369706191123e+03,1.012018854614671568e+02,6.196828254903137817e-15,0.000000000000000000e+00,-1.169231224025002061e-05,-6.983467808066765491e-22,-9.760802950955438817e+00,8.999999999999998579e+01,-1.687291378819688592e-06,0.000000000000000000e+00,2.558332872076200231e-19,-5.126889153097025434e-03,-7.533980750221867248e-27
2.193950000350840128e+04,0.000000000000000000e+00,1.994233616257999842e+01,1.000000369898043573e+03,1.012018856633363413e+02,6.196828267264058877e-15,-4.235164736271501695e-22,-5.605189926511442279e-05,-3.409858702671062672e-21,-9.761096387656426288e+00,8.999999999999998579e+01,-2.140605953328608747e-06,0.000000000000000000e+00,2.558332872076199750e-19,-4.960758984750345511e-03,-9.558090705986769505e-27
2.194950000351043855e+04,0.000000000000000000e+00,1.995142585749700004e+01,1.000000370090827346e+03,1.012018856483531408e+02,6.196828266346602600e-15,9.780029407746937035e-28,-1.056102753762520343e-04,-6.448410975078240713e-21,-9.760892505499350946e+00,8.999999999999998579e+01,-1.759365967206920771e-06,0.000000000000000000e+00,2.558332872076200231e-19,-5.076187539735457950e-03,-7.855803387559954351e-27
2.195950000351247581e+04,0.000000000000000000e+00,1.996051555241328046e+01,1.000000370285473764e+03,1.012018856635268236e+02,6.196828267275723763e-15,4.235145153509556854e-22,-5.815616288728151347e-05,-3.541265357062936830e-21,-9.760847800861311541e+00,8.999999999999998579e+01,-1.895552977441500786e-06,0.000000000000000000e+00,2.558332872076199750e-19,-5.101497213853719431e-03,-8.463896528091101713e-27
2.196950000351451308e+04,0.000000000000000000e+00,1.996960524732861586e+01,1.000000370473600924e+03,1.012018851526748620e+02,6.196828235995063309e-15,1.960547823415384684e-27,7.143388759247623458e-05,4.391607467817284115e-21,-9.760832762690469622e+00,8.999999999999998579e+01,-1.681776024047981656e-06,0.000000000000000000e+00,2.558332872076200231e-19,-5.110011165422791157e-03,-7.509353956532116914e-27
2.197950000351655035e+04,0.000000000000000000e+00,1.997869494224210740e+01,1.000000370665453374e+03,1.012018851398576516e+02,6.196828235210235061e-15,4.235164736271501695e-22,7.168344851055506880e-05,4.407594122500240007e-21,-9.760832774222780728e+00,8.999999999999998579e+01,-1.749403634292620219e-06,0.000000000000000000e+00,2.558332872076200231e-19,-5.110004637198374382e-03,-7.811320244135048779e-27
2.198950000351858762e+04,0.000000000000000000e+00,1.998778463715180465e+01,1.000000370858237147e+03,1.012018851975646498e+02,6.196828238743769458e-15,0.000000000000000000e+00,3.716074420998894610e-05,2.292395219920478808e-21,-9.760758187866992230e+00,8.999999999999998579e+01,-1.625470206708309771e-06,0.000000000000000000e+00,2.558332872076200231e-19,-5.152231942944961000e-03,-7.257940982289730951e-27
2.199950000352062489e+04,0.000000000000000000e+00,1.999687433203417797e+01,1.000000371055677533e+03,1.012018841723116225e+02,6.196828175965128415e-15,4.235164736271501695e-22,7.219185084823346297e-05,4.439548989954559699e-21,-9.760832813256900664e+00,8.999999999999998579e+01,-1.828504344905147484e-06,0.000000000000000000e+00,2.558332872076199750e-19,-5.109982625993360339e-03,-8.164515453074320318e-27
