#time(s),GeodLatitude(degs),GeodLongitude(degs),GeodAltitude(m),alpha deg,beta(pitch)  deg,gamma(roll) deg
0,30,-40,10000,127.7240763,60.66544874,21.53495159
0.1,29.99999863,-40.0002263,10010.16729,127.9438919,60.56957379,21.7867323
0.2,29.99999724,-40.0004552,10020.35485,128.1949246,60.4586395,22.07466459
0.3,29.99999583,-40.0006867,10030.56026,128.4207204,60.35734922,22.33395669
0.4,29.99999441,-40.00092081,10040.78291,128.6260551,60.26434226,22.56982867
0.5,29.99999298,-40.00115754,10051.02228,128.8143596,60.17828053,22.78630116
0.6,29.99999153,-40.00139689,10061.27788,128.9880194,60.09784508,22.98621441
0.7,29.99999007,-40.00163887,10071.5493,129.1498055,60.02253594,23.17233762
0.8,29.99998859,-40.00188347,10081.83614,129.3008026,59.9514026,23.34644947
0.9,29.9999871,-40.00213071,10092.13806,129.4430487,59.88407552,23.51023424
1,29.99998559,-40.00238058,10102.45475,129.5769249,59.81996166,23.66481652
1.1,29.99998407,-40.00263309,10112.78592,129.6969333,59.76234173,23.80304349
1.2,29.99998253,-40.00288824,10123.13135,129.7983238,59.71334059,23.92004892
1.3,29.99998098,-40.00314604,10133.49086,129.8840523,59.67167221,24.01894615
1.4,29.99997941,-40.00340648,10143.86437,129.9568046,59.63628911,24.10274503
1.5,29.99997783,-40.00366958,10154.25185,130.0182442,59.60626542,24.17352851
1.6,29.99997623,-40.00393532,10164.65329,130.0699284,59.58102098,24.23300515
1.7,29.99997462,-40.00420372,10175.06877,130.1131037,59.55986646,24.28253908
1.8,29.999973,-40.00447477,10185.49838,130.1486154,59.54245507,24.32325144
1.9,29.99997136,-40.00474848,10195.94225,130.1773086,59.52844204,24.35613449
2,29.9999697,-40.00502484,10206.40049,130.1998801,59.5174843,24.38180461
2.1,29.99996803,-40.00530385,10216.87322,130.2167454,59.50935302,24.40083836
2.2,29.99996635,-40.00558552,10227.36058,130.2280238,59.50382035,24.41356213
2.3,29.99996465,-40.00586984,10237.86275,130.2346028,59.50088502,24.42059865
2.4,29.99996293,-40.0061568,10248.37994,130.2361581,59.50032056,24.42214727
2.5,29.99996121,-40.00644642,10258.91237,130.2332669,59.50201396,24.41824524
2.6,29.99995946,-40.00673868,10269.46029,130.2259149,59.50585265,24.40930078
2.7,29.9999577,-40.00703358,10280.02399,130.2143978,59.51183737,24.39531228
2.8,29.99995593,-40.00733112,10290.60373,130.1985534,59.51985629,24.37656233
2.9,29.99995415,-40.0076313,10301.19985,130.1788251,59.52991088,24.35317177
3,29.99995234,-40.00793411,10311.8127,130.1550651,59.54200294,24.32513667
3.1,29.99995053,-40.00823955,10322.44265,130.1272587,59.55602161,24.29248949
3.2,29.9999487,-40.00854763,10333.09021,130.0955537,59.57196929,24.25510082
3.3,29.99994686,-40.00885833,10343.75597,130.0598018,59.58984872,24.21321267
3.4,29.999945,-40.00917166,10354.44054,130.0201506,59.60966299,24.16669407
3.5,29.99994312,-40.00948762,10365.14455,129.9765997,59.63141552,24.11578564
3.6,29.99994124,-40.00980621,10375.86868,129.9288242,59.65488327,24.06005764
3.7,29.99993934,-40.01012743,10386.61363,129.877458,59.68041033,24.00000893
3.8,29.99993742,-40.01045127,10397.38016,129.8218659,59.70766065,23.93524606
3.9,29.99993549,-40.01077774,10408.16903,129.7626672,59.73686582,23.8659311
4,29.99993355,-40.01110684,10418.98102,129.699241,59.76780338,23.7921288
4.1,29.99993159,-40.01143856,10429.81698,129.6318962,59.80059208,23.71378898
4.2,29.99992962,-40.0117729,10440.67775,129.5604694,59.83512336,23.63068825
4.3,29.99992763,-40.01210986,10451.56424,129.4851214,59.87151682,23.5430231
4.4,29.99992563,-40.01244945,10462.47737,129.4056884,59.9096643,23.45069302
4.5,29.99992361,-40.01279165,10473.41813,129.3221687,59.94957187,23.35368258
4.6,29.99992159,-40.01313646,10484.38749,129.2345602,59.99124593,23.25197537
4.7,29.99991954,-40.01348389,10495.3865,129.1427128,60.03469317,23.14555396
4.8,29.99991749,-40.01383394,10506.4162,129.0467578,60.07980575,23.03431505
4.9,29.99991542,-40.01418659,10517.47769,128.9465584,60.12670557,22.91832435
5,29.99991333,-40.01454184,10528.57212,128.8420976,60.17528513,22.79747679
5.1,29.99991123,-40.01489971,10539.70066,128.742219,60.22162925,22.68176554
5.2,29.99990912,-40.01526017,10550.86446,128.6532077,60.26260956,22.57870055
5.3,29.99990699,-40.01562323,10562.06464,128.5722901,60.29970923,22.48516694
5.4,29.99990485,-40.01598889,10573.30226,128.497375,60.33395687,22.39844589
5.5,29.9999027,-40.01635715,10584.57834,128.426638,60.36615465,22.31663985
5.6,29.99990053,-40.016728,10595.89382,128.3588317,60.39699239,22.23813459
5.7,29.99989835,-40.01710144,10607.24962,128.2926804,60.42693063,22.16164349
5.8,29.99989615,-40.01747747,10618.64665,128.2274993,60.45643165,22.08600046
5.9,29.99989394,-40.01785608,10630.08585,128.1619846,60.4857269,22.01049603
6,29.99989172,-40.01823729,10641.56811,128.0963379,60.51528144,21.93445867
6.1,29.99988949,-40.01862108,10653.09439,128.0295233,60.54509601,21.85713306
6.2,29.99988724,-40.01900745,10664.66559,127.961271,60.57540457,21.77843026
6.3,29.99988497,-40.01939641,10676.28268,127.8914455,60.60632527,21.69767464
6.4,29.99988269,-40.01978795,10687.9466,127.8196152,60.63797672,21.61481706
6.5,29.9998804,-40.02018206,10699.65833,127.7457919,60.67047807,21.52968156
6.6,29.9998781,-40.02057875,10711.41885,127.669665,60.70371481,21.4418011
6.7,29.99987578,-40.02097801,10723.22917,127.5911112,60.73792365,21.35133132
6.8,29.99987345,-40.02137985,10735.09032,127.5099804,60.77310773,21.25788514
6.9,29.99987111,-40.02178425,10747.00336,127.4264184,60.80927028,21.16157826
7,29.99986875,-40.02219123,10758.96937,127.3398181,60.846297,21.06206689
7.1,29.99986638,-40.02260076,10770.98943,127.2506467,60.88442644,20.95950232
7.2,29.99986399,-40.02301286,10783.06466,127.1587406,60.92354467,20.85379134
7.3,29.99986159,-40.02342752,10795.19618,127.063801,60.96365534,20.74479541
7.4,29.99985918,-40.02384473,10807.38515,126.9661332,61.00488045,20.63258184
7.5,29.99985676,-40.0242645,10819.63274,126.8654128,61.04698764,20.51697621
7.6,29.99985432,-40.02468682,10831.94013,126.7616489,61.09009897,20.39791853
7.7,29.99985187,-40.02511168,10844.30852,126.655146,61.13433725,20.27559995
7.8,29.9998494,-40.02553909,10856.73918,126.5452835,61.17946956,20.14971923
7.9,29.99984692,-40.02596903,10869.23335,126.4322175,61.22561879,20.02046672
8,29.99984443,-40.02640152,10881.79235,126.3160914,61.27278944,19.88744559
8.1,29.99984193,-40.02683653,10894.41747,126.1969003,61.32098616,19.75101841
8.2,29.99983941,-40.02727408,10907.11007,126.0743315,61.37009415,19.61096228
8.3,29.99983688,-40.02771415,10919.87149,125.9485394,61.42023751,19.46720998
8.4,29.99983434,-40.02815674,10932.7031,125.8195068,61.47130131,19.31979137
8.5,29.99983178,-40.02860184,10945.60629,125.68708,61.52329012,19.16868708
8.6,29.99982921,-40.02904946,10958.58246,125.551401,61.57620864,19.01374974
8.7,29.99982663,-40.02949957,10971.63305,125.4121672,61.63006167,18.85508558
8.8,29.99982404,-40.02995219,10984.75949,125.2696679,61.68485416,18.69267297
8.9,29.99982143,-40.03040731,10997.96331,125.123452,61.74059116,18.52610652
9,29.99981881,-40.03086491,11011.24609,124.9736699,61.79739909,18.35556466
9.1,29.99981618,-40.03132499,11024.60946,124.819849,61.85504104,18.18074411
9.2,29.99981353,-40.03178755,11038.05506,124.662435,61.91364347,18.00169407
9.3,29.99981087,-40.03225258,11051.58456,124.5009653,61.97309004,17.81831361
9.4,29.9998082,-40.03272007,11065.19963,124.3358934,62.03363011,17.63085032
9.5,29.99980552,-40.03319001,11078.90198,124.1667375,62.09490302,17.43892743
9.6,29.99980282,-40.03366241,11092.69334,123.9936451,62.15703596,17.24258958
9.7,29.99980011,-40.03413724,11106.57547,123.816614,62.22015723,17.04187821
9.8,29.99979739,-40.03461451,11120.55014,123.6354681,62.28402675,16.83674718
9.9,29.99979466,-40.0350942,11134.61916,123.4500485,62.34864936,16.62690849
10,29.99979192,-40.03557631,11148.78434,123.2604991,62.41415375,16.41265762
10.1,29.99978916,-40.03606083,11163.04753,123.0823384,62.47521413,16.21112969
10.2,29.99978639,-40.03654776,11177.41047,122.9270731,62.52782858,16.03574126
10.3,29.99978361,-40.03703707,11191.87476,122.7902842,62.57406696,15.88098139
10.4,29.99978082,-40.03752878,11206.44182,122.6674864,62.61514515,15.74234714
10.5,29.99977801,-40.03802287,11221.113,122.5561113,62.65241364,15.61626688
10.6,29.99977519,-40.03851934,11235.88952,122.453248,62.68648236,15.50002786
10.7,29.99977237,-40.03901819,11250.77258,122.3571753,62.71821527,15.39142122
10.8,29.99976952,-40.0395194,11265.76328,122.2660016,62.74810534,15.28853999
10.9,29.99976667,-40.04002299,11280.86269,122.1788679,62.77664796,15.18998534
11,29.99976381,-40.04052894,11296.07187,122.0944579,62.80408994,15.09460732
11.1,29.99976093,-40.04103725,11311.39182,122.0120506,62.83080465,15.00157604
11.2,29.99975804,-40.04154792,11326.82354,121.931066,62.85704128,14.91012071
11.3,29.99975514,-40.04206095,11342.36802,121.8509139,62.88279856,14.81959662
11.4,29.99975223,-40.04257633,11358.02621,121.7713086,62.90832685,14.72961729
11.5,29.99974931,-40.04309406,11373.79908,121.6918109,62.93375148,14.63972858
11.6,29.99974638,-40.04361414,11389.68759,121.6121248,62.95907218,14.54980085
11.7,29.99974343,-40.04413656,11405.69269,121.5321025,62.98428868,14.45957392
11.8,29.99974047,-40.04466133,11421.81532,121.4516032,63.00965321,14.36878384
11.9,29.9997375,-40.04518843,11438.05644,121.370478,63.03516617,14.27729793
12,29.99973452,-40.04571787,11454.41699,121.2887225,63.06070147,14.18505077
12.1,29.99973153,-40.04624964,11470.89792,121.2060432,63.08638577,14.09184231
12.2,29.99972852,-40.04678375,11487.50018,121.1225871,63.11221946,13.99780015
12.3,29.99972551,-40.04732018,11504.22472,121.038057,63.13820295,13.90266022
12.4,29.99972248,-40.04785894,11521.0725,120.9527502,63.16446356,13.80648093
12.5,29.99971944,-40.04840002,11538.04446,120.8663667,63.19087503,13.70919666
12.6,29.99971639,-40.04894342,11555.14158,120.7790532,63.21743776,13.61080406
12.7,29.99971333,-40.04948914,11572.3648,120.6905125,63.24415217,13.51129969
12.8,29.99971026,-40.05003717,11589.7151,120.6008913,63.27101871,13.41054912
12.9,29.99970717,-40.05058751,11607.19343,120.5103376,63.2981653,13.30873958
13,29.99970408,-40.05114016,11624.80078,120.4188495,63.32559275,13.20573532
13.1,29.99970097,-40.05169512,11642.53811,120.3259789,63.35304636,13.10141284
13.2,29.99969785,-40.05225238,11660.40639,120.2321706,63.38078195,12.99588706
13.3,29.99969473,-40.05281194,11678.40661,120.1372739,63.40867236,12.8892256
13.4,29.99969159,-40.05337379,11696.53975,120.0411393,63.43671805,12.78142456
13.5,29.99968843,-40.05393794,11714.80679,119.9439133,63.46491947,12.67221707
13.6,29.99968527,-40.05450438,11733.20872,119.8457419,63.49340547,12.56205058
13.7,29.9996821,-40.0550731,11751.74652,119.74618,63.5219199,12.45041128
13.8,29.99967891,-40.05564411,11770.4212,119.645817,63.55072012,12.33767219
13.9,29.99967572,-40.0562174,11789.23374,119.5442074,63.57967824,12.22377167
14,29.99967251,-40.05679297,11808.18515,119.441351,63.60866585,12.10851779
14.1,29.99966929,-40.05737081,11827.27642,119.3375394,63.6379411,11.99214967
14.2,29.99966606,-40.05795093,11846.50853,119.232626,63.66724657,11.87468378
14.3,29.99966282,-40.05853331,11865.88241,119.1267554,63.69671166,11.75617149
14.4,29.99965957,-40.05911796,11885.39902,119.0199283,63.72620743,11.63642225
14.5,29.99965631,-40.05970487,11905.0593,118.912138,63.75599314,11.51580423
14.6,29.99965303,-40.06029404,11924.8642,118.803243,63.78568057,11.39388785
14.7,29.99964975,-40.06088547,11944.81467,118.6933843,63.81552913,11.27104104
14.8,29.99964645,-40.06147916,11964.91166,118.5825598,63.84553932,11.14712688
14.9,29.99964315,-40.06207509,11985.15613,118.4707715,63.87558156,11.0220889
15,29.99963983,-40.06267327,12005.54902,118.3578703,63.90565596,10.8959237
15.1,29.9996365,-40.0632737,12026.09129,118.2441461,63.93589302,10.76881127
15.2,29.99963317,-40.06387637,12046.78389,118.129454,63.96616274,10.64056384
15.3,29.99962982,-40.06448128,12067.62779,118.0136446,63.99646523,10.51131076
15.4,29.99962646,-40.06508843,12088.62394,117.8968588,64.02693144,10.38096487
15.5,29.99962309,-40.06569781,12109.7733,117.7791067,64.05729997,10.24955669
15.6,29.99961971,-40.06630942,12131.07683,117.660375,64.08783274,10.11718064
15.7,29.99961631,-40.06692326,12152.53549,117.5408162,64.11839904,9.983650743
15.8,29.99961291,-40.06753933,12174.15023,117.4201329,64.14899898,9.849096532
15.9,29.9996095,-40.06815761,12195.92202,117.2986119,64.17976423,9.713560938
16,29.99960607,-40.06877811,12217.85183,117.175971,64.21043197,9.576946674
16.1,29.99960264,-40.06940083,12239.9406,117.0524974,64.24113372,9.439297119
16.2,29.99959919,-40.07002577,12262.18932,116.9280415,64.27186961,9.300742259
16.3,29.99959574,-40.07065291,12284.59894,116.8027407,64.30277188,9.16105517
16.4,29.99959227,-40.07128225,12307.17042,116.6763156,64.33357654,9.020410432
16.5,29.99958879,-40.0719138,12329.90473,116.5489037,64.36441571,8.8785812
16.6,29.99958531,-40.07254756,12352.80283,116.4205141,64.39515692,8.735923105
16.7,29.99958181,-40.0731835,12375.86569,116.2914206,64.42606532,8.592115634
16.8,29.9995783,-40.07382165,12399.09428,116.1611989,64.45687573,8.447473009
16.9,29.99957478,-40.07446198,12422.48955,116.030133,64.48772084,8.301630916
17,29.99957125,-40.0751045,12446.05247,115.8982211,64.51860078,8.154988491
17.1,29.99956771,-40.07574921,12469.78401,115.7653136,64.54951569,8.007272831
17.2,29.99956416,-40.0763961,12493.68513,115.6314221,64.5803322,7.858575622
17.3,29.9995606,-40.07704517,12517.7568,115.4965461,64.61105,7.708894776
17.4,29.99955703,-40.07769641,12541.99998,115.3609529,64.64193632,7.558303105
17.5,29.99955345,-40.07834983,12566.41564,115.2242394,64.67258994,7.406549072
17.6,29.99954986,-40.07900542,12591.00473,115.0868051,64.70341234,7.254010885
17.7,29.99954626,-40.07966317,12615.76823,114.9483821,64.73413562,7.100476475
17.8,29.99954265,-40.08032309,12640.7071,114.8089699,64.76475945,6.945943623
17.9,29.99953903,-40.08098516,12665.8223,114.6687164,64.79528351,6.79054559
18,29.9995354,-40.0816494,12691.11479,114.5277345,64.82597686,6.634075915
18.1,29.99953175,-40.08231579,12716.58554,114.3856301,64.85643553,6.476837009
18.2,29.9995281,-40.08298433,12742.23551,114.2428119,64.88692873,6.318485693
18.3,29.99952444,-40.08365502,12768.06565,114.0990006,64.91732144,6.159393779
18.4,29.99952077,-40.08432785,12794.07693,113.954344,64.94761333,5.999151432
18.5,29.99951709,-40.08500283,12820.27031,113.8089696,64.97793952,5.838194116
18.6,29.99951339,-40.08567995,12846.64675,113.6624725,65.00802891,5.676187465
18.7,29.99950969,-40.0863592,12873.2072,113.5152558,65.03815223,5.513324051
18.8,29.99950598,-40.08704059,12899.95262,113.3671911,65.06817369,5.349572104
18.9,29.99950226,-40.0877241,12926.88398,113.2184038,65.09822904,5.184956115
19,29.99949852,-40.08840975,12954.00222,113.0686414,65.12804592,5.019419974
19.1,29.99949478,-40.08909752,12981.30829,112.9181544,65.15789632,4.853150803
19.2,29.99949103,-40.08978741,13008.80316,112.7666928,65.18750728,4.685822
19.3,29.99948727,-40.09047942,13036.48777,112.6145293,65.21701469,4.517731065
19.4,29.99948349,-40.09117354,13064.36308,112.4614903,65.24655505,4.348761513
19.5,29.99947971,-40.09186978,13092.43003,112.3076254,65.27585451,4.178865178
19.6,29.99947592,-40.09256813,13120.68958,112.153031,65.30518653,4.008221608
19.7,29.99947212,-40.09326858,13149.14267,111.9976113,65.33427666,3.836786297
19.8,29.99946831,-40.09397114,13177.79025,111.8413399,65.36326155,3.664441382
19.9,29.99946449,-40.0946758,13206.63326,111.6843646,65.39214084,3.491184598
20,29.99946065,-40.09538256,13235.67264,111.5266849,65.4209142,3.317289618
20.1,29.99945681,-40.09609142,13264.90935,111.3681526,65.4495813,3.142478693
20.2,29.99945296,-40.09680236,13294.34432,111.2089152,65.47814177,2.967025975
20.3,29.9994491,-40.0975154,13323.97849,111.0488558,65.50645709,2.79063839
20.4,29.99944523,-40.09823053,13353.81279,110.887944,65.53466481,2.613468683
20.5,29.99944135,-40.09894773,13383.84817,110.7264758,65.56276459,2.435653522
20.6,29.99943746,-40.09966702,13414.08555,110.5641879,65.59061744,2.256901787
20.7,29.99943357,-40.10038839,13444.52588,110.4011963,65.61836135,2.077502779
20.8,29.99942966,-40.10111184,13475.17007,110.2375007,65.645996,1.897454922
20.9,29.99942574,-40.10183736,13506.01907,110.0732487,65.67352104,1.71647833
21,29.99942181,-40.10256495,13537.0738,109.9081804,65.70079689,1.534980196
21.1,29.99941787,-40.10329461,13568.33519,109.7424086,65.72796214,1.352551246
21.2,29.99941393,-40.10402634,13599.80415,109.575823,65.75487692,1.169601416
21.3,29.99940997,-40.10476013,13631.48162,109.4088311,65.78168014,0.985858406
21.4,29.99940601,-40.10549598,13663.3685,109.2410279,65.80823163,0.801455689
21.5,29.99940203,-40.10623388,13695.46573,109.0725233,65.83467057,0.616398005
21.6,29.99939805,-40.10697385,13727.77422,108.9033582,65.86085653,0.430541304
21.7,29.99939405,-40.10771586,13760.29488,108.733641,65.88692897,0.244168434
21.8,29.99939005,-40.10845993,13793.02863,108.5633715,65.91288755,0.057137835
21.9,29.99938603,-40.10920605,13825.97637,108.3923402,65.93845088,-0.130550663
22,29.99938201,-40.10995421,13859.13902,108.2208634,65.96403979,-0.31889771
22.1,29.99937798,-40.11070441,13892.51747,108.0486294,65.98923191,-0.507899618
22.2,29.99937394,-40.11145666,13926.11265,107.8758473,66.01430798,-0.697418428
22.3,29.99936989,-40.11221094,13959.92544,107.7026653,66.03926766,-0.887596384
22.4,29.99936583,-40.11296727,13993.95674,107.528734,66.06382816,-1.07828185
22.5,29.99936176,-40.11372562,14028.20747,107.3543575,66.0884124,-1.269632105
22.6,29.99935768,-40.11448601,14062.6785,107.1792366,66.11259598,-1.461485971
22.7,29.99935359,-40.11524843,14097.37074,107.0037206,66.136661,-1.653856527
22.8,29.99934949,-40.11601288,14132.28508,106.8277123,66.16046537,-1.846734537
22.9,29.99934539,-40.11677935,14167.4224,106.6510661,66.18400836,-2.040259773
23,29.99934127,-40.11754785,14202.78359,106.4740283,66.20743127,-2.23430087
23.1,29.99933715,-40.11831837,14238.36953,106.2965043,66.2305916,-2.428702938
23.2,29.99933301,-40.11909091,14274.18112,106.1183488,66.25348864,-2.623748087
23.3,29.99932887,-40.11986546,14310.21922,105.9398608,66.27612169,-2.819291842
23.4,29.99932472,-40.12064203,14346.48471,105.7608385,66.29863255,-3.01520619
23.5,29.99932056,-40.12142062,14382.97848,105.5813394,66.32087825,-3.211616342
23.6,29.99931638,-40.12220122,14419.70138,105.4015145,66.34285809,-3.408376819
23.7,29.9993122,-40.12298383,14456.65429,105.2212187,66.36457136,-3.605771072
23.8,29.99930802,-40.12376844,14493.83809,105.0405427,66.38616042,-3.803388749
23.9,29.99930382,-40.12455507,14531.25362,104.8593128,66.40733862,-4.001471055
24,29.99929961,-40.1253437,14568.90176,104.6778551,66.42839149,-4.200060091
24.1,29.99929539,-40.12613433,14606.78337,104.4959366,66.44917531,-4.398987676
24.2,29.99929117,-40.12692697,14644.89929,104.3137085,66.46968941,-4.598106713
24.3,29.99928693,-40.1277216,14683.2504,104.1310259,66.48993313,-4.797845972
24.4,29.99928269,-40.12851824,14721.83753,103.9481223,66.51004956,-4.997799245
24.5,29.99927844,-40.12931687,14760.66154,103.7646874,66.52975066,-5.198050636
24.6,29.99927417,-40.13011749,14799.72328,103.5811842,66.54932341,-5.398655943
24.7,29.9992699,-40.13092012,14839.02359,103.3971584,66.56847932,-5.599550343
24.8,29.99926562,-40.13172473,14878.56332,103.2129207,66.58750582,-5.80079445
24.9,29.99926133,-40.13253134,14918.34329,103.0283945,66.60625832,-6.002353515
25,29.99925703,-40.13333994,14958.36435,102.8435832,66.62473619,-6.204078856
25.1,29.99925273,-40.13415052,14998.62734,102.6586383,66.64293882,-6.406111951
25.2,29.99924841,-40.1349631,15039.13308,102.4732671,66.6608656,-6.608303709
25.3,29.99924409,-40.13577766,15079.8824,102.2878425,66.67866066,-6.81083595
25.4,29.99923975,-40.13659421,15120.87609,102.1022209,66.69603406,-7.013480256
25.5,29.99923541,-40.13741275,15162.11494,101.916332,66.71312984,-7.216271348
25.6,29.99923106,-40.13823326,15203.59974,101.7302493,66.73009245,-7.419248989
25.7,29.9992267,-40.13905576,15245.33127,101.5441318,66.74663135,-7.622176021
25.8,29.99922233,-40.13988025,15287.31032,101.357826,66.76303616,-7.825430008
25.9,29.99921795,-40.14070671,15329.53767,101.1713468,66.77901595,-8.028768751
26,29.99921356,-40.14153516,15372.01408,100.9848329,66.79486072,-8.232135285
26.1,29.99920916,-40.14236558,15414.74033,100.7983035,66.81027921,-8.435575006
26.2,29.99920476,-40.14319798,15457.71719,100.611597,66.82556179,-8.639182981
26.3,29.99920034,-40.14403236,15500.94544,100.4247994,66.84056254,-8.842758293
26.4,29.99919592,-40.14486872,15544.42582,100.2380012,66.85513516,-9.046389291
26.5,29.99919148,-40.14570705,15588.1591,100.0510346,66.8695706,-9.250030986
26.6,29.99918704,-40.14654737,15632.14605,99.86428509,66.88372267,-9.453625356
26.7,29.99918259,-40.14738965,15676.38741,99.67731248,66.8975909,-9.657315446
26.8,29.99917813,-40.14823392,15720.88394,99.49041707,66.91117479,-9.860948364
26.9,29.99917367,-40.14908015,15765.63639,99.30345486,66.92447386,-10.06451896
27,29.99916919,-40.14992837,15810.6455,99.11657811,66.93748767,-10.26817069
27.1,29.9991647,-40.15077856,15855.91199,98.96560757,66.94772812,-10.4327277
27.2,29.99916021,-40.15163072,15901.43633,98.87701561,66.9537281,-10.52939322
27.3,29.9991557,-40.15248487,15947.21853,98.83916977,66.9563627,-10.57089416
27.4,29.99915119,-40.15334102,15993.25822,98.84281961,66.95621633,-10.56740524
27.5,29.99914667,-40.15419919,16039.55477,98.88032831,66.95387446,-10.52707531
27.6,29.99914214,-40.15505938,16086.10727,98.94586949,66.94963039,-10.45631724
27.7,29.9991376,-40.15592162,16132.91465,99.03464963,66.94377772,-10.36036689
27.8,29.99913305,-40.15678594,16179.97569,99.14270785,66.93646386,-10.24321115
27.9,29.99912849,-40.15765235,16227.28903,99.26732329,66.92798252,-10.10815491
28,29.99912392,-40.15852089,16274.85322,99.40596115,66.91833493,-9.957929617
28.1,29.99911934,-40.15939157,16322.66674,99.55679279,66.90781463,-9.794492695
28.2,29.99911475,-40.16026441,16370.72797,99.71805726,66.89613071,-9.619558777
28.3,29.99911015,-40.16113946,16419.03528,99.88857928,66.88372267,-9.434540434
28.4,29.99910554,-40.16201673,16467.58698,100.0675448,66.87044574,-9.240463364
28.5,29.99910091,-40.16289625,16516.38132,100.2539869,66.85615556,-9.038207988
28.6,29.99909628,-40.16377805,16565.41658,100.4471852,66.84129096,-8.828574405
28.7,29.99909164,-40.16466215,16614.69109,100.646493,66.8254162,-8.612183001
28.8,29.99908698,-40.16554859,16664.20311,100.8515752,66.80882422,-8.389477508
28.9,29.99908232,-40.16643738,16713.95091,101.0621213,66.79151648,-8.160792369
29,29.99907764,-40.16732857,16763.93275,101.2777532,66.7733492,-7.926560639
29.1,29.99907295,-40.16822216,16814.14684,101.4983049,66.75432428,-7.686972234
29.2,29.99906825,-40.1691182,16864.5914,101.7235318,66.73458877,-7.44240718
29.3,29.99906354,-40.17001671,16915.26465,101.9530519,66.71399943,-7.192860887
29.4,29.99905882,-40.17091771,16966.16483,102.1869952,66.6925584,-6.938668035
29.5,29.99905408,-40.17182124,17017.29019,102.4250469,66.6702679,-6.679870613
29.6,29.99904933,-40.17272732,17068.63894,102.6670408,66.64713021,-6.416656299
29.7,29.99904457,-40.17363598,17120.20928,102.9129584,66.62314771,-6.1492121
29.8,29.99903979,-40.17454725,17171.99939,103.1627036,66.59817858,-5.877544939
29.9,29.999035,-40.17546115,17224.00744,103.4163336,66.57236992,-5.601733825
30,29.9990302,-40.17637771,17276.23165,103.6733053,66.54558037,-5.321933809
30.1,29.99902539,-40.17729697,17328.67029,103.9336785,66.51795688,-5.038652987
30.2,29.99902056,-40.17821893,17381.32165,104.1973523,66.48935861,-4.751614286
30.3,29.99901571,-40.17914364,17434.18398,104.4641566,66.45978889,-4.4610067
30.4,29.99901086,-40.18007112,17487.25553,104.7342181,66.42925117,-4.166874556
30.5,29.99900599,-40.18100139,17540.53451,105.0072795,66.39760587,-3.869239893
30.6,29.9990011,-40.18193448,17594.01913,105.2834046,66.3650001,-3.568315638
30.7,29.9989962,-40.18287042,17647.70762,105.5624246,66.33143759,-3.264287861
30.8,29.99899129,-40.18380924,17701.59829,105.8440785,66.29677963,-2.957039211
30.9,29.99898636,-40.18475096,17755.6894,106.1283419,66.26103073,-2.646902614
31,29.99898141,-40.18569561,17809.97922,106.4154337,66.22433764,-2.333795206
31.1,29.99897645,-40.1866432,17864.46599,106.7049933,66.18642063,-2.017735476
31.2,29.99897148,-40.18759378,17919.14794,106.9969427,66.14742687,-1.698926351
31.3,29.99896649,-40.18854737,17974.02327,107.2914071,66.10736132,-1.377412891
31.4,29.99896148,-40.18950398,18029.09025,107.5879666,66.06608779,-1.053375102
31.5,29.99895646,-40.19046365,18084.34724,107.8866972,66.02375312,-0.727006861
31.6,29.99895142,-40.19142641,18139.7926,108.187281,65.98036258,-0.398350256
31.7,29.99894636,-40.19239227,18195.42468,108.4897827,65.93564048,-0.067586579
31.8,29.99894129,-40.19336126,18251.24179,108.7942384,65.88987429,0.265376217
31.9,29.9989362,-40.19433341,18307.24226,109.1003719,65.84292957,0.600354554
32,29.99893109,-40.19530873,18363.42436,109.4081981,65.79467298,0.93743876
32.1,29.99892597,-40.19628727,18419.78646,109.7176153,65.74539079,1.276313776
32.2,29.99892083,-40.19726903,18476.32695,110.0283808,65.69481044,1.616786198
32.3,29.99891567,-40.19825405,18533.04425,110.3404685,65.64293947,1.958809971
32.4,29.9989105,-40.19924234,18589.93674,110.6538204,65.58992422,2.302490898
32.5,29.99890531,-40.20023393,18647.00279,110.9685644,65.53577162,2.647650666
32.6,29.9989001,-40.20122885,18704.24077,111.284297,65.48021258,2.994219376
32.7,29.99889487,-40.20222712,18761.64901,111.6012297,65.42353153,3.342184247
32.8,29.99888962,-40.20322876,18819.22592,111.9190759,65.36559821,3.691213956
32.9,29.99888436,-40.2042338,18876.96992,112.2375443,65.30628369,4.041385596
33,29.99887907,-40.20524226,18934.87947,112.5570051,65.24587088,4.392563212
33.1,29.99887377,-40.20625415,18992.95296,112.8770456,65.18409419,4.744665545
33.2,29.99886845,-40.20726951,19051.18881,113.1977914,65.12096309,5.097651064
33.3,29.9988631,-40.20828836,19109.58541,113.5190518,65.05662298,5.45137071
33.4,29.99885774,-40.20931072,19168.14113,113.8408297,64.99094699,5.806033772
33.5,29.99885236,-40.21033661,19226.8544,114.1630871,64.92408006,6.161088466
33.6,29.99884696,-40.21136606,19285.72369,114.4855299,64.85589613,6.516879087
33.7,29.99884154,-40.21239908,19344.74743,114.8082887,64.78640512,6.872963072
33.8,29.99883611,-40.2134357,19403.92409,115.1311985,64.71561698,7.229442873
33.9,29.99883065,-40.21447595,19463.25208,115.4542438,64.64354176,7.58642106
34,29.99882516,-40.21551983,19522.72983,115.7772743,64.57005616,7.943557007
34.1,29.99881966,-40.21656739,19582.35574,116.1002614,64.49530449,8.300857394
34.2,29.99881414,-40.21761863,19642.12825,116.4231927,64.41929699,8.658428225
34.3,29.9988086,-40.21867358,19702.04581,116.7459176,64.34191162,9.015929993
34.4,29.99880304,-40.21973226,19762.10688,117.0685623,64.26329178,9.373378211
34.5,29.99879745,-40.22079469,19822.30987,117.390828,64.18331627,9.730835656
34.6,29.99879184,-40.22186089,19882.6532,117.7127033,64.10199663,10.08814108
34.7,29.99878622,-40.22293089,19943.13529,118.0343204,64.01947526,10.44531793
34.8,29.99878057,-40.2240047,20003.75453,118.3555333,63.93550181,10.80211104
34.9,29.9987749,-40.22508235,20064.50934,118.676031,63.85021912,11.15867812
35,29.9987692,-40.22616386,20125.39818,118.9959544,63.76363888,11.51486447
35.1,29.99876348,-40.22724924,20186.4195,119.2883834,63.68339688,11.8403472
35.2,29.99875775,-40.22833851,20247.57193,119.5335587,63.61498263,12.11362306
35.3,29.99875198,-40.22943171,20308.85441,119.7417577,63.55625207,12.34563662
35.4,29.9987462,-40.23052883,20370.26614,119.9208169,63.50521881,12.54522597
35.5,29.99874039,-40.23162989,20431.80653,120.0765992,63.46043102,12.71883077
35.6,29.99873456,-40.23273491,20493.47514,120.214197,63.42070688,12.87213572
35.7,29.99872871,-40.2338439,20555.27167,120.3370518,63.38487426,13.00919145
35.8,29.99872283,-40.23495688,20617.19593,120.4484461,63.35227985,13.13332548
35.9,29.99871693,-40.23607384,20679.24781,120.5504667,63.32214694,13.24699316
36,29.99871101,-40.23719482,20741.42726,120.6453478,63.2942128,13.35260742
36.1,29.99870506,-40.2383198,20803.7343,120.7339782,63.26770679,13.45154176
36.2,29.99869909,-40.23944882,20866.16897,120.8181441,63.24262497,13.54525909
36.3,29.9986931,-40.24058187,20928.73136,120.8984376,63.21858215,13.63477318
36.4,29.99868708,-40.24171897,20991.42158,120.9755994,63.19532163,13.72076012
36.5,29.99868103,-40.24286013,21054.23976,121.050223,63.17271456,13.80395338
36.6,29.99867497,-40.24400535,21117.18607,121.1230524,63.15075941,13.88501492
36.7,29.99866888,-40.24515466,21180.26066,121.1939325,63.12907439,13.96402676
36.8,29.99866276,-40.24630805,21243.46372,121.2634607,63.10778558,14.04157824
36.9,29.99865662,-40.24746554,21306.79542,121.3320834,63.08689209,14.117935
37,29.99865046,-40.24862714,21370.25597,121.3994985,63.0661401,14.19323624
37.1,29.99864427,-40.24979285,21433.84557,121.4661512,63.04552928,14.26748429
37.2,29.99863805,-40.2509627,21497.56443,121.5320423,63.02505936,14.34094218
37.3,29.99863181,-40.25213669,21561.41275,121.5973206,63.00473001,14.41374222
37.4,29.99862555,-40.25331482,21625.39075,121.6621351,62.98454095,14.48601646
37.5,29.99861926,-40.25449712,21689.49865,121.7264864,62.96449189,14.55776655
37.6,29.99861294,-40.25568358,21753.73667,121.7902224,62.94445656,14.62892969
37.7,29.9986066,-40.25687422,21818.10503,121.8536396,62.92443495,14.69963694
37.8,29.99860024,-40.25806906,21882.60397,121.9167433,62.9045528,14.76995386
37.9,29.99859385,-40.25926809,21947.2337,121.9793808,62.88468413,14.83994688
38,29.99858743,-40.26047133,22011.99446,122.0417006,62.8648289,14.90961659
38.1,29.99858099,-40.2616788,22076.88648,122.1037028,62.84498709,14.97883363
38.2,29.99857452,-40.26289049,22141.90999,122.1655414,62.82528413,15.04779433
38.3,29.99856802,-40.26410643,22207.06523,122.2269093,62.80546898,15.11623823
38.4,29.9985615,-40.26532662,22272.35243,122.2879661,62.78579244,15.1845573
38.5,29.99855495,-40.26655107,22337.77183,122.3488547,62.76612904,15.25255649
38.6,29.99854838,-40.26777979,22403.32367,122.4094271,62.74647874,15.32023638
38.7,29.99854178,-40.26901279,22469.00819,122.4698317,62.72684152,15.38759752
38.8,29.99853515,-40.27025009,22534.82563,122.5297722,62.70721734,15.45477012
38.9,29.9985285,-40.27149169,22600.77623,122.5897,62.68773105,15.52156256
39,29.99852181,-40.27273761,22666.86024,122.649158,62.66813279,15.58810053
39.1,29.99851511,-40.27398785,22733.0779,122.7086037,62.64867221,15.65438943
39.2,29.99850837,-40.27524242,22799.42946,122.7674316,62.62909977,15.72029489
39.3,29.99850161,-40.27650134,22865.91517,122.8262479,62.60966478,15.78608219
39.4,29.99849482,-40.27776462,22932.53527,122.8848981,62.5902425,15.85155479
39.5,29.998488,-40.27903227,22999.29002,122.9430859,62.57083291,15.91671323
39.6,29.99848115,-40.28030429,23066.17967,123.0011078,62.55143598,15.98168731
39.7,29.99847428,-40.2815807,23133.20447,123.0589642,62.53205169,16.04621894
39.8,29.99846738,-40.28286151,23200.36468,123.1163588,62.51268,16.11069637
39.9,29.99846045,-40.28414673,23267.66054,123.1737363,62.49332089,16.17473238
40,29.99845349,-40.28543638,23335.09232,123.2306523,62.47397434,16.23858585
40.1,29.99844651,-40.28673045,23402.66028,123.2875594,62.45476421,16.30219755
40.2,29.99843949,-40.28802897,23470.36467,123.344146,62.4354426,16.36555826
40.3,29.99843245,-40.28933194,23538.20576,123.4004277,62.41625721,16.42867848
40.4,29.99842538,-40.29063937,23606.18381,123.4563891,62.39696044,16.49141923
40.5,29.99841828,-40.29195128,23674.29907,123.5123427,62.37779968,16.55404976
40.6,29.99841115,-40.29326768,23742.55183,123.5679842,62.35865115,16.61637171
40.7,29.99840399,-40.29458857,23810.94233,123.6234621,62.33951484,16.67838559
40.8,29.9983968,-40.29591397,23879.47085,123.6784801,62.32039071,16.74022066
40.9,29.99838958,-40.29724389,23948.13766,123.7336398,62.30140201,16.80181941
41,29.99838233,-40.29857835,24016.94303,123.7881832,62.2823021,16.86316943
41.1,29.99837506,-40.29991734,24085.88722,123.8427119,62.2632143,16.9242131
41.2,29.99836775,-40.30126089,24154.97051,123.8969383,62.24426161,16.98502231
41.3,29.99836041,-40.302609,24224.19318,123.9510023,62.22532084,17.04565504
41.4,29.99835304,-40.30396169,24293.5555,124.0047467,62.20626907,17.10591134
41.5,29.99834565,-40.30531896,24363.05775,124.0583378,62.1873521,17.16606349
41.6,29.99833822,-40.30668083,24432.7002,124.111767,62.16844697,17.22591178
41.7,29.99833076,-40.30804731,24502.48312,124.164886,62.14955365,17.2855851
41.8,29.99832327,-40.30941841,24572.40677,124.2178528,62.13079468,17.34502777
41.9,29.99831575,-40.31079415,24642.47144,124.2705004,62.11192483,17.40409561
42,29.9983082,-40.31217452,24712.67737,124.3229866,62.09306671,17.46298961
42.1,29.99830062,-40.31355955,24783.02485,124.3753211,62.07434264,17.52165469
42.2,29.998293,-40.31494924,24853.51415,124.4273465,62.05563011,17.58014698
42.3,29.99828536,-40.31634361,24924.14554,124.479053,62.03680691,17.63826538
42.4,29.99827768,-40.31774267,24994.91929,124.5307567,62.01811746,17.69628473
42.5,29.99826997,-40.31914643,25065.83569,124.5823099,61.99956152,17.75407765
42.6,29.99826223,-40.32055489,25136.895,124.6333964,61.98089491,17.81162584
42.7,29.99825446,-40.32196808,25208.09752,124.6843225,61.96223972,17.86887487
42.8,29.99824666,-40.323386,25279.44351,124.7352469,61.94371774,17.92589911
42.9,29.99823882,-40.32480867,25350.93328,124.7857047,61.92508525,17.98280723
43,29.99823095,-40.32623609,25422.56709,124.8361613,61.90658578,18.03936357
43.1,29.99822305,-40.32766828,25494.34523,124.88631,61.8880975,18.09575054
43.2,29.99821511,-40.32910525,25566.268,124.9362992,61.86962038,18.15196845
43.3,29.99820714,-40.33054701,25638.33568,124.9859809,61.85115439,18.20788973
43.4,29.99819914,-40.33199357,25710.54856,125.0355033,61.83269952,18.26364261
43.5,29.99819111,-40.33344494,25782.90694,125.0848774,61.81437705,18.31917453
43.6,29.99818304,-40.33490115,25855.4111,125.1339336,61.79594428,18.37433613
43.7,29.99817494,-40.33636219,25928.06135,125.1829901,61.77764371,18.42953326
43.8,29.9981668,-40.33782807,26000.85798,125.2317398,61.75935403,18.48430813
43.9,29.99815863,-40.33929883,26073.8013,125.280331,61.74107522,18.53904413
44,29.99815043,-40.34077445,26146.89159,125.3286156,61.72280724,18.59335863
44.1,29.99814219,-40.34225496,26220.12917,125.3767419,61.70455009,18.64763482
44.2,29.99813392,-40.34374036,26293.51433,125.4248697,61.68642454,18.70169371
44.3,29.99812561,-40.34523068,26367.04739,125.4725317,61.66818889,18.75538399
44.4,29.99811727,-40.34672592,26440.72865,125.5200472,61.65008467,18.80898544
44.5,29.99810889,-40.34822609,26514.55841,125.5675533,61.63199104,18.86242242
44.6,29.99810048,-40.3497312,26588.537,125.6147537,61.61390798,18.9155678
44.7,29.99809203,-40.35124127,26662.66472,125.6616483,61.59583548,18.96842194
44.8,29.99808355,-40.35275632,26736.94189,125.7083856,61.57777352,19.02123986
44.9,29.99807503,-40.35427634,26811.36882,125.7551257,61.55984237,19.07371664
45,29.99806647,-40.35580136,26885.94583,125.8015487,61.54180135,19.12608104
45.1,29.99805788,-40.35733139,26960.67323,125.8478265,61.52389096,19.17823249
45.2,29.99804925,-40.35886643,27035.55136,125.8937993,61.5059909,19.23009452
45.3,29.99804059,-40.36040651,27110.58054,125.9397637,61.48810113,19.28192183
45.4,29.99803189,-40.36195163,27185.76108,125.9854232,61.47022163,19.33333317
45.5,29.99802315,-40.36350181,27261.09331,126.0310865,61.45247229,19.38478781
45.6,29.99801437,-40.36505705,27336.57757,126.076285,61.43461322,19.43587681
45.7,29.99800556,-40.36661738,27412.21418,126.1214875,61.41688413,19.48688274
45.8,29.99799671,-40.3681828,27488.00348,126.1663857,61.39916511,19.5376013
45.9,29.99798783,-40.36975333,27563.94579,126.2112762,61.38145612,19.58815979
46,29.9979789,-40.37132898,27640.04146,126.2558626,61.36375716,19.63843152
46.1,29.99796994,-40.37290976,27716.29083,126.3001449,61.34606821,19.68854371
46.2,29.99796094,-40.37449569,27792.69422,126.3445804,61.32850867,19.73857496
46.3,29.9979519,-40.37608678,27869.25199,126.3885514,61.31083961,19.78824207
46.4,29.99794282,-40.37768303,27945.96447,126.4323794,61.29329979,19.83782898
46.5,29.99793371,-40.37928447,28022.83201,126.4762004,61.27576976,19.88725757
46.6,29.99792455,-40.38089111,28099.85497,126.5197178,61.25824952,19.93640132
46.7,29.99791536,-40.38250296,28177.03367,126.563241,61.24085813,19.98546617
46.8,29.99790613,-40.38412003,28254.36849,126.6063,61.22335733,20.03429464
46.9,29.99789685,-40.38574233,28331.85977,126.6495133,61.20598521,20.08291822
47,29.99788754,-40.38736989,28409.50786,126.6922753,61.18862267,20.13138493
47.1,29.99787819,-40.38900271,28487.31312,126.7350308,61.17126968,20.17969499
47.2,29.9978688,-40.3906408,28565.27592,126.7776317,61.15392625,20.22772205
47.3,29.99785936,-40.39228419,28643.39661,126.8199298,61.13659234,20.27559295
47.4,29.99784989,-40.39393288,28721.67555,126.8620863,61.11938656,20.32338756
47.5,29.99784037,-40.39558688,28800.11311,126.9042369,61.10219015,20.37090017
47.6,29.99783082,-40.39724621,28878.70966,126.9460849,61.08500308,20.41825752
47.7,29.99782122,-40.39891089,28957.46556,126.9877788,61.06782535,20.46545982
47.8,29.99781158,-40.40058092,29036.38119,127.0293186,61.05065692,20.51238088
47.9,29.99780191,-40.40225632,29115.45691,127.0707044,61.03349779,20.55914736
48,29.99779218,-40.40393711,29194.69311,127.1119495,61.01646618,20.60583973
48.1,29.99778242,-40.40562329,29274.09016,127.1530409,60.99944371,20.65237811
48.2,29.99777262,-40.40731489,29353.64845,127.1939786,60.98243035,20.69863645
48.3,29.99776277,-40.40901191,29433.36834,127.2346144,60.9654261,20.74474127
48.4,29.99775288,-40.41071437,29513.25023,127.275245,60.94843093,20.79056655
48.5,29.99774294,-40.41242228,29593.2945,127.3155737,60.93144483,20.83636493
48.6,29.99773297,-40.41413567,29673.50154,127.3559109,60.91458565,20.88196507
48.7,29.99772295,-40.41585453,29753.87174,127.3959465,60.89773539,20.92741271
48.8,29.99771288,-40.41757888,29834.40549,127.4359772,60.88089402,20.97258194
48.9,29.99770277,-40.41930875,29915.10319,127.4757065,60.86406154,21.01772519
49,29.99769262,-40.42104414,29995.96523,127.5154446,60.84735554,21.06267167
49.1,29.99768243,-40.42278507,30076.99201,127.554868,60.83054071,21.10738536
49.2,29.99767219,-40.42453155,30158.18394,127.594152,60.81385221,21.15190296
49.3,29.9976619,-40.42628359,30239.54141,127.6334316,60.79717241,21.19626947
49.4,29.99765157,-40.42804122,30321.06483,127.6724102,60.7805013,21.2404851
49.5,29.9976412,-40.42980444,30402.75462,127.7112361,60.76383885,21.28455001
49.6,29.99763078,-40.43157328,30484.61118,127.7500716,60.7473023,21.32854612
49.7,29.99762031,-40.43334773,30566.63492,127.7884442,60.73065708,21.37218439
49.8,29.9976098,-40.43512783,30648.82626,127.8269747,60.71413762,21.41575445
49.9,29.99759924,-40.43691358,30731.18561,127.8652047,60.69762664,21.45917474
50,29.99758863,-40.438705,30813.71341,127.9034446,60.68124114,21.50252751
50.1,29.99757798,-40.4405021,30896.41006,127.9413701,60.66474704,21.54552313
50.2,29.99756728,-40.4423049,30979.27599,127.9793057,60.64837826,21.5884518
50.3,29.99755654,-40.44411342,31062.31164,128.016941,60.6320178,21.63123162
50.4,29.99754574,-40.44592766,31145.51743,128.0545726,60.61566564,21.67386274
50.5,29.9975349,-40.44774765,31228.89379,128.091904,60.59932176,21.71634535
50.6,29.99752401,-40.44957339,31312.44115,128.1290835,60.58298615,21.758554
50.7,29.99751308,-40.45140491,31396.15996,128.1662736,60.56677539,21.80069717
50.8,29.99750209,-40.45324221,31480.05065,128.2033121,60.55057276,21.84269253
50.9,29.99749106,-40.45508532,31564.11367,128.2401989,60.53437824,21.88454025
51,29.99747997,-40.45693425,31648.34946,128.2767858,60.51819181,21.92624049
51.1,29.99746884,-40.45878902,31732.75846,128.3133695,60.50201347,21.96766794
51.2,29.99745766,-40.46064964,31817.34114,128.349816,60.4859595,22.00903132
51.3,29.99744643,-40.46251612,31902.09793,128.3859485,60.46979723,22.05016479
51.4,29.99743514,-40.46438848,31987.02929,128.4220922,60.4537592,22.09123467
51.5,29.99742381,-40.46626674,32072.13569,128.4582473,60.43784521,22.13224134
51.6,29.99741243,-40.46815091,32157.41758,128.4940886,60.42182293,22.17289315
51.7,29.997401,-40.47004102,32242.87543,128.529793,60.40592456,22.21360758
51.8,29.99738951,-40.47193706,32328.50969,128.565332,60.389918,22.25396735
51.9,29.99737797,-40.47383907,32414.32085,128.6007344,60.3740352,22.29426488
52,29.99736639,-40.47574706,32500.30937,128.6361341,60.35816014,22.3344169
52.1,29.99735475,-40.47766104,32586.47573,128.6713973,60.3424086,22.37450726
52.2,29.99734305,-40.47958102,32672.8204,128.7063468,60.32654893,22.41424358
52.3,29.99733131,-40.48150703,32759.34387,128.7413084,60.31081264,22.45404391
52.4,29.99731951,-40.48343909,32846.04662,128.7761192,60.29508392,22.49357432
52.5,29.99730766,-40.4853772,32932.92913,128.8107793,60.27936277,22.53296015
52.6,29.99729576,-40.48732139,33019.99189,128.8452887,60.26364917,22.57220154
52.7,29.9972838,-40.48927166,33107.2354,128.8796621,60.24805857,22.61138278
52.8,29.99727179,-40.49122805,33194.66014,128.9140333,60.23247539,22.65042
52.9,29.99725972,-40.49319056,33282.26662,128.9481057,60.21689961,22.68918833
53,29.9972476,-40.49515921,33370.05534,128.982176,60.20133123,22.72793799
53.1,29.99723543,-40.49713401,33458.02679,129.0159475,60.18577023,22.76641908
53.2,29.9972232,-40.499115,33546.18148,129.0497317,60.17033179,22.80484123
53.3,29.99721091,-40.50110217,33634.51993,129.0833656,60.1549006,22.84312026
53.4,29.99719857,-40.50309555,33723.04264,129.1169976,60.13947665,22.8812563
53.5,29.99718617,-40.50509516,33811.75013,129.1503311,60.12405993,22.91924947
53.6,29.99717371,-40.50710101,33900.64292,129.1835144,60.10865043,22.95709993
53.7,29.9971612,-40.50911312,33989.72152,129.2167107,60.09336305,22.99489259
53.8,29.99714863,-40.51113151,34078.98647,129.2495938,60.0779679,23.03233326
53.9,29.99713601,-40.51315619,34168.43828,129.2823417,60.06269474,23.06984136
54,29.99712332,-40.51518719,34258.0775,129.3152511,60.0475434,23.1071676
54.1,29.99711058,-40.51722451,34347.90461,129.383632,60.01531254,23.18568536
54.2,29.99709778,-40.51926819,34437.91978,129.5134766,59.95380558,23.33515625
54.3,29.99708492,-40.52131824,34528.12255,129.6915267,59.86866323,23.54050744
54.4,29.99707201,-40.52337468,34618.51198,129.9073481,59.76438974,23.78954656
54.5,29.99705903,-40.52543754,34709.08671,130.1521498,59.64433776,24.07262919
54.6,29.99704599,-40.52750686,34799.84506,130.4193345,59.51149858,24.38203213
54.7,29.99703289,-40.52958266,34890.78507,130.7035488,59.36804606,24.71160992
54.8,29.99701973,-40.53166497,34981.90458,131.0005926,59.21579258,25.05651169
54.9,29.99700651,-40.53375382,35073.20121,131.3069569,59.05608007,25.41283515
55,29.99699323,-40.53584924,35164.67242,131.6190073,58.8903416,25.77657685
55.1,29.99697991,-40.53794837,35256.19905,131.2612736,59.08037982,25.35879002
55.2,29.99696654,-40.54005006,35347.7363,130.9800228,59.22721321,25.03061955
55.3,29.99695315,-40.54215432,35439.28603,130.9120714,59.26250696,24.95108916
55.4,29.99693971,-40.54426114,35530.84886,131.154245,59.13718348,25.23245844
55.5,29.99692624,-40.54637053,35622.42371,131.6367121,58.88191479,25.79470623
55.6,29.99691273,-40.54848252,35714.00808,132.2990666,58.51994527,26.56938045
55.7,29.99689918,-40.55059711,35805.59833,133.0907176,58.06892951,27.49948543
55.8,29.9968856,-40.55271432,35897.18972,133.9708362,57.54273874,28.53900855
55.9,29.99687197,-40.5548342,35988.77661,134.9070316,56.95252554,29.65146781
56,29.99685831,-40.55695675,36080.35237,135.8737301,56.30731987,30.80857322
56.1,29.99684461,-40.55908201,36171.90967,136.8518364,55.61455584,31.98841952
56.2,29.99683087,-40.56121001,36263.44063,137.8270362,54.88060226,33.17472512
56.3,29.99681709,-40.56334076,36354.93709,138.7884912,54.11078489,34.35525026
56.4,29.99680327,-40.5654743,36446.3906,139.7287572,53.30952654,35.52129077
56.5,29.99678942,-40.56761065,36537.79236,140.6426884,52.48058383,36.66647409
56.6,29.99677552,-40.56974981,36629.13321,141.526646,51.62708498,37.78683099
56.7,29.99676157,-40.57189182,36720.40335,142.3784721,50.75166228,38.8795851
56.8,29.99674759,-40.57403668,36811.59275,143.197454,49.85675327,39.94332853
56.9,29.99673357,-40.57618441,36902.69132,143.9829807,48.94434912,40.97721383
57,29.9967195,-40.57833502,36993.68897,144.7349924,48.01611537,41.98111329
57.1,29.99670539,-40.5804885,37084.57542,145.3816619,47.17117915,42.85628842
57.2,29.99669124,-40.58264487,37175.34106,145.8826291,46.4840734,43.54271225
57.3,29.99667704,-40.58480413,37265.97827,146.275622,45.92418631,44.08662587
57.4,29.9966628,-40.58696628,37356.48116,146.5872476,45.46637616,44.52129804
57.5,29.99664852,-40.58913131,37446.84519,146.8368122,45.09027357,44.87198855
57.6,29.9966342,-40.59129922,37537.0669,147.038865,44.77955765,45.15751791
57.7,29.99661983,-40.59347003,37627.14366,147.2041457,44.5209488,45.39217327
57.8,29.99660541,-40.59564372,37717.07351,147.3409989,44.30406017,45.58723764
57.9,29.99659096,-40.5978203,37806.85501,147.4555024,44.12028512,45.75094407
58,29.99657646,-40.59999977,37896.48713,147.5527798,43.96302418,45.89008905
58.1,29.99656191,-40.60218213,37985.96915,147.6362341,43.82682381,46.00986635
58.2,29.99654732,-40.60436739,38075.30062,147.7087631,43.70741746,46.11425256
58.3,29.99653269,-40.60655554,38164.48127,147.7728069,43.60138114,46.20646483
58.4,29.99651801,-40.6087466,38253.511,147.8301863,43.5060369,46.28897861
58.5,29.99650328,-40.61094056,38342.38981,147.88216,43.41920397,46.36396554
58.6,29.99648851,-40.61313742,38431.1178,147.9297034,43.33919118,46.43271367
58.7,29.9964737,-40.61533719,38519.69514,147.9741466,43.26463382,46.49672239
58.8,29.99645884,-40.61753986,38608.12206,148.015446,43.19433285,46.55674235
58.9,29.99644394,-40.61974546,38696.39882,148.054876,43.12756691,46.61354171
59,29.99642899,-40.62195397,38784.52571,148.0923857,43.06361852,46.66800748
59.1,29.99641399,-40.6241654,38872.50304,148.1284959,43.00185203,46.7201941
59.2,29.99639895,-40.62637975,38960.33116,148.1634619,42.94194772,46.77092658
59.3,29.99638386,-40.62859703,39048.01039,148.197426,42.88350911,46.82026858
59.4,29.99636873,-40.63081724,39135.54109,148.2306516,42.82621949,46.86847734
59.5,29.99635355,-40.63304038,39222.9236,148.263077,42.76984147,46.91566033
59.6,29.99633833,-40.63526646,39310.15828,148.2951407,42.7143725,46.96215745
59.7,29.99632305,-40.63749548,39397.24546,148.3266677,42.65949844,47.00800057
59.8,29.99630774,-40.63972744,39484.18551,148.3576863,42.60513983,47.05333951
59.9,29.99629237,-40.64196234,39570.97876,148.3884897,42.55129527,47.0981728
60,29.99627696,-40.6442002,39657.62554,148.4188428,42.49780795,47.14257396
60.1,29.9962615,-40.64644101,39744.1262,148.4489245,42.44459928,47.18657964
60.2,29.996246,-40.64868477,39830.48105,148.4788484,42.39174607,47.23037995
60.3,29.99623044,-40.6509315,39916.69041,148.5085301,42.33909236,47.273821
60.4,29.99621484,-40.65318119,40002.7546,148.5379683,42.2866376,47.31690234
60.5,29.99619919,-40.65543384,40088.67393,148.5673103,42.23438125,47.35985202
60.6,29.9961835,-40.65768947,40174.44869,148.5964063,42.18232277,47.40255537
60.7,29.99616776,-40.65994807,40260.07917,148.6254037,42.13046164,47.44501194
60.8,29.99615197,-40.66220964,40345.56567,148.6540384,42.07872012,47.48737372
60.9,29.99613613,-40.6644742,40430.90845,148.682755,42.0270979,47.52941207
61,29.99612024,-40.66674174,40516.10779,148.7111074,41.97559462,47.57135526
61.1,29.99610431,-40.66901226,40601.16396,148.739392,41.92420997,47.61297465
61.2,29.99608832,-40.67128578,40686.0772,148.7674596,41.87294362,47.6544985
61.3,29.99607229,-40.6735623,40770.84778,148.795458,41.82179523,47.69592662
61.4,29.99605621,-40.67584181,40855.47594,148.8233865,41.77076449,47.7371446
61.5,29.99604008,-40.67812432,40939.96191,148.851096,41.71985108,47.77815222
61.6,29.9960239,-40.68040984,41024.30592,148.8787344,41.66905467,47.81906354
61.7,29.99600767,-40.68269836,41108.5082,148.9061879,41.61829832,47.85980309
61.8,29.99599139,-40.6849899,41192.56896,148.9335694,41.56765846,47.90033188
61.9,29.99597507,-40.68728445,41276.48842,148.960878,41.51713478,47.94076394
62,29.99595869,-40.68958203,41360.26677,148.9879647,41.46672697,47.98109905
62.1,29.99594227,-40.69188262,41443.90423,149.0148651,41.41635832,48.0211479
62.2,29.99592579,-40.69418625,41527.40098,149.0416911,41.36610504,48.0612138
62.3,29.99590926,-40.6964929,41610.7572,149.0684786,41.31589055,48.10099336
62.4,29.99589269,-40.69880259,41693.97309,149.0950423,41.26579094,48.14067551
62.5,29.99587606,-40.70111531,41777.0488,149.12153,41.2158059,48.18026004
62.6,29.99585938,-40.70343108,41859.98452,149.1478297,41.16585903,48.21967227
62.7,29.99584266,-40.70574989,41942.7804,149.1740524,41.11602626,48.25887241
62.8,29.99582588,-40.70807174,42025.4366,149.200346,41.06630728,48.29808871
62.9,29.99580905,-40.71039665,42107.95327,149.226302,41.01662586,48.3371325
63,29.99579217,-40.71272462,42190.33057,149.252328,40.96705777,48.37596374
63.1,29.99577524,-40.71505564,42272.56862,149.2780158,40.91752688,48.41473662
63.2,29.99575825,-40.71738973,42354.66757,149.3037726,40.86810885,48.45341093
63.3,29.99574122,-40.71972689,42436.62755,149.3293392,40.81872766,48.49179831
63.4,29.99572413,-40.72206711,42518.44868,149.3548253,40.76945887,48.53020111
63.5,29.995707,-40.72441041,42600.13107,149.3801206,40.72022657,48.56843113
63.6,29.99568981,-40.72675678,42681.67486,149.405483,40.67110621,48.60656206
63.7,29.99567256,-40.72910624,42763.08014,149.4305055,40.622022,48.64452011
63.8,29.99565527,-40.73145878,42844.34701,149.4555943,40.57304927,48.68237881
63.9,29.99563792,-40.73381442,42925.47559,149.4804909,40.52411235,48.72006454
64,29.99562052,-40.73617314,43006.46597,149.5054529,40.47528646,48.75765063
64.1,29.99560307,-40.73853496,43087.31823,149.5300738,40.42649605,48.79517791
64.2,29.99558556,-40.74089988,43168.03246,149.5547592,40.37781621,48.83260528
64.3,29.99556801,-40.7432679,43248.60875,149.5792513,40.32917153,48.86985948
64.4,29.99555039,-40.74563904,43329.04717,149.6038069,40.28063698,48.9070135
64.5,29.99553273,-40.74801328,43409.34779,149.6281687,40.23213725,48.94399423
64.6,29.99551501,-40.75039064,43489.51068,149.6523365,40.18367223,48.98091596
64.7,29.99549724,-40.75277111,43569.53591,149.6765667,40.13531675,49.01773718
64.8,29.99547941,-40.75515471,43649.42352,149.7004539,40.08699565,49.05438501
64.9,29.99546153,-40.75754144,43729.17359,149.7245511,40.03878367,49.09104634
65,29.9954436,-40.75993129,43808.78616,149.7483047,39.99060575,49.12753417
65.1,29.99542561,-40.76232428,43888.26127,149.7722673,39.94253652,49.16392092
65.2,29.99540757,-40.76472041,43967.59896,149.7957785,39.89442636,49.20006173
65.3,29.99538947,-40.76711968,44046.79929,149.8194569,39.8464992,49.23628787
65.4,29.99537131,-40.76952209,44125.86228,149.8429806,39.7985309,49.27226811
65.5,29.99535311,-40.77192766,44204.78795,149.8662665,39.75067056,49.30826116
65.6,29.99533484,-40.77433637,44283.57635,149.8896528,39.70284344,49.3440805
65.7,29.99531653,-40.77674825,44362.22748,149.912949,39.65512387,49.37979807
65.8,29.99529815,-40.77916328,44440.74138,149.9360481,39.60743722,49.41545611
65.9,29.99527972,-40.78158148,44519.11805,149.9590985,39.55978338,49.45094032
66,29.99526124,-40.78400285,44597.35751,149.9820576,39.51223654,49.48643672
66.1,29.99524269,-40.78642739,44675.45976,150.0049674,39.46472221,49.52175916
66.2,29.9952241,-40.78885511,44753.42481,150.0276793,39.4172403,49.55690766
66.3,29.99520544,-40.79128601,44831.25265,150.0504473,39.36986482,49.59206799
66.4,29.99518673,-40.79372009,44908.9433,150.0731653,39.32252147,49.62716858
66.5,29.99516796,-40.79615736,44986.49673,150.0956848,39.27521014,49.6620951
66.6,29.99514914,-40.79859782,45063.91294,150.1181107,39.2280047,49.69691875
66.7,29.99513026,-40.80104147,45141.19192,150.140381,39.18075707,49.73161143
66.8,29.99511132,-40.80348833,45218.33365,150.1627057,39.13361504,49.76631545
66.9,29.99509232,-40.80593839,45295.33811,150.1849357,39.08657837,49.80091625
67,29.99507327,-40.80839166,45372.20527,150.20701,39.03949928,49.83527182
67.1,29.99505416,-40.81084814,45448.93511,150.2291374,38.99252525,49.86975275
67.2,29.99503499,-40.81330784,45525.5276,150.2511691,38.94565605,49.9040157
67.3,29.99501576,-40.81577075,45601.98271,150.2730448,38.89874419,49.93826229
67.4,29.99499648,-40.81823689,45678.30039,150.2949727,38.85193688,49.97229073
67.5,29.99497713,-40.82070625,45754.48062,150.3166999,38.80516035,50.00637348
67.6,29.99495773,-40.82317885,45830.52334,150.3383748,38.75841451,50.04028177
67.7,29.99493827,-40.82565468,45906.42851,150.3598488,38.71169927,50.07412999
67.8,29.99491875,-40.82813376,45982.19609,150.3813736,38.66508792,50.107874
67.9,29.99489917,-40.83061607,46057.82602,150.4028455,38.61850688,50.14155781
68,29.99487953,-40.83310164,46133.31824,150.4242643,38.57195608,50.17518143
68.1,29.99485983,-40.83559045,46208.67271,150.4454815,38.52543542,50.20863044
68.2,29.99484008,-40.83808252,46283.88935,150.466748,38.47901801,50.2420892
68.3,29.99482026,-40.84057785,46358.96811,150.4879609,38.43263046,50.27537319
68.4,29.99480038,-40.84307644,46433.90892,150.5089715,38.3862727,50.30871131
68.5,29.99478044,-40.8455783,46508.71171,150.5300767,38.33994463,50.34187466
68.6,29.99476044,-40.84808344,46583.3764,150.5509794,38.29364617,50.37486325
68.7,29.99474038,-40.85059184,46657.90293,150.5717814,38.24745019,50.40797553
68.8,29.99472026,-40.85310353,46732.29122,150.5926773,38.20128354,50.44091289
68.9,29.99470008,-40.8556185,46806.54118,150.6132685,38.15507329,50.47360593
69,29.99467984,-40.85813676,46880.65273,150.6340081,38.10903794,50.50649178
69.1,29.99465954,-40.86065831,46954.62579,150.6545913,38.06295881,50.53913331
69.2,29.99463917,-40.86318316,47028.46028,150.6749709,38.01690868,50.5717144
69.3,29.99461875,-40.86571131,47102.15609,150.695545,37.97096014,50.60430413
69.4,29.99459826,-40.86824276,47175.71313,150.7159151,37.92504035,50.63671875
69.5,29.99457771,-40.87077752,47249.13132,150.7362296,37.87914921,50.66907278
69.6,29.9945571,-40.8733156,47322.41055,150.7564884,37.83328665,50.70136623
69.7,29.99453642,-40.87585699,47395.55072,150.7765428,37.78745259,50.7335991
69.8,29.99451568,-40.8784017,47468.55171,150.7967901,37.74171938,50.76584007
69.9,29.99449488,-40.88094973,47541.4134,150.8167324,37.69594201,50.79783715
70,29.99447402,-40.8835011,47614.13565,150.8367186,37.65026525,50.82995675
70.1,29.99445309,-40.8860558,47686.71835,150.8567967,37.60461656,50.86190105
70.2,29.9944321,-40.88861383,47759.16135,150.8765699,37.55892359,50.89371625
70.3,29.99441105,-40.89117521,47831.46452,150.8963862,37.51333086,50.92553917
70.4,29.99438993,-40.89373993,47903.62773,150.9159971,37.46776596,50.95730137
70.5,29.99436875,-40.896308,47975.65083,150.9356996,37.42222882,50.98888823
70.6,29.9943475,-40.89887943,48047.53369,150.9554441,37.37679146,51.02059704
70.7,29.99432619,-40.90145421,48119.27617,150.9748836,37.33130955,51.05206236
70.8,29.99430482,-40.90403236,48190.87812,150.9944143,37.28585516,51.08346694
70.9,29.99428338,-40.90661387,48262.33939,151.0137391,37.2404282,51.11492543
71,29.99426188,-40.90919876,48333.65985,151.0332535,37.19510054,51.14627631
71.1,29.99424031,-40.91178702,48404.83933,151.052463,37.14972819,51.17749862
71.2,29.99421867,-40.91437865,48475.87769,151.071713,37.10445489,51.2087278
71.3,29.99419697,-40.91697368,48546.77477,151.0910535,37.05920863,51.23989609
71.4,29.99417521,-40.91957208,48617.53043,151.1101873,37.01398933,51.27088879
71.5,29.99415337,-40.92217388,48688.1445,151.1291648,36.96872522,51.30186791
71.6,29.99413148,-40.92477908,48758.61683,151.1481819,36.92355967,51.33285359
71.7,29.99410951,-40.92738768,48828.94725,151.1671405,36.87842087,51.36366365
71.8,29.99408748,-40.92999968,48899.1356,151.1860405,36.83330873,51.39452752
71.9,29.99406538,-40.93261509,48969.18172,151.2048817,36.78822317,51.42521575
72,29.99404322,-40.93523391,49039.08545,151.2236641,36.74316413,51.45584306
72.1,29.99402099,-40.93785615,49108.84661,151.2424845,36.69820299,51.48659112
72.2,29.99399869,-40.94048182,49178.46504,151.2611488,36.65319671,51.5170965
72.3,29.99397632,-40.94311091,49247.94057,151.2796053,36.60821672,51.54754094
72.4,29.99395389,-40.94574342,49317.27302,151.2981511,36.56326295,51.57803923
72.5,29.99393139,-40.94837938,49386.46222,151.3167341,36.51840662,51.60842841
72.6,29.99390881,-40.95101877,49455.508,151.335161,36.47350502,51.63868995
72.7,29.99388618,-40.95366161,49524.41018,151.3536245,36.42870063,51.668957
72.8,29.99386347,-40.95630789,49593.16857,151.371932,36.38385092,51.69909654
72.9,29.99384069,-40.95895763,49661.783,151.3902757,36.33909819,51.72924143
73,29.99381785,-40.96161082,49730.25328,151.4084634,36.29430006,51.75925895
73.1,29.99379493,-40.96426747,49798.57923,151.4266869,36.2495987,51.78928165
73.2,29.99377195,-40.96692759,49866.76067,151.44485,36.20492289,51.81935809
73.3,29.9937489,-40.96959118,49934.7974,151.4628573,36.1602016,51.84919249
73.4,29.99372577,-40.97225824,50002.68924,151.4808995,36.11557674,51.87903184
73.5,29.99370258,-40.97492878,50070.436,151.4988811,36.07097721,51.90881002
73.6,29.99367931,-40.9776028,50138.03748,151.516802,36.02640296,51.93852703
73.7,29.99365598,-40.98028031,50205.49349,151.5345673,35.98178312,51.96811714
73.8,29.99363258,-40.98296131,50272.80383,151.5523665,35.93725925,51.99771185
73.9,29.9936091,-40.98564581,50339.96832,151.5701047,35.89276045,52.02724536
74,29.99358555,-40.98833381,50406.98675,151.5877818,35.84828664,52.05683263
74.1,29.99356194,-40.99102531,50473.85891,151.6055462,35.80383776,52.08624373
74.2,29.99353825,-40.99372032,50540.58462,151.6231008,35.75941374,52.1155936
74.3,29.99351448,-40.99641885,50607.16367,151.6405939,35.71501451,52.14488223
74.4,29.99349065,-40.99912089,50673.59584,151.658174,35.67064001,52.17422461
74.5,29.99346675,-41.00182645,50739.88094,151.675544,35.62629016,52.20339074
74.6,29.99344277,-41.00453555,50806.01876,151.6930008,35.5819649,52.2324956
74.7,29.99341872,-41.00724817,50872.00909,151.7102473,35.53766415,52.26165422
74.8,29.99339459,-41.00996433,50937.85172,151.7275804,35.49338786,52.29063651
74.9,29.9933704,-41.01268403,51003.54643,151.7448515,35.44913596,52.31967256
75,29.99334613,-41.01540727,51069.09301,151.7620605,35.40490837,52.34864731
75.1,29.99332178,-41.01813406,51134.49125,151.7793002,35.3607753,52.37751035
75.2,29.99329737,-41.02086441,51199.74093,151.7963846,35.31659612,52.40636239
75.3,29.99327287,-41.02359831,51264.84183,151.8134066,35.27244105,52.43515309
75.4,29.99324831,-41.02633578,51329.79372,151.8303661,35.22831005,52.46388245
75.5,29.99322367,-41.02907681,51394.5964,151.8472631,35.18420303,52.49255044
75.6,29.99319896,-41.03182142,51459.24963,151.8642459,35.14011994,52.52115706
75.7,29.99317417,-41.0345696,51523.75319,151.8810174,35.09606071,52.54970228
75.8,29.9931493,-41.03732137,51588.10682,151.8979666,35.05209527,52.57825028
75.9,29.99312436,-41.04007672,51652.3103,151.9147608,35.00808353,52.6067878
76,29.99309935,-41.04283565,51716.36337,151.9314919,34.96409545,52.63514871
76.1,29.99307426,-41.04559819,51780.2658,151.9481599,34.92013098,52.66356339
76.2,29.99304909,-41.04836432,51844.01735,151.9647646,34.87619004,52.69191663
76.3,29.99302385,-41.05113406,51907.61775,151.9813061,34.83227259,52.72020841
76.4,29.99299853,-41.0539074,51971.06678,151.9978415,34.78830877,52.74837499
76.5,29.99297313,-41.05668436,52034.36417,152.0142562,34.74443811,52.77654389
76.6,29.99294766,-41.05946493,52097.50969,152.0307558,34.70059074,52.80465129
76.7,29.99292211,-41.06224913,52160.50307,152.0471917,34.65676659,52.83281246
76.8,29.99289648,-41.06503696,52223.34407,152.0635639,34.6129656,52.86079682
76.9,29.99287077,-41.06782841,52286.03244,152.0797817,34.56911813,52.88877157
77,29.99284499,-41.0706235,52348.56791,152.0961747,34.52536331,52.91674823
77.1,29.99281913,-41.07342224,52410.95023,152.1123551,34.48163146,52.94466332
77.2,29.99279319,-41.07622461,52473.17915,152.1285299,34.43785306,52.97245368
77.3,29.99276717,-41.07903064,52535.25441,152.1447306,34.39416702,53.00024567
77.4,29.99274107,-41.08184033,52597.17574,152.1607772,34.35043436,53.02802843
77.5,29.9927149,-41.08465367,52658.94289,152.1768494,34.30679388,53.05581266
77.6,29.99268864,-41.08747068,52720.55559,152.1927674,34.26310673,53.08335698
77.7,29.9926623,-41.09029135,52782.01359,152.2088592,34.21951156,53.11101801
77.8,29.99263589,-41.0931157,52843.3166,152.224797,34.17586967,53.13855465
77.9,29.99260939,-41.09594373,52904.46438,152.2406702,34.13225035,53.16614522
78,29.99258282,-41.09877544,52965.45664,152.2564789,34.08865352,53.19355878
78.1,29.99255616,-41.10161085,53026.29313,152.2723118,34.04514829,53.22108876
78.2,29.99252943,-41.10444994,53086.97357,152.2879908,34.00159624,53.24849459
78.3,29.99250261,-41.10729273,53147.49769,152.3037536,33.95806652,53.27583884
78.4,29.99247571,-41.11013923,53207.86522,152.3194515,33.91455906,53.30312148
78.5,29.99244873,-41.11298943,53268.07588,152.3350842,33.8710738,53.33034249
78.6,29.99242167,-41.11584334,53328.1294,152.3506519,33.82761068,53.35761742
78.7,29.99239452,-41.11870097,53388.02551,152.3660662,33.7841007,53.38476863
78.8,29.9923673,-41.12156233,53447.76392,152.3816521,33.74068173,53.41192032
78.9,29.99233999,-41.12442741,53507.34435,152.3971726,33.69728472,53.43901033
79,29.9923126,-41.12729622,53566.76653,152.4126276,33.65390962,53.46603862
79.1,29.99228512,-41.13016877,53626.03018,152.4279294,33.61048757,53.49305905
79.2,29.99225757,-41.13304506,53685.135,152.4432533,33.56715614,53.51996396
79.3,29.99222992,-41.1359251,53744.08072,152.45866,33.52384645,53.54692276
79.4,29.9922022,-41.13880889,53802.86706,152.4737651,33.48048974,53.57375824
79.5,29.99217439,-41.14169643,53861.49372,152.4889532,33.43715472,53.60064777
79.6,29.9921465,-41.14458774,53919.96042,152.5043111,33.39390996,53.62742136
79.7,29.99211852,-41.14748282,53978.26686,152.5193675,33.35061812,53.65418751
79.8,29.99209046,-41.15038166,54036.41276,152.5345065,33.30734779,53.68089197
79.9,29.99206231,-41.15328428,54094.39783,152.5495796,33.26409892,53.70753472
80,29.99203408,-41.15619069,54152.22177,152.5645866,33.22087146,53.73411574
80.1,29.99200576,-41.15910088,54209.88428,152.5796137,33.1777338,53.76081187
80.2,29.99197735,-41.16201486,54267.38508,152.5944019,33.13448052,53.78720831
80.3,29.99194886,-41.16493264,54324.72386,152.6093588,33.09131693,53.81371984
80.4,29.99192029,-41.16785422,54381.90033,152.6242492,33.04817452,53.84028541
80.5,29.99189162,-41.17077961,54438.91418,152.639073,33.00505324,53.86667334
80.6,29.99186287,-41.1737088,54495.76513,152.653979,32.96195303,53.8931153
80.7,29.99183403,-41.17664182,54552.45285,152.668584,32.91880557,53.91943478
80.8,29.99180511,-41.17957866,54608.97705,152.6833566,32.87574736,53.9457531
80.9,29.9917761,-41.18251932,54665.33743,152.6979771,32.83264187,53.97194904
81,29.991747,-41.18546382,54721.53368,152.7127647,32.78962545,53.99825957
81.1,29.99171781,-41.18841216,54777.56549,152.7272516,32.7465617,54.02444784
81.2,29.99168853,-41.19136434,54833.43255,152.7418204,32.70351876,54.05057432
81.3,29.99165917,-41.19432036,54889.13455,152.7564069,32.66056463,54.07669919
81.4,29.99162971,-41.19728024,54944.67119,152.7708415,32.6175631,54.10270192
81.5,29.99160017,-41.20024398,55000.04214,152.7853577,32.57458222,54.12875882
81.6,29.99157053,-41.20321158,55055.24709,152.7998067,32.53162193,54.15475385
81.7,29.99154081,-41.20618305,55110.28574,152.8141885,32.48868218,54.18068699
81.8,29.991511,-41.2091584,55165.15775,152.8285029,32.44576291,54.20667429
81.9,29.99148109,-41.21213762,55219.86282,152.8426659,32.4027962,54.23253988
82,29.9914511,-41.21512073,55274.40062,152.8569942,32.35991777,54.2584034
82.1,29.99142101,-41.21810773,55328.77084,152.8712549,32.31705965,54.28420494
82.2,29.99139084,-41.22109862,55382.97314,152.8855129,32.27415405,54.30988491
82.3,29.99136057,-41.22409341,55437.00721,152.8995548,32.23126872,54.33561916
82.4,29.99133021,-41.22709211,55490.87273,152.9137612,32.18847133,54.36135097
82.5,29.99129976,-41.23009472,55544.56936,152.9278164,32.14562638,54.38707758
82.6,29.99126921,-41.23310125,55598.09678,152.9418038,32.10280155,54.41262606
82.7,29.99123858,-41.2361117,55651.45466,152.9558721,32.0599968,54.43822882
82.8,29.99120785,-41.23912608,55704.64267,152.9698725,32.01721206,54.46376962
82.9,29.99117702,-41.24214439,55757.66048,152.9838049,31.97444729,54.48924843
83,29.99114611,-41.24516664,55810.50775,152.9976692,31.93170244,54.51478152
83.1,29.9911151,-41.24819283,55863.18415,153.0116141,31.88897745,54.54025261
83.2,29.99108399,-41.25122297,55915.68935,153.0254907,31.84627228,54.56566165
83.3,29.99105279,-41.25425706,55968.02301,153.0392168,31.80351945,54.59094981
83.4,29.9910215,-41.25729512,56020.18478,153.0531056,31.76085378,54.61635113
83.5,29.99099011,-41.26033714,56072.17434,153.0668439,31.71814041,54.64163168
83.6,29.99095863,-41.26338313,56123.99133,153.0805139,31.67544672,54.66685025
83.7,29.99092705,-41.26643309,56175.63542,153.0941973,31.63283994,54.69218176
83.8,29.99089538,-41.26948704,56227.10626,153.1078791,31.5901854,54.71739266
83.9,29.99086361,-41.27254498,56278.40351,153.1213436,31.54755039,54.74254152
84,29.99083174,-41.27560691,56329.52682,153.1350369,31.50493484,54.76762831
84.1,29.99079977,-41.27867284,56380.47583,153.1485128,31.46233871,54.7927695
84.2,29.99076771,-41.28174277,56431.25021,153.1619876,31.41969481,54.81779042
84.3,29.99073556,-41.28481671,56481.8496,153.1754747,31.3771374,54.84280746
84.4,29.9907033,-41.28789467,56532.27365,153.1888929,31.33459926,54.8678789
84.5,29.99067095,-41.29097665,56582.52201,153.2023101,31.29201329,54.89283021
84.6,29.9906385,-41.29406265,56632.59431,153.2156585,31.24944654,54.91771948
84.7,29.99060595,-41.29715269,56682.49021,153.2290184,31.20696597,54.9426045
84.8,29.9905733,-41.30024677,56732.20934,153.2423774,31.16443751,54.96748616
84.9,29.99054055,-41.30334489,56781.75134,153.2555187,31.12192814,54.9923057
85,29.9905077,-41.30644705,56831.11586,153.2688882,31.07943779,55.01717979
85.1,29.99047476,-41.30955328,56880.30253,153.2820398,31.03696643,55.04187504
85.2,29.99044171,-41.31266356,56929.31099,153.295191,30.99444717,55.06656733
85.3,29.99040856,-41.31577791,56978.14088,153.3083528,30.95201367,55.09125497
85.4,29.99037532,-41.31889634,57026.79181,153.3214451,30.909599,55.11599714
85.5,29.99034197,-41.32201884,57075.26344,153.3345372,30.86713637,55.14061981
85.6,29.99030852,-41.32514542,57123.55538,153.3475599,30.82469255,55.16518035
85.7,29.99027497,-41.3282761,57171.66727,153.3605923,30.78233416,55.18985271
85.8,29.99024131,-41.33141087,57219.59874,153.3736247,30.73992777,55.21428886
85.9,29.99020756,-41.33454974,57267.3494,153.3865874,30.69754003,55.23889651
86,29.9901737,-41.33769272,57314.91889,153.3994805,30.6551709,55.2633251
86.1,29.99013974,-41.34083982,57362.30683,153.4122252,30.61275375,55.28775149
86.2,29.99010568,-41.34399103,57409.51284,153.4251276,30.57042173,55.31217256
86.3,29.99007151,-41.34714636,57456.53653,153.4379601,30.52810817,55.33653134
86.4,29.99003724,-41.35030583,57503.37754,153.4507931,30.48574654,55.36088812
86.5,29.99000287,-41.35346944,57550.03547,153.4635562,30.44340335,55.38518273
86.6,29.98996839,-41.35663718,57596.50994,153.4763276,30.40114497,55.40958866
86.7,29.9899338,-41.35980908,57642.80056,153.4889508,30.35883846,55.43375877
86.8,29.98989912,-41.36298513,57688.90695,153.5016527,30.31655025,55.45810071
86.9,29.98986432,-41.36616534,57734.82872,153.5142069,30.27421393,55.48220703
87,29.98982942,-41.36934972,57780.56547,153.5269174,30.23196218,55.50642451
87.1,29.98979442,-41.37253827,57826.11682,153.539409,30.18972859,55.53057969
87.2,29.98975931,-41.375731,57871.48237,153.5519016,30.14744683,55.55461642
87.3,29.98972409,-41.37892791,57916.66173,153.5645501,30.10524942,55.57876412
87.4,29.98968876,-41.38212902,57961.65449,153.577051,30.06300383,55.60279347
87.5,29.98965333,-41.38533432,58006.46027,153.5894816,30.02077625,55.62676056
87.6,29.98961779,-41.38854382,58051.07866,153.6018418,29.97856665,55.65078256
87.7,29.98958214,-41.39175754,58095.50925,153.6142804,29.93637498,55.67474227
87.8,29.98954638,-41.39497547,58139.75166,153.6266484,29.89420119,55.69875691
87.9,29.98951052,-41.39819762,58183.80546,153.6390181,29.85197918,55.72265359
88,29.98947454,-41.401424,58227.67026,153.651245,29.80984105,55.74654359
88.1,29.98943846,-41.40465461,58271.34565,153.6636225,29.76765467,55.7703157
88.2,29.98940227,-41.40788947,58314.83122,153.6758567,29.72555202,55.79419828
88.3,29.98936596,-41.41112857,58358.12656,153.6880929,29.68340108,55.81796307
88.4,29.98932955,-41.41437192,58401.23125,153.7002583,29.6412678,55.84178293
88.5,29.98929303,-41.41761953,58444.14488,153.7125017,29.59915215,55.86554045
88.6,29.98925639,-41.42087141,58486.86703,153.7244499,29.55698821,55.88918045
88.7,29.98921965,-41.42412756,58529.39729,153.7367004,29.5149077,55.91293074
88.8,29.98918279,-41.42738799,58571.73524,153.7486558,29.47277887,55.9365636
88.9,29.98914582,-41.4306527,58613.88045,153.7607644,29.43073332,55.9601891
89,29.98910873,-41.4339217,58655.83251,153.7728755,29.38863941,55.98381479
89.1,29.98907154,-41.437195,58697.59098,153.7847668,29.34656292,56.00737814
89.2,29.98903423,-41.44047261,58739.15545,153.7967358,29.30450378,56.0309967
89.3,29.98899681,-41.44375452,58780.52548,153.8087826,29.26246198,56.05443527
89.4,29.98895927,-41.44704075,58821.70065,153.8205347,29.22037179,56.07799206
89.5,29.98892162,-41.4503313,58862.68052,153.8324391,29.17836452,56.10142345
89.6,29.98888386,-41.45362618,58903.46466,153.8443466,29.13630885,56.12485557
89.7,29.98884598,-41.4569254,58944.05264,153.8561829,29.09427037,56.14834304
89.8,29.98880799,-41.46022896,58984.44402,153.867948,29.05224905,56.17165044
89.9,29.98876988,-41.46353686,59024.63836,153.8796417,29.01024485,56.19501317
90,29.98873165,-41.46684913,59064.63522,153.8914129,28.96825771,56.21843125
90.1,29.98869331,-41.47016575,59104.43417,153.9031877,28.92622214,56.24173279
90.2,29.98865485,-41.47348675,59144.03475,153.9148161,28.88426903,56.26502606
90.3,29.98861627,-41.47681212,59183.43653,153.9264481,28.84226746,56.28820284
90.4,29.98857758,-41.48014187,59222.63906,153.9381575,28.80028284,56.3114351
90.5,29.98853877,-41.48347601,59261.64188,153.9497954,28.75831513,56.33472286
90.6,29.98849984,-41.48681454,59300.44456,153.9613618,28.71636428,56.35794822
90.7,29.98846079,-41.49015748,59339.04663,153.9728566,28.67443025,56.38111116
90.8,29.98842163,-41.49350482,59377.44764,153.9843555,28.63244772,56.40415797
90.9,29.98838234,-41.49685659,59415.64714,153.9958558,28.59054723,56.42731398
91,29.98834294,-41.50021277,59453.64467,154.0073603,28.5485982,56.45035396
91.1,29.98830341,-41.50357338,59491.43977,154.0187932,28.50666588,56.47344958
91.2,29.98826377,-41.50693843,59529.03199,154.0303031,28.46475022,56.49648279
91.3,29.988224,-41.51030791,59566.42085,154.0415924,28.42285118,56.51957165
91.4,29.98818411,-41.51368185,59603.60589,154.0530353,28.38090359,56.54254481
91.5,29.9881441,-41.51706025,59640.58665,154.0643298,28.33903769,56.56550881
91.6,29.98810397,-41.5204431,59677.36266,154.0756291,28.2971232,56.58847533
91.7,29.98806372,-41.52383043,59713.93344,154.0870053,28.25522522,56.61137947
91.8,29.98802335,-41.52722224,59750.29854,154.0981609,28.21334369,56.63422118
91.9,29.98798285,-41.53061852,59786.45746,154.1093933,28.17147858,56.65711867
92,29.98794223,-41.5340193,59822.40974,154.120631,28.12956488,56.67990085
92.1,29.98790148,-41.53742458,59858.1549,154.1318682,28.08773251,56.70279172
92.2,29.98786061,-41.54083436,59893.69246,154.142962,28.04585152,56.7255674
92.3,29.98781962,-41.54424865,59929.02194,154.1541325,28.00398683,56.74839901
92.4,29.9877785,-41.54766746,59964.14285,154.1652311,27.96213839,56.77116821
92.5,29.98773725,-41.5510908,59999.05471,154.1762575,27.92030618,56.79387497
92.6,29.98769588,-41.55451866,60033.75703,154.1872896,27.87842533,56.81658524
92.7,29.98765439,-41.55795107,60068.24932,154.1983986,27.83656067,56.83923315
92.8,29.98761277,-41.56138803,60102.5311,154.2093573,27.79477692,56.86198945
92.9,29.98757102,-41.56482954,60136.60186,154.2204708,27.75294448,56.88463099
93,29.98752914,-41.56827561,60170.46112,154.2312928,27.71106339,56.90715795
93.1,29.98748713,-41.57172625,60204.10837,154.2422619,27.66926307,56.92979322
93.2,29.987445,-41.57518146,60237.54312,154.2531586,27.62747873,56.95236601
93.3,29.98740274,-41.57864126,60270.76486,154.2640617,27.58564569,56.97494295
93.4,29.98736035,-41.58210565,60303.7731,154.2748925,27.5438286,56.99745752
93.5,29.98731783,-41.58557464,60336.56732,154.2857999,27.50202742,57.02002834
93.6,29.98727518,-41.58904823,60369.14702,154.2966349,27.46024212,57.04253674
93.7,29.9872324,-41.59252643,60401.51169,154.3073279,27.41840809,57.06493101
93.8,29.98718949,-41.59600925,60433.66082,154.3180974,27.37658991,57.08738165
93.9,29.98714645,-41.5994967,60465.5939,154.328864,27.33485203,57.1098215
94,29.98710328,-41.60298878,60497.3104,154.3396375,27.29306538,57.13226612
94.1,29.98705998,-41.60648551,60528.80982,154.3502694,27.25123,57.15459692
94.2,29.98701654,-41.60998688,60560.09163,154.360898,27.20947477,57.17703562
94.3,29.98697297,-41.61349291,60591.15531,154.371534,27.16767078,57.19936061
94.4,29.98692927,-41.61700361,60622.00033,154.3820976,27.12588244,57.22162325
94.5,29.98688543,-41.62051897,60652.62617,154.3927375,27.08410971,57.24394243
94.6,29.98684147,-41.62403902,60683.03231,154.4033049,27.04235255,57.26619923
94.7,29.98679736,-41.62756375,60713.2182,154.4137996,27.00061091,57.2885126
94.8,29.98675312,-41.63109317,60743.18332,154.4243022,26.95882048,57.31071259
94.9,29.98670875,-41.6346273,60772.92714,154.4348812,26.91704556,57.33296929
95,29.98666424,-41.63816614,60802.44911,154.4453875,26.87528608,57.35516367
95.1,29.9866196,-41.64170969,60831.74878,154.4324427,26.92989773,57.32564803
95.2,29.98657482,-41.64525797,60860.82662,154.3788237,27.15054147,57.2068846
95.3,29.9865299,-41.648811,60889.6847,154.2916122,27.50299636,57.01594059
95.4,29.98648484,-41.65236879,60918.32641,154.1759722,27.96025722,56.76644805
95.5,29.98643965,-41.65593137,60946.75623,154.0354799,28.5006676,56.46853375
95.6,29.98639432,-41.65949875,60974.97954,153.8729212,29.10692602,56.13024313
95.7,29.98634885,-41.66307098,61003.00242,153.690279,29.76547651,55.75769163
95.8,29.98630323,-41.66664806,61030.83155,153.4890197,30.46527061,55.35572853
95.9,29.98625748,-41.67023004,61058.4741,153.2701472,31.19772194,54.92809812
96,29.98621159,-41.67381693,61085.9376,153.0347101,31.95587481,54.47742793
96.1,29.98616556,-41.67740876,61113.22988,152.7830439,32.7341643,54.00616641
96.2,29.98611939,-41.68100556,61140.35901,152.515349,33.52817644,53.51553628
96.3,29.98607307,-41.68460734,61167.33332,152.2317983,34.33440477,53.00691032
96.4,29.98602661,-41.68821414,61194.16132,151.9324596,35.14999977,52.48084178
96.5,29.98598001,-41.69182597,61220.85171,151.6170667,35.97264978,51.93793297
96.6,29.98593327,-41.69544284,61247.41327,151.2856106,36.80052961,51.37837029
96.7,29.98588638,-41.69906479,61273.85482,150.9375316,37.63210369,50.80212195
96.8,29.98583934,-41.70269182,61300.18529,150.5725172,38.46613772,50.20908839
96.9,29.98579217,-41.70632395,61326.41367,150.1897522,39.30156431,49.59876685
97,29.98574485,-41.70996119,61352.54898,149.7891018,40.13756508,48.97091667
97.1,29.98569738,-41.71360356,61378.60024,149.41663,40.88144505,48.39699699
97.2,29.98564977,-41.71725105,61404.57553,149.1122667,41.46733867,47.93408678
97.3,29.98560201,-41.72090369,61430.48137,148.8657311,41.92859955,47.56271178
97.4,29.9855541,-41.72456148,61456.32291,148.6673635,42.29136216,47.26628969
97.5,29.98550605,-41.72822443,61482.10425,148.5088588,42.5761109,47.0306202
97.6,29.98545786,-41.73189254,61507.82862,148.3829551,42.79911727,46.84419998
97.7,29.98540951,-41.73556582,61533.49861,148.2836766,42.97326295,46.69761833
97.8,29.98536102,-41.73924429,61559.11625,148.2058229,43.10865006,46.58293098
97.9,29.98531238,-41.74292796,61584.68319,148.1453667,43.21335487,46.493901
98,29.98526359,-41.74661682,61610.20071,148.0986975,43.29367434,46.42518921
98.1,29.98521465,-41.7503109,61635.66985,148.0634562,43.3547125,46.3730342
98.2,29.98516556,-41.75401019,61661.09144,148.0369445,43.40043287,46.33381176
98.3,29.98511632,-41.75771472,61686.46612,148.0175996,43.43395677,46.30501079
98.4,29.98506693,-41.76142448,61711.79443,148.0039853,43.45778975,46.28454145
98.5,29.98501739,-41.7651395,61737.07677,147.9947163,43.47397313,46.27054113
98.6,29.9849677,-41.76885977,61762.31349,147.9891933,43.48408006,46.2618266
98.7,29.98491786,-41.77258532,61787.50486,147.986495,43.48937109,46.25724804
98.8,29.98486786,-41.77631614,61812.65109,147.9862392,43.49087161,46.25599406
98.9,29.98481771,-41.78005225,61837.75235,147.987567,43.48929211,46.25728398
99,29.98476741,-41.78379367,61862.80878,147.9903654,43.48534355,46.26079453
99.1,29.98471695,-41.78754039,61887.8205,147.9943409,43.47942119,46.2658896
99.2,29.98466634,-41.79129244,61912.7876,147.9991708,43.47199931,46.27223985
99.3,29.98461557,-41.79504982,61937.71015,148.0047395,43.46339424,46.27958779
99.4,29.98456465,-41.79881254,61962.58821,148.0108115,43.45384325,46.28782601
99.5,29.98451357,-41.80258061,61987.42184,148.0174492,43.44358353,46.29673281
99.6,29.98446233,-41.80635404,62012.21108,148.0243261,43.43269436,46.30615835
99.7,29.98441094,-41.81013285,62036.95597,148.0315334,43.42133383,46.31591674
99.8,29.98435939,-41.81391704,62061.65654,148.0388934,43.40958108,46.32597223
99.9,29.98430768,-41.81770663,62086.31281,148.0463772,43.39751519,46.3361748
100,29.98425581,-41.82150162,62110.92481,148.0540753,43.38529403,46.34679509
100.1,29.98420378,-41.82530203,62135.49256,148.0617195,43.37283887,46.35741251
100.2,29.98415159,-41.82910786,62160.01608,148.0696979,43.36030745,46.36818335
100.3,29.98409924,-41.83291914,62184.49539,148.0774445,43.34762105,46.37902964
100.4,29.98404673,-41.83673586,62208.9305,148.085496,43.3349373,46.38999333
100.5,29.98399406,-41.84055804,62233.32144,148.0934649,43.32209868,46.40091842
100.6,29.98394122,-41.8443857,62257.66822,148.1014409,43.30926277,46.41184679
100.7,29.98388823,-41.84821883,62281.97085,148.1094539,43.29635086,46.42281468
100.8,29.98383507,-41.85205746,62306.22935,148.1174741,43.28344168,46.4339001
100.9,29.98378174,-41.8559016,62330.44373,148.1255016,43.27053524,46.44498884
101,29.98372825,-41.85975124,62354.61402,148.1335362,43.25763154,46.4559667
101.1,29.9836746,-41.86360642,62378.74021,148.1415781,43.24473057,46.46706208
101.2,29.98362078,-41.86746713,62402.82233,148.1495082,43.2317537,46.47796874
101.3,29.98356679,-41.8713334,62426.8604,148.1575645,43.21885821,46.48907079
101.4,29.98351264,-41.87520522,62450.85442,148.1654791,43.20596545,46.50006197
101.5,29.98345831,-41.87908261,62474.80442,148.1735498,43.19307541,46.51105649
101.6,29.98340383,-41.88296559,62498.71041,148.1814788,43.18018809,46.52205433
101.7,29.98334917,-41.88685416,62522.5724,148.1894149,43.16730349,46.5330555
101.8,29.98329434,-41.89074834,62546.39041,148.1973583,43.15442161,46.54394582
101.9,29.98323934,-41.89464814,62570.16445,148.2053089,43.14154245,46.55483947
102,29.98318418,-41.89855357,62593.89455,148.2131176,43.12866599,46.56573646
102.1,29.98312884,-41.90246464,62617.58072,148.2210522,43.11587074,46.57671444
102.2,29.98307333,-41.90638136,62641.22297,148.2289938,43.10307816,46.58758154
102.3,29.98301765,-41.91030375,62664.82132,148.2369426,43.09028826,46.59845193
102.4,29.98296179,-41.91423181,62688.3758,148.2447494,43.07750102,46.60921143
102.5,29.98290577,-41.91816556,62711.88641,148.2525633,43.06471646,46.62008843
102.6,29.98284956,-41.92210502,62735.35318,148.2603844,43.05193456,46.63085454
102.7,29.98279319,-41.92605018,62758.77612,148.2681818,43.03923371,46.64158731
102.8,29.98273664,-41.93000107,62782.15526,148.275868,43.02645712,46.65236002
102.9,29.98267991,-41.9339577,62805.4906,148.2836795,43.01376154,46.66309933
103,29.982623,-41.93792007,62828.78218,148.291498,43.00106859,46.67384192
103.1,29.98256592,-41.94188821,62852.03,148.2992927,42.98845659,46.68455103
103.2,29.98250866,-41.94586212,62875.2341,148.3069761,42.97576886,46.69518597
103.3,29.98245123,-41.94984182,62898.39448,148.3147847,42.96316205,46.70590156
103.4,29.98239361,-41.95382731,62921.51117,148.322482,42.95047954,46.71654302
103.5,29.98233582,-41.95781861,62944.58419,148.3301554,42.9378779,46.72715093
103.6,29.98227784,-41.96181574,62967.61357,148.3378356,42.92527885,46.73776208
103.7,29.98221968,-41.9658187,62990.59931,148.3454917,42.9127606,46.7483396
103.8,29.98216135,-41.96982751,63013.54145,148.3531857,42.90016668,46.75895721
103.9,29.98210282,-41.97384218,63036.44,148.3608555,42.88765353,46.76954114
104,29.98204412,-41.97786272,63059.29499,148.3682651,42.87506473,46.77993687
104.1,29.98198523,-41.98188915,63082.10644,148.3759485,42.86255667,46.79052723
104.2,29.98192616,-41.98592147,63104.87437,148.3836074,42.8501293,46.80108383
104.3,29.98186691,-41.98995971,63127.59881,148.3911553,42.83762629,46.81145225
104.4,29.98180747,-41.99400387,63150.27978,148.39871,42.8251258,46.82193803
104.5,29.98174784,-41.99805397,63172.91729,148.4062401,42.81270595,46.83239
104.6,29.98168803,-42.00211002,63195.51139,148.4137769,42.80028859,46.84284514
104.7,29.98162803,-42.00617203,63218.06208,148.4213204,42.78787373,46.85318928
104.8,29.98156784,-42.01024002,63240.5694,148.4288707,42.77546135,46.8635366
104.9,29.98150746,-42.014314,63263.03337,148.4362785,42.76305146,46.87388708
105,29.98144689,-42.01839398,63285.45402,148.4438105,42.75072209,46.88431778
105.1,29.98138619,-42.02247614,63307.81034,148.4513491,42.73839516,46.89463745
105.2,29.98132539,-42.02655825,63330.09006,148.4586279,42.72599269,46.90499741
105.3,29.98126449,-42.0306403,63352.29316,148.4661798,42.71367068,46.91532337
105.4,29.98120349,-42.0347223,63374.41965,148.473621,42.70127315,46.92557551
105.5,29.98114239,-42.03880424,63396.46954,148.481069,42.6888781,46.93583084
105.6,29.98108119,-42.04288613,63418.44281,148.4884917,42.67656345,46.94628041
105.7,29.98101989,-42.04696796,63440.33948,148.495953,42.66417332,46.95654207
105.8,29.98095849,-42.05104974,63462.15955,148.503421,42.65178566,46.96680691
105.9,29.98089699,-42.05513147,63483.90301,148.5108637,42.63947836,46.97715179
106,29.98083539,-42.05921314,63505.56986,148.518345,42.62709562,46.98742298
106.1,29.98077369,-42.06329477,63527.16012,148.5256839,42.61471534,46.99781151
106.2,29.9807119,-42.06737636,63548.67378,148.5331786,42.60233752,47.00808907
106.3,29.98065,-42.07145792,63570.11085,148.5973172,42.48863885,47.10235135
106.4,29.980588,-42.07553944,63591.47124,148.757653,42.20049582,47.33960822
106.5,29.9805259,-42.07962092,63612.75476,148.9903923,41.77283875,47.68700311
106.6,29.9804637,-42.08370238,63633.96112,149.276077,41.23340298,48.11743643
106.7,29.9804014,-42.08778379,63655.08994,149.5987115,40.60420958,48.60925043
106.8,29.980339,-42.09186518,63676.1408,149.9453219,39.90249217,49.1448105
106.9,29.9802765,-42.09594653,63697.11321,150.3059437,39.14225785,49.71095438
107,29.9802139,-42.10002784,63718.00666,150.6731859,38.33461223,50.29697989
107.1,29.9801512,-42.10410911,63738.82058,151.0410181,37.48834255,50.89494915
107.2,29.9800884,-42.10819035,63759.55442,151.4053434,36.61071492,51.49882675
107.3,29.9800255,-42.11227155,63780.20756,151.7629497,35.70732305,52.10409757
107.4,29.97996249,-42.11635271,63800.77943,152.111538,34.78293703,52.70753052
107.5,29.97989939,-42.12043383,63821.26941,152.4497239,33.84113017,53.30649272
107.6,29.97983619,-42.1245149,63841.6769,152.7762074,32.88495774,53.89947247
107.7,29.97977289,-42.12859593,63862.00131,153.0905694,31.91685106,54.48518581
107.8,29.97970949,-42.13267691,63882.24203,153.3923401,30.93878629,55.06309213
107.9,29.97964599,-42.13675783,63902.39848,153.6813733,29.95231048,55.63250688
108,29.97958239,-42.14083871,63922.47007,153.9575486,28.9587622,56.19327162
108.1,29.97951869,-42.14491952,63942.45623,154.1936514,28.06604326,56.68695585
108.2,29.97945489,-42.14900027,63962.35647,154.3744828,27.35271933,57.07482732
108.3,29.97939099,-42.15308096,63982.17041,154.5141741,26.78237839,57.38096297
108.4,29.97932699,-42.15716158,64001.89775,154.6230434,26.32581092,57.62339977
108.5,29.97926289,-42.16124214,64021.53826,154.7083892,25.9599641,57.81622027
108.6,29.97919869,-42.16532263,64041.09178,154.7758502,25.66610817,57.970016
108.7,29.97913439,-42.16940304,64060.55818,154.8292965,25.42961555,58.09318641
108.8,29.97906999,-42.17348339,64079.93736,154.8721391,25.23867764,58.19225412
108.9,29.97900549,-42.17756366,64099.22925,154.9065161,25.08396687,58.27220545
109,29.97894089,-42.18164387,64118.43381,154.9343938,24.95801327,58.336939
109.1,29.97887619,-42.185724,64137.55101,154.9570602,24.85498151,58.38995775
109.2,29.97881139,-42.18980406,64156.58083,154.9757936,24.77008116,58.43337643
109.3,29.9787465,-42.19388404,64175.52325,154.9913238,24.69968002,58.46940963
109.4,29.9786815,-42.19796396,64194.37828,155.0042697,24.6407276,58.49955013
109.5,29.9786164,-42.2020438,64213.14592,155.015237,24.59087621,58.52488322
109.6,29.97855121,-42.20612357,64231.82618,155.024762,24.54828821,58.54653388
109.7,29.97848591,-42.21020327,64250.41907,155.0328162,24.51144489,58.56515459
109.8,29.97842051,-42.21428289,64268.92462,155.039992,24.47914501,58.58152306
109.9,29.97835502,-42.21836244,64287.34283,155.0464536,24.45050391,58.59593453
110,29.97828942,-42.22244193,64305.67373,155.052196,24.42476395,58.60890362
110.1,29.97822373,-42.22652133,64323.91734,155.0574911,24.40129418,58.62067978
110.2,29.97815793,-42.23060067,64342.07368,155.0624993,24.37965301,58.63153451
110.3,29.97809204,-42.23467994,64360.14278,155.0671464,24.35946212,58.64166685
110.4,29.97802605,-42.23875913,64378.12466,155.0714209,24.34040638,58.651203
110.5,29.97795995,-42.24283825,64396.01934,155.0755841,24.32229665,58.66024252
110.6,29.97789376,-42.24691731,64413.82685,155.0795387,24.30488106,58.66895983
110.7,29.97782747,-42.25099629,64431.54722,155.0835202,24.28809644,58.67742802
110.8,29.97776108,-42.2550752,64449.18046,155.0872834,24.27169116,58.68545969
110.9,29.97769458,-42.25915404,64466.72661,155.0908882,24.2557279,58.69346352
111,29.97762799,-42.26323281,64484.18568,155.0945988,24.24001798,58.70129925
111.1,29.9775613,-42.26731151,64501.55771,155.0982652,24.22456132,58.70896647
111.2,29.97749451,-42.27139013,64518.84272,155.1017653,24.20923217,58.71661376
111.3,29.97742762,-42.27546869,64536.04073,155.1051596,24.1940933,58.72404541
111.4,29.97736063,-42.27954718,64553.15177,155.1086855,24.17908185,58.73157767
111.5,29.97729354,-42.2836256,64570.17586,155.1121327,24.16413495,58.73892195
111.6,29.97722635,-42.28770395,64587.11302,155.1156503,24.1492526,58.74632017
111.7,29.97715907,-42.29178223,64603.96329,155.1190005,24.13449755,58.75369758
111.8,29.97709168,-42.29586044,64620.72668,155.1225094,24.1197442,58.76096133
111.9,29.97702419,-42.29993859,64637.40323,155.1258785,24.10499255,58.76823243
112,29.9769566,-42.30401666,64653.99294,155.1291684,24.09030537,58.7755572
112.1,29.97688892,-42.30809467,64670.49586,155.1326774,24.07568262,58.78281446
112.2,29.97682113,-42.3121726,64686.91199,155.1360465,24.06106154,58.79007898
112.3,29.97675325,-42.31625047,64703.24137,155.139425,24.04644212,58.79722964
112.4,29.97668526,-42.32032827,64719.48402,155.1428127,24.03182437,58.80450864
112.5,29.97661718,-42.32440601,64735.63995,155.1460606,24.01720828,58.81167378
112.6,29.97654899,-42.32848367,64751.7092,155.1494669,24.00259385,58.81884614
112.7,29.97648071,-42.33256127,64767.69179,155.1527936,23.9880438,58.82607187
112.8,29.97641233,-42.3366388,64783.58773,155.1561295,23.97349538,58.83330479
112.9,29.97634384,-42.34071626,64799.39706,155.1595638,23.95888592,58.84049882
113,29.97627526,-42.34479366,64815.11979,155.1629182,23.94434079,58.84762496
113.1,29.97620658,-42.34887099,64830.75594,155.1662818,23.92979731,58.85487947
113.2,29.9761378,-42.35294825,64846.30555,155.1695054,23.91525547,58.86201997
113.3,29.97606892,-42.35702544,64861.76862,155.1728874,23.90071526,58.86928886
113.4,29.97599994,-42.36110257,64877.14518,155.1762187,23.88611403,58.87639776
113.5,29.97593086,-42.36517964,64892.43525,155.1794699,23.8715771,58.88355983
113.6,29.97586168,-42.36925663,64907.63886,155.1828796,23.8570418,58.89072908
113.7,29.9757924,-42.37333356,64922.75603,155.1861493,23.84250813,58.89790551
113.8,29.97572302,-42.37741043,64937.78676,155.1894281,23.82797609,58.90508913
113.9,29.97565354,-42.38148723,64952.7311,155.1928655,23.81344567,58.91215864
114,29.97558397,-42.38556396,64967.58905,155.1961627,23.79891689,58.91935663
114.1,29.97551429,-42.38964063,64982.36064,155.1994692,23.78438973,58.9265618
114.2,29.97544451,-42.39371723,64997.04589,155.2027848,23.76986419,58.93365284
114.3,29.97537464,-42.39779377,65011.64482,155.2061096,23.75534027,58.94087239
114.4,29.97530466,-42.40187024,65026.15745,155.2092944,23.74081797,58.94797779
114.5,29.97523459,-42.40594665,65040.58379,155.2126376,23.7262973,58.95509036
114.6,29.97516441,-42.410023,65054.92388,155.21599,23.71177824,58.96221011
114.7,29.97509414,-42.41409928,65069.17772,155.2192023,23.69726079,58.96933704
114.8,29.97502376,-42.41817549,65083.34533,155.222573,23.68274496,58.97647115
114.9,29.97495329,-42.42225164,65097.42675,155.2258037,23.66823074,58.98361244
115,29.97488272,-42.42632773,65111.42198,155.2291928,23.65371814,58.99076092
115.1,29.97481205,-42.43040375,65125.33105,155.2324418,23.63920714,58.99791658
115.2,29.97474128,-42.43447971,65139.15396,155.2356999,23.62469775,59.004958
115.3,29.97467041,-42.43855561,65152.89076,155.2389673,23.61018997,59.01212803
115.4,29.97459944,-42.44263144,65166.54144,155.2422438,23.5956838,59.01918379
115.5,29.97452837,-42.44670721,65180.10603,155.2455294,23.58117922,59.02636819
115.6,29.9744572,-42.45078292,65193.58455,155.2488242,23.56667626,59.0334383
115.7,29.97438593,-42.45485856,65206.97702,155.2519789,23.55217489,59.04051559
115.8,29.97431456,-42.45893414,65220.28345,155.2552921,23.53767512,59.04772157
115.9,29.97424309,-42.46300966,65233.50386,155.2586143,23.52317695,59.05481322
116,29.97417153,-42.46708512,65246.63827,155.2617965,23.50868038,59.06191206
116.1,29.97409986,-42.47116051,65259.6867,155.2651371,23.4941854,59.06901807
116.2,29.97402809,-42.47523584,65272.64916,155.2683375,23.47969201,59.07600972
116.3,29.97395623,-42.47931111,65285.52567,155.2715471,23.46520022,59.08313009
116.4,29.97388426,-42.48338632,65298.31626,155.2749151,23.45071002,59.09025765
116.5,29.9738122,-42.48746147,65311.02093,155.278143,23.43622141,59.0973924
116.6,29.97374004,-42.49153655,65323.6397,155.28138,23.42173439,59.10441274
116.7,29.97366777,-42.49561157,65336.17259,155.2846262,23.40724895,59.11144025
116.8,29.97359541,-42.49968653,65348.61962,155.2878814,23.3927651,59.11859656
116.9,29.97352295,-42.50376143,65360.9808,155.2909379,23.37822041,59.12559329
117,29.97345039,-42.50783627,65373.25615,155.2942115,23.36373973,59.13264235
117.1,29.97337773,-42.51191105,65385.44568,155.2974942,23.34926064,59.13982026
117.2,29.97330497,-42.51598577,65397.54942,155.3006367,23.33478312,59.14688369
117.3,29.97323211,-42.52006043,65409.56737,155.3039377,23.32030718,59.1539543
117.4,29.97315915,-42.52413502,65421.49956,155.3070984,23.30583281,59.1609104
117.5,29.97308609,-42.52820956,65433.34599,155.3104176,23.29136002,59.16799537
117.6,29.97301293,-42.53228403,65445.10669,155.3135966,23.27688881,59.17508753
117.7,29.97293968,-42.53635845,65456.78167,155.3167847,23.26241917,59.18218687
117.8,29.97286632,-42.5404328,65468.37094,155.3199819,23.24795109,59.18917166
117.9,29.97279286,-42.5445071,65479.87453,155.3231883,23.23348459,59.19628538
118,29.97271931,-42.54858134,65491.29244,155.3264037,23.21901965,59.20328452
118.1,29.97264565,-42.55265551,65502.62468,155.3296283,23.20455629,59.21041262
118.2,29.9725719,-42.55672963,65513.87129,155.3328619,23.19009448,59.21742612
118.3,29.97249805,-42.56080369,65525.03226,155.3361047,23.17563424,59.2244468
118.4,29.97242409,-42.56487769,65536.10762,155.3391491,23.16111325,59.23142988
118.5,29.97235004,-42.56895163,65547.09737,155.3424101,23.14665613,59.23846493
118.6,29.97227589,-42.57302551,65558.00154,155.3455308,23.13220058,59.24550718
118.7,29.97220164,-42.57709933,65568.82013,155.34881,23.11774659,59.2525566
118.8,29.97212729,-42.58117309,65579.55316,155.351949,23.10329415,59.25961322
118.9,29.97205284,-42.5852468,65590.20065,155.3552463,23.08884327,59.26667702
119,29.97197829,-42.58932044,65600.76261,155.3584034,23.07439394,59.27362612
119.1,29.97190364,-42.59339403,65611.23905,155.3615118,23.05988389,59.28065968
119.2,29.97182889,-42.59746756,65621.62998,155.3646871,23.04543768,59.28774506
119.3,29.97175404,-42.60154103,65631.93542,155.3678715,23.03099301,59.29471572
119.4,29.9716791,-42.60561445,65642.15538,155.371065,23.01654989,59.30169355
119.5,29.97160405,-42.6096878,65652.28988,155.3742675,23.00210831,59.30880051
119.6,29.97152891,-42.6137611,65662.33893,155.3774215,22.98760604,59.31574822
119.7,29.97145366,-42.61783434,65672.30253,155.3804929,22.97316756,59.32274762
119.8,29.97137832,-42.62190753,65682.18071,155.3837227,22.95873063,59.3297542
119.9,29.97130287,-42.62598066,65691.97348,155.3868122,22.94429523,59.33676797
120,29.97122733,-42.63005372,65701.68084,155.3900601,22.92986137,59.34378892
120.1,29.97115169,-42.63412674,65711.30282,155.3931103,22.91536685,59.35077268
120.2,29.97107595,-42.63819969,65720.83942,155.3963764,22.90093607,59.35780803
120.3,29.97100011,-42.64227259,65730.29065,155.3995022,22.88650683,59.36472853
120.4,29.97092417,-42.64634544,65739.65654,155.4025798,22.87201694,59.37173395
120.5,29.97084813,-42.65041822,65748.93708,155.4057237,22.85759077,59.37879089
120.6,29.97077199,-42.65449095,65758.13229,155.4088767,22.84316614,59.38573295
120.7,29.97069575,-42.65856362,65767.24219,155.4120387,22.82874303,59.39280428
120.8,29.97061941,-42.66263624,65776.26678,155.4151527,22.81425929,59.39971649
120.9,29.97054297,-42.6667088,65785.20607,155.4183328,22.79983925,59.40668011
121,29.97046644,-42.67078131,65794.06008,155.421465,22.78535858,59.41360675
121.1,29.9703898,-42.67485376,65802.82883,155.4245139,22.77094159,59.42070691
121.2,29.97031307,-42.67892615,65811.51231,155.4277213,22.75652612,59.42769212
121.3,29.97023623,-42.68299849,65820.11054,155.4307313,22.74205005,59.43464042
121.4,29.9701593,-42.68707077,65828.62353,155.4339567,22.72763763,59.44151785
121.5,29.97008227,-42.691143,65837.0513,155.4370418,22.71322673,59.44852464
121.6,29.97000513,-42.69521517,65845.39384,155.4400791,22.69875524,59.4554946
121.7,29.9699279,-42.69928729,65853.65119,155.4433317,22.68434738,59.46251579
121.8,29.96985057,-42.70335935,65861.82333,155.4463872,22.66987894,59.46937798
121.9,29.96977314,-42.70743136,65869.91029,155.4495085,22.65547411,59.47641359
122,29.96969561,-42.71150331,65877.91207,155.4525821,22.64100872,59.48329021
122.1,29.96961798,-42.71557521,65885.82869,155.4557215,22.62660692,59.49034023
122.2,29.96954026,-42.71964706,65893.66015,155.4588133,22.61214456,59.4972313
122.3,29.96946243,-42.72371885,65901.40647,155.4619707,22.59774578,59.50429574
122.4,29.9693845,-42.72779058,65909.06765,155.4649312,22.58328646,59.51120126
122.5,29.96930648,-42.73186226,65916.6437,155.4681067,22.56889069,59.51815781
122.6,29.96922835,-42.73593389,65924.13463,155.4712348,22.5544344,59.52507777
122.7,29.96915013,-42.74000546,65931.54046,155.4742225,22.53997961,59.53200497
122.8,29.9690718,-42.74407698,65938.86119,155.4774252,22.52558837,59.53898315
122.9,29.96899338,-42.74814845,65946.09683,155.480431,22.51113661,59.5459248
123,29.96891486,-42.75221986,65953.24739,155.4835023,22.49674837,59.55279501
123.1,29.96883623,-42.75629122,65960.31288,155.4865263,22.48229961,59.55975112
123.2,29.96875751,-42.76036252,65967.29331,155.4897088,22.46785237,59.56671448
123.3,29.96867869,-42.76443377,65974.18868,155.4928071,22.45346863,59.57360629
123.4,29.96859977,-42.76850497,65980.99901,155.4958583,22.43902439,59.58058411
123.5,29.96852076,-42.77257612,65987.72431,155.4989185,22.42458165,59.58744674
123.6,29.96844164,-42.77664721,65994.36457,155.5019878,22.41014042,59.59443906
123.7,29.96836242,-42.78071825,66000.91982,155.5049728,22.39576266,59.6013597
123.8,29.9682831,-42.78478924,66007.39005,155.5080602,22.38132442,59.60824402
123.9,29.96820369,-42.78886017,66013.77528,155.5111566,22.36688768,59.61513558
124,29.96812417,-42.79293106,66020.07552,155.5141127,22.35245243,59.62203437
124.1,29.96804456,-42.79700188,66026.29077,155.5172832,22.33808063,59.62910636
124.2,29.96796484,-42.80107266,66032.42103,155.5202573,22.32364837,59.6358971
124.3,29.96788503,-42.80514339,66038.46633,155.52339,22.3092176,59.6428176
124.4,29.96780512,-42.80921406,66044.42666,155.5263822,22.29478832,59.64974535
124.5,29.96772511,-42.81328468,66050.30204,155.5293835,22.28036053,59.65668035
124.6,29.967645,-42.81735525,66056.09247,155.5325433,22.26593423,59.6636226
124.7,29.96756479,-42.82142577,66061.79795,155.5355627,22.25150942,59.67044951
124.8,29.96748448,-42.82549623,66067.4185,155.5385911,22.23708609,59.67740626
124.9,29.96740407,-42.82956665,66072.95412,155.5416286,22.22266425,59.68424765
125,29.96732356,-42.83363701,66078.40482,155.5446751,22.20824389,59.6912189
125.1,29.96724295,-42.83770732,66083.77061,155.5477307,22.19382501,59.69807477
125.2,29.96716225,-42.84177758,66089.05149,155.5506458,22.17940762,59.70493788
125.3,29.96708144,-42.84584779,66094.24747,155.5537194,22.1649917,59.71180823
125.4,29.96700054,-42.84991795,66099.35855,155.5568021,22.15057726,59.7188085
125.5,29.96691953,-42.85398805,66104.38475,155.5597443,22.13616429,59.72569336
125.6,29.96683843,-42.85805811,66109.32607,155.562845,22.1217528,59.73258545
125.7,29.96675723,-42.86212811,66114.18251,155.5658053,22.10734278,59.7394848
125.8,29.96667592,-42.86619807,66118.95408,155.568924,22.09293424,59.7463914
125.9,29.96659452,-42.87026797,66123.64079,155.5719023,22.07852716,59.7531825
126,29.96651302,-42.87433782,66128.24264,155.5748345,22.06405973,59.76006061
126.1,29.96643142,-42.87840762,66132.75964,155.5778308,22.0496556,59.76698898
126.2,29.96634972,-42.88247738,66137.19179,155.5808362,22.03525294,59.77380183
126.3,29.96626793,-42.88654708,66141.53911,155.5838507,22.02085174,59.78074472
126.4,29.96618603,-42.89061673,66145.80159,155.5868741,22.006452,59.78757205
126.5,29.96610403,-42.89468633,66149.97924,155.5898515,21.99199194,59.79448658
126.6,29.96602194,-42.89875588,66154.07207,155.592893,21.97759513,59.80132844
126.7,29.96593974,-42.90282539,66158.08008,155.5959435,21.96319979,59.80817754
126.8,29.96585745,-42.90689484,66162.00328,155.5989481,21.94874413,59.81511395
126.9,29.96577506,-42.91096424,66165.84167,155.6018671,21.9343517,59.82197759
127,29.96569256,-42.91503359,66169.59525,155.6048899,21.91989897,59.82880572
127.1,29.96560997,-42.9191029,66173.26404,155.6078269,21.90550946,59.83568388
127.2,29.96552728,-42.92317215,66176.84803,155.6109225,21.89112141,59.8425693
127.3,29.96544449,-42.92724136,66180.34724,155.6138228,21.87667306,59.84941929
127.4,29.9653616,-42.93131051,66183.76166,155.6167869,21.86228792,59.85631924
127.5,29.96527861,-42.93537962,66187.0913,155.6198549,21.84784249,59.86306088
127.6,29.96519552,-42.93944868,66190.33616,155.622837,21.83346025,59.86997537
127.7,29.96511234,-42.94351768,66193.49626,155.6257735,21.81901773,59.87685454
127.8,29.96502905,-42.94758664,66196.57158,155.6287192,21.80457667,59.88361804
127.9,29.96494567,-42.95165555,66199.56215,155.6317283,21.79019878,59.89055437
128,29.96486218,-42.95572442,66202.46795,155.634692,21.77576063,59.89733244
128.1,29.9647786,-42.95979323,66205.289,155.6375152,21.76132393,59.90424084
128.2,29.96469492,-42.963862,66208.02529,155.6405513,21.74695036,59.91107598
128.3,29.96461113,-42.96793071,66210.67684,155.6435421,21.73251656,59.91787594
128.4,29.96452725,-42.97199938,66213.24364,155.646542,21.71808421,59.9246832
128.5,29.96444327,-42.976068,66215.72571,155.6494556,21.70371497,59.93154015
128.6,29.96435919,-42.98013657,66218.12303,155.6524735,21.6892855,59.93848509
128.7,29.96427501,-42.9842051,66220.43562,155.6553509,21.67485748,59.94531426
128.8,29.96419074,-42.98827357,66222.66348,155.6582373,21.66043091,59.95202761
128.9,29.96410636,-42.992342,66224.80661,155.6612824,21.64600577,59.95887139
129,29.96402188,-42.99641038,66226.86502,155.6641869,21.63158208,59.96572248
129.1,29.96393731,-43.00047871,66228.8387,155.6671004,21.61715983,59.97258089
129.2,29.96385263,-43.004547,66230.72766,155.670077,21.60280063,59.97948885
129.3,29.96376786,-43.00861524,66232.53191,155.6730086,21.58838125,59.98623869
129.4,29.96368298,-43.01268343,66234.25144,155.6759492,21.5739633,59.99311903
129.5,29.96359801,-43.01675157,66235.88626,155.6788988,21.55954679,59.99988348
129.6,29.96351294,-43.02081966,66237.43637,155.6818575,21.54513171,60.00677846
129.7,29.96342777,-43.02488771,66238.90178,155.6847714,21.53065647,60.01351542
129.8,29.9633425,-43.02895571,66240.28248,155.6875986,21.51624425,60.02030182
129.9,29.96325713,-43.03302366,66241.57847,155.6905844,21.50183347,60.02721879
130,29.96317166,-43.03709157,66242.78977,155.6935792,21.48742412,60.03401983
130.1,29.9630861,-43.04115943,66243.91662,154.9491158,25.23798088,58.15701068
130.2,29.96300043,-43.04522726,66244.96027,154.2422224,28.1966997,56.58405701
130.3,29.96291466,-43.04929506,66245.92201,153.5997522,30.53070234,55.27330017
130.4,29.9628288,-43.05336284,66246.80289,153.0340469,32.37219575,54.18844535
130.5,29.96274283,-43.0574306,66247.60379,152.5474198,33.82547259,53.29656695
130.6,29.96265677,-43.06149834,66248.32543,152.136183,34.97234578,52.56798382
130.7,29.9625706,-43.06556607,66248.96836,151.7937352,35.87755594,51.97640614
130.8,29.96248434,-43.06963379,66249.53304,151.5118619,36.591802,51.49870905
130.9,29.96239797,-43.0737015,66250.01984,151.2818387,37.15511967,51.11461818
131,29.96231151,-43.07776919,66250.42902,151.0957577,37.59904804,50.80739791
131.1,29.96222495,-43.08183687,66250.76082,150.9463309,37.94850527,50.56261774
131.2,29.96213828,-43.08590454,66251.0154,150.8267785,38.22301395,50.36823697
131.3,29.96205152,-43.0899722,66251.19293,150.7321391,38.43826269,50.21474996
131.4,29.96196466,-43.09403985,66251.29349,150.6574132,38.60648142,50.09404223
131.5,29.96187769,-43.09810749,66251.3172,150.5989521,38.73740356,49.99970579
131.6,29.96179063,-43.10217512,66251.26411,150.5534081,38.83869512,49.92644994
131.7,29.96170347,-43.10624274,66251.13428,150.5184985,38.91656263,49.86994648
131.8,29.96161621,-43.11031034,66250.92776,150.4918488,38.97571952,49.82688142
131.9,29.96152885,-43.11437794,66250.64459,150.4718253,39.02010119,49.79447868
132,29.96144139,-43.11844552,66250.28478,150.4573891,39.0527786,49.77074932
132.1,29.96135383,-43.1225131,66249.84838,150.4470827,39.07609723,49.75370388
132.2,29.96126616,-43.12658067,66249.33538,150.4402905,39.09204099,49.74203999
132.3,29.9611784,-43.13064822,66248.74581,150.4361195,39.1020815,49.73476696
132.4,29.96109054,-43.13471577,66248.07968,150.4340099,39.10739764,49.73072937
132.5,29.96100258,-43.1387833,66247.33699,150.4337499,39.10909594,49.72961743
132.6,29.96091452,-43.14285083,66246.51776,150.4346886,39.10776683,49.73051247
132.7,29.96082637,-43.14691834,66245.62199,150.436837,39.10414884,49.7332094
132.8,29.96073811,-43.15098585,66244.64969,150.4398271,39.09861145,49.73714912
132.9,29.96064975,-43.15505335,66243.60085,150.4435029,39.09167188,49.74225703
133,29.96056129,-43.15912083,66242.47548,150.4477338,39.08355197,49.74828935
133.1,29.96047273,-43.16318831,66241.27359,150.4523893,39.07447354,49.75488799
133.2,29.96038407,-43.16725578,66239.99517,150.4573386,39.06465833,49.76203744
133.3,29.96029531,-43.17132324,66238.64023,150.4626444,39.05425424,49.7696513
133.4,29.96020646,-43.17539069,66237.20876,150.467964,39.04333527,49.77757228
133.5,29.9601175,-43.17945813,66235.70078,150.4736149,39.03212295,49.78578449
133.6,29.96002844,-43.18352556,66234.11627,150.4793424,39.02054368,49.79421746
133.7,29.95993929,-43.18759298,66232.45524,150.4853138,39.00881883,49.80285508
133.8,29.95985003,-43.1916604,66230.7177,150.4911689,38.99680103,49.81144191
133.9,29.95976067,-43.1957278,66228.90363,150.4972244,38.98471156,49.82030438
134,29.95967122,-43.1997952,66227.01304,150.5032252,38.97247676,49.82925769
134.1,29.95958166,-43.20386259,66225.04594,150.5094268,38.9601704,49.83825833
134.2,29.959492,-43.20792997,66223.00232,150.5155298,38.94779249,49.84719212
134.3,29.95940225,-43.21199734,66220.88217,150.5215787,38.93526943,49.85621706
134.4,29.95931239,-43.2160647,66218.68551,150.5278896,38.92282223,49.86543065
134.5,29.95922244,-43.22013205,66216.41233,150.533997,38.91022994,49.87439277
134.6,29.95913238,-43.2241994,66214.06264,150.5401115,38.89763989,49.88358731
134.7,29.95904223,-43.22826673,66211.63642,150.546233,38.88505207,49.8926715
134.8,29.95895198,-43.23233406,66209.13369,150.5525113,38.87246648,49.90187386
134.9,29.95886162,-43.23640139,66206.55443,150.5586916,38.85980954,49.91100969
135,29.95877117,-43.2404687,66203.89866,150.5648791,38.84715485,49.92014949
135.1,29.95868061,-43.244536,66201.16638,150.5710738,38.83450241,49.9294075
135.2,29.95858996,-43.2486033,66198.35757,150.5772755,38.82185222,49.93855521
135.3,29.95849921,-43.25267059,66195.47224,150.5834845,38.80920428,49.94770688
135.4,29.95840836,-43.25673787,66192.5104,150.5897454,38.79648507,49.95690644
135.5,29.9583174,-43.26080515,66189.47204,150.5959686,38.78384162,49.96606605
135.6,29.95822635,-43.26487242,66186.35716,150.6020943,38.77112693,49.97515933
135.7,29.9581352,-43.26893968,66183.16576,150.6083318,38.75848799,49.98444115
135.8,29.95804395,-43.27300693,66179.89784,150.6144719,38.74577782,49.99354242
135.9,29.95795259,-43.27707417,66176.55341,150.6206191,38.73306991,50.00276197
136,29.95786114,-43.28114141,66173.13245,150.6267735,38.72036426,50.01187125
136.1,29.95776959,-43.28520864,66169.63498,150.6331894,38.70773429,50.02105471
136.2,29.95767794,-43.28927587,66166.06099,150.6393583,38.69503314,50.03028626
136.3,29.95758619,-43.29334308,66162.41048,150.6455343,38.68233425,50.03940754
136.4,29.95749434,-43.29741029,66158.68345,150.6515678,38.66963761,50.04853282
136.5,29.95740239,-43.3014775,66154.87991,150.6576538,38.65686985,50.05759203
136.6,29.95731034,-43.30554469,66150.99984,150.6638515,38.64417772,50.06672535
136.7,29.95721819,-43.30961188,66147.04326,150.6700563,38.63148785,50.07597697
136.8,29.95712594,-43.31367907,66143.01015,150.6762684,38.61880021,50.08511831
136.9,29.95703359,-43.31774624,66138.90053,150.6824876,38.60611482,50.09426367
137,29.95694114,-43.32181342,66134.71439,150.6884601,38.59335837,50.10334305
137.1,29.95684859,-43.32588058,66130.45173,150.6946938,38.58067748,50.11249645
137.2,29.95675594,-43.32994774,66126.11255,150.7007849,38.56799882,50.12165386
137.3,29.95666319,-43.33401489,66121.69686,150.7069288,38.55524914,50.13063107
137.4,29.95657034,-43.33808204,66117.20464,150.7131841,38.54257497,50.13979652
137.5,29.95647739,-43.34214918,66112.63591,150.7191928,38.52982979,50.14889612
137.6,29.95638435,-43.34621631,66107.99065,150.7253127,38.5171601,50.15806962
137.7,29.9562912,-43.35028344,66103.26888,150.7314856,38.50441942,50.16717731
137.8,29.95619795,-43.35435056,66098.47059,150.7376199,38.49175419,50.17624457
137.9,29.9561046,-43.35841768,66093.59577,150.7436575,38.47901801,50.18536035
138,29.95601115,-43.36248479,66088.64444,150.7498521,38.46628407,50.19448019
138.1,29.95591761,-43.36655189,66083.61659,150.7559042,38.45355238,50.20348979
138.2,29.95582396,-43.37061899,66078.51222,150.7620673,38.44089609,50.21268748
138.3,29.95573021,-43.37468609,66073.33133,150.7681339,38.42816888,50.22170517
138.4,29.95563637,-43.37875318,66068.07392,150.7742077,38.41544391,50.23084124
138.5,29.95554242,-43.38282026,66062.73999,150.7802887,38.40272118,50.23986705
138.6,29.95544837,-43.38688734,66057.32954,150.786377,38.39000069,50.24901124
138.7,29.95535423,-43.39095441,66051.84257,150.7924725,38.37728244,50.25804517
138.8,29.95525998,-43.39502148,66046.27908,150.7985752,38.36456643,50.26708317
138.9,29.95516563,-43.39908854,66040.63907,150.8046852,38.35185264,50.27612523
139,29.95507119,-43.4031556,66034.92254,150.8108024,38.33914109,50.28528567
139.1,29.95497664,-43.40722266,66029.12949,150.816777,38.32643177,50.29433586
139.2,29.954882,-43.41128971,66023.25992,150.8228053,38.31365166,50.3033206
139.3,29.95478725,-43.41535675,66017.31383,150.8289443,38.3009468,50.31237894
139.4,29.95469241,-43.41942379,66011.29122,150.8349406,38.28824417,50.32144134
139.5,29.95459746,-43.42349083,66005.19209,150.8410939,38.27554377,50.3305078
139.6,29.95450242,-43.42755786,65999.01644,150.8471513,38.26277261,50.33950891
139.7,29.95440727,-43.43162488,65992.76426,150.8531694,38.25007666,50.34858353
139.8,29.95431203,-43.43569191,65986.43557,150.8592413,38.23730998,50.35759284
139.9,29.95421668,-43.43975892,65980.03036,150.8652738,38.22461847,50.36667561
140,29.95412124,-43.44382594,65973.54862,150.8712105,38.21185625,50.37569312
140.1,29.95402569,-43.44789295,65966.99036,150.8774072,38.19916918,50.38466972
140.2,29.95393005,-43.45195996,65960.35559,150.8833584,38.18641143,50.39369543
140.3,29.95383431,-43.45602696,65953.64429,150.8894198,38.17372879,50.40279452
140.4,29.95373846,-43.46009396,65946.85647,150.8953855,38.16097549,50.41171409
140.5,29.95364252,-43.46416095,65939.99213,150.9013585,38.14822442,50.42075212
140.6,29.95354648,-43.46822794,65933.05126,150.9074415,38.13554843,50.42986346
140.7,29.95345033,-43.47229493,65926.03388,150.913429,38.1228018,50.43879535
140.8,29.95335409,-43.47636191,65918.93997,150.9194238,38.11005739,50.4478457
140.9,29.95325775,-43.48042889,65911.76954,150.9254258,38.09731522,50.45678581
141,29.9531613,-43.48449587,65904.52259,150.9314351,38.08457526,50.46573004
141.1,29.95306476,-43.48856284,65897.19912,150.9374517,38.07183752,50.47479274
141.2,29.95296812,-43.49262982,65889.79912,150.9434755,38.059102,50.48374519
141.3,29.95287137,-43.49669678,65882.32261,150.9495066,38.04636869,50.49270176
141.4,29.95277453,-43.50076375,65874.76957,150.9553951,38.0336376,50.50177681
141.5,29.95267759,-43.50483071,65867.14001,150.9614407,38.02090872,50.51074162
141.6,29.95258055,-43.50889767,65859.43392,150.9674936,38.00818206,50.51971054
141.7,29.95248341,-43.51296462,65851.65131,150.9734039,37.9954576,50.52868358
141.8,29.95238616,-43.51703158,65843.79218,150.9793689,37.98266265,50.53759179
141.9,29.95228882,-43.52109853,65835.85653,150.9852937,37.96994262,50.54657309
142,29.95219138,-43.52516547,65827.84435,150.9913756,37.95722479,50.55555851
142.1,29.95209384,-43.52923242,65819.75565,150.9972127,37.94443651,50.56447916
142.2,29.9519962,-43.53329936,65811.59043,151.0033091,37.93172309,50.57347284
142.3,29.95189845,-43.5373663,65803.34868,151.0092629,37.91901187,50.58247064
142.4,29.95180061,-43.54143324,65795.03041,151.0151219,37.90623024,50.59140374
142.5,29.95170267,-43.54550018,65786.63562,151.0210902,37.89352342,50.60040981
142.6,29.95160463,-43.54956711,65778.1643,151.0271136,37.88074621,50.60923683
142.7,29.95150649,-43.55363404,65769.61646,151.0329945,37.86797121,50.61818241
142.8,29.95140825,-43.55770097,65760.99209,151.0389846,37.855271,50.62720089
142.9,29.95130991,-43.5617679,65752.2912,151.04488,37.84250042,50.63604039
143,29.95121147,-43.56583482,65743.51379,151.0507828,37.82973205,50.64499844
143.1,29.95111293,-43.56990175,65734.65985,151.0567946,37.81703841,50.65402933
143.2,29.95101428,-43.57396867,65725.72939,151.0627119,37.80427445,50.66288131
143.3,29.95091554,-43.57803559,65716.7224,151.0684866,37.79151268,50.67185185
143.4,29.9508167,-43.58210251,65707.63889,151.0744185,37.77875313,50.68071216
143.5,29.95071776,-43.58616943,65698.47885,151.0803577,37.76599577,50.68957663
143.6,29.95061872,-43.59023634,65689.24228,151.0863042,37.75324062,50.69855968
143.7,29.95051958,-43.59430326,65679.92919,151.0921081,37.74048766,50.70743249
143.8,29.95042034,-43.59837017,65670.53958,151.0980691,37.7277369,50.71630947
143.9,29.950321,-43.60243708,65661.07344,151.1040375,37.71498833,50.72530504
144,29.95022156,-43.60650399,65651.53077,151.1098632,37.70224196,50.73419036
144.1,29.95012202,-43.6105709,65641.91158,151.1158461,37.68949778,50.74307985
144.2,29.95002238,-43.61463781,65632.21586,151.1216864,37.67675579,50.75197351
144.3,29.94992264,-43.61870472,65622.44362,151.1275339,37.66401599,50.76087135
144.4,29.9498228,-43.62277163,65612.59485,151.1334374,37.65120601,50.76970497
144.5,29.94972286,-43.62683854,65602.66955,151.1392995,37.63847059,50.77861117
144.6,29.94962282,-43.63090544,65592.66773,151.1451689,37.62573735,50.78752154
144.7,29.94952268,-43.63497235,65582.58938,151.1510944,37.61293396,50.79636777
144.8,29.94942244,-43.63903925,65572.4345,151.1569784,37.6002051,50.80528651
144.9,29.9493221,-43.64310616,65562.20309,151.1627685,37.58740611,50.81402671
145,29.94922166,-43.64717306,65551.89516,151.1686671,37.57468161,50.82295383
145.1,29.94912112,-43.65123996,65541.5107,151.1744719,37.561887,50.83181688
145.2,29.94902048,-43.65530687,65531.04971,151.180385,37.54916686,50.84075237
145.3,29.94891975,-43.65937377,65520.5122,151.1862044,37.53637663,50.84950939
145.4,29.94881891,-43.66344067,65509.89815,151.1921321,37.52366084,50.85845325
145.5,29.94871797,-43.66750757,65499.20758,151.1979661,37.51087499,50.8672187
145.6,29.94861693,-43.67157448,65488.44048,151.2036576,37.49809133,50.87610281
145.7,29.94851579,-43.67564138,65477.59685,151.2095063,37.48530985,50.88487669
145.8,29.94841455,-43.67970828,65466.6767,151.215463,37.47260276,50.89383732
145.9,29.94831321,-43.68377519,65455.68001,151.2213264,37.45982564,50.90261962
146,29.94821177,-43.68784209,65444.6068,151.2270471,37.44705071,50.9115206
146.1,29.94811023,-43.69190899,65433.45705,151.232925,37.43427795,50.92031134
146.2,29.94800859,-43.6959759,65422.23078,151.2386603,37.42150738,50.9291063
146.3,29.94790685,-43.7000428,65410.92797,151.2445529,37.40873898,50.93790548
146.4,29.94780501,-43.70410971,65399.54864,151.2503029,37.39597276,50.94682335
146.5,29.94770307,-43.70817662,65388.09278,151.2562101,37.38320872,50.95563098
146.6,29.94760103,-43.71224352,65376.56039,151.2619746,37.37044685,50.96444283
146.7,29.9474989,-43.71631043,65364.95146,151.2677465,37.35768714,50.97325891
146.8,29.94739666,-43.72037734,65353.26601,151.2734253,37.34485754,50.98201134
146.9,29.94729432,-43.72444425,65341.50403,151.2793618,37.33210218,50.99083589
147,29.94719188,-43.72851116,65329.66551,151.2851556,37.31934899,50.99966466
147.1,29.94708934,-43.73257807,65317.75046,151.2909567,37.30659797,51.00849766
147.2,29.9469867,-43.73664499,65305.75889,151.2966649,37.29377708,51.01715261
147.3,29.94688396,-43.7407119,65293.69078,151.3024807,37.28103039,51.02599408
147.4,29.94678112,-43.74477882,65281.54614,151.3082036,37.26821386,51.03477204
147.5,29.94667818,-43.74884574,65269.32497,151.3140339,37.2554715,51.04362199
147.6,29.94657514,-43.75291265,65257.02726,151.3197715,37.24265932,51.05229398
147.7,29.946472,-43.75697957,65244.65303,151.3256165,37.22992127,51.0611524
147.8,29.94636876,-43.7610465,65232.20226,151.3312188,37.21711343,51.0699474
147.9,29.94626542,-43.76511342,65219.67496,151.3370783,37.2043797,51.0786998
148,29.94616199,-43.76918035,65207.07113,151.3428453,37.19157619,51.08750333
148.1,29.94605845,-43.77324727,65194.39076,151.3484696,37.17877486,51.09619662
148.2,29.94595481,-43.7773142,65181.63386,151.3543511,37.16604759,51.10507626
148.3,29.94585107,-43.78138113,65168.80043,151.3601401,37.15325058,51.11377808
148.4,29.94574723,-43.78544807,65155.89046,151.3657864,37.14045574,51.12248416
148.5,29.94564329,-43.789515,65142.90396,151.3714401,37.12766305,51.13130904
148.6,29.94553925,-43.79358194,65129.84093,151.3772511,37.11487253,51.14002367
148.7,29.94543511,-43.79764888,65116.70136,151.3829195,37.10208417,51.14874258
148.8,29.94533087,-43.80171582,65103.48526,151.3887452,37.08929797,51.15746576
148.9,29.94522653,-43.80578276,65090.19262,151.3944283,37.07651393,51.16619321
149,29.94512209,-43.80984971,65076.82345,151.4001186,37.06373204,51.17492494
149.1,29.94501755,-43.81391666,65063.37774,151.4058164,37.0509523,51.18366094
149.2,29.94491291,-43.81798361,65049.8555,151.4115214,37.03817472,51.19240122
149.3,29.94480817,-43.82205057,65036.25672,151.4172338,37.02539928,51.20114578
149.4,29.94470333,-43.82611753,65022.58141,151.4229535,37.012626,51.20989461
149.5,29.94459839,-43.83018449,65008.82956,151.4286805,36.99985485,51.21864772
149.6,29.94449335,-43.83425145,64995.00117,151.4343156,36.98701413,51.22733785
149.7,29.94438821,-43.83831842,64981.09625,151.4400573,36.97424729,51.23609954
149.8,29.94428297,-43.84238538,64967.11479,151.4458063,36.96148259,51.2448655
149.9,29.94417763,-43.84645236,64953.0568,151.4514635,36.94864834,51.253454
150,29.94407219,-43.85051933,64938.92227,151.4572272,36.93588793,51.26222855
150.1,29.94396665,-43.85458631,64924.7112,151.4627491,36.92305799,51.27094022
150.2,29.94386101,-43.85865329,64910.42359,151.4685275,36.91030186,51.27960879
150.3,29.94375527,-43.86272028,64896.05945,151.4742142,36.89747622,51.28832909
150.4,29.94364943,-43.86678727,64881.61877,151.4798571,36.88472437,51.29700624
150.5,29.94354349,-43.87085426,64867.10155,151.4855586,36.87190302,51.30573517
150.6,29.94343745,-43.87492126,64852.50779,151.4911173,36.85908383,51.31435385
150.7,29.9433313,-43.87898826,64837.8375,151.4969323,36.84633839,51.32304388
150.8,29.94322506,-43.88305526,64823.09066,151.5025058,36.83352348,51.33178576
150.9,29.94311872,-43.88712227,64808.26729,151.5080867,36.82071072,51.3404174
151,29.94301228,-43.89118928,64793.36738,151.5139236,36.80797167,51.34912031
151.1,29.94290574,-43.89525629,64778.39092,151.5195192,36.79516319,51.35776057
151.2,29.9427991,-43.89932331,64763.33793,151.5251221,36.78235685,51.36640516
151.3,29.94269236,-43.90339033,64748.2084,151.5307324,36.76955264,51.37516865
151.4,29.94258552,-43.90745736,64733.00233,151.53635,36.75675058,51.38382189
151.5,29.94247857,-43.91152439,64717.71971,151.541975,36.74395065,51.39247945
151.6,29.94237153,-43.91559143,64702.36056,151.5476074,36.73115286,51.40114134
151.7,29.94226439,-43.91965847,64686.92487,151.5532471,36.7183572,51.40980756
151.8,29.94215715,-43.92372551,64671.41263,151.5588941,36.70556367,51.41836351
151.9,29.9420498,-43.92779256,64655.82386,151.5645486,36.69277226,51.42703838
152,29.94194236,-43.93185962,64640.15854,151.5701121,36.67991155,51.43565084
152.1,29.94183482,-43.93592667,64624.41668,151.5757812,36.66712441,51.44433439
152.2,29.94172718,-43.93999374,64608.59828,151.5813076,36.6543394,51.45302228
152.3,29.94161943,-43.9440608,64592.70333,151.5869915,36.64155651,51.46159988
152.4,29.94151159,-43.94812788,64576.73185,151.5925846,36.62870435,51.47022976
152.5,29.94140365,-43.95219495,64560.68382,151.598133,36.61592572,51.47881604
152.6,29.94129561,-43.95626204,64544.55925,151.603839,36.6031492,51.48752127
152.7,29.94118746,-43.96032912,64528.35813,151.6093041,36.59030343,51.49616423
152.8,29.94107922,-43.96439622,64512.08047,151.6150247,36.57753116,51.50476352
152.9,29.94097087,-43.96846331,64495.72627,151.6205046,36.56468966,51.51330059
153,29.94086243,-43.97253042,64479.29552,151.6260899,36.55192161,51.52202319
153.1,29.94075389,-43.97659752,64462.78823,151.6317347,36.53908437,51.53056898
153.2,29.94064524,-43.98066464,64446.20439,151.6372368,36.52624925,51.53911915
153.3,29.9405365,-43.98473176,64429.54401,151.642844,36.51348756,51.54785479
153.4,29.94042765,-43.98879888,64412.80709,151.6483609,36.50065669,51.55641369
153.5,29.94031871,-43.99286601,64395.99362,151.6538851,36.48782794,51.56497696
153.6,29.94020966,-43.99693315,64379.1036,151.6595145,36.47507258,51.573611
153.7,29.94010052,-44.00100029,64362.13704,151.6650535,36.46224807,51.582183
153.8,29.93999127,-44.00506744,64345.09393,151.6705998,36.44942568,51.59075938
153.9,29.93988193,-44.00913459,64327.97427,151.6761536,36.43660541,51.59934014
154,29.93977248,-44.01320175,64310.77807,151.6817148,36.42378726,51.60792527
154.1,29.93966294,-44.01726891,64293.50532,151.6872833,36.41097122,51.61651478
154.2,29.93955329,-44.02133608,64276.15603,151.6928593,36.3981573,51.62510867
154.3,29.93944355,-44.02540326,64258.73019,151.6982924,36.38534549,51.63370694
154.4,29.9393337,-44.02947044,64241.22779,151.7038831,36.37253579,51.64219492
154.5,29.93922375,-44.03353763,64223.64886,151.7094812,36.3597282,51.65080194
154.6,29.93911371,-44.03760483,64205.99337,151.7149365,36.34692272,51.65941335
154.7,29.93900356,-44.04167203,64188.26133,151.7205493,36.33411935,51.66791446
154.8,29.93889331,-44.04573924,64170.45275,151.7259222,36.32124696,51.67646849
154.9,29.93878296,-44.04980646,64152.56762,151.7315497,36.3084478,51.68509306
155,29.93867252,-44.05387368,64134.60593,151.7370346,36.29565074,51.69360733
155.1,29.93856197,-44.05794091,64116.56767,151.7810709,36.18490163,51.76734113
155.2,29.93845132,-44.06200814,64098.45278,151.7787283,36.19221377,51.76254497
155.3,29.93834057,-44.06607538,64080.2613,151.7779796,36.19540861,51.76046449
155.4,29.93822973,-44.07014263,64061.99322,151.7783865,36.19526661,51.76044734
155.5,29.93811878,-44.07420989,64043.64857,151.7798661,36.19249775,51.76223513
155.6,29.93800773,-44.07827715,64025.22733,151.7822395,36.18774122,51.76550399
155.7,29.93789658,-44.08234442,64006.72953,151.7852942,36.18128131,51.76983005
155.8,29.93778533,-44.0864117,63988.15515,151.7886148,36.17347335,51.77485538
155.9,29.93767398,-44.09047898,63969.50421,151.792536,36.16467258,51.78079548
156,29.93756253,-44.09454627,63950.77671,151.7968986,36.15509222,51.78716035
156.1,29.93745098,-44.09861357,63931.97265,151.1168854,35.6316475,50.62225094
156.2,29.93733933,-44.10268088,63913.09222,149.3426765,36.31783365,47.54372293
156.3,29.93722758,-44.10674819,63894.13632,147.9389575,36.81469877,45.07130819
156.4,29.93711573,-44.11081551,63875.10583,146.8357284,37.18308967,43.10335831
156.5,29.93700378,-44.11488284,63856.00152,145.9736456,37.46394007,41.54998346
156.6,29.93689174,-44.11895017,63836.82396,145.3039248,37.68479168,40.33406303
156.7,29.9367796,-44.1230175,63817.57367,144.7872138,37.86419721,39.390863
156.8,29.93666737,-44.12708484,63798.25104,144.3917445,38.0146542,38.66706994
156.9,29.93655504,-44.13115218,63778.85639,144.092576,38.14472738,38.1190018
157,29.93644262,-44.13521953,63759.38998,143.8693197,38.25999974,37.71120999
157.1,29.9363301,-44.13928687,63739.85204,143.7061594,38.3643472,37.41470618
157.2,29.93621749,-44.14335422,63720.24275,143.590341,38.46043014,37.20661277
157.3,29.93610479,-44.14742156,63700.56223,143.5118761,38.55004733,37.06810442
157.4,29.93599199,-44.15148891,63680.81063,143.4625951,38.63427502,36.98419818
157.5,29.93587911,-44.15555626,63660.98803,143.436136,38.71397556,36.94302071
157.6,29.93576613,-44.1596236,63641.09452,143.4275367,38.78979552,36.93491273
157.7,29.93565306,-44.16369095,63621.13017,143.4327202,38.86216415,36.95248411
157.8,29.93553989,-44.16775829,63601.09504,143.448438,38.93136564,36.98962872
157.9,29.93542664,-44.17182564,63580.98919,143.472265,38.99753826,37.04151585
158,29.93531329,-44.17589298,63560.81267,143.5021346,39.06104255,37.1044455
158.1,29.93519985,-44.17996033,63540.56551,143.5365997,39.1220191,37.17539658
158.2,29.93508631,-44.18402767,63520.24776,143.574374,39.18053533,37.25211918
158.3,29.93497269,-44.18809501,63499.85945,143.6144525,39.23680706,37.33290546
158.4,29.93485897,-44.19216235,63479.40062,143.656119,39.29097703,37.41627044
158.5,29.93474516,-44.19622969,63458.8713,143.6988213,39.34311448,37.50113974
158.6,29.93463126,-44.20029703,63438.27151,143.7422963,39.39343733,37.58680604
158.7,29.93451726,-44.20436437,63417.60129,143.7858636,39.44201588,37.67265211
158.8,29.93440318,-44.20843171,63396.86066,143.8295519,39.48899501,37.75829215
158.9,29.934289,-44.21249905,63376.04965,143.8730556,39.53444578,37.84329139
159,29.93417472,-44.21656639,63355.16828,143.9162787,39.5785139,37.92754341
159.1,29.93406036,-44.22063372,63334.2166,143.9591682,39.62127114,38.01089441
159.2,29.9339459,-44.22470106,63313.1946,144.0016297,39.66286396,38.09314422
159.3,29.93383135,-44.22876839,63292.10234,144.0437384,39.70336474,38.17442307
159.4,29.93371671,-44.23283573,63270.93982,144.0853166,39.74284609,38.25457824
159.5,29.93360197,-44.23690306,63249.70708,144.1264409,39.78138084,38.3336469
159.6,29.93348714,-44.24097039,63228.40414,144.1669756,39.81896742,38.41161793
159.7,29.93337222,-44.24503773,63207.03103,144.2071712,39.85582819,38.48862898
159.8,29.9332572,-44.24910506,63185.58777,144.2468938,39.891962,38.56467115
159.9,29.93314209,-44.25317239,63164.07438,144.2862646,39.92736772,38.63973566
160,29.93302689,-44.25723972,63142.4909,144.3251086,39.96211897,38.71395977
160.1,29.9329116,-44.26130705,63120.83734,144.3637231,39.99636437,38.78734082
160.2,29.93279621,-44.26537438,63099.11374,144.4017997,40.0299535,38.85986693
160.3,29.93268073,-44.26944171,63077.32012,144.4395966,40.06310999,38.93177943
160.4,29.93256516,-44.27350904,63055.4565,144.4770624,40.09568343,39.00287471
160.5,29.93244949,-44.27757636,63033.52291,144.5141998,40.12789779,39.07329984
160.6,29.93233373,-44.28164369,63011.51938,144.5511752,40.15967761,39.14309513
160.7,29.93221787,-44.28571102,62989.44593,144.5877266,40.19102228,39.21235235
160.8,29.93210193,-44.28977834,62967.3026,144.6240687,40.22200625,39.28102186
160.9,29.93198589,-44.29384567,62945.0894,144.6600691,40.25262903,39.34909927
161,29.93186975,-44.29791299,62922.80636,144.696074,40.28296524,39.41672972
161.1,29.93175352,-44.30198032,62900.45351,144.7316015,40.31293938,39.48385736
161.2,29.9316372,-44.30604764,62878.03088,144.7669083,40.34255096,39.55047822
161.3,29.93152079,-44.31011497,62855.53849,144.8021728,40.37194992,39.61669421
161.4,29.93140428,-44.31418229,62832.97637,144.8370814,40.40098553,39.68239636
161.5,29.93128768,-44.31824961,62810.34455,144.8719438,40.42980786,39.74778527
161.6,29.93117098,-44.32231693,62787.64306,144.9064449,40.45826603,39.81265352
161.7,29.93105419,-44.32638426,62764.87192,144.9408565,40.48658559,39.87725656
161.8,29.93093731,-44.33045158,62742.03116,144.975033,40.51454028,39.94133255
161.9,29.93082033,-44.3345189,62719.12081,145.0090245,40.54228044,40.00508427
162,29.93070326,-44.33858622,62696.14089,145.0429609,40.56980581,40.06850939
162.1,29.9305861,-44.34265354,62673.09145,145.076709,40.59711613,40.13150688
162.2,29.93046884,-44.34672086,62649.97249,145.1101741,40.62413565,40.19421695
162.3,29.93035149,-44.35078818,62626.78406,145.1434468,40.65093956,40.25649407
162.4,29.93023404,-44.3548555,62603.52618,145.1766578,40.67752758,40.31853369
162.5,29.9301165,-44.35892282,62580.19888,145.209673,40.70389948,40.38013544
162.6,29.92999887,-44.36299013,62556.80219,145.2424909,40.730055,40.44129659
162.7,29.92988114,-44.36705745,62533.33614,145.2751649,40.75614516,40.50222526
162.8,29.92976331,-44.37112477,62509.80076,145.3075443,40.78194289,40.56265304
162.9,29.9296454,-44.37519209,62486.19607,145.3399101,40.80767495,40.6229443
163,29.92952739,-44.3792594,62462.52212,145.3719776,40.83311409,40.68272975
163.1,29.92940928,-44.38332672,62438.77892,145.4039344,40.85841148,40.74221898
163.2,29.92929108,-44.38739404,62414.96651,145.4357795,40.88356696,40.80151033
163.3,29.92917279,-44.39146135,62391.08491,145.4673207,40.90842876,40.86028831
163.4,29.9290544,-44.39552867,62367.13417,145.498881,40.93314824,40.91886438
163.5,29.92893592,-44.39959598,62343.11431,145.5303256,40.95772522,40.97713666
163.6,29.92881734,-44.4036633,62319.02536,145.5613269,40.98200777,41.03508924
163.7,29.92869867,-44.40773061,62294.86735,145.5924779,41.00614742,41.09263325
163.8,29.9285799,-44.41179792,62270.64032,145.6233749,41.030144,41.14996829
163.9,29.92846104,-44.41586524,62246.34429,145.6540542,41.0539214,41.20703503
164,29.92834209,-44.41993255,62221.9793,145.6846488,41.07747937,41.26373038
164.1,29.92822304,-44.42399986,62197.54538,145.7151574,41.10081768,41.32015326
164.2,29.92810389,-44.42806717,62173.04257,145.7454436,41.12393611,41.37630173
164.3,29.92798465,-44.43213449,62148.47088,145.775641,41.14683442,41.43217383
164.4,29.92786532,-44.4362018,62123.83036,145.8056127,41.16951239,41.48766601
164.5,29.92774589,-44.44026911,62099.12104,145.8354928,41.19196979,41.54297941
164.6,29.92762637,-44.44433642,62074.34296,145.865144,41.2142064,41.59790875
164.7,29.92750675,-44.44840373,62049.49613,145.8947993,41.23629819,41.65261309
164.8,29.92738704,-44.45247104,62024.58061,145.9242231,41.2581688,41.70692937
164.9,29.92726723,-44.45653835,61999.59641,145.9536489,41.27989424,41.76111946
165,29.92714733,-44.46060565,61974.54359,145.9828405,41.30139812,41.81481538
165.1,29.92702733,-44.46467296,61949.42215,146.0117961,41.32268022,41.86832183
165.2,29.92690724,-44.46874027,61924.23215,146.0405142,41.34374031,41.9214321
165.3,29.92678705,-44.47280758,61898.97362,146.0693295,41.36473088,41.97436753
165.4,29.92666677,-44.47687488,61873.64659,146.0978047,41.38542276,42.02694531
165.5,29.92654639,-44.48094219,61848.25109,146.1262754,41.40596844,42.0791817
165.6,29.92642592,-44.48500949,61822.78716,146.1544664,41.42636779,42.13117799
165.7,29.92630535,-44.4890768,61797.25483,146.1825501,41.44654424,42.18287161
165.8,29.92618469,-44.4931441,61771.65414,146.2104889,41.46657405,42.23421873
165.9,29.92606393,-44.49721141,61745.98513,146.2383181,41.48638058,42.28525945
166,29.92594308,-44.50127871,61720.24783,146.2660001,41.50604016,42.33605356
166.1,29.92582213,-44.50534601,61694.44227,146.2934322,41.52547612,42.3864342
166.2,29.92570109,-44.50941332,61668.56849,146.3207146,41.54476481,42.4366686
166.3,29.92557995,-44.51348062,61642.62653,146.3479844,41.5639061,42.48654802
166.4,29.92545871,-44.51754792,61616.61643,146.3748622,41.58282327,42.53600838
166.5,29.92533738,-44.52161522,61590.53821,146.4018636,41.60159273,42.58531811
166.6,29.92521596,-44.52568252,61564.39192,146.4285727,41.62021437,42.63437198
166.7,29.92509444,-44.52974982,61538.17759,146.4551627,41.6386114,42.68300146
166.8,29.92497282,-44.53381711,61511.89526,146.4815964,41.6568603,42.73137176
166.9,29.92485111,-44.53788441,61485.54498,146.507873,41.67496096,42.77948149
167,29.9247293,-44.54195171,61459.12676,146.5338879,41.69283652,42.82726594
167.1,29.9246074,-44.546019,61432.64066,146.5598824,41.71056354,42.87478676
167.2,29.9244854,-44.5500863,61406.08671,146.5857164,41.72814192,42.92193772
167.3,29.9243633,-44.55415359,61379.46495,146.6113891,41.74557151,42.96892704
167.4,29.92424111,-44.55822088,61352.77541,146.6369348,41.7627754,43.01547956
167.5,29.92411883,-44.56228818,61326.01814,146.6621772,41.77983024,43.0618676
167.6,29.92399645,-44.56635547,61299.19318,146.6873946,41.79673591,43.10787958
167.7,29.92387397,-44.57042276,61272.30056,146.7124465,41.81349228,43.1536192
167.8,29.9237514,-44.57449005,61245.34032,146.7374719,41.83009926,43.19919059
167.9,29.92362873,-44.57855734,61218.31251,146.762225,41.8464798,43.24431676
168,29.92350596,-44.58262462,61191.21715,146.7869147,41.8627876,43.28923114
168.1,29.9233831,-44.58669191,61164.0543,146.8113296,41.8788687,43.33380267
168.2,29.92326014,-44.5907592,61136.824,146.8357145,41.89479991,43.3782007
168.3,29.92313709,-44.59482648,61109.52628,146.8597873,41.91058111,43.42221219
168.4,29.92301394,-44.59889376,61082.16118,146.8838284,41.9262122,43.46604772
168.5,29.92289069,-44.60296105,61054.72875,146.9078372,41.94169305,43.50949384
168.6,29.92276735,-44.60702833,61027.22903,146.9314245,41.95694653,43.5526957
168.7,29.92264391,-44.61109561,60999.66205,146.955084,41.97212659,43.59567742
168.8,29.92252038,-44.61516289,60972.02787,146.9785676,41.9871561,43.63826547
168.9,29.92239675,-44.61923016,60944.32652,147.0017673,42.00195786,43.68060516
169,29.92227302,-44.62329744,60916.55805,147.0250376,42.01668594,43.72272122
169.1,29.9221492,-44.62736472,60888.7225,147.0479874,42.03126316,43.76465301
169.2,29.92202528,-44.63143199,60860.8199,147.070792,42.04561226,43.80611897
169.3,29.92190127,-44.63549926,60832.85032,147.0936655,42.05988742,43.84746486
169.4,29.92177715,-44.63956653,60804.81378,147.1162157,42.07401143,43.88840887
169.5,29.92165295,-44.6436338,60776.71033,147.1386178,42.08790695,43.92909666
169.6,29.92152864,-44.64770107,60748.54002,147.1609447,42.1017283,43.96966143
169.7,29.92140424,-44.65176834,60720.30288,147.1830877,42.11539818,44.0098204
169.8,29.92127974,-44.6558356,60691.99898,147.2051884,42.1289165,44.04978697
169.9,29.92115515,-44.65990286,60663.62834,147.2269609,42.14228316,44.08945258
170,29.92103046,-44.66397013,60635.19101,147.2486895,42.15549807,44.12881598
170.1,29.92090567,-44.66803739,60606.68704,147.2703398,42.16863843,44.16794391
170.2,29.92078079,-44.67210464,60578.11648,147.2918361,42.18154957,44.20680711
170.3,29.9206558,-44.6761719,60549.47937,147.3131095,42.194386,44.24543282
170.4,29.92053073,-44.68023916,60520.77575,147.3342272,42.20699299,44.28368336
170.5,29.92040555,-44.68430641,60492.00568,147.3552637,42.21952512,44.32180234
170.6,29.92028028,-44.68837366,60463.1692,147.3762525,42.23190498,44.35961229
170.7,29.92015491,-44.69244091,60434.26635,147.3969058,42.24413248,44.39722032
170.8,29.92002945,-44.69650816,60405.29718,147.4176199,42.25628494,44.4344776
170.9,29.91990389,-44.7005754,60376.26175,147.4381407,42.26828488,44.47153097
171,29.91977823,-44.70464264,60347.16009,147.4584673,42.28013223,44.50837948
171.1,29.91965247,-44.70870989,60317.99226,147.478743,42.29182689,44.54491352
171.2,29.91952662,-44.71277712,60288.7583,147.4988229,42.30336879,44.5811319
171.3,29.91940067,-44.71684436,60259.45827,147.5188172,42.31483532,44.61721188
171.4,29.91927462,-44.7209116,60230.0922,147.5386144,42.32614894,44.65297426
171.5,29.91914848,-44.72497883,60200.66016,147.5582137,42.33730957,44.68852688
171.6,29.91902224,-44.72904606,60171.16218,147.5777589,42.34831714,44.72375972
171.7,29.9188959,-44.73311329,60141.59833,147.5972161,42.3592491,44.75874171
171.8,29.91876947,-44.73718051,60111.96864,147.6164735,42.37002785,44.79351113
171.9,29.91864293,-44.74124773,60082.27318,147.6356419,42.38073089,44.82813742
172,29.9185163,-44.74531495,60052.51198,147.6546091,42.3912806,44.86233069
172.1,29.91838958,-44.74938217,60022.68511,147.6735194,42.4016769,44.89641814
172.2,29.91826275,-44.75344938,59992.7926,147.6922271,42.41191972,44.93017989
172.3,29.91813583,-44.7575166,59962.83452,147.7108436,42.42208659,44.96368567
172.4,29.91800881,-44.76158381,59932.81091,147.7295141,42.43217748,44.99715425
172.5,29.9178817,-44.76565101,59902.72183,147.7477222,42.44203708,45.03011364
172.6,29.91775448,-44.76971822,59872.56733,147.7659832,42.45182058,45.0629244
172.7,29.91762717,-44.77378542,59842.34746,147.7841512,42.46152793,45.09558602
172.8,29.91749976,-44.77785261,59812.06228,147.802113,42.47108144,45.12791645
172.9,29.91737226,-44.78191981,59781.71183,147.8199479,42.48063641,45.15994751
173,29.91724465,-44.785987,59751.29618,147.8375755,42.49003744,45.19175577
173.1,29.91711695,-44.79005419,59720.81537,147.8552214,42.49943988,45.22326325
173.2,29.91698915,-44.79412137,59690.26946,147.8725128,42.50868829,45.25454639
173.3,29.91686126,-44.79818855,59659.6585,147.8898547,42.51786033,45.28556584
173.4,29.91673326,-44.80225573,59628.98255,147.9068406,42.52687822,45.31635935
173.5,29.91660517,-44.80632291,59598.24167,147.9238437,42.53589742,45.34695987
173.6,29.91647698,-44.81039008,59567.43591,147.9407824,42.54476238,45.37722238
173.7,29.91634869,-44.81445725,59536.56533,147.9575099,42.55347305,45.40725661
173.8,29.91622031,-44.81852441,59505.62998,147.9739928,42.56210713,45.43713429
173.9,29.91609182,-44.82259157,59474.62992,147.9906709,42.57066462,45.46685494
174,29.91596324,-44.82665873,59443.56521,148.0070218,42.57898984,45.49638358
174.1,29.91583456,-44.83072588,59412.43591,148.0234205,42.58723836,45.52564286
174.2,29.91570579,-44.83479303,59381.24206,148.0396052,42.5953323,45.55467029
174.3,29.91557691,-44.83886017,59349.98374,148.0555752,42.60327161,45.58346508
174.4,29.91544794,-44.84292731,59318.66099,148.0715919,42.61113408,45.6120996
174.5,29.91531887,-44.84699445,59287.27389,148.0875081,42.61891969,45.6405734
174.6,29.9151897,-44.85106158,59255.82248,148.1032081,42.62655052,45.66881263
174.7,29.91506043,-44.85512871,59224.30682,148.1188388,42.63402653,45.69681654
174.8,29.91493107,-44.85919584,59192.72698,148.1343677,42.64142556,45.72454635
174.9,29.91480161,-44.86326296,59161.08302,148.1497943,42.64874756,45.75222468
175,29.91467204,-44.86733007,59129.37499,148.1650029,42.65591461,45.77955411
175.1,29.91454238,-44.87139718,59097.60296,148.1802561,42.66300457,45.80671932
175.2,29.91441263,-44.87546429,59065.76698,148.1954062,42.67001741,45.83371985
175.3,29.91428277,-44.87953139,59033.86713,148.2103369,42.67687518,45.86048122
175.4,29.91415282,-44.88359848,59001.90346,148.2251636,42.68365576,45.88696487
175.5,29.91402276,-44.88766557,58969.87602,148.2398859,42.69035914,45.91339423
175.6,29.91389261,-44.89173266,58937.7849,148.2545355,42.69690731,45.93947053
175.7,29.91376236,-44.89579974,58905.63014,148.2689319,42.70337822,45.96537944
175.8,29.91363202,-44.89986682,58873.41181,148.2833712,42.70977182,45.99112054
175.9,29.91350157,-44.90393389,58841.12998,148.2977368,42.71601011,46.01661879
176,29.91337103,-44.90800095,58808.78471,148.3118479,42.72217105,46.04183584
176.1,29.91324038,-44.91206801,58776.37606,148.3260013,42.72825459,46.0669959
176.2,29.91310964,-44.91613507,58743.9041,148.3398996,42.73426073,46.09198627
176.3,29.9129788,-44.92020211,58711.36889,148.3537227,42.74011142,46.11661904
176.4,29.91284786,-44.92426916,58678.77051,148.3674385,42.74588465,46.14108097
176.5,29.91271683,-44.92833619,58646.109,148.3811957,42.75158038,46.16548434
176.6,29.91258569,-44.93240322,58613.38445,148.3946963,42.75719861,46.18960346
176.7,29.91245446,-44.93647025,58580.59691,148.4082378,42.7627393,46.21355054
176.8,29.91232312,-44.94053727,58547.74646,148.4214046,42.76812439,46.23724978
176.9,29.91219169,-44.94460428,58514.83316,148.4346118,42.77343189,46.26077601
177,29.91206016,-44.94867129,58481.85708,148.4478591,42.77866179,46.28412883
177.1,29.91192853,-44.95273829,58448.81829,148.4608482,42.78381406,46.30730784
177.2,29.9117968,-44.95680528,58415.71686,148.4736101,42.78881061,46.33023696
177.3,29.91166497,-44.96087227,58382.55285,148.4865293,42.79380757,46.35306711
177.4,29.91153305,-44.96493925,58349.32633,148.4992207,42.79864875,46.37553326
177.5,29.91140102,-44.96900622,58316.03738,148.5118018,42.80341222,46.39793702
177.6,29.9112689,-44.97307319,58282.68607,148.5242725,42.80809796,46.4201649
177.7,29.91113668,-44.97714015,58249.27246,148.536782,42.81270595,46.44221653
177.8,29.91100436,-44.9812071,58215.79663,148.5490309,42.81723617,46.46409152
177.9,29.91087193,-44.98527405,58182.25865,148.5613184,42.82168861,46.48578952
178,29.91073941,-44.98934099,58148.65859,148.5734945,42.82606325,46.50731016
178.1,29.9106068,-44.99340792,58114.99652,148.5854404,42.83028195,46.52857668
178.2,29.91047408,-44.99747484,58081.27252,148.597393,42.83450093,46.54974143
178.3,29.91034126,-45.00154176,58047.48666,148.6091147,42.83856392,46.5706512
178.4,29.91020834,-45.00560867,58013.639,148.6209929,42.84262719,46.59145863
178.5,29.91007533,-45.00967557,57979.72964,148.6326398,42.84653442,46.61212401
178.6,29.90994221,-45.01374246,57945.75864,148.6440236,42.85036375,46.63249603
178.7,29.909809,-45.01780934,57911.72607,148.6554446,42.85411516,46.65280194
178.8,29.90967569,-45.02187622,57877.63201,148.6670218,42.8578668,46.67289061
178.9,29.90954228,-45.02594309,57843.47655,148.6782161,42.86146234,46.69283575
179,29.90940876,-45.03000995,57809.25974,148.6892968,42.86497991,46.71260001
179.1,29.90927515,-45.0340768,57774.98168,148.7004141,42.86841951,46.73206898
179.2,29.90914144,-45.03814364,57740.64243,148.7114174,42.87178112,46.75147041
179.3,29.90900763,-45.04221047,57706.24208,148.7223064,42.87506473,46.77080411
179.4,29.90887372,-45.0462773,57671.7807,148.7332006,42.87834852,46.78991879
179.5,29.90873971,-45.05034411,57637.25837,148.7438607,42.8814761,46.80877373
179.6,29.90860561,-45.05441092,57602.67518,148.754406,42.88452564,46.82756012
179.7,29.9084714,-45.05847771,57568.03119,148.764987,42.88749713,46.84616346
179.8,29.90833709,-45.0625445,57533.32649,148.7755728,42.89046877,46.86454658
179.9,29.90820268,-45.06661128,57498.56117,148.7857725,42.89328413,46.8828973
180,29.90806818,-45.07067805,57463.7353,148.7961276,42.89609963,46.90102733
180.1,29.90793357,-45.07474481,57428.84896,148.8062471,42.89875882,46.91889548
180.2,29.90779887,-45.07881155,57393.9028,147.8936367,44.46833714,45.60061693
180.3,29.90766406,-45.08287828,57358.89957,147.1156231,45.70264709,44.505111
180.4,29.90752916,-45.08694496,57323.84208,146.4625867,46.67429492,43.60324519
180.5,29.90739416,-45.0910116,57288.73267,145.9213433,47.43987664,42.86661811
180.6,29.90725906,-45.09507818,57253.5733,145.476934,48.04344623,42.26919929
180.7,29.90712386,-45.09914469,57218.36557,145.1156796,48.51965631,41.78776038
180.8,29.90698856,-45.10321113,57183.11081,144.8237587,48.89543378,41.40200255
180.9,29.90685317,-45.10727748,57147.81013,144.58982,49.19201635,41.09443134
181,29.90671768,-45.11134375,57112.46443,144.4032732,49.42604042,40.85078399
181.1,29.90658209,-45.11540993,57077.07449,144.2552908,49.61049391,40.65849312
181.2,29.90644641,-45.11947601,57041.64093,144.1387949,49.75581131,40.50773537
181.3,29.90631063,-45.12354199,57006.16432,144.0475246,49.869997,40.39044126
181.4,29.90617475,-45.12760787,56970.64511,143.9766706,49.95968774,40.29988827
181.5,29.90603878,-45.13167365,56935.08371,143.9223248,50.02983045,40.23075154
181.6,29.90590271,-45.13573932,56899.48047,143.880895,50.08453617,40.17858295
181.7,29.90576654,-45.13980488,56863.8357,143.8499811,50.12688,40.14008844
181.8,29.90563027,-45.14387033,56828.14969,143.827251,50.15951209,40.11235025
181.9,29.90549391,-45.14793568,56792.42269,143.8114945,50.18447055,40.09334449
182,29.90535745,-45.15200091,56756.65493,143.8006426,50.20317557,40.08100302
182.1,29.9052209,-45.15606603,56720.84664,143.794151,50.21705246,40.0741955
182.2,29.90508425,-45.16013104,56684.99802,143.7909041,50.22699258,40.07160142
182.3,29.9049475,-45.16419594,56649.10926,143.7903961,50.23388919,40.07248611
182.4,29.90481065,-45.16826072,56613.18056,143.7918388,50.23827847,40.07587039
182.5,29.90467371,-45.17232538,56577.21211,143.7950471,50.24078681,40.08156831
182.6,29.90453668,-45.17638993,56541.20407,143.7994001,50.24168268,40.08879765
182.7,29.90439954,-45.18045436,56505.15663,143.8048793,50.24132433,40.0973352
182.8,29.90426231,-45.18451868,56469.06996,143.8111632,50.24007013,40.10695793
182.9,29.90412498,-45.18858288,56432.94424,143.8180956,50.23800973,40.11728795
183,29.90398756,-45.19264695,56396.77962,143.8255158,50.23532238,40.12838948
183.1,29.90385004,-45.19671091,56360.57629,143.833116,50.23209777,40.13976742
183.2,29.90371242,-45.20077475,56324.3344,143.8411908,50.22851512,40.15160323
183.3,29.9035747,-45.20483847,56288.05413,143.8494366,50.22457452,40.16366254
183.4,29.90343689,-45.20890207,56251.73565,143.8579964,50.22045515,40.17600972
183.5,29.90329899,-45.21296554,56215.37912,143.8664193,50.21606751,40.18843675
183.6,29.90316098,-45.2170289,56178.98472,143.8751518,50.21159075,40.20112528
183.7,29.90302288,-45.22109213,56142.5526,143.8838948,50.20693536,40.21363279
183.8,29.90288468,-45.22515524,56106.08295,143.8926438,50.20219092,40.22628455
183.9,29.90274639,-45.22921822,56069.57593,143.9013988,50.19735744,40.23896332
184,29.902608,-45.23328108,56033.03171,143.9101599,50.19243495,40.25166909
184.1,29.90246951,-45.23734381,55996.45047,143.9190743,50.18751297,40.26437549
184.2,29.90233093,-45.24140642,55959.83237,143.9278429,50.18250202,40.27699159
184.3,29.90219225,-45.2454689,55923.17759,143.9366129,50.1774916,40.28949101
184.4,29.90205347,-45.24953125,55886.4863,143.9453845,50.1724817,40.30210833
184.5,29.9019146,-45.25359348,55849.75868,143.9540101,50.16738288,40.31463528
184.6,29.90177563,-45.25765558,55812.9949,143.9627893,50.16228461,40.32704549
184.7,29.90163656,-45.26171755,55776.19514,143.9714178,50.15718688,40.33945628
184.8,29.9014974,-45.26577939,55739.35957,143.9800479,50.15208969,40.35186765
184.9,29.90135814,-45.26984109,55702.48837,143.9885321,50.14690363,40.3640712
185,29.90121879,-45.27390267,55665.58172,143.9971651,50.14180754,40.37624899
185.1,29.90107933,-45.27796412,55628.6398,144.0056521,50.1366226,40.38845362
185.2,29.90093979,-45.28202543,55591.66278,144.0142881,50.1315276,40.40051513
185.3,29.90080014,-45.28608661,55554.65086,144.0226259,50.12634377,40.41248607
185.4,29.9006604,-45.29014766,55517.60421,144.0311127,50.12124987,40.42454863
185.5,29.90052056,-45.29420858,55480.52301,144.0394534,50.11606715,40.43640321
185.6,29.90038063,-45.29826935,55443.40746,144.0476434,50.110885,40.44825828
185.7,29.90024059,-45.30233,55406.25772,144.0561345,50.10579274,40.46008758
185.8,29.90010047,-45.30639051,55369.07399,144.0643273,50.1006117,40.47170882
185.9,29.89996024,-45.31045088,55331.85645,144.0725216,50.09543122,40.48333053
186,29.89981992,-45.31451111,55294.6053,144.0807125,50.0903406,40.49504388
186.1,29.8996795,-45.3185712,55257.32071,144.0889096,50.08516123,40.50643165
186.2,29.89953899,-45.32263116,55220.00288,144.0968036,50.07998242,40.51793732
186.3,29.89939838,-45.32669098,55182.652,144.1048513,50.07480417,40.52920854
186.4,29.89925767,-45.33075066,55145.26826,144.1130477,50.06971574,40.5405714
186.5,29.89911687,-45.33481019,55107.85185,144.1209459,50.06453859,40.55184349
186.6,29.89897597,-45.33886959,55070.40296,144.1288454,50.05936201,40.56299855
186.7,29.89883497,-45.34292884,55032.92178,144.1367413,50.05427522,40.57412778
186.8,29.89869388,-45.34698795,54995.40852,144.1444912,50.04909974,40.58516619
186.9,29.89855269,-45.35104691,54957.86336,144.1523899,50.04401404,40.59617878
187,29.89841141,-45.35510574,54920.2865,144.1601425,50.03883967,40.60710051
187.1,29.89827003,-45.35916441,54882.67814,144.1678915,50.03375505,40.61799641
187.2,29.89812855,-45.36322294,54845.03848,144.1754944,50.02858179,40.62868392
187.3,29.89798698,-45.36728133,54807.36772,144.183246,50.02349826,40.6394631
187.4,29.89784531,-45.37133956,54769.66605,144.1908466,50.01841527,40.65024268
187.5,29.89770354,-45.37539765,54731.93368,144.1983011,50.01324365,40.66069627
187.6,29.89756168,-45.37945559,54694.1708,144.2059042,50.00816174,40.67135908
187.7,29.89741972,-45.38351339,54656.37763,144.2135087,50.00308037,40.68178718
187.8,29.89727766,-45.38757103,54618.55437,144.220962,49.99799954,40.69221564
187.9,29.89713551,-45.39162852,54580.70121,144.2282641,49.99291925,40.70264448
188,29.89699326,-45.39568586,54542.81837,144.23572,49.98783949,40.71283854
188.1,29.89685092,-45.39974304,54504.90606,144.2430247,49.98276027,40.72315052
188.2,29.89670847,-45.40380008,54466.96447,144.2503306,49.97768158,40.73322771
188.3,29.89656594,-45.40785695,54428.99383,144.2574853,49.97260343,40.74330523
188.4,29.8964233,-45.41191368,54390.99433,144.2646413,49.96752581,40.75338309
188.5,29.89628057,-45.41597025,54352.9662,144.2719458,49.9625378,40.76343507
188.6,29.89613775,-45.42002666,54314.90963,144.2791043,49.95746125,40.77327841
188.7,29.89599483,-45.42408292,54276.82485,144.2862587,49.95247428,40.78321347
188.8,29.89585181,-45.42813902,54238.71206,144.2932671,49.94739879,40.79293984
188.9,29.8957087,-45.43219496,54200.57149,144.3002714,49.94241286,40.80264032
189,29.89556548,-45.43625074,54162.40334,144.307277,49.93742745,40.81234112
189.1,29.89542218,-45.44030636,54124.20784,144.3142838,49.93244255,40.82204223
189.2,29.89527878,-45.44436182,54085.9852,144.3209918,49.92736917,40.83141697
189.3,29.89513528,-45.44841712,54047.73564,144.3279957,49.92247431,40.8410925
189.4,29.89499168,-45.45247226,54009.45938,144.3348534,49.91749096,40.85044163
189.5,29.89484799,-45.45652723,53971.15664,144.3415597,49.91250812,40.85979105
189.6,29.8947042,-45.46058204,53932.82765,144.3482671,49.9075258,40.86902311
189.7,29.89456032,-45.46463668,53894.47261,144.355123,49.90263296,40.87834691
189.8,29.89441634,-45.46869116,53856.09177,144.3616801,49.89765166,40.88746189
189.9,29.89427227,-45.47274547,53817.68534,144.3683857,49.89275981,40.89666861
190,29.8941281,-45.47679962,53779.25355,144.3749398,49.88786846,40.90575795
190.1,29.89398383,-45.48085359,53740.79662,144.3814949,49.8829776,40.91472989
190.2,29.89383947,-45.4849074,53702.31479,144.3880512,49.87808724,40.92370211
190.3,29.89369501,-45.48896104,53663.80828,144.3946086,49.87319737,40.93255693
190.4,29.89355045,-45.49301451,53625.27732,144.4010144,49.868308,40.94141201
190.5,29.8934058,-45.4970678,53586.72214,144.4074159,49.86350801,40.95024114
190.6,29.89326106,-45.50112093,53548.14298,144.4136712,49.85861962,40.95886138
190.7,29.89311621,-45.50517388,53509.54007,144.4200749,49.85382059,40.96757335
190.8,29.89297128,-45.50922665,53470.91363,144.4264796,49.84902204,40.97616789
190.9,29.89282624,-45.51327925,53432.26392,144.4327327,49.84422396,40.98464498
191,29.89268111,-45.51733168,53393.59116,144.4388341,49.83942636,40.99312231
191.1,29.89253589,-45.52138393,53354.89559,144.4450893,49.83462924,41.00148219
191.2,29.89239056,-45.525436,53316.17745,144.4511872,49.82992141,41.00993381
191.3,29.89224515,-45.52948789,53277.43698,144.4572917,49.82512523,41.01817646
191.4,29.89209963,-45.5335396,53238.67441,144.4633917,49.82041833,41.02651085
191.5,29.89195403,-45.53759114,53199.89,144.4694928,49.81571189,41.03461004
191.6,29.89180832,-45.54164249,53161.08398,144.475442,49.8110059,41.04282719
191.7,29.89166252,-45.54569366,53122.2566,144.4813923,49.80630037,41.05080912
191.8,29.89151663,-45.54974465,53083.4081,144.4871907,49.8015953,41.05879127
191.9,29.89137063,-45.55379545,53044.53872,144.4931374,49.79697945,41.06674744
192,29.89122455,-45.55784607,53005.64872,144.499085,49.79236404,41.07470382
192.1,29.89107837,-45.5618965,52966.73835,144.5047336,49.78766032,41.08245118
192.2,29.89093209,-45.56594674,52927.80784,144.5105303,49.7830458,41.09029027
192.3,29.89078571,-45.5699968,52888.85746,144.5163224,49.77852044,41.09798562
192.4,29.89063924,-45.57404667,52849.88745,144.5219682,49.77390679,41.1057074
192.5,29.89049268,-45.57809635,52810.89806,144.5276092,49.76938229,41.11328542
192.6,29.89034602,-45.58214584,52771.88956,144.5332512,49.76485821,41.12086365
192.7,29.89019926,-45.58619514,52732.86219,144.5388941,49.76033455,41.12832434
192.8,29.89005241,-45.59024425,52693.81621,144.544385,49.75581131,41.13578523
192.9,29.88990547,-45.59429316,52654.75187,144.5498769,49.7512885,41.14312857
193,29.88975843,-45.59834188,52615.66944,144.5553639,49.74685478,41.15044588
193.1,29.88961129,-45.60239041,52576.56918,144.5607047,49.7423328,41.15767185
193.2,29.88946406,-45.60643873,52537.45133,144.5661935,49.7378999,41.16487179
193.3,29.88931673,-45.61048687,52498.31618,144.5713773,49.7334674,41.17207192
193.4,29.88916931,-45.6145348,52459.16397,144.576862,49.72912394,41.179246
193.5,29.88902179,-45.61858253,52419.99497,144.5820476,49.72469224,41.18621098
193.6,29.88887417,-45.62263007,52380.80945,144.5873811,49.72034957,41.1931499
193.7,29.88872647,-45.6266774,52341.60768,144.5925625,49.71600729,41.200089
193.8,29.88857866,-45.63072453,52302.38991,144.5977448,49.7116654,41.20691051
193.9,29.88843076,-45.63477146,52263.15642,144.602922,49.70741249,41.21382373
194,29.88828277,-45.63881818,52223.90748,144.6081,49.70315995,41.22061935
194.1,29.88813468,-45.6428647,52184.64335,144.6131259,49.69890779,41.22729737
194.2,29.8879865,-45.64691101,52145.36432,144.6181526,49.694656,41.23397556
194.3,29.88783822,-45.65095712,52106.07065,144.6230271,49.69040458,41.24053614
194.4,29.88768984,-45.65500301,52066.76261,144.6280494,49.68624209,41.24707064
194.5,29.88754137,-45.6590487,52027.44048,144.6327725,49.68199141,41.25351377
194.6,29.88739281,-45.66309418,51988.10455,144.6377903,49.67791818,41.26002234
194.7,29.88724415,-45.66713945,51948.75507,144.642662,49.67375676,41.26632176
194.8,29.8870954,-45.6711845,51909.39234,144.6473814,49.6695957,41.27262134
194.9,29.88694655,-45.67522934,51870.01664,144.6520955,49.66552351,41.27889481
195,29.8867976,-45.67927397,51830.62824,144.6568103,49.66145167,41.28505065
195.1,29.88664857,-45.68331838,51791.22742,144.6616729,49.65746867,41.29129816
195.2,29.88649943,-45.68736257,51751.81447,144.6662362,49.6533975,41.29733652
195.3,29.8863502,-45.69140655,51712.38968,144.6707941,49.64941517,41.30334875
195.4,29.88620088,-45.69545031,51672.95333,144.6753528,49.64543315,41.30936113
195.5,29.88605146,-45.69949385,51633.50571,144.6799121,49.64145147,41.31525586
195.6,29.88590195,-45.70353716,51594.04709,144.684466,49.63755858,41.32112445
195.7,29.88575235,-45.70758026,51554.57779,144.6888675,49.633666,41.32699319
195.8,29.88560265,-45.71162313,51515.09807,144.6932697,49.62977373,41.33274426
195.9,29.88545285,-45.71566578,51475.60825,144.6978195,49.62597023,41.33846919
196,29.88530296,-45.7197082,51436.1086,144.70207,49.62207858,41.34410275
196.1,29.88515298,-45.7237504,51396.59942,144.7063149,49.61827567,41.34971015
196.2,29.8850029,-45.72779237,51357.08102,144.7107073,49.61456149,41.35529139
196.3,29.88485272,-45.73183411,51317.55373,144.7149535,49.61075917,41.36066344
196.4,29.88470246,-45.73587561,51278.01786,144.7190411,49.60704557,41.36612713
196.5,29.88455209,-45.73991689,51238.47375,144.7232823,49.60333224,41.37147315
196.6,29.88440164,-45.74395794,51198.92173,144.7273648,49.5997076,41.37679298
196.7,29.88425109,-45.74799875,51159.36212,144.7314541,49.59599484,41.38190363
196.8,29.88410044,-45.75203933,51119.79526,144.7353847,49.59237075,41.38698809
196.9,29.8839497,-45.75607967,51080.22147,144.7393158,49.58874692,41.39207268
197,29.88379887,-45.76011977,51040.6411,144.7432412,49.58521174,41.39713107
197.1,29.88364794,-45.76415963,51001.05449,144.7471672,49.58167682,41.40207176
197.2,29.88349692,-45.76819926,50961.46196,144.7510937,49.57814216,41.40689475
197.3,29.88334581,-45.77223864,50921.86386,144.7547146,49.57460775,41.41160005
197.4,29.8831946,-45.77627778,50882.26053,144.7584827,49.57116194,41.41639695
197.5,29.8830433,-45.78031667,50842.65232,144.7622514,49.56771638,41.42095833
197.6,29.8828919,-45.78435532,50803.03957,144.7658675,49.56427107,41.42551983
197.7,29.88274041,-45.78839372,50763.42262,144.7694777,49.56091432,41.43005509
197.8,29.88258883,-45.79243188,50723.80182,144.7730884,49.55755781,41.43447265
197.9,29.88243715,-45.79646978,50684.17753,144.7765465,49.55420153,41.43889031
198,29.88228538,-45.80050743,50644.55009,144.7799986,49.5509338,41.44328173
198.1,29.88213351,-45.80454483,50604.91986,144.7834512,49.54766628,41.44743763
198.2,29.88198155,-45.80858198,50565.28719,144.7867512,49.54439898,41.45159362
198.3,29.8818295,-45.81261887,50525.65244,144.7901983,49.5412202,41.45584118
198.4,29.88167735,-45.81665551,50486.01596,144.7934927,49.53804162,41.4598532
198.5,29.88152511,-45.82069189,50446.37811,144.7966344,49.53486325,41.46386532
198.6,29.88137278,-45.82472801,50406.73927,144.7999232,49.53177337,41.46773336
198.7,29.88122035,-45.82876386,50367.09978,144.8030592,49.52868368,41.47160149
198.8,29.88106784,-45.83279946,50327.46001,144.8061892,49.52568245,41.47544334
198.9,29.88091522,-45.83683479,50287.82033,144.8093196,49.52268141,41.47928527
199,29.88076252,-45.84086986,50248.18111,144.8122972,49.51968056,41.48289167
199.1,29.88060972,-45.84490466,50208.54272,144.8154219,49.51676814,41.48658959
199.2,29.88045683,-45.8489392,50168.90552,144.8182405,49.51385589,41.49016978
199.3,29.88030384,-45.85297346,50129.26989,144.8212062,49.51103206,41.49372367
199.4,29.88015076,-45.85700745,50089.63621,144.8241723,49.50820839,41.49715983
199.5,29.87999759,-45.86104117,50050.00485,144.8269855,49.50538489,41.50047825
199.6,29.87984433,-45.86507462,50010.37618,144.8297924,49.50264977,41.50388817
199.7,29.87969097,-45.8691078,49970.7506,144.8325932,49.50000303,41.50715396
199.8,29.87953752,-45.87314069,49931.12848,144.8352476,49.49726822,41.51032841
199.9,29.87938398,-45.87717331,49891.51019,144.8378958,49.49462177,41.51347653
200,29.87923034,-45.88120565,49851.89614,144.8405377,49.49206367,41.51659831
200.1,29.87907662,-45.8852377,49812.2867,144.8431798,49.48950571,41.51960236
200.2,29.87892279,-45.88926948,49772.68226,144.8456691,49.48694788,41.52260647
200.3,29.87876888,-45.89330097,49733.08321,144.848152,49.48447838,41.52546643
200.4,29.87861488,-45.89733217,49693.48994,144.850482,49.482009,41.52832645
200.5,29.87846078,-45.90136309,49653.90286,144.8529588,49.47962793,41.53116012
200.6,29.87830659,-45.90539372,49614.32234,144.8552827,49.47724698,41.53387604
200.7,29.87815231,-45.90942406,49574.74879,144.8577533,49.47495432,41.5365656
200.8,29.87799793,-45.9134541,49535.1826,144.8599178,49.47266177,41.53913741
200.9,29.87784347,-45.91748385,49495.62418,144.862229,49.47045749,41.54168284
201,29.87768891,-45.92151331,49456.07393,144.8643873,49.46825331,41.54422833
201.1,29.87753426,-45.92554247,49416.53225,144.8665457,49.46604924,41.54653827
201.2,29.87737951,-45.92957133,49376.99955,144.8686977,49.46393342,41.54893962
201.3,29.87722468,-45.93359989,49337.47623,144.8708432,49.46190584,41.55131459
201.4,29.87706975,-45.93762815,49297.9627,144.8728356,49.45987835,41.5535718
201.5,29.87691473,-45.94165611,49258.45938,144.8746751,49.45785094,41.55571125
201.6,29.87675962,-45.94568376,49218.96667,144.8766612,49.45591176,41.55782431
201.7,29.87660442,-45.94971111,49179.48498,144.8784942,49.45397265,41.55981962
201.8,29.87644913,-45.95373815,49140.01474,144.8803207,49.45212176,41.56178851
201.9,29.87629374,-45.95776487,49100.55637,144.8821473,49.45027094,41.56375745
202,29.87613827,-45.96179129,49061.11027,144.8839673,49.44850831,41.56558218
202.1,29.8759827,-45.96581739,49021.67688,144.8857807,49.44683388,41.56749827
202.2,29.87582704,-45.96984318,48982.2566,144.887441,49.44515951,41.56929661
202.3,29.87567129,-45.97386865,48942.84988,144.8889483,49.44348519,41.5708594
202.4,29.87551545,-45.9778938,48903.45713,144.8906021,49.44189904,41.57251355
202.5,29.87535952,-45.98191864,48864.07878,144.8921028,49.44031295,41.57404995
202.6,29.87520349,-45.98594315,48824.71526,144.8935968,49.43881502,41.5755599
202.7,29.87504738,-45.98996733,48785.36701,144.8949377,49.43731714,41.5769521
202.8,29.87489117,-45.9939912,48746.03445,144.8962719,49.43590741,41.57831786
202.9,29.87473487,-45.99801473,48706.71801,144.8977527,49.43458582,41.57977495
203,29.87457849,-46.00203794,48667.41815,144.8990802,49.43326427,41.5809965
203.1,29.87442201,-46.00606081,48628.13529,144.9002547,49.43194275,41.58210028
203.2,29.87426544,-46.01008336,48588.86987,144.9014224,49.43070937,41.5832954
203.3,29.87410878,-46.01410557,48549.62234,144.9027366,49.42956412,41.58434627
203.4,29.87395203,-46.01812744,48510.39313,144.9038976,49.42841889,41.58527939
203.5,29.87379519,-46.02214898,48471.1827,144.9048987,49.42736178,41.58630381
203.6,29.87363826,-46.02617017,48431.99149,144.906053,49.42630469,41.58721048
203.7,29.87348124,-46.03019103,48392.81995,144.9070474,49.42533571,41.5879729
203.8,29.87332413,-46.03421154,48353.66853,144.9078885,49.42436676,41.58873533
203.9,29.87316692,-46.03823171,48314.53767,144.9088761,49.4234859,41.58935351
204,29.87300963,-46.04225153,48275.42785,144.9095573,49.42260506,41.58997171
204.1,29.87285225,-46.046271,48236.3395,144.9103849,49.42181232,41.59056343
204.2,29.87269478,-46.05029012,48197.27309,144.9112056,49.42110767,41.59112867
204.3,29.87253722,-46.05430889,48158.22907,144.9118732,49.42040304,41.59145838
204.4,29.87237957,-46.0583273,48119.20791,144.9126872,49.41978649,41.59187937
204.5,29.87222183,-46.06234536,48080.21007,144.9131948,49.41916995,41.5921826
204.6,29.872064,-46.06636306,48041.23601,144.9138487,49.41864149,41.59245934
204.7,29.87190608,-46.0703804,48002.28619,144.9143495,49.41811303,41.59250055
204.8,29.87174807,-46.07439738,47963.36109,144.9148434,49.41767266,41.59263304
204.9,29.87158997,-46.07841399,47924.46118,144.9153305,49.41732037,41.59273904
205,29.87143178,-46.08243024,47885.58691,144.9156643,49.41696807,41.59272727
205.1,29.8712735,-46.08644612,47846.73878,144.9159913,49.41670385,41.59268901
205.2,29.87111514,-46.09046163,47807.91724,144.9161651,49.41643964,41.59241523
205.3,29.87095668,-46.09447677,47769.12279,144.9164852,49.41626349,41.59223272
205.4,29.87079814,-46.09849153,47730.35588,144.9167986,49.41617542,41.5920237
205.5,29.8706395,-46.10250592,47691.61701,144.9168054,49.41608735,41.59169692
205.6,29.87048078,-46.10651994,47652.90665,144.9169586,49.41608735,41.59122589
205.7,29.87032197,-46.11053357,47614.22528,144.9169586,49.41608735,41.59075486
205.8,29.87016307,-46.11454682,47575.5734,144.9169518,49.41617542,41.59025732
205.9,29.87000408,-46.11855969,47536.95148,144.9169381,49.41635157,41.58961553
206,29.86984501,-46.12257217,47498.36001,144.9169244,49.41652771,41.58897374
206.1,29.86968584,-46.12658426,47459.79949,144.9167506,49.41679193,41.58818769
206.2,29.86952659,-46.13059596,47421.27039,144.91657,49.41714422,41.58749289
206.3,29.86936725,-46.13460728,47382.77322,144.9163894,49.41749651,41.58656259
206.4,29.86920782,-46.13861819,47344.30847,144.9160487,49.41793688,41.58560578
206.5,29.8690483,-46.14262872,47305.87665,144.915708,49.41837726,41.58464898
206.6,29.86888869,-46.14663884,47267.47828,144.9153605,49.41890572,41.58354792
206.7,29.868729,-46.15064856,47229.11391,144.9148529,49.41952225,41.58242036
206.8,29.86856922,-46.15465788,47190.78409,144.9143454,49.4201388,41.58105731
206.9,29.86840935,-46.1586668,47152.48936,144.9136778,49.42084343,41.5797855
207,29.8682494,-46.16267531,47114.23027,144.9131566,49.42163616,41.57836945
207.1,29.86808935,-46.16668341,47076.00738,144.912329,49.4224289,41.57683566
207.2,29.86792922,-46.17069109,47037.82123,144.9116478,49.42330973,41.57527537
207.3,29.86776901,-46.17469836,46999.67239,144.9109599,49.42427867,41.57368858
207.4,29.8676087,-46.17870522,46961.56141,144.9099655,49.42524763,41.57186631
207.5,29.86744831,-46.18271165,46923.48886,144.9091176,49.42630469,41.57001755
207.6,29.86728783,-46.18671767,46885.45529,144.9081096,49.42744987,41.5681423
207.7,29.86712726,-46.19072326,46847.46127,144.9069485,49.42859508,41.56614932
207.8,29.86696661,-46.19472842,46809.50737,144.9059339,49.4298284,41.56401211
207.9,29.86680587,-46.19873316,46771.59415,144.9047594,49.43114986,41.56184842
208,29.86664505,-46.20273746,46733.72219,144.9035781,49.43255946,41.55965824
208.1,29.86648413,-46.20674133,46695.89206,144.9022436,49.43396909,41.55735034
208.2,29.86632314,-46.21074477,46658.10434,144.9009025,49.43546687,41.55489822
208.3,29.86616205,-46.21474776,46620.3596,144.8994082,49.4369647,41.55244612
208.4,29.86600088,-46.21875032,46582.65842,144.8980537,49.4386388,41.54994105
208.5,29.86583963,-46.22275243,46545.00139,144.8965462,49.44031295,41.54720054
208.6,29.86567828,-46.2267541,46507.38908,144.8950319,49.44207528,41.54455129
208.7,29.86551686,-46.23075532,46469.82209,144.8932114,49.44383767,41.5416666
208.8,29.86535534,-46.23475608,46432.301,144.8916839,49.44577637,41.53884669
208.9,29.86519374,-46.2387564,46394.8264,144.8898502,49.44771515,41.53590908
209,29.86503206,-46.24275625,46357.39888,144.8880099,49.44974214,41.53282728
209.1,29.86487029,-46.24675565,46320.01904,144.8863162,49.45185735,41.52971903
209.2,29.86470843,-46.25075459,46282.68748,144.8843163,49.45397265,41.5264931
209.3,29.86454649,-46.25475306,46245.40478,144.8821567,49.45617619,41.52324071
209.4,29.86438447,-46.25875107,46208.17156,144.8801438,49.45846797,41.51984416
209.5,29.86422236,-46.26274861,46170.98841,144.8781244,49.46084801,41.51642117
209.6,29.86406017,-46.26674568,46133.85593,144.8759454,49.46331632,41.51297175
209.7,29.86389789,-46.27074227,46096.77474,144.8736133,49.46578475,41.50928693
209.8,29.86373552,-46.27473838,46059.74544,144.8714282,49.46834148,41.50557569
209.9,29.86357308,-46.27873402,46022.76864,144.8689301,49.47098651,41.50183803
210,29.86341054,-46.28272917,45985.84496,144.866579,49.47371985,41.49807396
210.1,29.86324793,-46.28672384,45948.975,144.8642216,49.47654153,41.49416576
210.2,29.86308523,-46.29071803,45912.15938,144.861558,49.47936338,41.49013991
210.3,29.86292245,-46.29471172,45875.39872,144.859188,49.48236176,41.48606119
210.4,29.86275958,-46.29870492,45838.69364,144.8565119,49.48536033,41.48198256
210.5,29.86259663,-46.30269762,45802.04477,144.8538296,49.48844728,41.47775982
210.6,29.86243359,-46.30668982,45765.45271,144.8508413,49.49153443,41.47330172
210.7,29.86227048,-46.31068153,45728.9181,144.8481467,49.4947982,41.46902623
210.8,29.86210728,-46.31467272,45692.44157,144.8451461,49.49806218,41.46439768
210.9,29.86194399,-46.31866342,45656.02374,144.8422861,49.50150284,41.45995175
211,29.86178063,-46.3226536,45619.66525,144.8392734,49.50494373,41.45527049
211.1,29.86161718,-46.32664327,45583.36672,144.8362546,49.50847311,41.45056289
211.2,29.86145364,-46.33063242,45547.12879,144.83293,49.51200274,41.44573768
211.3,29.86129003,-46.33462106,45510.9521,144.8297461,49.51570912,41.4408597
211.4,29.86112633,-46.33860918,45474.83728,144.8264095,49.51941579,41.43586413
211.5,29.86096255,-46.34259677,45438.78497,144.8232139,49.52329926,41.4308158
211.6,29.86079869,-46.34658384,45402.79581,144.8197124,49.52718304,41.42564989
211.7,29.86063475,-46.35057037,45366.87045,144.8163584,49.53115541,41.42045769
211.8,29.86047072,-46.35455638,45331.00953,144.8128453,49.53521639,41.41512148
211.9,29.86030662,-46.35854184,45295.21369,144.8091734,49.539366,41.409759
212,29.86014243,-46.36252677,45259.48358,144.8055022,49.54351597,41.40427896
212.1,29.85997816,-46.36651116,45223.81986,144.8018189,49.5478429,41.39874624
212.2,29.85981381,-46.37049501,45188.22316,144.7979832,49.55217021,41.39309596
212.3,29.85964938,-46.37447831,45152.69415,144.794142,49.55658623,41.38730173
212.4,29.85948486,-46.37846105,45117.23348,144.790289,49.56117932,41.38157259
212.5,29.85932027,-46.38244325,45081.84179,144.7862836,49.56577284,41.37572592
212.6,29.8591556,-46.38642489,45046.51976,144.7822728,49.57045514,41.36973532
212.7,29.85899084,-46.39040597,45011.26803,144.7781097,49.57513789,41.3636272
212.8,29.85882601,-46.39438649,44976.08726,144.773935,49.57999782,41.35746649
212.9,29.85866109,-46.39836644,44940.97812,144.7697551,49.58494662,41.35127963
213,29.85849609,-46.40234582,44905.94127,144.765423,49.58989591,41.34485753
213.1,29.85833102,-46.40632464,44870.97737,144.7609325,49.5949341,41.33840928
213.2,29.85816586,-46.41030288,44836.08708,144.7565839,49.60014962,41.33202624
213.3,29.85800063,-46.41428054,44801.27108,144.7520833,49.60536569,41.325408
213.4,29.85783531,-46.41825762,44766.53002,144.7475776,49.61067075,41.31876365
213.5,29.85766992,-46.42223412,44731.86459,144.7429138,49.61606482,41.31197547
213.6,29.85750445,-46.42621003,44697.27544,144.7382451,49.62154792,41.3051612
213.7,29.85733889,-46.43018535,44662.76325,144.7334184,49.62712009,41.29820313
213.8,29.85717326,-46.43416008,44628.32869,144.7284398,49.6326929,41.2911276
213.9,29.85700755,-46.43813421,44593.97243,144.7236036,49.6384433,41.28411742
214,29.85684176,-46.44210775,44559.69516,144.7186156,49.64419437,41.27687208
214.1,29.8566759,-46.44608068,44525.49754,144.7136169,49.65012311,41.26957438
214.2,29.85650995,-46.450053,44491.38025,144.7084665,49.65605258,41.26215926
214.3,29.85634393,-46.45402472,44457.34397,144.7033057,49.66215979,41.25480958
214.4,29.85617783,-46.45799583,44423.38937,144.6981464,49.66826778,41.24722476
214.5,29.85601165,-46.46196632,44389.51715,144.6926764,49.67446506,41.23961397
214.6,29.85584539,-46.46593619,44355.72797,144.6873553,49.68075169,41.23185949
214.7,29.85567906,-46.46990544,44322.02252,144.6818768,49.68712769,41.22396133
214.8,29.85551264,-46.47387407,44288.40148,144.6763942,49.69359311,41.216155
214.9,29.85534616,-46.47784206,44254.86554,144.6707542,49.70014796,41.20808728
215,29.85517959,-46.48180943,44221.41537,144.6651103,49.7067923,41.19999368
215.1,29.85501295,-46.48577616,44188.05167,144.659315,49.71343755,41.19178272
215.2,29.85484623,-46.48974225,44154.77512,144.6535101,49.72026095,41.18351964
215.3,29.85467943,-46.49370771,44121.58641,144.6475539,49.72708531,41.17513923
215.4,29.85451256,-46.49767251,44088.48621,144.6417415,49.73408792,41.16670674
215.5,29.85434561,-46.50163667,44055.47523,144.6356247,49.74109155,41.15815694
215.6,29.85417859,-46.50560018,44022.55414,144.6296518,49.74827353,41.14955511
215.7,29.85401149,-46.50956304,43989.72364,144.6233748,49.75545657,41.14083599
215.8,29.85384431,-46.51352523,43956.98442,144.6170943,49.76272938,41.13197334
215.9,29.85367706,-46.51748677,43924.33716,144.610958,49.7701807,41.12317651
216,29.85350974,-46.52144764,43891.78256,144.6045177,49.77763317,41.11414465
216.1,29.85334233,-46.52540784,43859.32131,144.5980742,49.78517553,41.10496931
216.2,29.85317486,-46.52936737,43826.95409,144.5914744,49.79280781,41.09576829
216.3,29.85300731,-46.53332623,43794.68161,144.5848716,49.80053007,41.08654161
216.4,29.85283968,-46.5372844,43762.50454,144.5782658,49.80834234,41.0771715
216.5,29.85267198,-46.5412419,43730.42359,144.571504,49.81624467,41.067658
216.6,29.85250421,-46.54519871,43698.43945,144.5647394,49.8242371,41.05811888
216.7,29.85233636,-46.54915483,43666.5528,144.557819,49.83231968,41.04855418
216.8,29.85216844,-46.55311026,43634.76434,144.550748,49.84040361,41.03875449
216.9,29.85200044,-46.557065,43603.07477,144.5438225,49.84866661,41.0289031
217,29.85183237,-46.56101903,43571.48477,144.5367413,49.85701989,41.01902618
217.1,29.85166423,-46.56497237,43539.99504,144.5293567,49.86537462,41.0089143
217.2,29.85149601,-46.56892499,43508.60627,144.5222709,49.87390859,40.99886859
217.3,29.85132772,-46.57287691,43477.31916,144.5148818,49.88244408,40.98858793
217.4,29.85115936,-46.57682812,43446.1344,144.5074855,49.89115895,40.97825571
217.5,29.85099093,-46.58077861,43415.05267,144.4999392,49.89987539,40.96780635
217.6,29.85082242,-46.58472838,43384.07468,144.4923909,49.90868237,40.95721376
217.7,29.85065384,-46.58867742,43353.20111,144.4846877,49.91757994,40.94659578
217.8,29.85048519,-46.59262574,43322.43265,144.4769827,49.92656816,40.9358346
217.9,29.85031647,-46.59657333,43291.77001,144.469128,49.93555805,40.92483848
218,29.85014767,-46.60052018,43261.21386,144.4612667,49.94472769,40.91390878
218.1,29.84997881,-46.6044663,43230.7649,144.4532557,49.95389908,40.90274416
218.2,29.84980987,-46.60841167,43200.42382,144.4450902,49.96316128,40.89143639
218.3,29.84964086,-46.6123563,43170.19132,144.4369234,49.97251434,40.88010333
218.4,29.84947178,-46.61630018,43140.06807,144.4287554,49.98195833,40.86862716
218.5,29.84930263,-46.62024331,43110.05476,144.4202848,49.99140418,40.85691607
218.6,29.84913341,-46.62418569,43080.1521,144.4119616,50.00103015,40.84527157
218.7,29.84896412,-46.6281273,43050.36076,144.4033359,50.01065805,40.83339217
218.8,29.84879476,-46.63206815,43020.68142,144.3948578,50.02046623,40.82157942
218.9,29.84862533,-46.63600824,42991.11478,144.3862306,50.03027642,40.80953178
219,29.84845583,-46.63994755,42961.66153,144.3774496,50.04017781,40.79734112
219.1,29.84828626,-46.6438861,42932.32233,144.368515,50.05017048,40.78512532
219.2,29.84811662,-46.64782386,42903.09789,144.3597331,50.06025448,40.77276653
219.3,29.84794691,-46.65176084,42873.98887,144.3506447,50.07042987,40.76038265
219.4,29.84777713,-46.65569704,42844.99597,144.3417092,50.0806967,40.74785582
219.5,29.84760729,-46.65963245,42816.11986,144.3326205,50.09105504,40.73530394
219.6,29.84743737,-46.66356707,42787.36122,144.32323,50.10141562,40.72251719
219.7,29.84726739,-46.66750089,42758.72072,144.3139883,50.11195712,40.70967951
219.8,29.84709734,-46.67143392,42730.19906,144.3045981,50.12250095,40.69672485
219.9,29.84692722,-46.67536614,42701.79689,144.295204,50.13322587,40.68371933
220,29.84675704,-46.67929755,42673.5149,144.2856615,50.1439532,40.67059684
220.1,29.84658678,-46.68322816,42645.35375,144.2761154,50.15486178,40.65742356
220.2,29.84641646,-46.68715795,42617.31412,144.266421,50.16577284,40.64401546
220.3,29.84624607,-46.69108692,42589.39668,144.2565743,50.17677587,40.63058244
220.4,29.84607562,-46.69501507,42561.60209,144.2467285,50.18787092,40.61712455
220.5,29.8459051,-46.69894239,42533.93103,144.2368837,50.19905805,40.60352391
220.6,29.84573451,-46.70286889,42506.38415,144.226887,50.21033733,40.58978054
220.7,29.84556386,-46.70679456,42478.96213,144.2168916,50.22170883,40.57601236
220.8,29.84539314,-46.71071938,42451.66561,144.2065952,50.23308304,40.56200937
220.9,29.84522235,-46.71464337,42424.49527,144.1964496,50.24463916,40.54807373
221,29.8450515,-46.71856652,42397.45176,144.1860032,50.25619807,40.53390328
221.1,29.84488059,-46.72248882,42370.53573,144.1757079,50.26793906,40.51980026
221.2,29.8447096,-46.72641026,42343.74784,144.1652651,50.27968295,40.50546246
221.3,29.84453856,-46.73033085,42317.08874,144.1548206,50.2916091,40.49107423
221.4,29.84436745,-46.73425059,42290.55908,144.1442288,50.30353824,40.47656914
221.5,29.84419627,-46.73816946,42264.15951,144.1334861,50.3155601,40.46203941
221.6,29.84402503,-46.74208746,42237.89067,144.1227457,50.32767475,40.44736713
221.7,29.84385373,-46.7460046,42211.75321,144.1118548,50.33988226,40.43255231
221.8,29.84368236,-46.74992086,42185.74776,144.1009665,50.3521827,40.41771291
221.9,29.84351093,-46.75383625,42159.87497,144.0899312,50.36448633,40.40275668
222,29.84333944,-46.75775075,42134.13547,144.0788954,50.37697284,40.3876323
222.1,29.84316788,-46.76166437,42108.5299,144.0677128,50.38946263,40.37250904
222.2,29.84299626,-46.7655771,42083.05889,144.0565301,50.4021355,40.35733567
222.3,29.84282458,-46.76948894,42057.72306,144.0452007,50.41481176,40.34192753
222.4,29.84265284,-46.77339989,42032.52303,144.0338748,50.42758134,40.32649493
222.5,29.84248103,-46.77730993,42007.45945,144.0223992,50.44044434,40.31091992
222.6,29.84230916,-46.78121907,41982.53292,144.0109273,50.45340082,40.29532051
222.7,29.84213723,-46.78512731,41957.74405,143.9993061,50.46645086,40.27969672
222.8,29.84196524,-46.78903463,41933.09348,143.9875387,50.4795045,40.26383815
222.9,29.84179318,-46.79294104,41908.5818,143.9757723,50.49274188,40.24792968
223,29.84162107,-46.79684653,41884.20963,143.964013,50.50598296,40.23190444
223.1,29.84144889,-46.8007511,41859.97758,143.9519518,50.51931788,40.21585488
223.2,29.84127666,-46.80465474,41835.88624,143.9401985,50.53283684,40.19975554
223.3,29.84110436,-46.80855746,41811.93621,143.9281436,50.54644983,40.18375001
223.4,29.84093201,-46.81245924,41788.12809,143.9160936,50.56015696,40.16760227
223.5,29.84075959,-46.81636009,41764.46248,143.904199,50.5740485,40.15164098
223.6,29.84058711,-46.82025999,41740.93996,143.8921566,50.58803439,40.13565563
223.7,29.84041458,-46.82415895,41717.56112,143.880117,50.60220498,40.11973887
223.8,29.84024198,-46.82805697,41694.32655,143.868083,50.61647014,40.10379816
223.9,29.84006933,-46.83195403,41671.23682,143.8560525,50.63092027,40.0879262
224,29.83989662,-46.83585013,41648.2925,143.8440258,50.64555557,40.07224118
224.1,29.83972384,-46.83974528,41625.49418,143.8318545,50.66019542,40.05632166
224.2,29.83955101,-46.84363947,41602.84241,143.8198384,50.67511107,40.04068198
224.3,29.83937812,-46.84753269,41580.33777,143.8076781,50.69003146,40.02492596
224.4,29.83920518,-46.85142494,41557.98081,143.7956757,50.70513754,40.00912106
224.5,29.83903217,-46.85531622,41535.7721,143.7833742,50.72033899,39.99341078
224.6,29.83885911,-46.85920651,41513.71218,143.7712332,50.7356359,39.97767708
224.7,29.83868599,-46.86309583,41491.8016,143.7590977,50.75111893,39.9620129
224.8,29.83851281,-46.86698417,41470.04092,143.7466657,50.76660707,39.94611437
224.9,29.83833958,-46.87087151,41448.43066,143.7343928,50.78228159,39.93040367
225,29.83816629,-46.87475787,41426.97137,143.7254205,50.79424487,39.91891981
225.1,29.83799294,-46.87864323,41405.66346,143.728043,50.79333845,39.92259938
225.2,29.83781953,-46.88252759,41384.5072,143.7400596,50.78237221,39.93806024
225.3,29.83764607,-46.88641096,41363.50263,143.7588373,50.76334599,39.96273999
225.4,29.83747255,-46.89029334,41342.64966,143.7835865,50.73817078,39.99481121
225.5,29.83729897,-46.89417472,41321.94809,143.8126134,50.70803268,40.03253021
225.6,29.83712534,-46.89805511,41301.39762,143.8451433,50.67402613,40.07476922
225.7,29.83695165,-46.90193452,41280.99787,143.8804095,50.63679191,40.12076289
225.8,29.8367779,-46.90581294,41260.7484,143.9181004,50.59705975,40.16972017
225.9,29.8366041,-46.90969038,41240.64871,143.956825,50.5556476,40.22023351
226,29.83643023,-46.91356684,41220.69828,143.9965753,50.51310045,40.27215203
226.1,29.83625631,-46.91744234,41200.89655,144.0373513,50.46960141,40.32518985
226.2,29.83608234,-46.92131687,41181.24292,144.0786955,50.42524299,40.37908646
226.3,29.8359083,-46.92519044,41161.7368,144.1202995,50.38020729,40.43355578
226.4,29.83573421,-46.92906305,41142.37755,144.1626271,50.3344962,40.48883493
226.5,29.83556005,-46.93293471,41123.16453,144.2053794,50.28802197,40.5448325
226.6,29.83538584,-46.93680542,41104.09707,144.2487067,50.24096598,40.60149831
226.7,29.83521157,-46.94067519,41085.17448,144.2923021,50.19341941,40.65857161
226.8,29.83503725,-46.94454403,41066.39611,144.3358414,50.14583073,40.71568852
226.9,29.83486286,-46.94841193,41047.76127,144.3790141,50.09828935,40.77246974
227,29.83468841,-46.95227891,41029.2693,144.4222802,50.0507951,40.82915151
227.1,29.83451391,-46.95614496,41010.91951,144.465333,50.0033478,40.88573411
227.2,29.83433934,-46.9600101,40992.71121,144.5081868,49.95568013,40.94229572
227.3,29.83416471,-46.96387433,40974.6437,144.5512983,49.90788167,40.99904678
227.4,29.83399003,-46.96773765,40956.71627,144.5943668,49.85986389,41.05577809
227.5,29.83381528,-46.97160007,40938.9282,144.6375368,49.811805,41.11279169
227.6,29.83364048,-46.97546159,40921.27875,144.6806661,49.76352768,41.16955102
227.7,29.83346561,-46.97932223,40903.7672,144.7237395,49.71529838,41.22644952
227.8,29.83329068,-46.98318197,40886.3928,144.7662789,49.66738251,41.28281957
227.9,29.83311569,-46.98704084,40869.15479,144.8085898,49.61977911,41.33866114
228,29.83294064,-46.99089883,40852.05245,144.8505292,49.57231052,41.39426244
228.1,29.83276553,-46.99475596,40835.08506,144.8924099,49.52488804,41.44976779
228.2,29.83259036,-46.99861221,40818.2519,144.9340849,49.47742334,41.50508616
228.3,29.83241512,-47.00246761,40801.55225,144.9757014,49.4300046,41.56042694
228.4,29.83223983,-47.00632215,40784.98539,145.0172663,49.38254363,41.61558148
228.5,29.83206447,-47.01017584,40768.55057,145.0586193,49.33512846,41.6706413
228.6,29.83188905,-47.01402868,40752.24705,145.1000676,49.28775893,41.72572435
228.7,29.83171356,-47.01788069,40736.0741,145.1411579,49.2403471,41.7805045
228.8,29.83153802,-47.02173186,40720.03095,145.1818452,49.19341911,41.83482162
228.9,29.83136241,-47.0255822,40704.11686,145.2224804,49.14644802,41.88895381
229,29.83118674,-47.02943171,40688.33108,145.2630559,49.0995214,41.94299228
229.1,29.831011,-47.03328041,40672.67284,145.3034263,49.05255169,41.99696419
229.2,29.8308352,-47.03712828,40657.14137,145.3435837,49.00562631,42.05084294
229.3,29.83065934,-47.04097535,40641.7359,145.3838352,48.95874511,42.10462875
229.4,29.83048341,-47.04482161,40626.4557,145.4237286,48.91182075,42.15823135
229.5,29.83030742,-47.04866708,40611.30002,145.4637076,48.86502752,42.21171445
229.6,29.83013137,-47.05251174,40596.2681,145.5034822,48.81819099,42.26501493
229.7,29.82995525,-47.05635562,40581.35921,145.5431975,48.77139817,42.31834109
229.8,29.82977906,-47.0601987,40566.57258,145.5826996,48.72464893,42.371458
229.9,29.82960281,-47.06404101,40551.90746,145.6218067,48.67820343,42.42416628
230,29.8294265,-47.06788254,40537.36309,145.6608243,48.63206079,42.47658326
230.1,29.82925012,-47.0717233,40522.9387,145.6994533,48.58613354,42.52850108
230.2,29.82907367,-47.07556329,40508.63353,145.7377025,48.54033453,42.58018227
230.3,29.82889716,-47.07940252,40494.44683,145.7758686,48.49474983,42.63171682
230.4,29.82872059,-47.08324099,40480.37783,145.8136534,48.44929247,42.68289722
230.5,29.82854394,-47.0870787,40466.42576,145.8515069,48.40404838,42.73393087
230.6,29.82836724,-47.09091567,40452.58986,145.8889882,48.35884449,42.78475559
230.7,29.82819046,-47.0947519,40438.86936,145.9265583,48.31368068,42.8354891
230.8,29.82801362,-47.09858738,40425.26352,145.9639315,48.26838466,42.88630473
230.9,29.82783671,-47.10242213,40411.7716,146.0012514,48.22304275,42.93682268
231,29.82765974,-47.10625615,40398.39284,146.038286,48.17825652,42.98708256
231.1,29.8274827,-47.11008945,40385.12652,146.0749125,48.13376692,43.03669777
231.2,29.82730559,-47.11392202,40371.97188,146.1109757,48.08957316,43.08602042
231.3,29.82712841,-47.11775387,40358.92819,146.1470891,48.04567446,43.13493276
231.4,29.82695117,-47.12158502,40345.99471,146.1826478,48.00198441,43.18358011
231.5,29.82677385,-47.12541545,40333.1707,146.2182542,47.958588,43.23205151
231.6,29.82659647,-47.12924518,40320.45542,146.2536233,47.91531349,43.28016835
231.7,29.82641902,-47.13307421,40307.84813,146.2887794,47.87198974,43.32822218
231.8,29.82624151,-47.13690254,40295.34808,146.3239017,47.82844614,43.3763875
231.9,29.82606392,-47.14073019,40282.95453,146.3592741,47.78485377,43.42460806
232,29.82588627,-47.14455714,40270.66671,146.3944353,47.74121273,43.47276675
232.1,29.82570855,-47.14838341,40258.48387,146.4296806,47.69760824,43.52095274
232.2,29.82553076,-47.15220901,40246.40525,146.4644954,47.65438042,43.56858212
232.3,29.8253529,-47.15603393,40234.43014,146.4987237,47.61152831,43.61577178
232.4,29.82517497,-47.15985818,40222.5578,146.5328255,47.56905096,43.66252123
232.5,29.82499697,-47.16368176,40210.78752,146.5666583,47.5268626,43.70885876
232.6,29.8248189,-47.16750468,40199.11859,146.6000668,47.48496249,43.75501878
232.7,29.82464076,-47.17132694,40187.55029,146.6335115,47.44334992,43.80088356
232.8,29.82446255,-47.17514855,40176.0819,146.6665851,47.4016856,43.84645115
232.9,29.82428427,-47.17896951,40164.71271,146.6997217,47.36013878,43.89201597
233,29.82410592,-47.18278982,40153.442,146.7326414,47.31854014,43.93751872
233.1,29.8239275,-47.18660949,40142.26904,146.7654696,47.27705868,43.98290147
233.2,29.82374901,-47.19042852,40131.19312,146.7982058,47.23569409,44.02804681
233.3,29.82357045,-47.19424692,40120.21351,146.8307102,47.19436176,44.07310128
233.4,29.82339181,-47.19806468,40109.32949,146.8632609,47.15323011,44.11800645
233.5,29.82321311,-47.20188182,40098.54032,146.8952254,47.11238284,44.16238069
233.6,29.82303434,-47.20569834,40087.84529,146.9270034,47.07215577,44.20634082
233.7,29.82285549,-47.20951423,40077.24368,146.9583297,47.03229529,44.24985675
233.8,29.82267657,-47.21332951,40066.7348,146.9893566,46.99280055,44.29292797
233.9,29.82249758,-47.21714418,40056.31797,147.020098,46.9535868,44.33558348
234,29.82231852,-47.22095824,40045.99252,147.0507226,46.91456952,44.37808721
234.1,29.82213939,-47.2247717,40035.75778,147.0811072,46.87558062,44.42049825
234.2,29.82196018,-47.22858455,40025.61307,147.111406,46.83662003,44.46269934
234.3,29.8217809,-47.23239681,40015.55773,147.1415863,46.79785506,44.50486577
234.4,29.82160155,-47.23620847,40005.59107,147.1718179,46.75920163,44.5467924
234.5,29.82142213,-47.24001954,39995.71243,147.2016375,46.72065948,44.58859653
234.6,29.82124263,-47.24383002,39985.92112,147.2314907,46.68231189,44.63013081
234.7,29.82106306,-47.24763992,39976.21648,147.2610849,46.64407494,44.67154234
234.8,29.82088342,-47.25144924,39966.59782,147.2905739,46.60594841,44.71271369
234.9,29.8207037,-47.25525798,39957.06448,147.3197858,46.56801537,44.75373205
235,29.82052391,-47.25906615,39947.61578,147.3486333,46.53069181,44.79421182
235.1,29.82034405,-47.26287375,39938.25106,147.3771482,46.49381002,44.83421233
235.2,29.82016411,-47.26668078,39928.96966,147.4053459,46.4572859,44.87364575
235.3,29.8199841,-47.27048725,39919.77091,147.4332601,46.4209525,44.91304155
235.4,29.81980402,-47.27429315,39910.65418,147.4612164,46.38472635,44.9521951
235.5,29.81962386,-47.2780985,39901.61881,147.4890601,46.34860723,44.99134105
235.6,29.81944363,-47.2819033,39892.66417,147.5166362,46.31259491,45.03012721
235.7,29.81926332,-47.28570754,39883.78964,147.544235,46.27677206,45.06899249
235.8,29.81908294,-47.28951123,39874.9946,147.5715649,46.24105546,45.10749768
235.9,29.81890249,-47.29331438,39866.27843,147.5987801,46.20544488,45.14587746
236,29.81872196,-47.29711699,39857.64049,147.625843,46.17010558,45.18418782
236.1,29.81854135,-47.30091906,39849.08018,147.6526538,46.13478897,45.22205091
236.2,29.81836067,-47.30472059,39840.59686,147.6794651,46.09974288,45.25996149
236.3,29.81817992,-47.30852159,39832.18993,147.7061401,46.06488421,45.2975978
236.4,29.81799909,-47.31232206,39823.85877,147.7325425,46.03013006,45.33499042
236.5,29.81781818,-47.316122,39815.60275,147.7588071,45.9955627,45.37222575
236.6,29.8176372,-47.31992141,39807.42126,147.7848753,45.96142903,45.40897591
236.7,29.81745614,-47.32372031,39799.31371,147.8104357,45.92772824,45.44535761
236.8,29.81727501,-47.32751868,39791.27947,147.8359895,45.89429488,45.48154963
236.9,29.8170938,-47.33131654,39783.31796,147.8612656,45.86096391,45.51761376
237,29.81691251,-47.33511389,39775.42857,147.8863985,45.82781736,45.55328392
237.1,29.81673115,-47.33891072,39767.6107,147.9113873,45.79485489,45.58891212
237.2,29.81654972,-47.34270705,39759.86376,147.936386,45.76207617,45.6243807
237.3,29.8163682,-47.34650288,39752.18716,147.9609499,45.72939876,45.65948582
237.4,29.81618661,-47.3502982,39744.58029,147.985502,45.69698656,45.69439957
237.5,29.81600495,-47.35409302,39737.0426,148.009907,45.66475711,45.72927039
237.6,29.81582321,-47.35788734,39729.5735,148.0341642,45.63271008,45.76386314
237.7,29.81564139,-47.36168117,39722.17245,148.0581178,45.60084515,45.79817757
237.8,29.81545949,-47.36547451,39714.83888,148.0820769,45.56916199,45.83233086
237.9,29.81527752,-47.36926736,39707.57222,148.1058649,45.53774209,45.86640869
238,29.81509547,-47.37305972,39700.37194,148.1295227,45.5064215,45.90012148
238.1,29.81491334,-47.3768516,39693.23747,148.1528741,45.47528174,45.93367238
238.2,29.81473113,-47.38064299,39686.16826,148.1762067,45.44440417,45.96714696
238.3,29.81454885,-47.38443391,39679.16376,148.199386,45.41370673,46.00034158
238.4,29.81436649,-47.38822434,39672.22343,148.2222777,45.38310755,46.03328779
238.5,29.81418405,-47.39201431,39665.34672,148.2452816,45.35285104,46.06624247
238.6,29.81400154,-47.3958038,39658.53309,148.2678199,45.32277368,46.09868132
238.7,29.81381894,-47.39959282,39651.782,148.2903349,45.29295661,46.13104221
238.8,29.81363627,-47.40338137,39645.09291,148.3126706,45.26339943,46.16308972
238.9,29.81345352,-47.40716946,39638.4653,148.3346931,45.23402035,46.19485547
239,29.81327069,-47.41095708,39631.89862,148.3566895,45.2049004,46.22654222
239.1,29.81308779,-47.41474424,39625.39236,148.378371,45.17595791,46.25782906
239.2,29.81290481,-47.41853095,39618.94599,148.4000247,45.14727384,46.28903624
239.3,29.81272174,-47.42231719,39612.55899,148.4213842,45.11868539,46.31999267
239.4,29.8125386,-47.42610299,39606.23084,148.4428469,45.09043588,46.35083665
239.5,29.81235538,-47.42988833,39599.96103,148.463859,45.06228146,46.38142937
239.6,29.81217208,-47.43367322,39593.74904,148.4849951,45.03438412,46.41182365
239.7,29.81198871,-47.43745766,39587.59436,148.5056795,45.00658141,46.44196624
239.8,29.81180525,-47.44124166,39581.49651,148.5264635,44.97911619,46.47199503
239.9,29.81162172,-47.44502521,39575.455,148.5471047,44.95174508,46.50177163
240,29.8114381,-47.44880832,39569.46934,148.5674244,44.92454886,46.53138105
240.1,29.81125441,-47.452591,39563.53907,148.5877092,44.89760815,46.56079052
240.2,29.81107064,-47.45637323,39557.66371,148.6079814,44.87084176,46.59003227
240.3,29.81088678,-47.46015503,39551.84278,148.62793,44.84424943,46.61910603
240.4,29.81070285,-47.46393639,39546.07581,148.6478649,44.81783091,46.64801159
240.5,29.81051884,-47.46771733,39540.36234,148.6676773,44.79142449,46.67693175
240.6,29.81033475,-47.47149783,39534.7019,148.6873672,44.76503015,46.70563117
240.7,29.81015058,-47.4752779,39529.09401,148.7070424,44.73880918,46.73427969
240.8,29.80996633,-47.47905755,39523.53821,148.7266304,44.71300323,46.76277868
240.9,29.809782,-47.48283678,39518.03405,148.745736,44.68736995,46.79075527
241,29.80959759,-47.48661558,39512.58106,148.7649315,44.66207024,46.81861425
241.1,29.8094131,-47.49039396,39507.17879,148.7837741,44.63702312,46.84615265
241.2,29.80922853,-47.49417192,39501.8268,148.8024424,44.61214777,46.8735208
241.3,29.80904388,-47.49794946,39496.52463,148.8211979,44.58760488,46.9007702
241.4,29.80885915,-47.50172659,39491.27184,148.8394914,44.56315277,46.92764629
241.5,29.80867434,-47.50550331,39486.068,148.8577395,44.53895209,46.95431826
241.6,29.80848945,-47.50927961,39480.91266,148.8758107,44.51492216,46.98093667
241.7,29.80830448,-47.5130555,39475.8054,148.8938351,44.49114308,47.00735038
241.8,29.80811943,-47.51683099,39470.74578,148.9117061,44.46745399,47.03338984
241.9,29.80793429,-47.52060606,39465.73338,148.9293736,44.44401527,47.05945966
242,29.80774908,-47.52438074,39460.76777,148.9470173,44.42074638,47.08535718
242.1,29.80756379,-47.528155,39455.84852,148.9644812,44.39764714,47.11096436
242.2,29.80737841,-47.53192887,39450.97523,148.9819201,44.37471733,47.13651661
242.3,29.80719295,-47.53570234,39446.14746,148.9991781,44.35195675,47.16177807
242.4,29.80700742,-47.53947541,39441.36481,149.0162546,44.32936519,47.18698418
242.5,29.8068218,-47.54324808,39436.62687,149.0331491,44.30694247,47.21201689
242.6,29.8066361,-47.54702035,39431.93324,149.0501467,44.28476841,47.23684251
242.7,29.80645032,-47.55079223,39427.28354,149.0669867,44.26268273,47.26152773
242.8,29.80626446,-47.55456372,39422.67737,149.0834875,44.24076529,47.2861568
242.9,29.80607852,-47.55833481,39418.11436,149.1001155,44.2190159,47.31049371
243,29.80589249,-47.56210552,39413.5941,149.1166104,44.19727455,47.33484128
243.1,29.80570639,-47.56587584,39409.11623,149.1329722,44.17554121,47.35908158
243.2,29.8055202,-47.56964577,39404.68036,149.1493306,44.15389574,47.38329888
243.3,29.80533393,-47.57341531,39400.2861,149.1658152,44.13241787,47.40757733
243.4,29.80514758,-47.57718448,39395.93307,149.1820104,44.1109478,47.43151243
243.5,29.80496115,-47.58095325,39391.6209,149.1981492,44.08972484,47.45535667
243.6,29.80477463,-47.58472165,39387.34921,149.2140488,44.06882847,47.478958
243.7,29.80458804,-47.58848967,39383.11762,149.229761,44.0480989,47.50226568
243.8,29.80440136,-47.59225731,39378.92577,149.2453882,44.02769533,47.52544774
243.9,29.8042146,-47.59602457,39374.7733,149.2608266,44.00745811,47.54833558
244,29.80402776,-47.59979145,39370.65984,149.2762052,43.98746669,47.57113109
244.1,29.80384083,-47.60355797,39366.58504,149.2915498,43.96764121,47.59374993
244.2,29.80365383,-47.6073241,39362.54854,149.3065482,43.94798151,47.61607383
244.3,29.80346674,-47.61108987,39358.54999,149.3215117,43.92848742,47.63822062
244.4,29.80327957,-47.61485526,39354.58904,149.336284,43.90915877,47.66030819
244.5,29.80309231,-47.61862029,39350.66535,149.3510205,43.8899954,47.68221827
244.6,29.80290498,-47.62238495,39346.77857,149.3655649,43.87099716,47.70395065
244.7,29.80271756,-47.62614924,39342.92836,149.3800727,43.85216387,47.72550515
244.8,29.80253006,-47.62991316,39339.11438,149.3945434,43.83349538,47.74699969
244.9,29.80234248,-47.63367672,39335.33631,149.4088206,43.81499154,47.76831597
245,29.80215481,-47.63743992,39331.59379,149.4229312,43.79657281,47.78948803
245.1,29.80196707,-47.64120275,39327.88652,149.4371597,43.77831846,47.81048149
245.2,29.80177923,-47.64496522,39324.21414,149.4510374,43.76022835,47.83141433
245.3,29.80159132,-47.64872734,39320.57634,149.4649036,43.74222301,47.85208435
245.4,29.80140332,-47.65248909,39316.9728,149.4788592,43.72446093,47.87277729
245.5,29.80121525,-47.65625049,39313.40319,149.4924903,43.70678338,47.89320708
245.6,29.80102708,-47.66001153,39309.86719,149.506109,43.68919028,47.91361002
245.7,29.80083884,-47.66377221,39306.36449,149.5196597,43.67183997,47.93379893
245.8,29.80065051,-47.66753254,39302.89477,149.5330411,43.65457387,47.95396071
245.9,29.8004621,-47.67129252,39299.45772,149.5463814,43.63747107,47.97394254
246,29.80027361,-47.67505214,39296.05303,149.5595519,43.62045229,47.99366049
246.1,29.80008503,-47.67881141,39292.6804,149.5728369,43.60359656,48.0134347
246.2,29.79989637,-47.68257034,39289.33953,149.5859515,43.58682466,48.03306307
246.3,29.79970762,-47.68632891,39286.03013,149.5990799,43.57005743,48.05269837
246.4,29.7995188,-47.69008714,39282.7519,149.6120658,43.55329487,48.07222231
246.5,29.79932989,-47.69384502,39279.50456,149.6248809,43.53661601,48.09171854
246.6,29.79914089,-47.69760255,39276.28782,149.6379657,43.52009978,48.11115231
246.7,29.79895182,-47.70135973,39273.10138,149.6507512,43.50358808,48.13047453
246.8,29.79876266,-47.70511658,39269.94496,149.6636497,43.48723883,48.14973408
246.9,29.79857341,-47.70887308,39266.81827,149.6762486,43.470894,48.16876357
247,29.79838408,-47.71262923,39263.72103,149.6889315,43.45479038,48.18781375
247.1,29.79819467,-47.71638505,39260.65295,149.7014708,43.43869105,48.20663367
247.2,29.79800518,-47.72014053,39257.61376,149.713937,43.42283266,48.22547398
247.3,29.7978156,-47.72389566,39254.60318,149.7262018,43.40713616,48.2440141
247.4,29.79762594,-47.72765046,39251.62093,149.7383926,43.39168026,48.26233736
247.5,29.79743619,-47.73140492,39248.66675,149.7503524,43.37646479,48.28056195
247.6,29.79724636,-47.73515904,39245.74036,149.7624225,43.36141074,48.29848569
247.7,29.79705645,-47.73891283,39242.8415,149.7742895,43.34651801,48.3163453
247.8,29.79686645,-47.74266628,39239.96991,149.7859532,43.33178646,48.33414065
247.9,29.79667637,-47.7464194,39237.12533,149.7975986,43.31713724,48.35166961
248,29.7964862,-47.75017219,39234.30751,149.8090399,43.30264901,48.36901554
248.1,29.79629595,-47.75392464,39231.51619,149.8204335,43.28832166,48.38629679
248.2,29.79610562,-47.75767676,39228.75112,149.8318081,43.27407637,48.40342976
248.3,29.7959152,-47.76142855,39226.01205,149.8431344,43.25999177,48.4204978
248.4,29.7957247,-47.76518001,39223.29873,149.8542555,43.24606774,48.4375008
248.5,29.79553412,-47.76893114,39220.61091,149.8653861,43.2321469,48.45427176
248.6,29.79534345,-47.77268194,39217.94836,149.8764384,43.2184651,48.47094229
248.7,29.79515269,-47.77643242,39215.31084,149.8873433,43.20478637,48.48749916
248.8,29.79496185,-47.78018256,39212.69809,149.8981987,43.19126787,48.50399054
248.9,29.79477093,-47.78393238,39210.10989,149.9088769,43.17783095,48.52033291
249,29.79457992,-47.78768188,39207.54599,149.9196618,43.16455408,48.53660955
249.1,29.79438883,-47.79143105,39205.00618,149.9304259,43.15135864,48.55285562
249.2,29.79419766,-47.7951799,39202.4902,149.9408555,43.13824456,48.56883374
249.3,29.7940064,-47.79892842,39199.99784,149.9513911,43.1252903,48.58486449
249.4,29.79381505,-47.80267662,39197.52887,149.9617784,43.11233878,48.60054371
249.5,29.79362362,-47.8064245,39195.08305,149.9721144,43.09954694,48.61639406
249.6,29.79343211,-47.81017206,39192.66017,149.9825558,43.08691468,48.63205938
249.7,29.79324051,-47.8139193,39190.26,149.9926916,43.07428502,48.6474916
249.8,29.79304883,-47.81766622,39187.88232,150.0027755,43.06181481,48.66297599
249.9,29.79285706,-47.82141282,39185.52691,150.0128373,43.04942554,48.67831044
250,29.79266521,-47.8251591,39183.19356,150.0230036,43.03719555,48.69369691
250.1,29.79247327,-47.82890507,39180.88204,150.0328637,43.02496799,48.70873119
250.2,29.79228125,-47.83265072,39178.59215,150.042828,43.01289959,48.72381732
250.3,29.79208914,-47.83639605,39176.32368,150.0526126,43.0009119,48.73887195
250.4,29.79189695,-47.84014106,39174.0764,150.0623743,42.98900488,48.75365741
250.5,29.79170468,-47.84388576,39171.85012,150.0719559,42.97717848,48.7684112
250.6,29.79151231,-47.84763015,39169.64463,150.0816409,42.96551095,48.78321654
250.7,29.79131987,-47.85137422,39167.45972,150.0911759,42.95384563,48.79766916
250.8,29.79112734,-47.85511798,39165.29518,150.1006571,42.94233906,48.81217316
250.9,29.79093472,-47.85886143,39163.15083,150.1101145,42.93091289,48.82664523
251,29.79074202,-47.86260457,39161.02645,150.1195785,42.91948884,48.84112097
251.1,29.79054924,-47.86634739,39158.92184,150.1288921,42.90806691,48.85548149
251.2,29.79035637,-47.87008991,39156.83682,150.1382123,42.8966471,48.86972677
251.3,29.79016341,-47.87383211,39154.77116,150.1475085,42.8853076,48.88393997
251.4,29.78997037,-47.87757401,39152.7247,150.1567806,42.87404836,48.89823998
251.5,29.78977725,-47.88131559,39150.69722,150.1661856,42.86286934,48.9123889
251.6,29.78958404,-47.88505687,39148.68855,150.1752826,42.85169235,48.92642241
251.7,29.78939074,-47.88879784,39146.6985,150.1843553,42.84059552,48.9403047
251.8,29.78919736,-47.89253851,39144.72688,150.1935299,42.82965694,48.95423783
251.9,29.78900389,-47.89627886,39142.77351,150.2023961,42.81872029,48.96805539
252,29.78881034,-47.90001891,39140.8382,150.2113948,42.80786367,48.98184051
252.1,29.78861671,-47.90375866,39138.92078,150.2203377,42.79716512,48.9955573
252.2,29.78842298,-47.9074981,39137.02106,150.2291293,42.78646843,49.00903935
252.3,29.78822918,-47.91123724,39135.13886,150.2378956,42.77585164,49.02248876
252.4,29.78803528,-47.91497607,39133.27402,150.2466368,42.76531472,49.0359055
252.5,29.78784131,-47.9187146,39131.42634,150.2553215,42.75493565,49.0492536
252.6,29.78764724,-47.92245283,39129.59566,150.2640117,42.74455832,49.06248575
252.7,29.7874531,-47.92619076,39127.78181,150.2726452,42.73433874,49.07564911
252.8,29.78725886,-47.92992838,39125.98462,150.2809694,42.72412084,49.08869642
252.9,29.78706454,-47.9336657,39124.2039,150.2894251,42.7139826,49.10171077
253,29.78687014,-47.93740272,39122.43951,150.2978235,42.70400195,49.1146561
253.1,29.78667565,-47.94113945,39120.69126,150.3061646,42.69417882,49.1274132
253.2,29.78648107,-47.94487587,39118.959,150.314322,42.68443519,49.14001797
253.3,29.78628641,-47.94861199,39117.24256,150.3224216,42.67484894,49.15255343
253.4,29.78609167,-47.95234782,39115.5418,150.3304946,42.6653421,49.1649364
253.5,29.78589683,-47.95608334,39113.85653,150.3385094,42.65599252,49.17724988
253.6,29.78570192,-47.95981857,39112.18662,150.3463399,42.64672224,49.1894107
253.7,29.78550691,-47.9635535,39110.53191,150.3541748,42.63745334,49.2014549
253.8,29.78531182,-47.96728813,39108.89225,150.3619511,42.62834157,49.21354861
253.9,29.78511665,-47.97102247,39107.26748,150.3697002,42.61930899,49.22548947
254,29.78492139,-47.97475651,39105.65745,150.3774219,42.61035558,49.23727741
254.1,29.78472604,-47.97849026,39104.06203,150.3849588,42.60148129,49.2490316
254.2,29.78453061,-47.98222371,39102.48105,150.3924996,42.59260826,49.26066892
254.3,29.78433509,-47.98595687,39100.91438,150.3999812,42.58389213,49.27235548
254.4,29.78413949,-47.98968973,39099.36188,150.4074668,42.57517722,49.28380583
254.5,29.7839438,-47.9934223,39097.82339,150.414767,42.56654132,49.29522225
254.6,29.78374803,-47.99715457,39096.29878,150.4223227,42.55806219,49.30668774
254.7,29.78355217,-48.00088655,39094.78791,150.4294412,42.54950643,49.31795312
254.8,29.78335622,-48.00461824,39093.29064,150.436815,42.54110738,49.32914818
254.9,29.78316019,-48.00834964,39091.80684,150.4440031,42.5327872,49.34030912
255,29.78296407,-48.01208074,39090.33635,150.4510371,42.52446814,49.35147221
255.1,29.78276787,-48.01581155,39088.87906,150.4582005,42.51622792,49.36248178
255.2,29.78257158,-48.01954208,39087.43483,150.4653354,42.5080665,49.37333776
255.3,29.78237521,-48.02327231,39086.00351,150.4722842,42.49998387,49.38427884
255.4,29.78217874,-48.02700225,39084.585,150.4792364,42.49190227,49.39510258
255.5,29.7819822,-48.0307319,39083.17914,150.48616,42.48389942,49.40577258
255.6,29.78178556,-48.03446126,39081.78581,150.4930548,42.47597527,49.4165276
255.7,29.78158885,-48.03819033,39080.40489,150.4999209,42.4681298,49.4271288
255.8,29.78139204,-48.04191912,39079.03625,150.5066324,42.46028531,49.43773193
255.9,29.78119515,-48.04564761,39077.67975,150.5134728,42.45251946,49.44818114
256,29.78099817,-48.04937582,39076.33529,150.5201264,42.44483221,49.45859581
256.1,29.78080111,-48.05310373,39075.00272,150.5269086,42.43722354,49.46897591
256.2,29.78060396,-48.05683137,39073.68194,150.5333784,42.4296158,49.47923839
256.3,29.78040673,-48.06055871,39072.37281,150.5399766,42.42208659,49.48958571
256.4,29.78020941,-48.06428577,39071.07523,150.5465456,42.4146359,49.49977888
256.5,29.780012,-48.06801254,39069.78906,150.5531176,42.40718609,49.50985432
256.6,29.77981451,-48.07173902,39068.51419,150.5596277,42.39989234,49.51997803
256.7,29.77961693,-48.07546522,39067.2505,150.5660152,42.39252186,49.52990094
256.8,29.77941926,-48.07919113,39065.99788,150.5723408,42.38530739,49.53987205
256.9,29.77922151,-48.08291676,39064.75621,150.5786691,42.37809374,49.54972531
257,29.77902368,-48.0866421,39063.52538,150.5851256,42.37095848,49.55954368
257.1,29.77882575,-48.09036716,39062.30528,150.591269,42.36382403,49.56936371
257.2,29.77862774,-48.09409194,39061.09578,150.5973825,42.35676792,49.57902924
257.3,29.77842965,-48.09781643,39059.89679,150.6036241,42.34979013,49.58865979
257.4,29.77823146,-48.10154063,39058.70818,150.6097103,42.34281312,49.59829193
257.5,29.7780332,-48.10526456,39057.52986,150.6160499,42.3359919,49.60785244
257.6,29.77783484,-48.1089882,39056.36171,150.6219506,42.32909391,49.6173315
257.7,29.7776364,-48.11271156,39055.20363,150.6281046,42.32235167,49.62673883
257.8,29.77743788,-48.11643463,39054.05551,150.6339777,42.31553267,49.63606468
257.9,29.77723926,-48.12015743,39052.91724,150.6399458,42.30886936,49.64543838
258,29.77704056,-48.12387994,39051.78872,150.6459164,42.30220675,49.6546939
258.1,29.77684178,-48.12760217,39050.66985,150.6518565,42.29562231,49.66391422
258.2,29.77664291,-48.13132412,39049.56053,150.657641,42.28903856,49.67301629
258.3,29.77644395,-48.13504579,39048.46064,150.6633949,42.28253294,49.6820831
258.4,29.7762449,-48.13876717,39047.3701,150.6692764,42.27610543,49.69123431
258.5,29.77604577,-48.14248828,39046.28881,150.6750021,42.26967857,49.7001475
258.6,29.77584656,-48.14620911,39045.21665,150.6805718,42.26325237,49.70906205
258.7,29.77564725,-48.14992965,39044.15354,150.6863942,42.25698164,49.71802423
258.8,29.77544787,-48.15364992,39043.09939,150.6920606,42.25071154,49.72686801
258.9,29.77524839,-48.15736991,39042.05408,150.697571,42.24444207,49.73559337
259,29.77504883,-48.16108962,39041.01753,150.7032087,42.2382506,49.74440303
259.1,29.77484918,-48.16480905,39039.98965,150.7086902,42.23205975,49.75297446
259.2,29.77464944,-48.1685282,39038.97034,150.7141409,42.22594687,49.76163015
259.3,29.77444962,-48.17224707,39037.9595,150.7197187,42.21991196,49.77025031
259.4,29.77424972,-48.17596567,39036.95705,150.7251403,42.21387762,49.77887172
259.5,29.77404972,-48.17968399,39035.9629,150.7305308,42.20792121,49.78733776
259.6,29.77384964,-48.18340203,39034.97695,150.7359232,42.20196536,49.79580501
259.7,29.77364947,-48.18711979,39033.99911,150.7412845,42.19608741,49.80411681
259.8,29.77344922,-48.19083727,39033.02931,150.7466476,42.19021001,49.81254963
259.9,29.77324888,-48.19455448,39032.06744,150.751696,42.18433315,49.82074395
260,29.77304846,-48.19827141,39031.11343,150.7571548,42.17861147,49.8291054
260.1,29.77284794,-48.20198807,39030.16718,150.7621737,42.172813,49.8371453
260.2,29.77264734,-48.20570445,39029.22861,150.7674445,42.16716967,49.84547217
260.3,29.77244666,-48.20942055,39028.29765,150.7725921,42.16144954,49.85347743
260.4,29.77224589,-48.21313638,39027.37419,150.7777081,42.15580723,49.86156679
260.5,29.77204503,-48.21685193,39026.45817,150.7827926,42.15024269,49.86962033
260.6,29.77184408,-48.22056721,39025.5495,150.7878788,42.14467864,49.87755505
260.7,29.77164305,-48.22428221,39024.64809,150.7929666,42.13911509,49.88561077
260.8,29.77144194,-48.22799694,39023.75387,150.7980562,42.13355202,49.89342772
260.9,29.77124073,-48.23171139,39022.86675,150.802989,42.12798944,49.90136568
261,29.77103944,-48.23542557,39021.98666,150.8078901,42.1225046,49.90914779
261.1,29.77083806,-48.23913948,39021.11352,150.8129512,42.11702023,49.9170509
261.2,29.7706366,-48.24285311,39020.24724,150.8178222,42.11161357,49.92479812
261.3,29.77043505,-48.24656646,39019.38775,150.8226947,42.10620737,49.93254636
261.4,29.77023341,-48.25027955,39018.53496,150.8276938,42.10087886,49.94025862
261.5,29.77003169,-48.25399236,39017.68881,150.8324111,42.09547357,49.94788892
261.6,29.76982988,-48.25770489,39016.84922,150.8373798,42.09022317,49.95556618
261.7,29.76962798,-48.26141716,39016.01611,150.8420666,42.084896,49.96304143
261.8,29.769426,-48.26512915,39015.1894,150.8470049,42.07972366,49.97068363
261.9,29.76922393,-48.26884087,39014.36903,150.8516612,42.07447456,49.97812379
262,29.76902177,-48.27255231,39013.55491,150.8562854,42.06930308,49.98564789
262.1,29.76881953,-48.27626349,39012.74698,150.8609111,42.06413201,49.99293285
262.2,29.7686172,-48.27997439,39011.94517,150.8656631,42.05903854,50.00030172
262.3,29.76841479,-48.28368502,39011.14939,150.8703829,42.05402264,50.0077545
262.4,29.76821228,-48.28739538,39010.35959,150.8748207,42.04892998,50.01500515
262.5,29.76800969,-48.29110547,39009.57569,150.8793848,42.04391488,50.0222196
262.6,29.76780702,-48.29481528,39008.79761,150.8840751,42.03897732,50.02939784
262.7,29.76760426,-48.29852483,39008.02531,150.8886082,42.03404015,50.03657696
262.8,29.76740141,-48.3022341,39007.25869,150.892984,42.02910336,50.04375696
262.9,29.76719847,-48.30594311,39006.49771,150.8974861,42.02424408,50.05078059
263,29.76699545,-48.30965184,39005.74229,150.9019894,42.01938517,50.05780506
263.1,29.76679234,-48.3133603,39004.99236,150.9064602,42.01460375,50.06491336
263.2,29.76658915,-48.3170685,39004.24788,150.9107737,42.00982269,50.07190236
263.3,29.76638586,-48.32077642,39003.50876,150.9150884,42.00504199,50.07877205
263.4,29.76618249,-48.32448407,39002.77495,150.9195292,42.00033875,50.08572553
263.5,29.76597904,-48.32819146,39002.0464,150.9238126,41.99563585,50.09255967
263.6,29.7657755,-48.33189857,39001.32303,150.9280972,41.9909333,50.09927443
263.7,29.76557187,-48.33560541,39000.60478,150.9323491,41.98630819,50.10607296
263.8,29.76536815,-48.33931199,38999.8916,150.9366021,41.98168341,50.11287227
263.9,29.76516435,-48.3430183,38999.18343,150.9408225,41.97713603,50.11951495
264,29.76496046,-48.34672433,38998.48021,150.9449192,41.97251192,50.12619562
264.1,29.76475649,-48.3504301,38997.78187,150.9492666,41.96804226,50.13292281
264.2,29.76455243,-48.3541356,38997.08837,150.9533316,41.96349586,50.13944754
264.3,29.76434828,-48.35784083,38996.39964,150.9573638,41.95902683,50.14593577
264.4,29.76414404,-48.3615458,38995.71563,150.9615559,41.95455812,50.15254496
264.5,29.76393972,-48.36525049,38995.03628,150.965715,41.95016675,50.15899739
264.6,29.76373531,-48.36895492,38994.36154,150.9697164,41.94577569,50.16545053
264.7,29.76353082,-48.37265908,38993.69135,150.9737189,41.94138494,50.17190438
264.8,29.76332623,-48.37636297,38993.02566,150.9778472,41.93707151,50.17832166
264.9,29.76312156,-48.38006659,38992.36441,150.9818177,41.93275837,50.18473964
265,29.76291681,-48.38376995,38991.70755,150.9857892,41.92844552,50.19103802
265.1,29.76271197,-48.38747304,38991.05502,150.989603,41.92413296,50.1972168
265.2,29.76250704,-48.39117586,38990.40678,150.9935425,41.9198977,50.20359954
265.3,29.76230202,-48.39487842,38989.76277,150.9974829,41.91566272,50.20974234
265.4,29.76209692,-48.3985807,38989.12295,151.0013902,41.91150501,50.21596878
265.5,29.76189173,-48.40228272,38988.48725,151.0052985,41.90734757,50.22219589
265.6,29.76168646,-48.40598448,38987.85563,151.0090489,41.90319041,50.22830331
265.7,29.76148109,-48.40968597,38987.22804,151.012959,41.89903351,50.23441137
265.8,29.76127564,-48.41338719,38986.60444,151.0166771,41.89495386,50.24048273
265.9,29.76107011,-48.41708814,38985.98476,151.0205549,41.89087446,50.24655471
266,29.76086449,-48.42078883,38985.36896,151.0242748,41.88679533,50.25250695
266.1,29.76065878,-48.42448925,38984.757,151.0279956,41.88271646,50.25845981
266.2,29.76045298,-48.42818941,38984.14883,151.0316831,41.8787148,50.26449628
266.3,29.7602471,-48.4318893,38983.5444,151.0353714,41.87471339,50.27041297
266.4,29.76004113,-48.43558892,38982.94366,151.0391852,41.87078917,50.27629287
266.5,29.75983507,-48.43928828,38982.34656,151.0427164,41.86678826,50.28221077
266.6,29.75962893,-48.44298738,38981.75307,151.046373,41.86286453,50.28797144
266.7,29.7594227,-48.44668621,38981.16313,151.0500305,41.85894104,50.29385311
266.8,29.75921638,-48.45038477,38980.57671,151.0536545,41.85509472,50.29957751
266.9,29.75900998,-48.45408307,38979.99375,151.0571547,41.85117171,50.30533991
267,29.75880349,-48.4577811,38979.41421,151.0607803,41.84732585,50.31106545
267.1,29.75859691,-48.46147887,38978.83806,151.0643724,41.84355714,50.3167541
267.2,29.75839025,-48.46517637,38978.26524,151.0678407,41.83971174,50.32248076
267.3,29.7581835,-48.46887361,38977.69571,151.0714344,41.83594347,50.32805005
267.4,29.75797667,-48.47257058,38977.12943,151.0748698,41.83217543,50.33374036
267.5,29.75776974,-48.47626729,38976.56636,151.0783061,41.82840761,50.33931074
267.6,29.75756273,-48.47996373,38976.00646,151.0818676,41.82471689,50.34484417
267.7,29.75735564,-48.48365991,38975.44969,151.0851464,41.82094951,50.35041562
267.8,29.75714845,-48.48735583,38974.896,151.0885505,41.81725923,50.35582961
267.9,29.75694118,-48.49105148,38974.34536,151.0920798,41.81364603,50.36144763
268,29.75673382,-48.49474687,38973.79772,151.0954854,41.80995617,50.36686266
268.1,29.75652638,-48.49844199,38973.25305,151.0988572,41.80634338,50.3723612
268.2,29.75631885,-48.50213685,38972.71131,151.1022297,41.8027308,50.37773974
268.3,29.75611123,-48.50583145,38972.17245,151.1056029,41.79911843,50.38311877
268.4,29.75590353,-48.50952578,38971.63645,151.1088178,41.79550625,50.38837776
268.5,29.75569574,-48.51321985,38971.10325,151.1121579,41.79197113,50.3938408
268.6,29.75548786,-48.51691365,38970.57284,151.1153742,41.78835936,50.39898022
268.7,29.7552799,-48.5206072,38970.04515,151.1187156,41.78482463,50.40432368
268.8,29.75507185,-48.52430047,38969.52017,151.1220232,41.78136694,50.40963009
268.9,29.75486371,-48.52799349,38968.99786,151.1252069,41.77783259,50.41485395
269,29.75465548,-48.53168624,38968.47817,151.1285159,41.77437527,50.42004073
269.1,29.75444717,-48.53537873,38967.96107,151.1318254,41.77091814,50.42522797
269.2,29.75423878,-48.53907096,38967.44653,151.1349765,41.76746119,50.43041567
269.3,29.75403029,-48.54276292,38966.93451,151.1381283,41.76400443,50.43548323
269.4,29.75382172,-48.54645462,38966.42498,151.1411216,41.76054786,50.44067186
269.5,29.75361306,-48.55014606,38965.9179,151.1443991,41.75716827,50.44570274
269.6,29.75340432,-48.55383723,38965.41324,151.1475181,41.75378887,50.45085468
269.7,29.75319549,-48.55752815,38964.91096,151.1506378,41.75040964,50.45588645
269.8,29.75298657,-48.5612188,38964.41104,151.1537233,41.74710739,50.46088104
269.9,29.75277756,-48.56490918,38963.91344,151.1568094,41.7438053,50.46587607
270,29.75256847,-48.56859931,38963.41812,151.1598961,41.74050339,50.47087152
270.1,29.75235929,-48.57228917,38962.92505,151.1629834,41.73720165,50.47574676
270.2,29.75215003,-48.57597877,38962.43421,151.1660366,41.73397685,50.48070543
270.3,29.75194068,-48.57966811,38961.94556,151.1689659,41.73067544,50.48558149
270.4,29.75173124,-48.58335719,38961.45908,151.1720202,41.72745097,50.49042033
270.5,29.75152171,-48.587046,38960.97472,151.1749159,41.72422667,50.49525958
270.6,29.7513121,-48.59073455,38960.49246,151.1779713,41.72100252,50.50009922
270.7,29.7511024,-48.59442285,38960.01228,151.1809925,41.7178553,50.50490162
270.8,29.75089262,-48.59811087,38959.53413,151.1837307,41.71463147,50.50962138
270.9,29.75068275,-48.60179864,38959.058,151.186753,41.71148456,50.51442456
271,29.75047279,-48.60548615,38958.58385,151.1896166,41.7083378,50.51910743
271.1,29.75026274,-48.60917339,38958.11165,151.19264,41.7051912,50.52379068
271.2,29.75005261,-48.61286038,38957.64138,151.1955047,41.70204475,50.52847432
271.3,29.74984239,-48.6165471,38957.173,151.198335,41.69897519,50.53324137
271.4,29.74963209,-48.62023356,38956.7065,151.2012007,41.69582905,50.53780505
271.5,29.74942169,-48.62391976,38956.24183,151.2040321,41.69275979,50.54257286
271.6,29.74921121,-48.62760569,38955.77898,151.206864,41.68969067,50.54709957
271.7,29.74900065,-48.63129137,38955.31792,151.2096964,41.6866217,50.5517474
271.8,29.74879,-48.63497678,38954.85862,151.2125293,41.68355288,50.55627484
271.9,29.74857926,-48.63866194,38954.40105,151.2154871,41.68056092,50.56088568
272,29.74836843,-48.64234683,38953.94519,151.2181617,41.67749239,50.56541384
272.1,29.74815752,-48.64603146,38953.49102,151.2209612,41.67450071,50.57002541
272.2,29.74794652,-48.64971584,38953.03849,151.2236368,41.67143246,50.57443352
272.3,29.74773544,-48.65339995,38952.5876,151.2264373,41.66844107,50.57892501
272.4,29.74752426,-48.6570838,38952.13832,151.2292383,41.66544981,50.58341686
272.5,29.74731301,-48.66076739,38951.69061,151.2318804,41.66245869,50.58790907
272.6,29.74710166,-48.66445071,38951.24446,151.2346472,41.6595444,50.59236386
272.7,29.74689023,-48.66813378,38950.79984,151.2374497,41.65655355,50.59673595
272.8,29.74667871,-48.67181659,38950.35672,151.2400581,41.65363953,50.60119143
272.9,29.7464671,-48.67549914,38949.91509,151.2427022,41.65064896,50.6055642
273,29.74625541,-48.67918142,38949.47492,151.245471,41.6477352,50.60989953
273.1,29.74604363,-48.68286345,38949.03618,151.2480808,41.64482158,50.61435603
273.2,29.74583177,-48.68654522,38948.59885,151.2506912,41.64190808,50.61869203
273.3,29.74561981,-48.69022672,38948.16291,151.2535856,41.63907139,50.6231114
273.4,29.74540778,-48.69390797,38947.72834,151.2560375,41.63615816,50.62732722
273.5,29.74519565,-48.69758895,38947.29511,151.2586492,41.63324506,50.63154335
273.6,29.74498344,-48.70126968,38946.8632,151.2613856,41.63040874,50.63596371
273.7,29.74477114,-48.70495014,38946.43259,151.2639631,41.62757255,50.64026354
273.8,29.74455875,-48.70863035,38946.00325,151.266541,41.62473649,50.64444282
273.9,29.74434628,-48.71231029,38945.57517,151.2691193,41.62190055,50.64874328
274,29.74413372,-48.71598998,38945.14832,151.2716981,41.61906473,50.65292319
274.1,29.74392108,-48.7196694,38944.72268,151.2742773,41.61622904,50.6571034
274.2,29.74370835,-48.72334857,38944.29823,151.276857,41.61339348,50.66128393
274.3,29.74349553,-48.72702747,38943.87495,151.2794019,41.61063467,50.66554782
274.4,29.74328262,-48.73070612,38943.45282,151.2819824,41.60779935,50.66960806
274.5,29.74306963,-48.73438451,38943.03181,151.2845281,41.60504078,50.67387257
274.6,29.74285655,-48.73806263,38942.61192,151.2870742,41.60228233,50.67801648
274.7,29.74264339,-48.7417405,38942.19311,151.2894966,41.59944737,50.68207763
274.8,29.74243014,-48.74541811,38941.77537,151.2918841,41.59668916,50.68610121
274.9,29.7422168,-48.74909546,38941.35867,151.2945557,41.59400768,50.69032907
275,29.74200337,-48.75277255,38940.943,151.296944,41.5912497,50.69435324
275.1,29.74178986,-48.75644937,38940.52835,151.2994922,41.58849184,50.6983777
275.2,29.74157627,-48.76012594,38940.11468,151.3018813,41.58573409,50.70240245
275.3,29.74136258,-48.76380225,38939.70198,151.304395,41.58305306,50.70651055
275.4,29.74114881,-48.76747831,38939.29023,151.3069092,41.58037215,50.71049799
275.5,29.74093495,-48.7711541,38938.87941,151.30914,41.57761475,50.71452361
275.6,29.74072101,-48.77482963,38938.46951,151.3116549,41.57493406,50.71851161
275.7,29.74050698,-48.7785049,38938.06051,151.3141702,41.57225348,50.7224999
275.8,29.74029286,-48.78217992,38937.65238,151.3165264,41.56957301,50.72648847
275.9,29.74007866,-48.78585467,38937.24512,151.3188829,41.56689265,50.73047732
276,29.73986437,-48.78952917,38936.83869,151.3212399,41.56421241,50.73434546
276.1,29.73964999,-48.79320341,38936.43309,151.3237213,41.56160885,50.73841794
276.2,29.73943553,-48.79687739,38936.0283,151.326079,41.55892882,50.74228663
276.3,29.73922098,-48.8005511,38935.6243,151.3285613,41.55632547,50.74623867
276.4,29.73900634,-48.80422457,38935.22107,151.3307602,41.55364566,50.7501079
276.5,29.73879162,-48.80789777,38934.8186,151.3332432,41.55104253,50.75393947
276.6,29.73857681,-48.81157071,38934.41687,151.335567,41.5484395,50.75789231
276.7,29.73836191,-48.81524339,38934.01586,151.3378911,41.54583657,50.76172441
276.8,29.73814693,-48.81891582,38933.61556,151.3400915,41.5431572,50.7654737
276.9,29.73793186,-48.82258798,38933.21595,151.3425405,41.54063103,50.76938939
277,29.73771671,-48.82625989,38932.81701,151.3448658,41.53802842,50.77322227
277.1,29.73750146,-48.82993154,38932.41873,151.3471914,41.53542592,50.77705542
277.2,29.73728614,-48.83360293,38932.0211,151.3493578,41.53282351,50.78088883
277.3,29.73707072,-48.83727406,38931.62409,151.3518082,41.53029775,50.78468452
277.4,29.73685522,-48.84094494,38931.2277,151.3539753,41.52769556,50.7883974
277.5,29.73663963,-48.84461555,38930.8319,151.3564265,41.52517,50.7921936
277.6,29.73642396,-48.84828591,38930.43668,151.3585943,41.52256801,50.79590698
277.7,29.7362082,-48.851956,38930.04203,151.3608866,41.52004265,50.79970369
277.8,29.73599235,-48.85562584,38929.64793,151.3631792,41.51751738,50.80350066
277.9,29.73577642,-48.85929542,38929.25438,151.3653481,41.5149157,50.80709372
278,29.7355604,-48.86296474,38928.86134,151.3674817,41.51239064,50.81089119
278.1,29.73534429,-48.86663381,38928.46881,151.3697754,41.50986568,50.81456782
278.2,29.7351281,-48.87030261,38928.07678,151.3720337,41.50741732,50.81832777
278.3,29.73491182,-48.87397116,38927.68522,151.3743281,41.50489255,50.82200489
278.4,29.73469545,-48.87763945,38927.29414,151.3764631,41.50236788,50.82568226
278.5,29.734479,-48.88130748,38926.9035,151.3785984,41.49984331,50.82923876
278.6,29.73426246,-48.88497525,38926.51331,151.3808581,41.49739533,50.83299969
278.7,29.73404583,-48.88864277,38926.12354,151.3829941,41.49487095,50.83655667
278.8,29.73382912,-48.89231002,38925.73418,151.3852545,41.49242317,50.84019696
278.9,29.73361233,-48.89597702,38925.34522,151.3873912,41.48989898,50.84387555
279,29.73339544,-48.89964376,38924.95665,151.3896523,41.48745138,50.84751632
279.1,29.73317847,-48.90331024,38924.56845,151.3917539,41.48500387,50.85103618
279.2,29.73296141,-48.90697646,38924.18061,151.3938917,41.48247998,50.85459435
279.3,29.73274427,-48.91064243,38923.79312,151.395994,41.48003266,50.85823582
279.4,29.73252704,-48.91430814,38923.40596,151.3982564,41.47758543,50.86175638
279.5,29.73230972,-48.91797359,38923.01912,151.4003593,41.47513829,50.86539833
279.6,29.73209232,-48.92163878,38922.6326,151.4024626,41.47269125,50.86891935
279.7,29.73187483,-48.92530371,38922.24637,151.4045662,41.4702443,50.8724406
279.8,29.73165726,-48.92896839,38921.86043,151.4067941,41.4678739,50.87604515
279.9,29.7314396,-48.9326328,38921.47476,151.4088984,41.46542714,50.87956686
280,29.73122185,-48.93629696,38921.08936,151.411003,41.46298046,50.88296761
280.1,29.73100401,-48.93996087,38920.70421,151.4130721,41.46061033,50.88657285
280.2,29.73078609,-48.94362451,38920.31929,151.4151773,41.45816383,50.89009524
280.3,29.73056809,-48.9472879,38919.9346,151.417123,41.45571743,50.89349666
280.4,29.73034999,-48.95095102,38919.55013,151.4193529,41.45334757,50.89698137
280.5,29.73013181,-48.95461389,38919.16586,151.4214232,41.45097779,50.90046631
280.6,29.72991355,-48.95827651,38918.78179,151.4233699,41.44853166,50.90386839
280.7,29.72969519,-48.96193886,38918.3979,151.4256006,41.44616206,50.90735377
280.8,29.72947676,-48.96560096,38918.01418,151.4276719,41.44379254,50.91083937
280.9,29.72925823,-48.9692628,38917.63062,151.4297434,41.44142311,50.91432519
281,29.72903962,-48.97292438,38917.24722,151.4318153,41.43905377,50.91769001
281.1,29.72882092,-48.9765857,38916.86395,151.4338875,41.43668451,50.92117626
281.2,29.72860214,-48.98024677,38916.48081,151.4358001,41.43431534,50.9245415
281.3,29.72838327,-48.98390758,38916.0978,151.4378729,41.43194626,50.9280282
281.4,29.72816431,-48.98756813,38915.71489,151.439946,41.42957726,50.93139387
281.5,29.72794527,-48.99122842,38915.33208,151.4418596,41.42720835,50.93475975
281.6,29.72772614,-48.99488846,38914.94936,151.4439333,41.42483953,50.93812585
281.7,29.72750693,-48.99854824,38914.56672,151.4458474,41.42247079,50.94149216
281.8,29.72728763,-49.00220776,38914.18414,151.4478857,41.42017855,50.94482049
281.9,29.72706824,-49.00586702,38913.80163,151.4499603,41.41780998,50.94818722
282,29.72684876,-49.00952603,38913.41917,151.4519992,41.4155179,50.95151596
282.1,29.7266292,-49.01318478,38913.03675,151.4539146,41.4131495,50.95488311
282.2,29.72640956,-49.01684327,38912.65436,151.4559541,41.41085759,50.95821227
282.3,29.72618983,-49.0205015,38912.27199,151.45787,41.40848936,50.96157984
282.4,29.72597001,-49.02415948,38911.88963,151.4599101,41.40619761,50.96490941
282.5,29.7257501,-49.02781719,38911.50728,151.4618266,41.40382955,50.96815611
282.6,29.72553011,-49.03147465,38911.12492,151.4637074,41.40153797,50.97148609
282.7,29.72531004,-49.03513186,38910.74254,151.4657483,41.39924646,50.97481628
282.8,29.72508987,-49.0387888,38910.36015,151.4677895,41.39695504,50.97802536
282.9,29.72486962,-49.04244549,38909.97772,151.4696712,41.39466369,50.98135595
283,29.72464929,-49.04610192,38909.59525,151.4715891,41.39229605,50.98460367
283.1,29.72442887,-49.0497581,38909.21273,151.4734713,41.39000487,50.98781334
283.2,29.72420836,-49.05341402,38908.83016,151.4753538,41.38771378,50.99114455
283.3,29.72398776,-49.05706967,38908.44752,151.4773965,41.38542276,50.99435462
283.4,29.72376708,-49.06072508,38908.0648,151.4792795,41.38313182,50.9975649
283.5,29.72354632,-49.06438022,38907.682,151.4811628,41.38084096,51.00077536
283.6,29.72332547,-49.06803511,38907.29912,151.4831702,41.37862654,51.00406911
283.7,29.72310453,-49.07168974,38906.91613,151.4850541,41.37633585,51.00727997
283.8,29.7228835,-49.07534411,38906.53304,151.4869382,41.37404523,51.01049103
283.9,29.72266239,-49.07899823,38906.14983,151.4888227,41.37175469,51.01370229
284,29.7224412,-49.08265209,38905.7665,151.4908312,41.36954058,51.01699683
284.1,29.72221991,-49.08630569,38905.38304,151.4927161,41.3672502,51.02008711
284.2,29.72199854,-49.08995903,38904.99945,151.4944414,41.36495991,51.02329896
284.3,29.72177709,-49.09361212,38904.61571,151.4964508,41.36274603,51.02647271
284.4,29.72155555,-49.09726495,38904.23182,151.4983366,41.36045589,51.02968494
284.5,29.72133392,-49.10091752,38903.84777,151.5001865,41.35824216,51.03285907
284.6,29.72111221,-49.10456983,38903.46355,151.5020728,41.35595218,51.03595031
284.7,29.72089041,-49.10822189,38903.07916,151.5039233,41.35373861,51.03912482
284.8,29.72066852,-49.11187369,38902.69458,151.5058102,41.35144879,51.04233783
284.9,29.72044655,-49.11552524,38902.30982,151.5076612,41.34923537,51.04551272
285,29.7202245,-49.11917652,38901.92487,151.5095124,41.34702203,51.04868781
285.1,29.72000235,-49.12282755,38901.53971,151.5112401,41.34473244,51.05165859
285.2,29.71978012,-49.12647832,38901.15434,151.5132519,41.34251925,51.05483405
285.3,29.71955781,-49.13012884,38900.76876,151.5151039,41.34030614,51.05800969
285.4,29.71933541,-49.1337791,38900.38296,151.5169562,41.3380931,51.06106411
285.5,29.71911292,-49.1374291,38899.99692,151.518685,41.33580383,51.06415705
285.6,29.71889035,-49.14107884,38899.61066,151.5205379,41.33359094,51.06733326
285.7,29.71866769,-49.14472833,38899.22415,151.522391,41.33137813,51.07038823
285.8,29.71844494,-49.14837756,38898.83739,151.5240843,41.32916539,51.07344338
285.9,29.71822211,-49.15202653,38898.45038,151.5259379,41.32695273,51.07662015
286,29.71799919,-49.15567525,38898.06311,151.5277918,41.32474014,51.07967567
286.1,29.71777619,-49.1593237,38897.67557,151.5296459,41.32252763,51.08273138
286.2,29.7175531,-49.16297191,38897.28776,151.5313403,41.3203152,51.08578726
286.3,29.71732993,-49.16661985,38896.89967,151.5331949,41.31810284,51.08884332
286.4,29.71710667,-49.17026754,38896.5113,151.5350498,41.31589055,51.09189957
286.5,29.71688332,-49.17391497,38896.12263,151.536745,41.31367834,51.094956
286.6,29.71665989,-49.17756214,38895.73367,151.5386004,41.31146621,51.09801261
286.7,29.71643637,-49.18120906,38895.34441,151.5404197,41.30933042,51.10103101
286.8,29.71621277,-49.18485572,38894.95483,151.5421156,41.30711843,51.10408799
286.9,29.71598908,-49.18850212,38894.56495,151.5439719,41.30490652,51.10714514
287,29.7157653,-49.19214826,38894.17475,151.5456683,41.30269468,51.110081
287.1,29.71554144,-49.19579415,38893.78422,151.5474886,41.30055919,51.11322159
287.2,29.71531749,-49.19943978,38893.39336,151.5491855,41.2983475,51.1161578
287.3,29.71509346,-49.20308516,38893.00216,151.5510428,41.29613588,51.11909418
287.4,29.71486934,-49.20673027,38892.61063,151.5528639,41.2940006,51.12223531
287.5,29.71464513,-49.21037513,38892.21875,151.5545616,41.29178913,51.12517205
287.6,29.71442084,-49.21401974,38891.82652,151.5563832,41.28965399,51.12819203
287.7,29.71419646,-49.21766408,38891.43393,151.5580814,41.28744267,51.13112912
287.8,29.713972,-49.22130817,38891.04098,151.5597798,41.28523143,51.13406638
287.9,29.71374745,-49.22495201,38890.64766,151.5616022,41.2830965,51.13708689
288,29.71352282,-49.22859558,38890.25398,151.5633011,41.2808854,51.1400245
288.1,29.7132981,-49.2322389,38889.85991,151.5649638,41.27875062,51.14304537
288.2,29.71307329,-49.23588196,38889.46547,151.5667869,41.27661591,51.1460664
288.3,29.7128484,-49.23952477,38889.07064,151.5684867,41.27440503,51.14900454
288.4,29.71262342,-49.24316731,38888.67541,151.5703102,41.27227046,51.15190439
288.5,29.71239836,-49.2468096,38888.2798,151.5718503,41.27005972,51.15484287
288.6,29.71217321,-49.25045164,38887.88378,151.5736744,41.2679253,51.1578646
288.7,29.71194797,-49.25409341,38887.48736,151.5753386,41.26579094,51.16076497
288.8,29.71172265,-49.25773493,38887.09053,151.5770396,41.26358042,51.16370397
288.9,29.71149725,-49.2613762,38886.69328,151.5788644,41.26144621,51.16660467
289,29.71127176,-49.2650172,38886.29562,151.5805293,41.25931206,51.1696271
289.1,29.71104618,-49.26865795,38885.89753,151.5820709,41.25710177,51.17244507
289.2,29.71082052,-49.27229845,38885.49902,151.5838964,41.25496776,51.17534627
289.3,29.71059477,-49.27593868,38885.10008,151.5855621,41.25283383,51.17824765
289.4,29.71036893,-49.27957866,38884.7007,151.5873881,41.25069996,51.18127076
289.5,29.71014301,-49.28321838,38884.30088,151.5890543,41.24856617,51.18417248
289.6,29.709917,-49.28685785,38883.90062,151.5907206,41.24643244,51.18707436
289.7,29.70969091,-49.29049705,38883.49991,151.5922637,41.24422258,51.18989334
289.8,29.70946474,-49.294136,38883.09875,151.5940907,41.242089,51.19279556
289.9,29.70923847,-49.2977747,38882.69713,151.5957578,41.23995548,51.19569794
290,29.70901212,-49.30141314,38882.29505,151.5974252,41.23782204,51.1986005
290.1,29.70878569,-49.30505132,38881.89251,151.5990928,41.23568866,51.20138162
290.2,29.70855917,-49.30868924,38881.4895,151.6007606,41.23355536,51.20428451
290.3,29.70833256,-49.31232691,38881.08603,151.6024286,41.23142212,51.20718757
290.4,29.70810587,-49.31596431,38880.68207,151.6040969,41.22928895,51.21009079
290.5,29.7078791,-49.31960147,38880.27764,151.6057655,41.22715585,51.21287257
290.6,29.70765223,-49.32323836,38879.87272,151.6074343,41.22502283,51.21577613
290.7,29.70742529,-49.326875,38879.46732,151.6091033,41.22288987,51.21867985
290.8,29.70719825,-49.33051138,38879.06143,151.6107726,41.22075698,51.22146212
290.9,29.70697113,-49.33414751,38878.65505,151.6124421,41.21862416,51.22436618
291,29.70674393,-49.33778338,38878.24817,151.6139516,41.21649141,51.22714878
291.1,29.70651664,-49.34141899,38877.84079,151.6156216,41.21435873,51.22993154
291.2,29.70628926,-49.34505434,38877.43291,151.6172918,41.21222612,51.23283609
291.3,29.7060618,-49.34868944,38877.02452,151.6189623,41.21009358,51.23561918
291.4,29.70583425,-49.35232428,38876.61562,151.6204727,41.20796111,51.23840242
291.5,29.70560662,-49.35595886,38876.20621,151.6222671,41.20590486,51.24126889
291.6,29.7053789,-49.35959319,38875.79628,151.6239383,41.20377253,51.24417411
291.7,29.7051511,-49.36322726,38875.38583,151.6254495,41.20164026,51.24695785
291.8,29.70492321,-49.36686107,38874.97486,151.6271211,41.19950807,51.24974174
291.9,29.70469524,-49.37049463,38874.56336,151.6286328,41.19737594,51.2525258
292,29.70446718,-49.37412793,38874.15133,151.6304283,41.19532003,51.25539308
292.1,29.70423903,-49.37776097,38873.73877,151.6321007,41.19318804,51.25817746
292.2,29.7040108,-49.38139376,38873.32568,151.6336131,41.19105612,51.260962
292.3,29.70378249,-49.38502629,38872.91205,151.6351257,41.18892427,51.26374671
292.4,29.70355408,-49.38865856,38872.49788,151.6367988,41.18679249,51.26653157
292.5,29.7033256,-49.39229057,38872.08316,151.6384352,41.18473691,51.26927797
292.6,29.70309702,-49.39592233,38871.66789,151.6401088,41.18260526,51.27206316
292.7,29.70286837,-49.39955383,38871.25208,151.6416223,41.18047368,51.27484851
292.8,29.70263962,-49.40318508,38870.83572,151.6432594,41.1784183,51.27771707
292.9,29.7024108,-49.40681606,38870.4188,151.6449337,41.17628686,51.28038105
293,29.70218188,-49.41044679,38870.00132,151.646448,41.17415549,51.28316688
293.1,29.70195288,-49.41407727,38869.58328,151.6480858,41.17210031,51.28591422
293.2,29.7017238,-49.41770748,38869.16468,151.6496005,41.16996907,51.28870037
293.3,29.70149463,-49.42133744,38868.74551,151.6512757,41.16783791,51.29148669
293.4,29.70126537,-49.42496714,38868.32577,151.6529142,41.16578292,51.2942345
293.5,29.70103603,-49.42859659,38867.90547,151.6544296,41.16365189,51.29702114
293.6,29.7008066,-49.43222578,38867.48459,151.6559453,41.16152093,51.29968621
293.7,29.70057709,-49.43585471,38867.06313,151.6575845,41.15946615,51.30243449
293.8,29.7003475,-49.43948339,38866.6411,151.6591006,41.15733532,51.30522161
293.9,29.70011781,-49.4431118,38866.21848,151.6607402,41.15528067,51.3079702
294,29.69988805,-49.44673996,38865.79529,151.6622568,41.15314998,51.31063591
294.1,29.69965819,-49.45036787,38865.3715,151.6637736,41.15101936,51.31330176
294.2,29.69942826,-49.45399552,38864.94713,151.6654139,41.1489649,51.31617256
294.3,29.69919823,-49.45762291,38864.52217,151.6669312,41.14683442,51.31883874
294.4,29.69896812,-49.46125004,38864.09662,151.668572,41.14478009,51.32158811
294.5,29.69873793,-49.46487692,38863.67048,151.6700897,41.14264975,51.32425459
294.6,29.69850765,-49.46850353,38863.24373,151.671731,41.14059555,51.32700427
294.7,29.69827729,-49.4721299,38862.81639,151.6732492,41.13846534,51.32967107
294.8,29.69804684,-49.475756,38862.38845,151.6748909,41.13641127,51.33242106
294.9,29.6978163,-49.47938185,38861.9599,151.6764095,41.1342812,51.33508817
295,29.69758568,-49.48300744,38861.53075,151.6780517,41.13222726,51.33783847
295.1,29.69735498,-49.48663278,38861.101,151.6794105,41.13009733,51.34050589
295.2,29.69712419,-49.49025785,38860.67063,151.6810531,41.12804352,51.34325651
295.3,29.69689331,-49.49388268,38860.23965,151.6825727,41.12591372,51.34592424
295.4,29.69666235,-49.49750724,38859.80806,151.6842157,41.12386005,51.34867516
295.5,29.6964313,-49.50113155,38859.37586,151.6855754,41.12173038,51.35134321
295.6,29.69620017,-49.5047556,38858.94304,151.687219,41.11967684,51.35397266
295.7,29.69596896,-49.50837939,38858.5096,151.6887395,41.11754731,51.35664101
295.8,29.69573766,-49.51200292,38858.07553,151.6902231,41.1154939,51.35939255
295.9,29.69550627,-49.5156262,38857.64085,151.691744,41.1133645,51.36206122
296,29.6952748,-49.51924922,38857.20554,151.6933885,41.11131122,51.36469127
296.1,29.69504324,-49.52287199,38856.76961,151.6947495,41.10918196,51.36736025
296.2,29.6948116,-49.5264945,38856.33305,151.6963944,41.10712881,51.3699906
296.3,29.69457987,-49.53011675,38855.89586,151.6980395,41.10507573,51.37274292
296.4,29.69434806,-49.53373874,38855.45804,151.6994013,41.10294667,51.37541236
296.5,29.69411616,-49.53736048,38855.01959,151.7010468,41.10089372,51.37804317
296.6,29.69388418,-49.54098196,38854.5805,151.702409,41.09876479,51.38071292
296.7,29.69365211,-49.54460318,38854.14077,151.704055,41.09671197,51.38334403
296.8,29.69341996,-49.54822414,38853.70041,151.7055409,41.09465921,51.38609711
296.9,29.69318773,-49.55184485,38853.25941,151.7070642,41.09253049,51.3886455
297,29.6929554,-49.5554653,38852.81777,151.7085504,41.09047786,51.39127707
297.1,29.692723,-49.5590855,38852.37549,151.7100742,41.08834928,51.39394759
297.2,29.6924905,-49.56270544,38851.93256,151.7115609,41.08629678,51.39657945
297.3,29.69225793,-49.56632512,38851.48899,151.7130479,41.08424434,51.39921147
297.4,29.69202526,-49.56994454,38851.04477,151.7145723,41.08211596,51.40188245
297.5,29.69179252,-49.5735637,38850.59991,151.7160597,41.08006366,51.40451477
297.6,29.69155968,-49.57718261,38850.15439,151.7175846,41.07793541,51.40706422
297.7,29.69132677,-49.58080127,38849.70823,151.7190724,41.07588324,51.40981869
297.8,29.69109377,-49.58441966,38849.26141,151.7205605,41.07383113,51.41245145
297.9,29.69086068,-49.5880378,38848.81394,151.7220861,41.07170308,51.41500136
298,29.69062751,-49.59165568,38848.36581,151.7235746,41.06965111,51.41763442
298.1,29.69039425,-49.5952733,38847.91703,151.7250633,41.06759919,51.42026764
298.2,29.69016091,-49.59889067,38847.46759,151.7265896,41.06547135,51.42281799
298.3,29.68992748,-49.60250778,38847.0175,151.7280788,41.06341956,51.42545151
298.4,29.68969397,-49.60612463,38846.56674,151.7294451,41.06129185,51.42812404
298.5,29.68946037,-49.60974122,38846.11532,151.7309347,41.0592402,51.43075786
298.6,29.68922669,-49.61335756,38845.66324,151.732585,41.05718861,51.43339183
298.7,29.68899292,-49.61697364,38845.2105,151.733952,41.0550611,51.43594294
298.8,29.68875907,-49.62058947,38844.75709,151.7354423,41.05300964,51.43857721
298.9,29.68852514,-49.62420503,38844.30302,151.7369328,41.05095825,51.44121163
299,29.68829112,-49.62782034,38843.84828,151.7383004,41.04883094,51.4436413
299.1,29.68805701,-49.63143539,38843.39287,151.7397914,41.04677968,51.44627601
299.2,29.68782282,-49.63505019,38842.93679,151.741443,41.04472848,51.44891088
299.3,29.68758855,-49.63866473,38842.48005,151.7428113,41.04260137,51.45146289
299.4,29.68735419,-49.64227901,38842.02263,151.744303,41.0405503,51.45409806
299.5,29.68711974,-49.64589303,38841.56454,151.7457948,41.0384993,51.45673337
299.6,29.68688521,-49.6495068,38841.10578,151.7471638,41.03637239,51.45928584
299.7,29.6866506,-49.6531203,38840.64634,151.7486561,41.03432152,51.46179954
299.8,29.6864159,-49.65673356,38840.18623,151.7501486,41.0322707,51.4644353
299.9,29.68618111,-49.66034655,38839.72545,151.7515183,41.030144,51.46698822
300,29.68594624,-49.66395929,38839.26398,151.7530112,41.02809332,51.46962429
300.1,29.68571129,-49.66757177,38838.80184,151.7545044,41.0260427,51.47213857
300.2,29.68547625,-49.67118399,38838.33903,151.7558748,41.0239162,51.47469194
300.3,29.68524113,-49.67479596,38837.87553,151.7573684,41.02186571,51.47732845
300.4,29.68500592,-49.67840766,38837.41135,151.7588622,41.01981529,51.47984318
300.5,29.68477063,-49.68201911,38836.94649,151.7602333,41.01768899,51.482397
300.6,29.68453525,-49.68563031,38836.48095,151.7617275,41.01563869,51.48503396
300.7,29.68429979,-49.68924124,38836.01473,151.763222,41.01358846,51.48754912
300.8,29.68406424,-49.69285192,38835.54782,151.7645938,41.01146236,51.49010339
300.9,29.68382861,-49.69646235,38835.08023,151.7660887,41.00941226,51.49261885
301,29.6835929,-49.70007251,38834.61195,151.7675839,41.00736222,51.4952564
301.1,29.6833571,-49.70368242,38834.14299,151.7689563,41.00523633,51.49768917
301.2,29.68312121,-49.70729207,38833.67335,151.7704519,41.00318642,51.50032702
301.3,29.68288524,-49.71090146,38833.20301,151.7719477,41.00113657,51.50284306
301.4,29.68264919,-49.71451059,38832.73199,151.7733208,40.99901088,51.50539824
301.5,29.68241305,-49.71811947,38832.26028,151.7748171,40.99696116,51.50791457
301.6,29.68217683,-49.72172809,38831.78788,151.776153,40.99491151,51.51055302
301.7,29.68194052,-49.72533646,38831.31479,151.7775268,40.99278602,51.51298667
301.8,29.68170413,-49.72894456,38830.84101,151.7790237,40.9907365,51.51562542
301.9,29.68146765,-49.73255241,38830.36654,151.7805209,40.98868704,51.51814233
302,29.68123109,-49.73616,38829.89138,151.7818953,40.98656174,51.52057642
302.1,29.68099444,-49.73976733,38829.41552,151.7833929,40.98451242,51.52321562
302.2,29.68075771,-49.74337441,38828.93898,151.7848907,40.98246315,51.52573297
302.3,29.6805209,-49.74698123,38828.46174,151.7861053,40.98033806,51.52816751
302.4,29.680284,-49.75058779,38827.9838,151.7876036,40.97828893,51.53080715
302.5,29.68004701,-49.7541941,38827.50518,151.789102,40.97623986,51.53332494
302.6,29.67980994,-49.75780014,38827.02585,151.7904778,40.97411496,51.53575991
302.7,29.67957279,-49.76140593,38826.54584,151.7918162,40.97206602,51.5384
302.8,29.67933555,-49.76501146,38826.06512,151.7933153,40.97001714,51.54091823
302.9,29.67909823,-49.76861674,38825.58371,151.7946918,40.96789245,51.54335365
303,29.67886083,-49.77222175,38825.10161,151.7961914,40.9658437,51.54587217
303.1,29.67862333,-49.77582651,38824.6188,151.7975306,40.96379502,51.54839084
303.2,29.67838576,-49.77943102,38824.1353,151.7989078,40.96167053,51.55094871
303.3,29.6781481,-49.78303526,38823.6511,151.800408,40.95962197,51.55346767
303.4,29.67791036,-49.78663925,38823.1662,151.8019085,40.95757348,51.55598677
303.5,29.67767253,-49.79024298,38822.68061,151.8031258,40.95544919,51.55842307
303.6,29.67743461,-49.79384645,38822.19431,151.8046267,40.95340083,51.56094247
303.7,29.67719662,-49.79744966,38821.70732,151.806005,40.95127667,51.56337906
303.8,29.67695854,-49.80105262,38821.21962,151.8073457,40.94922844,51.56589875
303.9,29.67672037,-49.80465532,38820.73123,151.8088473,40.94718027,51.56854062
304,29.67648212,-49.80825776,38820.24213,151.8102263,40.94505631,51.57097765
304.1,29.67624378,-49.81185995,38819.75234,151.8115677,40.94300827,51.57349778
304.2,29.67600537,-49.81546187,38819.26184,151.8130699,40.9409603,51.57601805
304.3,29.67576686,-49.81906354,38818.77064,151.8144496,40.93883654,51.57845552
304.4,29.67552827,-49.82266495,38818.27874,151.8157916,40.93678869,51.58097609
304.5,29.6752896,-49.82626611,38817.78614,151.8171718,40.93466507,51.58341385
304.6,29.67505085,-49.82986701,38817.29283,151.8185143,40.93261735,51.58593471
304.7,29.67481201,-49.83346764,38816.79882,151.8200176,40.9305697,51.58845571
304.8,29.67457308,-49.83706803,38816.30411,151.8213984,40.92844627,51.59089392
304.9,29.67433407,-49.84066815,38815.8087,151.8227415,40.92639875,51.59341521
305,29.67409498,-49.84426802,38815.31258,151.8241228,40.92427546,51.59585371
305.1,29.6738558,-49.84786762,38814.81576,151.8254664,40.92222807,51.59825322
305.2,29.67361654,-49.85146698,38814.31824,151.8269708,40.92018073,51.60077495
305.3,29.67337719,-49.85506607,38813.82001,151.8281921,40.91805764,51.60321389
305.4,29.67313776,-49.8586649,38813.32108,151.829697,40.91601044,51.60573591
305.5,29.67289825,-49.86226348,38812.82144,151.8310794,40.91388748,51.60817514
305.6,29.67265865,-49.8658618,38812.3211,151.8324241,40.91184041,51.61069745
305.7,29.67241897,-49.86945987,38811.82006,151.8339296,40.9097934,51.61321991
305.8,29.6721792,-49.87305767,38811.31831,151.835152,40.90767064,51.61565959
305.9,29.67193935,-49.87665522,38810.81586,151.836658,40.90562376,51.61806024
306,29.67169942,-49.88025251,38810.3127,151.8378809,40.90350114,51.62050021
306.1,29.6714594,-49.88384954,38809.80883,151.8393873,40.90145439,51.62302325
306.2,29.67121929,-49.88744631,38809.30426,151.8406106,40.8993319,51.62546351
306.3,29.67097911,-49.89104283,38808.79899,151.8421175,40.89728528,51.62798684
306.4,29.67073883,-49.89463909,38808.29301,151.8434639,40.89523872,51.63038821
306.5,29.67049848,-49.89823509,38807.78633,151.8448486,40.89311643,51.63282892
306.6,29.67025804,-49.90183083,38807.27894,151.8461954,40.89107,51.63535268
306.7,29.67001751,-49.90542632,38806.77084,151.8474199,40.88894784,51.63767156
306.8,29.66977691,-49.90902155,38806.26204,151.8489279,40.88690154,51.64019562
306.9,29.66953621,-49.91261651,38805.75253,151.8502754,40.8848553,51.64271982
307,29.66929544,-49.91621123,38805.24232,151.8515005,40.88273334,51.64503914
307.1,29.66905458,-49.91980568,38804.73141,151.8530091,40.88068724,51.64756363
307.2,29.66881364,-49.92339988,38804.21979,151.8543573,40.87864119,51.64996613
307.3,29.66857261,-49.92699382,38803.70746,151.8555831,40.87651943,51.65240801
307.4,29.6683315,-49.9305875,38803.19443,151.8570924,40.87447352,51.6548108
307.5,29.6680903,-49.93418092,38802.6807,151.8584412,40.87242766,51.65733587
307.6,29.66784902,-49.93777408,38802.16626,151.8596677,40.8703061,51.65965605
307.7,29.66760766,-49.94136699,38801.65112,151.8610169,40.86826038,51.66205926
307.8,29.66736621,-49.94495964,38801.13527,151.8625271,40.86621472,51.66458477
307.9,29.66712468,-49.94855203,38800.61872,151.8637542,40.86409336,51.66690538
308,29.66688306,-49.95214417,38800.10147,151.8651041,40.86204782,51.66943117
308.1,29.66664136,-49.95573604,38799.58352,151.8663317,40.8599266,51.67175206
308.2,29.66639958,-49.95932766,38799.06486,151.8678427,40.85788119,51.67415599
308.3,29.66615771,-49.96291902,38798.5455,151.8691933,40.85583585,51.67668222
308.4,29.66591576,-49.96651012,38798.02544,151.8704216,40.85371482,51.67900354
308.5,29.66567372,-49.97010096,38797.50468,151.8717726,40.85166961,51.6814079
308.6,29.6654316,-49.97369155,38796.98321,151.8731238,40.84962446,51.68393456
308.7,29.6651894,-49.97728188,38796.46105,151.8745134,40.84750363,51.68625632
308.8,29.66494712,-49.98087195,38795.93818,151.8758651,40.84545861,51.6886611
308.9,29.66470474,-49.98446176,38795.41462,151.8770944,40.84333792,51.69110531
309,29.66446229,-49.98805132,38794.89035,151.8784465,40.84129302,51.69351038
309.1,29.66421975,-49.99164061,38794.36538,151.8797989,40.83924819,51.69591558
309.2,29.66397713,-49.99522965,38793.83972,151.8811896,40.8371277,51.69823806
309.3,29.66373442,-49.99881843,38793.31335,151.8825423,40.835083,51.70076573
309.4,29.66349164,-50.00240695,38792.78629,151.8837728,40.83296263,51.70308849
309.5,29.66324876,-50.00599521,38792.25853,151.885126,40.83091806,51.70549427
309.6,29.6630058,-50.00958322,38791.73006,151.8863569,40.82879783,51.70781732
309.7,29.66276276,-50.01317097,38791.20091,151.8877106,40.82675339,51.71034557
309.8,29.66251964,-50.01675846,38790.67105,151.8891026,40.82463329,51.71266891
309.9,29.66227643,-50.02034569,38790.1405,151.8904567,40.82258897,51.71507525
310,29.66203314,-50.02393266,38789.60925,151.8916885,40.82046901,51.71739888
310.1,29.66178976,-50.02751938,38789.0773,151.893043,40.81842482,51.71980551
310.2,29.6615463,-50.03110584,38788.54466,151.8942753,40.81630499,51.72225163
310.3,29.66130276,-50.03469204,38788.01132,151.8956302,40.81426093,51.72465854
310.4,29.66105913,-50.03827798,38787.47728,151.8970237,40.81214124,51.72698274
310.5,29.66081542,-50.04186366,38786.94256,151.898379,40.8100973,51.72938994
310.6,29.66057163,-50.04544908,38786.40713,151.8996122,40.80797774,51.73171443
310.7,29.66032775,-50.04903425,38785.87102,151.900968,40.80593394,51.73424413
310.8,29.66008379,-50.05261916,38785.3342,151.9022016,40.80381451,51.73656891
310.9,29.65983975,-50.05620381,38784.7967,151.9035579,40.80177083,51.73897668
311,29.65959562,-50.0597882,38784.2585,151.904792,40.79965153,51.74130174
311.1,29.65935141,-50.06337234,38783.71961,151.9063094,40.79760799,51.74370979
311.2,29.65910711,-50.06695621,38783.18003,151.9075439,40.79548882,51.74603514
311.3,29.65886273,-50.07053983,38782.63976,151.908901,40.7934454,51.74844348
311.4,29.65861827,-50.07412319,38782.09879,151.910136,40.79132637,51.75089136
311.5,29.65837372,-50.07770629,38781.55714,151.9113712,40.7892074,51.75321715
311.6,29.65812909,-50.08128913,38781.01479,151.9127289,40.78716418,51.75562591
311.7,29.65788438,-50.08487171,38780.47176,151.9139646,40.78504535,51.75795199
311.8,29.65763958,-50.08845404,38779.92803,151.9153228,40.78300225,51.76036104
311.9,29.6573947,-50.09203611,38779.38361,151.9165589,40.78088355,51.7626874
312,29.65714974,-50.09561792,38778.83851,151.9179559,40.77876492,51.76501391
312.1,29.65690469,-50.09919947,38778.29272,151.9193148,40.77672201,51.76742338
312.2,29.65665956,-50.10278076,38777.74624,151.9205516,40.77460351,51.76975018
312.3,29.65641435,-50.1063618,38777.19907,151.9219109,40.77256074,51.77215994
312.4,29.65616905,-50.10994257,38776.65122,151.9231481,40.77044237,51.77448702
312.5,29.65592367,-50.11352309,38776.10268,151.9243855,40.76832407,51.77681425
312.6,29.6556782,-50.11710335,38775.55345,151.9257455,40.76628149,51.77934671
312.7,29.65543265,-50.12068335,38775.00354,151.9269834,40.76416332,51.78167423
312.8,29.65518702,-50.12426309,38774.45294,151.9282215,40.76204522,51.78400189
312.9,29.65494131,-50.12784258,38773.90166,151.9295821,40.76000283,51.78641252
313,29.65469551,-50.1314218,38773.34969,151.9309814,40.75788487,51.78874047
313.1,29.65444963,-50.13500077,38772.79705,151.9322202,40.75576697,51.79106856
313.2,29.65420366,-50.13857948,38772.24371,151.9335815,40.75372477,51.79347961
313.3,29.65395762,-50.14215793,38771.6897,151.9348207,40.751607,51.795808
313.4,29.65371148,-50.14573612,38771.135,151.9360602,40.7494893,51.79813653
313.5,29.65346527,-50.14931406,38770.57962,151.9374221,40.7474473,51.800548
313.6,29.65321897,-50.15289173,38770.02356,151.938662,40.74532973,51.80287682
313.7,29.65297259,-50.15646915,38769.46682,151.9399022,40.74321223,51.80520579
313.8,29.65272612,-50.16004631,38768.9094,151.9411425,40.7410948,51.80753489
313.9,29.65247958,-50.16362321,38768.3513,151.9425053,40.73905305,51.80994695
314,29.65223295,-50.16719985,38767.79252,151.9437462,40.73693575,51.81227634
314.1,29.65198623,-50.17077623,38767.23306,151.9449872,40.73481852,51.81460589
314.2,29.65173943,-50.17435235,38766.67292,151.9463893,40.73270136,51.81693557
314.3,29.65149255,-50.17792822,38766.1121,151.9477529,40.73065987,51.8193482
314.4,29.65124559,-50.18150383,38765.55061,151.9489947,40.72854284,51.82155585
314.5,29.65099854,-50.18507917,38764.98844,151.9502366,40.72642587,51.82388597
314.6,29.65075141,-50.18865426,38764.4256,151.9514788,40.72430897,51.82621624
314.7,29.6505042,-50.1922291,38763.86208,151.9528433,40.72226774,51.82862943
314.8,29.6502569,-50.19580367,38763.29788,151.954086,40.72015098,51.83095999
314.9,29.65000952,-50.19937798,38762.73301,151.9553288,40.71803428,51.83329069
315,29.64976205,-50.20295204,38762.16747,151.9565719,40.71591765,51.83562154
315.1,29.64951451,-50.20652583,38761.60125,151.9578152,40.71380108,51.83795253
315.2,29.64926688,-50.21009937,38761.03436,151.9591808,40.71176017,51.84036644
315.3,29.64901917,-50.21367265,38760.46679,151.9604246,40.70964374,51.84269772
315.4,29.64877137,-50.21724567,38759.89856,151.9616686,40.70752738,51.84502915
315.5,29.64852349,-50.22081843,38759.32965,151.9629128,40.70541108,51.84736072
315.6,29.64827553,-50.22439094,38758.76007,151.9641572,40.70329485,51.84969244
315.7,29.64802748,-50.22796318,38758.18982,151.9654019,40.70117869,51.85190195
315.8,29.64777936,-50.23153517,38757.6189,151.9666468,40.69906259,51.85423396
315.9,29.64753114,-50.2351069,38757.04732,151.968014,40.69702213,51.85664887
316,29.64728285,-50.23867836,38756.47506,151.9692593,40.69490617,51.85898117
316.1,29.64703447,-50.24224957,38755.90213,151.9706657,40.69279027,51.86131361
316.2,29.64678601,-50.24582053,38755.32854,151.9719115,40.69067444,51.8636462
316.3,29.64653747,-50.24939122,38754.75428,151.9731575,40.68855868,51.86597893
316.4,29.64628884,-50.25296165,38754.17936,151.9744037,40.68644299,51.86831181
316.5,29.64604013,-50.25653183,38753.60377,151.9756502,40.68432736,51.87052247
316.6,29.64579134,-50.26010174,38753.02751,151.9768969,40.6822118,51.87285564
316.7,29.64554247,-50.2636714,38752.45059,151.9781438,40.68009631,51.87518896
316.8,29.64529351,-50.2672408,38751.873,151.979391,40.67798088,51.87752242
316.9,29.64504447,-50.27080994,38751.29475,151.9806384,40.67586552,51.87985603
317,29.64479534,-50.27437882,38750.71584,151.982008,40.67382577,51.88227252
317.1,29.64454614,-50.27794744,38750.13626,151.9832558,40.67171055,51.88448403
317.2,29.64429685,-50.2815158,38749.55603,151.9845039,40.66959539,51.88681808
317.3,29.64404747,-50.28508391,38748.97513,151.9857521,40.66748029,51.88915226
317.4,29.64379802,-50.28865175,38748.39357,151.9870007,40.66536527,51.8914866
317.5,29.64354848,-50.29221934,38747.81135,151.9882494,40.66325031,51.89382108
317.6,29.64329886,-50.29578667,38747.22847,151.9894984,40.66113542,51.89603331
317.7,29.64304915,-50.29935373,38746.64493,151.9907475,40.65902059,51.89836808
317.8,29.64279937,-50.30292054,38746.06073,151.991997,40.65690583,51.900703
317.9,29.6425495,-50.30648709,38745.47588,151.9932466,40.65479114,51.90303806
318,29.64229954,-50.31005339,38744.89036,151.9944965,40.65267652,51.90537327
318.1,29.64204951,-50.31361942,38744.30419,151.9957466,40.65056196,51.90758622
318.2,29.64179939,-50.31718519,38743.71737,151.9969969,40.64844747,51.90992171
318.3,29.64154919,-50.32075071,38743.12989,151.9982475,40.64633305,51.91225736
318.4,29.64129891,-50.32431596,38742.54175,151.9994982,40.64421869,51.91459315
318.5,29.64104854,-50.32788096,38741.95296,152.0006273,40.6420289,51.91672396
318.6,29.64079809,-50.3314457,38741.36352,152.0018786,40.63991468,51.91906005
318.7,29.64054756,-50.33501018,38740.77342,152.0031301,40.63780052,51.92139628
318.8,29.64029694,-50.3385744,38740.18267,152.0043817,40.63568644,51.92373266
318.9,29.64004625,-50.34213836,38739.59127,152.0056337,40.63357242,51.92606918
319,29.63979547,-50.34570206,38738.99921,152.0068858,40.63145847,51.92828342
319.1,29.6395446,-50.3492655,38738.40651,152.0081382,40.62934458,51.93062023
319.2,29.63929366,-50.35282868,38737.81315,152.0093908,40.62723077,51.9329572
319.3,29.63904263,-50.35639161,38737.21915,152.0106436,40.62511702,51.93517187
319.4,29.63879152,-50.35995427,38736.6245,152.0118967,40.62300333,51.93750912
319.5,29.63854033,-50.36351668,38736.02919,152.01315,40.62088971,51.93984652
319.6,29.63828905,-50.36707883,38735.43324,152.0142816,40.61870068,51.94210137
319.7,29.63803769,-50.37064071,38734.83665,152.0155354,40.6165872,51.94431662
319.8,29.63778625,-50.37420234,38734.2394,152.0167894,40.61447379,51.94665446
319.9,29.63753473,-50.37776371,38733.64151,152.0180436,40.61236044,51.94899244
320,29.63728312,-50.38132482,38733.04298,152.019298,40.61024716,51.95133058
320.1,29.63703143,-50.38488567,38732.4438,152.0205526,40.60813395,51.9535464
320.2,29.63677966,-50.38844627,38731.84398,152.0216857,40.60594533,51.95580214
320.3,29.63652781,-50.3920066,38731.24351,152.0229408,40.60383225,51.95814072
320.4,29.63627587,-50.39556667,38730.6424,152.0241962,40.60171924,51.96035697
320.5,29.63602385,-50.39912649,38730.04065,152.0254517,40.5996063,51.96269583
320.6,29.63577175,-50.40268604,38729.43825,152.0267075,40.59749342,51.96503484
320.7,29.63551957,-50.40624534,38728.83522,152.0278418,40.59530515,51.96716886
320.8,29.6352673,-50.40980438,38728.23154,152.029098,40.59319241,51.96950817
320.9,29.63501495,-50.41336315,38727.62722,152.0303545,40.59107974,51.97184762
321,29.63476252,-50.41692167,38727.02227,152.0316112,40.58896713,51.97406474
321.1,29.63451001,-50.42047993,38726.41668,152.0328682,40.58685459,51.97640448
321.2,29.63425741,-50.42403793,38725.81044,152.0340036,40.58466667,51.97866171
321.3,29.63400473,-50.42759567,38725.20358,152.035261,40.58255427,51.98087926
321.4,29.63375197,-50.43115315,38724.59607,152.0365186,40.58044193,51.98321945
321.5,29.63349913,-50.43471037,38723.98793,152.0377765,40.57832966,51.98555978
321.6,29.6332462,-50.43826733,38723.37915,152.0389128,40.57614202,51.98769511
321.7,29.63299319,-50.44182404,38722.76974,152.0401711,40.57402988,51.99003574
321.8,29.6327401,-50.44538048,38722.15969,152.0414297,40.57191781,51.99237651
321.9,29.63248693,-50.44893666,38721.54901,152.0425668,40.56973038,51.99451228
322,29.63223367,-50.45249259,38720.9377,152.0438258,40.56761845,51.99685335
322.1,29.63198034,-50.45604825,38720.32575,152.045085,40.56550658,51.99907206
322.2,29.63172692,-50.45960366,38719.71318,152.0462228,40.56331936,52.00133078
322.3,29.63147341,-50.46315881,38719.09997,152.0474825,40.56120763,52.00367228
322.4,29.63121983,-50.46671369,38718.48613,152.0487424,40.55909596,52.00589143
322.5,29.63096616,-50.47026832,38717.87166,152.0498809,40.55690895,52.0081506
322.6,29.63071241,-50.47382269,38717.25656,152.0511412,40.55479742,52.01049254
322.7,29.63045858,-50.4773768,38716.64084,152.0524018,40.55268596,52.01271212
322.8,29.63020467,-50.48093065,38716.02448,152.053541,40.55049916,52.01497174
322.9,29.62995067,-50.48448424,38715.4075,152.0548021,40.54838783,52.0171916
323,29.6296966,-50.48803757,38714.78989,152.0560634,40.54627657,52.01953414
323.1,29.62944244,-50.49159064,38714.17166,152.0572033,40.54408998,52.0217942
323.2,29.62918819,-50.49514345,38713.5528,152.058465,40.54197885,52.02401451
323.3,29.62893387,-50.498696,38712.93332,152.0596054,40.5397924,52.02627487
323.4,29.62867946,-50.50224829,38712.31321,152.0608676,40.53768141,52.02849546
323.5,29.62842497,-50.50580033,38711.69248,152.06213,40.53557049,52.03083873
323.6,29.6281704,-50.5093521,38711.07112,152.0632711,40.53338425,52.03309955
323.7,29.62791575,-50.51290361,38710.44915,152.064534,40.53127346,52.03532057
323.8,29.62766101,-50.51645487,38709.82655,152.0656756,40.52908735,52.03758168
323.9,29.6274062,-50.52000586,38709.20333,152.066778,40.5269767,52.039803
324,29.6271513,-50.5235566,38708.57949,152.0679201,40.52479074,52.04206441
324.1,29.62689632,-50.52710707,38707.95503,152.0691839,40.52268022,52.04428602
324.2,29.62664125,-50.53065729,38707.32995,152.0704479,40.52056977,52.04663032
324.3,29.62638611,-50.53420724,38706.70426,152.0715907,40.51838402,52.04876963
324.4,29.62613088,-50.53775694,38706.07794,152.0728552,40.5162737,52.05111423
324.5,29.62587557,-50.54130637,38705.45101,152.0739984,40.51408809,52.05337639
324.6,29.62562018,-50.54485555,38704.82346,152.0752633,40.51197791,52.05559872
324.7,29.6253647,-50.54840447,38704.1953,152.076407,40.50979243,52.05786118
324.8,29.62510915,-50.55195313,38703.56652,152.0776725,40.50768239,52.0600838
324.9,29.62485351,-50.55550152,38702.93713,152.0788166,40.50549706,52.06234656
325,29.62459779,-50.55904966,38702.30712,152.0800825,40.50338715,52.06456948
325.1,29.62434199,-50.56259754,38701.6765,152.0812271,40.50120195,52.06683254
325.2,29.62408611,-50.56614516,38701.04527,152.0824935,40.49909218,52.06905574
325.3,29.62383014,-50.56969252,38700.41343,152.0836386,40.49690712,52.0713191
325.4,29.62357409,-50.57323962,38699.78097,152.084784,40.49472214,52.07346003
325.5,29.62331796,-50.57678645,38699.1479,152.086051,40.49261257,52.07580626
325.6,29.62306175,-50.58033303,38698.51423,152.0871968,40.49042773,52.07794748
325.7,29.62280546,-50.58387935,38697.87994,152.0884643,40.48831829,52.080294
325.8,29.62254909,-50.58742541,38697.24505,152.0896106,40.48613359,52.08243552
325.9,29.62229263,-50.59097121,38696.60955,152.0908786,40.48402429,52.08478234
326,29.62203609,-50.59451675,38695.97344,152.0920253,40.48183972,52.08692416
326.1,29.62177947,-50.59806203,38695.33672,152.0931724,40.47965523,52.08918872
326.2,29.62152277,-50.60160705,38694.6994,152.094441,40.47754613,52.09141338
326.3,29.62126598,-50.60515181,38694.06147,152.0955885,40.47536178,52.09367824
326.4,29.62100912,-50.60869631,38693.42294,152.0968576,40.47325282,52.0959032
326.5,29.62075217,-50.61224056,38692.7838,152.0978446,40.4710686,52.09816836
326.6,29.62049514,-50.61578454,38692.14406,152.0989928,40.46888446,52.10031107
326.7,29.62023803,-50.61932826,38691.50372,152.1002626,40.4667757,52.10265907
326.8,29.61998084,-50.62287172,38690.86278,152.1014113,40.4645917,52.10480207
326.9,29.61972356,-50.62641492,38690.22123,152.1025602,40.46240777,52.10706784
327,29.61946621,-50.62995786,38689.57908,152.1038307,40.46029921,52.10929367
327.1,29.61920877,-50.63350054,38688.93633,152.1049801,40.45811542,52.11155973
327.2,29.61895125,-50.63704296,38688.29299,152.1061297,40.4559317,52.11370333
327.3,29.61869365,-50.64058512,38687.64904,152.1074009,40.45382335,52.11605222
327.4,29.61843596,-50.64412703,38687.0045,152.108551,40.45163977,52.11819612
327.5,29.6181782,-50.64766867,38686.35935,152.1097014,40.44945626,52.12046279
327.6,29.61792035,-50.65121005,38685.71362,152.1109732,40.44734811,52.12268949
327.7,29.61766242,-50.65475117,38685.06728,152.112124,40.44516474,52.12495646
327.8,29.61740441,-50.65829203,38684.42035,152.1132751,40.44298144,52.12710096
327.9,29.61714632,-50.66183263,38683.77282,152.1144264,40.44079821,52.12924559
328,29.61688815,-50.66537297,38683.1247,152.1156992,40.43869033,52.13159552
328.1,29.6166299,-50.66891305,38682.47599,152.116851,40.43650724,52.13374046
328.2,29.61637156,-50.67245288,38681.82668,152.118003,40.43432422,52.13600818
328.3,29.61611314,-50.67599244,38681.17678,152.1191553,40.43214127,52.13815342
328.4,29.61585464,-50.67953174,38680.52629,152.120268,40.43003367,52.14050394
328.5,29.61559606,-50.68307078,38679.87521,152.1214207,40.42785086,52.14264947
328.6,29.6153374,-50.68660956,38679.22354,152.1225737,40.42566812,52.14479515
328.7,29.61507866,-50.69014808,38678.57128,152.1237269,40.42348545,52.14706363
328.8,29.61481983,-50.69368634,38677.91842,152.1250016,40.42137812,52.1492921
328.9,29.61456092,-50.69722434,38677.26498,152.1261552,40.41919559,52.15156088
329,29.61430194,-50.70076208,38676.61096,152.1273092,40.41701313,52.15370716
329.1,29.61404287,-50.70429956,38675.95634,152.1284633,40.41483075,52.15585358
329.2,29.61378372,-50.70783678,38675.30114,152.1296177,40.41264843,52.15812282
329.3,29.61352448,-50.71137374,38674.64535,152.1308935,40.41054143,52.16035202
329.4,29.61326517,-50.71491044,38673.98898,152.1320484,40.40835926,52.16262156
329.5,29.61300577,-50.71844688,38673.33202,152.1332035,40.40617715,52.16476858
329.6,29.6127463,-50.72198306,38672.67448,152.1343589,40.40399512,52.16691575
329.7,29.61248674,-50.72551897,38672.01636,152.1355145,40.40181315,52.16918574
329.8,29.6122271,-50.72905463,38671.35765,152.1366703,40.39963126,52.17133321
329.9,29.61196738,-50.73259003,38670.69836,152.1378264,40.39744944,52.17360351
330,29.61170758,-50.73612517,38670.03849,152.1391038,40.39534292,52.17583374
330.1,29.61144769,-50.73966005,38669.37804,152.1400994,40.39316123,52.17798165
330.2,29.61118773,-50.74319466,38668.71701,152.1412562,40.39097962,52.1802524
330.3,29.61092768,-50.74672902,38668.0554,152.1424132,40.38879808,52.18240062
330.4,29.61066755,-50.75026312,38667.39321,152.1435705,40.38661661,52.18467167
330.5,29.61040735,-50.75379695,38666.73044,152.144728,40.38443521,52.18682019
330.6,29.61014706,-50.75733053,38666.06709,152.1458857,40.38225387,52.18896886
330.7,29.60988668,-50.76086384,38665.40317,152.1470437,40.38007261,52.19124037
330.8,29.60962623,-50.7643969,38664.73867,152.148202,40.37789143,52.19338933
330.9,29.6093657,-50.76792969,38664.0736,152.1493604,40.37571031,52.19553845
331,29.60910508,-50.77146223,38663.40795,152.1505192,40.37352926,52.19781041
331.1,29.60884439,-50.7749945,38662.74173,152.1516781,40.37134828,52.19995983
331.2,29.60858361,-50.77852651,38662.07493,152.1529583,40.36924258,52.20219182
331.3,29.60832275,-50.78205827,38661.40756,152.1541177,40.36706174,52.20446424
331.4,29.60806181,-50.78558976,38660.73962,152.1552774,40.36488097,52.2066141
331.5,29.60780079,-50.78912099,38660.07111,152.1564373,40.36270027,52.20876412
331.6,29.60753969,-50.79265196,38659.40203,152.1574365,40.36051965,52.21103699
331.7,29.60727851,-50.79618268,38658.73237,152.1585968,40.35833909,52.2131873
331.8,29.60701724,-50.79971313,38658.06215,152.1597575,40.3561586,52.21533777
331.9,29.6067559,-50.80324332,38657.39136,152.1609183,40.35397819,52.2176111
332,29.60649447,-50.80677325,38656.72,152.1620794,40.35179784,52.21976186
332.1,29.60623296,-50.81030292,38656.04807,152.1632408,40.34961757,52.22191277
332.2,29.60597137,-50.81383233,38655.37557,152.1644024,40.34743736,52.22418656
332.3,29.6057097,-50.81736147,38654.70251,152.1655642,40.34525723,52.22633777
332.4,29.60544795,-50.82089036,38654.02888,152.1667262,40.34307717,52.22848913
332.5,29.60518612,-50.82441899,38653.35469,152.1677676,40.340822,52.23068098
332.6,29.60492421,-50.82794735,38652.67993,152.1689302,40.33864208,52.23283265
332.7,29.60466222,-50.83147546,38652.00461,152.170093,40.33646224,52.23498446
332.8,29.60440014,-50.83500331,38651.32872,152.171256,40.33428246,52.23725917
332.9,29.60413799,-50.83853089,38650.65228,152.1722583,40.33210275,52.23941128
333,29.60387575,-50.84205822,38649.97527,152.1734218,40.32992311,52.24156355
333.1,29.60361343,-50.84558528,38649.2977,152.1745855,40.32774354,52.24371597
333.2,29.60335103,-50.84911208,38648.61957,152.1757495,40.32556404,52.24599128
333.3,29.60308855,-50.85263862,38647.94088,152.1769137,40.32338462,52.24814399
333.4,29.60282599,-50.85616491,38647.26163,152.1780782,40.32120526,52.25029686
333.5,29.60256335,-50.85969093,38646.58182,152.1792429,40.31902598,52.25257263
333.6,29.60230063,-50.86321669,38645.90145,152.180287,40.31677162,52.25464343
333.7,29.60203783,-50.86674219,38645.22053,152.1814522,40.31459247,52.25679675
333.8,29.60177494,-50.87026743,38644.53905,152.1826177,40.3124134,52.25895022
333.9,29.60151198,-50.8737924,38643.85701,152.1837833,40.3102344,52.2612266
334,29.60124893,-50.87731712,38643.17442,152.1849492,40.30805546,52.26338037
334.1,29.60098581,-50.88084158,38642.49127,152.1859544,40.3058766,52.26553429
334.2,29.6007226,-50.88436578,38641.80757,152.1871208,40.30369781,52.26781113
334.3,29.60045931,-50.88788971,38641.12331,152.1881666,40.30144396,52.269883
334.4,29.60019594,-50.89141338,38640.4385,152.1893335,40.29926531,52.27203738
334.5,29.59993249,-50.8949368,38639.75314,152.1905006,40.29708674,52.27419191
334.6,29.59966896,-50.89845995,38639.06723,152.191668,40.29490823,52.27646935
334.7,29.59940535,-50.90198284,38638.38077,152.1928356,40.29272979,52.27862418
334.8,29.59914166,-50.90550548,38637.69376,152.1940034,40.29055142,52.28077916
334.9,29.59887789,-50.90902785,38637.00619,152.1950508,40.28829801,52.28285195
335,29.59861403,-50.91254996,38636.31808,152.1962191,40.28611979,52.28513001
335.1,29.5983501,-50.9160718,38635.62942,152.1973877,40.28394163,52.28728545
335.2,29.59808609,-50.91959339,38634.94021,152.1985565,40.28176355,52.28944103
335.3,29.59782199,-50.92311472,38634.25046,152.1994438,40.27951043,52.29151444
335.4,29.59755782,-50.92663579,38633.56015,152.2006131,40.27733249,52.29367032
335.5,29.59729356,-50.93015659,38632.86931,152.2017826,40.27515462,52.29594915
335.6,29.59702922,-50.93367714,38632.17791,152.2029524,40.27297682,52.29810533
335.7,29.5967648,-50.93719742,38631.48598,152.2040017,40.27072399,52.30017936
335.8,29.59650031,-50.94071744,38630.79349,152.205172,40.26854633,52.30233584
335.9,29.59623573,-50.9442372,38630.10047,152.2063425,40.26636874,52.30461528
336,29.59597107,-50.9477567,38629.4069,152.2075132,40.26419123,52.30677207
336.1,29.59570633,-50.95127594,38628.71279,152.2085635,40.26193869,52.30884671
336.2,29.59544151,-50.95479492,38628.01814,152.2097347,40.25976132,52.31100381
336.3,29.59517661,-50.95831364,38627.32295,152.2107452,40.25758401,52.31316105
336.4,29.59491162,-50.9618321,38626.62722,152.2117962,40.2553317,52.31535896
336.5,29.59464656,-50.96535029,38625.93094,152.2129682,40.25315454,52.31751651
336.6,29.59438142,-50.96886823,38625.23413,152.2141404,40.25097744,52.31967421
336.7,29.5941162,-50.9723859,38624.53678,152.2151922,40.24872535,52.32174978
336.8,29.59385089,-50.97590332,38623.8389,152.2163649,40.2465484,52.32390778
336.9,29.59358551,-50.97942047,38623.14047,152.2175378,40.24437152,52.32618875
337,29.59332004,-50.98293736,38622.44151,152.2185904,40.24211965,52.32826478
337.1,29.5930545,-50.98645399,38621.74202,152.2197638,40.23994291,52.33042324
337.2,29.59278887,-50.98997036,38621.04199,152.2209374,40.23776624,52.33258185
337.3,29.59252317,-50.99348646,38620.34142,152.2218297,40.23551459,52.33465834
337.4,29.59225738,-50.99700231,38619.64032,152.2230038,40.23333806,52.33694008
337.5,29.59199152,-51.0005179,38618.93869,152.2241782,40.23116161,52.33909914
337.6,29.59172557,-51.00403322,38618.23653,152.2252322,40.22891017,52.3411761
337.7,29.59145954,-51.00754828,38617.53383,152.2264071,40.22673386,52.34333546
337.8,29.59119344,-51.01106309,38616.8306,152.2274617,40.22448257,52.34541273
337.9,29.59092725,-51.01457763,38616.12684,152.228637,40.2223064,52.3475724
338,29.59066098,-51.01809191,38615.42255,152.2298126,40.2201303,52.34985506
338.1,29.59039463,-51.02160593,38614.71773,152.2308679,40.21787923,52.35193279
338.2,29.5901282,-51.02511968,38614.01238,152.2320439,40.21570328,52.35409292
338.3,29.58986169,-51.02863318,38613.30651,152.2329387,40.21345236,52.35617095
338.4,29.5895951,-51.03214641,38612.60011,152.2341153,40.21127654,52.35833138
338.5,29.58932843,-51.03565939,38611.89318,152.2351716,40.20902577,52.36040973
338.6,29.58906169,-51.0391721,38611.18572,152.2363486,40.20685009,52.36257046
338.7,29.58879486,-51.04268455,38610.47774,152.2374054,40.20459947,52.36477198
338.8,29.58852795,-51.04619674,38609.76923,152.238583,40.20242393,52.36693302
338.9,29.58826095,-51.04970867,38609.0602,152.2396403,40.20017345,52.36901198
339,29.58799388,-51.05322034,38608.35064,152.2408183,40.19799806,52.37117333
339.1,29.58772673,-51.05673174,38607.64056,152.2419965,40.19582274,52.37333482
339.2,29.5874595,-51.06024289,38606.92996,152.2428935,40.19357248,52.37541425
339.3,29.58719219,-51.06375377,38606.21883,152.2440723,40.1913973,52.37757605
339.4,29.5869248,-51.06726439,38605.50719,152.2451308,40.18914719,52.37965579
339.5,29.58665733,-51.07077475,38604.79502,152.2461897,40.18689715,52.38185856
339.6,29.58638978,-51.07428485,38604.08234,152.2473691,40.18472219,52.38402082
339.7,29.58612215,-51.07779469,38603.36913,152.2484285,40.1824723,52.38610102
339.8,29.58585444,-51.08130427,38602.65541,152.2496084,40.18029747,52.38826359
339.9,29.58558664,-51.08481358,38601.94116,152.2506682,40.17804773,52.3903441
340,29.58531877,-51.08832264,38601.2264,152.2516876,40.17587305,52.39250697
340.1,29.58505082,-51.09183143,38600.51112,152.2527479,40.17362345,52.3945878
340.2,29.58478279,-51.09533996,38599.79533,152.2539289,40.17144891,52.39675097
340.3,29.58451468,-51.09884823,38599.07902,152.2549897,40.16919946,52.39883211
340.4,29.58424649,-51.10235624,38598.3622,152.2561711,40.16702506,52.40111847
340.5,29.58397822,-51.10586399,38597.64486,152.2572324,40.16477576,52.40319992
340.6,29.58370986,-51.10937147,38596.927,152.258294,40.16252653,52.40528153
340.7,29.58344143,-51.1128787,38596.20863,152.2594761,40.16035234,52.40744546
340.8,29.58317292,-51.11638566,38595.48975,152.2603772,40.15810326,52.40952738
340.9,29.58290433,-51.11989236,38594.77036,152.2615598,40.15592922,52.41169162
341,29.58263566,-51.1233988,38594.05046,152.2626224,40.15368028,52.41377385
341.1,29.58236691,-51.12690498,38593.33004,152.2636852,40.15143142,52.41585623
341.2,29.58209808,-51.1304109,38592.60912,152.2648686,40.14925759,52.41802093
341.3,29.58182917,-51.13391655,38591.88768,152.2659319,40.14700887,52.42010362
341.4,29.58156018,-51.13742195,38591.16574,152.2671157,40.14483518,52.42226863
341.5,29.58129111,-51.14092708,38590.44329,152.2681796,40.14258662,52.42435163
341.6,29.58102196,-51.14443195,38589.72033,152.2690826,40.14033812,52.42643479
341.7,29.58075273,-51.14793656,38588.99686,152.2702672,40.13816465,52.42872317
341.8,29.58048342,-51.1514409,38588.27288,152.2713318,40.1359163,52.43080664
341.9,29.58021403,-51.15494499,38587.5484,152.2723966,40.13366802,52.43289027
342,29.57994456,-51.15844881,38586.82342,152.2735819,40.13149476,52.43505619
342.1,29.57967501,-51.16195238,38586.09793,152.2746473,40.12924663,52.43714013
342.2,29.57940538,-51.16545568,38585.37193,152.2757129,40.12699858,52.43922423
342.3,29.57913567,-51.16895872,38584.64543,152.2768989,40.12482553,52.44139061
342.4,29.57886588,-51.1724615,38583.91843,152.277804,40.12257762,52.44347502
342.5,29.57859601,-51.17596401,38583.19093,152.2788703,40.12032979,52.44555958
342.6,29.57832607,-51.17946627,38582.46292,152.2799369,40.11808203,52.44764431
342.7,29.57805604,-51.18296826,38581.73441,152.2811239,40.11590927,52.4498113
342.8,29.57778593,-51.18646999,38581.0054,152.282191,40.11366166,52.45189633
342.9,29.57751574,-51.18997146,38580.27589,152.2832584,40.11141412,52.45398152
343,29.57724548,-51.19347267,38579.54589,152.2844462,40.10924157,52.45614898
343.1,29.57697513,-51.19697361,38578.81538,152.2853529,40.10699418,52.45823448
343.2,29.57670471,-51.2004743,38578.08438,152.2864211,40.10474686,52.46032014
343.3,29.5764342,-51.20397472,38577.35287,152.2874894,40.10249961,52.46240595
343.4,29.57616362,-51.20747488,38576.62087,152.2886782,40.10032735,52.46457402
343.5,29.57589295,-51.21097478,38575.88838,152.289747,40.09808025,52.46666015
343.6,29.57562221,-51.21447441,38575.15539,152.2908162,40.09583323,52.46874643
343.7,29.57535138,-51.21797379,38574.4219,152.2918856,40.09358628,52.47083287
343.8,29.57508048,-51.2214729,38573.68792,152.2927941,40.0913394,52.47291947
343.9,29.5748095,-51.22497176,38572.95344,152.2939841,40.08916749,52.4750883
344,29.57453844,-51.22847035,38572.21847,152.2950542,40.08692076,52.47717521
344.1,29.57426729,-51.23196867,38571.48301,152.2961246,40.08467411,52.47926228
344.2,29.57399607,-51.23546674,38570.74705,152.2971952,40.08242753,52.4813495
344.3,29.57372477,-51.23896454,38570.01061,152.2982661,40.08018102,52.48343688
344.4,29.57345339,-51.24246209,38569.27367,152.2994573,40.07800947,52.48560649
344.5,29.57318193,-51.24595937,38568.53624,152.3003676,40.07576311,52.48769418
344.6,29.57291039,-51.24945639,38567.79832,152.3014393,40.07351682,52.48978203
344.7,29.57263878,-51.25295314,38567.05992,152.3025112,40.07127061,52.49187003
344.8,29.57236708,-51.25644964,38566.32102,152.3035833,40.06902447,52.4939582
344.9,29.5720953,-51.25994587,38565.58164,152.3046558,40.0667784,52.49604652
345,29.57182345,-51.26344184,38564.84176,152.3058484,40.06460728,52.49821705
345.1,29.57155151,-51.26693755,38564.10141,152.3067602,40.06236136,52.50030568
345.2,29.5712795,-51.270433,38563.36056,152.3078334,40.06011551,52.50239447
345.3,29.5710074,-51.27392818,38562.61923,152.3089068,40.05786974,52.50448342
345.4,29.57073523,-51.27742311,38561.87741,152.3099805,40.05562404,52.50657252
345.5,29.57046297,-51.28091777,38561.13511,152.3110544,40.05337842,52.50866178
345.6,29.57019064,-51.28441217,38560.39233,152.3121286,40.05113287,52.5107512
345.7,29.56991823,-51.2879063,38559.64906,152.3130419,40.0488874,52.51284078
345.8,29.56964574,-51.29140018,38558.90531,152.3142365,40.04671684,52.51501254
345.9,29.56937317,-51.29489379,38558.16107,152.3153115,40.04447151,52.51710243
346,29.56910052,-51.29838714,38557.41636,152.3163867,40.04222625,52.51906949
346.1,29.56882779,-51.30188023,38556.67116,152.3174621,40.03998107,52.52115969
346.2,29.56855499,-51.30537306,38555.92548,152.3185378,40.03773596,52.52325005
346.3,29.5682821,-51.30886563,38555.17933,152.3194527,40.03549093,52.52534057
346.4,29.56800913,-51.31235793,38554.43269,152.3205289,40.03324597,52.52743124
346.5,29.56773609,-51.31584997,38553.68557,152.3216053,40.03100108,52.52952208
346.6,29.56746296,-51.31934175,38552.93798,152.3226821,40.02875627,52.53161307
346.7,29.56718976,-51.32283327,38552.18991,152.323759,40.02651153,52.53370422
346.8,29.56691648,-51.32632452,38551.44136,152.3248362,40.02426687,52.53579552
346.9,29.56664312,-51.32981551,38550.69233,152.3257526,40.02202228,52.53788698
347,29.56636967,-51.33330624,38549.94283,152.3268304,40.01977776,52.53997861
347.1,29.56609616,-51.33679671,38549.19286,152.3279083,40.01753332,52.54207039
347.2,29.56582256,-51.34028692,38548.44241,152.3289866,40.01528895,52.54416232
347.3,29.56554888,-51.34377686,38547.69148,152.3300651,40.01304465,52.5461314
347.4,29.56527512,-51.34726654,38546.94008,152.3311438,40.01080043,52.54822365
347.5,29.56500129,-51.35075596,38546.18821,152.3320617,40.00855628,52.55031606
347.6,29.56472737,-51.35424512,38545.43586,152.333141,40.00631221,52.55240863
347.7,29.56445338,-51.35773401,38544.68305,152.3342205,40.00406821,52.55450135
347.8,29.5641793,-51.36122265,38543.92976,152.3353002,40.00182428,52.55659423
347.9,29.56390515,-51.36471102,38543.176,152.3363802,39.99958043,52.55868727
348,29.56363092,-51.36819913,38542.42177,152.3374605,39.99733665,52.56078047
348.1,29.56335661,-51.37168697,38541.66707,152.3383799,39.99509294,52.56287382
348.2,29.56308222,-51.37517456,38540.9119,152.3394607,39.99284931,52.5648443
348.3,29.56280776,-51.37866188,38540.15627,152.3405417,39.99060575,52.56693797
348.4,29.56253321,-51.38214894,38539.40016,152.341623,39.98836227,52.5690318
348.5,29.56225858,-51.38563573,38538.64359,152.3427045,39.98611886,52.57112579
348.6,29.56198388,-51.38912227,38537.88655,152.3436252,39.98387552,52.57321993
348.7,29.5617091,-51.39260854,38537.12905,152.3447072,39.98163226,52.57531423
348.8,29.56143423,-51.39609455,38536.37108,152.3457895,39.97938907,52.57740869
348.9,29.56115929,-51.3995803,38535.61264,152.3468721,39.97714595,52.57950331
349,29.56088427,-51.40306578,38534.85374,152.3479549,39.97490291,52.58147503
349.1,29.56060918,-51.406551,38534.09438,152.3487572,39.97258518,52.58348804
349.2,29.560334,-51.41003597,38533.33455,152.3498405,39.97034228,52.58558313
349.3,29.56005874,-51.41352066,38532.57426,152.3509241,39.96809947,52.58767838
349.4,29.55978341,-51.4170051,38531.81351,152.3520079,39.96585672,52.58977379
349.5,29.559508,-51.42048927,38531.05229,152.3530919,39.96361405,52.59186936
349.6,29.5592325,-51.42397318,38530.29062,152.3540152,39.96137145,52.59396508
349.7,29.55895693,-51.42745683,38529.52848,152.3550997,39.95912892,52.59593791
349.8,29.55868128,-51.43094022,38528.76589,152.3561846,39.95688647,52.59803395
349.9,29.55840555,-51.43442334,38528.00283,152.3571501,39.95456935,52.60004824
350,29.55812975,-51.4379062,38527.23931,152.3582354,39.95232705,52.6021446
350.1,29.55785386,-51.4413888,38526.47534,152.3591599,39.95008482,52.60424112
350.2,29.5575779,-51.44487114,38525.71091,152.3602458,39.94784267,52.60621473
350.3,29.55730186,-51.44835321,38524.94602,152.3613319,39.94560058,52.60831156
350.4,29.55702573,-51.45183502,38524.18068,152.3624182,39.94335858,52.61040855
350.5,29.55674953,-51.45531657,38523.41488,152.3633853,39.94104191,52.61242381
350.6,29.55647326,-51.45879785,38522.64862,152.3643111,39.93880005,52.61452112
350.7,29.5561969,-51.46227888,38521.88191,152.3653982,39.93655827,52.61661859
350.8,29.55592046,-51.46575964,38521.11474,152.3664856,39.93431656,52.61859314
350.9,29.55564395,-51.46924014,38520.34712,152.3675732,39.93207492,52.62069092
351,29.55536736,-51.47272037,38519.57905,152.3686611,39.92983335,52.62278886
351.1,29.55509068,-51.47620035,38518.81052,152.3694687,39.92751715,52.6248051
351.2,29.55481394,-51.47968006,38518.04154,152.3705571,39.92527573,52.62690336
351.3,29.55453711,-51.4831595,38517.27211,152.3716457,39.92303439,52.62887869
351.4,29.5542602,-51.48663869,38516.50223,152.3727346,39.92079312,52.63097727
351.5,29.55398322,-51.49011761,38515.73189,152.3735433,39.91847722,52.63299415
351.6,29.55370615,-51.49359627,38514.96111,152.3746327,39.9162361,52.63509305
351.7,29.55342901,-51.49707467,38514.18988,152.3757224,39.91399505,52.63706901
351.8,29.55315179,-51.50055281,38513.4182,152.3768123,39.91175408,52.63916822
351.9,29.55287449,-51.50403068,38512.64607,152.3777831,39.90943848,52.64118575
352,29.55259711,-51.50750829,38511.87349,152.3787124,39.90719766,52.64328528
352.1,29.55231966,-51.51098563,38511.10047,152.3798031,39.90495691,52.64538497
352.2,29.55204212,-51.51446272,38510.32699,152.380894,39.90271623,52.64736171
352.3,29.55176451,-51.51793954,38509.55308,152.3818659,39.90040094,52.64937989
352.4,29.55148682,-51.5214161,38508.77871,152.3827962,39.89816041,52.65148006
352.5,29.55120905,-51.52489239,38508.00391,152.3838879,39.89591996,52.65358038
352.6,29.5509312,-51.52836843,38507.22866,152.3848605,39.8936049,52.65547594
352.7,29.55065328,-51.5318442,38506.45296,152.3859528,39.89136459,52.65757659
352.8,29.55037527,-51.5353197,38505.67683,152.3870452,39.88912436,52.65967739
352.9,29.55009719,-51.53879495,38504.90025,152.3879768,39.8868842,52.66177835
353,29.54981903,-51.54226993,38504.12323,152.3889505,39.88456944,52.66367455
353.1,29.54954079,-51.54574465,38503.34577,152.3900438,39.88232943,52.66577583
353.2,29.54926248,-51.54921911,38502.56787,152.3911373,39.8800895,52.66787726
353.3,29.54898408,-51.5526933,38501.78953,152.3919506,39.87777497,52.66989707
353.4,29.54870561,-51.55616723,38501.01076,152.3930446,39.87553518,52.6718757
353.5,29.54842706,-51.5596409,38500.23154,152.3941389,39.87329547,52.67397762
353.6,29.54814843,-51.5631143,38499.45189,152.3951141,39.87098117,52.67599791
353.7,29.54786972,-51.56658745,38498.6718,152.3960478,39.8687416,52.67810014
353.8,29.54759093,-51.57006033,38497.89128,152.3970236,39.86642746,52.67999763
353.9,29.54731207,-51.57353294,38497.11032,152.3981189,39.86418804,52.68210019
354,29.54703313,-51.5770053,38496.32893,152.3992144,39.86194869,52.6842029
354.1,29.54675411,-51.58047739,38495.5471,152.400191,39.85963478,52.68610087
354.2,29.54647501,-51.58394921,38494.76485,152.4011259,39.85739558,52.6882039
354.3,29.54619583,-51.58742078,38493.98215,152.402103,39.85508182,52.69022533
354.4,29.54591658,-51.59089208,38493.19903,152.4031996,39.85284278,52.69232868
354.5,29.54563725,-51.59436312,38492.41548,152.4042964,39.8506038,52.69430906
354.6,29.54535784,-51.59783389,38491.63149,152.4051132,39.84829027,52.69633097
354.7,29.54507835,-51.60130441,38490.84708,152.4062105,39.84605144,52.6984348
354.8,29.54479878,-51.60477466,38490.06223,152.407189,39.84373806,52.70045705
354.9,29.54451914,-51.60824464,38489.27696,152.4082868,39.84149939,52.70243805
355,29.54423942,-51.61171437,38488.49126,152.4091046,39.83918616,52.70446062
355.1,29.54395962,-51.61518383,38487.70513,152.410203,39.83694763,52.70656509
355.2,29.54367974,-51.61865303,38486.91858,152.4113016,39.83470917,52.70854657
355.3,29.54339978,-51.62212196,38486.1316,152.4122814,39.83239618,52.71056963
355.4,29.54311975,-51.62559063,38485.34419,152.4133805,39.83015787,52.71267458
355.5,29.54283964,-51.62905904,38484.55636,152.4141996,39.82784503,52.71469796
355.6,29.54255945,-51.63252719,38483.7681,152.4152993,39.82560687,52.71668008
355.7,29.54227918,-51.63599507,38482.97943,152.4162801,39.82329418,52.71870379
355.8,29.54199883,-51.63946269,38482.19032,152.4173802,39.82105617,52.72080938
355.9,29.54171841,-51.64293004,38481.4008,152.4182004,39.81874363,52.72271025
356,29.54143791,-51.64639714,38480.61086,152.4193011,39.81650577,52.72481616
356.1,29.54115733,-51.64986397,38479.82049,152.420283,39.81419338,52.72684053
356.2,29.54087667,-51.65333053,38479.0297,152.4213841,39.81195567,52.72882359
356.3,29.54059594,-51.65679684,38478.2385,152.4222054,39.80964344,52.73084828
356.4,29.54031513,-51.66026288,38477.44687,152.4233071,39.80740587,52.73295483
356.5,29.54003424,-51.66372865,38476.65483,152.42429,39.80509379,52.73485668
356.6,29.53975327,-51.66719417,38475.86236,152.4253922,39.80285637,52.73696354
356.7,29.53947222,-51.67065942,38475.06948,152.4262145,39.80054445,52.73898889
356.8,29.5391911,-51.67412441,38474.27619,152.4271983,39.7982326,52.7410144
356.9,29.5389099,-51.67758913,38473.48247,152.4283012,39.79599541,52.74299858
357,29.53862862,-51.68105359,38472.68834,152.4292855,39.79368371,52.74502441
357.1,29.53834727,-51.68451779,38471.8938,152.4302278,39.79144666,52.74713209
357.2,29.53806583,-51.68798172,38471.09884,152.4312126,39.78913512,52.74903507
357.3,29.53778432,-51.6914454,38470.30347,152.4323166,39.78689822,52.75114306
357.4,29.53750273,-51.6949088,38469.50768,152.4333019,39.78458683,52.75316955
357.5,29.53722107,-51.69837195,38468.71149,152.4341264,39.78227552,52.75507302
357.6,29.53693932,-51.70183483,38467.91488,152.4352311,39.78003885,52.7571815
357.7,29.5366575,-51.70529745,38467.11785,152.4362173,39.77772769,52.75920848
357.8,29.5363756,-51.7087598,38466.32042,152.4373225,39.77549116,52.76119408
357.9,29.53609362,-51.71222189,38465.52258,152.438148,39.77318015,52.76322139
358,29.53581157,-51.71568372,38464.72433,152.4391349,39.77086923,52.76512568
358.1,29.53552944,-51.71914529,38463.92566,152.440241,39.76863292,52.76723495
358.2,29.53524723,-51.72260659,38463.12659,152.4412284,39.76632215,52.76926276
358.3,29.53496494,-51.72606763,38462.32711,152.4421739,39.76408599,52.77124915
358.4,29.53468258,-51.7295284,38461.52723,152.4431618,39.76177537,52.77327728
358.5,29.53440014,-51.73298891,38460.72693,152.4441501,39.75946482,52.77530558
358.6,29.53411762,-51.73644916,38459.92624,152.4452574,39.75722888,52.77729245
358.7,29.53383502,-51.73990914,38459.12513,152.446085,39.75491849,52.77932108
358.8,29.53355235,-51.74336886,38458.32362,152.447074,39.75260818,52.78134987
358.9,29.5332696,-51.74682832,38457.5217,152.4481821,39.75037246,52.78333722
359,29.53298677,-51.75028752,38456.71939,152.4491717,39.7480623,52.78536634
359.1,29.53270386,-51.75374645,38455.91666,152.4500004,39.74575222,52.78739562
359.2,29.53242088,-51.75720511,38455.11354,152.4511093,39.74351673,52.78938345
359.3,29.53213782,-51.76066352,38454.31001,152.4520996,39.74120679,52.79141306
359.4,29.53185468,-51.76412166,38453.50608,152.4530902,39.73889694,52.79331962
359.5,29.53157146,-51.76757953,38452.70175,152.45392,39.73658716,52.79534956
359.6,29.53128817,-51.77103715,38451.89701,152.4550299,39.73435197,52.79746125
359.7,29.5310048,-51.7744945,38451.09188,152.4560213,39.73204234,52.79936829
359.8,29.53072135,-51.77795158,38450.28635,152.4568519,39.7297328,52.80139872
359.9,29.53043783,-51.7814084,38449.48042,152.4579626,39.72749782,52.80338767
360,29.53015423,-51.78486496,38448.67409,152.4589548,39.72518843,52.80541843
360.1,29.52987055,-51.78832126,38447.86736,152.4599473,39.72287911,52.80744936
360.2,29.52958679,-51.79177729,38447.06024,152.4607789,39.72056987,52.80935722
360.3,29.52930296,-51.79523306,38446.25271,152.4618906,39.7183352,52.81147004
360.4,29.52901905,-51.79868856,38445.44479,152.4628839,39.71602611,52.81337822
360.5,29.52873506,-51.8021438,38444.63648,152.4638774,39.7137171,52.81540981
360.6,29.528451,-51.80559878,38443.82777,152.4647101,39.71140816,52.81744156
360.7,29.52816685,-51.80905349,38443.01867,152.4658228,39.70917378,52.81943178
360.8,29.52788263,-51.81250794,38442.20917,152.4668172,39.706865,52.82146386
360.9,29.52759834,-51.81596213,38441.39927,152.4676507,39.7045563,52.82337286
361,29.52731396,-51.81941605,38440.58899,152.4686455,39.70224767,52.82540527
361.1,29.52702951,-51.82286971,38439.77831,152.4697593,39.70001359,52.82751938
361.2,29.52674499,-51.82632311,38438.96724,152.4707547,39.69770511,52.82942887
361.3,29.52646038,-51.82977624,38438.15578,152.4715893,39.69539672,52.83146178
361.4,29.5261757,-51.8332291,38437.34392,152.4725852,39.6930884,52.83337159
361.5,29.52589094,-51.83668171,38436.53168,152.4735814,39.69078015,52.83540483
361.6,29.52560611,-51.84013405,38435.71905,152.4745353,39.68854644,52.83739649
361.7,29.52532119,-51.84358612,38434.90602,152.4755321,39.68623835,52.83943005
361.8,29.5250362,-51.84703794,38434.09261,152.4765291,39.68393033,52.84134053
361.9,29.52475114,-51.85048949,38433.27881,152.4775264,39.6816224,52.84337442
362,29.524466,-51.85394077,38432.46462,152.4783628,39.67931454,52.84540848
362.1,29.52418077,-51.85739179,38431.65005,152.4793606,39.67700675,52.84731944
362.2,29.52389548,-51.86084255,38430.83508,152.4804772,39.67477349,52.84943533
362.3,29.5236101,-51.86429304,38430.01973,152.4813144,39.67246586,52.85134662
362.4,29.52332465,-51.86774327,38429.204,152.482313,39.6701583,52.85338134
362.5,29.52303912,-51.87119324,38428.38788,152.4833119,39.66785082,52.85529295
362.6,29.52275352,-51.87464294,38427.57137,152.484311,39.66554342,52.85732801
362.7,29.52246784,-51.87809238,38426.75448,152.4851493,39.6632361,52.85923995
362.8,29.52218208,-51.88154156,38425.93721,152.486149,39.66092886,52.86127533
362.9,29.52189625,-51.88499047,38425.11955,152.4872674,39.65869611,52.86326908
363,29.52161033,-51.88843911,38424.30151,152.4881065,39.65638901,52.86530479
363.1,29.52132434,-51.8918875,38423.48309,152.4891069,39.654082,52.86721739
363.2,29.52103828,-51.89533561,38422.66429,152.4901077,39.65177506,52.86925343
363.3,29.52075214,-51.89878347,38421.8451,152.4909475,39.64946819,52.87128964
363.4,29.52046592,-51.90223106,38421.02553,152.4919488,39.64716141,52.87320273
363.5,29.52017962,-51.90567839,38420.20559,152.4929504,39.6448547,52.87523927
363.6,29.51989325,-51.90912545,38419.38526,152.493791,39.64254806,52.87715269
363.7,29.5196068,-51.91257225,38418.56455,152.4947931,39.64024151,52.87918956
363.8,29.51932028,-51.91601878,38417.74347,152.4957955,39.63793503,52.88110331
363.9,29.51903367,-51.91946506,38416.92201,152.4967553,39.63570303,52.88322195
364,29.51874699,-51.92291106,38416.10017,152.4977582,39.6333967,52.88513603
364.1,29.51846024,-51.92635681,38415.27795,152.4987613,39.63109045,52.88717356
364.2,29.51817341,-51.92980229,38414.45535,152.4997647,39.62878427,52.88908796
364.3,29.5178865,-51.9332475,38413.63238,152.5006073,39.62647818,52.89112582
364.4,29.51759951,-51.93669245,38412.80904,152.5016112,39.62417216,52.89304056
364.5,29.51731245,-51.94013714,38411.98531,152.5026154,39.62186621,52.89507875
364.6,29.51702531,-51.94358156,38411.16121,152.5034588,39.61956035,52.89699381
364.7,29.5167381,-51.94702572,38410.33674,152.5044635,39.61725456,52.89890904
364.8,29.5164508,-51.95046962,38409.5119,152.5054685,39.61494884,52.90094773
364.9,29.51616344,-51.95391325,38408.68668,152.5063127,39.61264321,52.90286328
365,29.51587599,-51.95735661,38407.86109,152.5073182,39.61033765,52.90490231
365.1,29.51558847,-51.96079972,38407.03512,152.508324,39.60803217,52.90681819
365.2,29.51530087,-51.96424255,38406.20878,152.509169,39.60572676,52.90885755
365.3,29.5150132,-51.96768513,38405.38208,152.5101754,39.60342143,52.91077376
365.4,29.51472545,-51.97112744,38404.555,152.511182,39.60111618,52.91281345
365.5,29.51443762,-51.97456948,38403.72755,152.5120277,39.598811,52.91472999
365.6,29.51414972,-51.97801127,38402.89973,152.5130349,39.59650591,52.91677001
365.7,29.51386174,-51.98145278,38402.07154,152.5140423,39.59420088,52.91868688
365.8,29.51357368,-51.98489404,38401.24298,152.5148889,39.59189594,52.92060392
365.9,29.51328555,-51.98833503,38400.41405,152.5158968,39.58959107,52.92264444
366,29.51299734,-51.99177575,38399.58475,152.5167439,39.58728628,52.9245618
366.1,29.51270906,-51.99521621,38398.75509,152.5177524,39.58498156,52.92660265
366.2,29.51242069,-51.99865641,38397.92506,152.5187611,39.58267692,52.92852034
366.3,29.51213226,-52.00209634,38397.09466,152.519609,39.58037236,52.93056153
366.4,29.51184374,-52.00553601,38396.2639,152.5206183,39.57806788,52.93247955
366.5,29.51155515,-52.00897541,38395.43277,152.5216279,39.57576347,52.93452106
366.6,29.51126648,-52.01241455,38394.60127,152.5224766,39.57345913,52.93643942
366.7,29.51097774,-52.01585343,38393.76941,152.5234867,39.57115488,52.93835793
366.8,29.51068892,-52.01929204,38392.93719,152.524497,39.5688507,52.94039994
366.9,29.51040003,-52.02273039,38392.1046,152.5253465,39.5665466,52.94231879
367,29.51011106,-52.02616847,38391.27165,152.5262393,39.56416825,52.94427981
367.1,29.50982201,-52.02960629,38390.43833,152.5272505,39.5618643,52.94619899
367.2,29.50953288,-52.03304384,38389.60465,152.5281008,39.55956043,52.94811833
367.3,29.50924369,-52.03648113,38388.77061,152.5291125,39.55725664,52.95016118
367.4,29.50895441,-52.03991815,38387.93621,152.5299633,39.55495292,52.95208085
367.5,29.50866506,-52.04335491,38387.10145,152.5309756,39.55264928,52.95412403
367.6,29.50837563,-52.04679141,38386.26632,152.5319881,39.55034572,52.95604403
367.7,29.50808612,-52.05022764,38385.43084,152.5328397,39.54804223,52.9579642
367.8,29.50779654,-52.05366361,38384.595,152.5338527,39.54573882,52.96000788
367.9,29.50750689,-52.05709931,38383.75879,152.534866,39.54343548,52.96192837
368,29.50721715,-52.06053475,38382.92223,152.5357185,39.54113222,52.96384903
368.1,29.50692735,-52.06396993,38382.08531,152.5366143,39.53875475,52.96581192
368.2,29.50663746,-52.06740484,38381.24803,152.5374673,39.53645164,52.96773291
368.3,29.5063475,-52.07083948,38380.41039,152.5384817,39.53414862,52.96977743
368.4,29.50605746,-52.07427386,38379.5724,152.5394963,39.53184567,52.97169875
368.5,29.50576735,-52.07770798,38378.73405,152.5403501,39.52954279,52.97362024
368.6,29.50547716,-52.08114183,38377.89534,152.5413653,39.52723999,52.97566525
368.7,29.5051869,-52.08457542,38377.05628,152.5422196,39.52493727,52.97758707
368.8,29.50489656,-52.08800874,38376.21686,152.5431174,39.52256035,52.97942779
368.9,29.50460614,-52.0914418,38375.37708,152.5441334,39.52025779,52.9814733
369,29.50431565,-52.09487459,38374.53696,152.5449885,39.5179553,52.98339562
369.1,29.50402508,-52.09830712,38373.69647,152.546005,39.51565288,52.98531809
369.2,29.50373444,-52.10173939,38372.85564,152.5468607,39.51335055,52.98736411
369.3,29.50344372,-52.10517139,38372.01445,152.5478777,39.51104828,52.98928692
369.4,29.50315292,-52.10860312,38371.17291,152.5487772,39.50867184,52.99112865
369.5,29.50286205,-52.1120346,38370.33101,152.5496337,39.50636973,52.99317517
369.6,29.5025711,-52.1154658,38369.48877,152.5506515,39.5040677,52.99509847
369.7,29.50228008,-52.11889674,38368.64617,152.5515085,39.50176575,52.99702195
369.8,29.50198898,-52.12232742,38367.80322,152.5525269,39.49946387,52.99906896
369.9,29.50169781,-52.12575783,38366.95992,152.5534277,39.49708782,53.00091154
370,29.50140656,-52.12918798,38366.11627,152.5542856,39.4947861,53.00283551
370.1,29.50111523,-52.13261787,38365.27227,152.5553047,39.49248445,53.00488303
370.2,29.50082383,-52.13604748,38364.42792,152.5561631,39.49018288,53.00680733
370.3,29.50053235,-52.13947684,38363.58323,152.5571828,39.48788139,53.00873179
370.4,29.5002408,-52.14290593,38362.73818,152.558085,39.48550573,53.01069861
370.5,29.49994917,-52.14633475,38361.89279,152.5589442,39.4832044,53.01262341
370.6,29.49965746,-52.14976331,38361.04705,152.5599647,39.48090313,53.01454837
370.7,29.49936568,-52.15319161,38360.20096,152.5608244,39.47860195,53.0164735
370.8,29.49907383,-52.15661964,38359.35452,152.5617277,39.47622661,53.01844099
370.9,29.4987819,-52.16004741,38358.50774,152.562588,39.47392558,53.02036646
371,29.49848989,-52.16347491,38357.66062,152.5636096,39.47162462,53.02229208
371.1,29.49819781,-52.16690214,38356.81314,152.5646315,39.46932374,53.02434127
371.2,29.49790565,-52.17032911,38355.96532,152.5653748,39.46694872,53.02618605
371.3,29.49761342,-52.17375582,38355.11716,152.5663972,39.46464799,53.02811218
371.4,29.49732111,-52.17718226,38354.26866,152.5672588,39.46234735,53.03003847
371.5,29.49702872,-52.18060844,38353.41981,152.5682817,39.46004677,53.03208833
371.6,29.49673626,-52.18403435,38352.57061,152.5690262,39.45767207,53.03393379
371.7,29.49644373,-52.18746,38351.72108,152.5700496,39.45537165,53.03586058
371.8,29.49615111,-52.19088539,38350.8712,152.5709123,39.45307131,53.03778753
371.9,29.49585843,-52.1943105,38350.02098,152.5719363,39.45077104,53.03983805
372,29.49556567,-52.19773536,38349.17041,152.5728429,39.44839665,53.0416842
372.1,29.49527283,-52.20115995,38348.31951,152.5737064,39.44609654,53.04361165
372.2,29.49497992,-52.20458427,38347.46826,152.5747312,39.4437965,53.04553926
372.3,29.49468693,-52.20800833,38346.61668,152.5754776,39.44142235,53.04750933
372.4,29.49439386,-52.21143212,38345.76475,152.576503,39.43912247,53.04943728
372.5,29.49410072,-52.21485565,38344.91249,152.5773675,39.43682267,53.05136539
372.6,29.49380751,-52.21827892,38344.05988,152.5782758,39.43444875,53.05321255
372.7,29.49351422,-52.22170192,38343.20694,152.5791409,39.4321491,53.055141
372.8,29.49322086,-52.22512465,38342.35366,152.5801673,39.42984953,53.05719304
372.9,29.49292741,-52.22854712,38341.50004,152.5809154,39.42747585,53.05904071
373,29.4926339,-52.23196932,38340.64608,152.5819423,39.42517643,53.06096966
373.1,29.49234031,-52.23539126,38339.79179,152.5828085,39.42287708,53.06289877
373.2,29.49204664,-52.23881294,38338.93716,152.5837185,39.42050365,53.06487038
373.3,29.4917529,-52.24223435,38338.08219,152.5847462,39.41820445,53.06679982
373.4,29.49145908,-52.24565549,38337.22689,152.5856132,39.41590534,53.06872944
373.5,29.49116519,-52.24907637,38336.37125,152.586524,39.41353214,53.07057813
373.6,29.49087123,-52.25249699,38335.51528,152.5873915,39.41123318,53.07250807
373.7,29.49057718,-52.25591734,38334.65897,152.5884204,39.40893429,53.07456162
373.8,29.49028307,-52.25933742,38333.80233,152.5891709,39.40656133,53.07641082
373.9,29.48998887,-52.26275724,38332.94535,152.5902003,39.4042626,53.07834126
374,29.48969461,-52.2661768,38332.08804,152.5910689,39.40196394,53.08027187
374.1,29.48940026,-52.26959609,38331.2304,152.5919813,39.39959121,53.08212158
374.2,29.48910584,-52.27301511,38330.37242,152.5928504,39.39729271,53.08405253
374.3,29.48881135,-52.27643387,38329.51412,152.5937635,39.39492015,53.08602602
374.4,29.48851678,-52.27985236,38328.65548,152.5946331,39.3926218,53.0879573
374.5,29.48822214,-52.28327059,38327.7965,152.5956641,39.39032353,53.08988874
374.6,29.48792742,-52.28668856,38326.9372,152.5964169,39.38795119,53.09173931
374.7,29.48763263,-52.29010626,38326.07757,152.5974484,39.38565308,53.09367108
374.8,29.48733776,-52.29352369,38325.21761,152.5983192,39.38335503,53.09560302
374.9,29.48704282,-52.29694086,38324.35731,152.5992338,39.38098294,53.0974541
375,29.4867478,-52.30035776,38323.49669,152.6001051,39.37868505,53.09950982
375.1,29.48645271,-52.3037744,38322.63574,152.6010203,39.37631312,53.10136124
375.2,29.48615754,-52.30719078,38321.77446,152.6018921,39.37401538,53.10329385
375.3,29.4858623,-52.31060688,38320.91285,152.6028079,39.3716436,53.10514561
375.4,29.48556698,-52.31402273,38320.05091,152.6036803,39.36934602,53.10707855
375.5,29.48527159,-52.31743831,38319.18865,152.604714,39.36704852,53.10901166
375.6,29.48497612,-52.32085362,38318.32606,152.6054695,39.36467698,53.11086393
375.7,29.48468057,-52.32426867,38317.46314,152.6063427,39.36237962,53.11292083
375.8,29.48438496,-52.32768345,38316.59989,152.6072599,39.36000824,53.11477344
375.9,29.48408927,-52.33109796,38315.73632,152.6081336,39.35771104,53.11670722
376,29.4837935,-52.33451222,38314.87243,152.6090513,39.35533982,53.11856017
376.1,29.48349766,-52.3379262,38314.00821,152.6099255,39.35304278,53.12049428
376.2,29.48320174,-52.34133992,38313.14366,152.6108438,39.35067171,53.12234757
376.3,29.48290575,-52.34475338,38312.27879,152.6117186,39.34837482,53.12428202
376.4,29.48260968,-52.34816657,38311.4136,152.6127547,39.346078,53.12621663
376.5,29.48231354,-52.3515795,38310.54808,152.6135128,39.34370718,53.12807043
376.6,29.48201732,-52.35499216,38309.68224,152.6145494,39.34141051,53.13000538
376.7,29.48172103,-52.35840455,38308.81607,152.615308,39.33903984,53.131983
376.8,29.48142467,-52.36181668,38307.94958,152.6163452,39.33674333,53.13391828
376.9,29.48112823,-52.36522855,38307.08277,152.6171044,39.33437282,53.13577276
377,29.48083171,-52.36864015,38306.21564,152.6179811,39.33207647,53.13770838
377.1,29.48053513,-52.37205148,38305.34819,152.6189019,39.32970611,53.13956321
377.2,29.48023846,-52.37546255,38304.48042,152.6197791,39.32740991,53.14149916
377.3,29.47994172,-52.37887335,38303.61232,152.6207004,39.32503971,53.14335433
377.4,29.47964491,-52.38228389,38302.74391,152.6215781,39.32274366,53.14529061
377.5,29.47934802,-52.38569416,38301.87518,152.6225001,39.32037363,53.14714612
377.6,29.47905106,-52.38910417,38301.00612,152.6233783,39.31807773,53.14908274
377.7,29.47875402,-52.39251391,38300.13675,152.6243008,39.31570785,53.15093859
377.8,29.47845691,-52.39592338,38299.26706,152.6251796,39.31341211,53.15287554
377.9,29.47815973,-52.39933259,38298.39705,152.6259416,39.31104239,53.15473174
378,29.47786247,-52.40274154,38297.52672,152.626982,39.3087468,53.15666903
378.1,29.47756513,-52.40615022,38296.65608,152.6277445,39.30637723,53.15852556
378.2,29.47726772,-52.40955863,38295.78511,152.6287854,39.3040818,53.16046318
378.3,29.47697024,-52.41296678,38294.91384,152.6295485,39.30171239,53.16232006
378.4,29.47667268,-52.41637466,38294.04224,152.630473,39.29934307,53.16417712
378.5,29.47637505,-52.41978228,38293.17033,152.6313537,39.29704786,53.16611524
378.6,29.47607734,-52.42318963,38292.2981,152.6321176,39.29467869,53.16797263
378.7,29.47577956,-52.42659672,38291.42556,152.6331599,39.29238364,53.16991109
378.8,29.4754817,-52.43000354,38290.5527,152.6339243,39.29001463,53.17176883
378.9,29.47518377,-52.4334101,38289.67953,152.6349672,39.28771973,53.17370762
379,29.47488577,-52.43681639,38288.80604,152.6357322,39.28535088,53.1755657
379.1,29.47458769,-52.44022241,38287.93224,152.6366145,39.28305613,53.17750483
379.2,29.47428953,-52.44362817,38287.05813,152.6375412,39.28068744,53.17936325
379.3,29.47399131,-52.44703366,38286.1837,152.638307,39.27831882,53.18122184
379.4,29.47369301,-52.45043889,38285.30896,152.6393512,39.2760243,53.18316147
379.5,29.47339463,-52.45384385,38284.43391,152.6401177,39.27365585,53.18502041
379.6,29.47309618,-52.45724855,38283.55854,152.6410013,39.27136148,53.18696037
379.7,29.47279765,-52.46065298,38282.68286,152.6419294,39.26899318,53.18881965
379.8,29.47249905,-52.46405715,38281.80688,152.6428136,39.26669897,53.19075995
379.9,29.47220038,-52.46746105,38280.93058,152.6437421,39.26433083,53.19261957
380,29.47190163,-52.47086468,38280.05397,152.64451,39.26196277,53.19447937
380.1,29.47160281,-52.47426805,38279.17705,152.645395,39.25966879,53.19642017
380.2,29.47130392,-52.47767115,38278.29982,152.6463244,39.25730088,53.19828031
380.3,29.47100495,-52.48107399,38277.42228,152.64721,39.25500705,53.20022145
380.4,29.4707059,-52.48447656,38276.54443,152.6479789,39.25263931,53.20208193
380.5,29.47040678,-52.48787887,38275.66628,152.6489092,39.25027164,53.20394258
380.6,29.47010759,-52.49128091,38274.78781,152.6497955,39.24797804,53.20588422
380.7,29.46980833,-52.49468268,38273.90904,152.6507264,39.24561053,53.20774522
380.8,29.46950899,-52.49808419,38273.02996,152.6514964,39.24324311,53.20960638
380.9,29.46920957,-52.50148543,38272.15057,152.6523836,39.24094974,53.21154853
381,29.46891008,-52.50488641,38271.27087,152.6533153,39.23858246,53.21341004
381.1,29.46861052,-52.50828712,38270.39087,152.654203,39.23628925,53.21535252
381.2,29.46831088,-52.51168757,38269.51056,152.6549741,39.23392213,53.21721437
381.3,29.46801117,-52.51508775,38268.62995,152.6559066,39.2315551,53.21895287
381.4,29.46771139,-52.51848766,38267.74903,152.6567952,39.22926211,53.22089585
381.5,29.46741153,-52.52188731,38266.8678,152.6575672,39.22689523,53.22275822
381.6,29.4671116,-52.52528669,38265.98627,152.6585005,39.22452844,53.22462076
381.7,29.46681159,-52.52868581,38265.10444,152.6592731,39.22216172,53.22648347
381.8,29.46651151,-52.53208466,38264.2223,152.6603237,39.21986904,53.22842713
381.9,29.46621135,-52.53548325,38263.33986,152.6610969,39.21750248,53.23029019
382,29.46591113,-52.53888157,38262.45711,152.6618703,39.215136,53.23215342
382.1,29.46561082,-52.54227962,38261.57406,152.6629217,39.21284354,53.23409758
382.2,29.46531045,-52.54567741,38260.69071,152.6636957,39.21047722,53.23596116
382.3,29.46501,-52.54907493,38259.80705,152.664631,39.20811098,53.2378249
382.4,29.46470947,-52.55247219,38258.92309,152.6654055,39.20574481,53.23968882
382.5,29.46440888,-52.55586918,38258.03883,152.666297,39.20345267,53.24163366
382.6,29.46410821,-52.5592659,38257.15427,152.6672331,39.20108666,53.24349792
382.7,29.46380746,-52.56266236,38256.2694,152.6680085,39.19872073,53.24536236
382.8,29.46350664,-52.56605855,38255.38424,152.6689452,39.19635489,53.24722697
382.9,29.46320575,-52.56945448,38254.49877,152.6697211,39.19398912,53.24909175
383,29.46290478,-52.57285014,38253.613,152.670614,39.19169736,53.25103743
383.1,29.46260374,-52.57624553,38252.72693,152.6715515,39.18933174,53.25290256
383.2,29.46230263,-52.57964066,38251.84056,152.6723283,39.18696621,53.25476786
383.3,29.46200144,-52.58303552,38250.95389,152.6732663,39.18460076,53.25650977
383.4,29.46170018,-52.58643012,38250.06691,152.6740437,39.18223539,53.25837542
383.5,29.46139885,-52.58982445,38249.17964,152.6749379,39.17994401,53.26032194
383.6,29.46109744,-52.59321852,38248.29207,152.6758768,39.17757879,53.26218793
383.7,29.46079596,-52.59661231,38247.4042,152.676655,39.17521366,53.26405409
383.8,29.4604944,-52.60000585,38246.51603,152.6774334,39.1728486,53.26592043
383.9,29.46019277,-52.60339911,38245.62757,152.6783732,39.17048362,53.26778694
384,29.45989107,-52.60679211,38244.7388,152.6792688,39.16819263,53.26973431
384.1,29.45958929,-52.61018485,38243.84974,152.6802091,39.16582781,53.27160116
384.2,29.45928744,-52.61357732,38242.96038,152.6809886,39.16346307,53.27346819
384.3,29.45898552,-52.61696952,38242.07072,152.6817685,39.1610984,53.27533539
384.4,29.45868352,-52.62036146,38241.18076,152.6827097,39.15873382,53.27707918
384.5,29.45838145,-52.62375313,38240.2905,152.6836066,39.15644321,53.27902739
384.6,29.45807931,-52.62714453,38239.39995,152.6843873,39.15407878,53.28089511
384.7,29.45777709,-52.63053567,38238.5091,152.6853293,39.15171444,53.282763
384.8,29.4574748,-52.63392654,38237.61796,152.6861105,39.14935017,53.28463106
384.9,29.45717244,-52.63731715,38236.72652,152.6868921,39.14698598,53.2864993
385,29.45687,-52.64070749,38235.83478,152.6878349,39.14462188,53.28836771
385.1,29.45656749,-52.64409756,38234.94275,152.688617,39.14225785,53.29011271
385.2,29.4562649,-52.64748737,38234.05042,152.6895158,39.13996777,53.2920621
385.3,29.45596225,-52.65087691,38233.1578,152.6904595,39.1376039,53.29393102
385.4,29.45565951,-52.65426619,38232.26489,152.6912424,39.1352401,53.29580013
385.5,29.45535671,-52.6576552,38231.37167,152.6920256,39.13287639,53.2976694
385.6,29.45505383,-52.66104394,38230.47817,152.6929701,39.13051276,53.29953885
385.7,29.45475088,-52.66443242,38229.58437,152.6937539,39.1281492,53.30128488
385.8,29.45444786,-52.66782063,38228.69028,152.694538,39.12578573,53.30315467
385.9,29.45414476,-52.67120857,38227.79589,152.6954387,39.12349619,53.30510524
386,29.45384159,-52.67459625,38226.90121,152.6963843,39.12113287,53.30697538
386.1,29.45353834,-52.67798366,38226.00624,152.6971692,39.11876963,53.30884569
386.2,29.45323503,-52.68137081,38225.11097,152.6979544,39.11640646,53.31059258
386.3,29.45293164,-52.68475769,38224.21541,152.6989009,39.11404338,53.31246324
386.4,29.45262817,-52.6881443,38223.31956,152.6996866,39.11168038,53.31433407
386.5,29.45232463,-52.69153065,38222.42342,152.7004726,39.10931746,53.31620507
386.6,29.45202102,-52.69491673,38221.52699,152.7014199,39.10695461,53.31807625
386.7,29.45171734,-52.69830254,38220.63026,152.7023228,39.10466568,53.31990457
386.8,29.45141358,-52.70168809,38219.73325,152.7031097,39.102303,53.32177609
386.9,29.45110976,-52.70507337,38218.83594,152.7038968,39.09994039,53.32364779
387,29.45080585,-52.70845839,38217.93834,152.7048452,39.09757786,53.32551966
387.1,29.45050188,-52.71184314,38217.04046,152.7056329,39.09521541,53.32726809
387.2,29.45019783,-52.71522762,38216.14228,152.7064209,39.09285304,53.32914031
387.3,29.44989371,-52.71861184,38215.24381,152.7072092,39.09049074,53.3310127
387.4,29.44958951,-52.72199579,38214.34506,152.7081587,39.08812853,53.33288526
387.5,29.44928524,-52.72537947,38213.44601,152.7089476,39.0857664,53.33463438
387.6,29.4489809,-52.72876289,38212.54668,152.7097367,39.08340434,53.33650729
387.7,29.44867649,-52.73214604,38211.64706,152.7106423,39.08111618,53.33846091
387.8,29.448372,-52.73552892,38210.74715,152.7115929,39.07875428,53.34033416
387.9,29.44806744,-52.73891154,38209.84695,152.7123829,39.07639246,53.34208397
388,29.44776281,-52.74229389,38208.94646,152.7131731,39.07403072,53.34395757
388.1,29.4474581,-52.74567598,38208.04569,152.7139636,39.07166905,53.34583134
388.2,29.44715333,-52.7490578,38207.14463,152.7149154,39.06930747,53.34758167
388.3,29.44684847,-52.75243935,38206.24328,152.7157064,39.06694597,53.34945579
388.4,29.44654355,-52.75582064,38205.34165,152.7164978,39.06458454,53.35133009
388.5,29.44623855,-52.75920166,38204.43973,152.7172894,39.0622232,53.35320455
388.6,29.44593348,-52.76258241,38203.53752,152.7182423,39.05986193,53.35495557
388.7,29.44562834,-52.7659629,38202.63503,152.7190345,39.05750074,53.35683039
388.8,29.44532312,-52.76934312,38201.73225,152.719827,39.05513963,53.35870537
388.9,29.44501784,-52.77272307,38200.82918,152.7206197,39.0527786,53.36045691
389,29.44471247,-52.77610276,38199.92584,152.7214128,39.05041765,53.36233224
389.1,29.44440704,-52.77948218,38199.0222,152.7223671,39.04805678,53.36420775
389.2,29.44410153,-52.78286133,38198.11829,152.7231607,39.04569598,53.3659598
389.3,29.44379595,-52.78624022,38197.21408,152.7239545,39.04333527,53.36783566
389.4,29.4434903,-52.78961884,38196.3096,152.7248647,39.0410484,53.36979216
389.5,29.44318458,-52.7929972,38195.40483,152.7256592,39.03868784,53.37154472
389.6,29.44287878,-52.79637529,38194.49978,152.7266148,39.03632736,53.37342109
389.7,29.44257291,-52.79975311,38193.59444,152.7274098,39.03396696,53.37529764
389.8,29.44226697,-52.80313066,38192.68882,152.7282051,39.03160664,53.37705072
389.9,29.44196095,-52.80650795,38191.78292,152.7290007,39.02924639,53.37892762
390,29.44165486,-52.80988497,38190.87674,152.7297965,39.02688623,53.38068104
390.1,29.4413487,-52.81326173,38189.97028,152.7307536,39.02452614,53.38255828
390.2,29.44104247,-52.81663822,38189.06353,152.73155,39.02216614,53.3844357
390.3,29.44073616,-52.82001444,38188.1565,152.7323466,39.01980621,53.38618964
390.4,29.44042978,-52.8233904,38187.24919,152.7331436,39.01744636,53.38806741
390.5,29.44012333,-52.82676608,38186.3416,152.7339408,39.01508659,53.38994535
390.6,29.43981681,-52.83014151,38185.43373,152.7348993,39.01272689,53.3916998
390.7,29.43951021,-52.83351666,38184.52558,152.7356971,39.01036728,53.39357809
390.8,29.43920354,-52.83689155,38183.61715,152.7364952,39.00800774,53.39533289
390.9,29.4388968,-52.84026617,38182.70844,152.7372936,39.00564829,53.39721153
391,29.43858999,-52.84364053,38181.79945,152.7380922,39.00328891,53.39909033
391.1,29.4382831,-52.84701462,38180.89018,152.7388911,39.00092961,53.40084565
391.2,29.43797615,-52.85038844,38179.98064,152.7396903,38.99857039,53.40272481
391.3,29.43766912,-52.853762,38179.07081,152.7406508,38.99621125,53.40448048
391.4,29.43736201,-52.85713528,38178.16071,152.7414505,38.99385219,53.40635998
391.5,29.43705484,-52.86050831,38177.25032,152.7422506,38.9914932,53.40811599
391.6,29.43674759,-52.86388106,38176.33966,152.7430509,38.9891343,53.40999584
391.7,29.43644027,-52.86725355,38175.42873,152.7438515,38.98677547,53.41187586
391.8,29.43613288,-52.87062577,38174.51751,152.7446524,38.98441672,53.41363239
391.9,29.43582541,-52.87399773,38173.60602,152.7454535,38.98205805,53.41551276
392,29.43551787,-52.87736941,38172.69425,152.7464159,38.97969946,53.41726963
392.1,29.43521026,-52.88074084,38171.78221,152.7471019,38.97726725,53.41907
392.2,29.43490258,-52.88411199,38170.86988,152.7479039,38.97490881,53.42082722
392.3,29.43459483,-52.88748288,38169.95729,152.7487062,38.97255046,53.42270829
392.4,29.434287,-52.8908535,38169.04442,152.7495087,38.97019219,53.42446586
392.5,29.4339791,-52.89422385,38168.13127,152.7503116,38.96783399,53.42634727
392.6,29.43367113,-52.89759394,38167.21784,152.7511147,38.96547587,53.42810519
392.7,29.43336309,-52.90096376,38166.30415,152.7519181,38.96311783,53.42998695
392.8,29.43305498,-52.90433331,38165.39018,152.7527218,38.96075987,53.43174521
392.9,29.43274679,-52.9077026,38164.47593,152.7536867,38.95840199,53.43362732
393,29.43243853,-52.91107162,38163.56141,152.754491,38.95604419,53.43538593
393.1,29.4321302,-52.91444037,38162.64662,152.7552955,38.95368646,53.43726838
393.2,29.4318218,-52.91780886,38161.73155,152.7561003,38.95132881,53.43902733
393.3,29.43151332,-52.92117708,38160.81621,152.7569054,38.94897125,53.44091014
393.4,29.43120477,-52.92454503,38159.9006,152.7577108,38.94661376,53.44266943
393.5,29.43089615,-52.92791272,38158.98471,152.7585164,38.94425634,53.44455259
393.6,29.43058746,-52.93128014,38158.06856,152.7593224,38.94189901,53.44631223
393.7,29.4302787,-52.93464729,38157.15213,152.7601286,38.93954176,53.44819573
393.8,29.42996986,-52.93801417,38156.23543,152.7608195,38.93711092,53.44987543
393.9,29.42966095,-52.94138079,38155.31845,152.7616263,38.93475382,53.45175928
394,29.42935197,-52.94474714,38154.40121,152.7625942,38.93239681,53.45351962
394.1,29.42904292,-52.94811322,38153.4837,152.7634016,38.93003987,53.45540382
394.2,29.4287338,-52.95147904,38152.56591,152.7642092,38.92768301,53.4571645
394.3,29.4284246,-52.95484459,38151.64786,152.7650171,38.92532622,53.45904905
394.4,29.42811534,-52.95820987,38150.72953,152.7658253,38.92296952,53.46081007
394.5,29.427806,-52.96157489,38149.81094,152.7666337,38.92061289,53.46257127
394.6,29.42749659,-52.96493964,38148.89207,152.7674425,38.91825635,53.46445634
394.7,29.4271871,-52.96830412,38147.97294,152.7682515,38.91589988,53.46621788
394.8,29.42687755,-52.97166833,38147.05354,152.7689453,38.91346985,53.46802306
394.9,29.42656792,-52.97503228,38146.13387,152.7697549,38.91111354,53.46978495
395,29.42625822,-52.97839596,38145.21393,152.7705647,38.90875731,53.47167072
395.1,29.42594845,-52.98175937,38144.29372,152.7713749,38.90640115,53.47343295
395.2,29.42563861,-52.98512252,38143.37324,152.7721853,38.90404508,53.47519537
395.3,29.4253287,-52.9884854,38142.4525,152.772996,38.90168908,53.47708165
395.4,29.42501871,-52.99184801,38141.53149,152.773807,38.89933316,53.47884441
395.5,29.42470865,-52.99521036,38140.61021,152.7746182,38.89697732,53.48073105
395.6,29.42439853,-52.99857244,38139.68867,152.7754298,38.89462156,53.48249415
395.7,29.42408832,-53.00193425,38138.76686,152.7761262,38.89219226,53.48417722
395.8,29.42377805,-53.00529579,38137.84479,152.7769383,38.88983665,53.48606438
395.9,29.42346771,-53.00865707,38136.92244,152.7777507,38.88748113,53.48782801
396,29.42315729,-53.01201808,38135.99984,152.7785633,38.88512568,53.48971552
396.1,29.42284681,-53.01537882,38135.07696,152.7793763,38.88277031,53.49147949
396.2,29.42253625,-53.01873929,38134.15383,152.7801895,38.88041502,53.49324363
396.3,29.42222562,-53.0220995,38133.23042,152.781003,38.8780598,53.49513166
396.4,29.42191491,-53.02545944,38132.30676,152.7817014,38.87563107,53.49681597
396.5,29.42160414,-53.02881912,38131.38282,152.7825155,38.87327602,53.49858063
396.6,29.4212933,-53.03217852,38130.45863,152.7833298,38.87092104,53.50046919
396.7,29.42098238,-53.03553766,38129.53417,152.7841445,38.86856614,53.5022342
396.8,29.42067139,-53.03889653,38128.60945,152.7849594,38.86621132,53.50399938
396.9,29.42036033,-53.04225514,38127.68446,152.7857746,38.86385657,53.50588846
397,29.4200492,-53.04561347,38126.75921,152.7864747,38.86142833,53.50757384
397.1,29.419738,-53.04897154,38125.8337,152.7872905,38.85907374,53.50946327
397.2,29.41942672,-53.05232935,38124.90793,152.7881065,38.85671923,53.51122915
397.3,29.41911538,-53.05568688,38123.98189,152.7889228,38.85436481,53.5129952
397.4,29.41880396,-53.05904415,38123.0556,152.7897394,38.85201045,53.51476142
397.5,29.41849247,-53.06240115,38122.12904,152.7905563,38.84965618,53.51665155
397.6,29.41818091,-53.06575789,38121.20222,152.7912582,38.84722842,53.51833799
397.7,29.41786928,-53.06911435,38120.27514,152.7920757,38.8448743,53.52010473
397.8,29.41755758,-53.07247055,38119.3478,152.7928934,38.84252027,53.52199539
397.9,29.4172458,-53.07582648,38118.4202,152.7937114,38.84016631,53.52376248
398,29.41693396,-53.07918215,38117.49233,152.7945296,38.83781243,53.52552974
398.1,29.41662204,-53.08253754,38116.56421,152.7953482,38.83545862,53.52742091
398.2,29.41631006,-53.08589267,38115.63583,152.7960518,38.83303134,53.52910842
398.3,29.415998,-53.08924754,38114.70719,152.796871,38.8306777,53.53087621
398.4,29.41568587,-53.09260213,38113.77829,152.7976904,38.82832413,53.53264417
398.5,29.41537366,-53.09595646,38112.84913,152.79851,38.82597064,53.53453604
398.6,29.41506139,-53.09931052,38111.91972,152.79933,38.82361723,53.53630434
398.7,29.41474905,-53.10266431,38110.99004,152.8000351,38.82119036,53.53799274
398.8,29.41443663,-53.10601784,38110.06011,152.8008556,38.8188371,53.53988514
398.9,29.41412415,-53.1093711,38109.12992,152.8016764,38.81648393,53.54165397
399,29.41381159,-53.11272409,38108.19947,152.8023366,38.81413083,53.54342297
399.1,29.41349896,-53.11607681,38107.26876,152.8030429,38.81170428,53.54511208
399.2,29.41318626,-53.11942927,38106.3378,152.8038645,38.80935133,53.54700517
399.3,29.41287349,-53.12278145,38105.40658,152.8046864,38.80699847,53.5487747
399.4,29.41256065,-53.12613337,38104.47511,152.8055086,38.80464569,53.55054439
399.5,29.41224774,-53.12948503,38103.54338,152.8063311,38.80229298,53.55231426
399.6,29.41193475,-53.13283641,38102.61139,152.8070388,38.79986683,53.55412801
399.7,29.4116217,-53.13618753,38101.67915,152.8078619,38.79751428,53.55589823
399.8,29.41130857,-53.13953838,38100.74665,152.8086852,38.79516181,53.55766862
399.9,29.41099537,-53.14288897,38099.81389,152.8095088,38.79280942,53.55943918
400,29.4106821,-53.14623928,38098.88089,152.8102177,38.79038359,53.56112989
400.1,29.41036877,-53.14958933,38097.94797,152.7480894,38.91494258,53.4601035
400.2,29.41005536,-53.1529391,38097.0167,152.6849797,39.00151943,53.35328815
400.3,29.40974188,-53.1562886,38096.08861,152.62292,39.0588289,53.2449319
400.4,29.40942833,-53.15963781,38095.16489,152.5628764,39.09359127,53.13815525
400.5,29.40911471,-53.16298674,38094.24646,152.5059878,39.11116348,53.03497482
400.6,29.40880102,-53.16633537,38093.33404,152.4525895,39.11596338,52.93686884
400.7,29.40848726,-53.16968372,38092.42816,152.4031382,39.11145885,52.84488303
400.8,29.40817344,-53.17303178,38091.52921,152.3578752,39.10016188,52.75950582
400.9,29.40785956,-53.17637955,38090.63749,152.316554,39.08406866,52.68126902
401,29.40754561,-53.17972702,38089.7532,152.2793941,39.06465833,52.61002004
401.1,29.40723159,-53.1830742,38088.87646,152.2479998,39.04503202,52.54950215
401.2,29.40691751,-53.18642109,38088.00736,152.2312899,39.03367192,52.51723047
401.3,29.40660337,-53.18976768,38087.14592,152.2371524,39.03758136,52.52876009
401.4,29.40628917,-53.19311398,38086.29217,152.2706181,39.06133771,52.59422346
401.5,29.40597491,-53.19645999,38085.44606,152.3351317,39.10806219,52.72014163
401.6,29.40566058,-53.1998057,38084.60757,152.4322726,39.17920487,52.90941314
401.7,29.40534618,-53.20315112,38083.77663,152.5626337,39.27521014,53.16325605
401.8,29.40503171,-53.20649624,38082.95317,152.7265851,39.39580985,53.48124525
401.9,29.40471717,-53.20984108,38082.13711,152.923545,39.54009207,53.86167404
402,29.40440255,-53.21318561,38081.32836,153.1524616,39.70664158,54.3022246
402.1,29.40408784,-53.21652985,38080.52684,153.4125545,39.89382893,54.79992992
402.2,29.40377304,-53.2198738,38079.73246,153.7025966,40.09980302,55.35155997
402.3,29.40345815,-53.22321745,38078.94513,154.0211647,40.32248281,55.95389881
402.4,29.40314315,-53.2265608,38078.16476,154.3671469,40.56007637,56.60377544
402.5,29.40282804,-53.22990385,38077.39128,154.7391757,40.81047581,57.29776432
402.6,29.40251281,-53.23324661,38076.62461,155.1358437,41.07170308,58.03253497
402.7,29.40219745,-53.23658906,38075.86468,155.5560056,41.34198505,58.80535783
402.8,29.40188196,-53.23993121,38075.11141,155.9985612,41.61944794,59.61292719
402.9,29.40156631,-53.24327306,38074.36474,156.4620879,41.90242059,60.45247313
403,29.40125051,-53.2466146,38073.62461,156.9457912,42.1894367,61.32182285
403.1,29.40093454,-53.24995584,38072.89096,157.4482679,42.47900497,62.21808722
403.2,29.40061839,-53.25329676,38072.16373,157.9684149,42.76968537,63.13919042
403.3,29.40030205,-53.25663738,38071.44288,158.5053785,43.06032483,64.08283927
403.4,29.39998551,-53.25997768,38070.72835,159.057826,43.34982719,65.04696269
403.5,29.39966876,-53.26331767,38070.02008,159.6252362,43.6371544,66.02994525
403.6,29.39935179,-53.26665734,38069.31804,160.2066052,43.92140747,67.0298901
403.7,29.39903459,-53.26999669,38068.62216,160.8006496,44.20175005,68.04501896
403.8,29.39871714,-53.27333572,38067.9324,161.4065211,44.47741027,69.07370888
403.9,29.39839943,-53.27667443,38067.24871,162.023654,44.74760196,70.11456183
404,29.39808146,-53.2800128,38066.57103,162.6507084,45.01168702,71.16618979
404.1,29.3977632,-53.28335085,38065.8993,163.2874071,45.2693422,72.22777052
404.2,29.39744466,-53.28668857,38065.23347,163.9328141,45.51999434,73.2973775
404.3,29.3971258,-53.29002595,38064.57346,164.5854227,45.7633081,74.37394391
404.4,29.39680664,-53.29336299,38063.91922,165.2453433,45.99877927,75.45635106
404.5,29.39648714,-53.29669968,38063.27067,165.911296,46.2261459,76.54375225
404.6,29.3961673,-53.30003604,38062.62776,166.5831732,46.44539381,77.63578343
404.7,29.39584711,-53.30337204,38061.9904,167.2600993,46.65634455,78.73109961
404.8,29.39552655,-53.3067077,38061.3585,167.9406002,46.85881991,79.8277803
404.9,29.39520562,-53.310043,38060.73197,168.6250462,47.05289456,80.92681966
405,29.39488429,-53.31337794,38060.11071,169.3121074,47.23847885,82.02616951
405.1,29.39456257,-53.31671252,38059.49463,170.0010597,47.4154007,83.12390599
405.2,29.39424042,-53.32004673,38058.88362,170.6911645,47.58382917,84.22209746
405.3,29.39391785,-53.32338058,38058.27756,171.3826019,47.74376881,85.31757993
405.4,29.39359484,-53.32671405,38057.67634,172.073856,47.89522796,86.41041464
405.5,29.39327138,-53.33004715,38057.07982,172.7643582,48.03830452,87.4995213
405.6,29.39294745,-53.33337986,38056.48789,173.4536109,48.17327314,88.58575775
405.7,29.39262304,-53.33671219,38055.90041,174.1409932,48.30032882,89.66946159
405.8,29.39229815,-53.34004414,38055.31726,174.8256419,48.4195857,89.2586766
405.9,29.39197275,-53.34337569,38054.73828,175.5062338,48.53107587,88.19183083
406,29.39164684,-53.34670684,38054.16335,176.1844559,48.63474839,87.13361198
406.1,29.39132039,-53.35003759,38053.59233,176.8580324,48.73081595,86.08334483
406.2,29.39099341,-53.35336794,38053.02505,177.5240624,48.81932221,85.03895535
406.3,29.39066588,-53.35669788,38052.46137,178.1889116,48.90075024,84.00562089
406.4,29.39033778,-53.3600274,38051.90113,178.8454533,48.97515288,82.98164899
406.5,29.3900091,-53.3633565,38051.34417,179.4952139,49.0428484,81.96789966
406.6,29.38967983,-53.36668518,38050.7903,179.8551141,49.10407204,80.96381532
406.7,29.38934996,-53.37001344,38050.23939,179.2229167,49.15915035,79.97177391
406.8,29.38901947,-53.37334126,38049.69128,178.5943619,49.20832598,78.99061011
406.9,29.38868836,-53.37666864,38049.1458,177.9756676,49.25184467,78.02132734
407,29.38835661,-53.37999558,38048.60279,177.3617796,49.28995502,77.06354732
407.1,29.3880242,-53.38332207,38048.0621,176.7545123,49.32282031,76.11775702
407.2,29.38769113,-53.38664811,38047.52355,176.1592599,49.3508698,75.18452557
407.3,29.38735738,-53.38997369,38046.98697,175.570158,49.37427127,74.26390028
407.4,29.38702295,-53.39329881,38046.45219,174.9910905,49.39310611,73.35563476
407.5,29.38668781,-53.39662346,38045.91903,174.419907,49.40745712,72.46017488
407.6,29.38635195,-53.39994763,38045.38731,173.8573825,49.41767266,71.57746998
407.7,29.38601538,-53.40327133,38044.85684,173.3047318,49.42401441,70.70775103
407.8,29.38567806,-53.40659454,38044.32744,172.7600676,49.42674514,69.85124476
407.9,29.38533999,-53.40991726,38043.79891,172.2254327,49.4262166,69.00770342
408,29.38500116,-53.41323949,38043.27104,171.7010706,49.42269315,68.17739044
408.1,29.38466156,-53.41656121,38042.74366,171.1841585,49.41626349,67.36006229
408.2,29.38432117,-53.41988243,38042.21654,170.6771247,49.40728101,66.55580793
408.3,29.38397998,-53.42320313,38041.68951,170.1797769,49.39601119,65.76470319
408.4,29.38363798,-53.42652332,38041.16237,169.6908555,49.38254363,64.98659864
408.5,29.38329516,-53.42984298,38040.63495,169.2119074,49.36723207,64.22141711
408.6,29.3829515,-53.43316211,38040.10706,168.7417203,49.35007822,63.46906276
408.7,29.382607,-53.4364807,38039.57852,168.2801073,49.3309961,62.72966217
408.8,29.38226165,-53.43979876,38039.04914,167.8284724,49.31033946,62.00301219
408.9,29.38191542,-53.44311626,38038.51874,167.3850491,49.28819814,61.28892107
409,29.38156831,-53.4464332,38037.98712,166.9508122,49.26492532,60.58759606
409.1,29.38122031,-53.44974959,38037.45408,166.5253384,49.24061037,59.89852527
409.2,29.3808714,-53.45306541,38036.91945,166.1079505,49.21543025,59.22159719
409.3,29.38052158,-53.45638065,38036.38301,165.6995204,49.18964927,58.55688428
409.4,29.38017084,-53.45969531,38035.84458,165.2992804,49.16318074,57.90381032
409.5,29.37981915,-53.46300939,38035.30395,164.9073531,49.13620092,57.26249843
409.6,29.37946652,-53.46632287,38034.76095,164.5231979,49.10888567,56.63243323
409.7,29.37911292,-53.46963576,38034.21537,164.1465805,49.08123554,56.01315379
409.8,29.37875836,-53.47294803,38033.66702,163.7779587,49.05333852,55.40485162
409.9,29.37840281,-53.47625969,38033.11573,163.416469,49.02510764,54.80727826
410,29.37804626,-53.47957074,38032.56134,163.0619947,48.99663078,54.21989961
410.1,29.37768871,-53.48288115,38032.00364,162.7189376,48.96110121,53.64824184
410.2,29.37733015,-53.48619093,38031.4424,162.3931762,48.91469774,53.10213501
410.3,29.37697056,-53.48950008,38030.87728,162.0876285,48.86163083,52.58662653
410.4,29.37660994,-53.49280858,38030.30789,161.8040531,48.80514027,52.10480074
410.5,29.37624828,-53.49611643,38029.73378,161.5430046,48.74775743,51.65808383
410.6,29.37588557,-53.49942364,38029.15451,161.3042483,48.691308,51.24654213
410.7,29.37552182,-53.50273019,38028.56963,161.0877836,48.63743614,50.87014405
410.8,29.37515701,-53.50603609,38027.97871,160.8926393,48.58691309,50.52769445
410.9,29.37479114,-53.50934134,38027.38131,160.7176737,48.5405076,50.21783133
411,29.37442422,-53.51264593,38026.77705,160.562012,48.4985542,49.93884921
411.1,29.37405623,-53.51594986,38026.16556,160.4243547,48.46138741,49.68915994
411.2,29.37368718,-53.51925313,38025.54649,160.3031629,48.42891038,49.46644451
411.3,29.37331706,-53.52255575,38024.91954,160.1978078,48.40128668,49.26910406
411.4,29.37294588,-53.5258577,38024.28443,160.1066371,48.37824964,49.09506448
411.5,29.37257362,-53.52915899,38023.6409,160.0283477,48.35962056,48.94245214
411.6,29.37220029,-53.53245962,38022.98872,159.9622168,48.34530839,48.80970736
411.7,29.3718259,-53.53575958,38022.3277,159.9070371,48.33505093,48.69523822
411.8,29.37145043,-53.53905888,38021.65766,159.8618971,48.32858721,48.59724355
411.9,29.37107389,-53.54235752,38020.97845,159.82592,48.32565726,48.51448704
412,29.37069627,-53.54565549,38020.28996,159.7985202,48.32608812,48.44561502
412.1,29.37031759,-53.5489528,38019.59205,159.7786083,48.32953517,48.38934316
412.2,29.36993783,-53.55224944,38018.88466,159.7656387,48.33582663,48.34449803
412.3,29.36955699,-53.55554541,38018.1677,159.7590791,48.34479116,48.31044208
412.4,29.36917509,-53.55884072,38017.44113,159.7581312,48.35608525,48.28568543
412.5,29.36879211,-53.56213536,38016.7049,159.7625428,48.36962422,48.2697233
412.6,29.36840806,-53.56542934,38015.959,159.771805,48.3852373,48.26182029
412.7,29.36802294,-53.56872264,38015.20339,159.785148,48.40266751,48.26113798
412.8,29.36763675,-53.57201528,38014.4381,159.8030957,48.42191671,48.26729854
412.9,29.36724948,-53.57530725,38013.66312,159.8241168,48.44264148,48.27936134
413,29.36686115,-53.57859855,38012.87847,159.8489885,48.46484364,48.29695327
413.1,29.36647174,-53.58188918,38012.08419,159.8764555,48.48835223,48.31961383
413.2,29.36608127,-53.58517913,38011.28032,159.9070315,48.51308258,48.34699249
413.3,29.36568972,-53.58846842,38010.46689,159.9399581,48.53886341,48.37862878
413.4,29.36529711,-53.59175704,38009.64397,159.9755138,48.56569634,48.41415144
413.5,29.36490342,-53.59504498,38008.81161,160.013204,48.59349642,48.45333938
413.6,29.36450867,-53.59833225,38007.96987,160.0527668,48.62209189,48.49585986
413.7,29.36411285,-53.60161885,38007.11884,160.0944802,48.65148412,48.54147006
413.8,29.36371597,-53.60490478,38006.25858,160.1375865,48.68158773,48.58994596
413.9,29.36331802,-53.60819003,38005.38917,160.1826181,48.71240399,48.64104314
414,29.36291901,-53.61147461,38004.51071,160.2290491,48.74376047,48.6945541
414.1,29.36251893,-53.61475851,38003.62328,160.2768988,48.77565817,48.7502314
414.2,29.36211778,-53.61804174,38002.72698,160.3259286,48.80809814,48.80809057
414.3,29.36171557,-53.62132429,38001.82191,160.3763959,48.84099438,48.86790134
414.4,29.3613123,-53.62460617,38000.90816,160.4277594,48.87417359,48.9295819
414.5,29.36090797,-53.62788737,37999.98584,160.4802924,48.90763633,48.9927467
414.6,29.36050258,-53.63116789,37999.05505,160.5334438,48.94120873,49.05717591
414.7,29.36009613,-53.63444773,37998.1159,160.5872211,48.97489101,49.12247781
414.8,29.35968862,-53.6377269,37997.1685,160.6419181,49.00877076,49.18877494
414.9,29.35928005,-53.64100539,37996.21295,160.6967076,49.04267358,49.25584127
415,29.35887042,-53.6442832,37995.24937,160.7521687,49.07677447,49.3236481
415.1,29.35845973,-53.64756032,37994.27786,160.8077061,49.11081125,49.39184807
415.2,29.35804799,-53.65083677,37993.29853,160.8639031,49.14495899,49.46067984
415.3,29.35763519,-53.65411254,37992.31151,160.920475,49.17913028,49.53002944
415.4,29.35722134,-53.65738763,37991.31689,160.977131,49.21323746,49.59964557
415.5,29.35680643,-53.66066204,37990.31479,161.0341671,49.2473682,49.66964928
415.6,29.35639047,-53.66393576,37989.30532,161.0913166,49.28152255,49.73990733
415.7,29.35597346,-53.6672088,37988.28861,161.1486358,49.31587635,49.81066361
415.8,29.35555539,-53.67048116,37987.26475,161.2063743,49.35034208,49.88180162
415.9,29.35513628,-53.67375284,37986.23387,161.2645671,49.38500801,49.95372057
416,29.35471611,-53.67702383,37985.19609,161.3232221,49.41987457,50.0262904
416.1,29.3542949,-53.68029414,37984.15153,161.3823179,49.45485405,50.09966894
416.2,29.35387263,-53.68356376,37983.1003,161.4421685,49.49003493,50.1739865
416.3,29.35344932,-53.6868327,37982.04254,161.5024767,49.52532938,50.24898904
416.4,29.35302496,-53.69010095,37980.97836,161.563281,49.56082599,50.32480731
416.5,29.35259956,-53.69336851,37979.90789,161.6245258,49.59634842,50.40133659
416.6,29.35217311,-53.69663539,37978.83125,161.6862496,49.63198521,50.47856924
416.7,29.35174562,-53.69990158,37977.74859,161.7487424,49.66773662,50.55665071
416.8,29.35131708,-53.70316708,37976.66002,161.8111296,49.70351432,50.63532122
416.9,29.3508875,-53.7064319,37975.56567,161.8745847,49.73940704,50.71457321
417,29.35045687,-53.70969602,37974.46569,161.9379428,49.77532633,50.79442383
417.1,29.35002521,-53.71295946,37973.36018,162.0020646,49.81127227,50.87473703
417.2,29.3495925,-53.7162222,37972.2493,162.0660575,49.84715606,50.95552766
417.3,29.34915875,-53.71948426,37971.13317,162.1305354,49.88306652,51.03664625
417.4,29.34872397,-53.72274562,37970.01192,162.1952136,49.91900371,51.118379
417.5,29.34828815,-53.72600629,37968.8857,162.2603482,49.95487865,51.20031475
417.6,29.34785128,-53.72926627,37967.75462,162.3253566,49.99069122,51.28245432
417.7,29.34741339,-53.73252556,37966.61883,162.3908655,50.02653047,51.36493162
417.8,29.34697445,-53.73578415,37965.47846,162.4565034,50.06221799,51.44762515
417.9,29.34653449,-53.73904205,37964.33364,162.5223524,50.09793207,51.53051654
418,29.34609348,-53.74229926,37963.18451,162.5880316,50.13349403,51.61348131
418.1,29.34565145,-53.74555577,37962.0312,162.6538355,50.16890353,51.69637395
418.2,29.34520838,-53.74881158,37960.87384,162.7201521,50.20433929,51.77960977
418.3,29.34476428,-53.7520667,37959.71257,162.7859457,50.23953262,51.86263518
418.4,29.34431915,-53.75532113,37958.54752,162.8522533,50.27475196,51.94585926
418.5,29.34387299,-53.75857485,37957.37882,162.9183321,50.30972822,52.02886826
418.6,29.3434258,-53.76182788,37956.20661,162.984575,50.34464044,52.11193613
418.7,29.34297758,-53.76508021,37955.03101,163.0506266,50.37939866,52.19492266
418.8,29.34252833,-53.76833185,37953.85216,163.1167904,50.41400253,52.27767848
418.9,29.34207806,-53.77158278,37952.67019,163.1827538,50.44845174,52.36034736
419,29.34162676,-53.77483302,37951.48522,163.2485106,50.48274597,52.44277909
419.1,29.34117444,-53.77808255,37950.29739,163.3143686,50.51688487,52.52511815
419.2,29.34072109,-53.78133139,37949.10682,163.3803257,50.55086814,52.60706505
419.3,29.34026672,-53.78457952,37947.91364,163.4456939,50.58460521,52.68876861
419.4,29.33981133,-53.78782695,37946.71798,163.5111498,50.61818586,52.77036892
419.5,29.33935491,-53.79107368,37945.51996,163.5762087,50.65133866,52.85142696
419.6,29.33889748,-53.79431971,37944.3197,163.641609,50.68424359,52.9320761
419.7,29.33843902,-53.79756504,37943.11733,163.7059484,50.71671915,53.01186626
419.8,29.33797955,-53.80080966,37941.91297,163.7699086,50.74885501,53.09078296
419.9,29.33751906,-53.80405358,37940.70672,163.8335354,50.78074109,53.16896411
420,29.33705755,-53.80729679,37939.49871,163.8963755,50.81219553,53.24610358
420.1,29.33659502,-53.8105393,37938.28905,163.9587976,50.84330823,53.32233861
420.2,29.33613148,-53.81378111,37937.07783,164.0208494,50.87416929,53.3978092
420.3,29.33566692,-53.81702221,37935.86518,164.0820681,50.90459651,53.47205248
420.4,29.33520135,-53.8202626,37934.6512,164.1428289,50.93467996,53.54551274
420.5,29.33473477,-53.82350229,37933.43599,164.202785,50.96441899,53.61772071
420.6,29.33426718,-53.82674128,37932.21964,164.2623183,50.99390397,53.68927812
420.7,29.33379857,-53.82997955,37931.00227,164.3210814,51.02313443,53.75956149
420.8,29.33332896,-53.83321712,37929.78396,164.3795276,51.05229218,53.82933119
420.9,29.33285833,-53.83645398,37928.56481,164.4375858,51.0812859,53.89842803
421,29.3323867,-53.83969013,37927.34492,164.4956554,51.11020653,53.96715639
421.1,29.33191406,-53.84292558,37926.12438,164.5529822,51.13896264,54.03535679
421.2,29.33144041,-53.84616031,37924.90329,164.610242,51.16755393,54.10333565
421.3,29.33096576,-53.84939434,37923.68174,164.6674996,51.19607151,54.17093492
421.4,29.3304901,-53.85262766,37922.45983,164.7251008,51.22451528,54.23846432
421.5,29.33001344,-53.85586026,37921.23765,164.7818609,51.252702,54.30560505
421.6,29.32953577,-53.85909216,37920.01529,164.8386075,51.28081441,54.37251355
421.7,29.3290571,-53.86232334,37918.79284,164.8956908,51.30885238,54.43934507
421.8,29.32857743,-53.86555382,37917.5704,164.9519073,51.33663236,54.50561891
421.9,29.32809676,-53.86878358,37916.34805,165.0084534,51.36433742,54.57180984
422,29.32761509,-53.87201263,37915.12588,165.0644694,51.39178378,54.63743383
422.1,29.32713242,-53.87524097,37913.90398,165.1208107,51.41915474,54.70296892
422.2,29.32664875,-53.87846859,37912.68243,165.1762487,51.44626631,54.76792773
422.3,29.32616408,-53.88169551,37911.46133,165.2320044,51.473302,54.83263188
422.4,29.32567841,-53.88492171,37910.24075,165.2871989,51.5000776,54.89674968
422.5,29.32519175,-53.88814719,37909.02079,165.3422633,51.52668476,54.96060043
422.6,29.3247041,-53.89137196,37907.80151,165.3968272,51.55312318,55.02385927
422.7,29.32421545,-53.89459602,37906.58301,165.451615,51.57939257,55.08684291
422.8,29.3237258,-53.89781936,37905.36536,165.5058893,51.60549265,55.14922506
422.9,29.32323517,-53.90104198,37904.14864,165.5599277,51.63133083,55.21115597
423,29.32274354,-53.9042639,37902.93293,165.6134343,51.65699902,55.27247452
423.1,29.32225092,-53.90748509,37901.7183,165.6663148,51.68240452,55.33300613
423.2,29.32175731,-53.91070557,37900.50483,165.7194766,51.70773183,55.39340845
423.3,29.32126271,-53.91392533,37899.29259,165.7719967,51.73279578,55.45301296
423.4,29.32076712,-53.91714437,37898.08165,165.8238623,51.75759595,55.51197574
423.5,29.32027055,-53.9203627,37896.87209,165.8759953,51.78231714,55.57046983
423.6,29.31977298,-53.92358031,37895.66396,165.9269878,51.80668122,55.62813914
423.7,29.31927444,-53.9267972,37894.45735,165.9782365,51.83096576,55.68549394
423.8,29.3187749,-53.93001338,37893.25231,166.0287933,51.85498512,55.74201996
423.9,29.31827438,-53.93322883,37892.0489,166.0791223,51.87883167,55.79788393
424,29.31777288,-53.93644357,37890.8472,166.1291254,51.90241229,55.85323668
424.1,29.3172704,-53.93965758,37889.64726,166.1784981,51.92581948,55.90775086
424.2,29.31676693,-53.94287088,37888.44914,166.2276203,51.94905297,55.96175225
424.3,29.31626249,-53.94608346,37887.2529,166.2764858,51.97211248,56.0152364
424.4,29.31575706,-53.94929532,37886.0586,166.324599,51.99490471,56.06785518
424.5,29.31525065,-53.95250645,37884.86629,166.3718499,52.01733615,56.1197579
424.6,29.31474327,-53.95571687,37883.67602,166.4195098,52.0394994,56.17094846
424.7,29.3142349,-53.95892657,37882.48785,166.4662859,52.06130088,56.22107441
424.8,29.31372556,-53.96213554,37881.30181,166.511663,52.08264682,56.26994785
424.9,29.31321525,-53.9653438,37880.11797,166.5575233,52.10381641,56.31792985
425,29.31270395,-53.96855133,37878.93635,166.6015525,52.12452944,56.36447334
425.1,29.31219169,-53.97175814,37877.757,166.6451396,52.144972,56.40992932
425.2,29.31167845,-53.97496423,37876.57994,166.6878696,52.16514372,56.45429037
425.3,29.31116424,-53.9781696,37875.40523,166.7305434,52.18504424,56.49754918
425.4,29.31064905,-53.98137424,37874.23288,166.7718262,52.2045797,56.53951612
425.5,29.3101329,-53.98457817,37873.06293,166.8121079,52.22374962,56.58001279
425.6,29.30961577,-53.98778137,37871.89541,166.8519959,52.24274067,56.61973692
425.7,29.30909768,-53.99098384,37870.73033,166.8908576,52.26136541,56.65797553
425.8,29.30857861,-53.9941856,37869.56772,166.929521,52.27999798,56.69545697
425.9,29.30805858,-53.99738663,37868.4076,166.9669371,52.298451,56.73180855
426,29.30753759,-54.00058694,37867.24999,167.0045592,52.31691172,56.76773685
426.1,29.30701562,-54.00378652,37866.09492,167.0417517,52.3351926,56.80286885
426.2,29.30649269,-54.00698538,37864.9424,167.0787289,52.35348105,56.83774384
426.3,29.3059688,-54.01018352,37863.79244,167.1148453,52.37158937,56.87215945
426.4,29.30544394,-54.01338094,37862.64508,167.1511586,52.38970512,56.90631472
426.5,29.30491812,-54.01657763,37861.50032,167.1870215,52.40764047,56.94000596
426.6,29.30439133,-54.01977359,37860.35818,167.223504,52.42558311,56.97360594
426.7,29.30386359,-54.02296883,37859.21868,167.2591046,52.44334506,57.00656512
426.8,29.30333488,-54.02616335,37858.08184,167.2943551,52.46102014,57.03941429
426.9,29.30280522,-54.02935714,37856.94767,167.3296799,52.47860825,57.07197942
427,29.30227459,-54.03255021,37855.81618,167.3646481,52.49610928,57.10425888
427.1,29.30174301,-54.03574255,37854.68738,167.4001183,52.51352313,57.13607755
427.2,29.30121047,-54.03893416,37853.5613,167.4342439,52.53075552,57.16759014
427.3,29.30067697,-54.04212505,37852.43794,167.4694193,52.54799467,57.1990022
427.4,29.30014252,-54.04531522,37851.3173,167.5036721,52.56505207,57.22993083
427.5,29.29960711,-54.04850466,37850.19941,167.5369912,52.58192753,57.26019879
427.6,29.29907074,-54.05169337,37849.08427,167.5713616,52.59880948,57.29053596
427.7,29.29853342,-54.05488136,37847.97189,167.60479,52.61550921,57.32020804
427.8,29.29799515,-54.05806862,37846.86227,167.6378292,52.6321209,57.34957948
427.9,29.29745593,-54.06125516,37845.75542,167.671359,52.64864447,57.3786487
428,29.29691575,-54.06444096,37844.65136,167.7039272,52.66498534,57.40722041
428.1,29.29637462,-54.06762605,37843.55007,167.736093,52.68123781,57.43531038
428.2,29.29583255,-54.0708104,37842.45157,167.7687441,52.69740178,57.46309224
428.3,29.29528952,-54.07399403,37841.35586,167.8009884,52.71347717,57.49056444
428.4,29.29474555,-54.07717693,37840.26294,167.8322445,52.72936925,57.51753016
428.5,29.29420062,-54.08035911,37839.1728,167.8639804,52.74517248,57.54400602
428.6,29.29365475,-54.08354055,37838.08546,167.8952961,52.76088676,57.57016648
428.7,29.29310794,-54.08672127,37837.00091,167.9256038,52.77641729,57.59563686
428.8,29.29256018,-54.08990126,37835.91915,167.9569705,52.79195336,57.62098452
428.9,29.29201147,-54.09308053,37834.84017,167.9868651,52.80730541,57.64581475
429,29.29146182,-54.09625907,37833.76397,168.0172318,52.82256807,57.67014521
429.1,29.29091123,-54.09943688,37832.69055,168.0465664,52.83764639,57.69413095
429.2,29.29035969,-54.10261396,37831.6199,168.0765033,52.85272995,57.71763353
429.3,29.28980721,-54.10579031,37830.55201,168.1053968,52.86762893,57.74078779
429.4,29.28925379,-54.10896594,37829.48689,168.134892,52.88253302,57.76363368
429.5,29.28869943,-54.11214084,37828.42451,168.1637955,52.89725228,57.78594989
429.6,29.28814413,-54.11531501,37827.36487,168.1919632,52.91169151,57.80789101
429.7,29.2875879,-54.11848845,37826.30797,168.219989,52.92594547,57.8291191
429.8,29.28703072,-54.12166116,37825.25378,168.2478693,52.94001397,57.84980996
429.9,29.28647261,-54.12483315,37824.20229,168.2749938,52.95380174,57.86958183
430,29.28591356,-54.1280044,37823.15349,168.3008841,52.96730851,57.88843105
430.1,29.28535357,-54.13117493,37822.10735,168.3341918,52.96759391,57.9153521
430.2,29.28479265,-54.13434473,37821.06372,168.3871757,52.94695485,57.97203614
430.3,29.2842308,-54.13751381,37820.02229,168.4722744,52.91254661,58.0739002
430.4,29.28366803,-54.14068217,37818.98265,168.5942806,52.86895775,58.23131139
430.5,29.28310434,-54.14384982,37817.94429,168.7596327,52.82029255,58.45159908
430.6,29.28253975,-54.14701676,37816.90666,168.9707485,52.76950363,58.73916979
430.7,29.28197425,-54.15018301,37815.86922,169.2282064,52.7185847,59.09614113
430.8,29.28140788,-54.15334857,37814.83142,169.5340068,52.66904789,59.52356349
430.9,29.28084063,-54.15651346,37813.79274,169.8872665,52.62173785,60.02136511
431,29.28027252,-54.15967768,37812.75268,170.2881678,52.57645879,60.58895046
431.1,29.27970356,-54.16284124,37811.71083,170.7355288,52.53311019,61.22545404
431.2,29.27913377,-54.16600416,37810.6668,171.2291716,52.49149812,61.92925197
431.3,29.27856317,-54.16916645,37809.62024,171.7678304,52.45114755,62.69881166
431.4,29.27799177,-54.17232811,37808.57085,172.349442,52.41130356,63.53202009
431.5,29.27741958,-54.17548916,37807.51837,172.9734584,52.37112015,64.42676327
431.6,29.27684662,-54.17864961,37806.46255,173.6391963,52.32975442,65.38180978
431.7,29.2762729,-54.18180947,37805.40322,174.3451714,52.28552371,66.39490983
431.8,29.27569845,-54.18496875,37804.34021,175.0891275,52.23740739,67.46444111
431.9,29.27512329,-54.18812747,37803.27339,175.8723954,52.18439009,68.5889676
432,29.27454742,-54.19128562,37802.2027,176.6898032,52.12518271,69.76601854
432.1,29.27397086,-54.19444322,37801.12809,177.5464516,52.05878478,70.99467317
432.2,29.27339364,-54.19760029,37800.04953,178.4347576,51.98383275,72.2728552
432.3,29.27281577,-54.20075683,37798.96704,179.3586561,51.89906941,73.59888218
432.4,29.27223726,-54.20391285,37797.88063,179.7125886,51.80325278,74.97154927
432.5,29.27165814,-54.20706837,37796.79034,178.7147915,51.69460423,76.38825973
432.6,29.27107842,-54.21022338,37795.69624,177.7033875,51.57174062,77.84744601
432.7,29.27049812,-54.21337791,37794.59839,176.6675354,51.43367351,79.34879589
432.8,29.26991727,-54.21653196,37793.4969,175.6068019,51.27898246,80.88792225
432.9,29.26933587,-54.21968554,37792.39189,174.5234776,51.10655624,82.46411445
433,29.26875394,-54.22283865,37791.28351,173.4186212,50.91513713,84.07526127
433.1,29.26817151,-54.22599131,37790.17193,172.2962031,50.70359958,85.71873103
433.2,29.26758858,-54.22914353,37789.05733,171.1574623,50.47077167,87.3929378
433.3,29.26700519,-54.23229531,37787.93989,170.0046992,50.21553028,89.09156755
433.4,29.26642134,-54.23544667,37786.81983,168.8418119,49.93698235,89.18092079
433.5,29.26583706,-54.2385976,37785.69736,167.6702898,49.63410832,87.43591003
433.6,29.26525236,-54.24174812,37784.57272,166.4931844,49.3061213,85.66956359
433.7,29.26466727,-54.24489823,37783.44616,165.3138831,48.95211371,83.8874072
433.8,29.26408179,-54.24804795,37782.31793,164.1345151,48.57132441,82.09154103
433.9,29.26349596,-54.25119728,37781.18831,162.9587849,48.16347963,80.28695295
434,29.26290978,-54.25434622,37780.05758,161.7895317,47.72826383,78.47525652
434.1,29.26232327,-54.25749478,37778.92604,160.6297768,47.26557465,76.66068946
434.2,29.26173647,-54.26064297,37777.79399,159.4820939,46.77534568,74.84509184
434.3,29.26114937,-54.2637908,37776.66177,158.3497981,46.257875,73.03254813
434.4,29.26056201,-54.26693827,37775.52972,157.2351661,45.71339545,71.22499541
434.5,29.25997439,-54.27008538,37774.39821,156.1406412,45.1423998,69.42564963
434.6,29.25938655,-54.27323215,37773.2676,155.0690875,44.54554397,67.63746434
434.7,29.2587985,-54.27637858,37772.13829,154.0222366,43.92339613,65.86239695
434.8,29.25821025,-54.27952467,37771.01066,153.0023704,43.27683072,64.10323105
434.9,29.25762184,-54.28267043,37769.8851,152.0114048,42.60708595,62.3619354
435,29.25703327,-54.28581586,37768.76203,151.0507393,41.91527773,60.64043939
435.1,29.25644456,-54.28896097,37767.64186,150.1241273,41.20841806,58.94525809
435.2,29.25585575,-54.29210576,37766.52503,149.2478522,40.50248292,57.3075138
435.3,29.25526684,-54.29525024,37765.41205,148.4354805,39.8098672,55.75461816
435.4,29.25467785,-54.2983944,37764.3034,147.6928882,39.13974615,54.30277695
435.5,29.25408881,-54.30153827,37763.19958,147.0218019,38.49929449,52.96026484
435.6,29.25349973,-54.30468182,37762.10102,146.4200756,37.89337821,51.72926587
435.7,29.25291062,-54.30782508,37761.00809,145.8841438,37.32518493,50.60838105
435.8,29.25232151,-54.31096804,37759.92112,145.4091656,36.79637954,49.5934387
435.9,29.2517324,-54.3141107,37758.84039,144.9899463,36.3075235,48.67882472
436,29.25114331,-54.31725307,37757.76612,144.620809,35.85825396,47.85782085
436.1,29.25055425,-54.32039514,37756.69847,144.2966183,35.44744797,47.12310103
436.2,29.24996523,-54.32353693,37755.63757,144.0125607,35.07344495,46.46786254
436.3,29.24937626,-54.32667842,37754.5835,143.7640846,34.73418871,45.88475311
436.4,29.24878735,-54.32981963,37753.53631,143.5469626,34.42750247,45.36715152
436.5,29.2481985,-54.33296056,37752.49601,143.3575991,34.15101082,44.90873017
436.6,29.24760972,-54.3361012,37751.46258,143.1924984,33.90240856,44.50330376
436.7,29.24702103,-54.33924156,37750.43601,143.0488123,33.67924353,44.14542875
436.8,29.24643242,-54.34238164,37749.41623,142.9239485,33.47932195,43.83006238
436.9,29.24584389,-54.34552143,37748.40318,142.8155578,33.30049234,43.55241901
437,29.24525546,-54.34866095,37747.39678,142.7213762,33.1406387,43.30836083
437.1,29.24466713,-54.35180019,37746.39695,142.6399282,32.99787979,43.09416439
437.2,29.24407889,-54.35493915,37745.40359,142.5694139,32.87049447,42.90623053
437.3,29.24349076,-54.35807784,37744.4166,142.5085832,32.75678065,42.7416089
437.4,29.24290273,-54.36121625,37743.43588,142.4561578,32.65532441,42.59756084
437.5,29.24231481,-54.36435439,37742.46131,142.4109764,32.56465603,42.47151245
437.6,29.241727,-54.36749225,37741.49279,142.3722099,32.48365576,42.36136281
437.7,29.2411393,-54.37062984,37740.53021,142.3391768,32.41121145,42.26526179
437.8,29.24055171,-54.37376715,37739.57345,142.3108925,32.34621724,42.18141304
437.9,29.23996424,-54.3769042,37738.6224,142.2868972,32.28791145,42.1082577
438,29.23937688,-54.38004097,37737.67695,142.2665816,32.23546829,42.04450409
438.1,29.23878963,-54.38317747,37736.73697,142.249517,32.18813282,41.98901543
438.2,29.2382025,-54.3863137,37735.80236,142.2351749,32.14528803,41.94066026
438.3,29.23761548,-54.38944966,37734.873,142.2233661,32.10645407,41.8985807
438.4,29.23702859,-54.39258535,37733.94879,142.2135773,32.07101727,41.86194496
438.5,29.23644181,-54.39572077,37733.0296,142.2058505,32.03863572,41.83017325
438.6,29.23585514,-54.39885592,37732.11532,142.1995164,32.00876562,41.80257881
438.7,29.2352686,-54.40199081,37731.20584,142.1947872,31.9812694,41.77861673
438.8,29.23468217,-54.40512543,37730.30105,142.1911085,31.95573975,41.75777633
438.9,29.23409587,-54.40825977,37729.40084,142.1885877,31.93190498,41.73962578
439,29.23350968,-54.41139386,37728.5051,142.1868912,31.90962876,41.72399169
439.1,29.23292361,-54.41452767,37727.61371,142.1860729,31.88870753,41.71030311
439.2,29.23233766,-54.41766122,37726.72657,142.1859673,31.86893796,41.69844293
439.3,29.23175183,-54.42079451,37725.84358,142.1864098,31.85011696,41.68811443
439.4,29.23116611,-54.42392752,37724.96462,142.1873984,31.83224393,41.67913388
439.5,29.23058052,-54.42706028,37724.0896,142.1887157,31.81504863,41.67134963
439.6,29.22999505,-54.43019276,37723.21839,142.1905243,31.79859808,41.66452612
439.7,29.22940969,-54.43332499,37722.35091,142.1925514,31.78268967,41.65855011
439.8,29.22882446,-54.43645695,37721.48703,142.1950185,31.76718835,41.65343622
439.9,29.22823934,-54.43958864,37720.62667,142.1977635,31.75189177,41.64907207
440,29.22765435,-54.44272008,37719.7697,142.2007862,31.73679982,41.64545691
440.1,29.22706947,-54.44585125,37718.91602,142.2040324,31.72184505,41.64228259
440.2,29.22648471,-54.44898215,37718.06553,142.2074458,31.70709474,41.63949558
440.3,29.22590007,-54.4521128,37717.2181,142.2109723,31.69248144,41.63714854
440.4,29.22531555,-54.45524318,37716.37363,142.2146681,31.67793777,41.635024
440.5,29.22473115,-54.4583733,37715.532,142.2184205,31.66359832,41.6331055
440.6,29.22414687,-54.46150316,37714.6931,142.2222882,31.64926109,41.63137215
440.7,29.22356271,-54.46463276,37713.85683,142.226215,31.63499337,41.62986069
440.8,29.22297866,-54.4677621,37713.02306,142.2301472,31.62072783,41.6284441
440.9,29.22239474,-54.47089118,37712.19168,142.234082,31.60659903,41.62719591
441,29.22181093,-54.47401999,37711.36258,142.2381319,31.59247238,41.62586241
441.1,29.22122724,-54.47714855,37710.53566,142.2420711,31.57861688,41.62459057
441.2,29.22064367,-54.48027685,37709.71079,142.2459559,31.56496518,41.62316349
441.3,29.22006022,-54.48340489,37708.88788,142.2498927,31.55165165,41.62174438
441.4,29.21947689,-54.48653268,37708.06681,142.2537744,31.5385417,41.6202596
441.5,29.21889368,-54.4896602,37707.2475,142.2576008,31.52563523,41.61879892
441.6,29.21831058,-54.49278747,37706.42984,142.2614251,31.51299938,41.61748866
441.7,29.2177276,-54.49591448,37705.61373,142.26536,31.50049964,41.61616546
441.8,29.21714474,-54.49904123,37704.79909,142.2692391,31.48820313,41.61486578
441.9,29.216562,-54.50216772,37703.98581,142.273062,31.47610979,41.61376915
442,29.21597938,-54.50529396,37703.17381,142.2770483,31.46421952,41.61269562
442.1,29.21539687,-54.50841994,37702.363,142.280925,31.45246509,41.61160855
442.2,29.21481448,-54.51154567,37701.55329,142.2849646,31.4409136,41.61072392
442.3,29.21423221,-54.51467114,37700.74459,142.2888943,31.42949783,41.60982545
442.4,29.21365006,-54.51779635,37699.93681,142.2929335,31.41821773,41.60909263
442.5,29.21306803,-54.52092131,37699.12988,142.2970254,31.40714038,41.60838212
442.6,29.21248611,-54.52404602,37698.32371,142.3009539,31.39613146,41.60771078
442.7,29.21190431,-54.52717047,37697.51821,142.3050446,31.38532518,41.60715126
442.8,29.21132263,-54.53029466,37696.71331,142.3091875,31.37472147,41.60661363
442.9,29.21074107,-54.5334186,37695.90893,142.3132765,31.36418605,41.60620458
443,29.21015962,-54.53654229,37695.10498,142.3173645,31.35378601,41.60578085
443.1,29.20957829,-54.53966572,37694.3014,142.3215043,31.34358837,41.60546837
443.2,29.20899708,-54.5427889,37693.4981,142.3257526,31.33352599,41.6052307
443.3,29.20841599,-54.54591183,37692.69501,142.3298369,31.32353176,41.60503147
443.4,29.20783501,-54.5490345,37691.89206,142.3340823,31.31373978,41.6049431
443.5,29.20725415,-54.55215693,37691.08917,142.3382164,31.30408294,41.60483952
443.6,29.20667341,-54.55527909,37690.28628,142.3424586,31.2945612,41.60481032
443.7,29.20609278,-54.55840101,37689.48331,142.3466989,31.2851745,41.60485541
443.8,29.20551228,-54.56152267,37688.68019,142.3509374,31.27592281,41.60497468
443.9,29.20493188,-54.56464409,37687.87686,142.3552266,31.26687312,41.60511453
444,29.20435161,-54.56776525,37687.07325,142.359461,31.25789133,41.60529222
444.1,29.20377145,-54.57088615,37686.2693,142.363746,31.24911145,41.60557992
444.2,29.20319141,-54.57400681,37685.46493,142.3680856,31.2403994,41.60581568
444.3,29.20261149,-54.57712722,37684.6601,142.3723659,31.23188917,41.60625087
444.4,29.20203168,-54.58024737,37683.85473,142.3767534,31.2235137,41.60667004
444.5,29.20145199,-54.58336728,37683.04877,142.3810287,31.21527297,41.60716274
444.6,29.20087242,-54.58648693,37682.24215,142.385411,31.20716694,41.60763928
444.7,29.20029297,-54.58960634,37681.43483,142.3897906,31.19919557,41.60818919
444.8,29.19971363,-54.59272549,37680.62673,142.3940576,31.19135882,41.60881237
444.9,29.1991344,-54.59584439,37679.81782,142.3984887,31.1835897,41.60956234
445,29.1985553,-54.59896305,37679.00802,142.4030311,31.17582121,41.61058217
445.1,29.19797631,-54.60208145,37678.19729,142.4075796,31.16791944,41.61162073
445.2,29.19739744,-54.6051996,37677.38557,142.4121824,31.16008528,41.61278598
445.3,29.19681868,-54.60831751,37676.57279,142.4168439,31.15218482,41.61400596
445.4,29.19624004,-54.61143517,37675.7589,142.4215597,31.14435197,41.61526301
445.5,29.19566151,-54.61455257,37674.94384,142.4261674,31.13651976,41.61652118
445.6,29.19508311,-54.61766973,37674.12755,142.4308292,31.12875513,41.61772684
445.7,29.19450482,-54.62078664,37673.30998,142.4354926,31.12099114,41.61902314
445.8,29.19392664,-54.6239033,37672.49106,142.4400478,31.11322778,41.62032051
445.9,29.19334858,-54.62701972,37671.67074,142.4447669,31.10553197,41.62156534
446,29.19277064,-54.63013588,37670.84896,142.4494303,31.0979037,41.62293662
446.1,29.19219281,-54.6332518,37670.02567,142.4540953,31.09027604,41.62421943
446.2,29.1916151,-54.63636747,37669.2008,142.4586423,31.0829166,41.62537814
446.3,29.19103751,-54.63948289,37668.37432,142.4631811,31.07582532,41.62641267
446.4,29.19046003,-54.64259807,37667.54616,142.4676016,31.06900213,41.62741241
446.5,29.18988266,-54.645713,37666.71629,142.4720137,31.06244697,41.62837726
446.6,29.18930542,-54.64882768,37665.88465,142.4764694,31.05622668,41.62934292
446.7,29.18872829,-54.65194211,37665.05122,142.4809738,31.05020744,41.63041664
446.8,29.18815127,-54.6550563,37664.21595,142.485307,31.04438919,41.63150887
446.9,29.18757437,-54.65817024,37663.37881,142.489741,31.03883879,41.63265531
447,29.18699759,-54.66128394,37662.53976,142.4942758,31.03355617,41.63394533
447.1,29.18642092,-54.66439738,37661.69878,142.4987489,31.02847444,41.63534308
447.2,29.18584436,-54.66751059,37660.85582,142.5032179,31.02352669,41.6367233
447.3,29.18526793,-54.67062354,37660.01087,142.5078397,31.01891349,41.63837208
447.4,29.18469161,-54.67373625,37659.1639,142.5123474,31.01443421,41.6400032
447.5,29.1841154,-54.67684871,37658.31487,142.5170129,31.0101557,41.64183127
447.6,29.18353931,-54.67996093,37657.46377,142.5216165,31.00607791,41.64367734
447.7,29.18296334,-54.6830729,37656.61058,142.5263256,31.002134,41.6455951
447.8,29.18238748,-54.68618462,37655.75527,142.5309726,30.99839077,41.64770968
447.9,29.18181173,-54.6892961,37654.89781,142.5356676,30.99484821,41.64984214
448,29.18123611,-54.69240734,37654.0382,142.5404103,30.99150629,41.65217136
448.1,29.18066059,-54.69551832,37653.17641,142.5452584,30.98829816,41.65448269
448.2,29.1800852,-54.69862907,37652.31243,142.549992,30.9852238,41.65695503
448.3,29.17950992,-54.70173956,37651.44624,142.5547734,30.98235003,41.65944516
448.4,29.17893475,-54.70484981,37650.57783,142.55966,30.97961001,41.66209626
448.5,29.1783597,-54.70795982,37649.70717,142.5644845,30.97707054,41.66476512
448.6,29.17778477,-54.71106958,37648.83427,142.5694143,30.9746648,41.66759494
448.7,29.17720995,-54.71417909,37647.95911,142.5743395,30.97239276,41.67040679
448.8,29.17663524,-54.71728836,37647.08167,142.5792599,30.97025442,41.6733796
448.9,29.17606066,-54.72039739,37646.20195,142.5841757,30.96824977,41.67633445
449,29.17548618,-54.72350617,37645.31994,142.5891393,30.96644562,41.67939648
449.1,29.17491183,-54.7266147,37644.43563,142.5941558,30.96470833,41.68258379
449.2,29.17433758,-54.72972299,37643.54902,142.59911,30.96317152,41.68578882
449.3,29.17376346,-54.73283103,37642.6601,142.6041171,30.96170154,41.68902967
449.4,29.17318945,-54.73593883,37641.76887,142.6091721,30.96043204,41.69237773
449.5,29.17261555,-54.73904638,37640.87532,142.6141699,30.95922937,41.69576162
449.6,29.17204177,-54.74215369,37639.97944,142.6192732,30.95816034,41.69921706
449.7,29.17146811,-54.74526075,37639.08125,142.6243718,30.95722495,41.70274404
449.8,29.17089456,-54.74836757,37638.18073,142.6294658,30.9564232,41.7063426
449.9,29.17032112,-54.75147414,37637.27789,142.6345552,30.95575507,41.70992325
450,29.1697478,-54.75458046,37636.37273,142.6396977,30.95515377,41.71371878
450.1,29.1691746,-54.75768654,37635.46525,142.6450084,30.95448565,41.71765779
450.2,29.16860151,-54.76079238,37634.55544,142.6502147,30.95368392,41.72170456
450.3,29.16802854,-54.76389797,37633.64331,142.6556418,30.95288219,41.72584105
450.4,29.16745568,-54.76700331,37632.72885,142.6609069,30.95201367,41.73003153
450.5,29.16688294,-54.77010842,37631.81206,142.6662827,30.95114514,41.73422223
450.6,29.16631031,-54.77321327,37630.89293,142.671659,30.95027663,41.73850267
450.7,29.1657378,-54.77631788,37629.97146,142.677036,30.94940813,41.7426938
450.8,29.1651654,-54.77942224,37629.04764,142.6824712,30.94847282,41.74693894
450.9,29.16459312,-54.78252636,37628.12147,142.6877968,30.94753753,41.75118429
451,29.16402095,-54.78563024,37627.19295,142.6931755,30.94666905,41.75546561
451.1,29.1634489,-54.78873387,37626.26207,142.6986125,30.94573377,41.75962184
451.2,29.16287696,-54.79183725,37625.32882,142.7039398,30.9447985,41.76386784
451.3,29.16230514,-54.79494039,37624.3932,142.7092626,30.94399685,41.76800645
451.4,29.16173343,-54.79804328,37623.45521,142.7145232,30.94339562,41.77189431
451.5,29.16116184,-54.80114593,37622.51485,142.719664,30.9430616,41.7758359
451.6,29.16059036,-54.80424834,37621.57212,142.7249056,30.9429948,41.77965208
451.7,29.160019,-54.8073505,37620.62702,142.7300324,30.9430616,41.78354005
451.8,29.15944776,-54.81045241,37619.67957,142.735097,30.94332882,41.78735646
451.9,29.15887662,-54.81355408,37618.72978,142.7401573,30.94372964,41.79124472
452,29.15830561,-54.8166555,37617.77765,142.7453184,30.94439768,41.79527646
452.1,29.1577347,-54.81975668,37616.8232,142.750533,30.94513253,41.79925472
452.2,29.15716392,-54.82285761,37615.86644,142.7556855,30.9460678,41.80334075
452.3,29.15659324,-54.8259583,37614.90738,142.7608338,30.94713669,41.80758842
452.4,29.15602269,-54.82905874,37613.94605,142.7660306,30.94840602,41.81185435
452.5,29.15545224,-54.83215894,37612.98245,142.7712809,30.94974217,41.81615655
452.6,29.15488192,-54.83525889,37612.01661,142.7765271,30.95121195,41.8205309
452.7,29.1543117,-54.8383586,37611.04854,142.7818796,30.95281538,41.8250671
452.8,29.15374161,-54.84145806,37610.07826,142.7870649,30.95448565,41.82963969
452.9,29.15317162,-54.84455727,37609.10579,142.7924672,30.95628957,41.83419491
453,29.15260176,-54.84765624,37608.13115,142.7977022,30.95816034,41.83887625
453.1,29.152032,-54.85075496,37607.15437,142.8030437,30.96016478,41.84362998
453.2,29.15146236,-54.85385344,37606.17545,142.8084392,30.96223608,41.84842025
453.3,29.15089284,-54.85695167,37605.19443,142.8138307,30.96444105,41.85328301
453.4,29.15032343,-54.86004966,37604.21133,142.8192763,30.9667129,41.85827211
453.5,29.14975414,-54.86314739,37603.22616,142.8246123,30.9689848,41.86317221
453.6,29.14918496,-54.86624489,37602.23895,142.8300552,30.97139041,41.86823466
453.7,29.1486159,-54.86934213,37601.24973,142.8355521,30.97386289,41.8732441
453.8,29.14804695,-54.87243913,37600.25851,142.8409926,30.97640227,41.87838004
453.9,29.14747812,-54.87553589,37599.26533,142.8463764,30.97900855,41.88346302
454,29.1469094,-54.8786324,37598.2702,142.8519251,30.98168172,41.88867259
454.1,29.1463408,-54.88172866,37597.27315,142.8574174,30.98442181,41.89391903
454.2,29.14577231,-54.88482467,37596.27421,142.8628001,30.98716197,41.89907657
454.3,29.14520393,-54.88792044,37595.2734,142.8683479,30.98996904,41.9043608
454.4,29.14463567,-54.89101596,37594.27074,142.8738392,30.99284304,41.90968199
454.5,29.14406753,-54.89411123,37593.26627,142.8793848,30.99578397,41.91495035
454.6,29.1434995,-54.89720626,37592.26001,142.884821,30.99872498,41.92030948
454.7,29.14293159,-54.90030104,37591.25198,142.8903116,31.00173293,41.92570565
454.8,29.14236379,-54.90339558,37590.24221,142.8958035,31.00474098,41.93110281
454.9,29.1417961,-54.90648986,37589.23074,142.9013498,31.00781596,41.93644719
455,29.14122853,-54.9095839,37588.21757,142.9069507,31.0109579,41.94191855
455.1,29.14066108,-54.91267769,37587.20276,142.912389,31.01403309,41.94735483
455.2,29.14009374,-54.91577123,37586.18631,142.918108,31.01704152,41.95302568
455.3,29.13952651,-54.91886453,37585.16825,142.9237797,31.01984948,41.95876896
455.4,29.1389594,-54.92195758,37584.14861,142.9294572,31.0225238,41.96453087
455.5,29.13839241,-54.92505038,37583.12741,142.9351405,31.02506448,41.97031135
455.6,29.13782553,-54.92814293,37582.10466,142.9408827,31.02753836,41.97614657
455.7,29.13725876,-54.93123524,37581.08039,142.9466305,31.02987857,41.98182041
455.8,29.13669211,-54.93432729,37580.05462,142.9523263,31.03215198,41.98754891
455.9,29.13612557,-54.9374191,37579.02735,142.95797,31.03435857,41.99324209
456,29.13555915,-54.94051066,37577.99861,142.9637302,31.03643148,41.99895367
456.1,29.13499285,-54.94360198,37576.96841,142.9694382,31.03843757,42.00453988
456.2,29.13442665,-54.94669304,37575.93677,142.9750406,31.04030995,42.0101444
456.3,29.13386058,-54.94978386,37574.90369,142.9807552,31.04218237,42.0156597
456.4,29.13329461,-54.95287443,37573.8692,142.9863597,31.04405482,42.02117577
456.5,29.13272877,-54.95596475,37572.83332,142.9917965,31.04599419,42.02636879
456.6,29.13216303,-54.95905482,37571.79604,142.9972835,31.04813423,42.03149132
456.7,29.13159741,-54.96214464,37570.7574,143.0026562,31.05040807,42.0365071
456.8,29.13103191,-54.96523422,37569.71742,143.0081369,31.05281573,42.04150619
456.9,29.13046652,-54.96832354,37568.67612,143.0134498,31.05529033,42.04645232
457,29.12990125,-54.97141262,37567.63351,143.0187597,31.05789877,42.05147188
457.1,29.12933608,-54.97450145,37566.58964,143.0241243,31.06057416,42.05643853
457.2,29.12877104,-54.97759003,37565.54451,143.0294323,31.06331651,42.06144235
457.3,29.12820611,-54.98067836,37564.49817,143.0348486,31.06619272,42.06651975
457.4,29.12764129,-54.98376644,37563.45062,143.0402663,31.06906902,42.07159805
457.5,29.12707659,-54.98685428,37562.40191,143.0456274,31.0720123,42.07671362
457.6,29.126512,-54.98994186,37561.35205,143.0509322,31.07502256,42.08186652
457.7,29.12594753,-54.99302919,37560.30108,143.0564032,31.07809982,42.08705677
457.8,29.12538317,-54.99611628,37559.24903,143.0617642,31.08117718,42.09224798
457.9,29.12481892,-54.99920311,37558.19591,143.0671801,31.08432154,42.09756677
458,29.1242548,-55.0022897,37557.14176,143.0725974,31.08746601,42.10288656
458.1,29.12369078,-55.00537604,37556.0866,143.0780698,31.09067748,42.10815365
458.2,29.12312688,-55.00846212,37555.03047,143.0834898,31.09382216,42.11347547
458.3,29.12256309,-55.01154796,37553.97338,143.0890187,31.09710076,42.11896149
458.4,29.12199942,-55.01463355,37552.91538,143.0943838,31.10031256,42.12432187
458.5,29.12143587,-55.01771888,37551.85648,143.0998617,31.10352447,42.12968329
458.6,29.12087242,-55.02080397,37550.79671,143.1053948,31.10680341,42.13517252
458.7,29.1203091,-55.02388881,37549.73611,143.1108179,31.11008246,42.14066284
458.8,29.11974588,-55.02697339,37548.67469,143.1163,31.1132947,42.14602743
458.9,29.11918279,-55.03005773,37547.61249,143.1218374,31.11657397,42.1515199
459,29.1186198,-55.03314181,37546.54953,143.1272108,31.11978644,42.15697687
459.1,29.11805693,-55.03622565,37545.48584,143.132751,31.12306593,42.1624715
459.2,29.11749418,-55.03930923,37544.42145,143.1382387,31.12627861,42.16793061
459.3,29.11693154,-55.04239257,37543.35638,143.1437818,31.12955834,42.17351772
459.4,29.11636901,-55.04547565,37542.29065,143.1492723,31.13277124,42.17897899
459.5,29.1158066,-55.04855848,37541.22431,143.1547103,31.13591731,42.18440467
459.6,29.1152443,-55.05164106,37540.15737,143.1602037,31.13913042,42.1899584
459.7,29.11468212,-55.05472339,37539.08985,143.1656984,31.14234365,42.19542286
459.8,29.11412005,-55.05780547,37538.02179,143.1711406,31.14549003,42.20094206
459.9,29.1135581,-55.06088729,37536.95321,143.1766958,31.14863653,42.20637195
460,29.11299626,-55.06396887,37535.88414,143.1820866,31.15171617,42.21185656
460.1,29.11243454,-55.06705019,37534.81459,143.1875905,31.15479592,42.21734221
460.2,29.11187293,-55.07013126,37533.7446,143.1930958,31.15787577,42.2228289
460.3,29.11131143,-55.07321208,37532.67419,143.1985518,31.16075484,42.22838723
460.4,29.11075005,-55.07629265,37531.60338,143.2041821,31.16343313,42.23401715
460.5,29.11018878,-55.07937296,37530.5322,143.209763,31.16591062,42.23971862
460.6,29.10962763,-55.08245303,37529.46065,143.2154605,31.16825425,42.24543792
460.7,29.10906659,-55.08553284,37528.38876,143.2211626,31.17046401,42.25117502
460.8,29.10850567,-55.0886124,37527.31654,143.2267033,31.17247292,42.2568026
460.9,29.10794486,-55.09169171,37526.24399,143.2323603,31.17434795,42.26235736
461,29.10738416,-55.09477076,37525.17115,143.2379643,31.17615605,42.26787609
461.1,29.10682358,-55.09784957,37524.098,143.2435727,31.17783024,42.27341241
461.2,29.10626311,-55.10092812,37523.02458,143.2491312,31.17930356,42.27883892
461.3,29.10570276,-55.10400642,37521.95088,143.2546364,31.18070993,42.28422927
461.4,29.10514252,-55.10708447,37520.87691,143.2602578,31.18198237,42.28954654
461.5,29.1045824,-55.11016226,37519.80268,143.265714,31.18318786,42.29482757
461.6,29.10402238,-55.1132398,37518.7282,143.2711133,31.18446034,42.29978389
461.7,29.10346249,-55.11631709,37517.65348,143.2765102,31.18586679,42.304724
461.8,29.10290271,-55.11939413,37516.57852,143.2817927,31.1874072,42.30946679
461.9,29.10234304,-55.12247091,37515.50335,143.287076,31.18894765,42.31421015
462,29.10178348,-55.12554744,37514.42797,143.292245,31.19062207,42.31884675
462.1,29.10122404,-55.12862372,37513.3524,143.2974148,31.19229652,42.32348391
462.2,29.10066472,-55.13169975,37512.27666,143.3026399,31.19403798,42.32815858
462.3,29.1001055,-55.13477552,37511.20076,143.3079204,31.19584645,42.33278018
462.4,29.0995464,-55.13785104,37510.12472,143.3131442,31.19772194,42.33743931
462.5,29.09898742,-55.14092631,37509.04856,143.3183145,31.19953048,42.34206209
462.6,29.09842855,-55.14400133,37507.97229,143.3234825,31.20147303,42.34685005
462.7,29.09786979,-55.14707609,37506.89593,143.3287091,31.20334863,42.35151101
462.8,29.09731115,-55.1501506,37505.81949,143.3339913,31.20529126,42.35630023
462.9,29.09675262,-55.15322485,37504.743,143.3392744,31.20723393,42.36099944
463,29.09619421,-55.15629885,37503.66647,143.3444463,31.20917663,42.36578994
463.1,29.0956359,-55.1593726,37502.58992,143.3497313,31.21111938,42.37058108
463.2,29.09507772,-55.1624461,37501.51336,143.3550174,31.21306217,42.37546356
463.3,29.09451964,-55.16551934,37500.43682,143.3603045,31.21500499,42.380256
463.4,29.09396169,-55.16859233,37499.3603,143.3655925,31.21694786,42.38513979
463.5,29.09340384,-55.17166506,37498.28383,143.370827,31.21882377,42.38998718
463.6,29.09284611,-55.17473755,37497.20742,143.376117,31.22076671,42.39487228
463.7,29.09228849,-55.17780977,37496.13108,143.3813534,31.2226427,42.39972097
463.8,29.09173099,-55.18088175,37495.05483,143.3865907,31.22451872,42.4045703
463.9,29.0911736,-55.18395347,37493.97869,143.3918867,31.22632778,42.40947392
464,29.09061632,-55.18702493,37492.90267,143.3972384,31.22820387,42.41432453
464.1,29.09005916,-55.19009615,37491.82679,143.4025363,31.230013,42.41922944
464.2,29.08950211,-55.1931671,37490.75106,143.4077805,31.23175515,42.42409785
464.3,29.08894517,-55.19623781,37489.6755,143.4130803,31.23356435,42.42900403
464.4,29.08838835,-55.19930826,37488.60011,143.4182716,31.23523956,42.43383655
464.5,29.08783164,-55.20237846,37487.52492,143.4236311,31.23698181,42.43870683
464.6,29.08727505,-55.2054484,37486.44994,143.4289367,31.23865708,42.44354057
464.7,29.08671857,-55.20851808,37485.37517,143.4342433,31.24033238,42.44837491
464.8,29.0861622,-55.21158752,37484.30064,143.439496,31.2419407,42.4532635
464.9,29.08560595,-55.2146567,37483.22636,143.4447496,31.24354905,42.45806186
465,29.08504981,-55.21772562,37482.15234,143.4499493,31.2450904,42.46291443
465.1,29.08449379,-55.22079429,37481.07858,143.4552624,31.24663178,42.46767675
465.2,29.08393787,-55.22386271,37480.00511,143.4605764,31.24817319,42.47253049
465.3,29.08338208,-55.22693087,37478.93194,143.4658364,31.2496476,42.47725672
465.4,29.08282639,-55.22999877,37477.85907,143.4710453,31.25092098,42.48214439
465.5,29.08227082,-55.23306642,37476.78651,143.4764829,31.25206033,42.48713988
465.6,29.08171536,-55.23613382,37475.71428,143.4818692,31.25299862,42.49211502
465.7,29.08116002,-55.23920096,37474.64238,143.4873168,31.25373586,42.49716068
465.8,29.08060479,-55.24226785,37473.5708,143.4926553,31.25433907,42.50213227
465.9,29.08004967,-55.24533448,37472.49955,143.49811,31.25480823,42.50712068
466,29.07949466,-55.24840086,37471.42864,143.5035681,31.25514334,42.51203497
466.1,29.07893977,-55.25146698,37470.35806,143.508917,31.25534441,42.51687508
466.2,29.078385,-55.25453285,37469.2878,143.5142693,31.25541143,42.52164097
466.3,29.07783033,-55.25759846,37468.21788,143.51968,31.25541143,42.52646088
466.4,29.07727578,-55.26066382,37467.14827,143.5250391,31.25521036,42.5311692
466.5,29.07672134,-55.26372893,37466.07898,143.5303438,31.25494227,42.53584054
466.6,29.07616702,-55.26679378,37465.01001,143.5356518,31.25454013,42.54034659
466.7,29.07561281,-55.26985837,37463.94134,143.540845,31.25427204,42.54483662
466.8,29.07505871,-55.27292271,37462.87298,143.545981,31.25407098,42.54900037
466.9,29.07450472,-55.27598679,37461.80491,143.551115,31.25400395,42.55323908
467,29.07395085,-55.27905062,37460.73715,143.5561368,31.25393693,42.5572051
467.1,29.07339709,-55.2821142,37459.66969,143.5612693,31.25400395,42.56124607
467.2,29.07284345,-55.28517752,37458.60253,143.5662319,31.254138,42.56532467
467.3,29.07228991,-55.28824058,37457.53568,143.5713079,31.25427204,42.56931254
467.4,29.07173649,-55.29130339,37456.46914,143.5763268,31.25447311,42.57324704
467.5,29.07118319,-55.29436595,37455.40291,143.5812886,31.2547412,42.57731019
467.6,29.07062999,-55.29742825,37454.337,143.5863639,31.25500929,42.58137364
467.7,29.07007691,-55.30049029,37453.27141,143.5913269,31.25527739,42.58534634
467.8,29.06952394,-55.30355208,37452.20614,143.5963457,31.2556125,42.58944775
467.9,29.06897109,-55.30661362,37451.14121,143.6013651,31.25594762,42.59354947
468,29.06841835,-55.3096749,37450.0766,143.6063852,31.25628274,42.59765148
468.1,29.06786572,-55.31273592,37449.01233,143.6115189,31.25661786,42.6017538
468.2,29.0673132,-55.31579669,37447.9484,143.6165954,31.25702001,42.60589383
468.3,29.0667608,-55.31885721,37446.88482,143.6216727,31.25742216,42.61012525
468.4,29.06620851,-55.32191746,37445.82159,143.6266953,31.25775728,42.61422849
468.5,29.06565633,-55.32497747,37444.75871,143.6317739,31.25815943,42.61846055
468.6,29.06510426,-55.32803722,37443.69618,143.6367978,31.25849456,42.62265549
468.7,29.06455231,-55.33109671,37442.63402,143.6419907,31.25889671,42.6268882
468.8,29.06400047,-55.33415595,37441.57223,143.6470159,31.25923184,42.63117488
468.9,29.06344874,-55.33721493,37440.5108,143.6521549,31.25956697,42.63537078
469,29.06289713,-55.34027366,37439.44974,143.6572367,31.25996913,42.63960447
469.1,29.06234563,-55.34333214,37438.38905,143.662377,31.26030427,42.64389213
469.2,29.06179424,-55.34639035,37437.32875,143.6673495,31.26057237,42.64814264
469.3,29.06124296,-55.34944832,37436.26882,143.6724911,31.26090751,42.65243095
469.4,29.0606918,-55.35250602,37435.20928,143.677578,31.26117562,42.65659095
469.5,29.06014075,-55.35556347,37434.15012,143.682721,31.26151076,42.66087991
469.6,29.05958981,-55.35862067,37433.09135,143.6878092,31.26177887,42.66513169
469.7,29.05903898,-55.36167761,37432.03298,143.6930113,31.26204698,42.66947494
469.8,29.05848827,-55.3647343,37430.97499,143.6980454,31.26224806,42.67368985
469.9,29.05793767,-55.36779072,37429.9174,143.7031356,31.26251618,42.67794258
470,29.05738718,-55.3708469,37428.86021,143.7082842,31.26271726,42.6821581
470.1,29.05683681,-55.37390282,37427.80341,143.7133202,31.26291835,42.68637392
470.2,29.05628654,-55.37695848,37426.74702,143.7184147,31.26305241,42.6906437
470.3,29.05573639,-55.38001389,37425.69102,143.7235653,31.26325349,42.69486013
470.4,29.05518635,-55.38306904,37424.63544,143.7286611,31.26338755,42.69913053
470.5,29.05463643,-55.38612394,37423.58025,143.733702,31.26345458,42.70336367
470.6,29.05408661,-55.38917858,37422.52547,143.7388593,31.26338755,42.70770441
470.7,29.05353691,-55.39223296,37421.47109,143.744075,31.26325349,42.71209911
470.8,29.05298732,-55.39528709,37420.41711,143.7492937,31.26298538,42.71641896
470.9,29.05243785,-55.39834097,37419.36353,143.7544575,31.26265023,42.72079275
471,29.05188848,-55.40139458,37418.31034,143.7596243,31.26218104,42.72509165
471.1,29.05133923,-55.40444795,37417.25754,143.7647916,31.26171184,42.7293908
471.2,29.05079009,-55.40750105,37416.20512,143.7699619,31.26110859,42.73370629
471.3,29.05024106,-55.41055391,37415.15308,143.7750772,31.26043832,42.73798443
471.4,29.04969215,-55.4136065,37414.1014,143.7803066,31.25976805,42.74217155
471.5,29.04914334,-55.41665884,37413.05008,143.7854254,31.25896374,42.74637496
471.6,29.04859465,-55.41971093,37411.99912,143.7906026,31.25809241,42.750541
471.7,29.04804607,-55.42276276,37410.94849,143.7957248,31.25715406,42.75466963
471.8,29.04749761,-55.42581433,37409.89821,143.8007897,31.25628274,42.75874482
471.9,29.04694925,-55.42886565,37408.84825,143.8057972,31.25547846,42.76267524
472,29.04640101,-55.43191671,37407.79861,143.8108609,31.2547412,42.7665522
472.1,29.04585288,-55.43496752,37406.74929,143.8158672,31.25407098,42.77037567
472.2,29.04530486,-55.43801807,37405.70028,143.820874,31.25340075,42.77419934
472.3,29.04475695,-55.44106837,37404.65158,143.8258235,31.25279756,42.77796952
472.4,29.04420915,-55.44411841,37403.60318,143.8307735,31.25219437,42.78173989
472.5,29.04366147,-55.44716819,37402.55508,143.8356661,31.2516582,42.7855481
472.6,29.0431139,-55.45021772,37401.50728,143.8406148,31.25118906,42.78930282
472.7,29.04256644,-55.453267,37400.45977,143.8456221,31.2506529,42.79311142
472.8,29.04201909,-55.45631602,37399.41256,143.8505719,31.25018376,42.79695787
472.9,29.04147185,-55.45936478,37398.36563,143.855578,31.24978164,42.80075085
473,29.04092473,-55.46241329,37397.319,143.8604153,31.24931251,42.80459771
473.1,29.04037771,-55.46546154,37396.27265,143.8654225,31.24891039,42.80848245
473.2,29.03983081,-55.46850954,37395.22658,143.8704303,31.24850828,42.8123674
473.3,29.03928402,-55.47155728,37394.1808,143.8754386,31.24810617,42.81625256
473.4,29.03873734,-55.47460477,37393.13529,143.8803895,31.24777108,42.82017562
473.5,29.03819078,-55.477652,37392.09007,143.8853989,31.24736897,42.82406122
473.6,29.03764432,-55.48069897,37391.04512,143.8903509,31.24703389,42.82798473
473.7,29.03709798,-55.48374569,37390.00044,143.8953615,31.24663178,42.83196214
473.8,29.03655175,-55.48679215,37388.95604,143.9004283,31.2462967,42.8358861
473.9,29.03600562,-55.48983836,37387.91191,143.9053263,31.2458946,42.83986397
474,29.03545962,-55.49288431,37386.86804,143.9103943,31.24555951,42.84378837
474.1,29.03491372,-55.49593001,37385.82444,143.9153491,31.24522443,42.8478044
474.2,29.03436793,-55.49897545,37384.78111,143.9204183,31.24488935,42.85172925
474.3,29.03382226,-55.50202064,37383.73804,143.9254322,31.24448726,42.85570803
474.4,29.0332767,-55.50506557,37382.69523,143.9303887,31.24415218,42.85972476
474.5,29.03273124,-55.50811024,37381.65268,143.9354596,31.24381711,42.86374172
474.6,29.0321859,-55.51115466,37380.61038,143.9403614,31.24341502,42.86762975
474.7,29.03164068,-55.51419883,37379.56834,143.9454334,31.24307994,42.87164717
474.8,29.03109556,-55.51724274,37378.52655,143.9505061,31.24274487,42.87566483
474.9,29.03055055,-55.52028639,37377.48501,143.9554095,31.24234278,42.87964497
475,29.03000566,-55.52332979,37376.44371,143.9604833,31.24200771,42.8836631
475.1,29.02946087,-55.52637293,37375.40266,143.9655577,31.24167265,42.88768146
475.2,29.0289162,-55.52941581,37374.36186,143.9704628,31.24127056,42.89157082
475.3,29.02837164,-55.53245844,37373.32129,143.9755383,31.2409355,42.89558964
475.4,29.02782719,-55.53550082,37372.28097,143.9805585,31.24053342,42.89957093
475.5,29.02728285,-55.53854294,37371.24088,143.9855212,31.24019836,42.90359022
475.6,29.02673862,-55.5415848,37370.20102,143.9905425,31.23979628,42.90757196
475.7,29.02619451,-55.54462641,37369.1614,143.9955644,31.23939421,42.91164543
475.8,29.0256505,-55.54766776,37368.122,144.0005309,31.23892513,42.91558984
475.9,29.02510661,-55.55070886,37367.08283,144.0056679,31.23852306,42.91966377
476,29.02456283,-55.5537497,37366.04389,144.0106355,31.23805398,42.92370014
476.1,29.02401915,-55.55679028,37365.00516,144.0156618,31.23751789,42.92769894
476.2,29.02347559,-55.55983061,37363.96664,144.0207446,31.23704882,42.93173576
476.3,29.02293214,-55.56287068,37362.92834,144.025772,31.23651274,42.935735
476.4,29.0223888,-55.5659105,37361.89025,144.0307999,31.23597666,42.93973446
476.5,29.02184558,-55.56895007,37360.85235,144.0358284,31.23544059,42.94373414
476.6,29.02130246,-55.57198937,37359.81466,144.0408015,31.2348375,42.94778776
476.7,29.02075945,-55.57502842,37358.77717,144.0458311,31.23430144,42.95178789
476.8,29.02021656,-55.57806722,37357.73986,144.0508052,31.23369836,42.9557504
476.9,29.01967377,-55.58110576,37356.70274,144.0558941,31.23309529,42.95971312
477,29.0191311,-55.58414404,37355.6658,144.0608112,31.23255923,42.96362234
477.1,29.01858854,-55.58718207,37354.62905,144.0658431,31.23202318,42.96753176
477.2,29.01804609,-55.59021985,37353.59246,144.0708755,31.23148713,42.97144139
477.3,29.01750374,-55.59325736,37352.55605,144.0757942,31.23095108,42.97535124
477.4,29.01696151,-55.59629463,37351.51981,144.0807135,31.23041503,42.97926129
477.5,29.01641939,-55.59933163,37350.48373,144.0858037,31.22994599,42.98320942
477.6,29.01587738,-55.60236838,37349.44782,144.0907802,31.22947696,42.98715777
477.7,29.01533549,-55.60540488,37348.41206,144.0957572,31.22900792,42.99101473
477.8,29.0147937,-55.60844112,37347.37647,144.1007349,31.22853889,42.99496351
477.9,29.01425202,-55.6114771,37346.34102,144.105713,31.22806986,42.9988209
478,29.01371045,-55.61451283,37345.30573,144.1106917,31.22760084,43.00277012
478.1,29.013169,-55.6175483,37344.27059,144.1155567,31.22713181,43.00671955
478.2,29.01262765,-55.62058352,37343.23559,144.1205927,31.22672979,43.01061547
478.3,29.01208642,-55.62361848,37342.20074,144.1255731,31.22626077,43.01456534
478.4,29.01154529,-55.62665319,37341.16603,144.1306102,31.22585876,43.01846169
478.5,29.01100428,-55.62968764,37340.13146,144.1354773,31.22538974,43.02241201
478.6,29.01046338,-55.63272183,37339.09703,144.1405156,31.22498773,43.02640045
478.7,29.00992258,-55.63575577,37338.06273,144.14544,31.22458572,43.03029746
478.8,29.0093819,-55.63878946,37337.02857,144.1504232,31.22411671,43.03424844
478.9,29.00884133,-55.64182288,37335.99453,144.1554631,31.22371471,43.03823756
479,29.00830087,-55.64485606,37334.96063,144.1603892,31.2233127,43.04213523
479.1,29.00776051,-55.64788897,37333.92685,144.1654303,31.2229107,43.0461248
479.2,29.00722027,-55.65092163,37332.89319,144.1703575,31.2225087,43.0501146
479.3,29.00668014,-55.65395404,37331.85965,144.1752853,31.2221067,43.05401294
479.4,29.00614012,-55.65698619,37330.82623,144.1803281,31.2217047,43.0580032
479.5,29.00560021,-55.66001808,37329.79293,144.185257,31.22130271,43.06199368
479.6,29.00506041,-55.66304972,37328.75975,144.1903572,31.22096771,43.06593064
479.7,29.00452072,-55.6660811,37327.72668,144.1952872,31.22056572,43.06992158
479.8,29.00398114,-55.66911223,37326.69371,144.2002177,31.22016373,43.07391275
479.9,29.00344167,-55.6721431,37325.66086,144.2053197,31.21982874,43.0778504
480,29.00290231,-55.67517372,37324.62811,144.2102514,31.21942675,43.08184203
480.1,29.00236306,-55.67820408,37323.59547,144.2151836,31.21902476,43.08583388
480.2,29.00182392,-55.68123418,37322.56293,144.2201727,31.21868977,43.08977222
480.3,29.0012849,-55.68426403,37321.5305,144.2251061,31.21828779,43.09376453
480.4,29.00074598,-55.68729362,37320.49816,144.2300964,31.21795281,43.09779507
480.5,29.00020717,-55.69032296,37319.46591,144.2351454,31.21755083,43.1016961
480.6,28.99966847,-55.69335204,37318.43377,144.2401368,31.21721584,43.10572711
480.7,28.99912988,-55.69638086,37317.40171,144.2451288,31.21688086,43.10966658
480.8,28.9985914,-55.69940943,37316.36975,144.2500067,31.21654588,43.11369806
480.9,28.99805303,-55.70243775,37315.33788,144.2549998,31.21621091,43.117638
481,28.99751477,-55.7054658,37314.3061,144.2599352,31.21594292,43.12161619
481.1,28.99697662,-55.70849361,37313.2744,144.2649859,31.21567494,43.12550283
481.2,28.99643858,-55.71152115,37312.24279,144.2699224,31.21540696,43.12948149
481.3,28.99590065,-55.71454844,37311.21127,144.2748595,31.21513898,43.13346039
481.4,28.99536283,-55.71757548,37310.17984,144.2798537,31.214938,43.13738575
481.5,28.99482513,-55.72060226,37309.14849,144.2847919,31.21467002,43.14136512
481.6,28.99428753,-55.72362878,37308.11722,144.2896725,31.21446904,43.14538278
481.7,28.99375004,-55.72665505,37307.08604,144.2947248,31.21433505,43.14934692
481.8,28.99321265,-55.72968106,37306.05495,144.2996065,31.21413407,43.15336507
481.9,28.99267538,-55.73270682,37305.02394,144.3046035,31.21393308,43.15729164
482,28.99213822,-55.73573232,37303.99301,144.3095428,31.2137991,43.16134835
482.1,28.99160117,-55.73875756,37302.96217,144.314541,31.21359812,43.16536725
482.2,28.99106423,-55.74178255,37301.93142,144.3195398,31.21339713,43.1693864
482.3,28.9905274,-55.74480728,37300.90075,144.3245392,31.21319615,43.17340579
482.4,28.98999068,-55.74783176,37299.87016,144.3295391,31.21299517,43.1775173
482.5,28.98945406,-55.75085598,37298.83965,144.3345397,31.21279419,43.1815372
482.6,28.98891756,-55.75387995,37297.80923,144.3395408,31.21259322,43.18564922
482.7,28.98838117,-55.75690366,37296.77889,144.344486,31.21232524,43.18963152
482.8,28.98784488,-55.75992711,37295.74863,144.3494883,31.21212427,43.19374406
482.9,28.98730871,-55.76295031,37294.71844,144.3544346,31.2118563,43.19772684
483,28.98677264,-55.76597325,37293.68834,144.3594381,31.21165532,43.20183988
483.1,28.98623669,-55.76899593,37292.65831,144.3643855,31.21138735,43.20591507
483.2,28.98570084,-55.77201836,37291.62836,144.3693336,31.21111938,43.20989858
483.3,28.98516511,-55.77504054,37290.59849,144.3744538,31.21091841,43.21401239
483.4,28.98462948,-55.77806245,37289.56869,144.379403,31.21065044,43.2179964
483.5,28.98409396,-55.78108412,37288.53896,144.3843527,31.21038247,43.22207258
483.6,28.98355855,-55.78410552,37287.5093,144.3893031,31.21011451,43.22605707
483.7,28.98302325,-55.78712667,37286.47972,144.3943106,31.20991353,43.23007995
483.8,28.98248807,-55.79014757,37285.4502,144.3992621,31.20964557,43.23415688
483.9,28.98195298,-55.7931682,37284.42076,144.4042142,31.20937761,43.2381421
484,28.98141801,-55.79618858,37283.39138,144.4091668,31.20910964,43.24221952
484.1,28.98088315,-55.79920871,37282.36207,144.4141767,31.20890867,43.2462434
484.2,28.9803484,-55.80222858,37281.33282,144.4191305,31.20864071,43.25022935
484.3,28.97981376,-55.80524819,37280.30365,144.4240848,31.20837275,43.25430752
484.4,28.97927922,-55.80826755,37279.27453,144.4290965,31.20817178,43.25833214
484.5,28.9787448,-55.81128665,37278.24548,144.434052,31.20790382,43.26231882
484.6,28.97821048,-55.8143055,37277.21649,144.4390081,31.20763586,43.26630574
484.7,28.97767627,-55.81732409,37276.18757,144.4440215,31.2074349,43.27042311
484.8,28.97714218,-55.82034242,37275.15871,144.4489788,31.20716694,43.27441052
484.9,28.97660819,-55.8233605,37274.1299,144.4538782,31.20696597,43.27843639
485,28.97607431,-55.82637832,37273.10116,144.4588365,31.20669802,43.28242428
485.1,28.97554054,-55.82939589,37272.07247,144.4637955,31.20643006,43.28641242
485.2,28.97500688,-55.8324132,37271.04384,144.4688119,31.2062291,43.29043903
485.3,28.97447333,-55.83543025,37270.01527,144.4738288,31.20602813,43.29446588
485.4,28.97393988,-55.83844705,37268.98676,144.4786742,31.20576018,43.29854679
485.5,28.97340655,-55.84146359,37267.9583,144.4836923,31.20555921,43.30257415
485.6,28.97287332,-55.84447987,37266.9299,144.4886542,31.20529126,43.30656351
485.7,28.97234021,-55.8474959,37265.90156,144.4935582,31.2050903,43.31059137
485.8,28.9718072,-55.85051167,37264.87326,144.498578,31.20488934,43.31461947
485.9,28.9712743,-55.85352719,37263.84502,144.5034832,31.20468837,43.31855575
486,28.97074151,-55.85654245,37262.81684,144.5084458,31.2045544,43.32253054
486.1,28.97020883,-55.85955745,37261.78871,144.5132935,31.20442042,43.32650558
486.2,28.96967626,-55.8625722,37260.76063,144.5181988,31.20435344,43.33051915
486.3,28.96914379,-55.86558669,37259.73261,144.5231047,31.20428645,43.33444088
486.4,28.96861144,-55.86860093,37258.70465,144.5280681,31.20428645,43.33840114
486.5,28.96807919,-55.87161491,37257.67675,144.533032,31.20428645,43.34245377
486.6,28.96754705,-55.87462863,37256.64891,144.5378812,31.20428645,43.34641456
486.7,28.96701503,-55.8776421,37255.62113,144.5427878,31.20435344,43.35041391
486.8,28.96648311,-55.88065531,37254.59342,144.5476951,31.20442042,43.35441353
486.9,28.96595129,-55.88366826,37253.56577,144.552603,31.20448741,43.35841342
487,28.96541959,-55.88668096,37252.5382,144.5575685,31.20462139,43.3624519
487.1,28.964888,-55.8896934,37251.5107,144.5625346,31.20475536,43.36649065
487.2,28.96435651,-55.89270558,37250.48327,144.5674442,31.20482235,43.37058351
487.3,28.96382514,-55.89571751,37249.45593,144.5724701,31.20488934,43.37467666
487.4,28.96329387,-55.89872918,37248.42866,144.5774395,31.20488934,43.3788239
487.5,28.96276271,-55.9017406,37247.40148,144.5824666,31.20495632,43.38291761
487.6,28.96223166,-55.90475176,37246.37437,144.5873802,31.20488934,43.38702706
487.7,28.96170071,-55.90776266,37245.34735,144.5923514,31.20488934,43.39126734
487.8,28.96116988,-55.91077331,37244.32042,144.5973233,31.20488934,43.39541572
487.9,28.96063916,-55.9137837,37243.29357,144.6023543,31.20482235,43.39952601
488,28.96010854,-55.91679383,37242.2668,144.6072702,31.20475536,43.40363658
488.1,28.95957803,-55.91980371,37241.24011,144.6123024,31.20468837,43.40783962
488.2,28.95904763,-55.92281333,37240.21351,144.6172781,31.2045544,43.41191235
488.3,28.95851734,-55.92582269,37239.187,144.6221959,31.20448741,43.41602374
488.4,28.95798715,-55.9288318,37238.16057,144.6271728,31.20435344,43.420097
488.5,28.95745708,-55.93184065,37237.13423,144.6322074,31.20428645,43.42420893
488.6,28.95692711,-55.93484925,37236.10797,144.6370697,31.20415248,43.42837496
488.7,28.95639725,-55.93785758,37235.08179,144.6420484,31.2040185,43.43244903
488.8,28.9558675,-55.94086566,37234.0557,144.6470277,31.20388453,43.43652335
488.9,28.95533786,-55.94387349,37233.0297,144.6520075,31.20375055,43.44059794
489,28.95480833,-55.94688106,37232.00378,144.6568722,31.20361658,43.44467279
489.1,28.9542789,-55.94988837,37230.97794,144.6618532,31.20348261,43.44874791
489.2,28.95374958,-55.95289542,37229.95219,144.6668349,31.20334863,43.45282329
489.3,28.95322038,-55.95590222,37228.92652,144.6718171,31.20321466,43.45689893
489.4,28.95269127,-55.95890876,37227.90094,144.6767999,31.20308069,43.46097484
489.5,28.95216228,-55.96191505,37226.87544,144.6816102,31.20287973,43.46492026
489.6,28.9516334,-55.96492108,37225.85003,144.6865942,31.20274576,43.46899668
489.7,28.95110462,-55.96792685,37224.8247,144.6915789,31.20261179,43.47307337
489.8,28.95057595,-55.97093236,37223.79945,144.6965641,31.20247782,43.47715032
489.9,28.95004739,-55.97393762,37222.77428,144.7013766,31.20227686,43.48118905
490,28.94951894,-55.97694262,37221.7492,144.706363,31.20214289,43.48526653
490.1,28.94899059,-55.97994737,37220.7242,144.7112927,31.20194193,43.48921345
490.2,28.94846236,-55.98295186,37219.69929,144.7161643,31.20180796,43.49329144
490.3,28.94793423,-55.98595609,37218.67446,144.7211524,31.20167399,43.49736969
490.4,28.94740621,-55.98896006,37217.64971,144.7260838,31.20147303,43.50131736
490.5,28.94687829,-55.99196378,37216.62504,144.7310731,31.20133906,43.50539613
490.6,28.94635049,-55.99496724,37215.60046,144.7358897,31.20113811,43.50943666
490.7,28.94582279,-55.99797044,37214.57596,144.7408802,31.20100414,43.51351595
490.8,28.9452952,-56.00097339,37213.55154,144.7458713,31.20087017,43.51750314
490.9,28.94476772,-56.00397608,37212.5272,144.7506896,31.20066922,43.52154443
491,28.94424035,-56.00697852,37211.50294,144.7555658,31.20053525,43.52553212
491.1,28.94371308,-56.00998069,37210.47877,144.7605,31.20046826,43.52955861
491.2,28.94318592,-56.01298261,37209.45468,144.7654349,31.20040128,43.53349296
491.3,28.94265887,-56.01598428,37208.43068,144.7703116,31.20040128,43.53746611
491.4,28.94213193,-56.01898568,37207.40676,144.7752464,31.20046826,43.54138567
491.5,28.94160509,-56.02198683,37206.38293,144.7800081,31.20046826,43.54535934
491.6,28.94107837,-56.02498773,37205.3592,144.7849441,31.20053525,43.54937184
491.7,28.94055175,-56.02798836,37204.33555,144.789822,31.20066922,43.55333075
491.8,28.94002523,-56.03098874,37203.31201,144.794643,31.2007362,43.5573438
491.9,28.93949883,-56.03398886,37202.28856,144.7995221,31.20087017,43.56130326
492,28.93897253,-56.03698873,37201.26521,144.8044593,31.20107112,43.56530158
492.1,28.93844634,-56.03998834,37200.24198,144.8093972,31.20127208,43.56939263
492.2,28.93792026,-56.04298769,37199.21885,144.8141618,31.20140605,43.57335292
492.3,28.93739429,-56.04598678,37198.19583,144.8191009,31.201607,43.57744456
492.4,28.93686842,-56.04898562,37197.17293,144.8240993,31.20174097,43.58159035
492.5,28.93634266,-56.0519842,37196.15014,144.8289245,31.20180796,43.58569782
492.6,28.93581701,-56.05498252,37195.12748,144.8338665,31.20187494,43.58980558
492.7,28.93529146,-56.05798059,37194.10493,144.8389255,31.20194193,43.59400611
492.8,28.93476603,-56.0609784,37193.08251,144.8438112,31.20194193,43.59816831
492.9,28.9342407,-56.06397595,37192.06021,144.8488139,31.20194193,43.6022383
493,28.93371548,-56.06697324,37191.03804,144.8537008,31.20194193,43.60640107
493.1,28.93319036,-56.06997028,37190.01599,144.8587046,31.20194193,43.61056413
493.2,28.93266535,-56.07296706,37188.99406,144.8636514,31.20187494,43.61468882
493.3,28.93214045,-56.07596358,37187.97226,144.8685989,31.20180796,43.61881379
493.4,28.93161566,-56.07895985,37186.95059,144.8735469,31.20174097,43.62293904
493.5,28.93109098,-56.08195585,37185.92904,144.8784955,31.20167399,43.62706456
493.6,28.9305664,-56.0849516,37184.90762,144.8834448,31.201607,43.63119036
493.7,28.93004193,-56.0879471,37183.88632,144.8883369,31.20147303,43.63527776
493.8,28.92951756,-56.09094233,37182.86515,144.8932296,31.20133906,43.63936542
493.9,28.92899331,-56.09393731,37181.8441,144.8981806,31.20127208,43.64349204
494,28.92846916,-56.09693204,37180.82318,144.9030745,31.20113811,43.64748768
494.1,28.92794512,-56.0999265,37179.80239,144.907969,31.20100414,43.65157614
494.2,28.92742118,-56.10292071,37178.78172,144.9129806,31.20087017,43.65566487
494.3,28.92689735,-56.10591466,37177.76117,144.9178185,31.20066922,43.65971516
494.4,28.92637363,-56.10890835,37176.74076,144.9227147,31.20053525,43.66371182
494.5,28.92585002,-56.11190179,37175.72046,144.9276115,31.20040128,43.66780134
494.6,28.92532651,-56.11489496,37174.70029,144.9325089,31.20026731,43.67179852
494.7,28.92480311,-56.11788788,37173.68025,144.9374656,31.20006636,43.67584984
494.8,28.92427982,-56.12088055,37172.66033,144.9423642,31.19993239,43.67994015
494.9,28.92375663,-56.12387295,37171.64053,144.9472055,31.19973144,43.68389936
495,28.92323356,-56.1268651,37170.62086,144.9521052,31.19959747,43.6879902
495.1,28.92271058,-56.12985699,37169.60131,144.9570644,31.19939652,43.69194991
495.2,28.92218772,-56.13284863,37168.58188,144.9619652,31.19926255,43.69604127
495.3,28.92166496,-56.13584,37167.56258,144.9668088,31.1990616,43.70000148
495.4,28.92114231,-56.13883112,37166.5434,144.971653,31.19886065,43.70396194
495.5,28.92061977,-56.14182198,37165.52434,144.9766145,31.1986597,43.70801531
495.6,28.92009733,-56.14481259,37164.5054,144.9815177,31.19852573,43.71201504
495.7,28.919575,-56.14780293,37163.48659,144.9863636,31.19832479,43.71606893
495.8,28.91905277,-56.15079302,37162.46789,144.99121,31.19812384,43.72003039
495.9,28.91853066,-56.15378285,37161.44932,144.9961738,31.19792289,43.72408478
496,28.91800865,-56.15677243,37160.43087,145.0010214,31.19772194,43.72804673
496.1,28.91748674,-56.15976175,37159.41253,145.0059275,31.19758798,43.73204774
496.2,28.91696495,-56.1627508,37158.39432,145.0107174,31.19745401,43.7359563
496.3,28.91644326,-56.16573961,37157.37623,145.0156827,31.19738703,43.73990392
496.4,28.91592167,-56.16872815,37156.35826,145.0204148,31.19732005,43.7438518
496.5,28.9154002,-56.17171644,37155.34041,145.0252644,31.19725307,43.74779993
496.6,28.91487883,-56.17470447,37154.32269,145.0301725,31.19725307,43.75169442
496.7,28.91435756,-56.17769224,37153.30509,145.0350224,31.19732005,43.75572073
496.8,28.9138364,-56.18067975,37152.28762,145.0398149,31.19732005,43.75961573
496.9,28.91331535,-56.18366701,37151.27028,145.0446659,31.19738703,43.76364259
497,28.91279441,-56.186654,37150.25308,145.0495175,31.19745401,43.76757697
497.1,28.91227357,-56.18964075,37149.23601,145.0543109,31.19758798,43.77155047
497.2,28.91175284,-56.19262723,37148.21908,145.0592218,31.19772194,43.77552424
497.3,28.91123222,-56.19561345,37147.20229,145.0640163,31.19785591,43.7794983
497.4,28.9107117,-56.19859942,37146.18565,145.0688703,31.19792289,43.78352653
497.5,28.91019129,-56.20158513,37145.16915,145.0737249,31.19798987,43.78755504
497.6,28.90967098,-56.20457058,37144.1528,145.0786971,31.19805685,43.79167661
497.7,28.90915078,-56.20755578,37143.13661,145.0834949,31.19805685,43.79575959
497.8,28.90863069,-56.21054072,37142.12056,145.0884102,31.19805685,43.79984284
497.9,28.9081107,-56.21352539,37141.10466,145.0933261,31.19805685,43.80401919
498,28.90759082,-56.21650981,37140.08892,145.0983016,31.19798987,43.80806409
498.1,28.90707105,-56.21949398,37139.07333,145.1031606,31.19792289,43.81220209
498.2,28.90655138,-56.22247788,37138.0579,145.1081373,31.19785591,43.81634038
498.3,28.90603182,-56.22546153,37137.04261,145.1129393,31.19772194,43.82034718
498.4,28.90551237,-56.22844492,37136.02748,145.1179171,31.19765496,43.82448601
498.5,28.90499302,-56.23142805,37135.01251,145.1228374,31.19752099,43.82858618
498.6,28.90447378,-56.23441093,37133.99768,145.1276412,31.19738703,43.83268663
498.7,28.90395464,-56.23739354,37132.98301,145.1325626,31.19725307,43.83669449
498.8,28.90343561,-56.2403759,37131.96849,145.1374265,31.19705212,43.84075652
498.9,28.90291669,-56.243358,37130.95413,145.1423491,31.19691816,43.84476489
499,28.90239787,-56.24633984,37129.93991,145.1472141,31.19671721,43.84882744
499.1,28.90187916,-56.24932143,37128.92585,145.1520797,31.19651626,43.85279737
499.2,28.90136055,-56.25230275,37127.91193,145.1570041,31.1963823,43.8568994
499.3,28.90084205,-56.25528382,37126.89816,145.1618708,31.19618136,43.86086983
499.4,28.90032366,-56.25826463,37125.88455,145.1667381,31.19598041,43.86493342
499.5,28.89980537,-56.26124518,37124.87108,145.171606,31.19577947,43.86890435
499.6,28.89928719,-56.26422548,37123.85776,145.1764744,31.19557853,43.87296845
499.7,28.89876912,-56.26720552,37122.84459,145.1812851,31.1953106,43.87690089
499.8,28.89825115,-56.27018529,37121.83156,145.1861547,31.19510966,43.88087258
499.9,28.89773328,-56.27316481,37120.81868,145.1910249,31.19490872,43.88493744
500,28.89721553,-56.27614408,37119.80594,145.1958956,31.19470778,43.88890963
500.1,28.89669787,-56.27912308,37118.79335,145.2007086,31.19443986,43.89284304
500.2,28.89618033,-56.28210183,37117.7809,145.2055805,31.19423892,43.89681572
500.3,28.89566289,-56.28508032,37116.7686,145.2103946,31.193971,43.90084258
500.4,28.89514555,-56.28805855,37115.75643,145.2152676,31.19377006,43.90481576
500.5,28.89462833,-56.29103652,37114.74441,145.2200828,31.19350214,43.90875015
500.6,28.8941112,-56.29401423,37113.73253,145.224957,31.1933012,43.91272382
500.7,28.89359419,-56.29699169,37112.72079,145.2297733,31.19303329,43.91675168
500.8,28.89307727,-56.29996889,37111.70919,145.2346487,31.19283235,43.92072585
500.9,28.89256047,-56.30294583,37110.69772,145.2394661,31.19256443,43.92466121
501,28.89204377,-56.30592251,37109.6864,145.2442842,31.19229652,43.92859681
501.1,28.89152717,-56.30889893,37108.67521,145.2472848,31.19129184,43.9279179
501.2,28.89101068,-56.3118751,37107.66418,145.2420455,31.18124569,43.90634977
501.3,28.8904943,-56.314851,37106.65335,145.2238204,31.15359079,43.85050546
501.4,28.88997803,-56.31782665,37105.6428,145.1892864,31.10265457,43.75163791
501.5,28.88946186,-56.32080204,37104.6326,145.1368859,31.02493075,43.6048271
501.6,28.8889458,-56.32377718,37103.62284,145.065911,30.91854793,43.40759075
501.7,28.88842986,-56.32675205,37102.61362,144.9764463,30.782801,43.15960292
501.8,28.88791404,-56.32972667,37101.60503,144.8696299,30.61807985,42.86204967
501.9,28.88739833,-56.33270102,37100.59717,144.7466346,30.4252619,42.51721596
502,28.88688276,-56.33567513,37099.59013,144.6089211,30.20563864,42.12800546
502.1,28.88636732,-56.33864897,37098.58402,144.4585339,29.96090745,41.69803423
502.2,28.88585201,-56.34162256,37097.57893,144.2972721,29.69276642,41.23098434
502.3,28.88533686,-56.34459589,37096.57497,144.1269995,29.40304146,40.73070393
502.4,28.88482186,-56.34756897,37095.57221,143.9496621,29.09374582,40.20100781
502.5,28.88430702,-56.3505418,37094.57076,143.7669599,28.76668117,39.64545131
502.6,28.88379235,-56.35351438,37093.57071,143.5806373,28.42382842,39.06774726
502.7,28.88327786,-56.3564867,37092.57215,143.3920669,28.06695231,38.47097382
502.8,28.88276357,-56.35945877,37091.57516,143.2027889,27.69773214,37.85831075
502.9,28.88224947,-56.36243059,37090.57983,143.0139653,27.31776145,37.2325367
503,28.88173559,-56.36540217,37089.58626,142.8267556,26.92861245,36.59607017
503.1,28.88122192,-56.36837349,37088.59454,142.6419769,26.53164335,35.95138888
503.2,28.88070849,-56.37134457,37087.60476,142.4605646,26.12819296,35.30055313
503.3,28.8801953,-56.3743154,37086.61701,142.2833198,25.71951709,34.64536161
503.4,28.87968237,-56.37728599,37085.63137,142.1106354,25.30666316,33.98748254
503.5,28.8791697,-56.38025633,37084.64791,141.9430463,24.89066334,33.32845542
503.6,28.87865731,-56.38322643,37083.66671,141.7809856,24.472472,32.66938281
503.7,28.87814521,-56.38619628,37082.68785,141.6248948,24.05296732,32.0116258
503.8,28.87763341,-56.38916589,37081.71139,141.4747932,23.63289036,31.35597475
503.9,28.87712193,-56.39213526,37080.73739,141.3310994,23.21303462,30.70331561
504,28.87661077,-56.39510439,37079.76591,141.19376,22.79393493,30.05447779
504.1,28.87609995,-56.39807328,37078.79699,141.0628637,22.37624351,29.40998273
504.2,28.87558949,-56.40104193,37077.83069,140.9385086,21.96048152,28.77042331
504.3,28.87507938,-56.40401033,37076.86704,140.8206147,21.54704132,28.13625936
504.4,28.87456966,-56.4069785,37075.90607,140.709325,21.13618865,27.50810821
504.5,28.87406032,-56.40994643,37074.94782,140.6045683,20.72837089,26.88611726
504.6,28.87355139,-56.41291412,37073.99229,140.5060701,20.32403158,26.27055709
504.7,28.87304287,-56.41588157,37073.03949,140.4138773,19.92348885,25.66166177
504.8,28.87253478,-56.41884878,37072.08942,140.327813,19.52699809,25.05957941
504.9,28.87202713,-56.42181576,37071.14207,140.2477248,19.1348742,24.46433122
505,28.87151993,-56.42478249,37070.19744,140.1735262,18.74737007,23.87612737
505.1,28.87101321,-56.42774899,37069.25549,140.104941,18.36473783,23.294912
505.2,28.87050696,-56.43071525,37068.31623,140.0419986,17.98704828,22.72080529
505.3,28.8700012,-56.43368127,37067.37964,139.9843326,17.61455364,22.15382605
505.4,28.86949595,-56.43664705,37066.4457,139.9320001,17.24738577,21.59398189
505.5,28.86899122,-56.43961259,37065.5144,139.8846873,16.88567719,21.04122327
505.6,28.86848702,-56.44257789,37064.5857,139.8422496,16.5295014,20.49550234
505.7,28.86798336,-56.44554295,37063.65957,139.8045267,16.17887345,19.95690151
505.8,28.86748026,-56.44850778,37062.73597,139.7714374,15.83375042,19.42556834
505.9,28.86697774,-56.45147236,37061.81486,139.7428544,15.49421027,18.90129247
506,28.86647579,-56.45443669,37060.89618,139.718471,15.16033206,18.38412602
506.1,28.86597445,-56.45740079,37059.97988,139.69826,14.83219594,17.87387922
506.2,28.86547371,-56.46036464,37059.06588,139.6819963,14.509824,17.37049283
506.3,28.8649736,-56.46332825,37058.15411,139.669569,14.19329881,16.87392187
506.4,28.86447413,-56.46629161,37057.2445,139.6606878,13.88270404,16.38400667
506.5,28.8639753,-56.46925473,37056.33696,139.655397,13.57800651,15.90071188
506.6,28.86347713,-56.4722176,37055.43141,139.6533237,13.2792924,15.42401928
506.7,28.86297964,-56.47518022,37054.52776,139.6545209,12.98653131,14.95372808
506.8,28.86248284,-56.4781426,37053.62593,139.6587736,12.69969433,14.48983056
506.9,28.86198673,-56.48110472,37052.72585,139.6659784,12.41881272,14.03226985
507,28.86149134,-56.48406659,37051.82743,139.6759903,12.14374303,13.5811083
507.1,28.86099668,-56.48702821,37050.9306,139.6887331,11.87422653,13.13623026
507.2,28.86050275,-56.48998958,37050.03527,139.7040582,11.6104161,12.69766995
507.3,28.86000958,-56.49295069,37049.14134,139.721866,11.3522898,12.26521936
507.4,28.85951717,-56.49591154,37048.24873,139.74197,11.09982679,11.8387985
507.5,28.85902554,-56.49887213,37047.35732,139.7642778,10.85300735,11.41827494
507.6,28.8585347,-56.50183246,37046.46702,139.7887906,10.61181276,11.00358288
507.7,28.85804466,-56.50479253,37045.57772,139.8152417,10.37622531,10.59454438
507.8,28.85755544,-56.50775234,37044.68931,139.8435358,10.14617,10.19116398
507.9,28.85706704,-56.51071188,37043.80168,139.8736719,9.921572923,9.793274843
508,28.85657949,-56.51367115,37042.91472,139.9054838,9.702419271,9.400836319
508.1,28.85609278,-56.51663015,37042.0283,139.938977,9.488636958,9.013752427
508.2,28.85560695,-56.51958888,37041.14232,139.9739234,9.279864519,8.632160468
508.3,28.85512199,-56.52254734,37040.25667,140.010372,9.076206184,8.255921074
508.4,28.85463792,-56.52550552,37039.37125,140.04826,8.877650575,7.884896578
508.5,28.85415475,-56.52846342,37038.48595,140.0873249,8.684071014,7.519068612
508.6,28.8536725,-56.53142104,37037.60067,140.1276897,8.495457504,7.158191915
508.7,28.85319118,-56.53437838,37036.7153,140.1691281,8.311858504,6.802318576
508.8,28.8527108,-56.53733543,37035.82972,140.2116658,8.133207132,6.45126862
508.9,28.85223137,-56.54029219,37034.94384,140.2551405,7.959379261,6.104981891
509,28.8517529,-56.54324867,37034.05753,140.2995123,7.790424917,5.763404441
509.1,28.85127542,-56.54620485,37033.17069,140.3448042,7.626221056,5.426424882
509.2,28.85079892,-56.54916073,37032.2832,140.3908524,7.466587447,5.09405082
509.3,28.85032342,-56.55211631,37031.39495,140.4376777,7.311344495,4.766351069
509.4,28.84984894,-56.5550716,37030.50582,140.4851406,7.160428687,4.443282604
509.5,28.84937548,-56.55802658,37029.61569,140.5333021,7.013892364,4.124690331
509.6,28.84890306,-56.56098125,37028.72445,140.5820254,6.871672681,3.810420668
509.7,28.84843169,-56.56393561,37027.83198,140.6312744,6.733764849,3.500438729
509.8,28.84796138,-56.56688965,37026.93818,140.6810058,6.600106676,3.194711294
509.9,28.84749214,-56.56984339,37026.04296,140.7311862,6.47069396,2.89303438
510,28.84702399,-56.5727968,37025.14621,140.7816764,6.345407447,2.59543644
510.1,28.84655694,-56.57574988,37024.24783,140.8329825,6.218710517,2.307749936
510.2,28.84609099,-56.57870264,37023.34765,140.8846484,6.089105435,2.037211697
510.3,28.84562617,-56.58165508,37022.44542,140.935738,5.961202229,1.785308492
510.4,28.84516247,-56.58460718,37021.54082,140.9856594,5.838397127,1.552593129
510.5,28.8446999,-56.58755895,37020.63352,141.033825,5.7229319,1.339209653
510.6,28.84423847,-56.59051039,37019.72316,141.0799931,5.616298461,1.144840785
510.7,28.84377818,-56.5934615,37018.80936,141.1238434,5.519412544,0.968825721
510.8,28.84331904,-56.59641227,37017.8918,141.1652602,5.432614374,0.810334003
510.9,28.84286105,-56.5993627,37016.97012,141.2042881,5.356014448,0.66848152
511,28.84240422,-56.6023128,37016.04403,141.2408596,5.289493681,0.542215147
511.1,28.84194854,-56.60526257,37015.11323,141.275072,5.232703498,0.430542637
511.2,28.84149401,-56.608212,37014.17748,141.307031,5.185295988,0.332244651
511.3,28.84104065,-56.61116109,37013.23653,141.3368175,5.14663619,0.246449467
511.4,28.84058845,-56.61410984,37012.29019,141.3645392,5.116262283,0.172057446
511.5,28.84013741,-56.61705826,37011.33827,141.3902975,5.093597845,0.108143188
511.6,28.83968753,-56.62000634,37010.38063,141.4142912,5.07806684,0.053782657
511.7,28.83923882,-56.62295408,37009.41713,141.436724,5.06909354,0.008110426
511.8,28.83879127,-56.62590148,37008.44767,141.4575391,5.066217509,-0.029565535
511.9,28.83834489,-56.62884854,37007.47217,141.4770457,5.068920978,-0.060109179
512,28.83789967,-56.63179526,37006.49056,141.4952716,5.076628802,-0.084096349
512.1,28.83745561,-56.63474164,37005.50279,141.512272,5.088996027,-0.102217584
512.2,28.83701272,-56.63768769,37004.50884,141.5282689,5.105505204,-0.115048087
512.3,28.83657099,-56.64063338,37003.50868,141.5434119,5.1258115,-0.122990319
512.4,28.83613043,-56.64357874,37002.50232,141.5575804,5.149627638,-0.126619187
512.5,28.83569103,-56.64652376,37001.48977,141.5710969,5.176493773,-0.12639443
512.6,28.8352528,-56.64946843,37000.47105,141.5838539,5.2062377,-0.122603196
512.7,28.83481573,-56.65241276,36999.44619,141.5959952,5.23845708,-0.115647616
512.8,28.83437982,-56.65535674,36998.41525,141.6075982,5.272979689,-0.10587233
512.9,28.83394507,-56.65830039,36997.37827,141.6187267,5.309518207,-0.093506889
513,28.83351149,-56.66124368,36996.33531,141.6293651,5.34790037,-0.078895963
513.1,28.83307906,-56.66418663,36995.28644,141.6396757,5.387896338,-0.062269162
513.2,28.8326478,-56.66712923,36994.23174,141.649549,5.429333788,-0.043741034
513.3,28.8322177,-56.67007149,36993.17127,141.6591606,5.472097921,-0.023656374
513.4,28.83178876,-56.6730134,36992.10513,141.6685926,5.516073919,-0.002072244
513.5,28.83136097,-56.67595496,36991.0334,141.6777275,5.561031811,0.020839151
513.6,28.83093435,-56.67889617,36989.95617,141.6866609,5.606971848,0.044847991
513.7,28.83050888,-56.68183703,36988.87355,141.6953739,5.653721563,0.069954686
513.8,28.83008457,-56.68477754,36987.78562,141.7039475,5.701166021,0.095929323
513.9,28.82966141,-56.6877177,36986.69249,141.7123763,5.749247841,0.12277226
514,28.82923941,-56.69065751,36985.59427,141.7207554,5.797967218,0.150311104
514.1,28.82881857,-56.69359697,36984.49106,141.7289713,5.847151565,0.178546142
514.2,28.82839888,-56.69653607,36983.38296,141.7371111,5.89674344,0.207304881
514.3,28.82798034,-56.69947482,36982.2701,141.745176,5.946742989,0.236645208
514.4,28.82756296,-56.70241322,36981.15257,141.7531597,5.997092749,0.266336952
514.5,28.82714673,-56.70535126,36980.0305,141.7610479,6.047677624,0.296495522
514.6,28.82673164,-56.70828894,36978.904,141.7690353,6.09855534,0.326948341
514.7,28.82631771,-56.71122627,36977.77317,141.776921,6.149610766,0.357695551
514.8,28.82590493,-56.71416324,36976.63814,141.7847988,6.200843993,0.388737355
514.9,28.8254933,-56.71709986,36975.49903,141.7926693,6.252255114,0.41995868
515,28.82508281,-56.72003612,36974.35594,141.8005169,6.303728934,0.451359599
515.1,28.82467348,-56.72297201,36973.20899,141.8083419,6.355265513,0.482940267
515.2,28.82426529,-56.72590755,36972.05831,141.8161444,6.406864911,0.51464318
515.3,28.82385824,-56.72884273,36970.90401,141.824018,6.458527189,0.546410813
515.4,28.82345234,-56.73177755,36969.74621,141.8319463,6.510137073,0.578243155
515.5,28.82304758,-56.73471201,36968.58502,141.8397593,6.561809937,0.610140443
515.6,28.82264397,-56.7376461,36967.42056,141.8477117,6.613372802,0.642044892
515.7,28.8222415,-56.74057983,36966.25294,141.8556337,6.664941049,0.674014416
515.8,28.82184017,-56.7435132,36965.0823,141.86361,6.716457027,0.705875954
515.9,28.82143998,-56.7464462,36963.90873,141.8716318,6.767863065,0.737802563
516,28.82104094,-56.74937884,36962.73236,141.8797075,6.819216873,0.769621292
516.1,28.82064303,-56.75231112,36961.5533,141.8877259,6.870403056,0.801389701
516.2,28.82024626,-56.75524302,36960.37166,141.8958912,6.921537032,0.833108021
516.3,28.81985062,-56.75817456,36959.18757,141.9040918,6.972503381,0.864776095
516.4,28.81945613,-56.76110574,36958.00113,141.9122426,7.023359817,0.896278588
516.5,28.81906277,-56.76403654,36956.81246,141.9205214,7.074048608,0.927730869
516.6,28.81867054,-56.76696698,36955.62167,141.9288341,7.124569741,0.959017464
516.7,28.81827945,-56.76989704,36954.42888,141.93718,7.174923198,0.990196109
516.8,28.8178895,-56.77282674,36953.23418,141.9455587,7.225108964,1.021209042
516.9,28.81750067,-56.77575607,36952.0377,141.9540634,7.27512702,1.052114012
517,28.81711298,-56.77868502,36950.83954,141.9625999,7.32497735,1.08285324
517.1,28.81672642,-56.78161361,36949.6398,141.971158,7.374602161,1.113426555
517.2,28.81634099,-56.78454182,36948.43861,141.9797466,7.424059195,1.143891858
517.3,28.81595669,-56.78746966,36947.23606,141.9884398,7.473232859,1.174133233
517.4,28.81557351,-56.79039712,36946.03226,141.9971622,7.522238681,1.204266534
517.5,28.81519147,-56.79332421,36944.82731,142.0059036,7.571018839,1.234175957
517.6,28.81481055,-56.79625092,36943.62132,142.0147571,7.619573293,1.263861435
517.7,28.81443076,-56.79917726,36942.41439,142.0237221,7.667902,1.293380722
517.8,28.81405209,-56.80210322,36941.20662,142.032704,7.71600492,1.322733769
517.9,28.81367455,-56.80502881,36939.99812,142.0416919,7.763824183,1.351804651
518,28.81329813,-56.80795402,36938.78897,142.0507891,7.811417558,1.380709146
518.1,28.81292283,-56.81087885,36937.57928,142.0598908,7.858727162,1.409389143
518.2,28.81254866,-56.8138033,36936.36914,142.0691841,7.90575293,1.437844549
518.3,28.8121756,-56.81672737,36935.15866,142.0783963,7.952552651,1.466017602
518.4,28.81180367,-56.81965106,36933.94792,142.0877987,7.999068418,1.494023741
518.5,28.81143286,-56.82257438,36932.73701,142.0972022,8.045300166,1.521689233
518.6,28.81106316,-56.82549731,36931.52604,142.1066895,8.091189956,1.549129496
518.7,28.81069458,-56.82841986,36930.31508,142.1161867,8.136853458,1.576344865
518.8,28.81032712,-56.83134202,36929.10424,142.1257659,8.182174853,1.60327688
518.9,28.80996078,-56.83426381,36927.89358,142.1354476,8.227269838,1.629925872
519,28.80959555,-56.83718521,36926.68321,142.1452096,8.272022565,1.656291243
519.1,28.80923143,-56.84010623,36925.47321,142.1549675,8.316490852,1.682431024
519.2,28.80886843,-56.84302686,36924.26366,142.1648981,8.360616717,1.708286915
519.3,28.80850654,-56.84594711,36923.05464,142.1748229,8.404457988,1.733801083
519.4,28.80814576,-56.84886697,36921.84623,142.1848353,8.448014594,1.759089274
519.5,28.80778609,-56.85178645,36920.63852,142.1948401,8.491286464,1.784093418
519.6,28.80742754,-56.85470554,36919.43158,142.2050144,8.534215591,1.808813104
519.7,28.80707009,-56.85762424,36918.22548,142.215168,8.576801881,1.833248179
519.8,28.80671375,-56.86054256,36917.02031,142.2255006,8.619103195,1.857398776
519.9,28.80635852,-56.86346049,36915.81613,142.2358221,8.66111946,1.881206768
520,28.80600439,-56.86637803,36914.61303,142.2461203,8.702792639,1.904787689
520.1,28.80565137,-56.86929518,36913.41106,142.2565836,8.744122641,1.9280254
520.2,28.80529946,-56.87221194,36912.2103,142.2671279,8.78516735,1.951036049
520.3,28.80494865,-56.8751283,36911.01082,142.2777526,8.825926691,1.973703483
520.4,28.80459894,-56.87804428,36909.81269,142.2883504,8.866342602,1.996085246
520.5,28.80425033,-56.88095987,36908.61596,142.2990151,8.906414991,2.018181181
520.6,28.80390283,-56.88387507,36907.42071,142.3098526,8.946201765,2.039991455
520.7,28.80355643,-56.88678987,36906.22699,142.3206604,8.985644843,2.061457551
520.8,28.80321112,-56.88970428,36905.03487,142.3315446,9.024802145,2.082695728
520.9,28.80286692,-56.8926183,36903.84441,142.3424924,9.063615576,2.103589404
521,28.80252381,-56.89553193,36902.65565,142.3535029,9.102085043,2.124196466
521.1,28.80218181,-56.89844516,36901.46867,142.3645874,9.140268486,2.144517104
521.2,28.80184089,-56.90135799,36900.28352,142.3756379,9.17810779,2.164550821
521.3,28.80150108,-56.90427043,36899.10024,142.3868559,9.215660907,2.184239729
521.4,28.80116235,-56.90718248,36897.91889,142.3981334,9.25286971,2.203699486
521.5,28.80082473,-56.91009413,36896.73953,142.4093867,9.289792165,2.222814121
521.6,28.80048819,-56.91300538,36895.5622,142.4207931,9.326370132,2.241641205
521.7,28.80015275,-56.91591624,36894.38694,142.4321737,9.362661587,2.260180955
521.8,28.7998184,-56.9188267,36893.21382,142.443706,9.398608381,2.278432845
521.9,28.79948513,-56.92173676,36892.04286,142.455211,9.434268501,2.296397105
522,28.79915296,-56.92464642,36890.87412,142.4667707,9.469583785,2.314015064
522.1,28.79882188,-56.92755569,36889.70763,142.4783971,9.504612234,2.331403223
522.2,28.79849188,-56.93046455,36888.54344,142.4901848,9.539353772,2.348445164
522.3,28.79816298,-56.93337302,36887.38159,142.5019297,9.573750221,2.365256627
522.4,28.79783515,-56.93628109,36886.22212,142.5137392,9.607859598,2.381779724
522.5,28.79750842,-56.93918875,36885.06505,142.5255042,9.641623712,2.397955733
522.6,28.79718277,-56.94209602,36883.91043,142.5374408,9.675158717,2.413901662
522.7,28.7968582,-56.94500288,36882.75829,142.5494141,9.708290171,2.429499775
522.8,28.79653471,-56.94790935,36881.60867,142.5614623,9.741192367,2.44486754
522.9,28.79621231,-56.95081541,36880.46159,142.5734761,9.773807108,2.459946224
523,28.79589099,-56.95372107,36879.31708,142.5856332,9.806076176,2.474735253
523.1,28.79557074,-56.95662633,36878.17518,142.5977546,9.83805763,2.48929312
523.2,28.79525158,-56.95953118,36877.03591,142.6099353,9.869751398,2.503503282
523.3,28.7949335,-56.96243563,36875.89929,142.6222705,9.901157407,2.517482018
523.4,28.79461649,-56.96533968,36874.76535,142.6345815,9.932333749,2.531171437
523.5,28.79430056,-56.96824332,36873.63412,142.6469367,9.963164024,2.544628735
523.6,28.79398571,-56.97114656,36872.50561,142.6593489,9.993706321,2.557737768
523.7,28.79367193,-56.9740494,36871.37985,142.6717215,10.02396057,2.570673112
523.8,28.79335923,-56.97695183,36870.25685,142.6842459,10.05392669,2.583259923
523.9,28.7930476,-56.97985385,36869.13664,142.6967431,10.08366281,2.595673283
524,28.79273704,-56.98275547,36868.01923,142.709391,10.11311068,2.607737852
524.1,28.79242755,-56.98565668,36866.90463,142.721997,10.14227022,2.619628279
524.2,28.79211914,-56.98855749,36865.79287,142.7346566,10.17114136,2.631227926
524.3,28.79181179,-56.99145789,36864.68395,142.747383,10.19978225,2.642595423
524.4,28.79150552,-56.99435788,36863.57789,142.760052,10.22807639,2.653671412
524.5,28.79120031,-56.99725746,36862.47469,142.7728967,10.25619838,2.664573805
524.6,28.79089617,-57.00015664,36861.37437,142.7856829,10.28397347,2.675184458
524.7,28.7905931,-57.00305541,36860.27694,142.7986441,10.3115763,2.685563028
524.8,28.7902911,-57.00595377,36859.1824,142.8115595,10.33889033,2.695708424
524.9,28.78999016,-57.00885172,36858.09075,142.8244285,10.36591552,2.705620539
525,28.78969028,-57.01174927,36857.00201,142.8374575,10.39271003,2.715358092
525.1,28.78939147,-57.0146464,36855.91618,142.8504531,10.41927381,2.724804357
525.2,28.78909372,-57.01754313,36854.83326,142.8635114,10.44560681,2.73401755
525.3,28.78879703,-57.02043944,36853.75325,142.876632,10.47170897,2.743055909
525.4,28.7885014,-57.02333535,36852.67615,142.8897179,10.49758026,2.751861019
525.5,28.78820683,-57.02623084,36851.60196,142.9029477,10.52316232,2.760432264
525.6,28.78791332,-57.02912593,36850.53068,142.9161562,10.54857167,2.768770593
525.7,28.78762087,-57.0320206,36849.46232,142.9293288,10.57374997,2.776933749
525.8,28.78732948,-57.03491486,36848.39685,142.9426584,10.59869717,2.784921655
525.9,28.78703915,-57.03780872,36847.33429,142.9559512,10.62341323,2.792675874
526,28.78674987,-57.04070215,36846.27462,142.9692213,10.64795639,2.800196852
526.1,28.78646164,-57.04359518,36845.21785,142.9826474,10.67226831,2.807542344
526.2,28.78617447,-57.0464878,36844.16395,142.9960356,10.69634894,2.814712276
526.3,28.78588836,-57.04938,36843.11293,143.0094,10.72025654,2.821707121
526.4,28.78560329,-57.05227179,36842.06477,143.0229195,10.74393276,2.828467879
526.5,28.78531928,-57.05516317,36841.01947,143.0363176,10.76743586,2.835111801
526.6,28.78503632,-57.05805413,36839.97701,143.049885,10.79076582,2.841522042
526.7,28.78475441,-57.06094469,36838.93739,143.0634126,10.81386426,2.847756374
526.8,28.78447354,-57.06383482,36837.90059,143.0769148,10.83678947,2.853815284
526.9,28.78419373,-57.06672455,36836.86659,143.0905855,10.85954142,2.859757124
527,28.78391497,-57.06961386,36835.83539,143.1041331,10.88212006,2.86552343
527.1,28.78363725,-57.07250275,36834.80697,143.1178488,10.90452537,2.871055719
527.2,28.78336057,-57.07539123,36833.78131,143.1314408,10.9267573,2.876529199
527.3,28.78308495,-57.0782793,36832.7584,143.1451854,10.94875747,2.881767973
527.4,28.78281036,-57.08116695,36831.73822,143.158918,10.97064254,2.886889977
527.5,28.78253682,-57.08405419,36830.72076,143.1726231,10.99235414,2.891836158
527.6,28.78226433,-57.08694101,36829.70598,143.1863827,11.01383385,2.896605885
527.7,28.78199287,-57.08982742,36828.69389,143.2001295,11.03519838,2.901258696
527.8,28.78172246,-57.09271341,36827.68445,143.2139608,11.0564477,2.905794556
527.9,28.78145308,-57.09559898,36826.67765,143.2277482,11.07746503,2.910153805
528,28.78118475,-57.09848414,36825.67345,143.2416198,11.09836709,2.914396011
528.1,28.78091745,-57.10136888,36824.67186,143.2554776,11.11915387,2.91846267
528.2,28.7806512,-57.10425321,36823.67283,143.2694039,11.13976694,2.922411618
528.3,28.78038597,-57.10713711,36822.67635,143.2833006,11.16020627,2.926242813
528.4,28.78012179,-57.11002061,36821.68239,143.2972962,11.18058863,2.929957396
528.5,28.77985864,-57.11290368,36820.69093,143.3111642,11.2007972,2.933554151
528.6,28.77959653,-57.11578634,36819.70195,143.3251152,11.22089036,2.937092121
528.7,28.77933544,-57.11866858,36818.71542,143.3391492,11.24086808,2.940454297
528.8,28.7790754,-57.1215504,36817.73131,143.3531682,11.26073035,2.943757628
528.9,28.77881638,-57.1244318,36816.74961,143.3671878,11.28053556,2.946944189
529,28.77855839,-57.12731279,36815.77027,143.381192,11.30022529,2.950071856
529.1,28.77830144,-57.13019336,36814.79328,143.3951808,11.3197995,2.953082096
529.2,28.77804552,-57.13307351,36813.81861,143.4092519,11.33925817,2.956033391
529.3,28.77779062,-57.13595324,36812.84623,143.423323,11.35865973,2.958867807
529.4,28.77753675,-57.13883255,36811.87612,143.4373782,11.37794572,2.961701752
529.5,28.77728391,-57.14171145,36810.90824,143.4515313,11.39717457,2.964418775
529.6,28.7770321,-57.14458992,36809.94257,143.46557,11.41628782,2.967076765
529.7,28.77678131,-57.14746798,36808.97908,143.4797065,11.43534389,2.969676316
529.8,28.77653155,-57.15034561,36808.01773,143.4938426,11.45434279,2.972217411
529.9,28.77628281,-57.15322283,36807.05851,143.507962,11.47322604,2.974699417
530,28.77603509,-57.15609963,36806.10138,143.5221791,11.49205208,2.97718148
530.1,28.77578839,-57.15897601,36805.1463,143.537954,11.50076394,2.990271536
530.2,28.77554272,-57.16185196,36804.19313,143.5558318,11.49743119,3.029171737
530.3,28.77529806,-57.16472751,36803.24154,143.5748914,11.49228596,3.098851415
530.4,28.77505441,-57.16760263,36802.29111,143.5940291,11.4927537,3.202677405
530.5,28.77481176,-57.17047735,36801.34135,143.6128752,11.50427215,3.342722675
530.6,28.77457009,-57.17335167,36800.39174,143.6311468,11.53040966,3.52024117
530.7,28.77432941,-57.17622558,36799.44172,143.6487011,11.57409455,3.73556868
530.8,28.77408968,-57.1790991,36798.49077,143.6655617,11.63732401,3.98829746
530.9,28.7738509,-57.18197224,36797.5384,143.6819719,11.72134023,4.27786511
531,28.77361306,-57.18484499,36796.58417,143.698018,11.82704042,4.603326177
531.1,28.77337613,-57.18771736,36795.62766,143.7143036,11.95456711,4.963814625
531.2,28.77314011,-57.19058937,36794.66851,143.7310717,12.10371729,5.358490571
531.3,28.77290497,-57.19346101,36793.70638,143.7489484,12.27446937,5.786138513
531.4,28.77267069,-57.19633229,36792.74098,143.7683,12.466808,6.245636048
531.5,28.77243727,-57.19920322,36791.77205,143.7896392,12.68043076,6.735948377
531.6,28.77220467,-57.2020738,36790.79936,143.8135107,12.91504113,7.256017104
531.7,28.77197289,-57.20494404,36789.82274,143.8404534,13.17023101,7.804994862
531.8,28.77174189,-57.20781394,36788.84207,143.8711572,13.4453624,8.382362011
531.9,28.77151168,-57.21068351,36787.85725,143.9061928,13.73997891,8.987406816
532,28.77128221,-57.21355275,36786.86821,143.9459954,14.05374779,9.619463828
532.1,28.77105349,-57.21642167,36785.87492,143.9912701,14.38646077,10.27791785
532.2,28.77082548,-57.21929028,36784.87735,144.042634,14.73785752,10.96232018
532.3,28.77059816,-57.22215857,36783.8755,144.1006131,15.10762543,11.67233157
532.4,28.77037153,-57.22502655,36782.8694,144.1659664,15.49545886,12.40766769
532.5,28.77014555,-57.22789423,36781.85907,144.239134,15.90094017,13.16809419
532.6,28.76992021,-57.2307616,36780.84459,144.3209662,16.32359841,13.9537383
532.7,28.76969549,-57.23362868,36779.82607,144.4121101,16.76314799,14.76443719
532.8,28.76947137,-57.23649547,36778.80361,144.5133014,17.21943092,15.60010572
532.9,28.76924783,-57.23936196,36777.77735,144.6250613,17.69217794,16.46078535
533,28.76902485,-57.24222816,36776.74742,144.7482349,18.18106762,17.34640021
533.1,28.76880241,-57.24509408,36775.71398,144.8835025,18.68578626,18.2571411
533.2,28.76858049,-57.24795972,36774.67718,145.0315889,19.20602792,19.19302878
533.3,28.76835907,-57.25082508,36773.63722,145.1932801,19.74131202,20.15420876
533.4,28.76813813,-57.25369016,36772.59426,145.3693614,20.29128564,21.14079662
533.5,28.76791766,-57.25655496,36771.54853,145.5605351,20.85535764,22.1530255
533.6,28.76769763,-57.25941949,36770.50022,145.7675387,21.43294008,23.19114667
533.7,28.76747802,-57.26228374,36769.44958,145.9914059,22.02332394,24.25527225
533.8,28.76725882,-57.26514773,36768.39687,146.232805,22.62586204,25.34566835
533.9,28.76704,-57.26801144,36767.34235,146.492366,23.23996938,26.46227969
534,28.76682155,-57.27087489,36766.2863,146.7710458,23.86481046,27.60527181
534.1,28.76660344,-57.27373806,36765.22901,147.0695316,24.49960693,28.77474286
534.2,28.76638565,-57.27660097,36764.17078,147.3884431,25.1434478,29.97066585
534.3,28.76616818,-57.27946361,36763.11193,147.7286684,25.79528445,31.19300728
534.4,28.76595099,-57.28232598,36762.05277,148.0906519,26.45424511,32.44188072
534.5,28.76573406,-57.28518808,36760.99364,148.4751284,27.11905871,33.71706219
534.6,28.76551739,-57.28804992,36759.93488,148.8827204,27.78862408,35.01843122
534.7,28.76530094,-57.29091148,36758.87685,149.313899,28.4618174,36.34590969
534.8,28.7650847,-57.29377278,36757.81991,149.7691012,29.1372272,37.69908871
534.9,28.76486865,-57.2966338,36756.76443,150.248807,29.81367106,39.07780482
535,28.76465277,-57.29949455,36755.71081,150.7532226,30.48973586,40.48160365
535.1,28.76443704,-57.30235503,36754.65944,151.2791976,31.16470535,41.90152013
535.2,28.76422143,-57.30521523,36753.61076,151.8155402,31.82617463,43.30881727
535.3,28.76400594,-57.30807515,36752.56528,152.351925,32.45981807,44.6789888
535.4,28.76379053,-57.31093479,36751.52353,152.8800717,33.05637747,45.99475249
535.5,28.7635752,-57.31379414,36750.48602,153.3928317,33.61034997,47.24377752
535.6,28.76335993,-57.31665321,36749.45325,153.8852284,34.11923815,48.41844021
535.7,28.76314469,-57.31951199,36748.42565,154.3527951,34.58240912,49.51400253
535.8,28.76292948,-57.32237048,36747.4036,154.7931501,35.00101866,50.52904112
535.9,28.76271429,-57.32522868,36746.38744,155.2044773,35.37693588,51.4635421
536,28.76249909,-57.32808657,36745.37743,155.5860788,35.71268583,52.31923376
536.1,28.76228388,-57.33094417,36744.3738,155.9378337,36.01124355,53.09914748
536.2,28.76206865,-57.33380147,36743.37671,156.260171,36.27567731,53.80699426
536.3,28.76185339,-57.33665847,36742.3863,156.5541023,36.50906779,54.44704114
536.4,28.76163808,-57.33951517,36741.40264,156.8210549,36.714426,55.02394776
536.5,28.76142273,-57.34237156,36740.42578,157.0624956,36.89461045,55.54219173
536.6,28.76120733,-57.34522765,36739.45575,157.2802097,37.05231633,56.00667629
536.7,28.76099187,-57.34808344,36738.49254,157.4755937,37.18992197,56.42193744
536.8,28.76077634,-57.35093892,36737.53613,157.6508435,37.30976751,56.79258496
536.9,28.76056074,-57.35379409,36736.58646,157.8074339,37.41386051,57.12272865
537,28.76034506,-57.35664896,36735.64348,157.9470661,37.50401343,57.41629135
537.1,28.76012931,-57.35950352,36734.70712,158.071379,37.58191117,57.67714318
537.2,28.75991348,-57.36235777,36733.7773,158.1819627,37.64903504,57.90853493
537.3,28.75969756,-57.36521171,36732.85392,158.2800712,37.70673191,58.11393021
537.4,28.75948155,-57.36806535,36731.93689,158.3672866,37.75606685,58.29595728
537.5,28.75926546,-57.37091869,36731.0261,158.4444923,37.79811082,58.45712633
537.6,28.75904927,-57.37377171,36730.12146,158.5129443,37.83379447,58.6001729
537.7,28.758833,-57.37662443,36729.22285,158.5735237,37.86383433,58.72696621
537.8,28.75861662,-57.37947684,36728.33015,158.6272963,37.88902211,58.83940549
537.9,28.75840016,-57.38232895,36727.44326,158.6749283,37.90993378,58.93917366
538,28.75818359,-57.38518075,36726.56207,158.7173097,37.9271468,59.02800338
538.1,28.75796693,-57.38803224,36725.68644,158.7546594,37.94109448,59.10705514
538.2,28.75775017,-57.39088343,36724.81627,158.7881572,37.9522836,59.17761257
538.3,28.75753331,-57.39373432,36723.95143,158.8179563,37.96100357,59.24069829
538.4,28.75731635,-57.3965849,36723.09181,158.8447656,37.96761691,59.29730562
538.5,28.7570993,-57.39943517,36722.2373,158.8686053,37.97234109,59.34810844
538.6,28.75688214,-57.40228514,36721.38776,158.8898473,37.97546648,59.3938863
538.7,28.75666488,-57.40513481,36720.54308,158.9091246,37.97721094,59.43547449
538.8,28.75644751,-57.40798417,36719.70315,158.9266702,37.97779244,59.47314326
538.9,28.75623005,-57.41083323,36718.86785,158.9424237,37.97728363,59.50754685
539,28.75601248,-57.41368198,36718.03705,158.9567685,37.97597528,59.53920317
539.1,28.75579481,-57.41653044,36717.21064,158.9699039,37.97386742,59.56810373
539.2,28.75557704,-57.41937859,36716.38851,158.9819207,37.9711055,59.59500874
539.3,28.75535917,-57.42222644,36715.57054,158.9931125,37.96783494,59.61996296
539.4,28.75514119,-57.42507399,36714.75662,159.0034783,37.96405581,59.64324962
539.5,28.75492311,-57.42792123,36713.94663,159.0131651,37.95984085,59.66510608
539.6,28.75470493,-57.43076818,36713.14045,159.0221172,37.95526281,59.68562661
539.7,28.75448664,-57.43361483,36712.33799,159.030685,37.95039441,59.70519401
539.8,28.75426825,-57.43646117,36711.53911,159.038462,37.94523571,59.72366267
539.9,28.75404975,-57.43930722,36710.74372,159.0460021,37.93985942,59.74141642
540,28.75383116,-57.44215297,36709.95171,159.05325,37.93433824,59.7584072
540.1,28.75361246,-57.44499841,36709.16295,159.0600577,37.92859956,59.77482545
540.2,28.75339365,-57.44784356,36708.37735,159.0667208,37.92278869,59.7905762
540.3,28.75317474,-57.45068841,36707.59479,159.0730916,37.91683303,59.80599466
540.4,28.75295573,-57.45353297,36706.81518,159.0793178,37.91080523,59.82088882
540.5,28.75273661,-57.45637722,36706.03839,159.085196,37.9047053,59.83540264
540.6,28.75251739,-57.45922118,36705.26433,159.0910776,37.89860588,59.84963306
540.7,28.75229807,-57.46206484,36704.49289,159.0966667,37.89236177,59.86352972
540.8,28.75207864,-57.46490821,36703.72396,159.102407,37.88619077,59.87723976
540.9,28.75185911,-57.46775127,36702.95745,159.1077991,37.87994771,59.89071291
541,28.75163947,-57.47059405,36702.19324,159.112991,37.87370517,59.90390162
541.1,28.75141973,-57.47343652,36701.43125,159.1180381,37.86739058,59.91685301
541.2,28.75119989,-57.4762787,36700.67136,159.1232364,37.86114911,59.92961693
541.3,28.75097994,-57.47912059,36699.91347,159.1282342,37.85490817,59.94238548
541.4,28.75075989,-57.48196218,36699.1575,159.1330315,37.84866775,59.95486883
541.5,28.75053973,-57.48480348,36698.40333,159.1379797,37.84250042,59.96716422
541.6,28.75031947,-57.48764448,36697.65088,159.1427832,37.83626105,59.97936645
541.7,28.7500991,-57.49048519,36696.90005,159.1473301,37.83009475,59.99138044
541.8,28.74987863,-57.49332561,36696.15074,159.1520278,37.82400151,60.00349618
541.9,28.74965806,-57.49616574,36695.40285,159.1567285,37.81790876,60.01532589
542,28.74943738,-57.49900557,36694.65631,159.1610244,37.81181652,60.02701453
542.1,28.7492166,-57.5018451,36693.911,159.165471,37.8057973,60.03851436
542.2,28.74899572,-57.50468435,36693.16685,159.1698644,37.79985109,60.05011569
542.3,28.74877473,-57.50752331,36692.42376,159.1742605,37.79390535,60.06143039
542.4,28.74855363,-57.51036197,36691.68164,159.1784555,37.78796009,60.07260354
542.5,28.74833243,-57.51320034,36690.94041,159.182597,37.7820878,60.0837327
542.6,28.74811113,-57.51603842,36690.19998,159.186685,37.77628847,60.09481781
542.7,28.74788972,-57.51887621,36689.46027,159.1907193,37.77056207,60.10571338
542.8,28.74766821,-57.52171371,36688.72119,159.1946084,37.76476364,60.11636928
542.9,28.7474466,-57.52455092,36687.98265,159.1987955,37.75911061,60.12722404
543,28.74722488,-57.52738784,36687.24458,159.2026333,37.75338555,60.13783899
543.1,28.74700305,-57.53022447,36686.5069,159.2064173,37.74773339,60.14826393
543.2,28.74678112,-57.53306081,36685.76952,159.2102036,37.74208166,60.15869213
543.3,28.74655909,-57.53589686,36685.03236,159.213936,37.73650281,60.16893009
543.4,28.74633695,-57.53873262,36684.29534,159.2174665,37.73092438,60.17917122
543.5,28.74611471,-57.5415681,36683.5584,159.2211471,37.72541882,60.18922189
543.6,28.74589237,-57.54440328,36682.82144,159.2245692,37.71998609,60.1992277
543.7,28.74566992,-57.54723818,36682.0844,159.2279935,37.71455376,60.20909075
543.8,28.74544736,-57.55007279,36681.3472,159.2315677,37.70919426,60.21890879
543.9,28.7452247,-57.55290711,36680.60977,159.2348832,37.70390756,60.22853592
544,28.74500194,-57.55574114,36679.87203,159.2382007,37.69862123,60.23801999
544.1,28.74477907,-57.55857489,36679.13392,159.2412594,37.6934077,60.24745878
544.2,28.7445561,-57.56140835,36678.39536,159.2446153,37.68833933,60.25680421
544.3,28.74433302,-57.56424152,36677.65629,159.247712,37.68334371,60.26595824
544.4,28.74410984,-57.56707441,36676.91665,159.2506063,37.67834842,60.27482281
544.5,28.74388656,-57.56990701,36676.17636,159.2535932,37.67349825,60.28373964
544.6,28.74366317,-57.57273933,36675.43536,159.2563206,37.66872077,60.2924647
544.7,28.74343967,-57.57557135,36674.6936,159.2590497,37.66394361,60.3008999
544.8,28.74321607,-57.5784031,36673.951,159.2616668,37.6593115,60.30938712
544.9,28.74299237,-57.58123455,36673.20753,159.2642854,37.65467968,60.31758423
545,28.74276856,-57.58406572,36672.46311,159.2668486,37.65012052,60.32558907
545.1,28.74254465,-57.58689661,36671.71768,159.269152,37.64563399,60.33354769
545.2,28.74232064,-57.58972721,36670.97121,159.2716043,37.64122009,60.34131383
545.3,28.74209652,-57.59255753,36670.22363,159.2736492,37.63680646,60.3489356
545.4,28.74187229,-57.59538756,36669.47489,159.2758428,37.63246543,60.35636466
545.5,28.74164796,-57.59821731,36668.72493,159.2779808,37.62819701,60.3637472
545.6,28.74142353,-57.60104677,36667.97372,159.280063,37.62400117,60.37093684
545.7,28.74119899,-57.60387595,36667.22121,159.2820894,37.6198779,60.37793346
545.8,28.74097435,-57.60670484,36666.46734,159.283708,37.61575486,60.38478528
545.9,28.7407496,-57.60953345,36665.71207,159.2854752,37.61170437,60.39144387
546,28.74052475,-57.61236178,36664.95535,159.2871864,37.60772644,60.39805556
546.1,28.74029979,-57.61518982,36664.19715,159.2888987,37.60374871,60.40437579
546.2,28.74007473,-57.61801758,36663.43743,159.2904978,37.59991583,60.41074704
546.3,28.73984956,-57.62084506,36662.67613,159.2918933,37.59608315,60.41697313
546.4,28.73962429,-57.62367225,36661.91323,159.2930854,37.59225066,60.422761
546.5,28.73939892,-57.62649916,36661.14868,159.2945731,37.58856299,60.42874621
546.6,28.73917344,-57.62932579,36660.38245,159.2956526,37.58487549,60.434293
546.7,28.73894786,-57.63215213,36659.6145,159.2968804,37.58126048,60.43993895
546.8,28.73872217,-57.63497819,36658.84481,159.2980517,37.57771794,60.44524438
546.9,28.73849638,-57.63780397,36658.07332,159.298815,37.57417556,60.45055078
547,28.73827048,-57.64062946,36657.30003,159.2997262,37.57070565,60.45566307
547.1,28.73804448,-57.64345468,36656.52488,159.3005809,37.56730818,60.46058117
547.2,28.73781838,-57.64627961,36655.74786,159.301232,37.56391086,60.4653535
547.3,28.73759217,-57.64910426,36654.96894,159.3020309,37.56058598,60.46993149
547.4,28.73736585,-57.65192862,36654.18808,159.3025688,37.55733352,60.47446173
547.5,28.73713944,-57.6547527,36653.40527,159.3029029,37.5540812,60.47884605
547.6,28.73691291,-57.65757651,36652.62047,159.3035318,37.55097357,60.48313398
547.7,28.73668629,-57.66040002,36651.83367,159.3039569,37.54786606,60.4872759
547.8,28.73645955,-57.66322326,36651.04485,159.3041783,37.54475868,60.49112505
547.9,28.73623272,-57.66604622,36650.25397,159.3043428,37.54172369,60.49492622
548,28.73600578,-57.66886889,36649.46102,159.3044505,37.53876109,60.49867938
548.1,28.73577873,-57.67169128,36648.66599,159.3045589,37.5357986,60.50213962
548.2,28.73555158,-57.67451339,36647.86884,159.3046679,37.53283622,60.50560039
548.3,28.73532433,-57.67733522,36647.06958,159.30472,37.52994622,60.50901304
548.4,28.73509697,-57.68015676,36646.26817,159.3044214,37.52698408,60.51218131
548.5,28.73486951,-57.68297803,36645.4646,159.3044172,37.52416654,60.51539953
548.6,28.73464194,-57.68579901,36644.65886,159.3040623,37.52127688,60.51837331
548.7,28.73441427,-57.68861971,36643.85092,159.3038549,37.51845956,60.52115208
548.8,28.7341865,-57.69144013,36643.04078,159.3035905,37.51571458,60.52402938
548.9,28.73395862,-57.69426027,36642.22843,159.3031223,37.5129697,60.52676029
549,28.73373063,-57.69708013,36641.41385,159.3026547,37.51022492,60.52919797
549.1,28.73350255,-57.6998997,36640.59702,159.3022768,37.5076247,60.53183224
549.2,28.73327435,-57.702719,36639.77794,159.3017527,37.50495234,60.53407512
549.3,28.73304606,-57.70553801,36638.9566,159.3011715,37.50235231,60.53641644
549.4,28.73281766,-57.70835674,36638.13299,159.3005333,37.49982458,60.53856253
549.5,28.73258915,-57.71117519,36637.30711,159.2996335,37.49736915,60.54051335
549.6,28.73236054,-57.71399336,36636.47893,159.298881,37.49498602,60.5424157
549.7,28.73213183,-57.71681125,36635.64847,159.2980135,37.49274739,60.5442208
549.8,28.73190301,-57.71962885,36634.81571,159.2969999,37.49043662,60.5457812
549.9,28.73167409,-57.72244618,36633.98065,159.2960757,37.48827034,60.5472443
550,28.73144506,-57.72526322,36633.14329,159.2949477,37.48610412,60.54856075
550.1,28.73121593,-57.72807998,36632.30364,159.2937624,37.48401016,60.54968177
550.2,28.7309867,-57.73089646,36631.46168,159.2925198,37.48198847,60.55090104
550.3,28.73075736,-57.73371266,36630.61743,159.2912777,37.47996683,60.55182678
550.4,28.73052792,-57.73652858,36629.77089,159.2899783,37.47801745,60.55270389
550.5,28.73029837,-57.73934422,36628.92205,159.2884752,37.47606811,60.5534343
550.6,28.73006872,-57.74215957,36628.07092,159.2871189,37.47419103,60.55396921
550.7,28.72983897,-57.74497464,36627.21751,159.2855589,37.47231398,60.55450427
550.8,28.72960911,-57.74778944,36626.36182,159.2839416,37.47050918,60.55484381
550.9,28.72937915,-57.75060395,36625.50387,159.2823247,37.46870442,60.55518349
551,28.72914908,-57.75341818,36624.64365,159.2805042,37.46689971,60.55522962
551.1,28.72891891,-57.75623212,36623.78117,159.2788304,37.46516722,60.55537391
551.2,28.72868864,-57.75904579,36622.91644,159.2770993,37.46350696,60.55532265
551.3,28.72845826,-57.76185917,36622.04948,159.2751646,37.46184673,60.55512469
551.4,28.72822777,-57.76467228,36621.18029,159.2732304,37.46018655,60.55492688
551.5,28.72799719,-57.7674851,36620.30889,159.2710927,37.4585264,60.55458238
551.6,28.7277665,-57.77029764,36619.43528,159.2692477,37.45701064,60.5541403
551.7,28.7275357,-57.77310989,36618.55947,159.2672571,37.45542273,60.55360041
551.8,28.72730481,-57.77592187,36617.68149,159.2650052,37.45390704,60.5530118
551.9,28.72707381,-57.77873356,36616.80133,159.2629577,37.45239137,60.55227654
552,28.7268427,-57.78154497,36615.91903,159.2607068,37.45087574,60.55154143
552.1,28.72661149,-57.7843561,36615.03458,159.2583985,37.44943231,60.5506108
552.2,28.72638018,-57.78716695,36614.14801,159.2562367,37.44806107,60.54977824
552.3,28.72614876,-57.78997751,36613.25933,159.2539294,37.4466177,60.54870115
552.4,28.72591724,-57.7927878,36612.36856,159.2515648,37.44524651,60.54757534
552.5,28.72568562,-57.7955978,36611.47571,159.248997,37.44387536,60.54630295
552.6,28.72545389,-57.79840751,36610.5808,159.2467792,37.44257639,60.54512859
552.7,28.72522206,-57.80121695,36609.68385,159.2441545,37.44127744,60.54380766
552.8,28.72499012,-57.8040261,36608.78488,159.241734,37.43997852,60.5424869
552.9,28.72475809,-57.80683497,36607.88391,159.2391104,37.43867962,60.54087288
553,28.72452594,-57.80964356,36606.98094,159.236633,37.4374529,60.53950359
553.1,28.7242937,-57.81245186,36606.07601,159.2339526,37.4362262,60.53784106
553.2,28.72406135,-57.81525989,36605.16914,159.2312727,37.43499952,60.53617875
553.3,28.7238289,-57.81806762,36604.26033,159.228739,37.43384502,60.53446772
553.4,28.72359634,-57.82087508,36603.34962,159.2258567,37.43261838,60.53280583
553.5,28.72336368,-57.82368225,36602.43703,159.2231784,37.43139176,60.53099749
553.6,28.72313092,-57.82648914,36601.52257,159.2205585,37.43009301,60.52923831
553.7,28.72289806,-57.82929575,36600.60626,159.2178812,37.42886643,60.52743043
553.8,28.72266509,-57.83210207,36599.68813,159.215059,37.42756772,60.5255251
553.9,28.72243201,-57.83490811,36598.76819,159.2123829,37.42634118,60.5237177
554,28.72219884,-57.83771387,36597.84646,159.2095618,37.42504252,60.52181287
554.1,28.72196556,-57.84051934,36596.92297,159.2068867,37.42381602,60.52000596
554.2,28.72173218,-57.84332453,36595.99773,159.204009,37.42258955,60.51805269
554.3,28.72149869,-57.84612943,36595.07077,159.201335,37.42136309,60.51609967
554.4,28.7212651,-57.84893406,36594.1421,159.1986615,37.42013666,60.51414691
554.5,28.72103141,-57.85173839,36593.21175,159.1957855,37.41891024,60.5121944
554.6,28.72079762,-57.85454245,36592.27973,159.19291,37.41768385,60.51024215
554.7,28.72056372,-57.85734622,36591.34607,159.1901803,37.41652961,60.5082412
554.8,28.72032972,-57.8601497,36590.41079,159.1872481,37.41537539,60.50609397
554.9,28.72009561,-57.8629529,36589.47391,159.1844038,37.41436547,60.5039956
555,28.71986141,-57.86575582,36588.53545,159.1814149,37.41328342,60.50179994
555.1,28.7196271,-57.86855845,36587.59543,159.1785138,37.41234566,60.4996531
555.2,28.71939268,-57.8713608,36586.65389,159.1756132,37.4114079,60.49736003
555.3,28.71915817,-57.87416286,36585.71085,159.1727132,37.41047017,60.49506721
555.4,28.71892355,-57.87696464,36584.76632,159.1696108,37.40953244,60.49262821
555.5,28.71868883,-57.87976613,36583.82033,159.166509,37.40859472,60.4901895
555.6,28.71845401,-57.88256734,36582.87292,159.1635528,37.40772915,60.48784852
555.7,28.71821908,-57.88536827,36581.9241,159.1603943,37.40686358,60.4853614
555.8,28.71798405,-57.88816891,36580.97391,159.1574391,37.40599803,60.48287455
555.9,28.71774892,-57.89096926,36580.02236,159.1542817,37.40513249,60.48024161
556,28.71751368,-57.89376933,36579.06948,159.151125,37.40426695,60.47760897
556.1,28.71727834,-57.89656911,36578.1153,159.1479688,37.40340143,60.47497665
556.2,28.7170429,-57.89936861,36577.15985,159.1449579,37.40260804,60.472442
556.3,28.71680736,-57.90216782,36576.20314,159.1418029,37.40174254,60.46981028
556.4,28.71657172,-57.90496675,36575.24522,159.1384459,37.40087704,60.46703256
556.5,28.71633597,-57.90776539,36574.2861,159.1354367,37.40008368,60.4643525
556.6,28.71610012,-57.91056374,36573.32581,159.1320809,37.39921821,60.46157543
556.7,28.71586416,-57.91336181,36572.36438,159.1290729,37.39842486,60.458896
556.8,28.71562811,-57.91615959,36571.40183,159.1257183,37.39755941,60.4561196
556.9,28.71539195,-57.91895709,36570.4382,159.1227113,37.39676608,60.4534408
557,28.71515569,-57.9217543,36569.4735,159.119358,37.39590065,60.45066505
557.1,28.71491933,-57.92455122,36568.50776,159.1161499,37.39510734,60.44784066
557.2,28.71468287,-57.92734785,36567.54101,159.1131445,37.39431404,60.44516281
557.3,28.7144463,-57.9301442,36566.57328,159.1097931,37.39344863,60.44224188
557.4,28.71420963,-57.93294027,36565.60459,159.1065866,37.39265535,60.43956467
557.5,28.71397286,-57.93573604,36564.63497,159.1034386,37.39178996,60.43664444
557.6,28.71373598,-57.93853153,36563.66445,159.1002334,37.39099669,60.43396788
557.7,28.71349901,-57.94132673,36562.69305,159.0968844,37.39013132,60.43104834
557.8,28.71326193,-57.94412165,36561.72079,159.0936803,37.38933807,60.42837243
557.9,28.71302475,-57.94691628,36560.74771,159.0906789,37.38854484,60.42569682
558,28.71278747,-57.94971062,36559.77383,159.0873317,37.38767949,60.42277832
558.1,28.71255009,-57.95250467,36558.79917,159.0841872,37.38681416,60.42000627
558.2,28.7123126,-57.95529843,36557.82377,159.0809855,37.38602095,60.41733162
558.3,28.71207501,-57.95809191,36556.84764,159.0778421,37.38515564,60.41456023
558.4,28.71183732,-57.9608851,36555.87081,159.0746415,37.38436244,60.41188621
558.5,28.71159953,-57.963678,36554.89331,159.0714993,37.38349715,60.40911548
558.6,28.71136164,-57.96647062,36553.91517,159.0683577,37.38263186,60.40634508
558.7,28.71112364,-57.96926294,36552.9364,159.0650726,37.38169448,60.40362402
558.8,28.71088555,-57.97205498,36551.95703,159.06199,37.38075712,60.40104928
558.9,28.71064735,-57.97484673,36550.97709,159.0589657,37.37974766,60.39852385
559,28.71040905,-57.97763819,36549.99659,159.0557981,37.37866611,60.39590179
559.1,28.71017065,-57.98042936,36549.01556,159.0528327,37.37758457,60.39342602
559.2,28.70993214,-57.98322024,36548.03403,159.049868,37.37650306,60.39095056
559.3,28.70969354,-57.98601084,36547.052,159.0469038,37.37542155,60.38862133
559.4,28.70945483,-57.98880114,36546.0695,159.0437964,37.37426797,60.3861955
559.5,28.70921602,-57.99159116,36545.08656,159.0410349,37.3731865,60.38401277
559.6,28.70897711,-57.99438089,36544.10319,159.0379865,37.37196085,60.38163657
559.7,28.7087381,-57.99717033,36543.11941,159.0350824,37.37080732,60.37950341
559.8,28.70849899,-57.99995948,36542.13525,159.0323804,37.36965381,60.37737052
559.9,28.70825978,-58.00274834,36541.15071,159.0293338,37.36842822,60.37514108
560,28.70802046,-58.00553691,36540.16581,159.0266328,37.36727474,60.37300874
560.1,28.70778104,-58.00832519,36539.18059,159.0236732,37.36619337,60.37097347
560.2,28.70754153,-58.01111319,36538.19505,159.0209155,37.36511202,60.36879263
560.3,28.70730191,-58.01390089,36537.20921,159.0181005,37.36410277,60.36670882
560.4,28.70706219,-58.0166883,36536.2231,159.015286,37.36309353,60.36462524
560.5,28.70682237,-58.01947543,36535.23674,159.0124721,37.36208431,60.36254191
560.6,28.70658244,-58.02226226,36534.25013,159.0096586,37.3610751,60.36045882
560.7,28.70634242,-58.0250488,36533.26332,159.0068456,37.36006591,60.35837596
560.8,28.7061023,-58.02783506,36532.2763,159.003832,37.35905672,60.35629334
560.9,28.70586207,-58.03062102,36531.28911,159.0010201,37.35804756,60.35421096
561,28.70562174,-58.0334067,36530.30177,158.9982087,37.3570384,60.35212882
561.1,28.70538132,-58.03619208,36529.31429,158.9955989,37.35602926,60.35004692
561.2,28.70514079,-58.03897718,36528.32669,158.9927885,37.35502013,60.34811095
561.3,28.70490016,-58.04176198,36527.33899,158.9898354,37.35393894,60.34593288
561.4,28.70465943,-58.04454649,36526.35122,158.987227,37.35292984,60.34399736
561.5,28.7044186,-58.04733071,36525.36338,158.9842749,37.35184868,60.34196546
561.6,28.70417766,-58.05011465,36524.3755,158.9815244,37.35076753,60.33993379
561.7,28.70393663,-58.05289829,36523.3876,158.9787743,37.3496864,60.33804801
561.8,28.7036955,-58.05568164,36522.39969,158.9760248,37.34860529,60.33601682
561.9,28.70345426,-58.0584647,36521.4118,158.9732757,37.34752419,60.33413149
562,28.70321293,-58.06124746,36520.42393,158.9705272,37.3464431,60.33224637
562.1,28.70297149,-58.06402994,36519.43611,158.9678369,37.34528996,60.33041055
562.2,28.70272996,-58.06681213,36518.44836,158.9651472,37.34413684,60.32842936
562.3,28.70248832,-58.06959402,36517.46069,158.9626009,37.3430558,60.3266905
562.4,28.70224658,-58.07237563,36516.47311,158.9599122,37.34190271,60.32500091
562.5,28.70200474,-58.07515694,36515.48565,158.957081,37.34067758,60.32306948
562.6,28.70176281,-58.07793796,36514.49832,158.9543933,37.33952453,60.32138032
562.7,28.70152077,-58.08071869,36513.51114,158.9519068,37.33837149,60.31969136
562.8,28.70127863,-58.08349913,36512.52411,158.9492779,37.33714641,60.31790616
562.9,28.70103639,-58.08627928,36511.53727,158.9466494,37.33592136,60.31626671
563,28.70079405,-58.08905913,36510.55061,158.9440215,37.33469632,60.31462747
563.1,28.70055161,-58.09183869,36509.56416,158.9413941,37.3334713,60.31298843
563.2,28.70030907,-58.09461796,36508.57793,158.9389677,37.3322463,60.31149509
563.3,28.70006643,-58.09739694,36507.59193,158.9365418,37.33102132,60.31000194
563.4,28.69982368,-58.10017563,36506.60619,158.9337732,37.32972431,60.30841261
563.5,28.69958084,-58.10295403,36505.6207,158.9315487,37.32849937,60.30706531
563.6,28.6993379,-58.10573213,36504.63549,158.9289815,37.3272024,60.30547638
563.7,28.69909486,-58.10850994,36503.65056,158.9264149,37.32590545,60.30417855
563.8,28.69885172,-58.11128746,36502.66594,158.9240491,37.32460852,60.30273547
563.9,28.69860848,-58.11406469,36501.68163,158.9215412,37.32323957,60.30134169
564,28.69836513,-58.11684162,36500.69764,158.9190917,37.32179859,60.29999723
564.1,28.69812169,-58.11961826,36499.71399,158.916843,37.32035764,60.29894379
564.2,28.69787815,-58.12239461,36498.73068,158.9146526,37.31884467,60.29779425
564.3,28.69763451,-58.12517067,36497.74773,158.9123202,37.31725969,60.29669403
564.4,28.69739077,-58.12794643,36496.76514,158.9099883,37.31567475,60.2957394
564.5,28.69714693,-58.13072191,36495.78292,158.9077148,37.31401779,60.29468872
564.6,28.69690298,-58.13349708,36494.80108,158.905642,37.31236088,60.293929
564.7,28.69665894,-58.13627197,36493.81961,158.9033695,37.31070399,60.29302409
564.8,28.6964148,-58.13904656,36492.83854,158.9014978,37.30904715,60.2924101
564.9,28.69617056,-58.14182087,36491.85787,158.8992842,37.30731831,60.29170008
565,28.69592622,-58.14459487,36490.87759,158.8972712,37.3055895,60.2911356
565.1,28.69568178,-58.14736859,36489.89771,158.8951165,37.30378871,60.29047512
565.2,28.69543724,-58.15014201,36488.91825,158.8933045,37.30205999,60.289911
565.3,28.6951926,-58.15291514,36487.9392,158.8914351,37.30040333,60.28944323
565.4,28.69494786,-58.15568798,36486.96056,158.8893662,37.29874672,60.28897562
565.5,28.69470302,-58.15846052,36485.98235,158.8872977,37.29709014,60.28850816
565.6,28.69445809,-58.16123277,36485.00456,158.8853718,37.29550561,60.28799168
565.7,28.69421305,-58.16400473,36484.02721,158.8834463,37.29392113,60.28747536
565.8,28.69396791,-58.16677639,36483.05029,158.8813213,37.29233667,60.28710448
565.9,28.69372268,-58.16954777,36482.07382,158.8793967,37.29075225,60.28658845
566,28.69347734,-58.17231884,36481.09779,158.8774146,37.28923988,60.28616867
566.1,28.6932319,-58.17508963,36480.12223,158.8754909,37.28765552,60.28565293
566.2,28.69298637,-58.17786012,36479.14712,158.8735675,37.2860712,60.28528263
566.3,28.69274074,-58.18063032,36478.17247,158.8714448,37.28448691,60.28476719
566.4,28.692495,-58.18340022,36477.1983,158.8695224,37.28290265,60.28439717
566.5,28.69224917,-58.18616984,36476.22461,158.8676003,37.28131843,60.28402729
566.6,28.69200324,-58.18893915,36475.25139,158.8656787,37.27973424,60.28365756
566.7,28.69175721,-58.19170818,36474.27866,158.8637575,37.27815008,60.28328797
566.8,28.69151108,-58.19447691,36473.30643,158.8618947,37.27649395,60.28282249
566.9,28.69126485,-58.19724535,36472.33468,158.8598326,37.27483786,60.28250243
567,28.69101852,-58.20001349,36471.36344,158.8581124,37.27325381,60.28227852
567.1,28.69077209,-58.20278134,36470.3927,158.8562509,37.27159779,60.28195874
567.2,28.69052556,-58.2055489,36469.42247,158.8543897,37.26994181,60.28163912
567.3,28.69027894,-58.20831617,36468.45274,158.8525291,37.26828586,60.28146487
567.4,28.69003221,-58.21108314,36467.48353,158.8505272,37.26655795,60.28104958
567.5,28.68978539,-58.21384981,36466.51484,158.8486674,37.26490208,60.28087563
567.6,28.68953847,-58.21661619,36465.54667,158.8468661,37.26317425,60.28060587
567.7,28.68929144,-58.21938228,36464.57903,158.8450071,37.26151845,60.28057743
567.8,28.68904432,-58.22214808,36463.61191,158.8432066,37.2597907,60.28030798
567.9,28.6887971,-58.22491358,36462.64532,158.8414065,37.25806299,60.28018389
568,28.68854979,-58.22767879,36461.67925,158.8396069,37.25633532,60.28005995
568.1,28.68830237,-58.2304437,36460.71373,158.8378077,37.25460769,60.27993616
568.2,28.68805485,-58.23320832,36459.74873,158.8360669,37.25280811,60.27986182
568.3,28.68780724,-58.23597265,36458.78428,158.8342686,37.25108056,60.27973834
568.4,28.68755952,-58.23873668,36457.82036,158.8325287,37.24928107,60.27966432
568.5,28.68731171,-58.24150042,36456.85698,158.8307313,37.2475536,60.27968633
568.6,28.6870638,-58.24426386,36455.89415,158.8289923,37.24575419,60.27975779
568.7,28.68681579,-58.24702701,36454.93185,158.8272538,37.24395483,60.27968424
568.8,28.68656768,-58.24978986,36453.9701,158.8255157,37.24215551,60.27975602
568.9,28.68631948,-58.25255243,36453.00889,158.8239773,37.24035623,60.27982795
569,28.68607117,-58.25531469,36452.04822,158.8222401,37.238557,60.27990003
569.1,28.68582277,-58.25807667,36451.0881,158.8207025,37.23675781,60.28011743
569.2,28.68557426,-58.26083835,36450.12852,158.818825,37.23488669,60.28023916
569.3,28.68532566,-58.26359973,36449.16949,158.8172052,37.23294366,60.28041042
569.4,28.68507696,-58.26636082,36448.211,158.8156439,37.23092872,60.28063121
569.5,28.68482816,-58.26912162,36447.25304,158.8140831,37.22891383,60.28099734
569.6,28.68457927,-58.27188212,36446.29563,158.8125809,37.22682704,60.28141302
569.7,28.68433027,-58.27464233,36445.33875,158.8110791,37.22474031,60.2818289
569.8,28.68408118,-58.27740224,36444.38239,158.8096359,37.22258168,60.28229435
569.9,28.68383199,-58.28016186,36443.42656,158.8081932,37.22042311,60.28290516
570,28.6835827,-58.28292119,36442.47125,158.806751,37.21826461,60.28351616
570.1,28.68333331,-58.28568022,36441.51645,158.8055083,37.21610617,60.28412737
570.2,28.68308382,-58.28843896,36440.56216,158.8039262,37.21387584,60.28478819
570.3,28.68283424,-58.2911974,36439.60837,158.8027426,37.21164558,60.28559436
570.4,28.68258456,-58.29395555,36438.65507,158.8013605,37.20941538,60.28640074
570.5,28.68233477,-58.29671341,36437.70227,158.8001198,37.20725719,60.28730305
570.6,28.6820849,-58.29947097,36436.74994,158.7988795,37.20509906,60.28806041
570.7,28.68183492,-58.30222823,36435.79809,158.7975816,37.20301293,60.28891367
570.8,28.68158484,-58.30498521,36434.8467,158.7960852,37.20092686,60.28962197
570.9,28.68133467,-58.30774188,36433.89578,158.7947301,37.19891277,60.29042614
571,28.6810844,-58.31049827,36432.94532,158.7933754,37.19689874,60.29123048
571.1,28.68083403,-58.31325436,36431.99532,158.7921618,37.19495668,60.29198552
571.2,28.68058356,-58.31601015,36431.04577,158.790808,37.19294276,60.2927902
571.3,28.68033299,-58.31876565,36430.09667,158.7893964,37.19100081,60.29354557
571.4,28.68008233,-58.32152086,36429.14801,158.7879853,37.18905891,60.2943011
571.5,28.67983157,-58.32427577,36428.19979,158.7867733,37.18711706,60.29505679
571.6,28.67958071,-58.32703039,36427.252,158.785363,37.18517526,60.29566751
571.7,28.67932975,-58.32978472,36426.30466,158.7839532,37.18323351,60.29642352
571.8,28.6790787,-58.33253875,36425.35774,158.7826019,37.18121989,60.29708407
571.9,28.67882754,-58.33529248,36424.41124,158.7811929,37.17927824,60.29784041
572,28.67857629,-58.33804593,36423.46518,158.7797844,37.17733664,60.29845177
572.1,28.67832494,-58.34079907,36422.51953,158.7783762,37.17539509,60.29920843
572.2,28.6780735,-58.34355193,36421.57429,158.7770267,37.17338169,60.29986966
572.3,28.67782195,-58.34630449,36420.62947,158.7756194,37.17144024,60.30062664
572.4,28.67757031,-58.34905675,36419.68506,158.7742708,37.16942694,60.30128821
572.5,28.67731857,-58.35180872,36418.74105,158.7728644,37.16748559,60.30190039
572.6,28.67706673,-58.3545604,36417.79744,158.7715167,37.1654724,60.3025623
572.7,28.6768148,-58.35731178,36416.85424,158.7701111,37.16353115,60.30331994
572.8,28.67656277,-58.36006287,36415.91142,158.7687642,37.16151807,60.30398218
572.9,28.67631064,-58.36281366,36414.969,158.7673595,37.15957692,60.30474015
573,28.67605841,-58.36556416,36414.02696,158.7660135,37.15756394,60.30540274
573.1,28.67580608,-58.36831436,36413.0853,158.7644695,37.15555101,60.30606549
573.2,28.67555366,-58.37106427,36412.14403,158.7631244,37.15353813,60.30672842
573.3,28.67530114,-58.37381389,36411.20312,158.7619199,37.15159719,60.30763217
573.4,28.67504852,-58.37656321,36410.26259,158.7603772,37.14958442,60.30829544
573.5,28.67479581,-58.37931224,36409.32243,158.7590334,37.1475717,60.30895889
573.6,28.67454299,-58.38206097,36408.38262,158.7576901,37.14555904,60.3096225
573.7,28.67429008,-58.38480941,36407.44318,158.7563472,37.14354643,60.31043141
573.8,28.67403708,-58.38755755,36406.50409,158.7548064,37.14153387,60.31109538
573.9,28.67378397,-58.3903054,36405.56535,158.7534643,37.13952136,60.31175951
574,28.67353077,-58.39305296,36404.62696,158.7521228,37.13750891,60.31256894
574.1,28.67327747,-58.39580022,36403.68891,158.7507816,37.13549652,60.31323342
574.2,28.67302407,-58.39854718,36402.75119,158.7494409,37.13348417,60.31404319
574.3,28.67277058,-58.40129386,36401.81381,158.7480423,37.13154375,60.31480347
574.4,28.67251699,-58.40404023,36400.87676,158.7467025,37.12953151,60.31561358
574.5,28.6722633,-58.40678632,36399.94004,158.7454214,37.12744746,60.31632842
574.6,28.67200951,-58.40953211,36399.00363,158.744001,37.12529161,60.31709312
574.7,28.67175563,-58.4122776,36398.06754,158.7427793,37.12313582,60.31800314
574.8,28.67150165,-58.4150228,36397.13176,158.7416164,37.12090824,60.31896304
574.9,28.67124757,-58.41776771,36396.19627,158.7401161,37.11860887,60.31982774
575,28.6709934,-58.42051232,36395.26108,158.7390127,37.11630956,60.32083778
575.1,28.67073912,-58.42325664,36394.32618,158.7377116,37.11401033,60.32184805
575.2,28.67048476,-58.42600066,36393.39155,158.7366091,37.11171116,60.32285854
575.3,28.67023029,-58.42874439,36392.45718,158.7355072,37.10941207,60.32401436
575.4,28.66997573,-58.43148782,36391.52308,158.7342661,37.1070412,60.32522015
575.5,28.66972107,-58.43423096,36390.58923,158.7330255,37.10467041,60.32642618
575.6,28.66946631,-58.43697381,36389.65561,158.7321231,37.10237153,60.32772781
575.7,28.66921146,-58.43971636,36388.72223,158.7310816,37.10000088,60.32893432
575.8,28.66895651,-58.44245861,36387.78906,158.7298426,37.09763031,60.33014106
575.9,28.66870146,-58.44520058,36386.85611,158.7287437,37.09533164,60.33144338
576,28.66844631,-58.44794225,36385.92336,158.7277263,37.0931767,60.33264638
576.1,28.66819107,-58.45068362,36384.9908,158.7265113,37.09102183,60.33384958
576.2,28.66793574,-58.4534247,36384.05843,158.7254363,37.08893884,60.33500319
576.3,28.6676803,-58.45616549,36383.12624,158.7241637,37.08685591,60.33615698
576.4,28.66742477,-58.45890598,36382.19422,158.7228916,37.08477303,60.33716584
576.5,28.66716914,-58.46164617,36381.26238,158.7217593,37.08276204,60.33827019
576.6,28.66691342,-58.46438608,36380.3307,158.7206274,37.0807511,60.33937472
576.7,28.66665759,-58.46712569,36379.39917,158.719298,37.07874021,60.34033429
576.8,28.66640168,-58.469865,36378.4678,158.7179691,37.07672937,60.34129404
576.9,28.66614566,-58.47260402,36377.53658,158.7168384,37.07471859,60.34225395
577,28.66588955,-58.47534275,36376.6055,158.7155103,37.07270786,60.34306891
577.1,28.66563334,-58.47808118,36375.67457,158.714322,37.07076899,60.34412445
577.2,28.66537704,-58.48081932,36374.74377,158.7127969,37.06875837,60.34493975
577.3,28.66512063,-58.48355716,36373.8131,158.7116093,37.0668196,60.34585049
577.4,28.66486414,-58.48629471,36372.88255,158.710283,37.06480908,60.34666612
577.5,28.66460754,-58.48903197,36371.95213,158.708957,37.06279861,60.34748193
577.6,28.66435085,-58.49176893,36371.02183,158.7075729,37.06086,60.34839316
577.7,28.66409406,-58.49450559,36370.09165,158.7062478,37.05884964,60.3492093
577.8,28.66383718,-58.49724197,36369.16158,158.7048646,37.05691112,60.34997572
577.9,28.6635802,-58.49997804,36368.23162,158.7035404,37.05490087,60.35064707
578,28.66332312,-58.50271383,36367.30176,158.702158,37.05296245,60.35155895
578.1,28.66306595,-58.50544932,36366.372,158.700776,37.05102409,60.35232586
578.2,28.66280868,-58.50818451,36365.44234,158.699453,37.04901399,60.35299771
578.3,28.66255131,-58.51091941,36364.51278,158.6980719,37.04707573,60.35376495
578.4,28.66229385,-58.51365402,36363.5833,158.6965522,37.04506573,60.35443714
578.5,28.66203629,-58.51638833,36362.65391,158.6951719,37.04312757,60.3552047
578.6,28.66177864,-58.51912235,36361.72461,158.6939896,37.04118946,60.35597242
578.7,28.66152089,-58.52185608,36360.79539,158.6924713,37.03917962,60.35649999
578.8,28.66126304,-58.52458951,36359.86625,158.6910923,37.03724161,60.35726804
578.9,28.66100509,-58.52732264,36358.93718,158.6897137,37.03530364,60.35803624
579,28.66074705,-58.53005548,36358.00818,158.6883355,37.03336573,60.35865948
579.1,28.66048892,-58.53278803,36357.07925,158.6867603,37.03142787,60.35928289
579.2,28.66023069,-58.53552028,36356.15039,158.685383,37.02949006,60.36005157
579.3,28.65997236,-58.53825224,36355.22159,158.6840061,37.02755229,60.36067529
579.4,28.65971393,-58.5409839,36354.29286,158.6824909,37.02554281,60.36120404
579.5,28.65945541,-58.54371527,36353.36418,158.6809175,37.02360515,60.36182809
579.6,28.6591968,-58.54644635,36352.43555,158.6796805,37.0217393,60.36254743
579.7,28.65893808,-58.54917713,36351.50698,158.6783053,37.01980173,60.36317179
579.8,28.65867927,-58.55190761,36350.57846,158.6767919,37.01779246,60.36384633
579.9,28.65842037,-58.5546378,36349.64998,158.6753377,37.01571148,60.36442593
580,28.65816137,-58.5573677,36348.72155,158.6740812,37.01363056,60.36529595
580.1,28.65790227,-58.5600973,36347.79315,158.6726867,37.01147794,60.36607107
580.2,28.65764308,-58.56282661,36346.86479,158.6713514,37.00925363,60.3667513
580.3,28.65738379,-58.56555563,36345.93645,158.6700166,37.00702939,60.36757686
580.4,28.65712441,-58.56828435,36345.00813,158.6686824,37.00480521,60.36854774
580.5,28.65686493,-58.57101277,36344.07983,158.6673486,37.0025811,60.36937372
580.6,28.65660535,-58.5737409,36343.15153,158.6660153,37.00035705,60.37034502
580.7,28.65634568,-58.57646874,36342.22323,158.6648797,36.99813307,60.37146164
580.8,28.65608591,-58.57919628,36341.29492,158.6636062,36.99583741,60.37233832
580.9,28.65582605,-58.58192353,36340.36659,158.6623333,36.99354183,60.37336034
581,28.65556609,-58.58465048,36339.43824,158.6610608,36.99124631,60.37438258
581.1,28.65530604,-58.58737714,36338.50986,158.6599272,36.98902259,60.37550007
581.2,28.65504589,-58.59010351,36337.58145,158.6587352,36.98687067,60.37656766
581.3,28.65478564,-58.59282958,36336.65298,158.6574848,36.98479054,60.37758535
581.4,28.6545253,-58.59555535,36335.72447,158.656176,36.98278219,60.3785531
581.5,28.65426486,-58.59828084,36334.7959,158.6548677,36.98077389,60.37937591
581.6,28.65400433,-58.60100602,36333.86727,158.6535009,36.97883737,60.38029388
581.7,28.6537437,-58.60373092,36332.93858,158.6521346,36.97690089,60.38121201
581.8,28.65348298,-58.60645551,36332.00983,158.6509068,36.97503619,60.38193505
581.9,28.65322216,-58.60917982,36331.081,158.6493443,36.97309981,60.38270838
582,28.65296124,-58.61190383,36330.15211,158.6481173,36.9712352,60.38343172
582.1,28.65270023,-58.61462755,36329.22314,158.6466937,36.96937064,60.3841552
582.2,28.65243913,-58.61735097,36328.2941,158.6452116,36.96757783,60.38482868
582.3,28.65217793,-58.62007409,36327.36499,158.6437888,36.96571335,60.38555245
582.4,28.65191663,-58.62279693,36326.43579,158.6423664,36.96384892,60.38613126
582.5,28.65165524,-58.62551946,36325.50652,158.6407476,36.96198453,60.38656511
582.6,28.65139375,-58.62824171,36324.57717,158.6394639,36.9601919,60.38723915
582.7,28.65113217,-58.63096366,36323.64774,158.6378459,36.9583276,60.38767329
582.8,28.65087049,-58.63368531,36322.71822,158.6363662,36.95653505,60.38834761
582.9,28.65060872,-58.63640667,36321.78862,158.6347491,36.95467085,60.38878205
583,28.65034685,-58.63912774,36320.85894,158.6332702,36.95287838,60.38931154
583.1,28.65008488,-58.64184851,36319.92918,158.6317917,36.95108596,60.38969606
583.2,28.64982282,-58.64456899,36318.99933,158.6301758,36.94922189,60.39013094
583.3,28.64956067,-58.64728917,36318.0694,158.6286981,36.94742955,60.39051575
583.4,28.64929842,-58.65000906,36317.13938,158.6272208,36.94563726,60.3910458
583.5,28.64903608,-58.65272865,36316.20928,158.6254095,36.94377332,60.39133603
583.6,28.64877364,-58.65544795,36315.27909,158.623933,36.94198112,60.39172126
583.7,28.6485111,-58.65816696,36314.34881,158.6222603,36.94018895,60.39210664
583.8,28.64824847,-58.66088566,36313.41845,158.6207846,36.93839683,60.39249217
583.9,28.64798575,-58.66360408,36312.48801,158.6191127,36.93660475,60.39287783
584,28.64772293,-58.6663222,36311.55747,158.6176378,36.93481271,60.39326363
584.1,28.64746001,-58.66904003,36310.62686,158.6159668,36.93302071,60.39350448
584.2,28.647197,-58.67175756,36309.69615,158.6142961,36.93122876,60.39389057
584.3,28.6469339,-58.67447479,36308.76537,158.6128225,36.92943685,60.39413171
584.4,28.6466707,-58.67719173,36307.83449,158.6111526,36.92764498,60.394373
584.5,28.6464074,-58.67990838,36306.90354,158.6094833,36.92585315,60.39475951
584.6,28.64614401,-58.68262473,36305.9725,158.6078143,36.92406137,60.39500109
584.7,28.64588053,-58.68534079,36305.04137,158.6061458,36.92226962,60.39524281
584.8,28.64561695,-58.68805655,36304.11016,158.6046151,36.92054959,60.39557945
584.9,28.64535328,-58.69077202,36303.17887,158.6029474,36.91875793,60.39582145
585,28.64508951,-58.69348719,36302.2475,158.6012802,36.91696631,60.39591853
585.1,28.64482564,-58.69620207,36301.31605,158.5996133,36.91517473,60.39630589
585.2,28.64456169,-58.69891666,36300.38452,158.598065,36.91323988,60.39664896
585.3,28.64429763,-58.70163094,36299.4529,158.5963797,36.91123341,60.39689746
585.4,28.64403349,-58.70434494,36298.5212,158.5948914,36.909227,60.3972912
585.5,28.64376924,-58.70705864,36297.58942,158.5934034,36.90722064,60.39783018
585.6,28.64350491,-58.70977204,36296.65754,158.5917787,36.90514268,60.39827461
585.7,28.64324047,-58.71248515,36295.72557,158.5903508,36.90306478,60.39886429
585.8,28.64297595,-58.71519796,36294.79351,158.5889233,36.90098693,60.39945416
585.9,28.64271133,-58.71791048,36293.86134,158.5873591,36.8988375,60.39994952
586,28.64244661,-58.7206227,36292.92907,158.5859326,36.89675977,60.40068482
586.1,28.6421818,-58.72333463,36291.99669,158.5845657,36.89461045,60.40132562
586.2,28.6419169,-58.72604627,36291.06419,158.5831993,36.89246119,60.40196662
586.3,28.6416519,-58.72875761,36290.13158,158.5816371,36.890312,60.40275287
586.4,28.64138681,-58.73146865,36289.19884,158.5804087,36.8882345,60.40348892
586.5,28.64112162,-58.7341794,36288.26597,158.5789254,36.88622869,60.40417476
586.6,28.64085634,-58.73688986,36287.33297,158.5775796,36.88429457,60.40495541
586.7,28.64059096,-58.73960002,36286.39983,158.5760381,36.88236049,60.40544613
586.8,28.64032549,-58.74230988,36285.46656,158.5745749,36.88056973,60.40612626
586.9,28.64005992,-58.74501945,36284.53315,158.5731121,36.87877901,60.40666149
587,28.63979427,-58.74772872,36283.5996,158.5714535,36.87698833,60.40705182
587.1,28.63952851,-58.7504377,36282.66591,158.5699323,36.87526931,60.40768194
587.2,28.63926266,-58.75314639,36281.73209,158.5682747,36.87347872,60.4079275
587.3,28.63899672,-58.75585478,36280.79812,158.5667542,36.87175978,60.40841283
587.4,28.63873069,-58.75856287,36279.86402,158.565175,36.87011251,60.40884785
587.5,28.63846456,-58.76127067,36278.92978,158.5636554,36.86839365,60.40904337
587.6,28.63819833,-58.76397818,36277.99541,158.5619401,36.86667483,60.40938405
587.7,28.63793201,-58.76668539,36277.06091,158.560362,36.86502766,60.4096744
587.8,28.6376656,-58.7693923,36276.12627,158.5586476,36.86330892,60.40987031
587.9,28.63739909,-58.77209892,36275.1915,158.5569336,36.86159021,60.41006636
588,28.63713249,-58.77480524,36274.2566,158.5553566,36.85994315,60.41035708
588.1,28.6368658,-58.77751127,36273.32158,158.5536434,36.85822452,60.41055339
588.2,28.63659901,-58.78021701,36272.38643,158.5518714,36.85657754,60.41069935
588.3,28.63633213,-58.78292245,36271.45116,158.550159,36.85485898,60.41089591
588.4,28.63606515,-58.78562759,36270.51577,158.5483878,36.85321207,60.41104212
588.5,28.63579808,-58.78833244,36269.58026,158.5468128,36.8515652,60.41118846
588.6,28.63553091,-58.79103699,36268.64463,158.5451016,36.84984675,60.41124041
588.7,28.63526365,-58.79374125,36267.70888,158.5433316,36.84819995,60.411387
588.8,28.6349963,-58.79644521,36266.77303,158.5414255,36.84648158,60.41143922
588.9,28.63472886,-58.79914888,36265.83706,158.539852,36.84483485,60.41144107
589,28.63446131,-58.80185225,36264.90099,158.5380832,36.84318816,60.41158804
589.1,28.63419368,-58.80455532,36263.96481,158.5361784,36.8414699,60.41164067
589.2,28.63392595,-58.8072581,36263.02852,158.5346061,36.83982328,60.41164291
589.3,28.63365813,-58.80996059,36262.09214,158.5328385,36.83817669,60.41179026
589.4,28.63339022,-58.81266278,36261.15566,158.5310713,36.83653014,60.41179276
589.5,28.63312221,-58.81536467,36260.21908,158.5291682,36.83481204,60.41170095
589.6,28.63285411,-58.81806627,36259.28241,158.5274019,36.83316556,60.41184869
589.7,28.63258591,-58.82076757,36258.34565,158.5256359,36.83151911,60.41185157
589.8,28.63231762,-58.82346858,36257.4088,158.5238704,36.8298727,60.41185459
589.9,28.63204924,-58.82616929,36256.47186,158.5221053,36.82822633,60.41185774
590,28.63178076,-58.8288697,36255.53484,158.5202043,36.82650841,60.41176662
590.1,28.63151219,-58.83156982,36254.59775,158.51844,36.82486211,60.41177004
590.2,28.63124352,-58.83426965,36253.66057,158.5166761,36.82321584,60.41177358
590.3,28.63097477,-58.83696918,36252.72332,158.5149126,36.82156961,60.41177726
590.4,28.63070592,-58.83966841,36251.78599,158.5132087,36.81985184,60.41183165
590.5,28.63043697,-58.84236735,36250.8486,158.5115646,36.81806254,60.41193678
590.6,28.63016793,-58.84506599,36249.91113,158.5097848,36.81620172,60.41209265
590.7,28.6298988,-58.84776433,36248.9736,158.5080648,36.81426936,60.41215433
590.8,28.62962958,-58.85046238,36248.03599,158.5065406,36.81233706,60.41250608
590.9,28.62936026,-58.85316013,36247.09832,158.5046855,36.81033325,60.41261873
591,28.62909085,-58.85585759,36246.16056,158.5032215,36.80832948,60.41302144
591.1,28.62882135,-58.85855475,36245.22273,158.5015627,36.80632577,60.41327938
591.2,28.62855175,-58.86125162,36244.28483,158.4999044,36.80432211,60.41382738
591.3,28.62828206,-58.86394819,36243.34684,158.4983059,36.80224694,60.41413632
591.4,28.62801227,-58.86664446,36242.40876,158.4969031,36.80017184,60.41459039
591.5,28.6277424,-58.86934044,36241.47059,158.4953056,36.79809679,60.41518957
591.6,28.62747243,-58.87203612,36240.53234,158.4940396,36.79609334,60.41573828
591.7,28.62720236,-58.87473151,36239.59398,158.492443,36.7940184,60.41633782
591.8,28.62693221,-58.8774266,36238.65553,158.4909233,36.79208661,60.41683622
591.9,28.62666196,-58.8801214,36237.71697,158.4893447,36.79022641,60.4172841
592,28.62639161,-58.88281589,36236.77831,158.4877072,36.7884378,60.41782637
592.1,28.62612118,-58.8855101,36235.83954,158.4862058,36.78672078,60.4183181
592.2,28.62585065,-58.888204,36234.90067,158.4847047,36.78500379,60.41866504
592.3,28.62558003,-58.89089762,36233.9617,158.483009,36.78328684,60.41901211
592.4,28.62530931,-58.89359093,36233.02262,158.4814493,36.78164147,60.41930861
592.5,28.62503851,-58.89628395,36232.08345,158.479695,36.77999613,60.41960522
592.6,28.6247676,-58.89897667,36231.14417,158.4781361,36.77835083,60.41975705
592.7,28.62449661,-58.9016691,36230.2048,158.4763825,36.77670557,60.419909
592.8,28.62422553,-58.90436123,36229.26532,158.4747649,36.77513187,60.42015527
592.9,28.62395435,-58.90705306,36228.32576,158.4730122,36.77348667,60.42030746
593,28.62368307,-58.9097446,36227.38611,158.4712598,36.77184151,60.42045977
593.1,28.62341171,-58.91243584,36226.44636,158.4694484,36.77026791,60.42056148
593.2,28.62314025,-58.91512679,36225.50653,158.4676968,36.76862281,60.42071404
593.3,28.6228687,-58.91781744,36224.56662,158.4660811,36.76704928,60.42081598
593.4,28.62259706,-58.92050779,36223.62663,158.4641354,36.76540425,60.42082389
593.5,28.62232532,-58.92319785,36222.68656,158.4625204,36.76383079,60.42092607
593.6,28.6220535,-58.92588761,36221.74641,158.4605756,36.76218583,60.42078935
593.7,28.62178158,-58.92857708,36220.8062,158.4589613,36.76061243,60.42089177
593.8,28.62150956,-58.93126624,36219.86591,158.4570173,36.75896754,60.42090018
593.9,28.62123746,-58.93395512,36218.92556,158.4554038,36.75739421,60.42085796
594,28.62096526,-58.93664369,36217.98514,158.4534606,36.75574939,60.42086663
594.1,28.62069297,-58.93933197,36217.04466,158.4516531,36.75417612,60.42082465
594.2,28.62042058,-58.94201995,36216.10413,158.4499055,36.75253137,60.42083357
594.3,28.62014811,-58.94470764,36215.16354,158.4480988,36.75095817,60.42079184
594.4,28.61987554,-58.94739503,36214.2229,158.4461573,36.74931349,60.42080102
594.5,28.61960288,-58.95008212,36213.28222,158.444546,36.74774035,60.42075953
594.6,28.61933013,-58.95276892,36212.34148,158.4426054,36.74609574,60.42062411
594.7,28.61905728,-58.95545542,36211.40071,158.4408002,36.74452267,60.42058287
594.8,28.61878434,-58.95814162,36210.45989,158.439055,36.74287813,60.42059256
594.9,28.61851131,-58.96082753,36209.51904,158.4372506,36.74130512,60.42055156
595,28.61823819,-58.96351314,36208.57816,158.4353116,36.73966065,60.42041666
595.1,28.61796497,-58.96619845,36207.63724,158.4333731,36.73801621,60.4202819
595.2,28.61769167,-58.96888347,36206.6963,158.4317644,36.73644331,60.42024128
595.3,28.61741827,-58.97156819,36205.75534,158.4298267,36.73479894,60.42010678
595.4,28.61714478,-58.97425261,36204.81435,158.4280243,36.7332261,60.42006641
595.5,28.61687119,-58.97693674,36203.87334,158.4260875,36.7315818,60.41993217
595.6,28.61659752,-58.97962056,36202.93232,158.4242859,36.73000902,60.42003687
595.7,28.61632375,-58.9823041,36201.99129,158.4224094,36.72829331,60.41980892
595.8,28.61604989,-58.98498733,36201.05024,158.4207276,36.72657763,60.42001556
595.9,28.61577594,-58.98767027,36200.10919,158.418971,36.72471902,60.42003442
596,28.61550189,-58.99035291,36199.16812,158.4172743,36.72278897,60.42010431
596.1,28.61522776,-58.99303526,36198.22705,158.4155782,36.72085897,60.42031918
596.2,28.61495353,-58.9957173,36197.28596,158.4140767,36.71892902,60.42067902
596.3,28.61467921,-58.99839905,36196.34486,158.4122467,36.71692764,60.4208003
596.4,28.61440479,-59.00108051,36195.40374,158.4107462,36.71499779,60.42130528
596.5,28.61413029,-59.00376166,36194.46261,158.409171,36.71292505,60.4216226
596.6,28.61385569,-59.00644252,36193.52145,158.4075367,36.71092382,60.42203401
596.7,28.61358101,-59.00912309,36192.58026,158.4059624,36.70885118,60.4224965
596.8,28.61330623,-59.01180335,36191.63905,158.4045828,36.7067786,60.42310397
596.9,28.61303136,-59.01448332,36190.6978,158.4030095,36.70470607,60.42356683
597,28.61275639,-59.01716299,36189.75651,158.4015713,36.70270507,60.42426853
597.1,28.61248134,-59.01984237,36188.81518,158.4000739,36.70077557,60.42477469
597.2,28.61220619,-59.02252145,36187.87381,158.3985173,36.69891759,60.42523008
597.3,28.61193095,-59.02520023,36186.93239,158.3969016,36.69713111,60.42577948
597.4,28.61165562,-59.02787871,36185.99092,158.3954208,36.69541612,60.42613328
597.5,28.6113802,-59.0305569,36185.0494,158.3937462,36.69370118,60.42648721
597.6,28.61110469,-59.03323479,36184.10784,158.3922065,36.69205772,60.4269351
597.7,28.61082908,-59.03591238,36183.16623,158.3904731,36.69041431,60.42723833
597.8,28.61055339,-59.03858967,36182.22457,158.3887401,36.68877092,60.42754168
597.9,28.6102776,-59.04126667,36181.28287,158.3873359,36.68719902,60.42779418
598,28.61000172,-59.04394337,36180.34113,158.3854097,36.68555571,60.42809776
598.1,28.60972575,-59.04661978,36179.39935,158.3838122,36.68398388,60.42835049
598.2,28.60944969,-59.04929588,36178.45753,158.3820807,36.68234063,60.42836477
598.3,28.60917353,-59.05197169,36177.51567,158.38029,36.68076886,60.42861772
598.4,28.60889729,-59.0546472,36176.57378,158.3786935,36.67919713,60.42872602
598.5,28.60862095,-59.05732242,36175.63185,158.3769036,36.67762542,60.4289792
598.6,28.60834452,-59.05999734,36174.6899,158.3751736,36.67598231,60.42899396
598.7,28.608068,-59.06267196,36173.74791,158.3733844,36.67441068,60.42910261
598.8,28.60779139,-59.06534628,36172.80591,158.3717894,36.67283907,60.42921137
598.9,28.60751469,-59.06802031,36171.86388,158.3698669,36.67119606,60.4292265
599,28.6072379,-59.07069403,36170.92183,158.3680788,36.66962452,60.42919075
599.1,28.60696101,-59.07336746,36169.97976,158.3662912,36.66805302,60.42929986
599.2,28.60668403,-59.0760406,36169.03768,158.3645636,36.66641011,60.42931537
599.3,28.60640697,-59.07871343,36168.09559,158.3627767,36.66483867,60.42927997
599.4,28.60612981,-59.08138597,36167.15348,158.3608561,36.66319583,60.42929573
599.5,28.60585256,-59.08405821,36166.21137,158.35907,36.66162446,60.42926058
599.6,28.60557522,-59.08673015,36165.26926,158.357478,36.66005311,60.42937028
599.7,28.60529779,-59.0894018,36164.32714,158.3555587,36.65841038,60.42924169
599.8,28.60502026,-59.09207315,36163.38502,158.3537737,36.6568391,60.42935162
599.9,28.60474265,-59.0947442,36162.44291,158.3518552,36.65519643,60.42922329
600,28.60446495,-59.09741495,36161.5008,158.3500711,36.65362522,60.42933346
600.1,28.60418715,-59.10008541,36160.5587,158.3481534,36.65198262,60.42920538
600.2,28.60390926,-59.10275556,36159.61661,158.3465636,36.65041147,60.42931579
600.3,28.60363128,-59.10542542,36158.67453,158.3447805,36.64884036,60.42928161
600.4,28.60335321,-59.10809498,36157.73247,158.3428641,36.64719786,60.42915391
600.5,28.60307506,-59.11076425,36156.79042,158.3410819,36.64562681,60.42926468
600.6,28.6027968,-59.11343321,36155.8484,158.3391663,36.64398439,60.42913724
600.7,28.60251846,-59.11610188,36154.9064,158.3373848,36.6424134,60.42910355
600.8,28.60224003,-59.11877025,36153.96442,158.3356635,36.64077104,60.42912106
600.9,28.60196151,-59.12143832,36153.02248,158.3338828,36.63920012,60.42908761
601,28.60168289,-59.1241061,36152.08056,158.3320286,36.63748643,60.42901179
601.1,28.60140419,-59.12677357,36151.13867,158.3317583,36.63827187,60.43279055
601.2,28.60112539,-59.12944075,36150.19684,158.3416412,36.64819764,60.45782713
601.3,28.60084651,-59.13210763,36149.25509,158.3689572,36.67205328,60.52080607
601.4,28.60056753,-59.13477422,36148.31347,158.4192734,36.71292505,60.63255046
601.5,28.60028846,-59.1374405,36147.37206,158.4954927,36.77248526,60.79968917
601.6,28.60000929,-59.14010648,36146.4309,158.5996746,36.8516368,61.02571163
601.7,28.59973002,-59.14277216,36145.49009,158.7320922,36.95022562,61.31158855
601.8,28.59945065,-59.14543754,36144.54968,158.8932879,37.06782488,61.65735851
601.9,28.59917118,-59.14810262,36143.60975,159.0824085,37.20330067,62.06082679
602,28.5988916,-59.1507674,36142.67039,159.2988474,37.35538053,62.51956379
602.1,28.59861189,-59.15343186,36141.73167,159.5411839,37.52264945,63.03064337
602.2,28.59833207,-59.15609603,36140.79367,159.808186,37.70347305,63.59038914
602.3,28.59805211,-59.15875988,36139.85647,160.0985914,37.89620982,64.19552995
602.4,28.59777202,-59.16142342,36138.92015,160.4109042,38.09913539,64.84235191
602.5,28.59749178,-59.16408665,36137.98481,160.7436001,38.31065778,65.5269219
602.6,28.59721139,-59.16674957,36137.05053,161.0953833,38.52924386,66.2461246
602.7,28.59693084,-59.16941217,36136.11739,161.4647796,38.75334487,66.99646248
602.8,28.59665011,-59.17207445,36135.18548,161.8503962,38.98161581,67.77475029
602.9,28.5963692,-59.17473641,36134.25489,162.2508541,39.21269565,68.57768417
603,28.5960881,-59.17739805,36133.3257,162.6649987,39.44557717,69.40299988
603.1,28.59580679,-59.18005935,36132.39801,163.0916209,39.67901675,70.24745963
603.2,28.59552528,-59.18272033,36131.47189,163.5295117,39.91212757,71.10893843
603.3,28.59524354,-59.18538098,36130.54743,163.9774429,40.14408565,71.98523195
603.4,28.59496156,-59.18804128,36129.62471,164.4347774,40.37405571,72.87382209
603.5,28.59467935,-59.19070125,36128.70381,164.8999643,40.60141739,73.77324821
603.6,28.59439687,-59.19336088,36127.7848,165.3726103,40.82561761,74.68155259
603.7,28.59411413,-59.19602016,36126.86775,165.8515735,41.04609594,75.59739742
603.8,28.5938311,-59.19867909,36125.95273,166.3357408,41.26236086,76.51827009
603.9,28.59354779,-59.20133767,36125.03981,166.8249136,41.47422064,77.44413212
604,28.59326417,-59.20399589,36124.12907,167.3179297,41.68125136,78.37276066
604.1,28.59298024,-59.20665375,36123.22058,167.8140106,41.8831782,79.30303368
604.2,28.59269598,-59.20931125,36122.31439,168.3124997,42.07987805,80.23415423
604.3,28.59241138,-59.21196837,36121.41058,168.8134528,42.27114972,81.16552825
604.4,28.59212643,-59.21462512,36120.50918,169.3153306,42.45663524,82.0957957
604.5,28.59184112,-59.2172815,36119.61025,169.8182734,42.63628509,83.02322491
604.6,28.59155544,-59.21993749,36118.71383,170.3214593,42.81020666,83.94938121
604.7,28.59126937,-59.2225931,36117.81993,170.8245338,42.97827487,84.87114924
604.8,28.59098289,-59.22524832,36116.92858,171.3269119,43.1406787,85.78991282
604.9,28.59069601,-59.22790314,36116.03981,171.8280401,43.29737426,86.70362117
605,28.5904087,-59.23055757,36115.15361,172.3277631,43.44847641,87.61083184
605.1,28.59012096,-59.23321159,36114.26999,172.8259449,43.59410246,88.51622239
605.2,28.58983277,-59.2358652,36113.38895,173.32118,43.73421356,89.40880423
605.3,28.58954412,-59.2385184,36112.51047,173.8144617,43.86908972,89.6969003
605.4,28.589255,-59.24117118,36111.63454,174.304136,43.99877575,88.81578552
605.5,28.5889654,-59.24382354,36110.76114,174.7906189,44.12331808,87.93756129
605.6,28.58867529,-59.24647547,36109.89025,175.2735251,44.24300465,87.0690283
605.7,28.58838468,-59.24912697,36109.02183,175.7547097,44.35780633,86.20870664
605.8,28.58809355,-59.25177803,36108.15586,176.229776,44.46753428,85.35541889
605.9,28.58780189,-59.25442865,36107.29232,176.7000485,44.57248197,84.51040268
606,28.58750969,-59.25707881,36106.43118,177.1679726,44.67294615,83.67437766
606.1,28.58721692,-59.25972853,36105.57239,177.6304144,44.76898449,82.84658706
606.2,28.58692359,-59.26237779,36104.71591,178.0885856,44.86089851,82.02781429
606.3,28.58662968,-59.26502658,36103.86169,178.5424371,44.94874962,81.21813581
606.4,28.58633517,-59.26767491,36103.00967,178.9875442,45.03268153,80.41767065
606.5,28.58604007,-59.27032275,36102.15979,179.4391321,45.11300189,79.62655934
606.6,28.58574434,-59.27297012,36101.31198,179.8700942,45.18969563,78.84372624
606.7,28.58544799,-59.275617,36100.46617,179.6998912,45.26307381,78.0707643
606.8,28.585151,-59.27826339,36099.62227,179.2663042,45.33328671,77.30672319
606.9,28.58485336,-59.28090929,36098.78021,178.8433945,45.40024105,76.55197278
607,28.58455505,-59.28355468,36097.93991,178.427378,45.46408871,75.80683577
607.1,28.58425607,-59.28619956,36097.10126,178.0154548,45.524901,75.07098204
607.2,28.58395641,-59.28884393,36096.26417,177.6108876,45.58299559,74.34446547
607.3,28.58365604,-59.29148777,36095.42854,177.2100241,45.63844605,73.62737553
607.4,28.58335497,-59.29413109,36094.59429,176.8156332,45.69157269,72.91980095
607.5,28.58305318,-59.29677388,36093.76133,176.4252739,45.74236891,72.2215955
607.6,28.58275066,-59.29941613,36092.92955,176.0423807,45.79115708,71.53263682
607.7,28.58244739,-59.30205783,36092.09887,175.664842,45.83809644,70.85335192
607.8,28.58214337,-59.30469898,36091.26919,175.2912373,45.88326464,70.18316969
607.9,28.58183858,-59.30733957,36090.4404,174.9243369,45.92682214,69.52254458
608,28.58153302,-59.30997961,36089.61239,174.5644155,45.96876517,68.87145427
608.1,28.58122667,-59.31261907,36088.78508,174.2083944,46.00892508,68.2296956
608.2,28.58091952,-59.31525795,36087.95833,173.8586881,46.04762823,67.59749307
608.3,28.58061156,-59.31789625,36087.13205,173.5142559,46.08503678,66.97444355
608.4,28.58030277,-59.32053396,36086.3061,173.176352,46.12123076,66.36082498
608.5,28.57999316,-59.32317108,36085.48039,172.8433864,46.15637325,65.75629038
608.6,28.5796827,-59.32580759,36084.65478,172.515316,46.19054498,65.16094023
608.7,28.57937139,-59.32844349,36083.82916,172.1939894,46.22399263,64.57466494
608.8,28.57905921,-59.33107878,36083.00344,171.8768022,46.256632,63.99685059
608.9,28.57874616,-59.33371344,36082.1775,171.5661646,46.28879332,63.42837128
609,28.57843222,-59.33634747,36081.35125,171.259647,46.32014391,62.86813664
609.1,28.57811739,-59.33898087,36080.52458,170.9589588,46.35084841,62.31686887
609.2,28.57780165,-59.34161362,36079.69738,170.6635223,46.38090572,61.77404444
609.3,28.57748498,-59.34424573,36078.86955,170.3728763,46.410481,61.23950544
609.4,28.57716739,-59.34687717,36078.04098,170.0875881,46.43973974,60.71328039
609.5,28.57684887,-59.34950795,36077.21154,169.8072159,46.46876464,60.19524898
609.6,28.57652939,-59.35213805,36076.38114,169.5313735,46.49763857,59.68514116
609.7,28.57620895,-59.35476748,36075.54965,169.2601512,46.52636127,59.18272518
609.8,28.57588754,-59.35739622,36074.71696,168.9941214,46.5551825,58.68838548
609.9,28.57556515,-59.36002426,36073.88296,168.7320442,46.58401904,58.20144465
610,28.57524178,-59.36265161,36073.04754,168.4748812,46.61278752,57.72220851
610.1,28.5749174,-59.36527824,36072.21059,168.2249909,46.63364379,57.25439916
610.2,28.57459201,-59.36790416,36071.37196,167.9871649,46.64198855,56.80707099
610.3,28.57426561,-59.37052936,36070.53139,167.7654259,46.6419051,56.38567452
610.4,28.57393818,-59.37315384,36069.68857,167.5602455,46.63623053,55.99338215
610.5,28.57360972,-59.37577758,36068.84316,167.3731842,46.6274695,55.63210428
610.6,28.57328022,-59.37840059,36067.9948,167.2044881,46.61729179,55.30240347
610.7,28.57294968,-59.38102287,36067.14312,167.0536556,46.607116,55.00418561
610.8,28.57261811,-59.3836444,36066.28778,166.9201795,46.59777597,54.7363858
610.9,28.57228548,-59.3862652,36065.42843,166.80363,46.59010501,54.49802568
611,28.57195181,-59.38888526,36064.56477,166.7025001,46.58443586,54.28718592
611.1,28.57161708,-59.39150457,36063.69652,166.6161156,46.58118471,54.10245388
611.2,28.5712813,-59.39412314,36062.8234,166.5438414,46.58051783,53.94227511
611.3,28.57094447,-59.39674096,36061.9452,166.4836602,46.58243513,53.80436587
611.4,28.57060658,-59.39935804,36061.06169,166.4357741,46.58702025,53.68748306
611.5,28.57026764,-59.40197437,36060.17271,166.3982647,46.59410711,53.58965688
611.6,28.56992764,-59.40458996,36059.27809,166.370701,46.60369669,53.50934898
611.7,28.56958658,-59.40720479,36058.37771,166.3522993,46.61554008,53.44498384
611.8,28.56924447,-59.40981888,36057.47146,166.3412521,46.62947189,53.39499814
611.9,28.5689013,-59.41243221,36056.55926,166.3379026,46.64541028,53.35811317
612,28.56855708,-59.4150448,36055.64102,166.3415487,46.66327352,53.3330698
612.1,28.56821179,-59.41765663,36054.7167,166.3504059,46.68272947,53.31854679
612.2,28.56786545,-59.42026772,36053.78628,166.3655793,46.70386339,53.31382803
612.3,28.56751806,-59.42287805,36052.84971,166.3849381,46.72634293,53.3177503
612.4,28.56716961,-59.42548763,36051.90701,166.4088647,46.75008614,53.32937209
612.5,28.56682011,-59.42809645,36050.95817,166.4366786,46.77501104,53.348035
612.6,28.56646955,-59.43070453,36050.00322,166.4680538,46.80103558,53.37308265
612.7,28.56611794,-59.43331185,36049.04217,166.5026371,46.82791013,53.40375938
612.8,28.56576528,-59.43591841,36048.07506,166.5401097,46.85563597,53.43938747
612.9,28.56541157,-59.43852422,36047.10195,166.5801376,46.8841306,53.47973055
613,28.5650568,-59.44112928,36046.12287,166.6223967,46.91339524,53.52425032
613.1,28.56470099,-59.44373358,36045.13788,166.6668937,46.94326333,53.57230474
613.2,28.56434413,-59.44633712,36044.14706,166.7132991,46.97373589,53.62391619
613.3,28.56398622,-59.44893991,36043.15047,166.7616299,47.00472993,53.6787021
613.4,28.56362726,-59.45154194,36042.14818,166.8115508,47.03624637,53.73640022
613.5,28.56326726,-59.45414321,36041.14028,166.863057,47.06811791,53.79650007
613.6,28.56290621,-59.45674373,36040.12685,166.9161938,47.10042937,53.85928596
613.7,28.56254412,-59.45934349,36039.10799,166.9698157,47.13292889,53.92383292
613.8,28.56218099,-59.46194249,36038.08377,167.0247216,47.16578538,53.99054743
613.9,28.56181682,-59.46454073,36037.05431,167.081294,47.19891518,54.05917785
614,28.5614516,-59.46713821,36036.01969,167.1384051,47.23223443,54.12918154
614.1,28.56108535,-59.46973493,36034.98001,167.1960451,47.26565908,54.20073177
614.2,28.56071806,-59.47233089,36033.93539,167.2550117,47.29927383,54.27353368
614.3,28.56034973,-59.47492609,36032.88592,167.3145366,47.33299449,54.34747018
614.4,28.55998036,-59.47752053,36031.83171,167.3746304,47.3668213,54.42255057
614.5,28.55960996,-59.4801142,36030.77287,167.4348911,47.40066981,54.49836374
614.6,28.55923853,-59.48270712,36029.70951,167.4961283,47.43462478,54.57519114
614.7,28.55886606,-59.48529927,36028.64173,167.5579414,47.46860168,54.6527647
614.8,28.55849256,-59.48789066,36027.56966,167.6199443,47.50260056,54.73109032
614.9,28.55811804,-59.49048128,36026.49339,167.6821134,47.53653661,54.80974794
615,28.55774248,-59.49307115,36025.41305,167.745305,47.57057955,54.88929904
615.1,28.55736589,-59.49566024,36024.32875,167.8082463,47.60447468,54.96890922
615.2,28.55698828,-59.49824858,36023.2406,167.8717969,47.63839179,55.04914108
615.3,28.55660964,-59.50083614,36022.14872,167.9351235,47.67224584,55.12971684
615.4,28.55622998,-59.50342295,36021.05321,167.9990391,47.70603673,55.21048931
615.5,28.5558493,-59.50600898,36019.9542,168.0631404,47.73976434,55.29160898
615.6,28.55546759,-59.50859425,36018.8518,168.1269819,47.7733433,55.37264183
615.7,28.55508486,-59.51117876,36017.74612,168.1914554,47.80694396,55.45415981
615.8,28.55470111,-59.51376249,36016.63727,168.2556653,47.84039564,55.53574145
615.9,28.55431634,-59.51634546,36015.52538,168.319603,47.87369808,55.61723438
616,28.55393056,-59.51892766,36014.41055,168.3846047,47.90702192,55.69891364
616.1,28.55354376,-59.52150909,36013.2929,168.4488714,47.94011066,55.78051487
616.2,28.55315594,-59.52408976,36012.17253,168.5133183,47.973135,55.86216249
616.3,28.55276711,-59.52666965,36011.04957,168.5779082,48.0060092,55.94371539
616.4,28.55237727,-59.52924878,36009.92413,168.6426792,48.03881867,56.02531255
616.5,28.55198642,-59.53182713,36008.79631,168.7075925,48.07147756,56.10681147
616.6,28.55159455,-59.53440472,36007.66622,168.772206,48.10398559,56.18820967
616.7,28.55120168,-59.53698153,36006.53398,168.8365099,48.13634248,56.26950466
616.8,28.5508078,-59.53955757,36005.3997,168.9009406,48.16854796,56.35053885
616.9,28.55041291,-59.54213284,36004.26348,168.9650474,48.20060176,56.43130844
617,28.55001702,-59.54470734,36003.12543,169.0297237,48.23250359,56.51212133
617.1,28.54962012,-59.54728107,36001.98566,169.094021,48.26416711,56.59251729
617.2,28.54922222,-59.54985402,36000.84428,169.1579258,48.2955919,56.67264705
617.3,28.54882332,-59.5524262,35999.70138,169.2214242,48.32677752,56.75219149
617.4,28.54842341,-59.55499761,35998.55707,169.2854786,48.35780976,56.83144922
617.5,28.54802251,-59.55756825,35997.41145,169.3486455,48.38860208,56.91010911
617.6,28.54762061,-59.56013811,35996.26462,169.4113712,48.41915404,56.98832221
617.7,28.54721771,-59.56270719,35995.11668,169.4746385,48.44955162,57.06607389
617.8,28.54681382,-59.5652755,35993.96772,169.5369732,48.4797081,57.14320762
617.9,28.54640893,-59.56784304,35992.81785,169.5993089,48.50962306,57.2198756
618,28.54600305,-59.5704098,35991.66714,169.6612121,48.53938262,57.29590381
618.1,28.54559618,-59.57297579,35990.5157,169.7230997,48.56889993,57.37145341
618.2,28.54518831,-59.575541,35989.36362,169.7845334,48.59826121,57.44651101
618.3,28.54477946,-59.57810543,35988.21098,169.8454423,48.62737949,57.52091645
618.4,28.54436961,-59.58066909,35987.05787,169.9069175,48.65642786,57.59497272
618.5,28.54395878,-59.58323197,35985.90437,169.9668555,48.68523261,57.66820204
618.6,28.54354697,-59.58579407,35984.75059,170.0274083,48.71405385,57.74139089
618.7,28.54313416,-59.5883554,35983.59659,170.0873924,48.74263095,57.81406692
618.8,28.54272038,-59.59091595,35982.44246,170.1479327,48.77113737,57.88653979
618.9,28.54230561,-59.59347572,35981.2883,170.207951,48.79948602,57.95864839
619,28.54188986,-59.59603471,35980.13417,170.2674325,48.82767664,58.03038827
619.1,28.54147313,-59.59859293,35978.98016,170.3268805,48.85570896,58.10191976
619.2,28.54105542,-59.60115036,35977.82635,170.3863578,48.88366985,58.17307001
619.3,28.54063673,-59.60370702,35976.67282,170.4457252,48.91138486,58.24384355
619.4,28.54021707,-59.60626289,35975.51965,170.5051139,48.93902801,58.31455945
619.5,28.53979643,-59.60881799,35974.36692,170.5639188,48.96651194,58.38472061
619.6,28.53937481,-59.61137231,35973.2147,170.6225874,48.99374906,58.4544914
619.7,28.53895223,-59.61392585,35972.06307,170.6812573,49.0209137,58.52402763
619.8,28.53852867,-59.6164786,35970.9121,170.7398517,49.04791835,58.59332951
619.9,28.53810414,-59.61903058,35969.76186,170.7983648,49.07476274,58.66205732
620,28.53767863,-59.62158178,35968.61244,170.8561629,49.10135911,58.73037592
620.1,28.53725217,-59.62413219,35967.46389,170.9139356,49.12788218,58.7984449
620.2,28.53682473,-59.62668182,35966.31629,170.9715214,49.15415663,58.8657567
620.3,28.53639633,-59.62923068,35965.1697,171.0290713,49.18035738,58.93297981
620.4,28.53596696,-59.63177875,35964.0242,171.0858523,49.20630891,58.9996043
620.5,28.53553663,-59.63432603,35962.87985,171.1431483,49.23218632,59.06596294
620.6,28.53510533,-59.63687254,35961.73671,171.1990773,49.25781394,59.131712
620.7,28.53467308,-59.63941826,35960.59485,171.256087,49.28336703,59.19718698
620.8,28.53423986,-59.6419632,35959.45433,171.3122783,49.30866973,59.26204138
620.9,28.53380568,-59.64450736,35958.31521,171.3677157,49.33380958,59.32626851
621,28.53337055,-59.64705074,35957.17754,171.4235591,49.35878635,59.39020779
621.1,28.53293446,-59.64959333,35956.0414,171.4793094,49.38368779,59.45368316
621.2,28.53249741,-59.65213514,35954.90683,171.5341797,49.40833769,59.51668853
621.3,28.53205941,-59.65467616,35953.77389,171.5888409,49.43282376,59.57904548
621.4,28.53162046,-59.6572164,35952.64263,171.6432842,49.45714577,59.64092228
621.5,28.53118055,-59.65975586,35951.51311,171.6975007,49.48130349,59.70248884
621.6,28.5307397,-59.66229453,35950.38538,171.7514812,49.50529666,59.76339101
621.7,28.53029789,-59.66483242,35949.25949,171.8052162,49.52912505,59.82362265
621.8,28.52985513,-59.66736952,35948.13549,171.8580727,49.55278843,59.88352964
621.9,28.52941143,-59.66990584,35947.01342,171.9120135,49.57637492,59.9431111
622,28.52896678,-59.67244138,35945.89333,171.9643229,49.5997076,60.0020042
622.1,28.52852118,-59.67497613,35944.77527,172.0169753,49.62287457,60.06020538
622.2,28.52807464,-59.67751009,35943.65927,172.0694383,49.64596407,60.11824492
622.3,28.52762716,-59.68004327,35942.54539,172.1214903,49.66879894,60.17540124
622.4,28.52717874,-59.68257567,35941.43367,172.1725747,49.6914674,60.23220554
622.5,28.52672937,-59.68510728,35940.32413,172.223866,49.7138806,60.28847085
622.6,28.52627907,-59.6876381,35939.21682,172.2754742,49.73612685,60.34401693
622.7,28.52582782,-59.69016814,35938.11178,172.3252954,49.75811723,60.39883273
622.8,28.52537564,-59.69269739,35937.00903,172.3760757,49.77994012,60.45291655
622.9,28.52492253,-59.69522586,35935.90862,172.4250206,49.80150653,60.50625691
623,28.52446847,-59.69775354,35934.81056,172.4750336,49.82299375,60.55903901
623.1,28.52401349,-59.70028043,35933.71488,172.5238472,49.84422396,60.61088475
623.2,28.52355757,-59.70280654,35932.62162,172.5722385,49.86528573,60.66215525
623.3,28.52310072,-59.70533186,35931.5308,172.6193794,49.8860899,60.71247566
623.4,28.52264294,-59.7078564,35930.44244,172.6675772,49.90681409,60.76239794
623.5,28.52218423,-59.71038015,35929.35656,172.7144944,49.92728017,60.81135776
623.6,28.52172459,-59.71290312,35928.27318,172.7617662,49.94766591,60.85972739
623.7,28.52126403,-59.71542529,35927.19232,172.8078456,49.96788212,60.90731217
623.8,28.52080254,-59.71794669,35926.11399,172.8534202,49.9879286,60.95428982
623.9,28.52034012,-59.72046729,35925.03821,172.8994605,50.00798344,61.00067124
624,28.51987679,-59.72298711,35923.965,172.9451162,50.02795746,61.04681349
624.1,28.51941252,-59.72550614,35922.89437,172.9895109,50.04776135,61.09233711
624.2,28.51894734,-59.72802439,35921.82633,173.0350961,50.0675734,61.13762429
624.3,28.51848124,-59.73054185,35920.7609,173.0793962,50.08721505,61.18228565
624.4,28.51801422,-59.73305853,35919.69808,173.1240126,50.10677542,61.22688227
624.5,28.51754628,-59.73557441,35918.63789,173.1681984,50.1262544,61.2710413
624.6,28.51707742,-59.73808951,35917.58034,173.2126989,50.14565191,61.31494599
624.7,28.51660764,-59.74060383,35916.52543,173.2558499,50.1648784,61.35839801
624.8,28.51613696,-59.74311736,35915.47318,173.3009805,50.18411263,61.40178742
624.9,28.51566535,-59.7456301,35914.4236,173.3439732,50.20317557,61.444719
625,28.51519284,-59.74814205,35913.37668,173.3880398,50.22215659,61.48738706
625.1,28.51471941,-59.75065322,35912.33245,173.4306995,50.24096598,61.529591
625.2,28.51424508,-59.7531636,35911.29089,173.4745914,50.2597828,61.57172537
625.3,28.51376983,-59.7556732,35910.25202,173.5170479,50.27842774,61.61339047
625.4,28.51329367,-59.75818201,35909.21583,173.559791,50.2969903,61.65497174
625.5,28.51281661,-59.76069003,35908.18234,173.6028247,50.31547037,61.69608965
625.6,28.51233864,-59.76319727,35907.15154,173.6443697,50.33377811,61.73672942
625.7,28.51185977,-59.76570371,35906.12344,173.6861863,50.35200311,61.77708925
625.8,28.51137999,-59.76820938,35905.09803,173.7292651,50.37023511,61.81736958
625.9,28.51089931,-59.77071425,35904.07532,173.770815,50.38829438,61.85716401
626,28.51041773,-59.77321834,35903.0553,173.811633,50.40618075,61.89646889
626.1,28.50993525,-59.77572165,35902.03797,173.8537198,50.42407386,61.9356887
626.2,28.50945186,-59.77822416,35901.02333,173.8952381,50.44188377,61.97461842
626.3,28.50896758,-59.78072589,35900.01137,173.9359993,50.45952039,62.01305087
626.4,28.5084824,-59.78322684,35899.00209,173.9770167,50.47707355,62.0511881
626.5,28.50799633,-59.785727,35897.99548,174.0174295,50.49454317,62.08902806
626.6,28.50750936,-59.78822637,35896.99154,174.0591433,50.51201925,62.1267755
626.7,28.50702149,-59.79072495,35895.99026,174.0981326,50.5292314,62.16380812
626.8,28.50653273,-59.79322275,35894.99164,174.1384166,50.54644983,62.20074416
626.9,28.50604308,-59.79571977,35893.99565,174.1789475,50.56358436,62.23737483
627,28.50555254,-59.798216,35893.0023,174.2188325,50.58063489,62.27389207
627.1,28.5050611,-59.80071144,35892.01158,174.2589576,50.59760133,62.30990626
627.2,28.50456878,-59.80320609,35891.02347,174.2984167,50.61448359,62.34580357
627.3,28.50407557,-59.80569996,35890.03796,174.336998,50.63119126,62.38098277
627.4,28.50358148,-59.80819305,35889.05504,174.3759939,50.64790486,62.41625156
627.5,28.50308649,-59.81068535,35888.0747,174.4152142,50.66453403,62.45120348
627.6,28.50259062,-59.81317686,35887.09692,174.4546614,50.68107866,62.48583651
627.7,28.50209387,-59.81566759,35886.12169,174.4933957,50.69753867,62.52034467
627.8,28.50159624,-59.81815753,35885.14899,174.5323483,50.71391397,62.55453052
627.9,28.50109772,-59.82064669,35884.17882,174.570357,50.73011395,62.58837519
628,28.50059833,-59.82313506,35883.21115,174.6083597,50.74613845,62.62167913
628.1,28.50009805,-59.82562265,35882.24596,174.6465644,50.76207785,62.65465332
628.2,28.49959689,-59.82810945,35881.28324,174.6837803,50.77784145,62.68727831
628.3,28.49909486,-59.83059547,35880.32296,174.7211832,50.79351974,62.71917365
628.4,28.49859195,-59.8330807,35879.3651,174.758775,50.80911261,62.75092983
628.5,28.49808817,-59.83556515,35878.40964,174.7943357,50.82452928,62.78193268
628.6,28.49758351,-59.83804881,35877.45656,174.8312861,50.83995105,62.81281036
628.7,28.49707798,-59.84053169,35876.50583,174.8671741,50.85519639,62.84312763
628.8,28.49657157,-59.84301379,35875.55743,174.9032228,50.87035593,62.87289988
628.9,28.4960643,-59.8454951,35874.61133,174.9394333,50.88542958,62.90232376
629,28.49555615,-59.84797563,35873.6675,174.9747698,50.90041726,62.93139739
629.1,28.49504714,-59.85045537,35872.72592,175.0102551,50.91531889,62.95991897
629.2,28.49453725,-59.85293433,35871.78655,175.0450769,50.93022529,62.98830567
629.3,28.4940265,-59.85541251,35870.84937,175.0802806,50.94513647,63.01635655
629.4,28.49351489,-59.8578899,35869.91435,175.1145621,50.95996147,63.04405045
629.5,28.4930024,-59.86036651,35868.98145,175.1494683,50.97488219,63.07202847
629.6,28.49248906,-59.86284234,35868.05066,175.1834322,50.98971669,63.09964808
629.7,28.49197485,-59.86531738,35867.12194,175.2188671,51.00455593,63.12733078
629.8,28.49145978,-59.86779164,35866.19526,175.2536049,51.01939991,63.15507684
629.9,28.49094385,-59.87026512,35865.27059,175.2887387,51.03424866,63.1828865
630,28.49042706,-59.87273782,35864.34791,175.3228995,51.04901102,63.21053672
630.1,28.4899094,-59.87520973,35863.42717,175.3633121,51.04901102,63.24452852
630.2,28.4893909,-59.87768087,35862.50824,175.4177211,51.0243186,63.30423725
630.3,28.48887154,-59.88015122,35861.59077,175.500675,50.98143427,63.40637643
630.4,28.48835133,-59.88262081,35860.67435,175.6166079,50.92495297,63.56139825
630.5,28.48783028,-59.88508963,35859.75846,175.772392,50.8587362,63.77750177
630.6,28.4873084,-59.8875577,35858.84258,175.9678457,50.78509087,64.0588981
630.7,28.4867857,-59.89002502,35857.92618,176.2076903,50.70586131,64.40836036
630.8,28.48626219,-59.8924916,35857.00877,176.4895873,50.62224966,64.82657315
630.9,28.48573787,-59.89495745,35856.08985,176.8148455,50.5353608,65.31348473
631,28.48521277,-59.8974226,35855.16898,177.1848535,50.44575247,65.86794447
631.1,28.4846869,-59.89988703,35854.24573,177.5951982,50.35343986,66.48826832
631.2,28.48416026,-59.90235078,35853.31974,178.0427962,50.25790078,67.17237693
631.3,28.48363288,-59.90481384,35852.39066,178.5342197,50.15897549,67.91843093
631.4,28.48310477,-59.90727624,35851.4582,179.059007,50.05614924,68.72387859
631.5,28.48257594,-59.90973797,35850.52213,179.6167631,49.94891248,69.58615638
631.6,28.48204641,-59.91219906,35849.58227,179.7859726,49.83676123,70.5031603
631.7,28.48151619,-59.91465952,35848.63846,179.1584165,49.71893164,71.47263914
631.8,28.48098531,-59.91711936,35847.69058,178.498872,49.59431535,72.49236112
631.9,28.48045377,-59.91957858,35846.73855,177.8078836,49.46181769,73.55959279
632,28.47992159,-59.9220372,35845.7823,177.0940934,49.32079855,74.67275453
632.1,28.47938879,-59.92449524,35844.82178,176.3518413,49.17045379,75.82970976
632.2,28.4788554,-59.9269527,35843.85699,175.5835269,49.00981895,77.02789166
632.3,28.47832141,-59.92940959,35842.88796,174.794647,48.83829573,78.2660736
632.4,28.47778686,-59.93186592,35841.91475,173.9829438,48.65477989,79.54164299
632.5,28.47725175,-59.93432171,35840.93744,173.152102,48.4585362,80.85357736
632.6,28.47671611,-59.93677697,35839.95614,172.3030342,48.24816082,82.19901802
632.7,28.47617995,-59.9392317,35838.97094,171.4370016,48.02296815,83.57665718
632.8,28.4756433,-59.94168592,35837.98198,170.5558255,47.78212513,84.98369766
632.9,28.47510616,-59.94413963,35836.98941,169.6623433,47.52508074,86.41907673
633,28.47456855,-59.94659285,35835.99337,168.7575626,47.25105431,87.88084078
633.1,28.47403051,-59.94904558,35834.99404,167.8435077,46.95937889,89.36665403
633.2,28.47349203,-59.95149783,35833.99159,166.9216983,46.64941647,89.12745449
633.3,28.47295314,-59.95394962,35832.98623,165.9939999,46.32055872,87.59770346
633.4,28.47241386,-59.95640095,35831.97821,165.0634592,45.97230994,86.05242051
633.5,28.4718742,-59.95885183,35830.96776,164.1311994,45.60420281,84.49055764
633.6,28.47133419,-59.96130226,35829.95514,163.1992187,45.21587963,82.91590736
633.7,28.47079384,-59.96375227,35828.94062,162.2703543,44.80716998,81.33039565
633.8,28.47025317,-59.96620185,35827.92448,161.3455903,44.3776031,79.73457143
633.9,28.46971219,-59.96865101,35826.907,160.4279343,43.92729411,78.13266778
634,28.46917094,-59.97109976,35825.88848,159.5186122,43.45613219,76.52521886
634.1,28.46862942,-59.9735481,35824.86924,158.6196735,42.96441478,74.91569824
634.2,28.46808765,-59.97599605,35823.84958,157.7334627,42.45236415,73.30525116
634.3,28.46754565,-59.97844362,35822.82983,156.861315,41.92028271,71.69611469
634.4,28.46700345,-59.9808908,35821.81034,156.0049777,41.36870077,70.09033189
634.5,28.46646105,-59.9833376,35820.79145,155.1662175,40.79813779,68.48983003
634.6,28.46591848,-59.98578404,35819.77351,154.3463805,40.20925084,66.89595798
634.7,28.46537577,-59.98823011,35818.75689,153.5468445,39.60297525,65.31094517
634.8,28.46483292,-59.99067583,35817.74197,152.768893,38.98006799,63.73594917
634.9,28.46428995,-59.99312119,35816.72912,152.0137951,38.34155173,62.17284138
635,28.4637469,-59.99556621,35815.71874,151.2822872,37.68826693,60.62258008
635.1,28.46320377,-59.99801089,35814.71122,150.5773533,37.02669108,59.09169044
635.2,28.46266058,-60.00045524,35813.707,149.9113079,36.37082799,57.60765996
635.3,28.46211736,-60.00289925,35812.70654,149.2938478,35.73131724,56.195604
635.4,28.46157413,-60.00534293,35811.71029,148.7299391,35.11623114,54.87069396
635.5,28.4610309,-60.0077863,35810.71869,148.2203366,34.53127478,53.64126214
635.6,28.46048769,-60.01022934,35809.73213,147.7639089,33.98031226,52.51031513
635.7,28.45994452,-60.01267207,35808.75094,147.3576656,33.46558445,51.47736745
635.8,28.45940139,-60.01511448,35807.77541,146.9980397,32.98804288,50.53948028
635.9,28.45885834,-60.01755659,35806.80578,146.6808854,32.54772963,49.69218634
636,28.45831536,-60.01999838,35805.84222,146.4020441,32.14379932,48.92978166
636.1,28.45777247,-60.02243988,35804.88486,146.1577914,31.77500609,48.24634133
636.2,28.45722968,-60.02488106,35803.93379,145.9440549,31.43970481,47.63562857
636.3,28.456687,-60.02732195,35802.98906,145.7575766,31.13585037,47.09149541
636.4,28.45614444,-60.02976254,35802.05069,145.5950064,30.86139601,46.60782211
636.5,28.45560201,-60.03220283,35801.11867,145.4535514,30.61415182,46.17878568
636.6,28.45505971,-60.03464282,35800.19296,145.3306757,30.39191169,45.79910389
636.7,28.45451755,-60.03708252,35799.27351,145.2240429,30.19257895,45.46351957
636.8,28.45397553,-60.03952193,35798.36026,145.131707,30.0140268,45.16757355
636.9,28.45343365,-60.04196105,35797.45313,145.0518279,29.85435741,44.90691328
637,28.45289194,-60.04439988,35796.55203,144.9828201,29.71169764,44.67757776
637.1,28.45235037,-60.04683841,35795.65686,144.9234864,29.58439277,44.47614163
637.2,28.45180897,-60.04927666,35794.76751,144.8724347,29.4707387,44.29933034
637.3,28.45126773,-60.05171462,35793.8839,144.8286111,29.36937411,44.14438627
637.4,28.45072665,-60.0541523,35793.0059,144.7911924,29.2788825,44.0087236
637.5,28.45018574,-60.05658969,35792.1334,144.7592671,29.19811892,43.89008376
637.6,28.44964499,-60.0590268,35791.2663,144.7322995,29.12594519,43.78628054
637.7,28.44910442,-60.06146362,35790.40448,144.7094304,29.06135986,43.69561912
637.8,28.44856402,-60.06390016,35789.54783,144.6903174,29.00356244,43.61655229
637.9,28.44802379,-60.06633642,35788.69624,144.674305,28.95162477,43.54749781
638,28.44748373,-60.06877239,35787.84959,144.6611202,28.90494894,43.48725423
638.1,28.44694385,-60.07120808,35787.00777,144.6503356,28.86287359,43.43487618
638.2,28.44640414,-60.0736435,35786.17068,144.6416958,28.82480451,43.38919804
638.3,28.4458646,-60.07607863,35785.3382,144.63494,28.79027966,43.34940534
638.4,28.44532525,-60.07851348,35784.51022,144.6296994,28.75883799,43.31469301
638.5,28.44478606,-60.08094806,35783.68664,144.6259356,28.73015,43.28460049
638.6,28.44424706,-60.08338235,35782.86735,144.6232865,28.70375617,43.25824617
638.7,28.44370823,-60.08581637,35782.05224,144.6217573,28.67952414,43.23545995
638.8,28.44316958,-60.08825011,35781.24121,144.6210528,28.65693004,43.21560396
638.9,28.4426311,-60.09068357,35780.43415,144.6212938,28.63584226,43.19842412
639,28.44209281,-60.09311675,35779.63095,144.6222762,28.6159988,43.18342205
639.1,28.44155469,-60.09554966,35778.83151,144.6237342,28.5972032,43.17040321
639.2,28.44101674,-60.09798229,35778.03572,144.6257787,28.57945488,43.15909528
639.3,28.44047898,-60.10041465,35777.24347,144.6282074,28.56249237,43.14918294
639.4,28.43994139,-60.10284673,35776.45466,144.6310191,28.5463153,43.14057438
639.5,28.43940398,-60.10527854,35775.66918,144.6342253,28.53079286,43.1329329
639.6,28.43886675,-60.10771007,35774.88692,144.6376753,28.51572915,43.12624674
639.7,28.4383297,-60.11014133,35774.10778,144.6414183,28.50118917,43.12036914
639.8,28.43779282,-60.11257231,35773.33165,144.6453538,28.48704233,43.11523273
639.9,28.43725612,-60.11500302,35772.55842,144.6493817,28.47315809,43.11068114
640,28.4367196,-60.11743346,35771.788,144.6536641,28.45960154,43.10665755
640.1,28.43618326,-60.11986362,35771.02026,144.658088,28.44637255,43.10298282
640.2,28.43564709,-60.12229351,35770.25512,144.6626529,28.43347098,43.09965645
640.3,28.4351111,-60.12472313,35769.49246,144.6671333,28.42089673,43.09658875
640.4,28.43457528,-60.12715248,35768.73219,144.671754,28.40864967,43.09377928
640.5,28.43403965,-60.12958155,35767.97421,144.6763524,28.39666456,43.09119472
640.6,28.43350419,-60.13201036,35767.21841,144.6812032,28.38500643,43.08877846
640.7,28.43296891,-60.1344389,35766.4647,144.6859318,28.37347982,43.08660983
640.8,28.4324338,-60.13686716,35765.71299,144.690687,28.36228001,43.08460891
640.9,28.43189887,-60.13929516,35764.96318,144.695545,28.3512116,43.08267684
641,28.43136412,-60.14172288,35764.21519,144.7004425,28.34033964,43.08102456
641.1,28.43082954,-60.14415034,35763.46891,144.7053795,28.32966407,43.07947361
641.2,28.43029514,-60.14657752,35762.72426,144.7103061,28.31911974,43.07799099
641.3,28.42976092,-60.14900444,35761.98116,144.7153845,28.30877169,43.07669847
641.4,28.42922687,-60.15143109,35761.23951,144.7203397,28.29855479,43.075474
641.5,28.428693,-60.15385747,35760.49922,144.7254464,28.28853407,43.07435021
641.6,28.4281593,-60.15628359,35759.76021,144.7304927,28.27857936,43.07335054
641.7,28.42762578,-60.15870944,35759.0224,144.7355776,28.26882074,43.07236222
641.8,28.42709244,-60.16113501,35758.2857,144.7407642,28.25919311,43.07153052
641.9,28.42655927,-60.16356033,35757.55003,144.745827,28.24969643,43.07076627
642,28.42602628,-60.16598537,35756.81531,144.7509418,28.24026564,43.07003672
642.1,28.42549346,-60.16841015,35756.08145,144.7560947,28.23103078,43.06940709
642.2,28.42496082,-60.17083467,35755.34838,144.7612362,28.22192676,43.06884461
642.3,28.42442836,-60.17325891,35754.61603,144.7664789,28.21295357,43.06826018
642.4,28.42389607,-60.1756829,35753.8843,144.7716606,28.20404614,43.06779913
642.5,28.42336395,-60.17810661,35753.15312,144.77688,28.19533449,43.06743755
642.6,28.42283201,-60.18053006,35752.42243,144.7820876,28.18675355,43.06705378
642.7,28.42230024,-60.18295325,35751.69215,144.7872341,28.1782383,43.06679313
642.8,28.42176865,-60.18537617,35750.96219,144.7925306,28.16991871,43.06654267
642.9,28.42123724,-60.18779883,35750.2325,144.7977658,28.16166476,43.06632623
643,28.420706,-60.19022122,35749.503,144.8029889,28.15354141,43.06617626
643.1,28.42017493,-60.19264335,35748.77361,144.8082491,28.14561362,43.06603623
643.2,28.41964404,-60.19506522,35748.04428,144.8134477,28.13775139,43.06601896
643.3,28.41911332,-60.19748682,35747.31494,144.8187961,28.13008464,43.06601145
643.4,28.41858278,-60.19990816,35746.58551,144.8240827,28.12248341,43.06612655
643.5,28.41805241,-60.20232924,35745.85593,144.8292933,28.11507761,43.06625125
643.6,28.41752221,-60.20475006,35745.12614,144.8345549,28.10773727,43.06640951
643.7,28.41699219,-60.20717061,35744.39608,144.8399659,28.10059228,43.06657722
643.8,28.41646235,-60.2095909,35743.66568,144.8452021,28.09351273,43.06686729
643.9,28.41593268,-60.21201093,35742.93488,144.8504748,28.08662847,43.06716665
644,28.41540318,-60.21443069,35742.20363,144.8558474,28.07987453,43.06753174
644.1,28.41487385,-60.2168502,35741.47186,144.8612072,28.07325088,43.06796249
644.2,28.4143447,-60.21926944,35740.73952,144.8665539,28.06675751,43.06845883
644.3,28.41381573,-60.22168842,35740.00655,144.8719512,28.06032946,43.06907724
644.4,28.41328692,-60.22410714,35739.2729,144.8773008,28.05383687,43.06975297
644.5,28.41275829,-60.2265256,35738.5385,144.8827501,28.04747451,43.07058304
644.6,28.41222984,-60.2289438,35737.80331,144.8883137,28.04111253,43.07141387
644.7,28.41170156,-60.23136173,35737.06726,144.8937657,28.03475092,43.07233433
644.8,28.41117345,-60.23377941,35736.33031,144.8992047,28.02851951,43.07332015
644.9,28.41064551,-60.23619683,35735.59238,144.9046941,28.02235336,43.07425012
645,28.41011775,-60.23861399,35734.85344,144.910234,28.01625247,43.07530194
645.1,28.40959016,-60.24103089,35734.11342,144.9157114,28.01021682,43.07629786
645.2,28.40906274,-60.24344752,35733.37228,144.9212885,28.0043113,43.07735899
645.3,28.4085355,-60.2458639,35732.62995,144.9267539,27.9984061,43.07842075
645.4,28.40800843,-60.24828002,35731.8864,144.9323188,27.99263099,43.07963649
645.5,28.40748153,-60.25069588,35731.14156,144.9378211,27.98692109,43.08070739
645.6,28.4069548,-60.25311148,35730.39539,144.9433099,27.98134124,43.08193219
645.7,28.40642825,-60.25552683,35729.64783,144.9487705,27.97602119,43.08301996
645.8,28.40590187,-60.25794191,35728.89885,144.9542666,27.97089602,43.08402725
645.9,28.40537566,-60.26035674,35728.14839,144.9597342,27.96603059,43.08516387
646,28.40484963,-60.2627713,35727.39642,144.9651241,27.96135997,43.08621989
646.1,28.40432377,-60.26518561,35726.6429,144.9704855,27.95694902,43.08731627
646.2,28.40379808,-60.26759966,35725.88779,144.9758821,27.95273284,43.08850959
646.3,28.40327256,-60.27001346,35725.13105,144.9813138,27.94871141,43.08979977
646.4,28.40274721,-60.27242699,35724.37265,144.9867807,27.9448847,43.09109798
646.5,28.40222204,-60.27484027,35723.61256,144.9921697,27.94125269,43.09249296
646.6,28.40169704,-60.27725329,35722.85074,144.9977068,27.93781537,43.0939847
646.7,28.40117221,-60.27966605,35722.08717,145.0031167,27.93450786,43.09554097
646.8,28.40064755,-60.28207856,35721.32181,145.0086108,27.93145985,43.0972261
646.9,28.40012307,-60.2844908,35720.55464,145.0140908,27.92854163,43.09897571
647,28.39959875,-60.28690279,35719.78564,145.0196057,27.92581803,43.10082195
647.1,28.39907461,-60.28931453,35719.01478,145.0251065,27.92322418,43.10273264
647.2,28.39855064,-60.291726,35718.24203,145.0306423,27.92082493,43.10473992
647.3,28.39802684,-60.29413722,35717.46737,145.0361639,27.91855542,43.10681162
647.4,28.39750322,-60.29654818,35716.69079,145.0418336,27.91648048,43.1090687
647.5,28.39697976,-60.29895889,35715.91226,145.047376,27.91453526,43.11130137
647.6,28.39645648,-60.30136934,35715.13176,145.0529533,27.91278459,43.11363059
647.7,28.39593337,-60.30377953,35714.34927,145.0586296,27.91116362,43.11602421
647.8,28.39541043,-60.30618946,35713.56478,145.0641785,27.90967236,43.11848222
647.9,28.39488766,-60.30859914,35712.77828,145.0698265,27.90831078,43.12100463
648,28.39436507,-60.31100856,35711.98973,145.0755095,27.90714373,43.1236236
648.1,28.39384264,-60.31341773,35711.19915,145.0811783,27.90610637,43.12630698
648.2,28.39332039,-60.31582664,35710.4065,145.0868329,27.90519868,43.12905477
648.3,28.39279831,-60.31823529,35709.61178,145.0925867,27.90442067,43.13186698
648.4,28.3922764,-60.32064368,35708.81497,145.098213,27.90377233,43.13483248
648.5,28.39175466,-60.32305182,35708.01607,145.1039385,27.90325366,43.13777359
648.6,28.39123309,-60.3254597,35707.21507,145.1096992,27.9029295,43.14081133
648.7,28.3907117,-60.32786733,35706.41196,145.1153965,27.90267016,43.14379253
648.8,28.39019047,-60.3302747,35705.60673,145.1210797,27.9025405,43.14692708
648.9,28.38966942,-60.33268181,35704.79938,145.1268623,27.9025405,43.15012614
649,28.38914854,-60.33508867,35703.9899,145.1326308,27.90267016,43.15338975
649.1,28.38862782,-60.33749527,35703.17828,145.1384346,27.90299433,43.15675011
649.2,28.38810728,-60.33990161,35702.36453,145.1441258,27.90331849,43.16011068
649.3,28.38758691,-60.3423077,35701.54863,145.1499659,27.90383716,43.16347917
649.4,28.38706672,-60.34471353,35700.7306,145.155792,27.9044855,43.16700119
649.5,28.38654669,-60.3471191,35699.91042,145.1615548,27.90519868,43.17046677
649.6,28.38602683,-60.34952442,35699.08809,145.1673038,27.90604153,43.17408593
649.7,28.38550715,-60.35192948,35698.26363,145.1731524,27.90701406,43.17768092
649.8,28.38498763,-60.35433429,35697.43702,145.179002,27.9079866,43.18145403
649.9,28.38446829,-60.35673883,35696.60827,145.1848527,27.90895915,43.18531639
650,28.38394912,-60.35914313,35695.77737,145.1908178,27.9099317,43.18926801
650.1,28.38343011,-60.36154716,35694.94434,145.1967347,27.91083943,43.19327666
650.2,28.38291128,-60.36395094,35694.10917,145.2027019,27.911812,43.19731792
650.3,28.38239262,-60.36635446,35693.27185,145.2086702,27.91278459,43.20144848
650.4,28.38187413,-60.36875773,35692.43238,145.2145753,27.91382202,43.20552272
650.5,28.38135581,-60.37116074,35691.59078,145.2205951,27.91485946,43.20959734
650.6,28.38083766,-60.37356349,35690.74703,145.2265517,27.91596175,43.21379358
650.7,28.38031969,-60.37596598,35689.90113,145.2325094,27.91706405,43.21790124
650.8,28.37980188,-60.37836822,35689.05309,145.2385177,27.91823121,43.22204157
650.9,28.37928424,-60.38077021,35688.20291,145.244527,27.91939837,43.2262713
651,28.37876677,-60.38317193,35687.35058,145.2504237,27.92056556,43.23041244
651.1,28.37824948,-60.3855734,35686.49611,145.2564205,27.92186244,43.2346186
651.2,28.37773235,-60.38797461,35685.6395,145.2623542,27.92322418,43.23867948
651.3,28.3772154,-60.39037557,35684.78075,145.2682596,27.92484533,43.24269203
651.4,28.37669861,-60.39277627,35683.91987,145.2740873,27.92666104,43.24671299
651.5,28.37618199,-60.39517671,35683.05687,145.2799015,27.92860648,43.25071007
651.6,28.37566555,-60.3975769,35682.19175,145.2857519,27.9307465,43.25480467
651.7,28.37514927,-60.39997682,35681.32453,145.2915393,27.93295142,43.25884312
651.8,28.37463317,-60.4023765,35680.45521,145.297363,27.93535094,43.26289013
651.9,28.37411723,-60.40477591,35679.58381,145.3032231,27.93794508,43.2671239
652,28.37360147,-60.40717507,35678.71034,145.3091342,27.94060413,43.27130162
652.1,28.37308588,-60.40957397,35677.83482,145.3148685,27.94332811,43.27551238
652.2,28.37257045,-60.41197261,35676.95726,145.3207534,27.94624673,43.27991009
652.3,28.3720552,-60.414371,35676.07768,145.3266895,27.94923029,43.28425184
652.4,28.37154011,-60.41676913,35675.1961,145.3324985,27.95234366,43.28865918
652.5,28.3710252,-60.419167,35674.31252,145.3384729,27.95552199,43.29318884
652.6,28.37051046,-60.42156461,35673.42697,145.3443204,27.95883014,43.29778421
652.7,28.36999588,-60.42396197,35672.53947,145.3502192,27.96220326,43.30232376
652.8,28.36948148,-60.42635907,35671.65003,145.3561695,27.96564136,43.30698577
652.9,28.36896724,-60.42875591,35670.75868,145.3621071,27.96920931,43.31171365
653,28.36845318,-60.43115249,35669.86543,145.3680463,27.97277739,43.31644247
653.1,28.36793928,-60.43354882,35668.97031,145.3739729,27.97647533,43.32123724
653.2,28.36742556,-60.43594488,35668.07333,145.3798369,27.98023828,43.32606552
653.3,28.366912,-60.43834069,35667.17451,145.3858669,27.98406624,43.33092734
653.4,28.36639862,-60.44073624,35666.27389,145.3918344,27.98795923,43.33582274
653.5,28.3658854,-60.44313153,35665.37146,145.3977395,27.99191724,43.34075176
653.6,28.36537236,-60.44552657,35664.46727,145.4038106,27.99594028,43.34571443
653.7,28.36485948,-60.44792134,35663.56134,145.4096551,27.99996348,43.35076745
653.8,28.36434678,-60.45031586,35662.65367,145.4156658,28.00405172,43.35576495
653.9,28.36383424,-60.45271012,35661.7443,145.4216642,28.00826991,43.36082879
654,28.36332188,-60.45510412,35660.83326,145.4276145,28.01242336,43.36586121
654.1,28.36280968,-60.45749786,35659.92055,145.4336669,28.01670678,43.37104934
654.2,28.36229765,-60.45989134,35659.00622,145.4396069,28.02099037,43.37614941
654.3,28.36178579,-60.46228457,35658.09027,145.4455991,28.02533903,43.38128336
654.4,28.36127411,-60.46467753,35657.17274,145.4515932,28.02968787,43.38641856
654.5,28.36076259,-60.46707023,35656.25365,145.4575754,28.03416671,43.39162036
654.6,28.36025124,-60.46946268,35655.33303,145.4636238,28.03858082,43.39688011
654.7,28.35974006,-60.47185486,35654.41089,145.46961,28.04306003,43.40208452
654.8,28.35922905,-60.47424679,35653.48727,145.475534,28.04760435,43.40732295
654.9,28.35871821,-60.47663846,35652.56218,145.4815747,28.05214886,43.41256271
655,28.35820754,-60.47902986,35651.63566,145.4875029,28.05669356,43.41780381
655.1,28.35769704,-60.48142101,35650.70772,145.4935981,28.06130338,43.423079
655.2,28.35718671,-60.48381189,35649.7784,145.4995808,28.0659134,43.42835555
655.3,28.35667655,-60.48620252,35648.84772,145.5055379,28.07078335,43.43358577
655.4,28.35616656,-60.48859289,35647.91571,145.511341,28.07604315,43.43856706
655.5,28.35565673,-60.49098299,35646.9824,145.5170546,28.08162791,43.44335614
655.6,28.35514708,-60.49337284,35646.04782,145.5227935,28.08753768,43.44822145
655.7,28.35463759,-60.49576242,35645.11203,145.5283928,28.09370757,43.45304088
655.8,28.35412828,-60.49815174,35644.17505,145.5341969,28.10013762,43.45799351
655.9,28.35361913,-60.50054081,35643.23693,145.5397605,28.10669797,43.46292429
656,28.35311016,-60.50292961,35642.29772,145.5455294,28.11351855,43.46798857
656.1,28.35260135,-60.50531815,35641.35746,145.5512878,28.1204695,43.47321026
656.2,28.35209271,-60.50770642,35640.4162,145.5570221,28.12768078,43.47838677
656.3,28.35158425,-60.51009444,35639.47399,145.562682,28.13508746,43.48366438
656.4,28.35107595,-60.51248219,35638.53087,145.5684467,28.1426246,43.48901029
656.5,28.35056782,-60.51486968,35637.5869,145.5741372,28.15035723,43.49454719
656.6,28.35005986,-60.51725691,35636.64214,145.5798821,28.1581554,43.50003008
656.7,28.34955207,-60.51964388,35635.69662,145.585759,28.16582415,43.50589753
656.8,28.34904445,-60.52203058,35634.75041,145.5918456,28.17316847,43.51205052
656.9,28.348537,-60.52441702,35633.80354,145.5978473,28.1802533,43.51834277
657,28.34802972,-60.5268032,35632.85605,145.6039941,28.18707857,43.52477418
657.1,28.34752261,-60.52918911,35631.90799,145.6102725,28.19377426,43.53132122
657.2,28.34701567,-60.53157476,35630.95965,145.4935834,28.14983737,43.17640793
657.3,28.3465089,-60.53396014,35630.0122,145.2596359,27.82301967,42.40327553
657.4,28.34600233,-60.53634526,35629.06672,144.9559475,27.30099589,41.3488023
657.5,28.34549597,-60.5387301,35628.12401,144.6200651,26.64960164,40.120035
657.6,28.34498984,-60.54111467,35627.18467,144.2793737,25.91874079,38.79821988
657.7,28.34448396,-60.54349898,35626.24912,143.9525747,25.14585296,37.44373459
657.8,28.34397836,-60.54588302,35625.31763,143.650743,24.35914764,36.09977386
657.9,28.34347306,-60.5482668,35624.39035,143.3798406,23.57961633,34.79642982
658,28.34296809,-60.55065033,35623.46733,143.1420611,22.82234016,33.55391799
658.1,28.34246347,-60.55303359,35622.54852,142.9370813,22.09788121,32.38467069
658.2,28.34195922,-60.5554166,35621.63379,142.7628694,21.41318311,31.29584687
658.3,28.34145537,-60.55779936,35620.72295,142.6167545,20.77260801,30.2902786
658.4,28.34095192,-60.56018187,35619.81573,142.4955101,20.17819423,29.36810922
658.5,28.34044891,-60.56256413,35618.91183,142.3959626,19.63056063,28.52730881
658.6,28.33994634,-60.56494615,35618.01091,142.3150868,19.12917352,27.76443926
658.7,28.33944424,-60.56732792,35617.11263,142.2501286,18.6725408,27.07528929
658.8,28.3389426,-60.56970946,35616.21661,142.1984048,18.25863914,26.45506891
658.9,28.33844146,-60.57209075,35615.3225,142.1579047,17.8852119,25.89881039
659,28.33794081,-60.5744718,35614.42993,142.1267143,17.54964185,25.40127718
659.1,28.33744066,-60.57685262,35613.53855,142.1031874,17.24918558,24.95759875
659.2,28.33694104,-60.5792332,35612.64805,142.08591,16.98120572,24.56289718
659.3,28.33644193,-60.58161355,35611.75809,142.0739854,16.74298345,24.2125938
659.4,28.33594335,-60.58399366,35610.8684,142.0662456,16.53201157,23.90239265
659.5,28.33544531,-60.58637354,35609.97869,142.0620105,16.34574925,23.62826394
659.6,28.3349478,-60.58875319,35609.08872,142.0606924,16.18191605,23.38657282
659.7,28.33445084,-60.5911326,35608.19826,142.0618285,16.03836795,23.17389789
659.8,28.33395443,-60.59351179,35607.30711,142.0647959,15.91315349,22.9870763
659.9,28.33345857,-60.59589075,35606.41509,142.0695085,15.80433216,22.8234179
660,28.33296326,-60.59826947,35605.52202,142.0754281,15.7102105,22.68032724
660.1,28.3324685,-60.60064797,35604.62776,142.0824256,15.62933993,22.55554702
660.2,28.33197431,-60.60302623,35603.7322,142.0903764,15.56021763,22.44691787
660.3,28.33148068,-60.60540427,35602.83521,142.0990893,15.50164248,22.35273282
660.4,28.33098761,-60.60778208,35601.93669,142.1084856,15.45241651,22.27130892
660.5,28.3304951,-60.61015966,35601.03658,142.1183478,15.41146324,22.20112437
660.6,28.33000316,-60.61253702,35600.1348,142.1286486,15.37794581,22.14095557
660.7,28.32951178,-60.61491414,35599.23129,142.1392712,15.35102881,22.08952565
660.8,28.32902097,-60.61729103,35598.32601,142.1502556,15.3297591,22.04593797
660.9,28.32853073,-60.6196677,35597.41892,142.1616126,15.31336271,22.0093222
661,28.32804105,-60.62204414,35596.50999,142.173183,15.30112566,21.97869138
661.1,28.32755195,-60.62442035,35595.59919,142.1849903,15.29257203,21.95321669
661.2,28.32706341,-60.62679633,35594.6865,142.1969625,15.28722618,21.93226408
661.3,28.32657544,-60.62917208,35593.7719,142.2091463,15.28467211,21.91514391
661.4,28.32608804,-60.6315476,35592.85538,142.2214162,15.28455331,21.90136653
661.5,28.32560122,-60.6339229,35591.93694,142.2337649,15.28657281,21.89044977
661.6,28.32511496,-60.63629796,35591.01656,142.2462063,15.29049307,21.88211069
661.7,28.32462927,-60.6386728,35590.09424,142.2587886,15.2958984,21.87598322
661.8,28.32414415,-60.6410474,35589.16998,142.2713735,15.3026701,21.8717342
661.9,28.3236596,-60.64342178,35588.24379,142.2840722,15.3105707,21.86908161
662,28.32317562,-60.64579593,35587.31566,142.2968434,15.3194815,21.86788463
662.1,28.32269222,-60.64816984,35586.38561,142.309646,15.32928383,21.86781043
662.2,28.32220938,-60.65054353,35585.45363,142.3223836,15.3399778,21.86873132
662.3,28.32172711,-60.65291698,35584.51973,142.3351753,15.35162296,21.87039817
662.4,28.32124541,-60.65529021,35583.58393,142.3479461,15.36427891,21.872946
662.5,28.32076428,-60.6576632,35582.64624,142.3607308,15.37776754,21.87629164
662.6,28.32028372,-60.66003597,35581.70669,142.3735304,15.39208903,21.88043557
662.7,28.31980373,-60.6624085,35580.76529,142.3863034,15.40712469,21.88536521
662.8,28.31932431,-60.6647808,35579.82208,142.3990295,15.42281523,21.8909464
662.9,28.31884546,-60.66715287,35578.87707,142.4118281,15.43922024,21.89731438
663,28.31836718,-60.66952471,35577.9303,142.424615,15.45610211,21.90425111
663.1,28.31788947,-60.67189631,35576.98179,142.4375098,15.47352041,21.91176368
663.2,28.31741233,-60.67426768,35576.03158,142.4502967,15.49141583,21.91991005
663.3,28.31693576,-60.67663882,35575.0797,142.4631501,15.50972902,21.92842771
663.4,28.31645975,-60.67900973,35574.12619,142.4759516,15.52840064,21.93750273
663.5,28.31598432,-60.6813804,35573.17108,142.4888754,15.5473713,21.94693653
663.6,28.31550945,-60.68375084,35572.2144,142.5017484,15.56670058,21.95673615
663.7,28.31503515,-60.68612104,35571.2562,142.5146039,15.58621012,21.96681776
663.8,28.31456142,-60.68849102,35570.2965,142.5274855,15.60601896,21.97725916
663.9,28.31408826,-60.69086075,35569.33535,142.5403504,15.6260082,21.98798314
664,28.31361567,-60.69323025,35568.37278,142.5532967,15.64617789,21.99892577
664.1,28.31314365,-60.69559952,35567.40883,142.566205,15.66646858,22.01001636
664.2,28.31267219,-60.69796855,35566.44354,142.5790975,15.68693982,22.02132602
664.3,28.3122013,-60.70033735,35565.47695,142.5920285,15.70747264,22.03277724
664.4,28.31173098,-60.70270591,35564.50909,142.6050202,15.72812657,22.04444114
664.5,28.31126123,-60.70507423,35563.54002,142.6179528,15.74884214,22.05611843
664.6,28.31079204,-60.70744232,35562.56975,142.6308264,15.76961935,22.06793764
664.7,28.31032343,-60.70981017,35561.59834,142.6438373,15.79045823,22.0798989
664.8,28.30985538,-60.71217778,35560.62582,142.6567673,15.81129926,22.09186696
664.9,28.30938789,-60.71454515,35559.65223,142.6697366,15.83220198,22.10391296
665,28.30892097,-60.71691229,35558.67762,142.6826251,15.85310687,22.11596583
665.1,28.30845462,-60.71927919,35557.70201,142.6956291,15.87401393,22.12808988
665.2,28.30798884,-60.72164585,35556.72545,142.70853,15.89486358,22.14021395
665.3,28.30752362,-60.72401227,35555.74797,142.7215688,15.91577498,22.15241615
665.4,28.30705897,-60.72637846,35554.76962,142.7345042,15.93662896,22.16455405
665.5,28.30659488,-60.7287444,35553.79043,142.747457,15.95748511,22.17676321
665.6,28.30613136,-60.73111011,35552.81044,142.7604047,15.97828384,22.188908
665.7,28.3056684,-60.73347557,35551.82969,142.7733698,15.99908472,22.2010597
665.8,28.30520601,-60.7358408,35550.84821,142.7863295,16.01982816,22.21321132
665.9,28.30474419,-60.73820578,35549.86605,142.7993826,16.04051414,22.22529844
666,28.30428293,-60.74057053,35548.88324,142.8123317,16.06114265,22.2373854
666.1,28.30382223,-60.74293503,35547.89981,142.8252753,16.08171366,22.24947217
666.2,28.3033621,-60.74529929,35546.91581,142.8382133,16.10222717,22.26149427
666.3,28.30290254,-60.74766331,35545.93127,142.8512975,16.12256388,22.27356641
666.4,28.30244354,-60.75002709,35544.94622,142.864452,16.14200795,22.28592592
666.5,28.3019851,-60.75239062,35543.96069,142.8776599,16.16026088,22.29821457
666.6,28.30152722,-60.75475392,35542.9747,142.8910412,16.17738199,22.31018077
666.7,28.30106991,-60.75711697,35541.98825,142.9043967,16.19337099,22.32150121
666.8,28.30061317,-60.75947978,35541.00135,142.9178465,16.20828726,22.33198857
666.9,28.30015698,-60.76184234,35540.01399,142.9312904,16.22213058,22.34164194
667,28.29970136,-60.76420467,35539.02618,142.9447271,16.2349007,22.35039594
667.1,28.2992463,-60.76656675,35538.0379,142.9581484,16.24683615,22.35821385
667.2,28.2987918,-60.76892858,35537.04914,142.971537,16.25763835,22.36525281
667.3,28.29833786,-60.77129018,35536.05987,142.9849381,16.2674265,22.37139742
667.4,28.29788449,-60.77365153,35535.07008,142.9983506,16.27620043,22.3766471
667.5,28.29743167,-60.77601263,35534.07974,143.0117969,16.28401971,22.38100851
667.6,28.29697942,-60.7783735,35533.08882,143.0252001,16.29094391,22.38442387
667.7,28.29652772,-60.78073412,35532.09729,143.0385002,16.29733111,22.38693594
667.8,28.29607658,-60.78309449,35531.10511,143.0517006,16.3039573,22.38818605
667.9,28.29562601,-60.78545463,35530.11226,143.0646722,16.3110016,22.38877675
668,28.29517599,-60.78781452,35529.11873,143.0775611,16.31858347,22.38904527
668.1,28.29472653,-60.79017416,35528.12449,143.0904143,16.32682236,22.38926438
668.2,28.29427763,-60.79253357,35527.12954,143.1031855,16.33559896,22.38967805
668.3,28.29382929,-60.79489272,35526.13389,143.1159452,16.34509245,22.39043725
668.4,28.29338151,-60.79725164,35525.13752,143.1287234,16.35512382,22.39164969
668.5,28.29293429,-60.79961031,35524.14044,143.1414679,16.36581257,22.39333004
668.6,28.29248763,-60.80196873,35523.14266,143.1542555,16.37709909,22.39560053
668.7,28.29204152,-60.80432692,35522.14419,143.1669639,16.38892376,22.39832504
668.8,28.29159597,-60.80668485,35521.14504,143.1797927,16.40128669,22.40163304
668.9,28.29115099,-60.80904254,35520.14521,143.1925199,16.41412824,22.40551764
669,28.29070655,-60.81139999,35519.14472,143.2053219,16.42738878,22.40984266
669.1,28.29026268,-60.81375719,35518.1436,143.2181992,16.44106839,22.41467302
669.2,28.28981937,-60.81611415,35517.14184,143.231029,16.45510742,22.41993715
669.3,28.28937661,-60.81847085,35516.13948,143.2439115,16.46950595,22.42563532
669.4,28.28893441,-60.82082732,35515.13652,143.2568237,16.48420431,22.43176055
669.5,28.28849277,-60.82318353,35514.13299,143.2696422,16.49914281,22.43817651
669.6,28.28805169,-60.82553951,35513.12891,143.282591,16.51438127,22.44495541
669.7,28.28761116,-60.82789523,35512.12429,143.2955231,16.52980023,22.45195351
669.8,28.28717119,-60.83025071,35511.11915,143.3084387,16.54539973,22.45930035
669.9,28.28673178,-60.83260594,35510.11352,143.3214381,16.56117982,22.46680211
670,28.28629292,-60.83496092,35509.10742,143.3344216,16.57714054,22.47452362
670.1,28.28585462,-60.83731565,35508.10087,143.3473414,16.59316237,22.48245033
670.2,28.28541688,-60.83967014,35507.09389,143.3603458,16.60936491,22.49053241
670.3,28.28497969,-60.84202438,35506.08649,143.3733631,16.62556882,22.49874784
670.4,28.28454306,-60.84437837,35505.07871,143.3863412,16.64189369,22.50711148
670.5,28.28410699,-60.84673211,35504.07056,143.3993563,16.65827976,22.51555132
670.6,28.28367147,-60.8490856,35503.06207,143.4123083,16.67472705,22.52406741
670.7,28.28323651,-60.85143885,35502.05325,143.4253738,16.69117575,22.53271714
670.8,28.2828021,-60.85379184,35501.04414,143.4383521,16.70762586,22.54137104
670.9,28.28236825,-60.85614458,35500.03474,143.4513678,16.72413722,22.55010136
671,28.28193496,-60.85849708,35499.02509,143.4643967,16.74065001,22.5588359
671.1,28.28150221,-60.86084933,35498.01519,143.4774389,16.75716423,22.56763945
671.2,28.28107003,-60.86320132,35497.00509,143.4904944,16.77367988,22.57644726
671.3,28.2806384,-60.86555307,35495.99478,143.5035632,16.79019697,22.58532414
671.4,28.28020732,-60.86790456,35494.98431,143.5166453,16.8067155,22.59414047
671.5,28.2797768,-60.8702558,35493.97368,143.5296156,16.8231756,22.60301836
671.6,28.27934683,-60.87260679,35492.96292,143.5426753,16.83957728,22.61182813
671.7,28.27891741,-60.87495754,35491.95205,143.5557483,16.85598037,22.62064212
671.8,28.27848855,-60.87730802,35490.94108,143.5688099,16.87232502,22.62951764
671.9,28.27806024,-60.87965826,35489.93005,143.5819139,16.88825193,22.63853896
672,28.27763249,-60.88200825,35488.91896,143.5951135,16.9034017,22.64766035
672.1,28.27720529,-60.88435798,35487.90782,143.6084326,16.91783405,22.65656461
672.2,28.27677864,-60.88670746,35486.89664,143.6217444,16.9314889,22.66511387
672.3,28.27635255,-60.88905669,35485.88542,143.6350976,16.94448588,22.67319305
672.4,28.275927,-60.89140566,35484.87415,143.6483656,16.95676497,22.68072912
672.5,28.27550201,-60.89375439,35483.86283,143.6617496,16.96832601,22.68765668
672.6,28.27507757,-60.89610286,35482.85144,143.6749953,16.97928869,22.69399053
672.7,28.27465368,-60.89845108,35481.83998,143.6883042,16.9896529,22.69973028
672.8,28.27423035,-60.90079904,35480.82843,143.701626,16.99929873,22.70499011
672.9,28.27380756,-60.90314675,35479.81677,143.7148837,17.00828597,22.70964743
673,28.27338532,-60.90549421,35478.80498,143.7281779,17.01661453,22.7137019
673.1,28.27296364,-60.90784141,35477.79305,143.7414568,17.02440417,22.71716859
673.2,28.2725425,-60.91018836,35476.78093,143.7547199,17.03165481,22.72004723
673.3,28.27212192,-60.91253506,35475.76862,143.7678119,17.03896567,22.72215465
673.4,28.27170188,-60.91488151,35474.75609,143.7808079,17.04651652,22.72364375
673.5,28.27128239,-60.9172277,35473.74332,143.7937582,17.05442726,22.72485477
673.6,28.27086345,-60.91957363,35472.73029,143.8065867,17.06275788,22.72599038
673.7,28.27044506,-60.92191932,35471.71701,143.8194716,17.07144849,22.7272379
673.8,28.27002722,-60.92426475,35470.70345,143.8322353,17.08055908,22.72860513
673.9,28.26960993,-60.92660992,35469.68962,143.8450813,17.09008971,22.73028719
674,28.26919319,-60.92895484,35468.67552,143.8579084,17.10004045,22.73228422
674.1,28.26877699,-60.93129951,35467.66115,143.8706916,17.11035142,22.73465368
674.2,28.26836134,-60.93364392,35466.6465,143.8835332,17.12102267,22.73733075
674.3,28.26794624,-60.93598808,35465.63158,143.8964334,17.13205427,22.74038062
674.4,28.26753169,-60.93833199,35464.61639,143.9092657,17.14338632,22.74379573
674.5,28.26711769,-60.94067563,35463.60095,143.922132,17.15501889,22.74757628
674.6,28.26670423,-60.94301903,35462.58525,143.9351092,17.16689205,22.75171471
674.7,28.26629133,-60.94536217,35461.5693,143.9479938,17.17900585,22.75608113
674.8,28.26587897,-60.94770505,35460.55311,143.9608881,17.19136035,22.76080577
674.9,28.26546715,-60.95004768,35459.53669,143.9738942,17.2039556,22.76575875
675,28.26505589,-60.95239005,35458.52004,143.9868595,17.21667166,22.77092463
675.1,28.26464517,-60.95473216,35457.50318,143.9998096,17.22956856,22.77637638
675.2,28.26423499,-60.95707402,35456.48611,144.0128468,17.24264634,22.78198405
675.3,28.26382537,-60.95941562,35455.46884,144.0258437,17.25584504,22.787805
675.4,28.26341629,-60.96175697,35454.45139,144.0388768,17.26910468,22.79376643
675.5,28.26300776,-60.96409806,35453.43376,144.0518956,17.2825453,22.79988413
675.6,28.26259977,-60.96643889,35452.41596,144.0649251,17.29598689,22.80613464
675.7,28.26219233,-60.96877947,35451.39801,144.0779147,17.30954949,22.81246865
675.8,28.26178543,-60.97111978,35450.37991,144.0910433,17.32317311,22.81894348
675.9,28.26137908,-60.97345985,35449.36167,144.1040041,17.33685777,22.82549408
676,28.26097328,-60.97579965,35448.34331,144.1171042,17.35060347,22.8321205
676.1,28.26056802,-60.97813919,35447.32484,144.1302154,17.3643502,22.83881491
676.2,28.26016331,-60.98047848,35446.30626,144.1432612,17.378158,22.84558524
676.3,28.25975914,-60.98281751,35445.28759,144.1563182,17.39196684,22.85242362
676.4,28.25935551,-60.98515628,35444.26883,144.1694124,17.40583677,22.85927285
676.5,28.25895243,-60.98749479,35443.25001,144.1824917,17.4196477,22.86618225
676.6,28.2585499,-60.98983304,35442.23112,144.1956084,17.43351973,22.87310254
676.7,28.25814791,-60.99217104,35441.21219,144.2087363,17.44739282,22.8800258
676.8,28.25774646,-60.99450877,35440.19322,144.2217728,17.46126696,22.88701722
676.9,28.25734556,-60.99684625,35439.17422,144.2349233,17.47514216,22.89394641
677,28.2569452,-60.99918346,35438.1552,144.247956,17.48895834,22.9009358
677.1,28.25654538,-61.00152042,35437.13617,144.2611291,17.50283565,22.90793616
677.2,28.25614611,-61.00385711,35436.11715,144.2741843,17.51665394,22.91493149
677.3,28.25574738,-61.00619355,35435.09814,144.2873537,17.53047328,22.92199504
677.4,28.25534919,-61.00852973,35434.07915,144.3004815,17.54417349,22.92904552
677.5,28.25495154,-61.01086564,35433.0602,144.3136912,17.55733388,22.93628755
677.6,28.25455444,-61.0132013,35432.04128,144.3268793,17.56995433,22.94345993
677.7,28.25415788,-61.01553669,35431.0224,144.3402512,17.58203473,22.95036659
677.8,28.25376186,-61.01787182,35430.00355,144.3534972,17.59357497,22.95700721
677.9,28.25336639,-61.02020669,35428.98473,144.3668227,17.60457494,22.96325094
678,28.25297145,-61.0225413,35427.96593,144.3801507,17.61509467,22.96904023
678.1,28.25257706,-61.02487565,35426.94713,144.3934041,17.62519419,22.97438287
678.2,28.25218321,-61.02720974,35425.92833,144.406659,17.6348133,22.97933581
678.3,28.25178989,-61.02954357,35424.90951,144.4199148,17.64395194,22.98383347
678.4,28.25139712,-61.03187713,35423.89065,144.4331445,17.65254989,22.98793278
678.5,28.25100489,-61.03421044,35422.87173,144.446401,17.66072735,22.99158444
678.6,28.2506132,-61.03654348,35421.85274,144.4595806,17.66848425,22.99485357
678.7,28.25022204,-61.03887626,35420.83366,144.4727863,17.67582054,22.99760932
678.8,28.24983143,-61.04120878,35419.81445,144.4859182,17.68297672,22.99988406
678.9,28.24944136,-61.04354103,35418.7951,144.4989571,17.69037374,23.001604
679,28.24905182,-61.04587303,35417.77559,144.5119032,17.69801163,23.00309579
679.1,28.24866282,-61.04820476,35416.75591,144.5248872,17.70595058,23.00443294
679.2,28.24827437,-61.05053623,35415.73604,144.5377021,17.71419061,23.00581152
679.3,28.24788645,-61.05286744,35414.71597,144.5506589,17.72273177,23.0073623
679.4,28.24749906,-61.05519839,35413.69571,144.563474,17.73163427,23.00902821
679.5,28.24711222,-61.05752907,35412.67523,144.576301,17.74077782,23.01098907
679.6,28.24672591,-61.05985949,35411.65454,144.5891943,17.75028281,23.01326137
679.7,28.24634015,-61.06218965,35410.63363,144.6021272,17.76008911,23.01577171
679.8,28.24595492,-61.06451955,35409.61251,144.6149691,17.77013662,23.01857741
679.9,28.24557022,-61.06684918,35408.59117,144.6279551,17.78048554,23.02168682
680,28.24518607,-61.06917855,35407.56961,144.6408505,17.79107575,23.0250265
680.1,28.24480245,-61.07150766,35406.54784,144.6538363,17.80184713,23.02871916
680.2,28.24441937,-61.0738365,35405.52585,144.666836,17.81285988,23.03257699
680.3,28.24403682,-61.07616508,35404.50366,144.6798227,17.82405386,23.03672268
680.4,28.24365482,-61.07849339,35403.48125,144.6927691,17.83536892,23.04108274
680.5,28.24327334,-61.08082144,35402.45864,144.7058342,17.84692546,23.04567376
680.6,28.24289241,-61.08314923,35401.43583,144.7188595,17.85860316,23.05041397
680.7,28.24251201,-61.08547676,35400.41282,144.7319218,17.87034182,23.05536063
680.8,28.24213215,-61.08780401,35399.38962,144.744972,17.88226186,23.06046492
680.9,28.24175282,-61.09013101,35398.36623,144.7580871,17.89430313,23.0657187
681,28.24137403,-61.09245774,35397.34267,144.7711353,17.90640542,23.07104832
681.1,28.24099578,-61.0947842,35396.31892,144.784221,17.91856876,23.07658474
681.2,28.24061806,-61.0971104,35395.29501,144.7973445,17.93079315,23.08213166
681.3,28.24024087,-61.09943634,35394.27093,144.810429,17.94313883,23.08782838
681.4,28.23986422,-61.10176201,35393.24669,144.8235513,17.95554561,23.09360118
681.5,28.23948811,-61.10408741,35392.2223,144.836684,17.96795326,23.09950727
681.6,28.23911253,-61.10641255,35391.19776,144.8497502,17.98042201,23.10542406
681.7,28.23873748,-61.10873742,35390.17308,144.8629592,17.99295189,23.11141708
681.8,28.23836297,-61.11106203,35389.14827,144.876074,18.00548266,23.11747801
681.9,28.23798899,-61.11338637,35388.12333,144.8892271,18.01807457,23.12354975
682,28.23761555,-61.11571044,35387.09827,144.9023138,18.03072763,23.12969783
682.1,28.23724264,-61.11803425,35386.07309,144.915488,18.04332135,23.13590554
682.2,28.23687027,-61.12035779,35385.04781,144.9287007,18.05597623,23.14212413
682.3,28.23649842,-61.12268106,35384.02242,144.9418192,18.06863202,23.14834522
682.4,28.23612712,-61.12500407,35382.99694,144.9549482,18.08128873,23.15463438
682.5,28.23575634,-61.12732681,35381.97138,144.9681159,18.09400662,23.16093449
682.6,28.2353861,-61.12964928,35380.94573,144.9812662,18.10666516,23.16729428
682.7,28.23501639,-61.13197148,35379.92,144.9944553,18.11938489,23.17359948
682.8,28.23464721,-61.13429342,35378.89421,145.0076551,18.13210555,23.17997282
682.9,28.23427856,-61.13661509,35377.86836,145.0208374,18.14476684,23.18634027
683,28.23391045,-61.13893649,35376.84245,145.0340507,18.15724815,23.19281605
683.1,28.23354287,-61.14125762,35375.81649,145.0473153,18.16936854,23.19937468
683.2,28.23317582,-61.14357849,35374.79048,145.0605537,18.18118824,23.20582769
683.3,28.2328093,-61.14589908,35373.76442,145.0738425,18.19264687,23.2121008
683.4,28.23244331,-61.14821941,35372.73831,145.0871814,18.20374437,23.21819381
683.5,28.23207785,-61.15053947,35371.71213,145.100416,18.2146013,23.22399227
683.6,28.23171293,-61.15285926,35370.6859,145.1137284,18.2251573,23.22948749
683.7,28.23134853,-61.15517878,35369.65959,145.1270129,18.23541232,23.23474491
683.8,28.23098467,-61.15749803,35368.63321,145.1402691,18.24536629,23.23976437
683.9,28.23062133,-61.15981701,35367.60674,145.1535252,18.25507951,23.24455423
684,28.23025853,-61.16213573,35366.58016,145.1667238,18.26443125,23.24903158
684.1,28.22989625,-61.16445417,35365.55348,145.1799217,18.27354215,23.25327903
684.2,28.22953451,-61.16677235,35364.52667,145.1931186,18.28241215,23.25723076
684.3,28.22917329,-61.16909025,35363.49973,145.2063431,18.29110158,23.2608952
684.4,28.2288126,-61.17140789,35362.47264,145.2194697,18.29979144,23.26423231
684.5,28.22845244,-61.17372525,35361.44538,145.2325074,18.30872314,23.26734202
684.6,28.22809281,-61.17604235,35360.41795,145.2456105,18.31777601,23.27027289
684.7,28.22773371,-61.17835917,35359.39034,145.2585963,18.32701042,23.27323061
684.8,28.22737514,-61.18067573,35358.36255,145.2714937,18.33648677,23.27628955
684.9,28.22701709,-61.18299202,35357.33456,145.2845147,18.3462051,23.2793841
685,28.22665957,-61.18530803,35356.30638,145.2975248,18.35610507,23.28270286
685.1,28.22630258,-61.18762378,35355.27801,145.3105242,18.36618672,23.28618024
685.2,28.22594612,-61.18993925,35354.24944,145.3235421,18.37651047,23.28982495
685.3,28.22559018,-61.19225446,35353.22067,145.3365208,18.38695558,23.29368558
685.4,28.22523477,-61.19456939,35352.19171,145.3496245,18.39764286,23.29771378
685.5,28.22487989,-61.19688405,35351.16255,145.3626894,18.40845157,23.30195812
685.6,28.22452554,-61.19919844,35350.1332,145.3757154,18.41938174,23.30635293
685.7,28.22417171,-61.20151256,35349.10365,145.3888383,18.43049378,23.31090699
685.8,28.22381841,-61.20382641,35348.07392,145.4019226,18.44172733,23.31567748
685.9,28.22346563,-61.20613999,35347.04401,145.4149687,18.45308243,23.32059876
686,28.22311339,-61.20845329,35346.01391,145.4281601,18.46449868,23.3256622
686.1,28.22276166,-61.21076633,35344.98363,145.441207,18.47603651,23.3308766
686.2,28.22241047,-61.21307909,35343.95318,145.4543702,18.48757511,23.3362246
686.3,28.22205979,-61.21539158,35342.92257,145.4676022,18.49923533,23.34172371
686.4,28.22170965,-61.21770379,35341.8918,145.4807375,18.51089634,23.34729074
686.5,28.22136003,-61.22001574,35340.86087,145.4939124,18.52261857,23.35300029
686.6,28.22101093,-61.22232741,35339.82979,145.5071268,18.53440204,23.35878658
686.7,28.22066236,-61.22463881,35338.79857,145.5203809,18.54624675,23.36464969
686.8,28.22031432,-61.22694993,35337.76721,145.5335385,18.55809228,23.37064672
686.9,28.2199668,-61.22926078,35336.73571,145.546736,18.56999908,23.37665481
687,28.2196198,-61.23157136,35335.7041,145.5600802,18.58196716,23.382674
687.1,28.21927333,-61.23388167,35334.67236,145.573221,18.59393607,23.38882723
687.2,28.21892738,-61.2361917,35333.6405,145.5864791,18.60590583,23.39498281
687.3,28.21858196,-61.23850146,35332.60853,145.5997476,18.61787643,23.40120663
687.4,28.21823706,-61.24081094,35331.57647,145.6129493,18.62990834,23.40744165
687.5,28.21789268,-61.24312015,35330.5443,145.6262685,18.6419411,23.41374496
687.6,28.21754883,-61.24542908,35329.51204,145.639521,18.65403518,23.42005952
687.7,28.2172055,-61.24773775,35328.4797,145.6527541,18.66606965,23.42636766
687.8,28.2168627,-61.25004613,35327.44727,145.6660276,18.67816546,23.432753
687.9,28.21652041,-61.25235424,35326.41477,145.6792817,18.69020164,23.43913192
688,28.21617865,-61.25466208,35325.3822,145.6925763,18.70229917,23.44552216
688.1,28.21583742,-61.25696964,35324.34957,145.7058815,18.71439756,23.4519808
688.2,28.2154967,-61.25927692,35323.31689,145.7190899,18.72649682,23.45837597
688.3,28.21515651,-61.26158393,35322.28415,145.7324164,18.73859694,23.46483955
688.4,28.21481684,-61.26389067,35321.25137,145.7456459,18.75069793,23.47130561
688.5,28.21447769,-61.26619713,35320.21855,145.7589634,18.76273928,23.47776523
688.6,28.21413906,-61.26850331,35319.1857,145.7722781,18.77453942,23.48438951
688.7,28.21380095,-61.27080922,35318.15281,145.78562,18.78615883,23.49092339
688.8,28.21346337,-61.27311485,35317.1199,145.7990663,18.79753695,23.49742381
688.9,28.2131263,-61.2754202,35316.08696,145.8124014,18.80867372,23.50375866
689,28.21278976,-61.27772528,35315.05399,145.8257326,18.8195691,23.50992778
689.1,28.21245373,-61.28003008,35314.02098,145.83909,18.83028358,23.51587399
689.2,28.21211823,-61.2823346,35312.98794,145.8524736,18.84081713,23.5217292
689.3,28.21178325,-61.28463885,35311.95486,145.8657446,18.85110916,23.52735225
689.4,28.21144879,-61.28694282,35310.92174,145.8790717,18.86128074,23.532761
689.5,28.21111484,-61.28924651,35309.88857,145.8923938,18.87121072,23.53806939
689.6,28.21078142,-61.29154993,35308.85534,145.9057104,18.88089908,23.54314522
689.7,28.21044852,-61.29385306,35307.82205,145.9189747,18.89046688,23.54807244
689.8,28.21011613,-61.29615592,35306.78869,145.9322637,18.89985355,23.55277588
689.9,28.20978426,-61.29845851,35305.75525,145.9455307,18.90918018,23.55727351
690,28.20945292,-61.30076081,35304.72172,145.9587287,18.9185679,23.56151729
690.1,28.20912209,-61.30306284,35303.68809,145.9718886,18.92807729,23.56571446
690.2,28.20879178,-61.30536459,35302.65437,145.9850411,18.93776894,23.56980804
690.3,28.20846198,-61.30766606,35301.62055,145.9981557,18.94758231,23.57392117
690.4,28.20813271,-61.30996725,35300.58662,146.0113408,18.95751742,23.57812
690.5,28.20780395,-61.31226816,35299.55259,146.0243798,18.9675743,23.58240459
690.6,28.20747571,-61.3145688,35298.51845,146.0375205,18.97781354,23.5867841
690.7,28.20714799,-61.31686916,35297.48421,146.0507323,18.98817461,23.59131564
690.8,28.20682078,-61.31916924,35296.44986,146.0638758,18.99859691,23.59592405
690.9,28.2064941,-61.32146904,35295.4154,146.0770132,19.00920167,23.60069376
691,28.20616792,-61.32376856,35294.38085,146.0902221,19.01992831,23.60561574
691.1,28.20584227,-61.3260678,35293.34619,146.1033631,19.03071626,23.61068096
691.2,28.20551713,-61.32836676,35292.31144,146.1165759,19.04162613,23.61583247
691.3,28.20519251,-61.33066544,35291.2766,146.1298609,19.05265795,23.62107034
691.4,28.20486841,-61.33296384,35290.24166,146.1430469,19.0636905,23.62650866
691.5,28.20454482,-61.33526197,35289.20664,146.1561965,19.07484504,23.63196732
691.6,28.20422174,-61.33755981,35288.17154,146.1694961,19.08606095,23.63756954
691.7,28.20389919,-61.33985737,35287.13635,146.1827282,19.09733826,23.64324922
691.8,28.20357714,-61.34215466,35286.1011,146.1960018,19.10867698,23.6490064
691.9,28.20325562,-61.34445166,35285.06577,146.2092855,19.12001647,23.65483194
692,28.20293461,-61.34674838,35284.03037,146.2225018,19.13141738,23.66073506
692.1,28.20261411,-61.34904482,35282.99491,146.2357598,19.14287973,23.6666496
692.2,28.20229413,-61.35134098,35281.9594,146.2491373,19.15434288,23.67269881
692.3,28.20197466,-61.35363686,35280.92383,146.2623382,19.16586748,23.67875951
692.4,28.20165571,-61.35593246,35279.88821,146.2756587,19.17739289,23.68488873
692.5,28.20133727,-61.35822777,35278.85255,146.2890213,19.18897977,23.69102949
692.6,28.20101935,-61.36052281,35277.81685,146.302285,19.20056747,23.69717256
692.7,28.20070194,-61.36281756,35276.78111,146.3155591,19.21215598,23.70345047
692.8,28.20038504,-61.36511203,35275.74535,146.3289531,19.22374531,23.70966445
692.9,28.20006866,-61.36740622,35274.70956,146.3422799,19.23539614,23.71595633
693,28.19975279,-61.36970013,35273.67375,146.3556173,19.2470478,23.72225058
693.1,28.19943743,-61.37199375,35272.63793,146.3688238,19.25863959,23.72853788
693.2,28.19912259,-61.37428709,35271.6021,146.3821822,19.2702929,23.73490316
693.3,28.19880826,-61.37658015,35270.56627,146.3955512,19.28194703,23.74127083
693.4,28.19849444,-61.37887293,35269.53043,146.4088211,19.293602,23.74757456
693.5,28.19818114,-61.38116542,35268.4946,146.4222113,19.30525779,23.75401333
693.6,28.19786834,-61.38345763,35267.45878,146.4355023,19.31691442,23.76038817
693.7,28.19755606,-61.38574956,35266.42298,146.4489138,19.32857188,23.7667654
693.8,28.1972443,-61.3880412,35265.38719,146.462226,19.34023017,23.77321138
693.9,28.19693304,-61.39033256,35264.35143,146.4755488,19.35188929,23.77959341
694,28.19662229,-61.39262364,35263.3157,146.4888499,19.36348852,23.78603481
694.1,28.19631206,-61.39491443,35262.28,146.5022394,19.37502783,23.79246919
694.2,28.19600234,-61.39720494,35261.24435,146.515685,19.38644648,23.79895348
694.3,28.19569313,-61.39949517,35260.20873,146.5290116,19.39762296,23.80546878
694.4,28.19538443,-61.40178511,35259.17315,146.5424717,19.40861796,23.81182525
694.5,28.19507624,-61.40407476,35258.13762,146.5558448,19.41943145,23.81808916
694.6,28.19476856,-61.40636413,35257.10212,146.5692407,19.4300634,23.82426042
694.7,28.19446139,-61.40865322,35256.06667,146.5825814,19.44057451,23.83021555
694.8,28.19415473,-61.41094202,35255.03125,146.5959446,19.45090402,23.83607781
694.9,28.19384858,-61.41323054,35253.99586,146.6093953,19.46117342,23.84179964
695,28.19354294,-61.41551877,35252.96049,146.6227252,19.47120038,23.84735249
695.1,28.1932378,-61.41780672,35251.92515,146.6361096,19.48110641,23.85275522
695.2,28.19293318,-61.42009438,35250.88983,146.6494053,19.49083071,23.85806469
695.3,28.19262907,-61.42238175,35249.85452,146.6627552,19.50043403,23.8631574
695.4,28.19232547,-61.42466884,35248.81922,146.6760487,19.50991635,23.86816618
695.5,28.19202237,-61.42695565,35247.78391,146.6893512,19.51939923,23.8729771
695.6,28.19171978,-61.42924216,35246.7486,146.7025847,19.52894345,23.87759964
695.7,28.1914177,-61.4315284,35245.71328,146.7157821,19.53860983,23.8821763
695.8,28.19111613,-61.43381434,35244.67794,146.7290543,19.54839839,23.8867736
695.9,28.19081507,-61.4361,35243.64258,146.7422577,19.55824835,23.89131553
696,28.19051451,-61.43838538,35242.6072,146.7554253,19.56822053,23.89594467
696.1,28.19021446,-61.44067047,35241.5718,146.7686682,19.57831495,23.90066111
696.2,28.18991492,-61.44295527,35240.53639,146.7818756,19.58853163,23.9054649
696.3,28.18961589,-61.44523978,35239.50095,146.7951255,19.59880978,23.91034652
696.4,28.18931736,-61.44752401,35238.46549,146.808307,19.6091494,23.91537256
696.5,28.18901934,-61.44980795,35237.43002,146.8215643,19.61961135,23.92048614
696.6,28.18872182,-61.45209161,35236.39452,146.8347866,19.63019564,23.92568735
696.7,28.18842482,-61.45437497,35235.35902,146.8480187,19.64078063,23.93095699
696.8,28.18812831,-61.45665805,35234.3235,146.8613271,19.65148799,23.93638094
696.9,28.18783232,-61.45894085,35233.28797,146.8745675,19.66225692,23.94188306
697,28.18753683,-61.46122335,35232.25243,146.8878512,19.67308741,23.94746341
697.1,28.18724184,-61.46350557,35231.21688,146.901145,19.68391863,23.95311237
697.2,28.18694737,-61.4657875,35230.18133,146.9144822,19.69481145,23.95883964
697.3,28.18665339,-61.46806914,35229.14579,146.9277516,19.70576586,23.96457867
697.4,28.18635992,-61.47035049,35228.11024,146.9411763,19.71678189,23.97046271
697.5,28.18606696,-61.47263155,35227.0747,146.9544997,19.72779868,23.97634889
697.6,28.1857745,-61.47491233,35226.03917,146.9678333,19.73881623,23.98230384
697.7,28.18548255,-61.47719281,35225.00366,146.9810992,19.74989541,23.9883373
697.8,28.1851911,-61.47947301,35223.96816,146.9945208,19.76103625,23.9943827
697.9,28.18490016,-61.48175292,35222.93268,147.0078074,19.77211698,24.00042058
698,28.18460971,-61.48403254,35221.89722,147.021138,19.78325936,24.00653706
698.1,28.18431978,-61.48631187,35220.86179,147.0344791,19.79440253,24.01272244
698.2,28.18403034,-61.48859091,35219.82638,147.0478644,19.80560738,24.01885318
698.3,28.18374141,-61.49086967,35218.79102,147.0612264,19.81675211,24.02504308
698.4,28.18345299,-61.49314813,35217.75568,147.0746328,19.82795853,24.03131171
698.5,28.18316506,-61.4954263,35216.72039,147.0880497,19.83916574,24.03751594
698.6,28.18287764,-61.49770418,35215.68515,147.1013311,19.85031283,24.04377935
698.7,28.18259073,-61.49998177,35214.64995,147.1147691,19.86152162,24.05005485
698.8,28.18230431,-61.50225907,35213.6148,147.1281055,19.8727312,24.05633266
698.9,28.1820184,-61.50453609,35212.57971,147.1415648,19.88394157,24.06261276
699,28.18173299,-61.50681281,35211.54467,147.1549223,19.89515274,24.06896191
699.1,28.18144808,-61.50908924,35210.5097,147.1682904,19.9063647,24.07524664
699.2,28.18116368,-61.51136538,35209.47479,147.1816348,19.91751652,24.08159055
699.3,28.18087977,-61.51364122,35208.43996,147.195024,19.92873006,24.08794665
699.4,28.18059637,-61.51591678,35207.40519,147.2084238,19.9399444,24.09423831
699.5,28.18031347,-61.51819205,35206.3705,147.2218343,19.95115954,24.10059906
699.6,28.18003107,-61.52046702,35205.3359,147.235221,19.96231452,24.10695223
699.7,28.17974917,-61.5227417,35204.30137,147.2486965,19.97340932,24.1133646
699.8,28.17946777,-61.52501609,35203.26693,147.2620792,19.98432201,24.11974949
699.9,28.17918687,-61.52729019,35202.23258,147.2755942,19.99505253,24.12617364
700,28.17890647,-61.529564,35201.19831,147.2890505,20.00566184,24.13244648
700.1,28.17862657,-61.53183751,35200.16413,147.3024132,20.01608893,24.13862479
700.2,28.17834718,-61.53411074,35199.13004,147.3159424,20.02639474,24.14471842
700.3,28.17806828,-61.53638366,35198.09602,147.3292992,20.03657925,24.15066047
700.4,28.17778988,-61.5386563,35197.06208,147.3427095,20.04664244,24.15651767
700.5,28.17751198,-61.54092865,35196.02822,147.3561731,20.05658429,24.16222311
700.6,28.17723458,-61.5432007,35194.99442,147.3695419,20.06634377,24.16776669
700.7,28.17695768,-61.54547246,35193.96069,147.3829638,20.07598185,24.17322516
700.8,28.17668128,-61.54774392,35192.92702,147.3963601,20.08555952,24.17860847
700.9,28.17640537,-61.5500151,35191.8934,147.4096612,20.09495474,24.18376278
701,28.17612997,-61.55228598,35190.85983,147.4230497,20.10428951,24.18884178
701.1,28.17585506,-61.55455656,35189.8263,147.4363341,20.11362485,24.19378858
701.2,28.17558065,-61.55682686,35188.79281,147.4496977,20.12308278,24.19855633
701.3,28.17530674,-61.55909686,35187.75934,147.4629921,20.1326023,24.20333569
701.4,28.17503333,-61.56136656,35186.72591,147.4762174,20.14218344,24.20805977
701.5,28.17476041,-61.56363598,35185.6925,147.4894087,20.15188722,24.21280556
701.6,28.17448799,-61.56590509,35184.65911,147.5026797,20.16171368,24.21764005
701.7,28.17421607,-61.56817392,35183.62574,147.5159954,20.1716018,24.22255321
701.8,28.17394464,-61.57044245,35182.5924,147.5292423,20.18155159,24.22754509
701.9,28.17367371,-61.57271069,35181.55907,147.5425693,20.19162411,24.23255889
702,28.17340328,-61.57497863,35180.52577,147.5558277,20.20175834,24.23771847
702.1,28.17313334,-61.57724627,35179.49249,147.5691312,20.21195427,24.24295692
702.2,28.1728639,-61.57951363,35178.45923,147.5823661,20.22221194,24.24834128
702.3,28.17259496,-61.58178068,35177.42599,147.5957956,20.23259241,24.25374779
702.4,28.17232651,-61.58404745,35176.39278,147.6091213,20.24297357,24.2592232
702.5,28.17205855,-61.58631392,35175.35959,147.6223786,20.2534165,24.26484468
702.6,28.1717911,-61.58858009,35174.32643,147.6357955,20.2639212,24.2704783
702.7,28.17152414,-61.59084596,35173.29331,147.6491442,20.2744877,24.27619111
702.8,28.17125767,-61.59311155,35172.26021,147.6625031,20.28505492,24.28197296
702.9,28.1709917,-61.59537683,35171.22715,147.6759079,20.29568394,24.28783408
703,28.17072622,-61.59764182,35170.19412,147.6892088,20.3063137,24.29369729
703.1,28.17046124,-61.59990652,35169.16113,147.70267,20.31700528,24.29963983
703.2,28.17019675,-61.60217092,35168.12817,147.7160274,20.3276976,24.30565154
703.3,28.16993275,-61.60443502,35167.09527,147.7294309,20.33845177,24.31167563
703.4,28.16966925,-61.60669882,35166.0624,147.742845,20.34920668,24.31776893
703.5,28.16940625,-61.60896233,35165.02959,147.7562695,20.35996234,24.32386442
703.6,28.16914373,-61.61122555,35163.99682,147.7695899,20.37071876,24.32996209
703.7,28.16888171,-61.61348846,35162.9641,147.7830715,20.38153704,24.33613929
703.8,28.16862019,-61.61575108,35161.93144,147.7964129,20.39229496,24.34230843
703.9,28.16835915,-61.6180134,35160.89884,147.8099156,20.40311475,24.34855717
704,28.16809861,-61.62027543,35159.8663,147.8233141,20.41393531,24.35474103
704.1,28.16783857,-61.62253716,35158.83381,147.8367232,20.42475663,24.36099424
704.2,28.16757901,-61.62479859,35157.8014,147.8501429,20.43557871,24.36724969
704.3,28.16731995,-61.62705972,35156.76905,147.8635732,20.44640155,24.37357451
704.4,28.16706138,-61.62932056,35155.73677,147.8770505,20.45728631,24.3798448
704.5,28.1668033,-61.63158109,35154.70457,147.8905021,20.46811068,24.38617415
704.6,28.16654571,-61.63384133,35153.67244,147.9039643,20.47893581,24.39243862
704.7,28.16628862,-61.63610127,35152.64039,147.917322,20.48976171,24.3987725
704.8,28.16603202,-61.63836092,35151.60843,147.9308421,20.50064954,24.40511902
704.9,28.1657759,-61.64062026,35150.57654,147.9443363,20.51147698,24.41145745
705,28.16552028,-61.64287931,35149.54475,147.957726,20.52230517,24.41779816
705.1,28.16526515,-61.64513805,35148.51304,147.9711263,20.53313414,24.42414114
705.2,28.16501051,-61.6473965,35147.48142,147.9846527,20.54396387,24.4305536
705.3,28.16475636,-61.64965465,35146.4499,147.9981163,20.55467198,24.4369475
705.4,28.16450271,-61.6519125,35145.41848,148.0116326,20.56525846,24.44339001
705.5,28.16424954,-61.65417005,35144.38715,148.0250491,20.57566206,24.44973619
705.6,28.16399686,-61.6564273,35143.35592,148.0386334,20.58594397,24.45606363
705.7,28.16374467,-61.65868426,35142.32478,148.0521543,20.59610416,24.46223778
705.8,28.16349297,-61.66094091,35141.29373,148.0655746,20.60608139,24.46838257
705.9,28.16324176,-61.66319726,35140.26277,148.0790838,20.61599805,24.47438436
706,28.16299104,-61.66545332,35139.23189,148.0925289,20.62579292,24.4802326
706.1,28.16274081,-61.66770907,35138.2011,148.1060258,20.63546598,24.48599446
706.2,28.16249106,-61.66996452,35137.17038,148.1194582,20.64501719,24.49166986
706.3,28.16224181,-61.67221967,35136.13973,148.1328261,20.65444654,24.49719145
706.4,28.16199304,-61.67447453,35135.10915,148.1462823,20.66381524,24.50263696
706.5,28.16174476,-61.67672908,35134.07863,148.1597526,20.6730008,24.50791795
706.6,28.16149697,-61.67898333,35133.04816,148.1731162,20.68218692,24.51313327
706.7,28.16124967,-61.68123728,35132.01774,148.1864891,20.69137359,24.51814826
706.8,28.16100285,-61.68349093,35130.98736,148.1997925,20.70062207,24.52310805
706.9,28.16075653,-61.68574428,35129.95702,148.2131801,20.70999362,24.52802323
707,28.16051068,-61.68799733,35128.92671,148.2264982,20.71942701,24.53295059
707.1,28.16026533,-61.69025008,35127.89643,148.2397469,20.72892224,24.53789014
707.2,28.16002046,-61.69250253,35126.86618,148.2530801,20.73854061,24.54285252
707.3,28.15977608,-61.69475467,35125.83596,148.2664605,20.74822085,24.54789453
707.4,28.15953219,-61.69700652,35124.80577,148.2798094,20.75802426,24.55302682
707.5,28.15928878,-61.69925806,35123.7756,148.2930891,20.76788958,24.55830623
707.6,28.15904586,-61.7015093,35122.74546,148.3064164,20.77781683,24.56359807
707.7,28.15880342,-61.70376024,35121.71534,148.3197913,20.78780602,24.56896974
707.8,28.15856147,-61.70601088,35120.68525,148.333214,20.79785716,24.57442131
707.9,28.15832001,-61.70826122,35119.65519,148.3465679,20.80797026,24.58002022
708,28.15807903,-61.71051125,35118.62515,148.3599697,20.81814534,24.58563174
708.1,28.15783853,-61.71276098,35117.59514,148.3733028,20.8283824,24.59139071
708.2,28.15759852,-61.71501041,35116.56517,148.3867631,20.83862016,24.59715169
708.3,28.157359,-61.71725954,35115.53522,148.4001547,20.84891993,24.6029928
708.4,28.15711996,-61.71950836,35114.50531,148.4135947,20.85928172,24.6089141
708.5,28.1568814,-61.72175688,35113.47543,148.4270452,20.86964422,24.61483748
708.6,28.15664333,-61.7240051,35112.44559,148.4405442,20.88006876,24.62084111
708.7,28.15640574,-61.72625301,35111.41579,148.4539366,20.89049402,24.62691433
708.8,28.15616864,-61.72850063,35110.38603,148.4673395,20.90092001,24.63305715
708.9,28.15593202,-61.73074793,35109.3563,148.4807912,20.91140806,24.63914539
709,28.15569589,-61.73299494,35108.32663,148.4942535,20.92189684,24.64537077
709.1,28.15546023,-61.73524164,35107.297,148.5077647,20.9324477,24.65154161
709.2,28.15522506,-61.73748804,35106.26741,148.5212483,20.94293795,24.65783888
709.3,28.15499038,-61.73973413,35105.23788,148.534781,20.9534903,24.66408163
709.4,28.15475618,-61.74197992,35104.2084,148.5482068,20.96404338,24.67039413
709.5,28.15452245,-61.74422541,35103.17897,148.561761,20.97459721,24.67670886
709.6,28.15428922,-61.74647059,35102.1496,148.5752083,20.98515179,24.68302582
709.7,28.15405646,-61.74871546,35101.12029,148.5887049,20.99576848,24.68942339
709.8,28.15382419,-61.75096004,35100.09104,148.6021738,21.00632456,24.69574485
709.9,28.1535924,-61.75320431,35099.06186,148.615692,21.01694275,24.70214696
710,28.15336109,-61.75544827,35098.03274,148.6291824,21.02750033,24.7085405
710.1,28.15313026,-61.75769193,35097.00369,148.6427223,21.03812003,24.71501474
710.2,28.15289991,-61.75993528,35095.97471,148.6562343,21.04867911,24.72141281
710.3,28.15267004,-61.76217833,35094.9458,148.669796,21.05930032,24.72782404
710.4,28.15244066,-61.76442107,35093.91697,148.6832505,21.0699223,24.73430516
710.5,28.15221176,-61.76666351,35092.88822,148.696795,21.08048363,24.74077768
710.6,28.15198333,-61.76890564,35091.85954,148.7102712,21.09110712,24.74719579
710.7,28.15175539,-61.77114746,35090.83095,148.7238766,21.10173137,24.75368381
710.8,28.15152793,-61.77338898,35089.80245,148.7373355,21.11229496,24.76016321
710.9,28.15130094,-61.7756302,35088.77403,148.7508845,21.12279788,24.76670159
711,28.15107444,-61.7778711,35087.7457,148.7644454,21.13311726,24.77327705
711.1,28.15084842,-61.7801117,35086.71746,148.7779779,21.14337593,24.77977613
711.2,28.15062287,-61.782352,35085.6893,148.7915218,21.15345101,24.7862445
711.3,28.15039781,-61.78459199,35084.66123,148.8051162,21.16340389,24.79255769
711.4,28.15017322,-61.78683167,35083.63325,148.8186818,21.17329599,24.79886198
711.5,28.14994912,-61.78907105,35082.60535,148.832179,21.18306586,24.80501094
711.6,28.14972549,-61.79131011,35081.57752,148.8457263,21.19271348,24.81107217
711.7,28.14950234,-61.79354887,35080.54977,148.8592444,21.20230027,24.81698892
711.8,28.14927967,-61.79578733,35079.5221,148.872773,21.2117033,24.82287447
711.9,28.14905748,-61.79802548,35078.49448,148.886272,21.22104546,24.82861538
712,28.14883576,-61.80026332,35077.46693,148.8997412,21.23032676,24.83427931
712.1,28.14861453,-61.80250085,35076.43943,148.9132601,21.23948569,24.83978742
712.2,28.14839377,-61.80473807,35075.41198,148.9267491,21.24858371,24.84521842
712.3,28.14817348,-61.80697499,35074.38458,148.9401287,21.2576823,24.85058336
712.4,28.14795368,-61.8092116,35073.35721,148.9535576,21.26684293,24.85575777
712.5,28.14773435,-61.8114479,35072.32988,148.9669565,21.27612711,24.860956
712.6,28.1475155,-61.8136839,35071.30257,148.9802857,21.28547336,24.86609925
712.7,28.14729712,-61.81591958,35070.2753,148.9937045,21.2949432,24.87133418
712.8,28.14707922,-61.81815496,35069.24805,149.0070537,21.30447514,24.87658196
712.9,28.1468618,-61.82039003,35068.22083,149.0204528,21.31406921,24.88191042
713,28.14664485,-61.82262479,35067.19364,149.0339021,21.3237254,24.8872518
713.1,28.14642838,-61.82485925,35066.16646,149.0472819,21.33344375,24.89274176
713.2,28.14621239,-61.82709339,35065.13932,149.0607521,21.34328576,24.89825588
713.3,28.14599687,-61.82932723,35064.11219,149.074113,21.35312844,24.90390754
713.4,28.14578182,-61.83156075,35063.0851,149.0875644,21.36309483,24.90965131
713.5,28.14556725,-61.83379397,35062.05802,149.1010264,21.37306189,24.91539706
713.6,28.14535316,-61.83602688,35061.03098,149.1144192,21.38309116,24.92129168
713.7,28.14513954,-61.83825948,35060.00396,149.1279827,21.39318266,24.92719953
713.8,28.14492639,-61.84049177,35058.97697,149.1414369,21.40327485,24.9331773
713.9,28.14471372,-61.84272375,35057.95001,149.1549421,21.41342928,24.93923624
714,28.14450153,-61.84495542,35056.92308,149.1683379,21.42358442,24.94536516
714.1,28.1442898,-61.84718679,35055.89619,149.1819049,21.43380182,24.95150746
714.2,28.14407856,-61.84941784,35054.86933,149.1954031,21.44408149,24.95773104
714.3,28.14386778,-61.85164858,35053.8425,149.2089122,21.45436188,24.96402472
714.4,28.14365748,-61.85387901,35052.81572,149.222432,21.464643,24.97032059
714.5,28.14344765,-61.85610913,35051.78897,149.2359627,21.47492485,24.97661867
714.6,28.1432383,-61.85833894,35050.76227,149.249545,21.48526899,24.98299818
714.7,28.14302941,-61.86056844,35049.73562,149.2631383,21.49561387,24.98944786
714.8,28.14282101,-61.86279763,35048.709,149.276622,21.50595949,24.99583187
714.9,28.14261307,-61.86502651,35047.68244,149.2901575,21.51636743,25.00229739
715,28.14240561,-61.86725508,35046.65593,149.3037838,21.52671452,25.00882184
715.1,28.14219861,-61.86948334,35045.62947,149.3173413,21.53712395,25.01529194
715.2,28.14199209,-61.87171129,35044.60307,149.3309099,21.54753412,25.02183231
715.3,28.14178605,-61.87393892,35043.57673,149.3444895,21.55794504,25.02837498
715.4,28.14158047,-61.87616624,35042.55044,149.3580802,21.56835671,25.03491997
715.5,28.14137536,-61.87839326,35041.52422,149.3715611,21.57876913,25.04153528
715.6,28.14117073,-61.88061996,35040.49806,149.3851739,21.58918229,25.0480849
715.7,28.14096657,-61.88284634,35039.47197,149.3987979,21.5995962,25.05470486
715.8,28.14076288,-61.88507242,35038.44594,149.4123119,21.61001087,25.06132715
715.9,28.14055966,-61.88729819,35037.41999,149.4259582,21.62042628,25.06795178
716,28.14035691,-61.88952364,35036.39411,149.4395357,21.63090408,25.07459018
716.1,28.14015463,-61.89174878,35035.36831,149.4530831,21.641321,25.0812195
716.2,28.13995282,-61.89397361,35034.34259,149.4666415,21.65173867,25.08785116
716.3,28.13975148,-61.89619812,35033.31695,149.480211,21.66215709,25.09455324
716.4,28.13955061,-61.89842232,35032.29139,149.4937917,21.67257626,25.1011896
716.5,28.13935021,-61.90064621,35031.26592,149.5074634,21.68293453,25.107953
716.6,28.13915028,-61.90286979,35030.24053,149.521063,21.69317022,25.11469577
716.7,28.13895082,-61.90509305,35029.21523,149.53467,21.70322163,25.12133822
716.8,28.13875183,-61.907316,35028.19002,149.5483678,21.71321207,25.12803952
716.9,28.1385533,-61.90953864,35027.16489,149.5619929,21.72307986,25.13458376
717,28.13835525,-61.91176096,35026.13985,149.5756668,21.73282496,25.14103896
717.1,28.13815766,-61.91398297,35025.11489,149.5892676,21.74244736,25.14740504
717.2,28.13796054,-61.91620467,35024.09001,149.6028369,21.75200871,25.15369347
717.3,28.13776389,-61.91842605,35023.0652,149.6163326,21.76144731,25.15989264
717.4,28.13756771,-61.92064712,35022.04046,149.6300407,21.77082484,25.16594587
717.5,28.137372,-61.92286787,35021.01579,149.6435529,21.78007958,25.17197786
717.6,28.13717675,-61.92508832,35019.99119,149.6571552,21.78927321,25.17786378
717.7,28.13698197,-61.92730844,35018.96664,149.6706834,21.79834402,25.18366015
717.8,28.13678766,-61.92952825,35017.94214,149.6841793,21.80735369,25.1893785
717.9,28.13659381,-61.93174775,35016.91769,149.6976853,21.81636392,25.194894
718,28.13640043,-61.93396694,35015.89327,149.7111211,21.82543645,25.20042285
718.1,28.13620752,-61.93618581,35014.8689,149.7246092,21.83457127,25.20582863
718.2,28.13601508,-61.93840436,35013.84456,149.7380698,21.84383013,25.21125944
718.3,28.1358231,-61.9406226,35012.82025,149.7515829,21.85315132,25.21663544
718.4,28.13563158,-61.94284052,35011.79598,149.7650262,21.86253486,25.22216136
718.5,28.13544053,-61.94505813,35010.77173,149.7784422,21.87204249,25.22771246
718.6,28.13524995,-61.94727543,35009.74751,149.7918685,21.88155076,25.2332654
718.7,28.13505983,-61.94949241,35008.72331,149.8053904,21.89118316,25.23898013
718.8,28.13487018,-61.95170907,35007.69915,149.8188428,21.90087796,25.24477677
718.9,28.13468099,-61.95392542,35006.67501,149.8323056,21.91057342,25.25057536
719,28.13449227,-61.95614145,35005.6509,149.8458646,21.92039306,25.25653595
719.1,28.13430401,-61.95835717,35004.62682,149.8593114,21.93021338,25.26249858
719.2,28.13411622,-61.96057257,35003.60277,149.8729348,21.94009614,25.2685433
719.3,28.13392889,-61.96278766,35002.57876,149.8864888,21.95004137,25.27473847
719.4,28.13374203,-61.96500243,35001.55477,149.8999306,21.95998729,25.28086746
719.5,28.13355563,-61.96721688,35000.53082,149.9135494,21.96999569,25.28714699
719.6,28.13336969,-61.96943102,34999.50691,149.927099,21.98006658,25.29350882
719.7,28.13318422,-61.97164484,34998.48303,149.9406596,21.99013819,25.29987286
719.8,28.13299921,-61.97385834,34997.45919,149.9542312,22.00021051,25.30623911
719.9,28.13281466,-61.97607153,34996.43539,149.9678572,22.01034535,25.31268775
720,28.13263058,-61.9782844,34995.41164,149.9814942,22.02048091,25.31920702
720.1,28.13244696,-61.98049696,34994.38793,149.9950189,22.0306172,25.32572855
720.2,28.1322638,-61.98270919,34993.36427,150.0087217,22.04081602,25.3323326
720.3,28.1320811,-61.98492111,34992.34065,150.0222686,22.05095377,25.3389271
720.4,28.13189887,-61.98713271,34991.31709,150.0358702,22.06115406,25.34553577
720.5,28.1317171,-61.989344,34990.29358,150.0495265,22.07141692,25.35222704
720.6,28.13153579,-61.99155497,34989.27012,150.0631505,22.08161869,25.35890878
720.7,28.13135495,-61.99376561,34988.24672,150.0767859,22.09182119,25.36559286
720.8,28.13117456,-61.99597595,34987.22339,150.0904762,22.10208628,25.37229119
720.9,28.13099464,-61.99818596,34986.20011,150.1040101,22.11229026,25.37904841
721,28.13081517,-62.00039566,34985.1769,150.1177232,22.12255684,25.38581993
721.1,28.13063617,-62.00260503,34984.15375,150.1313234,22.13282416,25.39252536
721.2,28.13045763,-62.00481409,34983.13068,150.1450593,22.14309223,25.39937011
721.3,28.13027955,-62.00702283,34982.10767,150.1586824,22.15336105,25.40614878
721.4,28.13010193,-62.00923125,34981.08474,150.1722728,22.16356875,25.41291787
721.5,28.12992477,-62.01143936,34980.06188,150.1859186,22.17383906,25.41976981
721.6,28.12974808,-62.01364714,34979.03911,150.1995758,22.18411012,25.42655566
721.7,28.12957184,-62.01585461,34978.01641,150.2132444,22.19438194,25.43341242
721.8,28.12939606,-62.01806175,34976.9938,150.2269245,22.20465451,25.44027159
721.9,28.12922074,-62.02026858,34975.97127,150.240616,22.21492782,25.44713319
722,28.12904588,-62.02247509,34974.94883,150.2543191,22.22520189,25.4539972
722.1,28.12887148,-62.02468128,34973.92648,150.2679893,22.23541482,25.46085158
722.2,28.12869754,-62.02688714,34972.90422,150.2817072,22.24550468,25.46775281
722.3,28.12852405,-62.02909269,34971.88206,150.2953475,22.25547145,25.47470086
722.4,28.12835103,-62.03129792,34970.85999,150.3090352,22.26531511,25.48155852
722.5,28.12817846,-62.03350283,34969.83801,150.32277,22.27503563,25.4883257
722.6,28.12800636,-62.03570742,34968.81612,150.3364268,22.28463298,25.49500232
722.7,28.12783471,-62.03791169,34967.79432,150.3501751,22.29416907,25.5016004
722.8,28.12766351,-62.04011564,34966.7726,150.363845,22.30358195,25.50810776
722.9,28.12749278,-62.04231927,34965.75096,150.3774362,22.3128716,25.51452434
723,28.1273225,-62.04452258,34964.7294,150.3911186,22.32209993,25.52079354
723.1,28.12715268,-62.04672556,34963.70792,150.4047669,22.33126693,25.52705257
723.2,28.12698332,-62.04892823,34962.6865,150.4182911,22.34024869,25.5331398
723.3,28.12681442,-62.05113058,34961.66515,150.4319512,22.34923104,25.53916024
723.4,28.12664597,-62.0533326,34960.64386,150.4455318,22.35809006,25.54502086
723.5,28.12647798,-62.05553431,34959.62262,150.4590777,22.36688768,25.55087109
723.6,28.12631044,-62.05773569,34958.60142,150.4727237,22.37580978,25.55654146
723.7,28.12614336,-62.05993675,34957.58027,150.4861737,22.38479442,25.56215711
723.8,28.12597673,-62.06213749,34956.55916,150.499679,22.39384161,25.56771807
723.9,28.12581057,-62.06433791,34955.53809,150.5132398,22.40295135,25.57329303
724,28.12564485,-62.06653801,34954.51705,150.5267756,22.41218566,25.57896297
724.1,28.1254796,-62.06873779,34953.49605,150.5402412,22.42148255,25.58464701
724.2,28.12531479,-62.07093724,34952.47508,150.5537626,22.43084205,25.59041391
724.3,28.12515045,-62.07313638,34951.45414,150.5672139,22.44026418,25.59626373
724.4,28.12498655,-62.07533519,34950.43324,150.5808475,22.44974894,25.60212776
724.5,28.12482311,-62.07753368,34949.41236,150.5944112,22.45929634,25.60814356
724.6,28.12466013,-62.07973185,34948.39152,150.6079049,22.46890641,25.61417367
724.7,28.1244976,-62.08192969,34947.37071,150.6214551,22.47857915,25.62035567
724.8,28.12433553,-62.08412721,34946.34994,150.6350619,22.48831458,25.62655209
724.9,28.1241739,-62.08632441,34945.3292,150.6486798,22.49805069,25.63281941
725,28.12401274,-62.08852129,34944.3085,150.6623545,22.50784951,25.63917001
725.1,28.12385202,-62.09071785,34943.28784,150.6759139,22.51764902,25.64559158
725.2,28.12369176,-62.09291408,34942.26722,150.6895302,22.52751125,25.65209653
725.3,28.12353195,-62.09510999,34941.24663,150.7032036,22.53743622,25.65861607
725.4,28.1233726,-62.09730558,34940.22609,150.7168885,22.54736191,25.66520671
725.5,28.1232137,-62.09950084,34939.2056,150.7304578,22.55728831,25.67179963
725.6,28.12305525,-62.10169578,34938.18515,150.7442114,22.56727747,25.67847608
725.7,28.12289725,-62.1038904,34937.16475,150.7578034,22.5772053,25.68514244
725.8,28.12273971,-62.10608469,34936.1444,150.7714991,22.58725796,25.69190481
725.9,28.12258262,-62.10827866,34935.12411,150.7851601,22.5972493,25.69865711
726,28.12242598,-62.11047231,34934.10386,150.7988788,22.60730342,25.70549309
726.1,28.12226979,-62.11266563,34933.08368,150.8125628,22.61729621,25.712319
726.2,28.12211405,-62.11485862,34932.06355,150.8263047,22.6273518,25.71915975
726.3,28.12195876,-62.1170513,34931.04349,150.8399308,22.63740813,25.72600288
726.4,28.12180393,-62.11924365,34930.02348,150.8536959,22.64746519,25.73291733
726.5,28.12164955,-62.12143567,34929.00355,150.8673451,22.65752298,25.73983419
726.6,28.12149562,-62.12362737,34927.98368,150.8810524,22.66764361,25.74676598
726.7,28.12134213,-62.12581875,34926.96388,150.8948525,22.67770289,25.75368769
726.8,28.1211891,-62.1280098,34925.94415,150.9085833,22.687825,25.7606933
726.9,28.12103652,-62.13020053,34924.9245,150.922279,22.69788576,25.76761987
727,28.12088439,-62.13239093,34923.90493,150.9359864,22.70794726,25.77461783
727.1,28.12073271,-62.134581,34922.88543,150.9497522,22.71807161,25.7816308
727.2,28.12058148,-62.13677075,34921.86602,150.963355,22.72813459,25.78863367
727.3,28.1204307,-62.13896018,34920.84669,150.9771444,22.73826043,25.79565157
727.4,28.12028036,-62.14114928,34919.82745,150.9908985,22.7483249,25.80265935
727.5,28.12013048,-62.14333805,34918.8083,151.0045833,22.75845224,25.80968219
727.6,28.11998105,-62.1455265,34917.78923,151.018361,22.7685182,25.81669488
727.7,28.11983206,-62.14771462,34916.77027,151.0320692,22.77864703,25.8237917
727.8,28.11968352,-62.14990242,34915.75139,151.045776,22.78859018,25.83085309
727.9,28.11953544,-62.15208989,34914.73262,151.0595757,22.79847191,25.83797333
728,28.1193878,-62.15427703,34913.71394,151.0733735,22.80816788,25.84498895
728.1,28.1192406,-62.15646385,34912.69536,151.0872641,22.81780238,25.85206332
728.2,28.11909386,-62.15865034,34911.67688,151.1008954,22.82725107,25.85896383
728.3,28.11894756,-62.16083651,34910.65848,151.1147476,22.83663825,25.8657848
728.4,28.11880171,-62.16302235,34909.64018,151.1285162,22.84590173,25.87251348
728.5,28.11865631,-62.16520786,34908.62196,151.1422007,22.85504148,25.87908068
728.6,28.11851136,-62.16739304,34907.60383,151.1558961,22.86418185,25.88558084
728.7,28.11836685,-62.1695779,34906.58578,151.1695884,22.87313628,25.89197573
728.8,28.11822279,-62.17176243,34905.5678,151.1832437,22.8820291,25.89829075
728.9,28.11807917,-62.17394664,34904.54989,151.1969433,22.89079813,25.90451307
729,28.117936,-62.17613051,34903.53204,151.2106057,22.89950552,25.91065537
729.1,28.11779328,-62.17831406,34902.51425,151.2242307,22.90815127,25.91664846
729.2,28.117651,-62.18049728,34901.49652,151.2378662,22.91679757,25.92250504
729.3,28.11750917,-62.18268018,34900.47883,151.2514307,22.92550663,25.92830702
729.4,28.11736779,-62.18486275,34899.46118,151.2649723,22.93434068,25.93399803
729.5,28.11722685,-62.18704498,34898.44358,151.2785726,22.94323752,25.93977285
729.6,28.11708635,-62.1892269,34897.42601,151.2921501,22.9522594,25.94550594
729.7,28.1169463,-62.19140848,34896.40848,151.3056088,22.96128187,25.9513101
729.8,28.11680669,-62.19358974,34895.39098,151.3191746,22.9704294,25.95714181
729.9,28.11666753,-62.19577066,34894.37351,151.3327995,22.97963979,25.96305751
730,28.11652881,-62.19795126,34893.35608,151.3464023,22.98897529,25.96907012
730.1,28.11639054,-62.20013154,34892.33868,151.3600161,22.99831143,25.97515398
730.2,28.11625271,-62.20231148,34891.32131,151.3736895,23.00771046,25.98132199
730.3,28.11611533,-62.20449109,34890.30398,151.3872926,23.0171724,25.98757423
730.4,28.11597839,-62.20667038,34889.28668,151.4009554,23.02669726,25.99391073
730.5,28.11584189,-62.20884934,34888.26941,151.4144994,23.03622279,26.00031866
730.6,28.11570583,-62.21102797,34887.25218,151.4282335,23.04581127,26.00681096
730.7,28.11557022,-62.21320626,34886.23499,151.4418976,23.05546269,26.0133184
730.8,28.11543505,-62.21538424,34885.21784,151.4555731,23.0651148,26.01996666
730.9,28.11530033,-62.21756188,34884.20073,151.4693089,23.07482989,26.02663015
731,28.11516605,-62.21973919,34883.18366,151.4829258,23.08454568,26.03329594
731.1,28.11503221,-62.22191617,34882.16663,151.4967338,23.09432446,26.04004631
731.2,28.11489881,-62.22409282,34881.14965,151.5104229,23.10410395,26.04686836
731.3,28.11476585,-62.22626915,34880.13272,151.5241237,23.11388415,26.05376211
731.4,28.11463334,-62.22844514,34879.11584,151.5378852,23.12372736,26.06060189
731.5,28.11450126,-62.2306208,34878.09901,151.5516585,23.1335713,26.06758277
731.6,28.11436963,-62.23279614,34877.08223,151.5654437,23.14341596,26.0744967
731.7,28.11423844,-62.23497114,34876.06551,151.5791098,23.15326135,26.08148242
731.8,28.11410769,-62.23714581,34875.04884,151.5929679,23.16316977,26.08848361
731.9,28.11397739,-62.23932016,34874.03224,151.6066576,23.17301661,26.09554359
732,28.11384752,-62.24149417,34873.0157,151.6204085,23.1829265,26.10261909
732.1,28.11371809,-62.24366785,34871.99922,151.6343025,23.19283712,26.10969705
732.2,28.11358911,-62.2458412,34870.98281,151.6480278,23.20268614,26.1167644
732.3,28.11346056,-62.24801422,34869.96646,151.6618145,23.21259822,26.1238473
732.4,28.11333246,-62.25018691,34868.95019,151.6756131,23.22251105,26.13100213
732.5,28.11320479,-62.25235927,34867.934,151.689342,23.23248696,26.13817258
732.6,28.11307756,-62.2545313,34866.91788,151.7031646,23.24240126,26.14533242
732.7,28.11295078,-62.25670299,34865.90183,151.7169993,23.25231629,26.15249475
732.8,28.11282443,-62.25887436,34864.88587,151.7307143,23.26223207,26.15965959
732.9,28.11269852,-62.26104539,34863.86999,151.7445731,23.27214858,26.16682693
733,28.11257305,-62.26321609,34862.8542,151.7583121,23.28206583,26.17399678
733.1,28.11244802,-62.26538646,34861.8385,151.7721949,23.29198382,26.18123866
733.2,28.11232343,-62.2675565,34860.82288,151.7859579,23.30190255,26.18841354
733.3,28.11219928,-62.2697262,34859.80736,151.799733,23.31182201,26.19566046
733.4,28.11207556,-62.27189557,34858.79193,151.8135201,23.32174222,26.20290992
733.5,28.11195229,-62.27406462,34857.7766,151.827483,23.33153837,26.21020497
733.6,28.11182945,-62.27623332,34856.76137,151.8413072,23.34114804,26.21746274
733.7,28.11170704,-62.2784017,34855.74624,151.8550425,23.35063359,26.22469642
733.8,28.11158508,-62.28056974,34854.7312,151.8689532,23.35999499,26.23183636
733.9,28.11146355,-62.28273745,34853.71626,151.8828252,23.36929463,26.23889576
734,28.11134246,-62.28490483,34852.70141,151.8965572,23.37840767,26.24584795
734.1,28.11122181,-62.28707188,34851.68664,151.9103824,23.38745891,26.25271944
734.2,28.11110159,-62.28923859,34850.67197,151.9241684,23.39644834,26.25944057
734.3,28.11098181,-62.29140497,34849.65737,151.9379969,23.40531352,26.26606753
734.4,28.11086247,-62.29357101,34848.64286,151.951735,23.41405441,26.27260023
734.5,28.11074356,-62.29573673,34847.62841,151.9655154,23.422671,26.2790386
734.6,28.11062509,-62.29790211,34846.61403,151.9792559,23.43122571,26.28539591
734.7,28.11050705,-62.30006715,34845.59971,151.9929563,23.43971852,26.29160245
734.8,28.11038945,-62.30223186,34844.58545,152.0066165,23.44814942,26.29772781
734.9,28.11027228,-62.30439624,34843.57124,152.0202873,23.45658086,26.30371567
735,28.11015555,-62.30656029,34842.55706,152.0339377,23.46513776,26.30959278
735.1,28.11003926,-62.308724,34841.54293,152.0475679,23.47382015,26.31542885
735.2,28.1099234,-62.31088738,34840.52883,152.0610756,23.48250311,26.32126676
735.3,28.10980797,-62.31305042,34839.51477,152.0747477,23.49137406,26.3271468
735.4,28.10969298,-62.31521313,34838.50073,152.0882974,23.5002456,26.33309846
735.5,28.10957842,-62.31737551,34837.48673,152.1019608,23.50924271,26.33907895
735.6,28.10946429,-62.31953755,34836.47276,152.1155531,23.51830292,26.34514459
735.7,28.1093506,-62.32169926,34835.45881,152.1292081,23.52742625,26.35129544
735.8,28.10923735,-62.32386063,34834.44489,152.1427922,23.5366127,26.35760131
735.9,28.10912452,-62.32602167,34833.43101,152.156573,23.54586229,26.36392277
736,28.10901213,-62.32818237,34832.41715,152.1702314,23.55511254,26.37031611
736.1,28.10890017,-62.33034274,34831.40332,152.1838707,23.56448845,26.37680839
736.2,28.10878865,-62.33250277,34830.38953,152.1976557,23.57386503,26.38337265
736.3,28.10867756,-62.33466247,34829.37576,152.21137,23.58330479,26.39002246
736.4,28.1085669,-62.33682184,34828.36203,152.2250137,23.59280776,26.39675789
736.5,28.10845667,-62.33898087,34827.34834,152.2388034,23.60231142,26.40349561
736.6,28.10834688,-62.34113956,34826.33469,152.2526569,23.61187829,26.41038885
736.7,28.10823751,-62.34329792,34825.32107,152.2663881,23.62144587,26.41728444
736.8,28.10812858,-62.34545594,34824.30749,152.2801311,23.63101414,26.42418241
736.9,28.10802008,-62.34761363,34823.29396,152.2939382,23.64064566,26.4311662
737,28.10791202,-62.34977098,34822.28047,152.3077573,23.65027788,26.43822225
737.1,28.10780438,-62.35192799,34821.26702,152.3215061,23.65997337,26.44529436
737.2,28.10769718,-62.35408467,34820.25363,152.3353494,23.66960702,26.45242516
737.3,28.1075904,-62.35624101,34819.24028,152.3491224,23.67930394,26.45957207
737.4,28.10748406,-62.35839702,34818.22699,152.3630423,23.68900159,26.46672146
737.5,28.10737814,-62.36055269,34817.21375,152.3768921,23.69876252,26.47388701
737.6,28.10727266,-62.36270802,34816.20057,152.3907015,23.70846161,26.48111129
737.7,28.10716761,-62.36486302,34815.18745,152.4045232,23.71816142,26.48833807
737.8,28.10706299,-62.36701768,34814.17439,152.4184096,23.72792453,26.495651
737.9,28.10695879,-62.36917201,34813.1614,152.4323085,23.73768838,26.50289654
738,28.10685503,-62.37132599,34812.14847,152.4460315,23.74739036,26.51020083
738.1,28.1067517,-62.37347964,34811.13561,152.4599549,23.75715567,26.51752139
738.2,28.10664879,-62.37563296,34810.12282,152.4737553,23.76692171,26.52484452
738.3,28.10654632,-62.37778593,34809.1101,152.4877034,23.77668848,26.53224018
738.4,28.10644427,-62.37993857,34808.09747,152.5015284,23.78645599,26.53956844
738.5,28.10634266,-62.38209087,34807.08491,152.5153657,23.79622423,26.54696926
738.6,28.10624147,-62.38424283,34806.07243,152.529351,23.80599321,26.55430265
738.7,28.10614071,-62.38639446,34805.06003,152.5432131,23.81576292,26.56170863
738.8,28.10604037,-62.38854574,34804.04772,152.5570875,23.82553336,26.56911719
738.9,28.10594047,-62.39069669,34803.0355,152.5709744,23.83530454,26.57652835
739,28.10584099,-62.3928473,34802.02337,152.5848736,23.84507646,26.58387206
739.1,28.10574195,-62.39499758,34801.01133,152.5987319,23.85478646,26.59134458
739.2,28.10564332,-62.39714751,34799.99939,152.6126317,23.86437189,26.59879195
739.3,28.10554513,-62.39929711,34798.98754,152.6265729,23.87383272,26.60628415
739.4,28.10544736,-62.40144636,34797.9758,152.6404191,23.88316891,26.61368099
739.5,28.10535002,-62.40359528,34796.96414,152.6543891,23.89231778,26.62103855
739.6,28.10525311,-62.40574386,34795.95258,152.6683173,23.90140463,26.62824435
739.7,28.10515662,-62.40789211,34794.9411,152.6820959,23.91030409,26.63541068
739.8,28.10506056,-62.41004001,34793.92972,152.6960227,23.91920417,26.64236891
739.9,28.10496493,-62.41218757,34792.91841,152.7097995,23.92791681,26.64928747
740,28.10486972,-62.4143348,34791.90719,152.7236705,23.93656735,26.65605393
740.1,28.10477493,-62.41648168,34790.89603,152.7374988,23.94515578,26.66273835
740.2,28.10468057,-62.41862823,34789.88495,152.7513132,23.95355669,26.6693127
740.3,28.10458664,-62.42077444,34788.87393,152.7651386,23.96195816,26.67581885
740.4,28.10449313,-62.4229203,34787.86296,152.7788127,23.97017205,26.68214459
740.5,28.10440005,-62.42506583,34786.85205,152.7926347,23.97838648,26.688402
740.6,28.10430739,-62.42721102,34785.84118,152.8062476,23.98666413,26.69446471
740.7,28.10421516,-62.42935587,34784.83034,152.8199257,23.99500504,26.70047309
740.8,28.10412335,-62.43150038,34783.81954,152.8335862,24.00347192,26.70644119
740.9,28.10403196,-62.43364455,34782.80877,152.8473668,24.01206481,26.71243926
741,28.103941,-62.43578838,34781.79802,152.8608837,24.02065828,26.71843923
741.1,28.10385046,-62.43793187,34780.78731,152.8745208,24.02937778,26.72446925
741.2,28.10376035,-62.44007502,34779.77661,152.8882785,24.03822335,26.73066989
741.3,28.10367066,-62.44221783,34778.76594,152.90191,24.04706953,26.73687254
741.4,28.10358139,-62.4443603,34777.75529,152.9156625,24.05604181,26.74317571
741.5,28.10349255,-62.44650242,34776.74467,152.9293436,24.06507746,26.74956534
741.6,28.10340412,-62.44864421,34775.73407,152.9430913,24.07417651,26.75604151
741.7,28.10331612,-62.45078566,34774.72349,152.9567127,24.0832762,26.76259013
741.8,28.10322855,-62.45292677,34773.71294,152.970594,24.09250206,26.76923955
741.9,28.10314139,-62.45506753,34772.70241,152.9843492,24.10172859,26.77596152
742,28.10305466,-62.45720796,34771.69192,152.9981714,24.11101855,26.78277025
742.1,28.10296835,-62.45934804,34770.68145,153.0118675,24.12030919,26.78965162
742.2,28.10288246,-62.46148779,34769.67101,153.0257692,24.12966329,26.79661985
742.3,28.102797,-62.46362719,34768.6606,153.0395999,24.13908085,26.80367502
742.4,28.10271195,-62.46576625,34767.65022,153.053443,24.14849911,26.8107326
742.5,28.10262733,-62.46790497,34766.63988,153.0672983,24.15791806,26.81779261
742.6,28.10254312,-62.47004335,34765.62958,153.0810827,24.16740051,26.82501003
742.7,28.10245934,-62.47218138,34764.61932,153.0950182,24.17688366,26.83222994
742.8,28.10237598,-62.47431908,34763.6091,153.1088274,24.18636752,26.83945234
742.9,28.10229304,-62.47645643,34762.59892,153.1227045,24.1959149,26.84676191
743,28.10221052,-62.47859344,34761.58879,153.1365941,24.20546299,26.85407402
743.1,28.10212842,-62.48073011,34760.5787,153.1504963,24.21501179,26.86145909
743.2,28.10204674,-62.48286643,34759.56867,153.164411,24.22456132,26.86884671
743.3,28.10196548,-62.48500242,34758.55869,153.1783382,24.23411155,26.8762369
743.4,28.10188464,-62.48713806,34757.54877,153.192334,24.24372535,26.88364399
743.5,28.10180422,-62.48927336,34756.5389,153.2061471,24.25327702,26.89110978
743.6,28.10172421,-62.49140831,34755.52909,153.2201683,24.26289226,26.89859253
743.7,28.10164463,-62.49354293,34754.51935,153.2340064,24.27244538,26.9060635
743.8,28.10156547,-62.4956772,34753.50967,153.2479134,24.28206207,26.91355146
743.9,28.10148672,-62.49781112,34752.50006,153.261833,24.29167949,26.92111254
744,28.10140839,-62.49994471,34751.49052,153.2757653,24.30129764,26.92860575
744.1,28.10133049,-62.50207795,34750.48105,153.2897103,24.31091651,26.9361721
744.2,28.101253,-62.50421084,34749.47165,153.303668,24.32053612,26.9437411
744.3,28.10117592,-62.5063434,34748.46234,153.3176385,24.33015646,26.95131274
744.4,28.10109927,-62.50847561,34747.4531,153.3315651,24.33971464,26.95887256
744.5,28.10102303,-62.51060748,34746.44395,153.3455612,24.34933643,26.96644949
744.6,28.10094721,-62.512739,34745.43488,153.3594297,24.35895896,26.97409964
744.7,28.10087181,-62.51487018,34744.4259,153.3734513,24.36858221,26.98168188
744.8,28.10079682,-62.51700101,34743.41701,153.3874289,24.3781433,26.98932286
744.9,28.10072226,-62.5191315,34742.40822,153.4013623,24.3876422,26.99695196
745,28.1006481,-62.52126165,34741.39952,153.4153614,24.39689015,27.00466675
745.1,28.10057437,-62.52339145,34740.39091,153.4293995,24.40601295,27.01228438
745.2,28.10050105,-62.52552091,34739.38239,153.4433929,24.41507349,27.01981933
745.3,28.10042815,-62.52765002,34738.37397,153.4573678,24.42394589,27.02724237
745.4,28.10035566,-62.52977879,34737.36563,153.4713811,24.43269306,27.03456796
745.5,28.10028359,-62.53190721,34736.35737,153.4853492,24.44137789,27.04181061
745.6,28.10021193,-62.53403529,34735.34919,153.4992144,24.44993745,27.04888496
745.7,28.10014069,-62.53616303,34734.34109,153.5130339,24.45843464,27.05587622
745.8,28.10006987,-62.53829042,34733.33305,153.5269748,24.46674356,27.06275503
745.9,28.09999946,-62.54041746,34732.32508,153.5407861,24.47505303,27.06949453
746,28.09992946,-62.54254416,34731.31717,153.5547186,24.48317417,27.07612139
746.1,28.09985988,-62.54467051,34730.30931,153.5684633,24.49123288,27.08266483
746.2,28.09979071,-62.54679652,34729.3015,153.582303,24.49922914,27.08905407
746.3,28.09972196,-62.54892219,34728.29372,153.5960701,24.50728888,27.09531839
746.4,28.09965362,-62.5510475,34727.28598,153.6097646,24.51541211,27.10145779
746.5,28.09958569,-62.55317248,34726.27826,153.6234444,24.52366182,27.10762845
746.6,28.09951818,-62.5552971,34725.27057,153.6371935,24.53197505,27.1136742
746.7,28.09945108,-62.55742139,34724.26289,153.6509283,24.5404148,27.11982204
746.8,28.0993844,-62.55954532,34723.25524,153.6646488,24.5489811,27.12607208
746.9,28.09931812,-62.56166891,34722.2476,153.6782389,24.55754798,27.1323241
747,28.09925226,-62.56379216,34721.23997,153.6920991,24.56624145,27.13867844
747.1,28.09918682,-62.56591506,34720.23236,153.7057452,24.57499852,27.14512042
747.2,28.09912178,-62.56803761,34719.22476,153.7194614,24.58381921,27.15165009
747.3,28.09905716,-62.57015981,34718.21718,153.7332479,24.59270353,27.15826752
747.4,28.09899295,-62.57228167,34717.20961,153.7471635,24.60171452,27.16498757
747.5,28.09892915,-62.57440319,34716.20206,153.7608903,24.61066313,27.17183674
747.6,28.09886576,-62.57652435,34715.19452,153.7747465,24.61973843,27.17871783
747.7,28.09880279,-62.57864517,34714.187,153.788615,24.6288144,27.1856721
747.8,28.09874022,-62.58076565,34713.1795,153.8024119,24.63795406,27.19271443
747.9,28.09867807,-62.58288577,34712.17202,153.8164228,24.64715742,27.19984488
748,28.09861633,-62.58500555,34711.16456,153.8303035,24.65636146,27.20704864
748.1,28.098555,-62.58712499,34710.15712,153.8442556,24.66562923,27.21434064
748.2,28.09849408,-62.58924407,34709.14971,153.8580774,24.67489769,27.22163513
748.3,28.09843357,-62.59136281,34708.14233,153.8720549,24.68416684,27.22900304
748.4,28.09837347,-62.5934812,34707.13497,153.885961,24.69349974,27.23638839
748.5,28.09831378,-62.59559925,34706.12765,153.8998798,24.70283334,27.24384722
748.6,28.0982545,-62.59771694,34705.12036,153.9138114,24.71216764,27.25137956
748.7,28.09819563,-62.59983429,34704.1131,153.9278151,24.72156571,27.2588585
748.8,28.09813717,-62.60195129,34703.10588,153.9418318,24.7309645,27.26648197
748.9,28.09807912,-62.60406795,34702.0987,153.9558614,24.74036399,27.2740371
749,28.09802148,-62.60618425,34701.09156,153.9697603,24.74976419,27.28166583
749.1,28.09796425,-62.60830021,34700.08447,153.9838158,24.75916511,27.28929721
749.2,28.09790743,-62.61041582,34699.07742,153.9977404,24.76856674,27.29700225
749.3,28.09785101,-62.61253108,34698.07042,154.0118817,24.77803218,27.30465397
749.4,28.09779501,-62.61464599,34697.06348,154.0258323,24.78743524,27.31236434
749.5,28.09773941,-62.61676055,34696.05658,154.0398557,24.79690212,27.32009245
749.6,28.09768422,-62.61887477,34695.04975,154.0538922,24.80636973,27.3278943
749.7,28.09762944,-62.62098863,34694.04297,154.0679419,24.81583806,27.33562782
749.8,28.09757507,-62.62310215,34693.03626,154.0818001,24.82524399,27.34342001
749.9,28.0975211,-62.62521532,34692.02961,154.0958759,24.83471376,27.35123002
750,28.09746754,-62.62732814,34691.02302,154.1099649,24.84418426,27.35897166
750.1,28.09741439,-62.62944061,34690.01651,154.1239224,24.85365548,27.36678712
750.2,28.09736165,-62.63155273,34689.01006,154.1380378,24.86312742,27.37460531
750.3,28.09730931,-62.6336645,34688.00369,154.1520216,24.8726001,27.38249736
750.4,28.09725738,-62.63577592,34686.9974,154.1660185,24.8820735,27.39032103
750.5,28.09720585,-62.63788699,34685.99119,154.1801736,24.89154762,27.39814744
750.6,28.09715473,-62.63999771,34684.98506,154.1940756,24.90089614,27.40601735
750.7,28.09710402,-62.64210809,34683.97902,154.2083047,24.91011902,27.4139307
750.8,28.09705372,-62.64421811,34682.97306,154.2223647,24.91915305,27.42180105
750.9,28.09700381,-62.64632778,34681.96718,154.2363158,24.92806139,27.42964353
751,28.09695432,-62.64843711,34680.96138,154.2504484,24.93684399,27.43731568
751.1,28.09690523,-62.65054608,34679.95567,154.2644718,24.94550084,27.44495977
751.2,28.09685654,-62.6526547,34678.95003,154.2785311,24.95403191,27.45243332
751.3,28.09680827,-62.65476297,34677.94446,154.2925416,24.96250037,27.45975147
751.4,28.09676039,-62.65687089,34676.93895,154.306442,24.970843,27.46697007
751.5,28.09671292,-62.65897846,34675.93351,154.320439,24.97912299,27.47410434
751.6,28.09666585,-62.66108568,34674.92813,154.3343253,24.98727711,27.48106763
751.7,28.09661919,-62.66319255,34673.9228,154.3482468,24.99530534,27.4879311
751.8,28.09657293,-62.66529907,34672.91752,154.3622032,25.00320766,27.49469464
751.9,28.09652708,-62.66740524,34671.91227,154.3760251,25.01111048,27.5013176
752,28.09648163,-62.66951106,34670.90706,154.3898817,25.01888736,27.50784048
752.1,28.09643658,-62.67161653,34669.90187,154.4036418,25.02685442,27.51419748
752.2,28.09639193,-62.67372164,34668.8967,154.4174751,25.03488524,27.52050047
752.3,28.09634769,-62.67582641,34667.89154,154.4311506,25.04304307,27.52676484
752.4,28.09630385,-62.67793082,34666.8864,154.4448995,25.05126468,27.53304655
752.5,28.09626041,-62.68003488,34665.88126,154.4586372,25.05961335,27.53936105
752.6,28.09621738,-62.68213859,34664.87613,154.4725107,25.06808909,27.54577975
752.7,28.09617475,-62.68424195,34663.87101,154.4862495,25.07656542,27.55227186
752.8,28.09613252,-62.68634496,34662.8659,154.4999775,25.08516886,27.55879697
752.9,28.09609069,-62.68844762,34661.86079,154.5137799,25.09383617,27.5654824
753,28.09604926,-62.69054992,34660.85568,154.5276567,25.10256737,27.57225688
753.1,28.09600824,-62.69265188,34659.85059,154.5415234,25.11142574,27.57913597
753.2,28.09596761,-62.69475348,34658.8455,154.5553403,25.12022148,27.58607325
753.3,28.09592739,-62.69685473,34657.84041,154.5692945,25.12914442,27.59318667
753.4,28.09588757,-62.69895562,34656.83534,154.5831765,25.1381313,27.600318
753.5,28.09584815,-62.70105617,34655.83028,154.5970712,25.14711885,27.60752318
753.6,28.09580913,-62.70315636,34654.82523,154.6110414,25.15617035,27.61481778
753.7,28.09577051,-62.7052562,34653.8202,154.6250245,25.16522253,27.62218631
753.8,28.09573229,-62.70735569,34652.81518,154.6389355,25.17433869,27.62964437
753.9,28.09569447,-62.70945483,34651.81018,154.6530074,25.18345553,27.63710499
754,28.09565705,-62.71155361,34650.8052,154.6670073,25.19263637,27.64465524
754.1,28.09562003,-62.71365204,34649.80024,154.6810204,25.2018179,27.65227958
754.2,28.09558341,-62.71575012,34648.79531,154.6948985,25.21100012,27.65990654
754.3,28.09554719,-62.71784784,34647.79041,154.709001,25.22024637,27.66762328
754.4,28.09551137,-62.71994521,34646.78553,154.7231169,25.22949333,27.67534269
754.5,28.09547595,-62.72204223,34645.78069,154.7370977,25.23874098,27.68313631
754.6,28.09544092,-62.72413889,34644.77588,154.7510917,25.24798934,27.69086108
754.7,28.0954063,-62.7262352,34643.77111,154.7651624,25.25730176,27.69874734
754.8,28.09537207,-62.72833116,34642.76638,154.7793318,25.26655154,27.70654907
754.9,28.09533824,-62.73042677,34641.76169,154.7932806,25.27586538,27.71444081
755,28.09530481,-62.73252202,34640.75705,154.8073916,25.28517993,27.7223353
755.1,28.09527178,-62.73461691,34639.75245,154.8215161,25.2944952,27.73030414
755.2,28.09523915,-62.73671145,34638.74791,154.8356541,25.30381119,27.73820415
755.3,28.09520691,-62.73880564,34637.74342,154.8496565,25.31312789,27.74617855
755.4,28.09517507,-62.74089948,34636.73898,154.8638216,25.32244531,27.75415573
755.5,28.09514363,-62.74299295,34635.73461,154.8778509,25.33176345,27.7621357
755.6,28.09511258,-62.74508608,34634.73029,154.8918937,25.3410823,27.77011847
755.7,28.09508193,-62.74717885,34633.72604,154.90595,25.35040187,27.77810402
755.8,28.09505168,-62.74927127,34632.72186,154.9202335,25.35978557,27.78617988
755.9,28.09502183,-62.75136333,34631.71775,154.934317,25.36910658,27.79417105
756,28.09499237,-62.75345504,34630.71371,154.948414,25.37842831,27.80223671
756.1,28.0949633,-62.75554639,34629.70975,154.9625246,25.38775076,27.8102335
756.2,28.09493464,-62.75763738,34628.70587,154.9764989,25.39707394,27.8183048
756.3,28.09490637,-62.75972803,34627.70207,154.9905949,25.40665155,27.82629909
756.4,28.09487849,-62.76181831,34626.69836,155.0042656,25.41845018,27.83356212
756.5,28.09485101,-62.76390824,34625.69476,155.0177969,25.43304149,27.84088396
756.6,28.09482392,-62.76599782,34624.69133,155.0313217,25.45010922,27.8491197
756.7,28.09479724,-62.76808704,34623.68813,155.0449528,25.46946403,27.85887002
756.8,28.09477094,-62.7701759,34622.68525,155.059039,25.49085314,27.8703613
756.9,28.09474504,-62.7722644,34621.68278,155.0733924,25.51408716,27.88390813
757,28.09471954,-62.77435255,34620.68083,155.0881258,25.53897667,27.89961008
757.1,28.09469443,-62.77644034,34619.67951,155.1033516,25.56533217,27.91749506
757.2,28.09466972,-62.77852777,34618.67895,155.1188604,25.5930911,27.93726383
757.3,28.09464541,-62.78061484,34617.67926,155.1347972,25.62282635,27.95892246
757.4,28.09462149,-62.78270154,34616.68059,155.1509939,25.65422158,27.9824675
757.5,28.09459797,-62.78478789,34615.68309,155.167781,25.68715097,28.00801594
757.6,28.09457484,-62.78687388,34614.6869,155.1847514,25.7213614,28.03550836
757.7,28.09455211,-62.7889595,34613.6922,155.2021678,25.75666314,28.06482918
757.8,28.09452977,-62.79104475,34612.69913,155.2202235,25.79178447,28.09644882
757.9,28.09450783,-62.79312965,34611.70785,155.2390432,25.82481566,28.13016566
758,28.09448629,-62.79521417,34610.71851,155.2582962,25.85588228,28.1648568
758.1,28.09446514,-62.79729834,34609.73119,155.2776517,25.88511019,28.19968613
758.2,28.09444439,-62.79938213,34608.74601,155.2970162,25.91256172,28.23401633
758.3,28.09442403,-62.80146556,34607.76305,155.3164319,25.93842678,28.26753162
758.4,28.09440407,-62.80354862,34606.78236,155.3356543,25.96276806,28.2998104
758.5,28.0943845,-62.80563131,34605.80402,155.3545243,25.98558462,28.33070341
758.6,28.09436532,-62.80771364,34604.82808,155.3730006,26.00713057,28.36005605
758.7,28.09434654,-62.8097956,34603.85457,155.3912987,26.02746898,28.38780866
758.8,28.09432814,-62.81187719,34602.88354,155.409329,26.04666301,28.4140468
758.9,28.09431015,-62.81395841,34601.91501,155.427002,26.06477587,28.43863892
759,28.09429254,-62.81603926,34600.94902,155.4442285,26.08187086,28.46174378
759.1,28.09427532,-62.81811974,34599.98558,155.4612097,26.09813893,28.48348201
759.2,28.0942585,-62.82019986,34599.02473,155.4779428,26.11357974,28.50370604
759.3,28.09424206,-62.8222796,34598.06647,155.4942713,26.12819296,28.52270407
759.4,28.09422602,-62.82435898,34597.11081,155.5103984,26.14216976,28.5404526
759.5,28.09421036,-62.82643798,34596.15777,155.5261681,26.15550991,28.5570953
759.6,28.0941951,-62.82851662,34595.20735,155.5418865,26.1682132,28.57270338
759.7,28.09418022,-62.83059489,34594.25957,155.5572964,26.18047095,28.58732681
759.8,28.09416574,-62.83267278,34593.31442,155.5724123,26.19215531,28.60100301
759.9,28.09415164,-62.83475031,34592.37191,155.5875253,26.20339384,28.61391064
760,28.09413793,-62.83682747,34591.43203,155.6023947,26.21425027,28.62606604
760.1,28.09412461,-62.83890426,34590.49479,155.6169499,26.22466062,28.63745129
760.2,28.09411168,-62.84098068,34589.56019,155.6314832,26.23475252,28.64824561
760.3,28.09409913,-62.84305672,34588.62821,155.6459939,26.2445259,28.65844846
760.4,28.09408697,-62.8451324,34587.69886,155.6602569,26.25391678,28.6681149
760.5,28.0940752,-62.84720771,34586.77213,155.6744801,26.26311674,28.67729616
760.6,28.09406382,-62.84928264,34585.84801,155.6885236,26.27199795,28.68595739
760.7,28.09405282,-62.85135721,34584.92649,155.7024563,26.28062424,28.69426111
760.8,28.09404221,-62.85343141,34584.00757,155.7163477,26.28905946,28.70215147
760.9,28.09403198,-62.85550523,34583.09123,155.7301273,26.29723964,28.70968376
761,28.09402214,-62.85757869,34582.17747,155.7438647,26.30522866,28.716875
761.1,28.09401269,-62.85965177,34581.26626,155.7576296,26.3130904,28.72381517
761.2,28.09400362,-62.86172448,34580.3576,155.7712815,26.32069697,28.73039656
761.3,28.09399494,-62.86379683,34579.45148,155.7848044,26.32817619,28.73672651
761.4,28.09398664,-62.8658688,34578.54788,155.7982837,26.33546411,28.74278751
761.5,28.09397873,-62.8679404,34577.64678,155.8117188,26.34256067,28.74865231
761.6,28.0939712,-62.87001163,34576.74818,155.8250946,26.34959373,28.75428259
761.7,28.09396405,-62.87208249,34575.85205,155.8384256,26.35643539,28.75971639
761.8,28.09395729,-62.87415298,34574.95838,155.8517824,26.36314956,28.764971
761.9,28.09395092,-62.87622309,34574.06714,155.8650791,26.36980018,28.76999074
762,28.09394492,-62.87829284,34573.17833,155.8783304,26.37625931,28.77488661
762.1,28.09393931,-62.88036222,34572.29193,155.8910836,26.38508525,28.7785313
762.2,28.09393409,-62.88243122,34571.40795,155.9007682,26.41259068,28.77683482
762.3,28.09392925,-62.88449985,34570.52658,155.9086689,26.46058097,28.77548502
762.4,28.09392479,-62.88656811,34569.64816,155.9169638,26.52696853,28.78051301
762.5,28.09392072,-62.88863599,34568.77318,155.926392,26.60947834,28.79572946
762.6,28.09391704,-62.89070349,34567.90226,155.9381222,26.70634956,28.8233537
762.7,28.09391375,-62.89277061,34567.03607,155.952227,26.81582152,28.8647468
762.8,28.09391085,-62.89483734,34566.17542,155.9694507,26.93645291,28.92012849
762.9,28.09390834,-62.89690367,34565.32113,155.9894448,27.06654278,28.98936118
763,28.09390623,-62.89896961,34564.47408,156.0121615,27.20631799,29.07109202
763.1,28.09390452,-62.90103515,34563.63525,155.9936669,27.51423663,29.06082629
763.2,28.09390321,-62.90310027,34562.80752,155.8044319,28.02851951,28.51354499
763.3,28.09390234,-62.90516494,34561.99642,155.5529371,28.26856052,27.649038
763.4,28.09390193,-62.90722912,34561.20629,155.26723,28.30948756,26.57397713
763.5,28.09390202,-62.90929279,34560.44023,154.969649,28.20853227,25.37237726
763.6,28.09390264,-62.91135594,34559.70031,154.6755697,28.00898377,24.10843664
763.7,28.09390382,-62.91341854,34558.98786,154.3959543,27.74394548,22.83044138
763.8,28.09390561,-62.91548057,34558.3036,154.1374276,27.43835475,21.57339798
763.9,28.09390801,-62.91754202,34557.6478,153.9033531,27.11114113,20.36227311
764,28.09391108,-62.91960289,34557.0204,153.6952514,26.7762172,19.21371243
764.1,28.09391483,-62.92166316,34556.42104,153.5125215,26.44381409,18.13812103
764.2,28.0939193,-62.92372282,34555.84919,153.3542281,26.12136472,17.14146126
764.3,28.09392449,-62.92578187,34555.30419,153.2183168,25.81393153,16.22582399
764.4,28.09393044,-62.9278403,34554.78526,153.102792,25.52494394,15.39109302
764.5,28.09393716,-62.92989811,34554.29161,153.0055185,25.25647819,14.63500932
764.6,28.09394467,-62.93195529,34553.8224,152.9244653,25.0095931,13.95422513
764.7,28.09395298,-62.93401184,34553.37681,152.8573747,24.78453221,13.34461868
764.8,28.09396211,-62.93606776,34552.95403,152.8024931,24.58104692,12.80146081
764.9,28.09397206,-62.93812304,34552.55328,152.7584058,24.39852592,12.31992662
765,28.09398285,-62.94017769,34552.17382,152.7235673,24.23593372,11.89499549
765.1,28.09399449,-62.9422317,34551.81493,152.696491,24.09218824,11.52184396
765.2,28.09400697,-62.94428507,34551.47597,152.6765002,23.96609639,11.19567745
765.3,28.09402031,-62.9463378,34551.1563,152.6622925,23.85629001,10.91201677
765.4,28.09403451,-62.94838989,34550.85536,152.6531027,23.76147518,10.66669379
765.5,28.09404958,-62.95044134,34550.57263,152.6484131,23.68043008,10.4558278
765.6,28.09406551,-62.95249215,34550.30761,152.6475119,23.61181576,10.27572798
765.7,28.09408232,-62.95454233,34550.05985,152.6498857,23.5544875,10.12315785
765.8,28.09409999,-62.95659186,34549.82896,152.6551569,23.50743075,9.995062151
765.9,28.09411854,-62.95864076,34549.61455,152.6628144,23.46944765,9.888596501
766,28.09413795,-62.96068901,34549.41628,152.6726285,23.43965607,9.801411275
766.1,28.09415825,-62.96273663,34549.23383,152.6843,23.41723874,9.731244837
766.2,28.09417941,-62.96478361,34549.06692,152.6975714,23.40125544,9.676095056
766.3,28.09420144,-62.96682996,34548.91528,152.7123189,23.39107958,9.634121089
766.4,28.09422435,-62.96887567,34548.77868,152.7283719,23.38602316,9.603802388
766.5,28.09424813,-62.97092075,34548.65688,152.7453434,23.38546134,9.583692339
766.6,28.09427278,-62.97296519,34548.54967,152.7633099,23.38883226,9.572543106
766.7,28.09429829,-62.97500899,34548.45687,152.7821819,23.3956992,9.569245498
766.8,28.09432467,-62.97705217,34548.37831,152.8015975,23.40562568,9.572818868
766.9,28.09435192,-62.97909471,34548.31381,152.8217938,23.41823776,9.582414957
767,28.09438003,-62.98113662,34548.26323,152.8426508,23.43322397,9.597190733
767.1,28.094409,-62.9831779,34548.22642,152.8638587,23.45021039,9.616552165
767.2,28.09443883,-62.98521855,34548.20324,152.8854854,23.46894795,9.639914411
767.3,28.09446952,-62.98725857,34548.19357,152.9075151,23.48924997,9.666760438
767.4,28.09450106,-62.98929797,34548.19728,152.9300153,23.51086726,9.696568308
767.5,28.09453346,-62.99133673,34548.21426,152.9526941,23.53361297,9.729073862
767.6,28.0945667,-62.99337487,34548.24439,152.9755864,23.55736269,9.763763651
767.7,28.0946008,-62.99541239,34548.28757,152.9988646,23.58199194,9.800504307
767.8,28.09463575,-62.99744928,34548.34369,153.0222341,23.60731362,9.83896714
767.9,28.09467153,-62.99948554,34548.41265,153.0458356,23.63332814,9.878900656
768,28.09470816,-63.00152118,34548.49434,153.0695948,23.65978571,9.920097453
768.1,28.09474564,-63.0035562,34548.58868,153.0935679,23.68674917,9.962500662
768.2,28.09478394,-63.00559059,34548.69557,153.1176491,23.71409367,10.00578476
768.3,28.09482309,-63.00762437,34548.8149,153.1419244,23.74175687,10.05000988
768.4,28.09486307,-63.00965752,34548.94661,153.1662025,23.76967637,10.09491822
768.5,28.09490388,-63.01169006,34549.09058,153.1906233,23.79785234,10.14044728
768.6,28.09494551,-63.01372198,34549.24674,153.2151335,23.82622233,10.18652954
768.7,28.09498798,-63.01575327,34549.41499,153.2398184,23.85472382,10.23316092
768.8,28.09503127,-63.01778396,34549.59524,153.2644848,23.88329424,10.28014619
768.9,28.09507538,-63.01981402,34549.78742,153.2892432,23.91205899,10.32749604
769,28.09512031,-63.02184347,34549.99143,153.3140684,23.94083015,10.37519591
769.1,28.09516606,-63.02387231,34550.20718,153.3390161,23.96967043,10.42318766
769.2,28.09521262,-63.02590053,34550.4346,153.3638913,23.99851716,10.47140283
769.3,28.09526,-63.02792814,34550.6736,153.3888899,24.02743309,10.51978315
769.4,28.09530818,-63.02995513,34550.92408,153.4140967,24.05635553,10.5684514
769.5,28.09535718,-63.03198151,34551.18598,153.4392317,24.08528449,10.61721643
769.6,28.09540698,-63.03400729,34551.45919,153.4644352,24.11421998,10.66614231
769.7,28.09545758,-63.03603245,34551.74365,153.4896512,24.14309922,10.71522398
769.8,28.09550899,-63.03805701,34552.03926,153.5149359,24.17198499,10.76440304
769.9,28.09556119,-63.04008095,34552.34594,153.5402896,24.2008773,10.81367967
770,28.09561419,-63.04210429,34552.6636,153.5655989,24.2296505,10.86310719
770.1,28.09566798,-63.04412702,34552.99217,153.5909772,24.2584302,10.91256859
770.2,28.09572257,-63.04614915,34553.33156,153.6165662,24.28721641,10.96212801
770.3,28.09577795,-63.04817067,34553.68169,153.6419687,24.31588341,11.01177459
770.4,28.09583411,-63.05019158,34554.04247,153.6675821,24.34455689,11.06145537
770.5,28.09589107,-63.0522119,34554.41382,153.6932076,24.37317396,11.11122897
770.6,28.0959488,-63.05423161,34554.79565,153.7187873,24.40167168,11.16108985
770.7,28.09600731,-63.05625072,34555.18789,153.7445206,24.4301129,11.21097952
770.8,28.09606661,-63.05826922,34555.59045,153.7702655,24.45849758,11.26096217
770.9,28.09612668,-63.06028713,34556.00323,153.7959634,24.48676275,11.31103216
771,28.09618752,-63.06230444,34556.42617,153.821815,24.5149713,11.36113102
771.1,28.09624914,-63.06432114,34556.85918,153.8476775,24.5431232,11.41132301
771.2,28.09631152,-63.06633725,34557.30217,153.8736938,24.57121841,11.46154396
771.3,28.09637468,-63.06835277,34557.75505,153.8996622,24.59919389,11.51178799
771.4,28.09643859,-63.07036769,34558.21774,153.925641,24.6271126,11.56206092
771.5,28.09650328,-63.07238201,34558.69017,153.9516892,24.65503755,11.61243309
771.6,28.09656872,-63.07439573,34559.17223,153.9776884,24.68284263,11.66282833
771.7,28.09663492,-63.07640887,34559.66385,154.0037817,24.71052778,11.71324656
771.8,28.09670188,-63.07842141,34560.16495,154.0299444,24.73821908,11.76376423
771.9,28.09676959,-63.08043335,34560.67543,154.0561168,24.76585344,11.81424651
772,28.09683805,-63.08244471,34561.19522,154.0823831,24.79336774,11.8648162
772.1,28.09690727,-63.08445548,34561.72422,154.1085744,24.82088813,11.91542109
772.2,28.09697723,-63.08646565,34562.26236,154.1348593,24.84828836,11.96604891
772.3,28.09704794,-63.08847524,34562.80954,154.161298,24.87563151,12.01670579
772.4,28.09711939,-63.09048424,34563.36569,154.1876007,24.90291753,12.06739174
772.5,28.09719158,-63.09249265,34563.93072,154.2140573,24.93014641,12.11810678
772.6,28.09726451,-63.09450047,34564.50454,154.2405225,24.95731811,12.16891556
772.7,28.09733818,-63.09650771,34565.08707,154.2669962,24.98443259,12.21968884
772.8,28.09741259,-63.09851437,34565.67822,154.2934169,25.0114266,12.27054952
772.9,28.09748772,-63.10052044,34566.27792,154.3200527,25.03842655,12.32144577
773,28.09756359,-63.10252593,34566.88606,154.3466351,25.06530594,12.37236472
773.1,28.09764018,-63.10453083,34567.50258,154.3732252,25.09212797,12.42331281
773.2,28.0977175,-63.10653515,34568.12738,154.3999692,25.11889259,12.47429004
773.3,28.09779555,-63.10853889,34568.76038,154.4265742,25.14559978,12.52529643
773.4,28.09787432,-63.11054206,34569.40149,154.4533331,25.17224951,12.57633198
773.5,28.09795381,-63.11254464,34570.05064,154.4800367,25.19877842,12.62745492
773.6,28.09803401,-63.11454664,34570.70773,154.5069567,25.22531311,12.67854882
773.7,28.09811493,-63.11654807,34571.37268,154.5338211,25.2517269,12.7297301
773.8,28.09819657,-63.11854892,34572.0454,154.560692,25.27808306,12.78094057
773.9,28.09827891,-63.12054919,34572.72581,154.5875693,25.30438158,12.83211522
774,28.09836197,-63.12254889,34573.41383,154.6144528,25.33062241,12.88338404
774.1,28.09844573,-63.12454802,34574.10937,154.6414902,25.35680553,12.93468206
774.2,28.0985302,-63.12654657,34574.81234,154.6684702,25.38286749,12.98600236
774.3,28.09861537,-63.12854454,34575.52266,154.6954556,25.40887163,13.0373518
774.4,28.09870125,-63.13054195,34576.24025,154.7226589,25.43488139,13.0887374
774.5,28.09878782,-63.13253879,34576.96503,154.7498038,25.46076985,13.14021035
774.6,28.09887509,-63.13453505,34577.6969,154.7768898,25.48653693,13.19164024
774.7,28.09896305,-63.13653074,34578.4358,154.8040449,25.51230953,13.24317157
774.8,28.09905171,-63.13852587,34579.18164,154.831354,25.53802417,13.29466688
774.9,28.09914106,-63.14052043,34579.93433,154.8586034,25.5636173,13.34624944
775,28.0992311,-63.14251442,34580.69379,154.8858571,25.58915237,13.39779586
775.1,28.09932182,-63.14450785,34581.45995,154.9132649,25.61462936,13.44943673
775.2,28.09941323,-63.1465007,34582.23271,154.9405269,25.64004822,13.50110677
775.3,28.09950532,-63.148493,34583.012,154.9678775,25.66534536,13.55279863
775.4,28.0995981,-63.15048473,34583.79773,154.9954475,25.69064786,13.604527
775.5,28.09969155,-63.1524759,34584.58983,155.0228052,25.71582856,13.65627712
775.6,28.09978568,-63.1544665,34585.3882,155.0503168,25.74095098,13.70805635
775.7,28.09988049,-63.15645654,34586.19277,155.0779826,25.76601509,13.75986469
775.8,28.09997596,-63.15844603,34587.00346,155.1054343,25.79095722,13.8116946
775.9,28.10007211,-63.16043495,34587.82018,155.1331062,25.8159046,13.86362671
776,28.10016893,-63.16242331,34588.64284,155.1607144,25.84072992,13.91551478
776.1,28.10026642,-63.16441112,34589.47138,155.1883249,25.86549677,13.96749751
776.2,28.10036457,-63.16639836,34590.3057,155.2160894,25.89020512,14.01944371
776.3,28.10046338,-63.16838505,34591.14572,155.2437891,25.91479125,14.07147687
776.4,28.10056286,-63.17037119,34591.99136,155.2714905,25.93931878,14.12353907
776.5,28.10066299,-63.17235677,34592.84254,155.2994308,25.96372397,14.17568819
776.6,28.10076378,-63.17434179,34593.69918,155.3271524,25.98800674,14.22785844
776.7,28.10086523,-63.17632626,34594.56118,155.3550276,26.01223078,14.28005762
776.8,28.10096733,-63.17831018,34595.42848,155.3829886,26.03633228,14.33227777
776.9,28.10107009,-63.18029354,34596.30097,155.4109503,26.06037495,14.38459262
777,28.10117349,-63.18227636,34597.17859,155.4389975,26.08429497,14.43692834
777.1,28.10127754,-63.18425862,34598.06124,155.4669597,26.10821988,14.48923506
777.2,28.10138224,-63.18624034,34598.94885,155.4950922,26.13195823,14.54168625
777.3,28.10148758,-63.1882215,34599.84132,155.5231392,26.15570141,14.59410844
777.4,28.10159356,-63.19020212,34600.73858,155.5512709,26.17932173,14.64655124
777.5,28.10170018,-63.19218219,34601.64054,155.5794018,26.20288298,14.69902279
777.6,28.10180744,-63.19416171,34602.54712,155.6076864,26.22638513,14.75158911
777.7,28.10191534,-63.19614069,34603.45823,155.6359007,26.24976425,14.80410983
777.8,28.10202387,-63.19811913,34604.37378,155.6641135,26.27308419,14.8567253
777.9,28.10213303,-63.20009702,34605.29371,155.6924799,26.29634491,14.90930333
778,28.10224283,-63.20207436,34606.21791,155.7206192,26.31948244,14.96196772
778.1,28.10235325,-63.20405117,34607.1463,155.7491376,26.3426246,15.01466921
778.2,28.1024643,-63.20602743,34608.07881,155.7774281,26.3656435,15.06732463
778.3,28.10257598,-63.20800315,34609.01535,155.8058014,26.38853906,15.12006628
778.4,28.10268827,-63.20997833,34609.95583,155.8342426,26.41143916,15.17284506
778.5,28.10280119,-63.21195297,34610.90017,155.8627667,26.43421583,15.22564378
778.6,28.10291473,-63.21392708,34611.84829,155.8912879,26.45693301,15.278471
778.7,28.10302889,-63.21590064,34612.8001,155.9198058,26.47959066,15.33132672
778.8,28.10314366,-63.21787367,34613.75552,155.9482489,26.50212472,15.38420215
778.9,28.10325905,-63.21984617,34614.71445,155.9769169,26.52466321,15.43711481
779,28.10337505,-63.22181813,34615.67683,156.0056671,26.54707802,15.49004708
779.1,28.10349165,-63.22378955,34616.64257,156.0341837,26.5693691,15.54299883
779.2,28.10360887,-63.22576044,34617.61157,156.0629258,26.59166451,15.59598783
779.3,28.1037267,-63.2277308,34618.58376,156.0915912,26.6138361,15.64906277
779.4,28.10384512,-63.22970063,34619.55906,156.1204101,26.63594788,15.70209946
779.5,28.10396415,-63.23166992,34620.53737,156.1491515,26.65793573,15.75515535
779.6,28.10408379,-63.23363869,34621.51862,156.1778877,26.67986369,15.80823942
779.7,28.10420402,-63.23560692,34622.50272,156.2067772,26.70173173,15.86141834
779.8,28.10432485,-63.23757463,34623.48958,156.2356613,26.72353982,15.91455877
779.9,28.10444627,-63.23954181,34624.47913,156.2644663,26.74522378,15.96771811
780,28.10456829,-63.24150846,34625.47127,156.2933386,26.76691187,16.02098157
780.1,28.1046909,-63.24347459,34626.46593,156.3222168,26.78841154,16.07418775
780.2,28.1048141,-63.24544019,34627.46302,156.3513224,26.8099153,16.12749809
780.3,28.10493789,-63.24740526,34628.46246,156.3803474,26.83129471,16.18076025
780.4,28.10506227,-63.24936982,34629.46416,156.4093656,26.85261394,16.23405033
780.5,28.10518723,-63.25133384,34630.46803,156.4383766,26.87387296,16.28743525
780.6,28.10531277,-63.25329735,34631.474,156.4674663,26.89500748,16.34077165
780.7,28.1054389,-63.25526034,34632.48198,156.4965485,26.9160817,16.39420283
780.8,28.1055656,-63.2572228,34633.49189,156.525784,26.93709559,16.44766187
780.9,28.10569289,-63.25918475,34634.50363,156.5547749,26.95798483,16.50107204
781,28.10582075,-63.26114617,34635.51714,156.5840806,26.97881366,16.55457696
781.1,28.10594918,-63.26310708,34636.53232,156.6132161,26.99958204,16.60804252
781.2,28.10607819,-63.26506747,34637.54909,156.6425048,27.02028994,16.66160288
781.3,28.10620777,-63.26702734,34638.56736,156.6718712,27.04087299,16.71511392
781.4,28.10633791,-63.2689867,34639.58706,156.701066,27.06139549,16.7687197
781.5,28.10646863,-63.27094554,34640.60809,156.7303374,27.08179304,16.82234313
781.6,28.10659991,-63.27290387,34641.63038,156.7597621,27.10212993,16.87592679
781.7,28.10673175,-63.27486168,34642.65383,156.7891771,27.12240615,16.92960516
781.8,28.10686416,-63.27681899,34643.67838,156.8185821,27.14262166,16.98324367
781.9,28.10699712,-63.27877578,34644.70392,156.8478996,27.16271203,17.03696679
782,28.10713065,-63.28073206,34645.73038,156.8773701,27.1827416,17.09071726
782.1,28.10726473,-63.28268783,34646.75767,156.9069165,27.20264593,17.14441743
782.2,28.10739937,-63.28464309,34647.78572,156.9362875,27.22248938,17.1982122
782.3,28.10753457,-63.28659784,34648.81443,156.9658114,27.24227192,17.25196671
782.4,28.10767031,-63.28855208,34649.84372,156.9954888,27.26199353,17.30581585
782.5,28.10780661,-63.29050582,34650.87351,157.0250764,27.2815897,17.35968177
782.6,28.10794345,-63.29245905,34651.90371,157.0546519,27.30112485,17.41350718
782.7,28.10808084,-63.29441177,34652.93424,157.084302,27.32053446,17.46741671
782.8,28.10821878,-63.29636399,34653.96502,157.1139395,27.33988296,17.52135318
782.9,28.10835726,-63.29831571,34654.99596,157.1435719,27.35904131,17.57529542
783,28.10849628,-63.30026692,34656.02697,157.1734366,27.37820297,17.62934271
783.1,28.10863584,-63.30221764,34657.05798,157.2031293,27.39717435,17.6833278
783.2,28.10877594,-63.30416785,34658.0889,157.2328081,27.41608445,17.73733949
783.3,28.10891658,-63.30611755,34659.11965,157.2626397,27.43493322,17.79144556
783.4,28.10905776,-63.30806676,34660.15014,157.2925444,27.45365608,17.84549961
783.5,28.10919946,-63.31001547,34661.1803,157.3222673,27.47231754,17.89964798
783.6,28.1093417,-63.31196369,34662.21003,157.3523107,27.49091757,17.95382284
783.7,28.10948447,-63.3139114,34663.23927,157.382091,27.50939155,18.00794531
783.8,28.10962777,-63.31585862,34664.26792,157.412024,27.52780401,18.06216203
783.9,28.1097716,-63.31780534,34665.29591,157.442029,27.54609032,18.11632607
784,28.10991595,-63.31975157,34666.32315,157.4720185,27.56431504,18.17058429
784.1,28.11006083,-63.3216973,34667.34955,157.5019105,27.58241351,18.22478955
784.2,28.11020623,-63.32364254,34668.37504,157.5319552,27.6004503,18.27908891
784.3,28.11035215,-63.32558729,34669.39953,157.5619835,27.6184254,18.33341435
784.4,28.11049859,-63.32753155,34670.42294,157.5921648,27.63633878,18.38769767
784.5,28.11064555,-63.32947531,34671.44519,157.6222473,27.65412572,18.44206384
784.6,28.11079302,-63.33141858,34672.46619,157.6522301,27.67178616,18.49637635
784.7,28.11094101,-63.33336137,34673.48587,157.6823654,27.68938475,18.55071458
784.8,28.11108951,-63.33530366,34674.50413,157.712483,27.70692147,18.6051468
784.9,28.11123852,-63.33724547,34675.52091,157.7427535,27.72439627,18.65953645
785,28.11138804,-63.33918679,34676.5361,157.7729228,27.7417444,18.71400857
785.1,28.11153807,-63.34112762,34677.54964,157.8030736,27.75903055,18.7684379
785.2,28.11168861,-63.34306797,34678.56143,157.8332935,27.77618993,18.82288113
785.3,28.11183965,-63.34500784,34679.5714,157.8636663,27.79328725,18.87734974
785.4,28.11199119,-63.34694722,34680.57946,157.8937639,27.8102577,18.93190049
785.5,28.11214324,-63.34888611,34681.58553,157.9242705,27.82723081,18.98641981
785.6,28.11229579,-63.35082453,34682.58953,157.9544164,27.84401217,19.04094082
785.7,28.11244883,-63.35276246,34683.59138,157.9847994,27.86079613,19.0954988
785.8,28.11260238,-63.35469991,34684.59099,158.0152505,27.87745306,19.15007003
785.9,28.11275642,-63.35663688,34685.58827,158.0455963,27.89398289,19.20465437
786,28.11291095,-63.35857338,34686.58315,158.0759212,27.9104504,19.25926364
786.1,28.11306598,-63.36050939,34687.57555,158.1063986,27.92685558,19.31389781
786.2,28.11322149,-63.36244493,34688.56538,158.136855,27.94319839,19.36855686
786.3,28.1133775,-63.36437999,34689.55255,158.1672926,27.95934908,19.42321648
786.4,28.11353399,-63.36631457,34690.53699,158.1977943,27.97550217,19.47791292
786.5,28.11369098,-63.36824868,34691.51862,158.2281877,27.99152792,19.53262182
786.6,28.11384844,-63.37018231,34692.49734,158.2587336,28.00749115,19.58728641
786.7,28.11400639,-63.37211547,34693.47308,158.2891703,28.02332694,19.64203207
786.8,28.11416482,-63.37404816,34694.44576,158.3197595,28.03910014,19.69680215
786.9,28.11432374,-63.37598037,34695.41529,158.3505018,28.05481073,19.75152765
787,28.11448313,-63.37791212,34696.38158,158.3809575,28.07039375,19.80633398
787.1,28.114643,-63.37984339,34697.34457,158.4114782,28.08584914,19.86108299
787.2,28.11480334,-63.38177419,34698.30415,158.4422391,28.10130676,19.9159377
787.3,28.11496416,-63.38370453,34699.26026,158.4728004,28.11657172,19.97072224
787.4,28.11512545,-63.38563439,34700.21281,158.5036023,28.13183885,20.02554333
787.5,28.11528722,-63.38756379,34701.16171,158.5341141,28.1469782,20.08037567
787.6,28.11544945,-63.38949272,34702.10688,158.5648674,28.16198971,20.1352883
787.7,28.11561216,-63.39142119,34703.04824,158.5955955,28.17693832,20.19015545
787.8,28.11577533,-63.39334919,34703.98571,158.6262982,28.19182402,20.24504627
787.9,28.11593896,-63.39527673,34704.9192,158.6570644,28.20658176,20.29994784
788,28.11610306,-63.3972038,34705.84864,158.6878046,28.22127651,20.35487291
788.1,28.11626763,-63.39913041,34706.77393,158.7186975,28.23590825,20.40982146
788.2,28.11643265,-63.40105656,34707.695,158.7494744,28.25041191,20.46471099
788.3,28.11659813,-63.40298225,34708.61176,158.7801344,28.26478743,20.51968014
788.4,28.11676408,-63.40490747,34709.52413,158.8109466,28.27909984,20.57467248
788.5,28.11693048,-63.40683224,34710.43203,158.8419116,28.2933491,20.62961845
788.6,28.11709733,-63.40875655,34711.33537,158.8727586,28.30747012,20.6846438
788.7,28.11726464,-63.4106804,34712.23408,158.9035776,28.32152792,20.73962255
788.8,28.1174324,-63.4126038,34713.12806,158.9344582,28.33545739,20.79468049
788.9,28.11760061,-63.41452673,34714.01724,158.9654916,28.34932358,20.84969159
789,28.11776928,-63.41644921,34714.90153,158.9962233,28.36306136,20.90471199
789.1,28.11793839,-63.41837124,34715.78086,159.0272893,28.37673579,20.95975498
789.2,28.11810794,-63.42029281,34716.65513,159.0583263,28.39034686,21.0148903
789.3,28.11827795,-63.42221393,34717.52426,159.0891497,28.40376427,21.06995127
789.4,28.1184484,-63.4241346,34718.38817,159.1202157,28.41705309,21.12509076
789.5,28.11861929,-63.42605482,34719.24679,159.1512517,28.43027842,21.18025247
789.6,28.11879062,-63.42797458,34720.10001,159.1823476,28.44337508,21.23542267
789.7,28.11896239,-63.4298939,34720.94777,159.2133199,28.45634302,21.29053123
789.8,28.1191346,-63.43181276,34721.78997,159.2443514,28.4691822,21.34571781
789.9,28.11930725,-63.43373118,34722.62653,159.2753511,28.48195775,21.40092619
790,28.11948033,-63.43564915,34723.45738,159.3065034,28.49466965,21.45615634
790.1,28.11965385,-63.43756667,34724.28241,159.3377148,28.50725269,21.51139425
790.2,28.11982779,-63.43948374,34725.10155,159.3688,28.51970681,21.56663974
790.3,28.12000218,-63.44140037,34725.91472,159.3998525,28.53209718,21.62183654
790.4,28.12017699,-63.44331656,34726.72183,159.4309629,28.54435856,21.67711077
790.5,28.12035223,-63.4452323,34727.5228,159.4622259,28.55655614,21.73240629
790.6,28.1205279,-63.4471476,34728.31754,159.4933608,28.56862465,21.78763859
790.7,28.12070399,-63.44906246,34729.10596,159.5244618,28.58062931,21.84296222
790.8,28.12088051,-63.45097687,34729.88799,159.5558068,28.59250482,21.89822231
790.9,28.12105745,-63.45289085,34730.66354,159.5869307,28.60431641,21.95350326
791,28.12123481,-63.45480438,34731.43252,159.6181114,28.6159988,22.00879064
791.1,28.1214126,-63.45671748,34732.19486,159.6494448,28.62761721,22.06409871
791.2,28.1215908,-63.45863014,34732.95046,159.6806471,28.63910634,22.11941295
791.3,28.12176942,-63.46054236,34733.69924,159.7118138,28.65053144,22.17474769
791.4,28.12194846,-63.46245414,34734.44111,159.7430364,28.66182719,22.23001779
791.5,28.12212791,-63.46436549,34735.176,159.7744117,28.67305886,22.28537873
791.6,28.12230778,-63.4662764,34735.90382,159.8057512,28.68422641,22.34068935
791.7,28.12248805,-63.46818688,34736.62448,159.8368595,28.69519921,22.39606134
791.8,28.12266874,-63.47009692,34737.3379,159.8682178,28.70617315,22.45139745
791.9,28.12284984,-63.47200654,34738.04399,159.8996314,28.71701759,22.50673874
792,28.12303135,-63.47391572,34738.74268,159.93091,28.72773247,22.56208503
792.1,28.12321327,-63.47582446,34739.43387,159.9621507,28.73838311,22.61745104
792.2,28.12339559,-63.47773278,34740.11748,159.9934457,28.74890412,22.67282177
792.3,28.12357831,-63.47964067,34740.79344,160.0248937,28.75936085,22.72814118
792.4,28.12376144,-63.48154813,34741.46167,160.0563034,28.76975325,22.78355094
792.5,28.12394497,-63.48345517,34742.12207,160.0877674,28.78001595,22.83889411
792.6,28.12412891,-63.48536177,34742.77456,160.1190932,28.7901489,22.89424136
792.7,28.12431324,-63.48726795,34743.41907,160.1503795,28.80021746,22.94960773
792.8,28.12449796,-63.4891737,34744.05552,160.181719,28.81015621,23.00497792
792.9,28.12468309,-63.49107903,34744.68382,160.2132114,28.82003051,23.06036703
793,28.12486861,-63.49298393,34745.30388,160.244664,28.82984034,23.11577505
793.1,28.12505453,-63.49488841,34745.91563,160.2758754,28.83945488,23.17117108
793.2,28.12524083,-63.49679247,34746.51899,160.3075342,28.8490703,23.22653001
793.3,28.12542753,-63.49869611,34747.11387,160.3388575,28.85855578,23.28196324
793.4,28.12561462,-63.50059932,34747.70018,160.3702327,28.86791126,23.33732819
793.5,28.1258021,-63.50250211,34748.27786,160.4017611,28.87720216,23.39271145
793.6,28.12598997,-63.50440449,34748.84681,160.4331464,28.88636301,23.44809732
793.7,28.12617822,-63.50630645,34749.40696,160.4646849,28.89545923,23.50350133
793.8,28.12636686,-63.50820798,34749.95821,160.4960793,28.90442535,23.55883627
793.9,28.12655589,-63.5101091,34750.5005,160.5276271,28.91332679,23.61426052
794,28.12674529,-63.51200981,34751.03373,160.5590296,28.92209807,23.66968682
794.1,28.12693508,-63.5139101,34751.55783,160.5905856,28.93080463,23.72505937
794.2,28.12712525,-63.51580997,34752.07271,160.6219953,28.93938097,23.78043361
794.3,28.12731579,-63.51770943,34752.57829,160.6535586,28.94789255,23.83582536
794.4,28.12750672,-63.51960848,34753.07449,160.6849746,28.95627387,23.89121852
794.5,28.12769802,-63.52150711,34753.56122,160.7164406,28.96452489,23.9466129
794.6,28.1278897,-63.52340533,34754.0384,160.7478618,28.97271107,24.00202446
794.7,28.12808175,-63.52530314,34754.50596,160.7794366,28.98083241,24.05738142
794.8,28.12827417,-63.52720054,34754.9638,160.8110614,28.98882338,24.11281091
794.9,28.12846697,-63.52909753,34755.41185,160.8425365,28.99668395,24.16816925
795,28.12866013,-63.53099411,34755.85002,160.8739657,29.00447961,24.22354433
795.1,28.12885367,-63.53289029,34756.27824,160.9055487,29.01221034,24.27893609
795.2,28.12904757,-63.53478605,34756.69641,160.9371809,29.0198106,24.33432805
795.3,28.12924184,-63.53668141,34757.10446,160.9686615,29.02728037,24.38964807
795.4,28.12943648,-63.53857637,34757.50229,161.0002962,29.03468515,24.44505635
795.5,28.12963148,-63.54047092,34757.88985,161.0317781,29.04195939,24.50046436
795.6,28.12982684,-63.54236506,34758.26702,161.0633082,29.04910306,24.55579985
795.7,28.13002257,-63.5442588,34758.63375,161.09478,29.05605059,24.61119002
795.8,28.13021865,-63.54615214,34758.98993,161.1264059,29.06293304,24.66666811
795.9,28.1304151,-63.54804508,34759.33549,161.1580797,29.06968484,24.72207306
796,28.1306119,-63.54993762,34759.67035,161.1894911,29.07624041,24.77745995
796.1,28.13080906,-63.55182975,34759.99441,161.2210565,29.08273083,24.8328622
796.2,28.13100658,-63.55372149,34760.30761,161.252669,29.08909053,24.88833512
796.3,28.13120445,-63.55561283,34760.60984,161.2844362,29.09538505,24.94375096
796.4,28.13140268,-63.55750377,34760.90103,161.3160462,29.10154882,24.99916491
796.5,28.13160126,-63.55939431,34761.18109,161.3474979,29.10758179,25.05457677
796.6,28.13180019,-63.56128446,34761.44994,161.3793094,29.11354954,25.11000347
796.7,28.13199947,-63.56317421,34761.70749,161.4106479,29.11932087,25.16541063
796.8,28.1321991,-63.56506356,34761.95366,161.4424554,29.12509253,25.22077706
796.9,28.13239907,-63.56695252,34762.18836,161.4739941,29.13066774,25.27619603
797,28.1325994,-63.56884109,34762.41151,161.5055904,29.13624325,25.3315741
797.1,28.13280007,-63.57072927,34762.62302,161.5371228,29.14162227,25.3869318
797.2,28.13300108,-63.57261705,34762.82282,161.5688104,29.14693596,25.4423036
797.3,28.13320244,-63.57450444,34763.0108,161.6003358,29.15211871,25.49767201
797.4,28.13340414,-63.57639145,34763.1869,161.6320165,29.15723612,25.55305433
797.5,28.13360618,-63.57827806,34763.35102,161.663534,29.16222256,25.60843297
797.6,28.13380855,-63.58016429,34763.50308,161.695207,29.16714362,25.66375253
797.7,28.13401127,-63.58205012,34763.64299,161.7269251,29.17193368,25.71906806
797.8,28.13421433,-63.58393557,34763.77067,161.7585898,29.17665834,25.77439705
797.9,28.13441772,-63.58582063,34763.88603,161.789978,29.18118635,25.82970398
798,28.13462145,-63.58770531,34763.98899,161.8216332,29.18571455,25.88504188
798.1,28.13482551,-63.58958961,34764.07947,161.853221,29.19004607,25.94028435
798.2,28.1350299,-63.59147351,34764.15737,161.884866,29.19437777,25.99563065
798.3,28.13523463,-63.59335704,34764.22262,161.916443,29.19851274,26.05088106
798.4,28.13543968,-63.59524018,34764.27512,161.9479646,29.20258224,26.10614421
798.5,28.13564507,-63.59712294,34764.3148,161.9796426,29.20658626,26.1613469
798.6,28.13585078,-63.59900533,34764.34156,162.0112515,29.21039351,26.21659919
798.7,28.13605682,-63.60088733,34764.35532,162.0429176,29.2142009,26.27180878
798.8,28.13626319,-63.60276895,34764.356,162.0743007,29.21781148,26.32699442
798.9,28.13646988,-63.60465019,34764.34352,162.1058401,29.22135655,26.38219219
799,28.1366769,-63.60653105,34764.31777,162.1375365,29.22483608,26.43740206
799.1,28.13688424,-63.60841154,34764.27869,162.169062,29.22818442,26.49260567
799.2,28.1370919,-63.61029165,34764.22618,162.2006303,29.23140156,26.54772943
799.3,28.13729988,-63.61217139,34764.16016,162.2321409,29.23455314,26.60286488
799.4,28.13750818,-63.61405075,34764.08055,162.2636941,29.23757349,26.65799352
799.5,28.1377168,-63.61592974,34763.98725,162.2952898,29.24046261,26.71311517
799.6,28.13792573,-63.61780835,34763.88019,162.3268272,29.24328614,26.76824819
799.7,28.13813499,-63.61968659,34763.75927,162.358407,29.24597842,26.82330035
799.8,28.13834456,-63.62156446,34763.62441,162.3899279,29.24860511,26.87836361
799.9,28.13855444,-63.62344196,34763.47553,162.4212734,29.25110052,26.93341925
800,28.13876463,-63.62531909,34763.31254,162.4529945,29.25353032,26.9884858
800.1,28.13897514,-63.62719585,34763.13536,162.4845401,29.25582883,27.04354445
800.2,28.13918596,-63.62907224,34762.94389,162.515909,29.25799605,27.09852124
800.3,28.13939709,-63.63094826,34762.73805,162.5474361,29.26009764,27.15350854
800.4,28.13960852,-63.63282392,34762.51776,162.5790049,29.26206792,27.20848741
800.5,28.13982027,-63.63469921,34762.28294,162.6103957,29.26390688,27.26345764
800.6,28.14003232,-63.63657413,34762.0335,162.6419453,29.26568019,27.31836415
800.7,28.14024467,-63.63844869,34761.76936,162.673434,29.26738786,27.3733547
800.8,28.14045733,-63.64032288,34761.49043,162.7048457,29.26889851,27.42824314
800.9,28.1406703,-63.64219671,34761.19664,162.7361955,29.2703435,27.4831414
801,28.14088357,-63.64407018,34760.88789,162.7677046,29.27172283,27.53797533
801.1,28.14109713,-63.64594329,34760.56411,162.799255,29.27297081,27.59287377
801.2,28.141311,-63.64781604,34760.22521,162.830624,29.27408743,27.64768835
801.3,28.14152517,-63.64968842,34759.87111,162.8619302,29.27513839,27.70251229
801.4,28.14173964,-63.65156045,34759.50173,162.8934999,29.27605798,27.75732617
801.5,28.1419544,-63.65343212,34759.11697,162.9247672,29.27678052,27.81211038
801.6,28.14216946,-63.65530342,34758.71677,162.9561947,29.27743739,27.86690354
801.7,28.14238482,-63.65717438,34758.30103,162.9875423,29.27789719,27.92166658
801.8,28.14260047,-63.65904497,34757.86966,163.0190506,29.27829131,27.97643831
801.9,28.14281641,-63.66091521,34757.4226,163.0503744,29.27855406,28.03119907
802,28.14303264,-63.6627851,34756.95974,163.0817382,29.27868544,28.08594869
802.1,28.14324917,-63.66465463,34756.48101,163.1131421,29.27868544,28.14068698
802.2,28.14346599,-63.6665238,34755.98631,163.1445862,29.27855406,28.19541377
802.3,28.14368309,-63.66839263,34755.47557,163.1759655,29.278357,28.2500741
802.4,28.14390048,-63.6702611,34754.9487,163.2071576,29.27802857,28.30472258
802.5,28.14411816,-63.67212922,34754.40562,163.2385113,29.27763445,28.35945357
802.6,28.14433613,-63.67399699,34753.84623,163.2697825,29.27704327,28.41400323
802.7,28.14455438,-63.67586441,34753.27046,163.3012161,29.27638641,28.46863513
802.8,28.14477292,-63.67773148,34752.67821,163.3325839,29.27566387,28.52327457
802.9,28.14499174,-63.6795982,34752.06941,163.3636391,29.27474428,28.57780662
803,28.14521084,-63.68146458,34751.44396,163.3952099,29.2738247,28.63236598
803.1,28.14543022,-63.68333061,34750.80178,163.4262372,29.27270807,28.6868923
803.2,28.14564988,-63.68519629,34750.14279,163.4576579,29.27152578,28.74135076
803.3,28.14586983,-63.68706162,34749.4669,163.4888878,29.27021213,28.79587085
803.4,28.14609005,-63.68892662,34748.77402,163.52005,29.26883282,28.85032282
803.5,28.14631054,-63.69079127,34748.06407,163.5511269,29.2672565,28.90474091
803.6,28.14653132,-63.69265557,34747.33695,163.5824926,29.26568019,28.95911083
803.7,28.14675236,-63.69451954,34746.5926,163.6135405,29.26390688,29.01352154
803.8,28.14697369,-63.69638316,34745.83091,163.6447526,29.26206792,29.06786348
803.9,28.14719528,-63.69824644,34745.05181,163.67613,29.26016331,29.12221167
804,28.14741715,-63.70010938,34744.25521,163.7071877,29.25806172,29.17652499
804.1,28.14763929,-63.70197198,34743.44101,163.738176,29.2558945,29.23076905
804.2,28.1478617,-63.70383424,34742.60914,163.7695644,29.25366166,29.28501899
804.3,28.14808438,-63.70569617,34741.75951,163.8003959,29.25123186,29.33923344
804.4,28.14830733,-63.70755776,34740.89203,163.8317553,29.24880211,29.39347423
804.5,28.14853054,-63.70941901,34740.00662,163.8627917,29.24617542,29.44767919
804.6,28.14875403,-63.71127993,34739.10318,163.8937579,29.24348314,29.50181417
804.7,28.14897777,-63.71314051,34738.18164,163.9247631,29.2406596,29.55593366
804.8,28.14920179,-63.71500076,34737.2419,163.9559354,29.23777047,29.61005838
804.9,28.14942606,-63.71686067,34736.28388,163.9869096,29.23475011,29.6640918
805,28.1496506,-63.71872025,34735.3075,164.017923,29.23159853,29.71810924
805.1,28.1498754,-63.72057951,34734.31266,164.048737,29.22831573,29.77211054
805.2,28.15010047,-63.72243842,34733.29928,164.0797185,29.22496738,29.8261166
805.3,28.15032579,-63.72429701,34732.26728,164.0743697,29.45705087,29.80732235
805.4,28.15055138,-63.72615526,34731.21947,163.942715,30.84144093,29.61310857
805.5,28.15077727,-63.7280131,34730.16516,163.9206028,32.00072533,29.74096309
805.6,28.15100347,-63.72987048,34729.11303,163.9835102,32.97759235,30.10449329
805.7,28.15123001,-63.73172736,34728.07015,164.1107941,33.80492205,30.63427813
805.8,28.15145688,-63.73358371,34727.04233,164.284702,34.50839624,31.27541387
805.9,28.15168408,-63.73543949,34726.03432,164.491041,35.10845653,31.98469627
806,28.15191162,-63.73729467,34725.05,164.7183513,35.62142657,32.7289706
806.1,28.15213947,-63.73914924,34724.09255,164.956934,36.06069951,33.48296381
806.2,28.15236764,-63.74100319,34723.16455,165.1992385,36.43717516,34.22782511
806.3,28.15259611,-63.74285651,34722.2681,165.4402104,36.76011181,34.94992489
806.4,28.15282488,-63.74470918,34721.40493,165.6753526,37.03716983,35.63993667
806.5,28.15305392,-63.7465612,34720.57641,165.9015474,37.27490987,36.2916167
806.6,28.15328323,-63.74841257,34719.78363,166.1164233,37.47873944,36.90126506
806.7,28.1535128,-63.75026328,34719.02746,166.3184285,37.65337703,37.46697359
806.8,28.15374263,-63.75211333,34718.30858,166.5073556,37.80304168,37.98868501
806.9,28.15397269,-63.75396272,34717.6275,166.6830611,37.93106932,38.46706053
807,28.15420299,-63.75581146,34716.98463,166.8449897,38.04047574,38.90360819
807.1,28.15443351,-63.75765953,34716.38022,166.9940578,38.13387303,39.30042798
807.2,28.15466426,-63.75950694,34715.81447,167.1304343,38.2133876,39.65994147
807.3,28.15489521,-63.7613537,34715.2875,167.2553472,38.28101781,39.98461511
807.4,28.15512637,-63.7631998,34714.79935,167.3690541,38.33833756,40.27730461
807.5,28.15535773,-63.76504524,34714.35002,167.4724554,38.38678437,40.54065344
807.6,28.15558928,-63.76689003,34713.93947,167.5664878,38.42758377,40.77710639
807.7,28.15582103,-63.76873417,34713.5676,167.6520937,38.46174723,40.989268
807.8,28.15605296,-63.77057765,34713.23431,167.7297743,38.49014375,41.17954595
807.9,28.15628507,-63.77242049,34712.93946,167.8004422,38.5136452,41.35013544
808,28.15651737,-63.77426268,34712.68288,167.8644145,38.53275952,41.50294141
808.1,28.15674984,-63.77610422,34712.4644,167.9228631,38.5482158,41.63997551
808.2,28.15698249,-63.77794512,34712.28382,167.9765376,38.5605246,41.76303899
808.3,28.15721531,-63.77978537,34712.14094,168.0253921,38.56997743,41.87361285
808.4,28.1574483,-63.78162498,34712.03553,168.0702224,38.57708619,41.97306478
808.5,28.15768146,-63.78346396,34711.96738,168.1113708,38.58214336,42.06272433
808.6,28.15791478,-63.7853023,34711.93625,168.1492701,38.58536841,42.14378579
808.7,28.15814827,-63.78714,34711.94191,168.1846441,38.58705429,42.21731144
808.8,28.15838192,-63.78897706,34711.98409,168.21759,38.5874208,42.28412271
808.9,28.15861573,-63.7908135,34712.06256,168.248288,38.5866145,42.34499533
809,28.1588497,-63.7926493,34712.17707,168.2769227,38.58478203,42.40081025
809.1,28.15908383,-63.79448447,34712.32736,168.3040436,38.58207007,42.45205651
809.2,28.15931812,-63.79631902,34712.51316,168.3294821,38.57862529,42.49942532
809.3,28.15955257,-63.79815294,34712.73423,168.3535907,38.5744478,42.54330512
809.4,28.15978717,-63.79998623,34712.99029,168.3768507,38.56975758,42.5842473
809.5,28.16002192,-63.8018189,34713.28109,168.3992576,38.56455472,42.62254475
809.6,28.16025683,-63.80365096,34713.60636,168.4204425,38.55883934,42.65859112
809.7,28.1604919,-63.80548239,34713.96583,168.4412562,38.55283135,42.69264376
809.8,28.16072711,-63.8073132,34714.35924,168.4607593,38.54638431,42.72489101
809.9,28.16096247,-63.8091434,34714.78632,168.4805387,38.53971809,42.75579131
810,28.16119799,-63.81097298,34715.2468,168.4992075,38.53275952,42.78528888
810.1,28.16143365,-63.81280195,34715.74042,168.5177841,38.5255819,42.81373547
810.2,28.16166947,-63.81463031,34716.2669,168.5356126,38.51811208,42.84107577
810.3,28.16190543,-63.81645805,34716.82598,168.5539229,38.51056981,42.86777047
810.4,28.16214154,-63.81828519,34717.41738,168.5714019,38.50280869,42.89361074
810.5,28.1623778,-63.82011173,34718.04085,168.5884168,38.49482878,42.91879562
810.6,28.1626142,-63.82193765,34718.6961,168.6055437,38.48677657,42.94343278
810.7,28.16285074,-63.82376298,34719.38288,168.622205,38.47850568,42.96761338
810.8,28.16308744,-63.8255877,34720.10091,168.63935,38.47016256,42.9914454
810.9,28.16332427,-63.82741182,34720.84992,168.6556573,38.46160089,43.01482009
811,28.16356125,-63.82923534,34721.62963,168.6724491,38.45296707,43.03804571
811.1,28.16379837,-63.83105827,34722.43979,168.6886915,38.44418798,43.06086764
811.2,28.16403564,-63.8328806,34723.28012,168.7047562,38.43526366,43.08348582
811.3,28.16427304,-63.83470233,34724.15035,168.7212247,38.42634044,43.10590854
811.4,28.16451059,-63.83652347,34725.05022,168.7375163,38.41727207,43.1281272
811.5,28.16474828,-63.83834402,34725.97945,168.7535473,38.40813172,43.15029621
811.6,28.1649861,-63.84016399,34726.93778,168.7694005,38.39884631,43.17216066
811.7,28.16522407,-63.84198336,34727.92494,168.7856599,38.3895621,43.19402962
811.8,28.16546217,-63.84380215,34728.94068,168.8013661,38.38013289,43.21569403
811.9,28.16570041,-63.84562035,34729.98472,168.8174795,38.37070491,43.23736287
812,28.16593879,-63.84743797,34731.0568,168.8330385,38.36113202,43.25882695
812.1,28.16617731,-63.849255,34732.15665,168.8490057,38.3515604,43.28039574
812.2,28.16641596,-63.85107146,34733.28401,168.8647957,38.34184394,43.30175963
812.3,28.16665474,-63.85288734,34734.43861,168.8806173,38.33212878,43.32312783
812.4,28.16689367,-63.85470264,34735.6202,168.8962614,38.32226886,43.34439137
812.5,28.16713272,-63.85651736,34736.82849,168.9123169,38.31241028,43.36555874
812.6,28.16737191,-63.85833151,34738.06324,168.9278156,38.30240702,43.3867218
812.7,28.16761123,-63.86014509,34739.32418,168.9437267,38.29240513,43.40788909
812.8,28.16785069,-63.8619581,34740.61104,168.9593753,38.28233164,43.42900609
812.9,28.16809027,-63.86377054,34741.92356,168.9748468,38.27211358,43.45001822
813,28.16832999,-63.86558241,34743.26147,168.9907327,38.26189696,43.4711351
813.1,28.16856984,-63.86739371,34744.62452,169.0064424,38.25153585,43.4920465
813.2,28.16880982,-63.86920445,34746.01243,169.0221855,38.24117622,43.51306266
813.3,28.16904993,-63.87101462,34747.42495,169.0373688,38.23067219,43.53397384
813.4,28.16929017,-63.87282423,34748.86182,169.0533527,38.22016967,43.5548892
813.5,28.16953053,-63.87463329,34750.32277,169.0687767,38.20952283,43.57569952
813.6,28.16977103,-63.87644178,34751.80753,169.0846194,38.19887755,43.59661466
813.7,28.17001165,-63.87824972,34753.31586,169.0999891,38.18801514,43.61747079
813.8,28.1702524,-63.8800571,34754.84748,169.1155688,38.17700857,43.63822181
813.9,28.17049328,-63.88186392,34756.40213,169.1312719,38.1659308,43.65902306
814,28.17073428,-63.8836702,34757.97954,169.1468005,38.15470897,43.67981993
814.1,28.1709754,-63.88547592,34759.57947,169.1621546,38.14334317,43.70061242
814.2,28.17121665,-63.88728109,34761.20163,169.1780213,38.1319063,43.72145523
814.3,28.17145803,-63.88908572,34762.84578,169.1936259,38.1203984,43.7421468
814.4,28.17169953,-63.89088979,34764.51164,169.2090571,38.10874667,43.76293482
814.5,28.17194115,-63.89269333,34766.19895,169.2243148,38.09695119,43.78351683
814.6,28.17218289,-63.89449632,34767.90745,169.2399995,38.08515761,43.80430478
814.7,28.17242476,-63.89629877,34769.63688,169.255512,38.07322037,43.82488668
814.8,28.17266675,-63.89810067,34771.38697,169.2711528,38.0612123,43.84551899
814.9,28.17290886,-63.89990204,34773.15746,169.2865315,38.04913345,43.86620174
815,28.17315108,-63.90170287,34774.94809,169.3024313,38.03698385,43.88683406
815.1,28.17339343,-63.90350317,34776.7586,169.317768,38.02469079,43.90736117
815.2,28.1736359,-63.90530293,34778.58871,169.3332351,38.01232707,43.92783781
815.3,28.17387849,-63.90710216,34780.43819,169.3488334,37.99989273,43.94846596
815.4,28.17412119,-63.90890085,34782.30675,169.3638674,37.9873151,43.96888792
815.5,28.17436402,-63.91069902,34784.19414,169.3797298,37.97473963,43.98941522
815.6,28.17460696,-63.91249666,34786.10009,169.3950282,37.96202097,44.00983732
815.7,28.17485001,-63.91429377,34788.02436,169.4104597,37.94923185,44.03031005
815.8,28.17509319,-63.91609036,34789.96667,169.4257219,37.93629967,44.0506776
815.9,28.17533648,-63.91788643,34791.92676,169.4414221,37.92336976,44.07104953
816,28.17557988,-63.91968197,34793.90437,169.4569541,37.91029688,44.09141738
816.1,28.1758234,-63.92147699,34795.89926,169.4719208,37.89708111,44.11168006
816.2,28.17606703,-63.92327149,34797.91115,169.4873275,37.88386771,44.13204831
816.3,28.17631078,-63.92506548,34799.93979,169.5029649,37.87051152,44.15231142
816.4,28.17655464,-63.92685895,34801.98493,169.5183418,37.85708518,44.17262537
816.5,28.17679861,-63.9286519,34804.04632,169.5335518,37.84351618,44.19283422
816.6,28.17704269,-63.93044434,34806.12369,169.5489006,37.82987713,44.21309398
816.7,28.17728689,-63.93223627,34808.21679,169.5639886,37.81616807,44.23320225
816.8,28.1775312,-63.93402769,34810.32537,169.5793113,37.80231653,44.25340791
816.9,28.17777562,-63.93581861,34812.44918,169.5948703,37.78832259,44.27360981
817,28.17802014,-63.93760901,34814.58794,169.6098635,37.77418632,44.29370672
817.1,28.17826478,-63.93939891,34816.74142,169.6254012,37.75998028,44.31385475
817.2,28.17850953,-63.94118831,34818.90936,169.6407759,37.74563205,44.33389785
817.3,28.17875439,-63.9429772,34821.0915,169.655988,37.73114172,44.35403867
817.4,28.17899935,-63.94476559,34823.28758,169.6709411,37.71658179,44.37402812
817.5,28.17924442,-63.94655348,34825.49736,169.686136,37.70187988,44.39411541
817.6,28.1794896,-63.94834088,34827.72057,169.7014773,37.68710849,44.41415273
817.7,28.17973489,-63.95012778,34829.95696,169.7166581,37.67219527,44.43408529
817.8,28.17998028,-63.95191418,34832.20628,169.7323928,37.65721267,44.45406931
817.9,28.18022578,-63.95370009,34834.46828,169.7475625,37.64208838,44.47405005
818,28.18047138,-63.95548551,34836.74269,169.7628817,37.62689482,44.49398097
818.1,28.18071709,-63.95727044,34839.02926,169.7780426,37.61155972,44.51390871
818.2,28.18096291,-63.95905488,34841.32774,169.7930453,37.59608315,44.53373192
818.3,28.18120883,-63.96083883,34843.63788,169.8081998,37.5805375,44.55360686
818.4,28.18145485,-63.96262229,34845.95943,169.823507,37.56492281,44.57343212
818.5,28.18170097,-63.96440527,34848.29212,169.8383482,37.54909459,44.59319969
818.6,28.1819472,-63.96618777,34850.6357,169.8536536,37.53326974,44.61297244
818.7,28.18219353,-63.96796979,34852.98993,169.8688041,37.51730376,44.63274239
818.8,28.18243996,-63.96975132,34855.35455,169.8838001,37.50119676,44.65240809
818.9,28.18268649,-63.97153238,34857.7293,169.8986421,37.48494883,44.67207113
819,28.18293313,-63.97331296,34860.11394,169.9140536,37.46863223,44.69178632
819.1,28.18317986,-63.97509307,34862.50821,169.929212,37.45224703,44.71145219
819.2,28.18342669,-63.9768727,34864.91185,169.9442185,37.43572109,44.73111561
819.3,28.18367363,-63.97865186,34867.32462,169.9590735,37.41905453,44.75067508
819.4,28.18392066,-63.98043055,34869.74627,169.9741919,37.40224741,44.77023227
819.5,28.18416779,-63.98220876,34872.17653,169.9890582,37.38537196,44.78974036
819.6,28.18441502,-63.98398651,34874.61517,170.0045025,37.36842822,44.809301
819.7,28.18466235,-63.9857638,34877.06192,170.0190708,37.35127207,44.82870327
819.8,28.18490977,-63.98754062,34879.51654,170.0342198,37.33404778,44.84825989
819.9,28.18515729,-63.98931697,34881.97878,170.049326,37.3166113,44.86765834
820,28.18540491,-63.99109287,34884.44838,170.0642868,37.29903482,44.88705504
820.1,28.18565262,-63.9928683,34886.92509,170.0795207,37.28131843,44.90655176
820.2,28.18590043,-63.99464327,34889.40866,170.0942977,37.26339023,44.92589065
820.3,28.18614834,-63.99641779,34891.89884,170.1092454,37.24539432,44.94528275
820.4,28.18639634,-63.99819185,34894.39537,170.1241566,37.22718683,44.96461892
820.5,28.18664443,-63.99996545,34896.89801,170.1389269,37.20883986,44.98395392
820.6,28.18689262,-64.00173861,34899.40649,170.154292,37.19042542,45.00324071
820.7,28.1871409,-64.00351131,34901.92057,170.1687833,37.17179976,45.02247194
820.8,28.18738928,-64.00528356,34904.44001,170.1838722,37.15310681,45.04175688
820.9,28.18763774,-64.00705536,34906.96455,170.1988242,37.13427473,45.06104107
821,28.1878863,-64.00882672,34909.49394,170.2136401,37.11530364,45.08022288
821.1,28.18813495,-64.01059762,34912.02794,170.2283206,37.09619363,45.09930241
821.2,28.1883837,-64.01236809,34914.5663,170.2432901,37.07694481,45.11848329
821.3,28.18863253,-64.01413811,34917.10878,170.2580181,37.05762909,45.13761661
821.4,28.18888145,-64.01590769,34919.65512,170.2727221,37.03810294,45.15669529
821.5,28.18913047,-64.01767683,34922.20508,170.2876107,37.01851005,45.1757266
821.6,28.18937957,-64.01944554,34924.75841,170.3027949,36.99877873,45.19475797
821.7,28.18962877,-64.0212138,34927.31486,170.317424,36.97890909,45.21368774
821.8,28.18987805,-64.02298163,34929.87419,170.3319244,36.95890123,45.23271966
821.9,28.19012742,-64.02474903,34932.43615,170.3467243,36.93875525,45.25165023
822,28.19037688,-64.026516,34935.0005,170.361715,36.91854293,45.27053392
822.1,28.19062643,-64.02828253,34937.56698,170.3762635,36.89812103,45.28936399
822.2,28.19087606,-64.03004863,34940.13535,170.3914341,36.87763297,45.30824925
822.3,28.19112579,-64.03181431,34942.70536,170.4057352,36.85693558,45.32697935
822.4,28.1913756,-64.03357956,34945.27677,170.4206615,36.8361722,45.34586675
822.5,28.19162549,-64.03534438,34947.84934,170.4351493,36.81519975,45.36449745
822.6,28.19187547,-64.03710878,34950.4228,170.4498353,36.7941615,45.38328571
822.7,28.19212554,-64.03887276,34952.99693,170.4644026,36.77298596,45.40197368
822.8,28.19237569,-64.04063632,34955.57147,170.478966,36.75160175,45.42060917
822.9,28.19262593,-64.04239946,34958.14618,170.4939605,36.73000902,45.43929431
823,28.19287625,-64.04416218,34960.7208,170.5082042,36.70813649,45.45787329
823.1,28.19312665,-64.04592448,34963.2951,170.5227689,36.68612729,45.47645467
823.2,28.19337714,-64.04768637,34965.86883,170.5376572,36.66398153,45.49514051
823.3,28.19362771,-64.04944785,34968.44173,170.5521176,36.64162792,45.5136731
823.4,28.19387837,-64.05120891,34971.01356,170.5669054,36.61913802,45.53220865
823.5,28.19412911,-64.05296957,34973.58407,170.5812679,36.59644059,45.55069329
823.6,28.19437993,-64.05472981,34976.15302,170.5955252,36.57360714,45.56918127
823.7,28.19463083,-64.05648965,34978.72015,170.6105529,36.55063779,45.58757085
823.8,28.19488181,-64.05824908,34981.28522,170.6247221,36.52746137,45.60591018
823.9,28.19513287,-64.06000811,34983.84798,170.6395486,36.5042206,45.62440928
824,28.19538402,-64.06176673,34986.40819,170.6539563,36.48077304,45.64265469
824.1,28.19563524,-64.06352495,34988.96558,170.6682664,36.4571901,45.66100631
824.2,28.19588655,-64.06528278,34991.51992,170.6829199,36.43347189,45.67926048
824.3,28.19613793,-64.0670402,34994.07096,170.6974792,36.40961854,45.69751931
824.4,28.1963894,-64.06879723,34996.61845,170.7116247,36.38555901,45.71572921
824.5,28.19664094,-64.07055386,34999.16214,170.725999,36.36143576,45.73389602
824.6,28.19689256,-64.07231009,35001.70179,170.7404037,36.33710661,45.75201434
824.7,28.19714426,-64.07406594,35004.23714,170.75472,36.31264285,45.77003621
824.8,28.19739604,-64.07582139,35006.76795,170.769071,36.28797352,45.78811204
824.9,28.19764789,-64.07757645,35009.29398,170.7832145,36.26324092,45.80614549
825,28.19789982,-64.07933113,35011.81497,170.7973961,36.23830304,45.82402949
825.1,28.19815183,-64.08108542,35014.33069,170.8122615,36.2133021,45.84207532
825.2,28.19840392,-64.08283932,35016.8409,170.8262801,36.18809617,45.85997217
825.3,28.19865608,-64.08459284,35019.34534,170.840343,36.16268545,45.87772034
825.4,28.19890832,-64.08634597,35021.84378,170.85465,36.13721201,45.89563093
825.5,28.19916063,-64.08809873,35024.33598,170.8690061,36.11153408,45.91339333
825.6,28.19941302,-64.0898511,35026.8217,170.8829665,36.08565185,45.93110979
825.7,28.19966548,-64.0916031,35029.30068,170.8974282,36.0595655,45.94878064
825.8,28.19991802,-64.09335472,35031.77269,170.9114987,36.03327525,45.96650812
825.9,28.20017063,-64.09510596,35034.23749,170.9259504,36.00685211,45.98414198
826,28.20042331,-64.09685684,35036.69482,170.9396921,35.98015462,46.00177982
826.1,28.20067607,-64.09860733,35039.14445,170.9541423,35.95339537,46.01937782
826.2,28.2009289,-64.10035746,35041.58614,170.9683368,35.92636215,46.03687855
826.3,28.20118181,-64.10210722,35044.01964,170.9820209,35.89919672,46.0543887
826.4,28.20143479,-64.10385661,35046.4447,170.9965502,35.87189919,46.0719085
826.5,28.20168784,-64.10560563,35048.86108,171.0107018,35.84439902,46.08928323
826.6,28.20194096,-64.10735429,35051.26853,171.0244771,35.8166964,46.10661515
826.7,28.20219415,-64.10910258,35053.66682,171.0382006,35.78886219,46.12395758
826.8,28.20244741,-64.11085052,35056.0557,171.0523277,35.7608965,46.14131076
826.9,28.20270075,-64.11259809,35058.43492,171.0665387,35.73272888,46.15852014
827,28.20295415,-64.1143453,35060.80424,171.0802497,35.70443012,46.17574084
827.1,28.20320763,-64.11609215,35063.16342,171.0940488,35.67592979,46.1929203
827.2,28.20346118,-64.11783865,35065.51221,171.1082624,35.64729862,46.21000975
827.3,28.20371479,-64.11958479,35067.85037,171.1221138,35.61846627,46.22705863
827.4,28.20396848,-64.12133058,35070.17765,171.1359279,35.58950339,46.2440181
827.5,28.20422223,-64.12307601,35072.4938,171.1497066,35.56041012,46.26109216
827.6,28.20447605,-64.1248211,35074.7986,171.1635865,35.5311162,46.27802475
827.7,28.20472994,-64.12656583,35077.09178,171.1771119,35.50162183,46.29481627
827.8,28.2049839,-64.12831022,35079.37311,171.1910676,35.47199757,46.31162146
827.9,28.20523793,-64.13005426,35081.64234,171.2049969,35.44224358,46.32844057
828,28.20549202,-64.13179796,35083.89923,171.2185782,35.41228967,46.34522148
828.1,28.20574618,-64.13354131,35086.14353,171.2322743,35.38213607,46.36186274
828.2,28.20600041,-64.13528432,35088.375,171.2460886,35.35178298,46.37856843
828.3,28.20625471,-64.13702699,35090.59339,171.2597009,35.32116041,46.39518488
828.4,28.20650907,-64.13876932,35092.79846,171.2735772,35.29026866,46.41171264
828.5,28.2067635,-64.14051131,35094.98997,171.2874436,35.25924835,46.42825657
828.6,28.20701799,-64.14225296,35097.16766,171.3006547,35.22795934,46.44471273
828.7,28.20727255,-64.14399428,35099.33129,171.3144648,35.19647206,46.46113375
828.8,28.20752717,-64.14573527,35101.48062,171.3279493,35.16478671,46.47752006
828.9,28.20778186,-64.14747592,35103.6154,171.341434,35.13297358,46.49392402
829,28.20803661,-64.14921625,35105.73539,171.3547395,35.10089276,46.51014038
829.1,28.20829143,-64.15095624,35107.84036,171.3685169,35.06868454,46.52637517
829.2,28.20854631,-64.15269591,35109.93005,171.3819793,35.0362791,46.54257689
829.3,28.20880126,-64.15443525,35112.00423,171.3954524,35.00374661,46.55869599
829.4,28.20905627,-64.15617426,35114.06265,171.4087592,34.97094736,46.57473115
829.5,28.20931134,-64.15791295,35116.10508,171.4225507,34.93802146,46.59078621
829.6,28.20956647,-64.15965132,35118.13126,171.435569,34.90489918,46.60670821
829.7,28.20982167,-64.16138937,35120.14096,171.4487539,34.87158075,46.62259931
829.8,28.21007693,-64.1631271,35122.13394,171.462433,34.8381362,46.63840975
829.9,28.21033225,-64.16486451,35124.10995,171.4758158,34.80449589,46.65419013
830,28.21058764,-64.1666016,35126.06874,171.4889047,34.77066006,46.6699409
830.1,28.21084308,-64.16833838,35128.01008,171.5024974,34.73669865,46.68561217
830.2,28.21109859,-64.17007484,35129.93372,171.5154783,34.70247242,46.70120347
830.3,28.21135415,-64.17181099,35131.83942,171.5284971,34.66812102,46.71671614
830.4,28.21160978,-64.17354683,35133.72694,171.5420295,34.63364458,46.73225212
830.5,28.21186547,-64.17528236,35135.59603,171.5549587,34.59890405,46.74760805
830.6,28.21212122,-64.17701758,35137.44645,171.5682363,34.56389973,46.76298776
830.7,28.21237703,-64.1787525,35139.27796,171.5810699,34.5285624,46.77834097
830.8,28.21263289,-64.18048711,35141.0903,171.5942629,34.492962,46.79351627
830.9,28.21288882,-64.18222141,35142.88325,171.6076683,34.45716832,46.80876822
831,28.21314481,-64.18395541,35144.65653,171.6201675,34.42104269,46.82399582
831.1,28.21340085,-64.18568912,35146.40993,171.6336872,34.38479381,46.83904741
831.2,28.21365696,-64.18742252,35148.14317,171.6466317,34.34828303,46.85412663
831.3,28.21391312,-64.18915562,35149.85602,171.6594823,34.31151067,46.86913269
831.4,28.21416934,-64.19088843,35151.54823,171.6724105,34.27461574,46.88406577
831.5,28.21442562,-64.19262094,35153.21955,171.6852528,34.23745978,46.89882543
831.6,28.21468195,-64.19435315,35154.86973,171.6978566,34.20011237,46.9136656
831.7,28.21493834,-64.19608507,35156.49853,171.7107053,34.16257378,46.92838397
831.8,28.21519479,-64.19781671,35158.10569,171.7236449,34.12491344,46.9430313
831.9,28.2154513,-64.19954805,35159.69096,171.7365149,34.08699314,46.95760906
832,28.21570786,-64.2012791,35161.25411,171.7491605,34.04888236,46.97206671
832.1,28.21596448,-64.20300986,35162.79487,171.7620672,34.01058134,46.98650616
832.2,28.21622116,-64.20474034,35164.313,171.7742736,33.97209033,47.00082663
832.3,28.21647789,-64.20647054,35165.80827,171.7875537,33.93347862,47.01507857
832.4,28.21673468,-64.20820045,35167.28042,171.7998179,33.8946083,47.02926406
832.5,28.21699152,-64.20993008,35168.72922,171.8123587,33.85554872,47.04343358
832.6,28.21724841,-64.21165943,35170.15442,171.8246959,33.81630009,47.0573852
832.7,28.21750537,-64.2133885,35171.55577,171.8376397,33.77693161,47.07137158
832.8,28.21776237,-64.21511729,35172.93303,171.8497446,33.73723672,47.08524456
832.9,28.21801943,-64.21684581,35174.28596,171.8621435,33.69735358,47.09910398
833,28.21827655,-64.21857405,35175.61431,171.8746863,33.65714478,47.11285169
833.1,28.21853371,-64.22030202,35176.91783,171.886726,33.61667955,47.12643686
833.2,28.21879094,-64.22202971,35178.19628,171.8995634,33.57602699,47.14011172
833.3,28.21904821,-64.22375714,35179.44942,171.9119072,33.53511863,47.15362551
833.4,28.21930554,-64.22548429,35180.67698,171.9237615,33.49395479,47.16697907
833.5,28.21956292,-64.22721118,35181.87874,171.93594,33.45260451,47.18032328
833.6,28.21982035,-64.2289378,35183.05443,171.9484477,33.41106801,47.1935577
833.7,28.22007784,-64.23066415,35184.20381,171.9604794,33.36927694,47.20673515
833.8,28.22033538,-64.23239024,35185.32663,171.9723588,33.32730021,47.21980421
833.9,28.22059297,-64.23411607,35186.42265,171.9845812,33.28513808,47.23286647
834,28.22085061,-64.23584164,35187.4916,171.9971518,33.24279079,47.24572068
834.1,28.2211083,-64.23756694,35188.53325,172.0087715,33.20019012,47.25852086
834.2,28.22136605,-64.23929199,35189.54735,172.0210671,33.15747328,47.27126379
834.3,28.22162384,-64.24101678,35190.53364,172.0329123,33.11450361,47.28395407
834.4,28.22188169,-64.24274131,35191.49187,172.0448054,33.07128145,47.29639091
834.5,28.22213959,-64.24446559,35192.42179,172.0564001,33.02794384,47.30887321
834.6,28.22239754,-64.24618962,35193.32316,172.0680519,32.98435431,47.32110363
834.7,28.22265553,-64.24791339,35194.19573,172.0804025,32.94064975,47.33338063
834.8,28.22291358,-64.24963692,35195.03923,172.0918295,32.89669383,47.34550803
834.9,28.22317168,-64.25136019,35195.85342,172.1033287,32.8524869,47.35748676
835,28.22342982,-64.25308322,35196.63806,172.1149063,32.8080293,47.36941841
835.1,28.22368802,-64.254806,35197.39288,172.1267488,32.76325325,47.38125619
835.2,28.22394626,-64.25652853,35198.11764,172.1381855,32.7182273,47.3930488
835.3,28.22420456,-64.25825082,35198.8121,172.1497196,32.67295182,47.40469653
835.4,28.2244629,-64.25997287,35199.476,172.1613575,32.62742713,47.41620034
835.5,28.22472129,-64.26169468,35200.1091,172.1726061,32.58165361,47.42766171
835.6,28.22497972,-64.26341624,35200.71114,172.1842861,32.53569956,47.43902826
835.7,28.22523821,-64.26513757,35201.28188,172.1955873,32.4894973,47.45025356
835.8,28.22549674,-64.26685866,35201.82107,172.2065146,32.44304718,47.4613386
835.9,28.22575533,-64.26857951,35202.32846,172.2178895,32.39641742,47.4723313
836,28.22601395,-64.27030013,35202.80379,172.2289013,32.34954044,47.48318552
836.1,28.22627263,-64.27202052,35203.24682,172.2403717,32.30248438,47.49394903
836.2,28.22653135,-64.27374067,35203.6573,172.2513015,32.25524949,47.50452225
836.3,28.22679012,-64.27546059,35204.03496,172.2623856,32.20776829,47.51505993
836.4,28.22704893,-64.27718029,35204.37958,172.2734411,32.16010883,47.52540903
836.5,28.2273078,-64.27889975,35204.69088,172.284663,32.1122037,47.53572435
836.6,28.2275667,-64.28061899,35204.96862,172.2953623,32.06412087,47.5458528
836.7,28.22782566,-64.282338,35205.21255,172.3065518,32.01586058,47.55589532
836.8,28.22808465,-64.28405678,35205.42241,172.3169146,31.96735554,47.56570646
836.9,28.2283437,-64.28577535,35205.59795,172.3279718,31.9186061,47.57548745
837,28.22860279,-64.28749369,35205.73892,172.3386018,31.86947769,47.58504738
837.1,28.22886192,-64.28921181,35205.84507,172.349125,31.82003831,47.59463366
837.2,28.2291211,-64.29092971,35205.91613,172.3597452,31.77022102,47.60400178
837.3,28.22938032,-64.2926474,35205.95184,172.3702762,31.72009375,47.61329891
837.4,28.22963959,-64.29436486,35205.95196,172.3810365,31.66972429,47.62247193
837.5,28.2298989,-64.29608211,35205.91622,172.391215,31.61904572,47.63147647
837.6,28.23015826,-64.29779915,35205.84437,172.4019467,31.56819298,47.64030473
837.7,28.23041766,-64.29951597,35205.73614,172.4121101,31.51703192,47.64906667
837.8,28.2306771,-64.30123258,35205.59127,172.4225305,31.46563015,47.65760922
837.9,28.23093658,-64.30294899,35205.4095,172.4325045,31.41405518,47.66607826
838,28.23119611,-64.30466518,35205.19059,172.4424395,31.36217305,47.67428509
838.1,28.23145569,-64.30638116,35204.93428,172.4532678,31.31018542,47.68246524
838.2,28.2317153,-64.30809694,35204.64031,172.4630498,31.25789133,47.6903855
838.3,28.23197496,-64.30981251,35204.30842,172.4729175,31.20542524,47.6982361
838.4,28.23223466,-64.31152788,35203.93837,172.4830809,31.15272043,47.70587384
838.5,28.2324944,-64.31324304,35203.52989,172.4928296,31.09984417,47.71334431
838.6,28.23275418,-64.31495801,35203.08273,172.5028866,31.04672982,47.72070355
838.7,28.233014,-64.31667277,35202.59664,172.5122336,30.99337775,47.72775392
838.8,28.23327387,-64.31838733,35202.07135,172.5219026,30.9397883,47.73469541
838.9,28.23353378,-64.32010169,35201.50661,172.5315964,30.88589505,47.74158447
839,28.23379373,-64.32181586,35200.90216,172.5415338,30.83163176,47.74827931
839.1,28.23405372,-64.32352983,35200.25773,172.5506973,30.776999,47.7546825
839.2,28.23431375,-64.32524361,35199.57308,172.5602176,30.72213064,47.76098235
839.3,28.23457382,-64.32695719,35198.84793,172.5692845,30.66696044,47.76713647
839.4,28.23483393,-64.32867059,35198.08202,172.5787238,30.61155542,47.77309065
839.5,28.23509408,-64.33038379,35197.2751,172.5880276,30.55591595,47.77894516
839.6,28.23535427,-64.3320968,35196.42689,172.5969013,30.49997586,47.78446003
839.7,28.2356145,-64.33380962,35195.53713,172.6059549,30.44386856,47.78982204
839.8,28.23587477,-64.33552226,35194.60556,172.6151099,30.38746142,47.79504512
839.9,28.23613508,-64.33723471,35193.63192,172.6239412,30.33088769,47.80001874
840,28.23639543,-64.33894697,35192.61593,172.6326714,30.27408124,47.80480006
840.1,28.23665582,-64.34065905,35191.55733,172.6418251,30.21704244,47.80929162
840.2,28.23691624,-64.34237095,35190.45585,172.6503743,30.15977162,47.81369223
840.3,28.23717671,-64.34408267,35189.31123,172.6591413,30.10233536,47.81784813
840.4,28.23743721,-64.3457942,35188.12321,172.6673156,30.0446677,47.82171817
840.5,28.23769775,-64.34750556,35186.89152,172.6759412,29.98676899,47.82540232
840.6,28.23795833,-64.34921674,35185.61591,172.6839878,29.92863957,47.82880341
840.7,28.23821895,-64.35092775,35184.29612,172.6927242,29.87021372,47.83207785
840.8,28.2384796,-64.35263857,35182.93188,172.7005305,29.81135983,47.83504522
840.9,28.23874029,-64.35434923,35181.52293,172.7085287,29.75221058,47.83788955
841,28.23900102,-64.35605971,35180.069,172.7167284,29.69276642,47.84041582
841.1,28.23926179,-64.35777002,35178.56983,172.7249127,29.63309375,47.84276551
841.2,28.23952259,-64.35948015,35177.02515,172.7327957,29.57312702,47.84489865
841.3,28.23978343,-64.36119012,35175.43469,172.7403866,29.51286669,47.84662073
841.4,28.24004431,-64.36289992,35173.7982,172.7479865,29.45237901,47.84826897
841.5,28.24030522,-64.36460955,35172.11539,172.7556029,29.39166433,47.84955057
841.6,28.24056617,-64.36631901,35170.386,172.7632432,29.33072299,47.85056512
841.7,28.24082715,-64.36802831,35168.60977,172.7706249,29.26948964,47.85127348
841.8,28.24108817,-64.36973744,35166.78641,172.7778142,29.20809601,47.85175862
841.9,28.24134923,-64.37144642,35164.91567,172.7850497,29.14647674,47.85198127
842,28.24161032,-64.37315522,35162.99726,172.7923389,29.08463214,47.85194294
842.1,28.24187145,-64.37486387,35161.03092,172.7991667,29.02256256,47.85154752
842.2,28.24213261,-64.37657236,35159.01638,172.8060631,28.96026833,47.85079673
842.3,28.2423938,-64.37828069,35156.95337,172.8125126,28.89774977,47.84978978
842.4,28.24265503,-64.37998886,35154.84161,172.8192831,28.83494182,47.84848845
842.5,28.2429163,-64.38169688,35152.68082,172.8260996,28.77177956,47.84695242
842.6,28.2431776,-64.38340473,35150.47075,172.832166,28.70819823,47.84504696
842.7,28.24343893,-64.38511244,35148.21111,172.8385876,28.64432909,47.84275632
842.8,28.24370029,-64.38681999,35145.90164,172.8448506,28.58017258,47.84027704
842.9,28.24396169,-64.38852739,35143.54207,172.8509648,28.51572915,47.83741662
843,28.24422313,-64.39023464,35141.13213,172.8569403,28.45099925,47.8341772
843.1,28.24448459,-64.39194173,35138.67154,172.8630679,28.38604844,47.83059981
843.2,28.24474609,-64.39364868,35136.16004,172.8685509,28.32081197,47.8266475
843.3,28.24500763,-64.39535548,35133.59735,172.8742028,28.25535531,47.82236103
843.4,28.24526919,-64.39706213,35130.9832,172.8800317,28.18967879,47.81774219
843.5,28.24553079,-64.39876864,35128.31732,172.8852426,28.12371777,47.81265771
843.6,28.24579242,-64.400475,35125.59942,172.8904003,28.05760252,47.80718634
843.7,28.24605408,-64.40218121,35122.82924,172.8954815,27.99120349,47.80135021
843.8,28.24631578,-64.40388729,35120.0065,172.9007723,27.92458594,47.79509291
843.9,28.2465775,-64.40559322,35117.13093,172.9052311,27.8577502,47.78841644
844,28.24683926,-64.40729901,35114.20224,172.9099151,27.79069657,47.78132285
844.1,28.24710105,-64.40900465,35111.22017,172.9148097,27.72329592,47.77383551
844.2,28.24736287,-64.41071016,35108.18442,172.9191296,27.65548411,47.76591975
844.3,28.24762472,-64.41241553,35105.09474,172.9234146,27.58726182,47.75757867
844.4,28.2478866,-64.41412077,35101.95082,172.9274263,27.5186943,47.74875635
844.5,28.24814851,-64.41582587,35098.75239,172.9314478,27.44984669,47.73949261
844.6,28.24841046,-64.41753083,35095.49917,172.9352199,27.38065487,47.72975321
844.7,28.24867243,-64.41923566,35092.19088,172.9390242,27.31118389,47.71957771
844.8,28.24893443,-64.42094035,35088.82723,172.9423465,27.24143416,47.70887287
844.9,28.24919646,-64.42264491,35085.40794,172.9457218,27.1714061,47.69764144
845,28.24945853,-64.42434934,35081.93274,172.9489025,27.10116449,47.6858268
845.1,28.24972062,-64.42605364,35078.40134,172.9518967,27.03070964,47.67362259
845.2,28.24998274,-64.42775781,35074.81348,172.9544479,26.95997755,47.66080416
845.3,28.25024489,-64.42946185,35071.16886,172.9570909,26.88896864,47.64737457
845.4,28.25050707,-64.43116576,35067.4672,172.9598379,26.81781173,47.63340808
845.5,28.25076928,-64.43286954,35063.70823,172.9619087,26.7463145,47.61880058
845.6,28.25103151,-64.4345732,35059.89166,172.9635763,26.67466984,47.60366148
845.7,28.25129378,-64.43627673,35056.01721,172.9658964,26.60274977,47.58792274
845.8,28.25155607,-64.43798014,35052.0846,172.9670551,26.53036256,47.57148256
845.9,28.25181839,-64.43968343,35048.09353,172.968634,26.45763699,47.55450994
846,28.25208074,-64.44138659,35044.04373,172.9698655,26.38450962,47.53687884
846.1,28.25234312,-64.44308963,35039.93491,172.9710221,26.31104502,47.51853325
846.2,28.25260552,-64.44479254,35035.76677,172.9715948,26.2372437,47.49957166
846.3,28.25286795,-64.44649534,35031.53904,172.9723739,26.16317002,47.47984305
846.4,28.25313041,-64.44819802,35027.25141,172.9728481,26.08882438,47.45944558
846.5,28.25339289,-64.44990058,35022.90359,172.9730286,26.01420717,47.43828851
846.6,28.2536554,-64.45160302,35018.4953,172.9726752,25.93925507,47.41624783
846.7,28.25391794,-64.45330535,35014.02625,172.972303,25.86409593,47.39358341
846.8,28.2541805,-64.45500756,35009.49613,172.97192,25.78873003,47.37001649
846.9,28.25444309,-64.45670965,35004.90467,172.9710378,25.71303044,47.34567234
847,28.2547057,-64.45841163,35000.25158,172.9696462,25.63712477,47.32043403
847.1,28.25496834,-64.46011349,34995.53658,172.9685457,25.56094977,47.29436638
847.2,28.25523101,-64.46181525,34990.75937,172.9667098,25.48450582,47.26738014
847.3,28.2554937,-64.46351689,34985.91967,172.9643951,25.40785673,47.23941913
847.4,28.25575641,-64.46521841,34981.01719,172.962191,25.33074919,47.21054479
847.5,28.25601915,-64.46691983,34976.05164,172.9595988,25.25318394,47.18076303
847.6,28.25628192,-64.46862114,34971.02273,172.9566034,25.17528833,47.1499577
847.7,28.25654471,-64.47032234,34965.93016,172.9534953,25.09699958,47.11819551
847.8,28.25680752,-64.47202342,34960.77364,172.9500144,25.01838153,47.08532828
847.9,28.25707036,-64.47372441,34955.55288,172.9459376,24.93937148,47.05133049
848,28.25733322,-64.47542528,34950.26759,172.9422697,24.86009632,47.01627155
848.1,28.2575961,-64.47712605,34944.91745,172.9372448,24.78049332,46.98003334
848.2,28.25785901,-64.47882671,34939.50218,172.9326535,24.70062601,46.94265347
848.3,28.25812194,-64.48052726,34934.02148,172.927248,24.62043171,46.90401488
848.4,28.25838489,-64.48222772,34928.47505,172.9215565,24.53991092,46.8641246
848.5,28.25864787,-64.48392806,34922.86259,172.9153134,24.45912703,46.82283624
848.6,28.25891087,-64.48562831,34917.18381,172.9090417,24.37808039,46.78034091
848.7,28.25917389,-64.48732845,34911.43839,172.9020156,24.2967085,46.73633993
848.8,28.25943693,-64.48902849,34905.62606,172.8949868,24.21507462,46.69096333
848.9,28.25969999,-64.49072843,34899.74651,172.8872334,24.13311631,46.64400599
849,28.25996308,-64.49242827,34893.79946,172.8788306,24.05070856,46.59569166
849.1,28.26022619,-64.49412801,34887.7846,172.8700828,23.96778934,46.5456352
849.2,28.26048932,-64.49582765,34881.70165,172.8612347,23.88442215,46.4940592
849.3,28.26075247,-64.49752719,34875.5503,172.8512992,23.80060765,46.44079188
849.4,28.26101564,-64.49922663,34869.33025,172.8410225,23.71640914,46.38578232
849.5,28.26127883,-64.50092597,34863.04121,172.8302053,23.63176462,46.32901279
849.6,28.26154204,-64.50262522,34856.68287,172.819086,23.54673729,46.27034256
849.7,28.26180527,-64.50432437,34850.25493,172.8073987,23.46139015,46.20972171
849.8,28.26206852,-64.50602343,34843.75709,172.7947338,23.37559879,46.14701609
849.9,28.26233179,-64.50772239,34837.18905,172.7818256,23.28942628,46.0823574
850,28.26259508,-64.50942125,34830.5505,172.7681966,23.20287315,46.01539953
850.1,28.26285839,-64.51112002,34823.84113,172.7538685,23.11593995,45.94624717
850.2,28.26312171,-64.5128187,34817.06065,172.7386551,23.02856496,45.87479836
850.3,28.26338506,-64.51451728,34810.20874,172.7227886,22.94081105,45.80091772
850.4,28.26364843,-64.51621577,34803.2851,172.7065758,22.85261659,45.72441691
850.5,28.26391181,-64.51791416,34796.28943,172.6892648,22.76404435,45.64543004
850.6,28.26417521,-64.51961247,34789.22142,172.6710485,22.67484647,45.56360279
850.7,28.26443863,-64.52131068,34782.08077,172.6524471,22.58502398,45.47904566
850.8,28.26470206,-64.5230088,34774.86718,172.6327227,22.49463987,45.39154147
850.9,28.26496552,-64.52470684,34767.58035,172.6119983,22.40357109,45.30097352
851,28.26522899,-64.52640478,34760.21997,172.5909001,22.31200454,45.20718013
851.1,28.26549248,-64.52810263,34752.78573,172.5681089,22.2198172,45.11004825
851.2,28.26575598,-64.52980039,34745.27733,172.5446237,22.12701004,45.00943059
851.3,28.2660195,-64.53149806,34737.69447,172.5201949,22.03364586,44.90511956
851.4,28.26628304,-64.53319565,34730.03683,172.4944802,21.93960199,44.79700965
851.5,28.26654659,-64.53489314,34722.30411,172.4678991,21.84500296,44.68492273
851.6,28.26681016,-64.53659055,34714.49599,172.440116,21.74972626,44.56858501
851.7,28.26707374,-64.53828787,34706.61217,172.411176,21.65377297,44.44794855
851.8,28.26733734,-64.5399851,34698.65235,172.3806597,21.55714418,44.32270856
851.9,28.26760095,-64.54168225,34690.6162,172.3489009,21.45977939,44.19262697
852,28.26786458,-64.54337931,34682.50341,172.3157716,21.36161828,44.05738472
852.1,28.26812822,-64.54507628,34674.31369,172.2808696,21.26266217,43.91694751
852.2,28.26839187,-64.54677317,34666.04671,172.2448189,21.16278949,43.77089692
852.3,28.26865554,-64.54846997,34657.70216,172.2068802,21.061879,43.61890744
852.4,28.26891923,-64.55016668,34649.27974,172.1674104,20.95987114,43.46076766
852.5,28.26918292,-64.55186331,34640.77912,172.1257586,20.85682916,43.29614705
852.6,28.26944663,-64.55355986,34632.20001,172.082566,20.75263231,43.1245716
852.7,28.26971035,-64.55525632,34623.54209,172.0374712,20.64728263,42.94570421
852.8,28.26997409,-64.5569527,34614.80505,171.9899605,20.54072099,42.75919386
852.9,28.27023783,-64.55864899,34605.98858,171.9402512,20.43282726,42.56442819
853,28.27050159,-64.5603452,34597.09237,171.8880166,20.32360388,42.36101536
853.1,28.27076536,-64.56204132,34588.1161,171.8334881,20.21293116,42.14836764
853.2,28.27102914,-64.56373736,34579.05947,171.776629,20.10075078,41.92601417
853.3,28.27129293,-64.56543332,34569.92215,171.7166823,19.98688263,41.6932124
853.4,28.27155674,-64.56712919,34560.70384,171.6538002,19.87132996,41.44946064
853.5,28.27182055,-64.56882498,34551.40422,171.5878115,19.75379157,41.19377096
853.6,28.27208437,-64.57052069,34542.02298,171.5184775,19.63427139,40.92551948
853.7,28.27234821,-64.57221631,34532.5598,171.4455522,19.51259095,40.64380482
853.8,28.27261205,-64.57391185,34523.01436,171.368535,19.38845091,40.34763731
853.9,28.2728759,-64.57560731,34513.38637,171.2877728,19.26155284,40.03598108
854,28.27313976,-64.57730269,34503.67549,171.2028454,19.13178125,39.70780988
854.1,28.27340363,-64.57899798,34493.88141,171.1128324,18.9987787,39.36159361
854.2,28.27366751,-64.58069319,34484.00381,171.018188,18.86243113,38.9962337
854.3,28.27393139,-64.58238832,34474.04239,170.918342,18.72232247,38.60997165
854.4,28.27419529,-64.58408337,34463.99682,170.8125397,18.5780986,38.20113093
854.5,28.27445919,-64.58577833,34453.86679,170.7007251,18.42952748,37.76790387
854.6,28.2747231,-64.58747322,34443.65199,170.5820394,18.27595571,37.30806933
854.7,28.27498701,-64.58916802,34433.35211,170.4563263,18.11703378,36.81935104
854.8,28.27525093,-64.59086273,34422.96684,170.3232761,17.95211258,36.29912591
854.9,28.27551486,-64.59255737,34412.49585,170.1815051,17.78048554,35.74443396
855,28.27577879,-64.59425192,34401.93885,170.0307372,17.60138909,35.15200254
855.1,28.27604273,-64.59594639,34391.2955,169.8702651,17.41394306,34.51803988
855.2,28.27630667,-64.59764078,34380.56552,169.6992431,17.21709155,33.83847762
855.3,28.27657062,-64.59933509,34369.74857,169.5164049,17.00960413,33.10850233
855.4,28.27683457,-64.60102931,34358.84435,169.3212101,16.79013712,32.3229076
855.5,28.27709852,-64.60272345,34347.85256,169.1125867,16.55705535,31.47554276
855.6,28.27736248,-64.60441751,34336.77288,168.8890478,16.30843458,30.55973967
855.7,28.27762644,-64.60611149,34325.605,168.6497675,16.04188534,29.56759161
855.8,28.2778904,-64.60780538,34314.34862,168.393039,15.75491434,28.4905277
855.9,28.27815437,-64.60949919,34303.00344,168.1178466,15.44445109,27.31871141
856,28.27841834,-64.61119292,34291.56914,167.823039,15.10703196,26.04105592
856.1,28.27868231,-64.61288657,34280.04542,167.5068668,14.73850921,24.64549611
856.2,28.27894628,-64.61458013,34268.43199,167.1689486,14.33411859,23.11851312
856.3,28.27921025,-64.6162736,34256.72856,166.808579,13.88854708,21.44587608
856.4,28.27947422,-64.617967,34244.93483,166.4256069,13.39576497,19.61244584
856.5,28.27973819,-64.61966031,34233.05053,166.0210325,12.84915425,17.60300719
856.6,28.28000216,-64.62135354,34221.07536,165.5972804,12.2419283,15.40324536
856.7,28.28026613,-64.62304668,34209.00907,165.1580192,11.56713492,13.00039647
856.8,28.28053009,-64.62473974,34196.85138,164.7092578,10.81847249,10.38512975
856.9,28.28079406,-64.62643271,34184.60204,164.2589594,9.990797408,7.552589593
857,28.28105802,-64.6281256,34172.2608,163.8175835,9.081022063,4.503626003
857.1,28.28132198,-64.62981841,34159.82745,163.3969541,8.088527858,1.245666291
857.2,28.28158593,-64.63151113,34147.30174,163.0111372,7.016201481,-2.207143486
857.3,28.28184989,-64.63320376,34134.68348,162.6736982,5.870363008,-5.834833517
857.4,28.28211383,-64.63489631,34121.97247,162.3985623,4.660879271,-9.612403508
857.5,28.28237778,-64.63658877,34109.16852,162.197426,3.400782114,-13.51149471
857.6,28.28264172,-64.63828115,34096.27147,162.0802479,2.105520802,-17.50205718
857.7,28.28290566,-64.63997344,34083.28115,162.0535484,0.792082086,-21.55363918
857.8,28.28316959,-64.64166564,34070.19738,162.1207202,-0.521971771,-25.63661344
857.9,28.28343353,-64.64335776,34057.02,162.2820668,-1.819504098,-29.72310968
858,28.28369746,-64.64504979,34043.74883,162.5348854,-3.084403555,-33.78731381
858.1,28.28396139,-64.64674173,34030.38366,162.8733941,-4.302658746,-37.80613255
858.2,28.28422532,-64.64843358,34016.92428,163.2899784,-5.462313126,-41.75887924
858.3,28.28448926,-64.65012534,34003.37046,163.7758843,-6.554081736,-45.62776191
858.4,28.2847532,-64.65181701,33989.72192,164.3205092,-7.571134438,-49.39751192
858.5,28.28501714,-64.6535086,33975.97836,164.9132238,-8.509303366,-53.05538671
858.6,28.28528109,-64.65520008,33962.13947,165.5436353,-9.366378046,-56.59097827
858.7,28.28554505,-64.65689148,33948.20488,166.2016198,-10.14244484,-59.9962724
858.8,28.28580902,-64.65858278,33934.17422,166.8770746,-10.83918126,-63.26514216
858.9,28.286073,-64.66027399,33920.04709,167.5616358,-11.45937041,-66.39375048
859,28.28633699,-64.66196511,33905.82305,168.2475379,-12.00687157,-69.37969115
859.1,28.286601,-64.66365613,33891.50166,168.9280414,-12.4862316,-72.22235503
859.2,28.28686501,-64.66534705,33877.08247,169.5973659,-12.90240314,-74.92253213
859.3,28.28712904,-64.66703787,33862.565,170.2511848,-13.26045478,-77.48221557
859.4,28.28739309,-64.66872859,33847.94879,170.8860041,-13.56568771,-79.90398021
859.5,28.28765715,-64.67041922,33833.23333,171.4983994,-13.82310169,-82.19138527
859.6,28.28792122,-64.67210974,33818.41816,172.0872113,-14.03756492,-84.34949072
859.7,28.28818531,-64.67380017,33803.50279,172.6502601,-14.21368918,-86.38229997
859.8,28.28844941,-64.67549049,33788.48674,173.1875044,-14.3557637,-88.29704856
859.9,28.28871353,-64.67718071,33773.36952,173.6979041,-14.46774855,-89.90172406
860,28.28897766,-64.67887082,33758.15066,174.1826512,-14.55320972,-88.21306714
860.1,28.28924181,-64.68056083,33742.8297,174.6410056,-14.61537331,-86.62677659
860.2,28.28950596,-64.68225074,33727.40618,175.073478,-14.65718081,-85.13663703
860.3,28.28977013,-64.68394054,33711.87964,175.482049,-14.6812267,-83.73845495
860.4,28.29003431,-64.68563023,33696.24963,175.8663712,-14.68993362,-82.42691665
860.5,28.2902985,-64.68731982,33680.51571,176.2286588,-14.68531358,-81.19702184
860.6,28.2905627,-64.6890093,33664.67745,176.5689727,-14.66920343,-80.04410542
860.7,28.2908269,-64.69069867,33648.73442,176.8887619,-14.6431454,-78.96280972
860.8,28.29109112,-64.69238792,33632.68621,177.1894307,-14.60844564,-77.94854886
860.9,28.29135534,-64.69407707,33616.53241,177.4701674,-14.56629222,-76.99732167
861,28.29161957,-64.69576611,33600.2726,177.7358721,-14.51781391,-76.10486439
861.1,28.2918838,-64.69745503,33583.90638,177.9833799,-14.46378405,-75.26764916
861.2,28.29214804,-64.69914385,33567.43335,178.2163129,-14.40503484,-74.48160064
861.3,28.29241228,-64.70083254,33550.85312,178.4354049,-14.34227961,-73.74362405
861.4,28.29267652,-64.70252113,33534.16529,178.6402992,-14.27605376,-73.05022261
861.5,28.29294076,-64.70420959,33517.36949,178.8344379,-14.20695129,-72.39865419
861.6,28.29320501,-64.70589795,33500.46533,179.0130395,-14.13527017,-71.78606867
861.7,28.29346925,-64.70758618,33483.45244,179.1842871,-14.06154432,-71.20986225
861.8,28.29373349,-64.7092743,33466.33044,179.3431748,-13.98601179,-70.66755738
861.9,28.29399773,-64.71096229,33449.09896,179.4939303,-13.90896935,-70.15681704
862,28.29426197,-64.71265017,33431.75763,179.6389904,-13.83071341,-69.67568574
862.1,28.29452621,-64.71433793,33414.30609,179.7761218,-13.75136304,-69.22206696
862.2,28.29479044,-64.71602556,33396.74398,179.9088151,-13.67115505,-68.79406245
862.3,28.29505466,-64.71771308,33379.07092,179.8863535,-13.59026701,-68.39013684
862.4,28.29531888,-64.71940047,33361.28658,179.8638919,-13.50887623,-68.00862985
862.5,28.29558309,-64.72108773,33343.39057,179.7688707,-13.42715978,-67.64790462
862.6,28.2958473,-64.72277487,33325.38256,179.6671614,-13.34511783,-67.30684035
862.7,28.29611149,-64.72446188,33307.26219,179.5770335,-13.26292714,-66.9840798
862.8,28.29637568,-64.72614877,33289.02911,179.485769,-13.18058769,-66.67828491
862.9,28.29663986,-64.72783552,33270.68297,179.4051863,-13.09809947,-66.38851731
863,28.29690403,-64.72952215,33252.22341,179.3237667,-13.01558006,-66.1136873
863.1,28.29716819,-64.73120865,33233.6501,179.2507369,-12.93302933,-65.85286376
863.2,28.29743233,-64.73289501,33214.96268,179.1765737,-12.8505059,-65.60506661
863.3,28.29769647,-64.73458124,33196.16081,179.1099375,-12.76806833,-65.36965661
863.4,28.29796059,-64.73626734,33177.24412,179.0484231,-12.68565762,-65.14583926
863.5,28.29822469,-64.73795331,33158.21228,178.9851794,-12.6033323,-64.93278285
863.6,28.29848879,-64.73963913,33139.06494,178.9267431,-12.52109211,-64.72980616
863.7,28.29875287,-64.74132482,33119.80173,178.8736614,-12.43905415,-64.5365888
863.8,28.29901693,-64.74301038,33100.42233,178.8210546,-12.35710074,-64.35218006
863.9,28.29928098,-64.74469579,33080.92638,178.7694393,-12.27529028,-64.17614997
864,28.29954501,-64.74638106,33061.31352,178.7244901,-12.19368108,-64.00822106
864.1,28.29980902,-64.74806619,33041.58343,178.6772934,-12.1122142,-63.84767942
864.2,28.30007302,-64.74975118,33021.73574,178.6359421,-12.03094791,-63.69415046
864.3,28.300337,-64.75143602,33001.77011,178.5945868,-11.94982331,-63.54735461
864.4,28.30060096,-64.75312072,32981.6862,178.553691,-11.86889866,-63.40681188
864.5,28.3008649,-64.75480527,32961.48366,178.5181735,-11.78823214,-63.27218609
864.6,28.30112882,-64.75648967,32941.16214,178.4822654,-11.70770634,-63.14320852
864.7,28.30139272,-64.75817392,32920.7213,178.4464154,-11.62737948,-63.01943378
864.8,28.3016566,-64.75985802,32900.16078,178.4135608,-11.54736818,-62.9007069
864.9,28.30192046,-64.76154197,32879.48025,178.3834683,-11.46767201,-62.78670293
865,28.3021843,-64.76322576,32858.67936,178.3539005,-11.38829056,-62.67723215
865.1,28.30244812,-64.76490941,32837.75777,178.3243834,-11.30916498,-62.57196077
865.2,28.30271191,-64.76659289,32816.71513,178.2968418,-11.2302949,-62.47083784
865.3,28.30297568,-64.76827622,32795.5511,178.2688281,-11.15162157,-62.37341515
865.4,28.30323942,-64.76995939,32774.26534,178.2448901,-11.07326144,-62.27969487
865.5,28.30350314,-64.77164239,32752.8575,178.2203226,-10.99509738,-62.18946809
865.6,28.30376684,-64.77332524,32731.32725,178.1973365,-10.91718744,-62.10259512
865.7,28.30403051,-64.77500792,32709.67424,178.1736552,-10.83947294,-62.01877215
865.8,28.30429415,-64.77669044,32687.89812,178.1532395,-10.76201191,-61.93799031
865.9,28.30455777,-64.7783728,32665.99857,178.1316908,-10.68468738,-61.85993215
866,28.30482136,-64.78005498,32643.97522,178.1114607,-10.60761571,-61.78473723
866.1,28.30508492,-64.781737,32621.82775,178.0924747,-10.53079656,-61.71213394
866.2,28.30534846,-64.78341884,32599.55579,178.0740245,-10.45411308,-61.64193707
866.3,28.30561197,-64.78510052,32577.15899,178.0549894,-10.37768152,-61.57416641
866.4,28.30587545,-64.78678202,32554.63702,178.0384476,-10.30144333,-61.50866029
866.5,28.3061389,-64.78846334,32531.98953,178.0209372,-10.22539824,-61.44540089
866.6,28.30640232,-64.79014449,32509.21616,178.005804,-10.14954597,-61.38412796
866.7,28.30666571,-64.79182546,32486.31656,177.9899441,-10.07394444,-61.3248455
866.8,28.30692906,-64.79350625,32463.29039,177.9760586,-9.998476996,-61.26750109
866.9,28.30719239,-64.79518686,32440.13731,177.9613901,-9.923259732,-61.21187693
867,28.30745569,-64.79686729,32416.85695,177.9472688,-9.848234197,-61.15818324
867.1,28.30771895,-64.79854753,32393.44898,177.9336618,-9.773400131,-61.10604614
867.2,28.30798218,-64.80022759,32369.91304,177.9205373,-9.698757277,-61.05557525
867.3,28.30824538,-64.80190746,32346.24879,177.9081347,-9.624363494,-61.00665769
867.4,28.30850854,-64.80358713,32322.45587,177.8958812,-9.550102289,-60.95924791
867.5,28.30877167,-64.80526662,32298.53393,177.8842847,-9.476089628,-60.91325233
867.6,28.30903477,-64.80694591,32274.48264,177.8746138,-9.402267149,-60.86864457
867.7,28.30929783,-64.80862501,32250.30163,177.8637032,-9.328634608,-60.82529718
867.8,28.30956085,-64.81030391,32225.99056,177.8520569,-9.255307866,-60.7833554
867.9,28.30982384,-64.81198262,32201.54908,177.8424878,-9.182228571,-60.74255611
868,28.3100868,-64.81366112,32176.97684,177.8321172,-9.109454478,-60.70302742
868.1,28.31034971,-64.81533942,32152.27349,177.8234939,-9.036869251,-60.66461021
868.2,28.31061259,-64.81701752,32127.43869,177.814815,-8.964414654,-60.62728204
868.3,28.31087543,-64.81869542,32102.4721,177.8058311,-8.892032501,-60.59102127
868.4,28.31113823,-64.8203731,32077.37337,177.7967727,-8.819780614,-60.55583892
868.5,28.311401,-64.82205058,32052.14216,177.7891298,-8.747658801,-60.52161196
868.6,28.31166372,-64.82372785,32026.77813,177.7813763,-8.675666873,-60.48845339
868.7,28.3119264,-64.8254049,32001.28092,177.7735004,-8.60380464,-60.45612321
868.8,28.31218905,-64.82708174,31975.6502,177.7654908,-8.532071917,-60.4247348
868.9,28.31245165,-64.82875836,31949.88562,177.758817,-8.460468516,-60.39428386
869,28.31271421,-64.83043477,31923.98684,177.7507182,-8.389052169,-60.36454697
869.1,28.31297673,-64.83211095,31897.9535,177.7441326,-8.317822662,-60.33575435
869.2,28.31323921,-64.83378692,31871.78526,177.7386031,-8.246663994,-60.30775525
869.3,28.31350165,-64.83546266,31845.48178,177.7318182,-8.175749668,-60.28047356
869.4,28.31376404,-64.83713817,31819.04269,177.7262673,-8.104963698,-60.25387645
869.5,28.31402639,-64.83881346,31792.46767,177.7204734,-8.034305907,-60.22807743
869.6,28.31428869,-64.84048851,31765.75636,177.7146291,-7.963833974,-60.20297095
869.7,28.31455095,-64.84216334,31738.90841,177.7085169,-7.893489853,-60.17853969
869.8,28.31481317,-64.84383793,31711.92347,177.7037682,-7.823331206,-60.15479469
869.9,28.31507534,-64.84551229,31684.80119,177.6989158,-7.753357834,-60.13173278
870,28.31533746,-64.8471864,31657.54122,177.6937496,-7.683511725,-60.10922126
870.1,28.31559954,-64.84886028,31630.14321,177.6884515,-7.613850518,-60.08738714
870.2,28.31586157,-64.85053392,31602.6068,177.6844357,-7.544374018,-60.06599578
870.3,28.31612355,-64.85220731,31574.93163,177.6800625,-7.475024249,-60.04526312
870.4,28.31638549,-64.85388046,31547.11735,177.6755077,-7.405858824,-60.0251997
870.5,28.31664738,-64.85555336,31519.16362,177.6705729,-7.336819788,-60.00544314
870.6,28.31690921,-64.857226,31491.07006,177.6668483,-7.267964741,-59.98635102
870.7,28.317171,-64.8588984,31462.83633,177.6628943,-7.199293498,-59.96780522
870.8,28.31743274,-64.86057054,31434.46207,177.6585192,-7.130748135,-59.94967551
870.9,28.31769443,-64.86224243,31405.94693,177.6552996,-7.062386231,-59.93208774
871,28.31795607,-64.86391405,31377.29056,177.6518047,-6.994207606,-59.91492439
871.1,28.31821765,-64.86558542,31348.49258,177.6492557,-6.926154367,-59.8981713
871.2,28.31847919,-64.86725652,31319.55266,177.6449965,-6.858284072,-59.88195378
871.3,28.31874067,-64.86892735,31290.47043,177.6416573,-6.790538846,-59.86614281
871.4,28.3190021,-64.87059792,31261.24554,177.6393878,-6.722976234,-59.85074851
871.5,28.31926348,-64.87226822,31231.87763,177.6367692,-6.655596066,-59.83576891
871.6,28.3195248,-64.87393825,31202.36634,177.6336258,-6.588340496,-59.82107589
871.7,28.31978607,-64.875608,31172.71132,177.6301086,-6.52126705,-59.8069088
871.8,28.32004728,-64.87727747,31142.91221,177.6274387,-6.4543179,-59.79313976
871.9,28.32030844,-64.87894667,31112.96866,177.6257579,-6.387550561,-59.77966382
872,28.32056954,-64.88061558,31082.88031,177.6236577,-6.320964869,-59.76659383
872.1,28.32083059,-64.88228421,31052.64679,177.6209717,-6.254503025,-59.75380273
872.2,28.32109158,-64.88395255,31022.26776,177.6178419,-6.188222524,-59.74141436
872.3,28.32135251,-64.8856206,30991.74285,177.6156395,-6.122123209,-59.72931267
872.4,28.32161338,-64.88728837,30961.07171,177.6144933,-6.056262542,-59.71762081
872.5,28.3218742,-64.88895584,30930.25398,177.6127076,-5.990525126,-59.70620182
872.6,28.32213495,-64.89062301,30899.2893,177.6105603,-5.925026039,-59.69507499
872.7,28.32239565,-64.89228988,30868.17732,177.6077498,-5.859649914,-59.68421824
872.8,28.32265629,-64.89395646,30836.91768,177.6071653,-5.794454214,-59.67375448
872.9,28.32291687,-64.89562273,30805.51002,177.6046526,-5.729438792,-59.66356807
873,28.32317738,-64.89728869,30773.954,177.6028189,-5.664545925,-59.65364782
873.1,28.32343784,-64.89895435,30742.24924,177.6017872,-5.599833059,-59.64388836
873.2,28.32369823,-64.9006197,30710.39539,177.6000331,-5.535242487,-59.63450661
873.3,28.32395856,-64.90228473,30678.3921,177.5989222,-5.470774086,-59.62538756
873.4,28.32421883,-64.90394944,30646.23901,177.5972,-5.406485288,-59.61653945
873.5,28.32447903,-64.90561384,30613.93576,177.5962253,-5.342375953,-59.60796089
873.6,28.32473917,-64.90727792,30581.48199,177.5943578,-5.278330865,-59.59951869
873.7,28.32499925,-64.90894167,30548.87735,177.5932143,-5.214464991,-59.59145753
873.8,28.32525926,-64.9106051,30516.12148,177.592779,-5.150778199,-59.5835487
873.9,28.3255192,-64.9122682,30483.21401,177.5914243,-5.087155309,-59.57588713
874,28.32577908,-64.91393096,30450.15459,177.5907548,-5.023711257,-59.56837583
874.1,28.32603889,-64.91559339,30416.94286,177.5892694,-4.960388404,-59.56123217
874.2,28.32629863,-64.91725549,30383.57847,177.5883264,-4.897186635,-59.55422811
874.3,28.32655831,-64.91891724,30350.06104,177.5880308,-4.834163339,-59.54737108
874.4,28.32681792,-64.92057866,30316.39023,177.5867744,-4.771203401,-59.540757
874.5,28.32707746,-64.92223972,30282.56568,177.5861432,-4.708421707,-59.53440139
874.6,28.32733693,-64.92390044,30248.58701,177.5860116,-4.645760647,-59.5281817
874.7,28.32759633,-64.92556081,30214.45388,177.5850054,-4.583220115,-59.52221044
874.8,28.32785566,-64.92722083,30180.16592,177.5845877,-4.520857478,-59.51638114
874.9,28.32811492,-64.92888049,30145.72277,177.5845317,-4.458557678,-59.51079073
875,28.32837411,-64.93053979,30111.12406,177.5836784,-4.396435553,-59.5053404
875.1,28.32863322,-64.93219873,30076.36945,177.5831711,-4.334376067,-59.50012748
875.2,28.32889227,-64.9338573,30041.45856,177.5818459,-4.272494042,-59.49505281
875.3,28.32915124,-64.93551551,30006.39104,177.5823129,-4.210731911,-59.49010811
875.4,28.32941013,-64.93717335,29971.16652,177.5817402,-4.149032127,-59.48539869
875.5,28.32966895,-64.93883081,29935.78465,177.5816791,-4.087509489,-59.48071173
875.6,28.3299277,-64.9404879,29900.24505,177.5806592,-4.026106446,-59.47637864
875.7,28.33018637,-64.9421446,29864.54736,177.581299,-3.964765468,-59.47205256
875.8,28.33044497,-64.94380093,29828.69123,177.5810574,-3.903601328,-59.46797253
875.9,28.33070349,-64.94545687,29792.67628,177.5798302,-3.842556492,-59.46401785
876,28.33096193,-64.94711242,29756.50216,177.5802389,-3.781573446,-59.46018136
876.1,28.33122029,-64.94876758,29720.1685,177.579647,-3.720709523,-59.45646897
876.2,28.33147858,-64.95042234,29683.67494,177.5794923,-3.660022043,-59.45299914
876.3,28.33173679,-64.95207671,29647.02111,177.5795903,-3.599396084,-59.44953265
876.4,28.33199491,-64.95373068,29610.20665,177.5800205,-3.53888897,-59.44630102
876.5,28.33225296,-64.95538425,29573.23119,177.5794146,-3.47850061,-59.44319058
876.6,28.33251093,-64.9570374,29536.09437,177.5804011,-3.418173518,-59.44019481
876.7,28.33276881,-64.95869015,29498.79582,177.5804162,-3.358022401,-59.43732472
876.8,28.33302662,-64.96034249,29461.33519,177.5806496,-3.297932381,-59.43468098
876.9,28.33328434,-64.96199441,29423.71209,177.5798142,-3.237960767,-59.43204295
877,28.33354198,-64.9636459,29385.92617,177.5806198,-3.178107471,-59.42952283
877.1,28.33379953,-64.96529698,29347.97705,177.580265,-3.118315028,-59.42711464
877.2,28.33405701,-64.96694763,29309.86439,177.5801772,-3.05864074,-59.42493598
877.3,28.33431439,-64.96859785,29271.58779,177.5803476,-2.99908452,-59.42276057
877.4,28.33457169,-64.97024764,29233.14691,177.5806976,-2.939588916,-59.42080834
877.5,28.33482891,-64.971897,29194.54137,177.5812913,-2.88021122,-59.41885825
877.6,28.33508604,-64.97354591,29155.77081,177.582053,-2.820893985,-59.41701763
877.7,28.33534308,-64.97519438,29116.83485,177.5816842,-2.7616945,-59.41540355
877.8,28.33560004,-64.97684241,29077.73313,177.5815359,-2.702612685,-59.41378985
877.9,28.3358569,-64.97848999,29038.46528,177.5828962,-2.643591103,-59.41228416
878,28.33611368,-64.98013711,28999.03094,177.5831029,-2.584687036,-59.4108905
878.1,28.33637037,-64.98178378,28959.42974,177.5834471,-2.525843054,-59.40960394
878.2,28.33662696,-64.98342999,28919.66129,177.5839244,-2.467059087,-59.40842414
878.3,28.33688347,-64.98507573,28879.72525,177.5832273,-2.408392411,-59.40735483
878.4,28.33713989,-64.98672101,28839.62124,177.5840678,-2.349842949,-59.40628271
878.5,28.33739621,-64.98836582,28799.34888,177.5849685,-2.291295943,-59.40542473
878.6,28.33765244,-64.99001016,28758.90782,177.5846745,-2.232866009,-59.40456307
878.7,28.33790858,-64.99165402,28718.29767,177.5858988,-2.174553072,-59.40380979
878.8,28.33816462,-64.9932974,28677.51808,177.5858106,-2.116242389,-59.40315709
878.9,28.33842057,-64.99494029,28636.56866,177.58723,-2.058048563,-59.4026119
879,28.33867642,-64.9965827,28595.44906,177.5873779,-1.999914193,-59.40217021
879.1,28.33893218,-64.99822461,28554.1589,177.5876579,-1.94189654,-59.401835
879.2,28.33918784,-64.99986603,28512.6978,177.5879719,-1.883880878,-59.40148665
879.3,28.33944341,-65.00150695,28471.06541,177.5884067,-1.825981798,-59.40124394
879.4,28.33969887,-65.00314736,28429.26134,177.5888697,-1.768084584,-59.40110028
879.5,28.33995424,-65.00478727,28387.28523,177.5894423,-1.710303818,-59.40106143
879.6,28.34020951,-65.00642667,28345.13671,177.5900768,-1.652582111,-59.4010114
879.7,28.34046468,-65.00806556,28302.8154,177.5907691,-1.594919401,-59.40117507
879.8,28.34071975,-65.00970393,28260.32093,177.5915148,-1.537315622,-59.40132694
879.9,28.34097471,-65.01134177,28217.65293,177.59231,-1.479770713,-59.4015793
880,28.34122958,-65.01297909,28174.81104,177.5931502,-1.422284609,-59.40181926
880.1,28.34148434,-65.01461588,28131.79487,177.5940315,-1.36485725,-59.4021591
880.2,28.341739,-65.01625214,28088.60406,177.5935532,-1.307431263,-59.40259632
880.3,28.34199356,-65.01788786,28045.23823,177.5945049,-1.250121207,-59.40313513
880.4,28.34224801,-65.01952303,28001.69701,177.5954567,-1.192812403,-59.40377092
880.5,28.34250236,-65.02115766,27957.98003,177.5964356,-1.135562099,-59.404393
880.6,28.3427566,-65.02279174,27914.08691,177.5960708,-1.078370235,-59.40511367
880.7,28.34301073,-65.02442527,27870.01729,177.5970665,-1.021179446,-59.40581832
880.8,28.34326476,-65.02605824,27825.7708,177.5981026,-0.964104282,-59.40673539
880.9,28.34351868,-65.02769065,27781.34705,177.5991275,-0.907030074,-59.40763605
881,28.34377249,-65.02932249,27736.74567,177.6001412,-0.849956767,-59.4085203
881.1,28.34402619,-65.03095376,27691.9663,177.599794,-0.792941604,-59.40961467
881.2,28.34427978,-65.03258445,27647.00856,177.6008183,-0.735984528,-59.41069367
881.3,28.34453326,-65.03421457,27601.87208,177.6018259,-0.679028178,-59.41175588
881.4,28.34478662,-65.0358441,27556.55648,177.6028314,-0.622129799,-59.41302756
881.5,28.34503988,-65.03747305,27511.06139,177.6038172,-0.565232033,-59.41416964
881.6,28.34529302,-65.0391014,27465.38644,177.6034248,-0.508392123,-59.41552081
881.7,28.34554605,-65.04072916,27419.53125,177.6043801,-0.451552713,-59.41685481
881.8,28.34579896,-65.04235631,27373.49546,177.6053127,-0.394713747,-59.41828426
881.9,28.34605176,-65.04398287,27327.27868,177.6062309,-0.337932467,-59.41980975
882,28.34630445,-65.04560881,27280.88056,177.6071238,-0.281151518,-59.42131789
882.1,28.34655701,-65.04723413,27234.3007,177.6079912,-0.224370846,-59.42292131
882.2,28.34680946,-65.04885884,27187.53874,177.6088332,-0.167590394,-59.4245074
882.3,28.34706179,-65.05048293,27140.59431,177.6096523,-0.110867403,-59.42618899
882.4,28.347314,-65.05210639,27093.46703,177.6104445,-0.054201816,-59.42785316
882.5,28.34756609,-65.05372921,27046.15654,177.6112057,0.002406423,-59.42961227
882.6,28.34781806,-65.0553514,26998.66246,177.6119332,0.059014663,-59.43146617
882.7,28.34806991,-65.05697295,26950.98442,177.6126268,0.115622962,-59.43330219
882.8,28.34832164,-65.05859384,26903.12205,177.6132826,0.172174077,-59.43523274
882.9,28.34857325,-65.06021409,26855.07498,177.6138964,0.228668063,-59.43714485
883,28.34882473,-65.06183369,26806.84285,177.6144778,0.285219568,-59.43915191
883.1,28.34907608,-65.06345262,26758.42528,177.6150227,0.341771352,-59.44125365
883.2,28.34932731,-65.06507088,26709.82191,177.616899,0.398266171,-59.44333671
883.3,28.34957842,-65.06668848,26661.03237,177.6173697,0.454818674,-59.44540235
883.4,28.3498294,-65.0683054,26612.0563,177.6177916,0.511314323,-59.44767458
883.5,28.35008025,-65.06992163,26562.89331,177.6181879,0.567867768,-59.44981689
883.6,28.35033097,-65.07153719,26513.54306,177.6199271,0.624421766,-59.45205397
883.7,28.35058156,-65.07315205,26464.00517,177.620267,0.681033672,-59.45438701
883.8,28.35083202,-65.07476622,26414.27928,177.6205731,0.737646243,-59.45670232
883.9,28.35108236,-65.07637968,26364.36502,177.6222263,0.794259534,-59.45911268
884,28.35133256,-65.07799244,26314.26202,177.6224652,0.850873601,-59.46150533
884.1,28.35158262,-65.07960449,26263.96993,177.6240742,0.907545801,-59.46399462
884.2,28.35183256,-65.08121583,26213.48837,177.6242707,0.964218889,-59.46646643
884.3,28.35208236,-65.08282644,26162.81699,177.6258438,1.020950226,-59.46903532
884.4,28.35233202,-65.08443632,26111.95541,177.6260322,1.07773987,-59.47158879
884.5,28.35258155,-65.08604547,26060.90329,177.6275793,1.134530573,-59.47423804
884.6,28.35283094,-65.08765389,26009.66024,177.6277462,1.191379699,-59.4768723
884.7,28.35308019,-65.08926156,25958.22592,177.6279208,1.248287307,-59.47960472
884.8,28.35332931,-65.09086849,25906.59996,177.6294612,1.305196146,-59.48232055
884.9,28.35357828,-65.09247466,25854.782,177.62963,1.362163586,-59.48502211
885,28.35382711,-65.09408007,25802.77167,177.6312028,1.419189686,-59.4878226
885.1,28.35407581,-65.09568471,25750.56862,177.6314115,1.476274507,-59.49072234
885.2,28.35432436,-65.09728859,25698.1725,177.6329967,1.533360793,-59.49349327
885.3,28.35457277,-65.09889168,25645.58293,177.6332609,1.590563238,-59.4964795
885.4,28.35482103,-65.100494,25592.79956,177.63356,1.647824589,-59.49934013
885.5,28.35506915,-65.10209553,25539.82204,177.635287,1.705144906,-59.5023013
885.6,28.35531712,-65.10369626,25486.65,177.6356261,1.762466931,-59.50536037
885.7,28.35556495,-65.1052962,25433.28309,177.6360543,1.81990537,-59.5084106
885.8,28.35581262,-65.10689533,25379.72095,177.6379708,1.877460292,-59.5114526
885.9,28.35606015,-65.10849365,25325.96324,177.6385094,1.935017109,-59.51459339
886,28.35630753,-65.11009115,25272.00959,177.6391573,1.992690541,-59.51772679
886.1,28.35655476,-65.11168783,25217.85964,177.6398235,2.050365992,-59.52084643
886.2,28.35680184,-65.11328368,25163.51306,177.6406619,2.108215526,-59.52407613
886.3,28.35704876,-65.11487869,25108.96947,177.6415802,2.166124546,-59.5272964
886.4,28.35729553,-65.11647286,25054.22851,177.6425829,2.22409312,-59.53050757
886.5,28.35754215,-65.11806618,24999.28983,177.6423357,2.282178654,-59.53382693
886.6,28.35778861,-65.11965865,24944.15306,177.6435784,2.340323878,-59.53713803
886.7,28.35803492,-65.12125026,24888.81786,177.6449804,2.398586206,-59.54044529
886.8,28.35828106,-65.122841,24833.28386,177.6450947,2.456908364,-59.54385827
886.9,28.35852705,-65.12443086,24777.5507,177.6453822,2.515347772,-59.54726848
887,28.35877288,-65.12601985,24721.61804,177.6472484,2.573904506,-59.55067654
887.1,28.35901855,-65.12760795,24665.48551,177.647845,2.632521286,-59.55407858
887.2,28.35926405,-65.12919515,24609.15277,177.6486388,2.691255542,-59.55759272
887.3,28.35950939,-65.13078145,24552.61947,177.6496388,2.750107351,-59.56110641
887.4,28.35975457,-65.13236685,24495.88525,177.6494549,2.809076795,-59.56473354
887.5,28.35999959,-65.13395133,24438.94976,177.6508938,2.868163951,-59.56824825
887.6,28.36024443,-65.13553489,24381.81266,177.6511663,2.927368902,-59.5718777
887.7,28.36048912,-65.13711752,24324.4736,177.6516074,2.986634355,-59.57550417
887.8,28.36073363,-65.13869922,24266.93224,177.6523709,3.046075137,-59.57913841
887.9,28.36097797,-65.14027997,24209.18822,177.6533185,3.105576581,-59.58277075
888,28.36122214,-65.14185977,24151.24121,177.6543777,3.165081378,-59.58650947
888.1,28.36146614,-65.14343862,24093.09087,177.6543042,3.224704365,-59.5902523
888.2,28.36170997,-65.1450165,24034.73686,177.6559118,3.284445628,-59.5939999
888.3,28.36195363,-65.14659341,23976.17886,177.6563224,3.34424786,-59.59774719
888.4,28.36219711,-65.14816934,23917.41653,177.657027,3.404168534,-59.60161376
888.5,28.36244041,-65.14974429,23858.44955,177.6579501,3.464150336,-59.6053675
888.6,28.36268353,-65.15131824,23799.27758,177.6578644,3.524308153,-59.60924769
888.7,28.36292648,-65.15289119,23739.90032,177.6595055,3.584584676,-59.61313573
888.8,28.36316925,-65.15446314,23680.31742,177.6600726,3.644979995,-59.6170323
888.9,28.36341183,-65.15603406,23620.52859,177.6596647,3.705551618,-59.62094439
889,28.36365424,-65.15760396,23560.5335,177.6610158,3.766242228,-59.62486654
889.1,28.36389646,-65.15917283,23500.33183,177.6614165,3.827109341,-59.62891954
889.2,28.3641385,-65.16074066,23439.92328,177.6621918,3.888095637,-59.6328706
889.3,28.36438035,-65.16230744,23379.30754,177.6633515,3.949201208,-59.63694756
889.4,28.36462201,-65.16387317,23318.48429,177.6636939,4.010541025,-59.64093764
889.5,28.36486348,-65.16543783,23257.45323,177.6644456,4.072000328,-59.64505545
889.6,28.36510477,-65.16700141,23196.21407,177.6643085,4.13363666,-59.64908146
889.7,28.36534587,-65.16856392,23134.76649,177.6661164,4.195450133,-59.65324404
889.8,28.36558677,-65.17012534,23073.1102,177.6656528,4.257440862,-59.65743053
889.9,28.36582748,-65.17168566,23011.24491,177.6671638,4.319608961,-59.66152821
890,28.36606799,-65.17324488,22949.17032,177.6677338,4.381897083,-59.66575805
890.1,28.36630831,-65.17480298,22886.88613,177.6675909,4.444420269,-59.67002231
890.2,28.36654843,-65.17635996,22824.39207,177.668055,4.507121179,-59.67420077
890.3,28.36678836,-65.17791581,22761.68785,177.6691411,4.569999933,-59.6785221
890.4,28.36702808,-65.17947051,22698.77318,177.6694505,4.633056655,-59.68275967
890.5,28.3672676,-65.18102407,22635.64778,177.6705274,4.696348956,-59.68703643
890.6,28.36750692,-65.18257647,22572.31138,177.6708594,4.759819483,-59.69134558
890.7,28.36774604,-65.1841277,22508.76369,177.6718757,4.823468364,-59.69568819
890.8,28.36798495,-65.18567776,22445.00446,177.6722968,4.887353231,-59.70007374
890.9,28.36822365,-65.18722663,22381.03341,177.6720194,4.951416721,-59.70449511
891,28.36846214,-65.1887743,22316.85028,177.6724741,5.015658965,-59.70895338
891.1,28.36870043,-65.19032077,22252.4548,177.6738023,5.080137619,-59.71334433
891.2,28.3689385,-65.19186603,22187.84672,177.6746074,5.144852833,-59.71778339
891.3,28.36917636,-65.19341007,22123.02578,177.6747794,5.209747231,-59.72226303
891.4,28.36941401,-65.19495287,22057.99173,177.6744638,5.274878488,-59.72679343
891.5,28.36965144,-65.19649443,21992.74432,177.6750991,5.340246764,-59.73137607
891.6,28.36988866,-65.19803473,21927.2833,177.676572,5.405794666,-59.73588888
891.7,28.37012565,-65.19957378,21861.6084,177.6763311,5.471637456,-59.74046601
891.8,28.37036243,-65.20111155,21795.71938,177.6769652,5.537660188,-59.74509016
891.9,28.37059898,-65.20264804,21729.61598,177.6772094,5.603920581,-59.74965788
892,28.37083531,-65.20418323,21663.29797,177.6772247,5.67047638,-59.75429468
892.1,28.37107142,-65.20571713,21596.7651,177.6781726,5.73721261,-59.75898258
892.2,28.37130729,-65.2072497,21530.01713,177.6787924,5.804187015,-59.76361841
892.3,28.37154295,-65.20878095,21463.05384,177.6789583,5.871342172,-59.76830784
892.4,28.37177837,-65.21031087,21395.87499,177.6801086,5.938678239,-59.77305203
892.5,28.37201356,-65.21183944,21328.48038,177.6794136,6.006195375,-59.77785216
892.6,28.37224851,-65.21336665,21260.86979,177.6797351,6.073893741,-59.78259493
892.7,28.37248323,-65.21489249,21193.04302,177.6812429,6.141831125,-59.78729207
892.8,28.37271772,-65.21641696,21124.99987,177.6811105,6.210007715,-59.79217415
892.9,28.37295197,-65.21794003,21056.74014,177.6807829,6.278423699,-59.79701368
893,28.37318597,-65.2194617,20988.26366,177.6818646,6.347136918,-59.80182316
893.1,28.37341974,-65.22098196,20919.57025,177.682638,6.416032276,-59.80669681
893.2,28.37365326,-65.22250079,20850.65973,177.6818549,6.485167609,-59.81153244
893.3,28.37388654,-65.22401818,20781.53193,177.6825525,6.55460079,-59.81645767
893.4,28.37411957,-65.22553413,20712.1867,177.6831668,6.624274364,-59.82134822
893.5,28.37435235,-65.22704861,20642.62387,177.6838871,6.694246224,-59.82633206
893.6,28.37458488,-65.22856163,20572.84331,177.6833131,6.764516603,-59.83129639
893.7,28.37481716,-65.23007315,20502.84487,177.6841565,6.835028028,-59.83623123
893.8,28.37504919,-65.23158319,20432.62842,177.683584,6.905780715,-59.84125303
893.9,28.37528096,-65.23309171,20362.19382,177.6848236,6.976890324,-59.84627287
894,28.37551247,-65.23459871,20291.54095,177.684699,7.048241663,-59.85138345
894.1,28.37574372,-65.23610417,20220.6697,177.6848396,7.119892694,-59.85636894
894.2,28.37597471,-65.23760809,20149.57996,177.6854542,7.191901421,-59.86147381
894.3,28.37620544,-65.23911045,20078.27162,177.6862128,7.264152606,-59.86667519
894.4,28.3764359,-65.24061123,20006.7446,177.6860759,7.336762019,-59.87177028
894.5,28.37666609,-65.24211043,19934.99883,177.6852633,7.409787729,-59.87688946
894.6,28.37689601,-65.24360803,19863.03427,177.6854336,7.483287849,-59.88204869
894.7,28.37712566,-65.24510402,19790.85086,177.6866335,7.557262739,-59.88736644
894.8,28.37735504,-65.24659838,19718.44855,177.686903,7.631539341,-59.89257559
894.9,28.37758414,-65.2480911,19645.82731,177.6868519,7.706291391,-59.89783389
895,28.37781297,-65.24958217,19572.98708,177.6873729,7.781345781,-59.90310381
895.1,28.37804152,-65.25107158,19499.92785,177.6874583,7.85681848,-59.90841503
895.2,28.37826978,-65.25255931,19426.64958,177.6867505,7.932594146,-59.91374273
895.3,28.37849776,-65.25404534,19353.15224,177.6871162,8.0087888,-59.91911717
895.4,28.37872546,-65.25552966,19279.43582,177.6867571,8.085287068,-59.92451301
895.5,28.37895286,-65.25701226,19205.50031,177.687549,8.162205023,-59.92984562
895.6,28.37917998,-65.25849313,19131.34571,177.6876856,8.239427257,-59.9353201
895.7,28.3794068,-65.25997224,19056.97203,177.687407,8.317011995,-59.94072225
895.8,28.37963333,-65.26144959,18982.37928,177.6881859,8.394959591,-59.94617027
895.9,28.37985957,-65.26292515,18907.56749,177.6871887,8.473270409,-59.95166688
896,28.3800855,-65.26439892,18832.53669,177.6871085,8.551886875,-59.95719975
896.1,28.38031113,-65.26587088,18757.28692,177.6881955,8.630867277,-59.96267063
896.2,28.38053646,-65.26734101,18681.81823,177.6878352,8.710269959,-59.96821334
896.3,28.38076148,-65.2688093,18606.13069,177.6870644,8.789979386,-59.9738001
896.4,28.3809862,-65.27027573,18530.22437,177.6875763,8.870053899,-59.97944893
896.5,28.3812106,-65.27174029,18454.09934,177.6879732,8.950493893,-59.98504672
896.6,28.38143469,-65.27320295,18377.75569,177.6870847,9.031357782,-59.99061216
896.7,28.38165846,-65.27466371,18301.19349,177.6873708,9.112529956,-59.9963483
896.8,28.38188192,-65.27612255,18224.41285,177.6874271,9.194010787,-60.00202554
896.9,28.38210506,-65.27757944,18147.41389,177.6875218,9.275858707,-60.00766264
897,28.38232787,-65.27903438,18070.19672,177.687458,9.35801607,-60.01336199
897.1,28.38255036,-65.28048734,17992.7615,177.6875084,9.440541346,-60.01914283
897.2,28.38277252,-65.28193832,17915.10837,177.6877139,9.52343497,-60.02489187
897.3,28.38299434,-65.28338728,17837.23752,177.6864316,9.606639271,-60.03059493
897.4,28.38321584,-65.28483422,17759.14911,177.6870669,9.690270904,-60.03640522
897.5,28.383437,-65.28627911,17680.84336,177.68654,9.774272225,-60.0423089
897.6,28.38365782,-65.28772194,17602.32048,177.6863323,9.858643695,-60.0480761
897.7,28.3838783,-65.2891627,17523.58068,177.6864857,9.943385778,-60.05394268
897.8,28.38409843,-65.29060135,17444.62422,177.685856,10.02855713,-60.05981307
897.9,28.38431822,-65.29203789,17365.45135,177.6856759,10.11410008,-60.06578936
898,28.38453765,-65.29347229,17286.06235,177.6862476,10.20007333,-60.07165956
898.1,28.38475674,-65.29490454,17206.45748,177.6859174,10.28641919,-60.07764219
898.2,28.38497547,-65.29633462,17126.63707,177.6847281,10.37313816,-60.08362369
898.3,28.38519384,-65.2977625,17046.60142,177.684431,10.46028901,-60.08962587
898.4,28.38541185,-65.29918817,16966.35087,177.6836346,10.5478723,-60.09565236
898.5,28.3856295,-65.30061161,16885.88576,177.6838316,10.63588861,-60.10170685
898.6,28.38584678,-65.30203281,16805.20647,177.6833582,10.7242802,-60.10777381
898.7,28.38606369,-65.30345173,16724.31336,177.6839769,10.81310595,-60.11387586
898.8,28.38628022,-65.30486836,16643.20685,177.6828532,10.90236645,-60.12001676
898.9,28.38649638,-65.30628268,16561.88734,177.6829257,10.99206231,-60.12608312
899,28.38671217,-65.30769466,16480.35527,177.6828035,11.08219414,-60.13231309
899.1,28.38692756,-65.3091043,16398.61109,177.6822545,11.17270416,-60.13845601
899.2,28.38714258,-65.31051156,16316.65526,177.6818992,11.26370981,-60.14467297
899.3,28.38735721,-65.31191643,16234.48828,177.6812188,11.35509489,-60.15092754
899.4,28.38757144,-65.31331888,16152.11064,177.6808443,11.44697692,-60.15714693
899.5,28.38778528,-65.31471889,16069.52289,177.6805427,11.53929813,-60.16343223
899.6,28.38799872,-65.31611645,15986.72555,177.6789237,11.63205921,-60.16978748
899.7,28.38821176,-65.31751152,15903.7192,177.6789318,11.72526083,-60.1760991
899.8,28.3884244,-65.31890409,15820.50441,177.6777329,11.81890369,-60.18237102
899.9,28.38863663,-65.32029414,15737.0818,177.6782724,11.91298848,-60.18872498
900,28.38884845,-65.32168163,15653.452,177.6765784,12.0075745,-60.19518691
900.1,28.38905985,-65.32306656,15569.61564,177.6767407,12.10260392,-60.20162177
900.2,28.38927083,-65.32444888,15485.5734,177.6762381,12.19813611,-60.20805575
900.3,28.3894814,-65.3258286,15401.32597,177.6762662,12.29411323,-60.21458927
900.4,28.38969153,-65.32720566,15316.87407,177.6754366,12.39053603,-60.22099045
900.5,28.38990124,-65.32858007,15232.21842,177.6738075,12.48740528,-60.22749965
900.6,28.39011052,-65.32995178,15147.3598,177.6735285,12.58483917,-60.23416712
900.7,28.39031936,-65.33132078,15062.29899,177.6722527,12.68266244,-60.24069255
900.8,28.39052776,-65.33268704,14977.03679,177.672461,12.78105207,-60.24726779
900.9,28.39073572,-65.33405054,14891.57404,177.6721221,12.87989147,-60.25396981
901,28.39094323,-65.33541125,14805.91159,177.6712958,12.97918145,-60.26056617
901.1,28.3911503,-65.33676915,14720.05034,177.6703788,13.07898168,-60.26720363
901.2,28.3913569,-65.3381242,14633.99118,177.66944,13.17929308,-60.27388729
901.3,28.39156305,-65.3394764,14547.73506,177.668549,13.28011658,-60.2806223
901.4,28.39176874,-65.3408257,14461.28294,177.6674322,13.38139424,-60.28738931
901.5,28.39197396,-65.34217208,14374.63581,177.6664986,13.48318585,-60.29421771
901.6,28.39217871,-65.34351552,14287.79469,177.6658194,13.58549241,-60.30099384
901.7,28.39238299,-65.34485599,14200.76062,177.6640191,13.6883149,-60.30784188
901.8,28.39258679,-65.34619347,14113.53467,177.6640641,13.79165432,-60.31464811
901.9,28.39279011,-65.34752791,14026.11796,177.663133,13.8955117,-60.32165619
902,28.39299294,-65.34885931,13938.51161,177.6627463,13.99988807,-60.32851403
902.1,28.39319528,-65.35018763,13850.71679,177.6615301,14.10478448,-60.33546546
902.2,28.39339713,-65.35151283,13762.73469,177.6606403,14.2101429,-60.34248985
902.3,28.39359848,-65.35283491,13674.56655,177.6590647,14.31602346,-60.34937967
902.4,28.39379933,-65.35415382,13586.21361,177.6579544,14.42236809,-60.35647229
902.5,28.39399967,-65.35546953,13497.67718,177.6563042,14.52923702,-60.36356067
902.6,28.3941995,-65.35678202,13408.95856,177.655638,14.63663137,-60.37053065
902.7,28.39439881,-65.35809126,13320.0591,177.6545856,14.7445523,-60.37774726
902.8,28.3945976,-65.35939722,13230.98018,177.6536081,14.85306023,-60.38488455
902.9,28.39479587,-65.36069986,13141.72323,177.6520196,14.96203784,-60.39201304
903,28.39499361,-65.36199916,13052.28971,177.6521173,15.0716049,-60.39919414
903.1,28.39519082,-65.36329509,12962.6811,177.6507009,15.18170335,-60.40640613
903.2,28.39538749,-65.36458762,12872.89894,177.6492988,15.29233443,-60.41365502
903.3,28.39558362,-65.36587671,12782.9448,177.6483906,15.40355882,-60.42097571
903.4,28.3957792,-65.36716233,12692.82028,177.6462168,15.51531844,-60.4282255
903.5,28.39597422,-65.36844446,12602.52702,177.6447125,15.62767405,-60.43568081
903.6,28.3961687,-65.36972306,12512.06671,177.6435619,15.74056756,-60.44295734
903.7,28.39636261,-65.37099809,12421.44106,177.6432593,15.85405985,-60.45045301
903.8,28.39655595,-65.37226953,12330.65184,177.6405881,15.96809279,-60.45790347
903.9,28.39674872,-65.37353735,12239.70084,177.6403943,16.08272736,-60.46534526
904,28.39694092,-65.3748015,12148.58991,177.6384288,16.19796508,-60.47278545
904.1,28.39713254,-65.37606196,12057.32092,177.6376837,16.31380746,-60.48035232
904.2,28.39732357,-65.3773187,11965.89579,177.6349325,16.4301963,-60.487901
904.3,28.39751401,-65.37857168,11874.3165,177.6335889,16.54719286,-60.49546941
904.4,28.39770385,-65.37982086,11782.58504,177.6323031,16.6647987,-60.50318638
904.5,28.3978931,-65.38106621,11690.70347,177.631174,16.78301545,-60.51081656
904.6,28.39808174,-65.3823077,11598.67387,177.6288536,16.90184475,-60.51848889
904.7,28.39826977,-65.3835453,11506.49838,177.6268905,17.02128827,-60.52621101
904.8,28.39845718,-65.38477896,11414.17918,177.6253858,17.1413477,-60.53399069
904.9,28.39864397,-65.38600865,11321.71849,177.6244419,17.26202476,-60.54183576
905,28.39883013,-65.38723435,11229.11858,177.6231675,17.38338122,-60.54966536
905.1,28.39901567,-65.388456,11136.38177,177.6207644,17.50529884,-60.55754313
905.2,28.39920056,-65.38967358,11043.51042,177.6196941,17.62789951,-60.56542173
905.3,28.39938481,-65.39088705,10950.50695,177.6176408,17.75124537,-60.57346654
905.4,28.39956842,-65.39209637,10857.37393,177.615617,17.87563951,-60.58136954
905.5,28.39975138,-65.39330153,10764.11394,177.6142736,18.00114499,-60.58954676
905.6,28.39993368,-65.39450249,10670.72954,177.6123843,18.12758388,-60.59754011
905.7,28.40011532,-65.39569921,10577.22319,177.6101134,18.25495884,-60.60573025
905.8,28.4002963,-65.39689168,10483.59738,177.6076272,18.38327255,-60.61400727
905.9,28.4004766,-65.39807986,10389.85452,177.605572,18.51240689,-60.62218909
906,28.40065624,-65.39926372,10295.99706,177.604583,18.64242485,-60.63056949
906.1,28.4008352,-65.40044322,10202.0274,177.6028827,18.7732686,-60.63887787
906.2,28.40101347,-65.40161833,10107.94797,177.6001269,18.90488018,-60.6473357
906.3,28.40119106,-65.40278902,10013.76117,177.5984021,19.0373227,-60.65574408
906.4,28.40136796,-65.40395527,9919.469581,177.5964157,19.17059887,-60.66423842
906.5,28.40154415,-65.40511702,9825.076342,177.593817,19.3046507,-60.67266908
906.6,28.40171965,-65.40627423,9730.584759,177.5917716,19.43960236,-60.68124746
906.7,28.40189443,-65.40742687,9635.998165,177.589422,19.5753352,-60.68991005
906.8,28.40206849,-65.40857488,9541.31992,177.5874346,19.71191284,-60.69858308
906.9,28.40224184,-65.40971824,9446.553419,177.5840043,19.84927727,-60.70723981
907,28.40241445,-65.41085689,9351.702089,177.582699,19.98749231,-60.7160561
907.1,28.40258633,-65.41199079,9256.769394,177.5802639,20.12649997,-60.72488056
907.2,28.40275746,-65.4131199,9161.758839,177.5768545,20.26630318,-60.73372521
907.3,28.40292785,-65.41424417,9066.673964,177.575517,20.40690492,-60.74260224
907.4,28.40309748,-65.41536357,8971.518352,177.572075,20.54830821,-60.75152404
907.5,28.40326635,-65.41647804,8876.295627,177.5701231,20.69057739,-60.7605445
907.6,28.40343445,-65.41758755,8781.009453,177.5678412,20.83365445,-60.76963582
907.7,28.40360177,-65.41869204,8685.663539,177.5639483,20.9775426,-60.77868529
907.8,28.40376832,-65.41979148,8590.261631,177.5620552,21.1223065,-60.78787391
907.9,28.40393408,-65.42088583,8494.80752,177.5583304,21.26782666,-60.79700459
908,28.40409904,-65.42197503,8399.305039,177.5560701,21.4142909,-60.80634507
908.1,28.40426321,-65.42305905,8303.758059,177.5528873,21.5615798,-60.81557168
908.2,28.40442656,-65.42413783,8208.170495,177.5509714,21.70975851,-60.82499448
908.3,28.40458911,-65.42521135,8112.546302,177.548488,21.85876903,-60.83445795
908.4,28.40475083,-65.42627954,8016.889471,177.5447532,22.00867676,-60.84389404
908.5,28.40491173,-65.42734238,7921.204037,177.5414014,22.15948558,-60.85344477
908.6,28.4050718,-65.42839981,7825.494068,177.5386257,22.31119942,-60.8629987
908.7,28.40523102,-65.42945179,7729.763674,177.5351796,22.46382229,-60.87269872
908.8,28.4053894,-65.43049828,7634.016998,177.5327028,22.61735828,-60.88243359
908.9,28.40554693,-65.43153923,7538.258218,177.5285121,22.77181154,-60.89221936
909,28.4057036,-65.43257461,7442.491549,177.5263019,22.92724851,-60.90199172
909.1,28.40585941,-65.43360436,7346.721236,177.5234083,23.08367372,-60.91202429
909.2,28.40601435,-65.43462846,7250.951555,177.5194345,23.24102942,-60.92203113
909.3,28.40616841,-65.43564684,7155.186816,177.5166542,23.39938253,-60.93207753
909.4,28.40632158,-65.43665947,7059.431355,177.5124128,23.55873781,-60.94218184
909.5,28.40647387,-65.43766632,6963.689535,177.5083805,23.71910015,-60.95236275
909.6,28.40662526,-65.43866733,6867.965747,177.5054257,23.88053717,-60.96268928
909.7,28.40677575,-65.43966246,6772.264405,177.5010754,24.04292869,-60.97308137
909.8,28.40692533,-65.44065168,6676.589945,177.4989314,24.20646809,-60.98345111
909.9,28.407074,-65.44163494,6580.946826,177.4936443,24.37103532,-60.99397695
910,28.40722174,-65.44261219,6485.339525,177.4904319,24.53669872,-61.00460143
910.1,28.40736857,-65.44358341,6389.772536,177.4873399,24.70352708,-61.01526859
910.2,28.40751446,-65.44454855,6294.250368,177.4825453,24.87146334,-61.02607904
910.3,28.40765941,-65.44550756,6198.777545,177.4791941,25.04051345,-61.03692493
910.4,28.40780342,-65.44646042,6103.358602,177.4745983,25.21081014,-61.04793657
910.5,28.40794647,-65.44740707,6007.998082,177.4705789,25.38223331,-61.0589002
910.6,28.40808858,-65.44834748,5912.700536,177.4659153,25.5549163,-61.07007982
910.7,28.40822972,-65.44928161,5817.470521,177.4616693,25.72880251,-61.08131563
910.8,28.4083699,-65.45020943,5722.312595,177.458103,25.90402622,-61.09261339
910.9,28.4085091,-65.45113089,5627.231317,177.4527181,26.08046744,-61.10402057
911,28.40864733,-65.45204595,5532.231244,177.4486796,26.25826111,-61.11567806
911.1,28.40878457,-65.45295459,5437.316927,177.4434687,26.43741516,-61.12735148
911.2,28.40892083,-65.45385675,5342.492913,177.4395955,26.61800176,-61.13912892
911.3,28.40905609,-65.45475242,5247.763735,177.434557,26.7999011,-61.1509249
911.4,28.40919036,-65.45564153,5153.133918,177.4294587,26.98331422,-61.16294728
911.5,28.40932361,-65.45652408,5058.607968,177.4239743,27.16818599,-61.17517157
911.6,28.40945586,-65.4574,4964.190375,177.4192412,27.35459009,-61.18742538
911.7,28.4095871,-65.45826928,4869.885608,177.4142477,27.54253621,-61.19974439
911.8,28.40971731,-65.45913188,4775.698112,177.408742,27.73209902,-61.21236152
911.9,28.4098465,-65.45998776,4681.632304,177.4031777,27.92328903,-61.22504767
912,28.40997467,-65.46083688,4587.692573,177.3987792,28.11618195,-61.23790565
912.1,28.41010179,-65.46167922,4493.883273,177.3931713,28.31078915,-61.25084279
912.2,28.41022788,-65.46251474,4400.208723,177.3861965,28.50718749,-61.26396653
912.3,28.41035292,-65.46334341,4306.673201,177.3805909,28.70545459,-61.2772523
912.4,28.41047692,-65.4641652,4213.280943,177.3754761,28.90560344,-61.29074864
912.5,28.41059986,-65.46498006,4120.036137,177.3693507,29.10771295,-61.30429899
912.6,28.41072174,-65.46578798,4026.942922,177.362808,29.31179717,-61.31809181
912.7,28.41084256,-65.46658891,3934.005383,177.3560189,29.51806807,-61.33211121
912.8,28.41096231,-65.46738283,3841.227544,177.3502728,29.72647571,-61.34634868
912.9,28.41108099,-65.46816971,3748.613372,177.3427788,29.93710227,-61.36079599
913,28.4111986,-65.4689495,3656.166763,177.3358966,30.15009719,-61.37538067
913.1,28.41131512,-65.4697222,3563.891547,177.3289604,30.36547877,-61.39017051
913.2,28.41143055,-65.47048775,3471.791476,177.3215793,30.58339892,-61.40524072
913.3,28.4115449,-65.47124613,3379.870225,177.3148626,30.80401132,-61.42067409
913.4,28.41165815,-65.47199731,3288.131384,177.3074311,31.02727091,-61.43619985
913.5,28.41177031,-65.47274125,3196.578453,177.2999249,31.25340075,-61.45198267
913.6,28.41188136,-65.47347793,3105.214838,177.292227,31.48255938,-61.46826425
913.7,28.4119913,-65.47420731,3014.043846,177.2834305,31.71484004,-61.48465608
913.8,28.41210013,-65.47492937,2923.068677,177.2755293,31.95033756,-61.50133632
913.9,28.41220784,-65.47564406,2832.292458,177.2661534,32.18935145,-61.51844257
914,28.41231442,-65.47635135,2741.719585,177.2583951,32.43204935,-61.53582752
914.1,28.41241988,-65.47705118,2651.356431,177.2492609,32.67866956,-61.55371781
914.2,28.41252419,-65.4777435,2561.209361,177.2392421,32.92938567,-61.5718444
914.3,28.41262736,-65.47842825,2471.284551,177.2303026,33.18457963,-61.59048124
914.4,28.41272937,-65.47910537,2381.587977,177.2204139,33.44443295,-61.60953125
914.5,28.41283021,-65.4797748,2292.125411,177.2095676,33.70926837,-61.62907824
914.6,28.41292988,-65.48043648,2202.902403,177.1989208,33.97948312,-61.6491681
914.7,28.41302836,-65.48109034,2113.924279,177.1889319,34.25541182,-61.66978477
914.8,28.41312565,-65.48173633,2025.196123,177.1770329,34.53746488,-61.69102364
914.9,28.41322174,-65.48237436,1936.722763,177.1647631,34.8261302,-61.71280557
915,28.41331661,-65.48300439,1848.508759,177.1534463,35.12176487,-61.73534493
915.1,28.41341026,-65.48362632,1760.558398,177.1392453,35.42494489,-61.7585733
915.2,28.41350267,-65.48424008,1672.875676,177.1254321,35.7363287,-61.78255945
915.3,28.41359384,-65.4848456,1585.464266,177.1118359,36.05680142,-61.80756406
915.4,28.41368374,-65.48544278,1498.327485,177.0969421,36.38712479,-61.83342633
915.5,28.41377237,-65.48603155,1411.468252,177.0823462,36.72843628,-61.86039647
915.6,28.41385971,-65.48661179,1324.889,177.0654064,37.08211566,-61.88852514
915.7,28.41394574,-65.48718341,1238.591562,177.0469092,37.44972099,-61.91804517
915.8,28.41403046,-65.48774627,1152.577195,177.028532,37.83299648,-61.94909679
915.9,28.41411383,-65.48830026,1066.846516,177.0094725,38.23410042,-61.98192684
916,28.41419584,-65.48884523,981.399415,176.9893219,38.65576929,-62.01686505
916.1,28.41427646,-65.489381,896.2349318,176.9667208,39.10119551,-62.05403904
916.2,28.41435566,-65.4899074,811.3511285,176.9418544,39.57442546,-62.09404302
916.3,28.41443341,-65.4904242,726.7449064,176.9147427,40.08152892,-62.1373544
916.4,28.41450968,-65.49093116,642.4117039,176.8834182,40.6307035,-62.1848891
916.5,28.41458442,-65.49142796,558.3450527,176.8511795,41.23378392,-62.23788457
916.6,28.41465757,-65.49191423,474.5359581,176.8097676,41.9084254,-62.29788987
916.7,28.41472905,-65.49238947,390.9716572,176.7643392,42.68451313,-62.36799071
916.8,28.41479878,-65.49285303,307.6339799,176.7074754,43.61285476,-62.45341495
916.9,28.4148666,-65.49330394,224.496709,176.6319062,44.77939621,-62.56323491
917,28.41493232,-65.49374089,141.5245228,176.5449125,46.015855,-62.68786213
917.1,28.41499574,-65.49416254,58.69059313,176.4397396,47.24278287,-62.83422131
917.1709469,28.41503925,-65.49445183,0,176.2903444,48.10673127,-63.04799919
